job_id,skill,title,category,city,esco_uri,esco_label,match_method
0112ac82-d16e-449b-8ae0-17e5bb874829,Digitalisering,Vil du være med å styrke vår informasjonsforvaltning? ,Not classified,LØRENSKOG,http://data.europa.eu/esco/skill/aa0d8201-5a8e-417f-81f4-c04601139582,digitalisering,exact
6470b8a9-c494-4fbf-aff8-d4f0ad7dcea5,Dataanalyse,Vil du være med på å forme fremtidens forsvarssystemer?,Not classified,KONGSBERG,http://data.europa.eu/esco/skill/97bd1c21-66b2-4b7e-ad0f-e3cda590e378,dataanalyse,exact
a7f14e17-504c-4407-94c6-c24ab9096410,Hjelpemidler,Fysioterapeut til barn og unge,"Fysioterapeut, Fysioterapeut, Fysioterapeuter",DRAMMEN,http://data.europa.eu/esco/skill/8759c352-8b00-498f-985a-935f13e1b043,hjelpemidler,exact
a855c793-cccc-45ea-ab42-b3506dcbfd92,IT,Har du lyst til å bidra til å utvikle Forsvarets styringsløsninger?,Not classified,OSLO,http://data.europa.eu/esco/skill/ddc3119d-1d6e-4324-9125-a3380d299ac5,IT,exact
a855c793-cccc-45ea-ab42-b3506dcbfd92,SAP,Har du lyst til å bidra til å utvikle Forsvarets styringsløsninger?,Not classified,OSLO,http://data.europa.eu/esco/skill/f8e3425c-fe44-4ffb-bafe-0e20d91dadf4,SAP,exact
c075b7d8-8703-4403-9e30-94b1081429d8,Krypto,Ønsker du å jobbe med kryptoforvaltning?,Not classified,KOLSÅS,http://data.europa.eu/esco/skill/2174c1b0-e13c-4850-8e4d-2bc6183018bf,krypto,exact
d2a1afdd-ffaa-4b73-8a8e-0f97c1710cdd,Dataanalyse,Rådgiver/seniorrådgiver strategi,Not classified,OSLO,http://data.europa.eu/esco/skill/97bd1c21-66b2-4b7e-ad0f-e3cda590e378,dataanalyse,exact
d2a1afdd-ffaa-4b73-8a8e-0f97c1710cdd,Kvantitativ analyse,Rådgiver/seniorrådgiver strategi,Not classified,OSLO,http://data.europa.eu/esco/skill/6360a934-cc87-4954-9656-b32db20592e3,kvantitativ analyse,exact
daca1d3c-d0fe-470b-a075-3b9cfe3b455b,Hjelpemidler,Vi søker etter,"Ergoterapeut, Ergoterapeut, Ergoterapeuter",TØNSBERG,http://data.europa.eu/esco/skill/8759c352-8b00-498f-985a-935f13e1b043,hjelpemidler,exact
e811c6e2-f4bd-46dc-9502-a10911568299,Elektronikk,Vi søker dyktige elektroressurser - bli med og forme fremtiden i et inkluderende ingeniørmiljø,"Arealplanlegger, Arealplanlegger, Arealplanleggere",KONGSBERG,http://data.europa.eu/esco/skill/95c35c3a-035f-47c2-90cf-7e934d20fc08,elektronikk,exact
ecf23cc5-ca4e-45de-b693-abd78657f303,Signalbehandling,Nasjonal sikkerhetsmyndighet søker ingeniør for test av elektromagnetisk stråling (TEMPEST),"Tester av fartøysmotorer, Tester av fartøysmotorer, Maskiningeniører",FORNEBU,http://data.europa.eu/esco/skill/cfa2be0d-96d5-4017-a866-962efb9c5070,signalbehandling,exact
890ec532-b3aa-462f-b208-4792ecca7ad8,Smidig,Vi søker en erfaren Scrum Master!,"Ledere av IKT-enheter, Scrum Master, Scrum Master",BERGEN,http://data.europa.eu/esco/skill/bec4359e-cb92-468f-a997-8fb28e32fba9,smidig,exact
8a8a6641-2f24-41dc-ad9e-5587cbfb40da,Elektronikk,Shop Assistant,"Butikkmedarbeidere, Butikkmedarbeidere, salgsassistent, Butikkmedarbeider, Kundeservicemedarbeider (salg)",STEINKJER,http://data.europa.eu/esco/skill/95c35c3a-035f-47c2-90cf-7e934d20fc08,elektronikk,exact
8e62a09d-fe99-4c45-b6c1-fda6458bda5f,Adobe Creative Cloud,Vil du være med og forme hvordan en av Norges største merkevarer kommuniserer med bruk av video og motion?,"Regissører, Produsent, Produsent",OSLO,http://data.europa.eu/esco/skill/719d8699-a221-4b5a-8fc3-68a8645cbe03,Adobe Creative Cloud,exact
8ac09822-887f-4c0c-a9b3-8f5c5891c547,Maskinlæring,KI-utvikler,"Politiinspektør, Politiinspektør, Politibetjenter mv.",TRONDHEIM,http://data.europa.eu/esco/skill/3a2d5b45-56e4-4f5a-a55a-4a4a65afdc43,maskinlæring,exact
8ac09822-887f-4c0c-a9b3-8f5c5891c547,Python,KI-utvikler,"Politiinspektør, Politiinspektør, Politibetjenter mv.",TRONDHEIM,http://data.europa.eu/esco/skill/ccd0a1d9-afda-43d9-b901-96344886e14d,Python,exact
955a6cf4-4618-4d6b-899d-97c6abca6f6a,Digitalisering,Vil du forme fremtidens Juristforbund?,"Andre ledere av produksjon og tjenesteyting, avdelingsleder, Avdelingsleder",OSLO,http://data.europa.eu/esco/skill/aa0d8201-5a8e-417f-81f4-c04601139582,digitalisering,exact
0a1cf5b8-f771-4b41-90ee-d116e74803e6,GDPR,Legal Counsel -- tett på forretningen i et nordisk teknologikonsern i utvikling,"Jurister og advokater, Jurister og advokater, advokat, Bedriftsjurist, Advokat",OSLO,http://data.europa.eu/esco/skill/d3e9b00a-0891-4fa8-836d-8240ec3d2758,GDPR,exact
0a1cf5b8-f771-4b41-90ee-d116e74803e6,IT Security,Legal Counsel -- tett på forretningen i et nordisk teknologikonsern i utvikling,"Jurister og advokater, Jurister og advokater, advokat, Bedriftsjurist, Advokat",OSLO,http://data.europa.eu/esco/skill/8088750d-8388-4170-a76f-48354c469c44,IT security,exact
07350979-7266-4744-bf9c-f9c551970aa4,IT,Onitio søker kommersielt sterk Account Executive,"Salgskonsulenter innen tekniske og medisinske produkter, Ettersalgsansvarlig, Ettersalgsansvarlig",OSLO,http://data.europa.eu/esco/skill/ddc3119d-1d6e-4324-9125-a3380d299ac5,IT,exact
0d0fb5d2-5dd3-4504-8944-3da596bebc16,Digitalisering,Er du klar til å lede og videreutvikle hvordan vi jobber med vekt og estimering i en digital fremtid?,"Personalsjefer, Personalsjef, Personalsjef",STAVANGER,http://data.europa.eu/esco/skill/aa0d8201-5a8e-417f-81f4-c04601139582,digitalisering,exact
487d2d6a-6f63-4ebe-b58f-73d1235c4d57,Sem,Bli vår nye HR-konsulent i Adecco Vestfold og Telemark,"Personal- og karriererådgivere, Personalkonsulent, Personalkonsulent",SEM,http://data.europa.eu/esco/skill/eda4d727-4374-49af-ace4-118c7c906835,SEM,exact
07c144ef-ae8d-4de8-a921-ade3fb0c02fc,Elektronikk,Teknisk konsulent - Service tekniker søkes,"Andre ingeniører, Bilmekanikere, Serviceelektronikere, Automatikere, automasjonsingeniør, Teknisk rådgiver, Mekanikere for elektriske kjøretøy, Elektronikkinstallatør, kjøretøy, Automatiker",OSLO,http://data.europa.eu/esco/skill/95c35c3a-035f-47c2-90cf-7e934d20fc08,elektronikk,exact
145e0f81-5bf3-4d64-a0d0-1f528e475a7d,Informasjonssikkerhet,Seniorrådgiver teknologi,Not classified,OSLO,http://data.europa.eu/esco/skill/8088750d-8388-4170-a76f-48354c469c44,informasjonssikkerhet,exact
145e0f81-5bf3-4d64-a0d0-1f528e475a7d,Informatikk,Seniorrådgiver teknologi,Not classified,OSLO,http://data.europa.eu/esco/skill/7b5cce4d-c7fe-4119-b48f-70aa05391787,informatikk,exact
310d7b19-9ab0-4b2a-91bd-372437af5bc0,SAP,Ønsker du en spennende jobb i et internasjonalt prosjektmiljø?,"Prosjektkoordinator skipsteknikk og -systemer, Prosjektkoordinator skipsteknikk og -systemer, Sivilingeniører (maskin- og marinteknikk)",BERGEN,http://data.europa.eu/esco/skill/f8e3425c-fe44-4ffb-bafe-0e20d91dadf4,SAP,exact
56330d06-3e0d-486e-b42b-3d366916b745,Maskinlæring,Dataanalytiker,"Dataanalytiker, Dataanalytiker, Systemanalytikere/-arkitekter",OSLO,http://data.europa.eu/esco/skill/3a2d5b45-56e4-4f5a-a55a-4a4a65afdc43,maskinlæring,exact
56330d06-3e0d-486e-b42b-3d366916b745,Python,Dataanalytiker,"Dataanalytiker, Dataanalytiker, Systemanalytikere/-arkitekter",OSLO,http://data.europa.eu/esco/skill/ccd0a1d9-afda-43d9-b901-96344886e14d,Python,exact
7a59c24e-03b4-4dcc-8389-afc1f43ae4c3,cybersikkerhet,Vil styrke arbeidet med sikkerhet knyttet til kunstig intelligens?,"Seniorkonsulent data, Seniorkonsulent data, Systemanalytikere/-arkitekter",OSLO,http://data.europa.eu/esco/skill/8088750d-8388-4170-a76f-48354c469c44,cybersikkerhet,exact
b0a54bdd-d542-4838-91b1-7e10bd45bb2a,GIS,Vil du bidra til å sikre samfunnskritisk infrastruktur i Arktis?,"Prosjektingeniør (vann- og avløp), Prosjektingeniør (vann- og avløp), Sivilingeniører (bygg og anlegg)",LONGYEARBYEN,http://data.europa.eu/esco/skill/377861af-f966-4c87-a2db-7e99904312b9,gis,exact
d222b25c-1a14-4a1f-bdf6-2fb3f4aaf198,Digitalisering,Kan du gi over 50 virksomheter et felles språk? ,Not classified,OSLO,http://data.europa.eu/esco/skill/aa0d8201-5a8e-417f-81f4-c04601139582,digitalisering,exact
9b3ce7f9-cc5f-42bb-ba3f-f5a0dadf1a96,Elektronikk,Kjell & Co Tromsø søker butikksjef!,"Butikksjef, Butikksjef, Varehandelssjefer",TROMSØ,http://data.europa.eu/esco/skill/95c35c3a-035f-47c2-90cf-7e934d20fc08,elektronikk,exact
d683be55-4a74-4461-8e76-e875ec81fe35,Digitalisering,Fullstack-utvikler digitale løsninger,"Full-stack-utvikler, Full-stack-utvikler, Programvareutviklere",DRAMMEN,http://data.europa.eu/esco/skill/aa0d8201-5a8e-417f-81f4-c04601139582,digitalisering,exact
7f189b28-8d13-4561-a3fe-ffdf17841a49,Systemdesign,Electromechanical System Engineer- CARGOSCAN,"Sivilingeniører (elkraftteknikk);, Ingeniør, elektromekanikk, Maskiningeniører, Maskiningeniør, Elektronikkingeniører, Elektroingeniør, Elektronikkingeniører, Mekatronikkingeniør, ingeniør, mekatronikk",OSLO,http://data.europa.eu/esco/skill/fae27053-8924-4bfd-b565-c9fe502044c9,systemdesign,exact
c8d8037f-91e0-40bd-b23c-d852ec75c3f1,Tekniske tegninger,Industrimekaniker og CNC Operatør,"Anleggsmaskin- og industrimekanikere, Industrimekaniker, Verktøymaker, låsesmeder mv., CNC-operatør, operatør av CNC-maskin",EIKEN,http://data.europa.eu/esco/skill/59ea80e1-463a-4dba-82c6-d0b6d577d532,tekniske tegninger,exact
8085b76b-8868-4cbb-9c19-94e1ca28ae23,Digitalisering,Salgsrådgiver innen produksjonsplanlegging og digitalisering,"Salgsrepresentant, Selgere (engros), Selgere (engros);, Salgsrådgiver, Selgere (engros), Sivilingeniører (industri og produksjon);, Produksjonsplanleggingsingeniør",LARVIK,http://data.europa.eu/esco/skill/aa0d8201-5a8e-417f-81f4-c04601139582,digitalisering,exact
ad469f72-cdae-4435-b312-87f7fdf004bc,NOC,Network Operations Center Specialist,"Brukerstøtte, IKT, IT Support Specialist, Nettverksansvarlige, NOC Tekniker, Driftsteknikere, IKT, IKT-tekniker, IKT-tekniker",GLOMFJORD,http://data.europa.eu/esco/skill/9d2e926f-53d9-41f5-98f3-19dfaa687f3f,NOC,exact
8acb051b-aa0f-45b9-b2e9-80a9fcd4cb5f,IT,Produkteier (Product Owner),"Produkteier, Produkteier, Ledere av IKT-enheter, Product Owner",LILLEHAMMER,http://data.europa.eu/esco/skill/ddc3119d-1d6e-4324-9125-a3380d299ac5,IT,exact
cb0653f4-bd64-402a-912c-b1d919dce09a,SaaS,Trigges du av å skape vekst gjennom å bygge nye kundeforhold?,"Salgskonsulent, Salgskonsulent, Selgere (engros)",HAMAR,http://data.europa.eu/esco/skill/83218cac-3599-417e-93d2-26013cdccd98,SaaS,exact
9ecc1a40-81bf-4c38-9390-c4bcaeeeb09a,Digital sikkerhet,"Vil du bruke teknologi og KI på nye måter, og faktisk gjøre norske skoler tryggere mens du gjør det?","Systemutvikler, Systemutvikler, Systemanalytikere/-arkitekter",TRONDHEIM,http://data.europa.eu/esco/skill/8088750d-8388-4170-a76f-48354c469c44,digital sikkerhet,exact
9ecc1a40-81bf-4c38-9390-c4bcaeeeb09a,IT-sikkerhet,"Vil du bruke teknologi og KI på nye måter, og faktisk gjøre norske skoler tryggere mens du gjør det?","Systemutvikler, Systemutvikler, Systemanalytikere/-arkitekter",TRONDHEIM,http://data.europa.eu/esco/skill/8088750d-8388-4170-a76f-48354c469c44,IT-sikkerhet,exact
9ecc1a40-81bf-4c38-9390-c4bcaeeeb09a,Informasjonssikkerhet,"Vil du bruke teknologi og KI på nye måter, og faktisk gjøre norske skoler tryggere mens du gjør det?","Systemutvikler, Systemutvikler, Systemanalytikere/-arkitekter",TRONDHEIM,http://data.europa.eu/esco/skill/8088750d-8388-4170-a76f-48354c469c44,informasjonssikkerhet,exact
ecda1926-81a3-40ff-9d03-5f59e34b77dd,Dataanalyse,"Er du nyutdannet aktuar, statistiker eller matematiker - og vil bruke modeller til å løse reelle problemer?","Aktuar, Matematikere, statistikere mv., Matematikere, statistikere mv., Statistiker, Matematikere, statistikere mv., Matematiker, matematiker",OSLO,http://data.europa.eu/esco/skill/97bd1c21-66b2-4b7e-ad0f-e3cda590e378,dataanalyse,exact
ecda1926-81a3-40ff-9d03-5f59e34b77dd,Python,"Er du nyutdannet aktuar, statistiker eller matematiker - og vil bruke modeller til å løse reelle problemer?","Aktuar, Matematikere, statistikere mv., Matematikere, statistikere mv., Statistiker, Matematikere, statistikere mv., Matematiker, matematiker",OSLO,http://data.europa.eu/esco/skill/ccd0a1d9-afda-43d9-b901-96344886e14d,Python,exact
ecda1926-81a3-40ff-9d03-5f59e34b77dd,R,"Er du nyutdannet aktuar, statistiker eller matematiker - og vil bruke modeller til å løse reelle problemer?","Aktuar, Matematikere, statistikere mv., Matematikere, statistikere mv., Statistiker, Matematikere, statistikere mv., Matematiker, matematiker",OSLO,http://data.europa.eu/esco/skill/51586df8-1c46-4b47-8583-773cb63bf00b,R,exact
fba67035-1381-41a8-8d9c-a2ca7a17ca57,NOC,Network Operation Center Manager,"Call Center Manager, Call Center Manager, Arbeidsledere for kontorpersonell",GLOMFJORD,http://data.europa.eu/esco/skill/9d2e926f-53d9-41f5-98f3-19dfaa687f3f,NOC,exact
0edca5b2-47a1-4291-91da-5879fd3bb162,SAP,"Fagarbeider, Industrimekaniker","Industrimekaniker, Industrimekaniker, Anleggsmaskin- og industrimekanikere",MO I RANA,http://data.europa.eu/esco/skill/f8e3425c-fe44-4ffb-bafe-0e20d91dadf4,SAP,exact
5b733614-d999-4d14-a425-a0ae31e64583,Maskinlæring,AI Engineer / Head of AI,"Applikasjonsprogrammerere, Systemanalytikere/-arkitekter, utvikler av IKT-intelligenssystemer, EAI Ingeniør, Spesialist kunstig intelligens",OSLO,http://data.europa.eu/esco/skill/3a2d5b45-56e4-4f5a-a55a-4a4a65afdc43,maskinlæring,exact
5b733614-d999-4d14-a425-a0ae31e64583,Python,AI Engineer / Head of AI,"Applikasjonsprogrammerere, Systemanalytikere/-arkitekter, utvikler av IKT-intelligenssystemer, EAI Ingeniør, Spesialist kunstig intelligens",OSLO,http://data.europa.eu/esco/skill/ccd0a1d9-afda-43d9-b901-96344886e14d,Python,exact
5b733614-d999-4d14-a425-a0ae31e64583,SaaS,AI Engineer / Head of AI,"Applikasjonsprogrammerere, Systemanalytikere/-arkitekter, utvikler av IKT-intelligenssystemer, EAI Ingeniør, Spesialist kunstig intelligens",OSLO,http://data.europa.eu/esco/skill/83218cac-3599-417e-93d2-26013cdccd98,SaaS,exact
97e6552d-ab60-4066-bee9-da8fafb59155,SAP,Ta ansvar for kjernesystemene i en av Norges største helseaktører,"Ledere av IKT-enheter, SAP Process Manager, IKT-driftsleder",OSLO,http://data.europa.eu/esco/skill/f8e3425c-fe44-4ffb-bafe-0e20d91dadf4,SAP,exact
d3be5de4-3874-4bd1-a226-c1876117d006,iOS,Er du en løsningsorientert IT-profesjonell som trives med varierte utfordringer og god service?,"Overingeniør IT, Sivilingeniører (elektronikk), Systemanalytikere/-arkitekter, IT-ingeniør, dataingeniør",OSLO,http://data.europa.eu/esco/skill/ce26e71f-2d47-474e-89b6-7920931ac4fc,iOS,exact
e25dcc7f-a537-46ca-9e8a-1a1221439d81,SAP,Are you ready to shape the future of internal logistics at ABB?,"Logistikkansvarlig, Logistikkansvarlig, Ledere av logistikk og transport mv.",SKIEN,http://data.europa.eu/esco/skill/f8e3425c-fe44-4ffb-bafe-0e20d91dadf4,SAP,exact
b2933f50-b97c-4066-a062-910aafff90bf,IT,IT-medarbeidar,"IT-medarbeider, IT-medarbeider, Driftsteknikere, IKT",STORD,http://data.europa.eu/esco/skill/ddc3119d-1d6e-4324-9125-a3380d299ac5,IT,exact
80f37475-478f-4c68-b754-6c29d6028941,Elektronikk,Power Strømmen søker deltidsselgere!,"Selger, Selger, Butikkmedarbeidere",STRØMMEN,http://data.europa.eu/esco/skill/95c35c3a-035f-47c2-90cf-7e934d20fc08,elektronikk,exact
cbb6691f-3c81-466c-8cf0-f9840efbc83b,hjelpemidler,BPA søkes til mann i Trondheim!,"Brukerstyrt personlig assistent (BPA), Brukerstyrt personlig assistent (BPA), Hjemmehjelper",TRONDHEIM,http://data.europa.eu/esco/skill/8759c352-8b00-498f-985a-935f13e1b043,hjelpemidler,exact
ab896fe2-ec37-4e02-b97f-8baeef2e53d9,Data engineering,Business Systems Developer,"Systemutvikler, Systemanalytikere/-arkitekter, Systemanalytikere/-arkitekter, Business Intelligence Developer, forsker innen datavitenskap",TROMSØ,http://data.europa.eu/esco/skill/48db96bf-3314-45c6-bad8-fdb6e20e5639,data engineering,exact
dacb7f55-b58e-4f9a-b897-e43ee485a415,DevOps,Senior Backend-utvikler - Betjent Salg,"Programvareutviklere, Senior Backendutvikler, Senior Backendutvikler",OSLO,http://data.europa.eu/esco/skill/f0de4973-0a70-4644-8fd4-3a97080476f4,DevOps,exact
dacb7f55-b58e-4f9a-b897-e43ee485a415,IT,Senior Backend-utvikler - Betjent Salg,"Programvareutviklere, Senior Backendutvikler, Senior Backendutvikler",OSLO,http://data.europa.eu/esco/skill/ddc3119d-1d6e-4324-9125-a3380d299ac5,IT,exact
dacb7f55-b58e-4f9a-b897-e43ee485a415,Java,Senior Backend-utvikler - Betjent Salg,"Programvareutviklere, Senior Backendutvikler, Senior Backendutvikler",OSLO,http://data.europa.eu/esco/skill/19a8293b-8e95-4de3-983f-77484079c389,Java,exact
0e391e07-48b4-49c2-a2cb-9fbb7a4f936d,Elektronikk,POWER søker serviceinnstilt og engasjert Selger!,"Butikkmedarbeidere, Selger, Selger",BODØ,http://data.europa.eu/esco/skill/95c35c3a-035f-47c2-90cf-7e934d20fc08,elektronikk,exact
b0b3647c-8371-412b-98e0-722ea3ac8b87,SAP,Vi søker en regnskapsfører til et spennende oppdrag!,"Regnskapsfører, Regnskapsfører, Regnskapsførere",KONGSBERG,http://data.europa.eu/esco/skill/f8e3425c-fe44-4ffb-bafe-0e20d91dadf4,SAP,exact
c68f241d-eb79-4a5b-ae17-5f2aa95fe071,Tekniske tegninger,"Bergen: Experienced concrete workers wanted – Immediate start, excellent pay","Betongarbeidere, Betongarbeider, betongarbeider",BERGEN,http://data.europa.eu/esco/skill/59ea80e1-463a-4dba-82c6-d0b6d577d532,tekniske tegninger,exact
7dd0bc52-ca52-4932-9bef-061f0b2c77e8,Elektronikk,Har du elektronikkompetanse og interesse for komplekse systemer?,"Elektronikkingeniører, Testingeniør elektronikk og telekommunikasjon, Elektronikkingeniører",KOLSÅS,http://data.europa.eu/esco/skill/95c35c3a-035f-47c2-90cf-7e934d20fc08,elektronikk,exact
7dd0bc52-ca52-4932-9bef-061f0b2c77e8,Krypto,Har du elektronikkompetanse og interesse for komplekse systemer?,"Elektronikkingeniører, Testingeniør elektronikk og telekommunikasjon, Elektronikkingeniører",KOLSÅS,http://data.europa.eu/esco/skill/2174c1b0-e13c-4850-8e4d-2bc6183018bf,krypto,exact
9142128c-8371-46f5-9869-f3e1ebd8fd89,GIS,Lyst på en spennende jobb på Smøla?,"Arealplanlegger, Arealplanlegger, Arealplanleggere",SMØLA,http://data.europa.eu/esco/skill/377861af-f966-4c87-a2db-7e99904312b9,gis,exact
b691df89-bb1b-40c5-9256-e2f0f3219b15,BIM,Planleggings eller prosjekteringsleder,"Ledere av bygge- og anleggsvirksomhet, Prosjekteringsleder bygg og anlegg, Strategi- og planleggingssjefer, Planleggingsleder, Strategi- og planleggingssjefer",KRISTIANSAND S,http://data.europa.eu/esco/skill/fae7e545-5114-43cc-8e83-178e2549ecb9,bim,exact
c272bcb5-2105-4581-a557-d8aa94fa06ce,GIS,Vil du bruke geodata til å utvikle framtidens fylkesveier i Agder?,"Geo Data analyst, Geo Data analyst, Landmålere, kartografer mv.",KRISTIANSAND S,http://data.europa.eu/esco/skill/377861af-f966-4c87-a2db-7e99904312b9,gis,exact
c900cd1b-1816-42dd-8ef6-1d428068dc42,Digitalisering,Vil du bidra til å løfte våre analoge arkiver inn i en heldigital fremtid?   ,"Kontormedarbeidere, Senior dokumentasjonsforvalter, Kontormedarbeidere",OSLO,http://data.europa.eu/esco/skill/aa0d8201-5a8e-417f-81f4-c04601139582,digitalisering,exact
71b4026d-beec-462a-b34e-c692efaf2113,Maskinlæring,"Join Team TechnipFMC - Senior Product Engineer - Condition and Performance Monitoring, Autonomous Diagnostics","Sivilingeniører (elektronikk);, Dataingeniør, Programvareutviklere, Programmerer, programvareutvikler, Andre sivilingeniører (unntatt elektroteknologi);, Applikasjonsingeniør",KONGSBERG,http://data.europa.eu/esco/skill/3a2d5b45-56e4-4f5a-a55a-4a4a65afdc43,maskinlæring,exact
f31625b5-5e43-40ed-88f9-fcbe4fe1f7b2,Maskinlæring,"Join Team TechnipFMC - Product Engineer - Condition and Performance Monitoring, Autonomous Diagnostics","Sivilingeniører (industri og produksjon);, Produktingeniør, tekniker innen produktutvikling",KONGSBERG,http://data.europa.eu/esco/skill/3a2d5b45-56e4-4f5a-a55a-4a4a65afdc43,maskinlæring,exact
dd80d45f-3278-4e14-9d5e-55c07cb30daa,IT,Har du erfaring med IT-support?,"IT Support, IT Support, Brukerstøttere, IKT",KONGSBERG,http://data.europa.eu/esco/skill/ddc3119d-1d6e-4324-9125-a3380d299ac5,IT,exact
665ac6e0-4e66-40ec-a6b6-31ba76f1e3dc,Tekniske tegninger,"Erfarne forskalingssnekkere, jernbindere og betongarbeidere søkes","Betongarbeider, Betongarbeider, Betongarbeidere, Betongarbeidere, Forskalingssnekker bygg, Betongarbeidere, Jernbinder",LØRENSKOG,http://data.europa.eu/esco/skill/59ea80e1-463a-4dba-82c6-d0b6d577d532,tekniske tegninger,exact
3dc17561-d146-4f3d-8763-a9ad8c8d09a6,Informasjonsarkitektur,Har du bred kunnskap og erfaring med masterdata management?,"Andre programvare- og applikasjonsutviklere, Kvalitetsanalytiker datamaskiner, Systemanalytikere/-arkitekter, IT arkitekt, Organisasjonsrådgivere mv., Analytiker Forretningsprosesser, forretningsanalytiker",OSLO,http://data.europa.eu/esco/skill/1bba98a7-92b9-450b-9235-e0c905f8f3c4,informasjonsarkitektur,exact
f8a5d0f2-133a-4448-a435-eccc323b84c4,Digitalisering,Virksomhetsarkitekt for Tog,"Instruktør for tog- eller sporveisførere, Yrkesfaglærere",OSLO,http://data.europa.eu/esco/skill/aa0d8201-5a8e-417f-81f4-c04601139582,digitalisering,exact
f4829196-0872-4dac-a29a-bef7e3a44d55,Tekniske tegninger,Er du vår nye Platearbeider/Sveiser?,"Platearbeider, Platearbeidere, Sveisere, Sveiser, sveiser",SANDNES,http://data.europa.eu/esco/skill/59ea80e1-463a-4dba-82c6-d0b6d577d532,tekniske tegninger,exact
73ad37e7-1c61-43c3-b6c1-2c4cccfc73f2,BIM,BIM rådgiver,"BIM-rådgiver, BIM-rådgiver, Sivilingeniører (bygg og anlegg)",SKIEN,http://data.europa.eu/esco/skill/fae7e545-5114-43cc-8e83-178e2549ecb9,bim,exact
0894b4c6-8e17-4860-a500-a195e0bc6574,Digitalisering,Vil du lede og videreutvikle USNs digitale tjenester?,"Andre administrative ledere, Digitaliseringsansvarlig, prosjektleder",BORRE,http://data.europa.eu/esco/skill/aa0d8201-5a8e-417f-81f4-c04601139582,digitalisering,exact
aced2f15-c075-40a0-b0ed-a6fa9a531af3,Elektronikk,Driftsmedarbeider,"Driftstekniker, Andre ingeniører, Driftsteknikere, IKT, IT Driftsmedarbeider, Driftsteknikere",BODØ,http://data.europa.eu/esco/skill/95c35c3a-035f-47c2-90cf-7e934d20fc08,elektronikk,exact
2d24f8e0-2986-48f2-bc35-05bc3a767d22,Datavarehus,Data Engineer / Data Platform Engineer - Computas AS,"Dataarkitekt, Dataarkitekt, Databasedesignere og -administratorer",OSLO,http://data.europa.eu/esco/skill/3ec2e4d6-7000-4905-bf1a-c5b1679416de,datavarehus,exact
2d24f8e0-2986-48f2-bc35-05bc3a767d22,ETL,Data Engineer / Data Platform Engineer - Computas AS,"Dataarkitekt, Dataarkitekt, Databasedesignere og -administratorer",OSLO,http://data.europa.eu/esco/skill/9d0d89be-bffa-4393-b6f6-8d05bea49051,ETL,exact
2d24f8e0-2986-48f2-bc35-05bc3a767d22,Python,Data Engineer / Data Platform Engineer - Computas AS,"Dataarkitekt, Dataarkitekt, Databasedesignere og -administratorer",OSLO,http://data.europa.eu/esco/skill/ccd0a1d9-afda-43d9-b901-96344886e14d,Python,exact
16dd9239-7f9c-41bd-b5f0-a54a1f427e82,Java,Java/Kotlin-utviklere (Oslo/Hybrid),"Java Backend Developer, Java Backend Developer, Systemanalytikere/-arkitekter",OSLO,http://data.europa.eu/esco/skill/19a8293b-8e95-4de3-983f-77484079c389,Java,exact
6f570206-e171-41c3-8089-a219c1436af6,Elektronikk,Elkjøp Skien søker Selger (deltid),"Sales Advisor, Andre salgsmedarbeidere, Butikkmedarbeidere, Selger, salgsassistent",SKIEN,http://data.europa.eu/esco/skill/95c35c3a-035f-47c2-90cf-7e934d20fc08,elektronikk,exact
961c309c-e4a8-49a3-89ac-97bbe0c38d93,SaaS,Senior Selger - Oslo  (SaaS/Tech),"Salgsansvarlig, Salgs- og markedssjefer, Selgere (engros);, Selger B2B, salgsrepresentant",OSLO,http://data.europa.eu/esco/skill/83218cac-3599-417e-93d2-26013cdccd98,SaaS,exact
a8100c1e-3cd8-4f73-96a7-c539ef079a8b,.NET,Senior Software Engineer – Front of House (POS),"Senior Software Ingeniør, Senior Software Ingeniør, Programvareutviklere",STAVANGER,http://data.europa.eu/esco/skill/13bdd41a-2a18-441f-96db-41252c519413,.NET,exact
a8100c1e-3cd8-4f73-96a7-c539ef079a8b,C#,Senior Software Engineer – Front of House (POS),"Senior Software Ingeniør, Senior Software Ingeniør, Programvareutviklere",STAVANGER,http://data.europa.eu/esco/skill/4c016b68-4116-468c-9dc6-42710c239e4a,C#,exact
a8100c1e-3cd8-4f73-96a7-c539ef079a8b,IT,Senior Software Engineer – Front of House (POS),"Senior Software Ingeniør, Senior Software Ingeniør, Programvareutviklere",STAVANGER,http://data.europa.eu/esco/skill/ddc3119d-1d6e-4324-9125-a3380d299ac5,IT,exact
a8100c1e-3cd8-4f73-96a7-c539ef079a8b,POS,Senior Software Engineer – Front of House (POS),"Senior Software Ingeniør, Senior Software Ingeniør, Programvareutviklere",STAVANGER,http://data.europa.eu/esco/skill/f7e051fc-8f7b-45b3-8911-8ffb9b951f4a,POS,exact
85ecc1f1-dabc-46f6-9f84-ef1167de06f5,.NET,Senior .NET-utviklere (Oslo/Hybrid),".NET Developer, .NET Developer, Applikasjonsprogrammerere",OSLO,http://data.europa.eu/esco/skill/13bdd41a-2a18-441f-96db-41252c519413,.NET,exact
85ecc1f1-dabc-46f6-9f84-ef1167de06f5,C#,Senior .NET-utviklere (Oslo/Hybrid),".NET Developer, .NET Developer, Applikasjonsprogrammerere",OSLO,http://data.europa.eu/esco/skill/4c016b68-4116-468c-9dc6-42710c239e4a,C#,exact
85ecc1f1-dabc-46f6-9f84-ef1167de06f5,DevOps,Senior .NET-utviklere (Oslo/Hybrid),".NET Developer, .NET Developer, Applikasjonsprogrammerere",OSLO,http://data.europa.eu/esco/skill/f0de4973-0a70-4644-8fd4-3a97080476f4,DevOps,exact
cd5f3d35-e7a7-42e9-9743-9edc87a9db1e,Digitalisering,Vil du jobbe som systemansvarlig i et spennende konsern?,"Systemadministrator, Systemadministrator, Systemadministratorer, Systemansvarlig",OSLO,http://data.europa.eu/esco/skill/aa0d8201-5a8e-417f-81f4-c04601139582,digitalisering,exact
4f2d19ea-39ff-4854-b78c-088576d75883,IT,Data Engineer / Data Platform (Oslo/Hybrid),"Senior Data Engineer, Senior Data Engineer, Databasedesignere og -administratorer",OSLO,http://data.europa.eu/esco/skill/ddc3119d-1d6e-4324-9125-a3380d299ac5,IT,exact
4f2d19ea-39ff-4854-b78c-088576d75883,Python,Data Engineer / Data Platform (Oslo/Hybrid),"Senior Data Engineer, Senior Data Engineer, Databasedesignere og -administratorer",OSLO,http://data.europa.eu/esco/skill/ccd0a1d9-afda-43d9-b901-96344886e14d,Python,exact
c8d20019-5323-4e39-b778-5ccf2b7b411c,.NET,Artisan Consulting AS - Senior .NET Utvikler (Oslo),"Senior Azure .Net Utvikler, Senior Azure .Net Utvikler, Applikasjonsprogrammerere",OSLO,http://data.europa.eu/esco/skill/13bdd41a-2a18-441f-96db-41252c519413,.NET,exact
c8d20019-5323-4e39-b778-5ccf2b7b411c,C#,Artisan Consulting AS - Senior .NET Utvikler (Oslo),"Senior Azure .Net Utvikler, Senior Azure .Net Utvikler, Applikasjonsprogrammerere",OSLO,http://data.europa.eu/esco/skill/4c016b68-4116-468c-9dc6-42710c239e4a,C#,exact
c8d20019-5323-4e39-b778-5ccf2b7b411c,IT,Artisan Consulting AS - Senior .NET Utvikler (Oslo),"Senior Azure .Net Utvikler, Senior Azure .Net Utvikler, Applikasjonsprogrammerere",OSLO,http://data.europa.eu/esco/skill/ddc3119d-1d6e-4324-9125-a3380d299ac5,IT,exact
a1a6af16-ea0c-4776-9e76-9c953877eeda,Digitalisering,Vil du være med å utvikle Norges nye nødnett?,"IKT Løsningsarkitekt, Programvareutviklere",TRONDHEIM,http://data.europa.eu/esco/skill/aa0d8201-5a8e-417f-81f4-c04601139582,digitalisering,exact
500a8d95-ce03-4477-a856-6410cb4706ac,IT,Rådgivar/seniorrådgivar innan informasjonssikkerheit,"Sikkerhetsanalytikere mv., Rådgiver informasjonssikkerhet, Sikkerhetsanalytikere mv., Seniorrådgiver informasjonssikkerhet, sjef for IKT-sikkerhet",BERGEN,http://data.europa.eu/esco/skill/ddc3119d-1d6e-4324-9125-a3380d299ac5,IT,exact
500a8d95-ce03-4477-a856-6410cb4706ac,IT-sikkerhet,Rådgivar/seniorrådgivar innan informasjonssikkerheit,"Sikkerhetsanalytikere mv., Rådgiver informasjonssikkerhet, Sikkerhetsanalytikere mv., Seniorrådgiver informasjonssikkerhet, sjef for IKT-sikkerhet",BERGEN,http://data.europa.eu/esco/skill/8088750d-8388-4170-a76f-48354c469c44,IT-sikkerhet,exact
500a8d95-ce03-4477-a856-6410cb4706ac,Informasjonssikkerhet,Rådgivar/seniorrådgivar innan informasjonssikkerheit,"Sikkerhetsanalytikere mv., Rådgiver informasjonssikkerhet, Sikkerhetsanalytikere mv., Seniorrådgiver informasjonssikkerhet, sjef for IKT-sikkerhet",BERGEN,http://data.europa.eu/esco/skill/8088750d-8388-4170-a76f-48354c469c44,informasjonssikkerhet,exact
57423dba-7a6b-4016-b571-3ac0b04977a6,Tekniske tegninger,Forskalingssnekker,"Forskalingssnekker, Forskalingssnekker, Betongarbeidere",Missing location,http://data.europa.eu/esco/skill/59ea80e1-463a-4dba-82c6-d0b6d577d532,tekniske tegninger,exact
7e323491-0e36-49d6-81cb-6b703938f93e,ETL,"Vil du bygge datagrunnlaget for hele SNN Finans på en moderne, skybasert plattform?","Dataingeniør, Dataingeniør, Sivilingeniører (elektronikk)",TROMSØ,http://data.europa.eu/esco/skill/9d0d89be-bffa-4393-b6f6-8d05bea49051,ETL,exact
7e323491-0e36-49d6-81cb-6b703938f93e,Python,"Vil du bygge datagrunnlaget for hele SNN Finans på en moderne, skybasert plattform?","Dataingeniør, Dataingeniør, Sivilingeniører (elektronikk)",TROMSØ,http://data.europa.eu/esco/skill/ccd0a1d9-afda-43d9-b901-96344886e14d,Python,exact
3b0d11d6-6f6b-46da-99e5-dceda7d34970,IT,Senior Android Utvikler,"Android utvikler, Android utvikler, Applikasjonsprogrammerere",OSLO,http://data.europa.eu/esco/skill/ddc3119d-1d6e-4324-9125-a3380d299ac5,IT,exact
908e4241-a08a-4a59-83a9-973bf0560cb7,ETL,Vil du bygge dataprodukter som gir bedre beslutninger?,"Programvareutviklere, Datakonsulent programmering, Systemanalytikere/-arkitekter, Utvikler av intelligente IKT-systemer, utvikler av IKT-intelligenssystemer",OSLO,http://data.europa.eu/esco/skill/9d0d89be-bffa-4393-b6f6-8d05bea49051,ETL,exact
908e4241-a08a-4a59-83a9-973bf0560cb7,Python,Vil du bygge dataprodukter som gir bedre beslutninger?,"Programvareutviklere, Datakonsulent programmering, Systemanalytikere/-arkitekter, Utvikler av intelligente IKT-systemer, utvikler av IKT-intelligenssystemer",OSLO,http://data.europa.eu/esco/skill/ccd0a1d9-afda-43d9-b901-96344886e14d,Python,exact
5ea34695-c6b2-4117-aaa2-77c27f102131,Elektronikk,Vil du jobbe med avanserte sikkerhetsløsninger hos en av Norges største aktører?,"Prosjektingeniør, Andre sivilingeniører( unntatt elektroteknologi), Andre ingeniører, Serviceingeniør, Andre ingeniører",OSLO,http://data.europa.eu/esco/skill/95c35c3a-035f-47c2-90cf-7e934d20fc08,elektronikk,exact
aa1b77fc-6f6d-4d42-8d6d-391bf0a66413,SEM,SiO søker Digital markedsfører/webredaktør -- ett års vikariat med mulig forlengelse.,"Reklame- og markedsføringsrådgivere, Digital markedsfører, markedsføringsspesialist",OSLO,http://data.europa.eu/esco/skill/eda4d727-4374-49af-ace4-118c7c906835,SEM,exact
6ac2321a-0b9a-4f61-aefd-4fdfe87f0429,DevOps,Head of Cloud Engineering - Vi flytter regnekraft ut av datasenteret. Vil du eie plattformen?,"Ledere av IKT-enheter, IKT-Leder, Ledere av IKT-enheter",LØRENSKOG,http://data.europa.eu/esco/skill/f0de4973-0a70-4644-8fd4-3a97080476f4,DevOps,exact
b7492006-7336-4b6f-9437-d7e3179ddc8f,IT,Senior SAP Applikasjonskonsulent -- Logistikk -- bli med på vår S/4HANA RISE-reise,"Senior SAP Service Manager, Ledere av IKT-enheter, Andre sivilingeniører (unntatt elektroteknologi);, Applikasjonsingeniør",LØRENSKOG,http://data.europa.eu/esco/skill/ddc3119d-1d6e-4324-9125-a3380d299ac5,IT,exact
b7492006-7336-4b6f-9437-d7e3179ddc8f,SAP,Senior SAP Applikasjonskonsulent -- Logistikk -- bli med på vår S/4HANA RISE-reise,"Senior SAP Service Manager, Ledere av IKT-enheter, Andre sivilingeniører (unntatt elektroteknologi);, Applikasjonsingeniør",LØRENSKOG,http://data.europa.eu/esco/skill/f8e3425c-fe44-4ffb-bafe-0e20d91dadf4,SAP,exact
06685d71-f07b-4a72-98a8-8395192c68c7,Elektronikk,Elkjøp Lagunen søker deltider til Aftersales Operations,"Kundeservicekonsulent, Kundeservicekonsulent, Kundesentermedarbeidere",RÅDAL,http://data.europa.eu/esco/skill/95c35c3a-035f-47c2-90cf-7e934d20fc08,elektronikk,exact
f451e56c-9b3b-48a6-94ba-e7c72d70001a,SAP,Fagarbeider Elektro - Glomfjord,"Energimontører, Energimontør, Energikontrolloperatører, Energioperatør, Elektrikere, Elektriker, elektriker",GLOMFJORD,http://data.europa.eu/esco/skill/f8e3425c-fe44-4ffb-bafe-0e20d91dadf4,SAP,exact
7ce67d49-b4b2-4ff5-9ae7-5d548523b746,Python,Vil du være med å forme hvordan vi utvikler vår forsikringsportefølje?,"Finansmeglere, Porteføljeforvalter, kapitalforvalter",LYSAKER,http://data.europa.eu/esco/skill/ccd0a1d9-afda-43d9-b901-96344886e14d,Python,exact
5511757f-1a1c-4ab3-b572-690987317f62,Elektronikk,Power Slependen søker avdelingsleder lyd og bilde,"Avdelingsleder, Avdelingsleder, Andre ledere av produksjon og tjenesteyting",BILLINGSTAD,http://data.europa.eu/esco/skill/95c35c3a-035f-47c2-90cf-7e934d20fc08,elektronikk,exact
d370daa7-9c5c-4ab7-8afa-0eeb0a0a23a9,IT,"Konsulent innen sky, infrastruktur og datarom","Programvareutviklere, Nettverksansvarlige, IKT-nettverksarkitekt, Cloud-ingeniør, Infrastrukturkonsulent IKT",BODØ,http://data.europa.eu/esco/skill/ddc3119d-1d6e-4324-9125-a3380d299ac5,IT,exact
d370daa7-9c5c-4ab7-8afa-0eeb0a0a23a9,IT-sikkerhet,"Konsulent innen sky, infrastruktur og datarom","Programvareutviklere, Nettverksansvarlige, IKT-nettverksarkitekt, Cloud-ingeniør, Infrastrukturkonsulent IKT",BODØ,http://data.europa.eu/esco/skill/8088750d-8388-4170-a76f-48354c469c44,IT-sikkerhet,exact
91bb0eba-9e60-4cd5-ad83-54dd94b5e885,SaaS,Head of Client Enablement .,"Andre daglige ledere i tjenesteytende virksomheter, Head of Client Service Management, Head of Client Service Management",OSLO,http://data.europa.eu/esco/skill/83218cac-3599-417e-93d2-26013cdccd98,SaaS,exact
3c2fb657-fb4e-454a-b5ab-be219125a07f,SAP,Vil du sikre flyt fra ordre til ferdig leveranse? Rask tiltredelse!,"Transportfunksjonærer, Logistikk/fraktkoordinator",SKIEN,http://data.europa.eu/esco/skill/f8e3425c-fe44-4ffb-bafe-0e20d91dadf4,SAP,exact
7fbc25ec-519c-4fb9-b9a0-c9c05f197310,Digitalisering,"Er du strukturert, kvalitetsbevisst og ansvarlig?","Dataregistrere, Digitaliserer, Kontormedarbeidere, Senior dokumentasjonsforvalter, Kontormedarbeidere",SKUI,http://data.europa.eu/esco/skill/aa0d8201-5a8e-417f-81f4-c04601139582,digitalisering,exact
60e7d295-6521-49e7-b83e-e6e1ef787c6d,IT,Har du erfaring med lagringsteknologi og ønsker å utvikle deg videre?,"Cloud-ingeniør, Programvareutviklere",GRIMSTAD,http://data.europa.eu/esco/skill/ddc3119d-1d6e-4324-9125-a3380d299ac5,IT,exact
912685ff-2cb1-42a5-8cfd-988a3da503e2,Digitalisering,Erfaren informasjonsarkitekt søkes! Vil du være med å forme hvordan Norge forstår og bruker data i fremtiden? ,"Systemanalytikere/-arkitekter, IT arkitekt, forsker innen datavitenskap",OSLO,http://data.europa.eu/esco/skill/aa0d8201-5a8e-417f-81f4-c04601139582,digitalisering,exact
912685ff-2cb1-42a5-8cfd-988a3da503e2,UML,Erfaren informasjonsarkitekt søkes! Vil du være med å forme hvordan Norge forstår og bruker data i fremtiden? ,"Systemanalytikere/-arkitekter, IT arkitekt, forsker innen datavitenskap",OSLO,http://data.europa.eu/esco/skill/7193cb6d-8334-494f-86e5-21e6d03a47c3,uml,exact
9820ca6d-2009-4bb1-977c-e569c64b2179,Elektronikk,Ingeniør Medisinsk teknikk,"Ingeniør medisinteknikk, Ingeniør medisinteknikk, Sivilingeniører (elektronikk)",KIRKENES,http://data.europa.eu/esco/skill/95c35c3a-035f-47c2-90cf-7e934d20fc08,elektronikk,exact
9f6b61f1-7080-425e-b115-273a4ff526e5,Digital sikkerhet, Erfaren rådgiver/seniorrådgiver innen digital sikkerhet,"IT-sikkerhetsrådgiver, IT-sikkerhetsrådgiver, Sikkerhetsanalytikere mv.",TRONDHEIM,http://data.europa.eu/esco/skill/8088750d-8388-4170-a76f-48354c469c44,digital sikkerhet,exact
9f6b61f1-7080-425e-b115-273a4ff526e5,Informasjonssikkerhet, Erfaren rådgiver/seniorrådgiver innen digital sikkerhet,"IT-sikkerhetsrådgiver, IT-sikkerhetsrådgiver, Sikkerhetsanalytikere mv.",TRONDHEIM,http://data.europa.eu/esco/skill/8088750d-8388-4170-a76f-48354c469c44,informasjonssikkerhet,exact
c884400e-b5d6-4239-ab4e-ce00ff3c1fba,Digitalisering,Seniorrådgiver,"Høyere saksbehandlere i offentlig og privat virksomhet, Seniorrådgiver offentlig administrasjon, Høyere saksbehandlere i offentlig og privat virksomhet",OSLO,http://data.europa.eu/esco/skill/aa0d8201-5a8e-417f-81f4-c04601139582,digitalisering,exact
cde603af-a588-4652-9009-5e965954d264,BIM,Arkitekt - Byggteknisk rådgiver,"Arkitekt bygg, Arkitekt bygg, Sivilarkitekter",HAUGESUND,http://data.europa.eu/esco/skill/fae7e545-5114-43cc-8e83-178e2549ecb9,bim,exact
ff4611eb-66bd-4e0d-98e0-5195f3a4a391,Digital journalistikk,Halden Arbeiderblad søker nyhetsjournalist,"Journalist, Journalist, Journalister",HALDEN,http://data.europa.eu/esco/skill/16e462b2-b8dd-4842-8c31-71d0fb4be474,digital journalistikk,exact
ecdd7819-8589-4a00-8630-81906f8f0f2b,informasjonssikkerhet,Er du Onitio Solutions nye Director IT Operations?,"IKT-ingeniør, IKT-ingeniør, Systemanalytikere/-arkitekter",BARKÅKER,http://data.europa.eu/esco/skill/8088750d-8388-4170-a76f-48354c469c44,informasjonssikkerhet,exact
fffd3224-bd9c-4af8-9818-92f77a259dc5,Elektronikk,Power Slependen søker avdelingsleder HOME,"Avdelingsleder, Avdelingsleder, Andre ledere av produksjon og tjenesteyting",BILLINGSTAD,http://data.europa.eu/esco/skill/95c35c3a-035f-47c2-90cf-7e934d20fc08,elektronikk,exact
1a31fd12-6c29-426f-a01f-aa31cb7b5666,Digitalisering,"Konsulent \| Transformasjon, transaksjoner og digitalisering \| FAAS Oslo","Finans- og økonomisjefer, CFO, økonomisjef",OSLO,http://data.europa.eu/esco/skill/aa0d8201-5a8e-417f-81f4-c04601139582,digitalisering,exact
0c0eee3e-ed88-415e-a2bb-a89ec5d9e219,SAP,Supply Chain Intern at Roche Diagnostics,"Supply Chain Konsulent, Supply Chain Konsulent, Logistikkmedarbeidere",OSLO,http://data.europa.eu/esco/skill/f8e3425c-fe44-4ffb-bafe-0e20d91dadf4,SAP,exact
416decd3-06dc-4f0c-813e-bb4a1e3c3eb6,Elektronikk,Elkjøp Tasta søker Service Advisor,"Kundeservicekonsulent, Kundeservicekonsulent, Kundesentermedarbeidere",STAVANGER,http://data.europa.eu/esco/skill/95c35c3a-035f-47c2-90cf-7e934d20fc08,elektronikk,exact
dd0f93fb-3ade-460f-9a46-9fe955f91b92,BIM,Ønsker du å være en del av et stort tverrfaglig miljø på Lillehammer og Hamar?,"Elektroingeniør, Elektroingeniør, Elektronikkingeniører",LILLEHAMMER,http://data.europa.eu/esco/skill/fae7e545-5114-43cc-8e83-178e2549ecb9,bim,exact
42940aaf-d88d-4ebc-87b4-5bd0060080d3,C++,Vil du utvikle software som gjør en forskjell i industrien?,"Programmerer, Programmerer, Programvareutviklere",SOGNDAL,http://data.europa.eu/esco/skill/b633eb55-8f1f-4ae6-ab4c-2022ffe2cb7f,C++,exact
42940aaf-d88d-4ebc-87b4-5bd0060080d3,Python,Vil du utvikle software som gjør en forskjell i industrien?,"Programmerer, Programmerer, Programvareutviklere",SOGNDAL,http://data.europa.eu/esco/skill/ccd0a1d9-afda-43d9-b901-96344886e14d,Python,exact
42940aaf-d88d-4ebc-87b4-5bd0060080d3,Robotikk,Vil du utvikle software som gjør en forskjell i industrien?,"Programmerer, Programmerer, Programvareutviklere",SOGNDAL,http://data.europa.eu/esco/skill/e87ec79a-c9ff-46f5-84fa-7a0f394cdf40,robotikk,exact
788e2ceb-8535-4a30-adcc-223073ee8876,Dataanalyse,Er du vår nye spesialrådgiver innen statistikk og analyse?,"Matematikere, statistikere mv., Seniorrådgivere (statistikkarbeid), statistiker",OSLO,http://data.europa.eu/esco/skill/97bd1c21-66b2-4b7e-ad0f-e3cda590e378,dataanalyse,exact
788e2ceb-8535-4a30-adcc-223073ee8876,Python,Er du vår nye spesialrådgiver innen statistikk og analyse?,"Matematikere, statistikere mv., Seniorrådgivere (statistikkarbeid), statistiker",OSLO,http://data.europa.eu/esco/skill/ccd0a1d9-afda-43d9-b901-96344886e14d,Python,exact
788e2ceb-8535-4a30-adcc-223073ee8876,R,Er du vår nye spesialrådgiver innen statistikk og analyse?,"Matematikere, statistikere mv., Seniorrådgivere (statistikkarbeid), statistiker",OSLO,http://data.europa.eu/esco/skill/51586df8-1c46-4b47-8583-773cb63bf00b,R,exact
8d4d9a5c-c714-4ae6-b196-821917d88ae8,Tekniske tegninger,Er du rørlegger på jakt etter nye prosjekter?,"Rørlegger, Rørlegger, Rørleggere og VVS-montører",AKSDAL,http://data.europa.eu/esco/skill/59ea80e1-463a-4dba-82c6-d0b6d577d532,tekniske tegninger,exact
b4d47a66-7920-4782-9869-86d3eeb4f98e,IT,Integrasjonsarkitekt,"Integrasjonsarkitekt IT, Integrasjonsarkitekt IT, Systemanalytikere/-arkitekter",STAVANGER,http://data.europa.eu/esco/skill/ddc3119d-1d6e-4324-9125-a3380d299ac5,IT,exact
39b7fcf2-c780-4b9d-81eb-716b9f23ab9a,SaaS,Kundeansvarlig (svensk/norsk),"Kundeservicekonsulent, Kundeservicekonsulent, Kundesentermedarbeidere",OSLO,http://data.europa.eu/esco/skill/83218cac-3599-417e-93d2-26013cdccd98,SaaS,exact
f7c7c2e6-70cf-41ea-8e3f-f0bd308025ce,Dataanalyse,Skap verdi gjennom data og analyse,"Forretningsanalytiker, Forretningsanalytiker, Finansanalytikere",OSLO,http://data.europa.eu/esco/skill/97bd1c21-66b2-4b7e-ad0f-e3cda590e378,dataanalyse,exact
6415f0ac-c705-46d7-ae92-b5193ef8f24a,IAM,Vil du ha ansvar for drift og forvaltning av Identity Access Management innen luftfart?,"Systemadministratorer, IT-administrator, IKT-systemadministrator",GARDERMOEN,http://data.europa.eu/esco/skill/33efa504-2f26-424d-b662-cee77e6e9c93,IAM,exact
6415f0ac-c705-46d7-ae92-b5193ef8f24a,IT-sikkerhet,Vil du ha ansvar for drift og forvaltning av Identity Access Management innen luftfart?,"Systemadministratorer, IT-administrator, IKT-systemadministrator",GARDERMOEN,http://data.europa.eu/esco/skill/8088750d-8388-4170-a76f-48354c469c44,IT-sikkerhet,exact
6415f0ac-c705-46d7-ae92-b5193ef8f24a,Java,Vil du ha ansvar for drift og forvaltning av Identity Access Management innen luftfart?,"Systemadministratorer, IT-administrator, IKT-systemadministrator",GARDERMOEN,http://data.europa.eu/esco/skill/19a8293b-8e95-4de3-983f-77484079c389,Java,exact
afb5b526-7a38-406f-ac56-7e593c88706d,Android,Teknisk teft og kunde i fokus? Onitio vil ha deg med på laget,"Systemanalytikere/-arkitekter, IT-konsulent, IKT-konsulent",BARKÅKER,http://data.europa.eu/esco/skill/d8829a1d-dbde-435b-b921-29d6462f35c9,Android,exact
afb5b526-7a38-406f-ac56-7e593c88706d,Powershell,Teknisk teft og kunde i fokus? Onitio vil ha deg med på laget,"Systemanalytikere/-arkitekter, IT-konsulent, IKT-konsulent",BARKÅKER,http://data.europa.eu/esco/skill/21d2f96d-35f7-4e3f-9745-c533d2dd6e97,PowerShell,exact
8f315af6-9b20-4b0d-8b92-7fbc9644ab00,Tekniske tegninger,Skiftoperatører innen CNC-maskinering,"Verktøymaker, låsesmeder mv., CNC-operatør, operatør av CNC-maskin",TOMTER,http://data.europa.eu/esco/skill/59ea80e1-463a-4dba-82c6-d0b6d577d532,tekniske tegninger,exact
6aade973-2c6b-4088-97d3-1564f643f3ed,Cybersikkerhet,Vi søker rådgiver/seniorrådgiver til Nasjonalt koordineringssenter for forskning og innovasjon innen cybersikkerhet,"Sikkerhetsanalytikere mv., Cybersikkerhetsingeniør, IKT-sikkerhetsingeniør",OSLO,http://data.europa.eu/esco/skill/8088750d-8388-4170-a76f-48354c469c44,cybersikkerhet,exact
6aade973-2c6b-4088-97d3-1564f643f3ed,Digital sikkerhet,Vi søker rådgiver/seniorrådgiver til Nasjonalt koordineringssenter for forskning og innovasjon innen cybersikkerhet,"Sikkerhetsanalytikere mv., Cybersikkerhetsingeniør, IKT-sikkerhetsingeniør",OSLO,http://data.europa.eu/esco/skill/8088750d-8388-4170-a76f-48354c469c44,digital sikkerhet,exact
95f95b24-20fd-403b-83b1-08781b074e8a,Elektronikk,Vi søker en teknisk og løsningsorientert mekaniker,"Mekaniker, Bilmekanikere, Anleggsmaskin- og industrimekanikere, Mekaniker (maskiner), Anleggsmaskin- og industrimekanikere",KJELLER,http://data.europa.eu/esco/skill/95c35c3a-035f-47c2-90cf-7e934d20fc08,elektronikk,exact
e497a42c-daff-4615-b42b-76845860462f,Dataanalyse,Would you like to use your expertise in data and CRM to support life-saving work at a humanitarian organisation?,"Applikasjonsprogrammerere, CRM Application Engineer, IKT-programutvikler",OSLO,http://data.europa.eu/esco/skill/97bd1c21-66b2-4b7e-ad0f-e3cda590e378,dataanalyse,exact
e79f4e58-8eff-479f-8ed5-5562e33eda23,SaaS,Salgskonsulent B2B – Ubegrensede provisjonsmuligheter,"Selger B2B, Selger B2B, Selgere (engros)",Missing location,http://data.europa.eu/esco/skill/83218cac-3599-417e-93d2-26013cdccd98,SaaS,exact
8835e5b5-e65d-4cf2-837d-11641f6f3721,Dataanalyse,Har du et hode for tall og analyse?,"Forretningsanalytiker, Forretningsanalytiker, Finansanalytikere",OSLO,http://data.europa.eu/esco/skill/97bd1c21-66b2-4b7e-ad0f-e3cda590e378,dataanalyse,exact
a890675c-55be-4f31-8db5-f0444a92463f,Dataanalyse,Liker du å bygge gode dataløsninger og finne smarte måter å bruke data på?,"Dataanalytiker, Dataanalytiker, Systemanalytikere/-arkitekter",OSLO,http://data.europa.eu/esco/skill/97bd1c21-66b2-4b7e-ad0f-e3cda590e378,dataanalyse,exact
a890675c-55be-4f31-8db5-f0444a92463f,Maskinlæring,Liker du å bygge gode dataløsninger og finne smarte måter å bruke data på?,"Dataanalytiker, Dataanalytiker, Systemanalytikere/-arkitekter",OSLO,http://data.europa.eu/esco/skill/3a2d5b45-56e4-4f5a-a55a-4a4a65afdc43,maskinlæring,exact
ab2b7325-e71a-4da1-a3f9-be623c2b82bb,Elektronikk,Forsvarsmarkedet i Europa vokser. Norautron vil ta en større del av det og nå trenger vi en Business Development Sales,"Selgere (engros);, Selger Business-to-Business, salgsrepresentant",HORTEN,http://data.europa.eu/esco/skill/95c35c3a-035f-47c2-90cf-7e934d20fc08,elektronikk,exact
9223f329-f9e0-4c84-be15-19eaca54fa9b,BIM,Vil du være med å forme fremtidens datasentre?,"Elektronikkingeniører, Elektroingeniør, Elkraftingeniører, Sivilingeniør (elkraftteknikk), Elektronikkingeniører, Automasjonsingeniør, Bygningsingeniører, VVS-ingeniør, Sivilingeniører (maskin- og marin-teknikk)",KRISTIANSAND S,http://data.europa.eu/esco/skill/fae7e545-5114-43cc-8e83-178e2549ecb9,bim,exact
3e4334b0-0a50-45cd-9471-7a8e2259d8cd,Dataanalyse,"Er du opptatt av hvordan data og analyse kan gi grunnlag for innsikt, handling og resultater?","Forsker datavitenskap, Systemanalytikere/-arkitekter, Systemanalytikere/-arkitekter, Dataanalytiker, dataanalytiker",HAMAR,http://data.europa.eu/esco/skill/97bd1c21-66b2-4b7e-ad0f-e3cda590e378,dataanalyse,exact
3e4334b0-0a50-45cd-9471-7a8e2259d8cd,Maskinlæring,"Er du opptatt av hvordan data og analyse kan gi grunnlag for innsikt, handling og resultater?","Forsker datavitenskap, Systemanalytikere/-arkitekter, Systemanalytikere/-arkitekter, Dataanalytiker, dataanalytiker",HAMAR,http://data.europa.eu/esco/skill/3a2d5b45-56e4-4f5a-a55a-4a4a65afdc43,maskinlæring,exact
3e4334b0-0a50-45cd-9471-7a8e2259d8cd,Python,"Er du opptatt av hvordan data og analyse kan gi grunnlag for innsikt, handling og resultater?","Forsker datavitenskap, Systemanalytikere/-arkitekter, Systemanalytikere/-arkitekter, Dataanalytiker, dataanalytiker",HAMAR,http://data.europa.eu/esco/skill/ccd0a1d9-afda-43d9-b901-96344886e14d,Python,exact
a32693e5-cfad-4d65-90ee-5f1d0efa446f,Hjelpemidler,Kan du være den rolige og trygge støtten jeg trenger i hverdagen?,"Brukerstyrt personlig assistent (BPA), Brukerstyrt personlig assistent (BPA), Hjemmehjelper, Personlig assistent",OSLO,http://data.europa.eu/esco/skill/8759c352-8b00-498f-985a-935f13e1b043,hjelpemidler,exact
1b42718a-dd92-4e71-a6f5-8f586d670cb6,Elektronikk,HW Test Engineer -- New Product Development,"Andre sivilingeniører( unntatt elektroteknologi), Testingeniør, Testingeniør",NEDRE VATS,http://data.europa.eu/esco/skill/95c35c3a-035f-47c2-90cf-7e934d20fc08,elektronikk,exact
976b4b88-5962-44ad-ad44-c02e48725d07,Elektronikk,Vil du lede utviklingen av fremtidens elektronikkløsninger for rakettmotorer?,"Ledere av bygge- og anleggsvirksomhet, byggeleder, Leder (bygg og anlegg)",RAUFOSS,http://data.europa.eu/esco/skill/95c35c3a-035f-47c2-90cf-7e934d20fc08,elektronikk,exact
f8d6e912-3af9-4988-8a79-afd3e70739de,POS,Vil du være med å utvikle fremtidens kundeopplevelser i ISS?,"Ledere av IKT-enheter, Product Manager ICT Services, Product Manager ICT Services",OSLO,http://data.europa.eu/esco/skill/f7e051fc-8f7b-45b3-8911-8ffb9b951f4a,POS,exact
0915a480-e47b-48ad-adc6-37c1c3584cef,SAP,Eksporterfaring og god logistikkforståelse? Da vil vi høre fra deg!,"Transportfunksjonærer, Transportkoordinator",SKIEN,http://data.europa.eu/esco/skill/f8e3425c-fe44-4ffb-bafe-0e20d91dadf4,SAP,exact
093520ef-e9a6-49cd-905c-cf17aceb3fa7,IT,"
Vi trenger deg til å videreutvikle og forenkle våre løsninger!
","Systemanalytikere/-arkitekter, Systemingeniør, IKT-systemarkitekt",GRIMSTAD,http://data.europa.eu/esco/skill/ddc3119d-1d6e-4324-9125-a3380d299ac5,IT,exact
134b2802-d4c3-4a71-8145-eadb6564d29c,Digitalisering,Har du bred kunnskap og erfaring med masterdata management? ,"Organisasjonsrådgivere mv., Systemadministratorer, systemkoordinator, Forretningsprosessanalytiker, Configuration Manager Datawarehouse",OSLO,http://data.europa.eu/esco/skill/aa0d8201-5a8e-417f-81f4-c04601139582,digitalisering,exact
134b2802-d4c3-4a71-8145-eadb6564d29c,Informasjonsarkitektur,Har du bred kunnskap og erfaring med masterdata management? ,"Organisasjonsrådgivere mv., Systemadministratorer, systemkoordinator, Forretningsprosessanalytiker, Configuration Manager Datawarehouse",OSLO,http://data.europa.eu/esco/skill/1bba98a7-92b9-450b-9235-e0c905f8f3c4,informasjonsarkitektur,exact
364ea33f-e8ee-4e85-8a6f-6e8ed2c0671d,IT,Utvikler som vil jobbe fullstack? Da bør du jobbe i Folkeregisteret - en kritisk del av Norges IT-grunnmur!,"Full-stack-utvikler, Full-stack-utvikler, Programvareutviklere",OSLO,http://data.europa.eu/esco/skill/ddc3119d-1d6e-4324-9125-a3380d299ac5,IT,exact
364ea33f-e8ee-4e85-8a6f-6e8ed2c0671d,Java,Utvikler som vil jobbe fullstack? Da bør du jobbe i Folkeregisteret - en kritisk del av Norges IT-grunnmur!,"Full-stack-utvikler, Full-stack-utvikler, Programvareutviklere",OSLO,http://data.europa.eu/esco/skill/19a8293b-8e95-4de3-983f-77484079c389,Java,exact
44fee740-197c-4747-b062-9df86aca9803,IT,Vil du utvikle løsninger som betyr noe?,"Systemanalytikere/-arkitekter, IT-konsulent, IKT-konsulent",BERGEN,http://data.europa.eu/esco/skill/ddc3119d-1d6e-4324-9125-a3380d299ac5,IT,exact
44fee740-197c-4747-b062-9df86aca9803,Java,Vil du utvikle løsninger som betyr noe?,"Systemanalytikere/-arkitekter, IT-konsulent, IKT-konsulent",BERGEN,http://data.europa.eu/esco/skill/19a8293b-8e95-4de3-983f-77484079c389,Java,exact
5765fe07-d001-48b1-ac5e-f3c19c91565f,Dataanalyse,Kan du gjøre data fra spørreundersøkelser om til anvendelig innsikt? ,"Forsikringsagenter, Analytiker innen forsikring, risikoanalytiker, forsikring",OSLO,http://data.europa.eu/esco/skill/97bd1c21-66b2-4b7e-ad0f-e3cda590e378,dataanalyse,exact
601adabd-4b39-417d-bdca-6634734033d8,Digitalisering,Er du en trygg leder som brenner for å levere god kvalitet og service?,"IT Support, IT Support, Brukerstøttere, IKT",OSLO,http://data.europa.eu/esco/skill/aa0d8201-5a8e-417f-81f4-c04601139582,digitalisering,exact
6af7ce47-77e6-4723-b120-26b4103ebd8d,Python,Data Engineer,"Dataingeniør, Dataingeniør, Sivilingeniører (elektronikk)",TROMSØ,http://data.europa.eu/esco/skill/ccd0a1d9-afda-43d9-b901-96344886e14d,Python,exact
6e8fb029-a1ee-470f-bf75-8a0f0b22059e,ETL,Vil du bygge dataprodukter som gir bedre beslutninger? ,"Systemanalytikere/-arkitekter, IT-ingeniør, dataingeniør",OSLO,http://data.europa.eu/esco/skill/9d0d89be-bffa-4393-b6f6-8d05bea49051,ETL,exact
6e8fb029-a1ee-470f-bf75-8a0f0b22059e,Java,Vil du bygge dataprodukter som gir bedre beslutninger? ,"Systemanalytikere/-arkitekter, IT-ingeniør, dataingeniør",OSLO,http://data.europa.eu/esco/skill/19a8293b-8e95-4de3-983f-77484079c389,Java,exact
6e8fb029-a1ee-470f-bf75-8a0f0b22059e,Python,Vil du bygge dataprodukter som gir bedre beslutninger? ,"Systemanalytikere/-arkitekter, IT-ingeniør, dataingeniør",OSLO,http://data.europa.eu/esco/skill/ccd0a1d9-afda-43d9-b901-96344886e14d,Python,exact
6e8fb029-a1ee-470f-bf75-8a0f0b22059e,Scala,Vil du bygge dataprodukter som gir bedre beslutninger? ,"Systemanalytikere/-arkitekter, IT-ingeniør, dataingeniør",OSLO,http://data.europa.eu/esco/skill/ffddfc7c-a9dd-449f-9e96-882dc447c8b6,Scala,exact
b76f831d-e4ff-4bd3-9573-f2d646df9f22,CT,Consultant Radiologist,"Legespesialister, spesiallege, Radiolog",HAUGESUND,http://data.europa.eu/esco/skill/21d2f96d-35f7-4e3f-9745-c533d2dd6e97,cT,exact
e34441be-a48f-4fa9-b231-539d9e8c1ba5,Hjelpemidler,Ergoterapeut,"Ergoterapeut, Ergoterapeut, Ergoterapeuter",KLÆBU,http://data.europa.eu/esco/skill/8759c352-8b00-498f-985a-935f13e1b043,hjelpemidler,exact
9be2fbaa-9c84-469d-a6d8-ecc15891418c,SaaS,Product Line Manager,"Produktsjef, Salgs- og markedssjefer, Systemanalytikere/-arkitekter, Produktansvarlig IT, IKT-produktsjef",OSLO,http://data.europa.eu/esco/skill/83218cac-3599-417e-93d2-26013cdccd98,SaaS,exact
b0e2a497-1b7f-4be9-a383-9ca77048b8f2,BIM,Sivilingeniør/ingeniør elektro - Sogn og Fjordane,"Elektroingeniør, Elektronikkingeniører, Elkraftingeniører, Sivilingeniør (elkraftteknikk), strømforsyningsingeniør",FØRDE,http://data.europa.eu/esco/skill/fae7e545-5114-43cc-8e83-178e2549ecb9,bim,exact
b0e2a497-1b7f-4be9-a383-9ca77048b8f2,Byggautomasjon,Sivilingeniør/ingeniør elektro - Sogn og Fjordane,"Elektroingeniør, Elektronikkingeniører, Elkraftingeniører, Sivilingeniør (elkraftteknikk), strømforsyningsingeniør",FØRDE,http://data.europa.eu/esco/skill/6709e92c-7546-46a4-aa57-5e951bd4cb0f,byggautomasjon,exact
ce9ddd18-8eef-418f-8de1-f627f03e08ee,Kontrollsystemer,Bli med og utvikle fremtidens løsninger for kraftnett!,"IT-systemingeniør, IT-systemingeniør, Systemanalytikere/-arkitekter, Systemingeniør",FORNEBU,http://data.europa.eu/esco/skill/4ff549c3-daa5-4def-9916-301c7bdf13b8,kontrollsystemer,exact
a36c117b-b788-498d-b860-effaa57323f4,Elektronikk,Du kan elektro -- vi har jobben! Klar for oppstart nå?,"Elektrikere, Elektriker, elektriker",KONGSBERG,http://data.europa.eu/esco/skill/95c35c3a-035f-47c2-90cf-7e934d20fc08,elektronikk,exact
b9c5061b-ff30-4807-8413-8ff48e7e2d3a,IT,Er du KBNs nye sluttbruker \& open source- spesialist?,"Driftsteknikere, IKT, IT-Driftskonsulent, Sivilingeniører (elektronikk);, Dataingeniør, datavarehusutvikler",OSLO,http://data.europa.eu/esco/skill/ddc3119d-1d6e-4324-9125-a3380d299ac5,IT,exact
803372e9-449d-4ffe-bad8-38a301567371,IT,Er du KBNs nye Business Application Manager?,"Application Business Analyst, Forretningsapplikasjonsanalyst, Systemanalytikere/-arkitekter, Systemanalytikere/-arkitekter, Business Application Analyst",OSLO,http://data.europa.eu/esco/skill/ddc3119d-1d6e-4324-9125-a3380d299ac5,IT,exact
7cb7015c-3838-4077-a3c5-3149570a4bbe,.NET,.NET Developer,".Net Utvikler, Applikasjonsprogrammerere, Databasedesignere og -administratorer, Senior SQL Developer, Databasedesignere og -administratorer",BERGEN,http://data.europa.eu/esco/skill/13bdd41a-2a18-441f-96db-41252c519413,.NET,exact
7cb7015c-3838-4077-a3c5-3149570a4bbe,IT,.NET Developer,".Net Utvikler, Applikasjonsprogrammerere, Databasedesignere og -administratorer, Senior SQL Developer, Databasedesignere og -administratorer",BERGEN,http://data.europa.eu/esco/skill/ddc3119d-1d6e-4324-9125-a3380d299ac5,IT,exact
383b6085-9103-4b2e-9c2f-9d9fc2340d69,Cybersikkerhet,Cyber Security,"Sikkerhetsanalytikere mv., Cyber Security Engineer, IKT-sikkerhetsingeniør, Cybersikkerhetsingeniør",OSLO,http://data.europa.eu/esco/skill/8088750d-8388-4170-a76f-48354c469c44,cybersikkerhet,exact
383b6085-9103-4b2e-9c2f-9d9fc2340d69,IT-sikkerhet,Cyber Security,"Sikkerhetsanalytikere mv., Cyber Security Engineer, IKT-sikkerhetsingeniør, Cybersikkerhetsingeniør",OSLO,http://data.europa.eu/esco/skill/8088750d-8388-4170-a76f-48354c469c44,IT-sikkerhet,exact
383b6085-9103-4b2e-9c2f-9d9fc2340d69,Informasjonssikkerhet,Cyber Security,"Sikkerhetsanalytikere mv., Cyber Security Engineer, IKT-sikkerhetsingeniør, Cybersikkerhetsingeniør",OSLO,http://data.europa.eu/esco/skill/8088750d-8388-4170-a76f-48354c469c44,informasjonssikkerhet,exact
383b6085-9103-4b2e-9c2f-9d9fc2340d69,Systemdesign,Cyber Security,"Sikkerhetsanalytikere mv., Cyber Security Engineer, IKT-sikkerhetsingeniør, Cybersikkerhetsingeniør",OSLO,http://data.europa.eu/esco/skill/fae27053-8924-4bfd-b565-c9fe502044c9,systemdesign,exact
8d3842bf-9446-447e-8f49-1394af841cbf,Digitalisering,Vi søker student til deltidsstilling,"Byggeleder, Byggeleder, Arbeidsleder, bygg og anlegg",OSLO,http://data.europa.eu/esco/skill/aa0d8201-5a8e-417f-81f4-c04601139582,digitalisering,exact
8d3842bf-9446-447e-8f49-1394af841cbf,IT,Vi søker student til deltidsstilling,"Byggeleder, Byggeleder, Arbeidsleder, bygg og anlegg",OSLO,http://data.europa.eu/esco/skill/ddc3119d-1d6e-4324-9125-a3380d299ac5,IT,exact
7229873c-17c7-4a09-bde2-b54b2a0cfb39,Dataanalyse,Join Aquabyte as a Quality Assurance Associate,"Kvalitetssikringsingeniør, Kvalitetssikringsingeniør, Andre sivilingeniører( unntatt elektroteknologi)",LAKSEVÅG,http://data.europa.eu/esco/skill/97bd1c21-66b2-4b7e-ad0f-e3cda590e378,dataanalyse,exact
083b867b-c3b7-4195-804e-15330e2cfa74,SAP,"Vil du bidra til korrekt fakturering, høy datakvalitet og gode kundeopplevelser?","Avtaleforvalter, Avtaleforvalter, Andre juridiske yrker",OSLO,http://data.europa.eu/esco/skill/f8e3425c-fe44-4ffb-bafe-0e20d91dadf4,SAP,exact
43c60776-e096-4b2c-b693-745594fa3d0b,SAP,Technical Planner - Completion Tools - Wellbore Service Tools,"Logistikkmedarbeidere, Logistikkmedarbeider, Anleggsmaskin- og industrimekanikere, Industrimekaniker, Operatører innen boring mv., Brønnteknikker, Operatører innen boring mv.",TANANGER,http://data.europa.eu/esco/skill/f8e3425c-fe44-4ffb-bafe-0e20d91dadf4,SAP,exact
87c31757-c3fa-45a4-b8fb-61812191e3de,Informatikk,PhD Research Fellow in Computational Thermal Physics of Human Body,"Universitets- og høyskolelektorer/-lærere, Stipendiat, Universitets- og høyskolelektorer/-lærere",BERGEN,http://data.europa.eu/esco/skill/7b5cce4d-c7fe-4119-b48f-70aa05391787,informatikk,exact
87c31757-c3fa-45a4-b8fb-61812191e3de,Maskinlæring,PhD Research Fellow in Computational Thermal Physics of Human Body,"Universitets- og høyskolelektorer/-lærere, Stipendiat, Universitets- og høyskolelektorer/-lærere",BERGEN,http://data.europa.eu/esco/skill/3a2d5b45-56e4-4f5a-a55a-4a4a65afdc43,maskinlæring,exact
046f8a7b-21fb-49bf-8b01-ee980d389b2e,Elektronikk,ELKJØP GLASMAGASINER SØKER VAREHUSSJEF,"Butikksjef, Butikksjef, Varehandelssjefer",OSLO,http://data.europa.eu/esco/skill/95c35c3a-035f-47c2-90cf-7e934d20fc08,elektronikk,exact
6692daee-7778-4ebc-903d-4dc547b0cf5d,GDPR,Bli med og bygg et av Norges mest spennende fagmiljøer innen GDPR og AI,"Data Protection Officer, Data Protection Officer, Sikkerhetsanalytikere mv.",SANDEFJORD,http://data.europa.eu/esco/skill/d3e9b00a-0891-4fa8-836d-8240ec3d2758,GDPR,exact
d9ce551d-01bd-4c77-9af6-e1f091fab804,IAM,Der sikkerhet møter samfunnsoppdrag,"IKT-sikkerhetsingeniør, IKT-sikkerhetsingeniør, Sikkerhetsanalytikere mv., Sikkerhetsanalytikere mv., Cyber Security Ekspert, Cyber Security Engineer",OSLO,http://data.europa.eu/esco/skill/33efa504-2f26-424d-b662-cee77e6e9c93,IAM,exact
d9ce551d-01bd-4c77-9af6-e1f091fab804,IT-sikkerhet,Der sikkerhet møter samfunnsoppdrag,"IKT-sikkerhetsingeniør, IKT-sikkerhetsingeniør, Sikkerhetsanalytikere mv., Sikkerhetsanalytikere mv., Cyber Security Ekspert, Cyber Security Engineer",OSLO,http://data.europa.eu/esco/skill/8088750d-8388-4170-a76f-48354c469c44,IT-sikkerhet,exact
959b0959-1ad9-419a-929f-aca160bf7753,Digitalisering,Vi søker rådgiver innen dokumentforvaltning,"Informasjonsrådgivere, Informasjonsmedarbeider, Arkivarer og kuratorer, Dokumentforvalter, arkivassistent",TØNSBERG,http://data.europa.eu/esco/skill/aa0d8201-5a8e-417f-81f4-c04601139582,digitalisering,exact
9d468470-37d2-499d-b8a1-3c7f9e88f175,Digitalisering,Innovasjon som vil noe,"Systemanalytikere/-arkitekter, Spesialist kunstig intelligens, Spesialist kunstig intelligens",SANDEFJORD,http://data.europa.eu/esco/skill/aa0d8201-5a8e-417f-81f4-c04601139582,digitalisering,exact
9d468470-37d2-499d-b8a1-3c7f9e88f175,Informasjonssikkerhet,Innovasjon som vil noe,"Systemanalytikere/-arkitekter, Spesialist kunstig intelligens, Spesialist kunstig intelligens",SANDEFJORD,http://data.europa.eu/esco/skill/8088750d-8388-4170-a76f-48354c469c44,informasjonssikkerhet,exact
a49fed2d-ca05-46e6-9071-ef7e4dd0a422,Data Engineering,Vi søker Head of Data Engineering som vil være med å forme Coops datadrevne fremtid!,"Sivilingeniører (elektronikk);, tekniker, maskinvare, Sivilingeniør datateknikk",OSLO,http://data.europa.eu/esco/skill/48db96bf-3314-45c6-bad8-fdb6e20e5639,data engineering,exact
a49fed2d-ca05-46e6-9071-ef7e4dd0a422,Python,Vi søker Head of Data Engineering som vil være med å forme Coops datadrevne fremtid!,"Sivilingeniører (elektronikk);, tekniker, maskinvare, Sivilingeniør datateknikk",OSLO,http://data.europa.eu/esco/skill/ccd0a1d9-afda-43d9-b901-96344886e14d,Python,exact
53be824b-d884-4d08-b6d1-7968513936b2,digitalisering,BDO søker AI Lead: Bygge Vestlandets ledende AI-miljø,"Systemanalytikere/-arkitekter, AI-utvikler, AI-utvikler",BERGEN,http://data.europa.eu/esco/skill/aa0d8201-5a8e-417f-81f4-c04601139582,digitalisering,exact
2a663fc5-a7ea-4e93-8396-b9504e873e5e,IT,Vil du jobbe med spennende IT-prosjekter i et ledende internasjonalt konsern?,"Andre administrative ledere, prosjektleder, Digital prosjektleder",KONGSBERG,http://data.europa.eu/esco/skill/ddc3119d-1d6e-4324-9125-a3380d299ac5,IT,exact
2d57f03f-279d-4b91-ac59-2c4729b53551,Digitalisering,Vil du lede videreutviklingen av en av Statens vegvesens viktigste digitale plattformer?,"Andre ledere av produksjon og tjenesteyting, Avdelingsleder, Avdelingsleder",DRAMMEN,http://data.europa.eu/esco/skill/aa0d8201-5a8e-417f-81f4-c04601139582,digitalisering,exact
87ab003e-8ba7-4a56-8b0a-a6baf1ca08b4,Elektronikk,Kjell & Company (Ski) søker selger!,"Butikkmedarbeidere, Selger, salgsassistent, Skiselger",SKI,http://data.europa.eu/esco/skill/95c35c3a-035f-47c2-90cf-7e934d20fc08,elektronikk,exact
5f707f25-9970-4131-8810-54f025c90620,Tekniske tegninger,CNC-operatør søkes til spennende muligheter i Bergensområdet,"Verktøymakere, låsesmeder mv., CNC-operatør, CNC-operatør",BERGEN,http://data.europa.eu/esco/skill/59ea80e1-463a-4dba-82c6-d0b6d577d532,tekniske tegninger,exact
d6bdd89c-089f-4f1b-8fff-2db84d428ea4,Tekniske tegninger,Bli med og bygg fremtidens maskiner hos MOI AS,"Industrimontør industrimekanikk, Montører av mekaniske produkter, Anleggsmaskin- og industrimekanikere, Industrimekaniker, industrimekaniker",ORRE,http://data.europa.eu/esco/skill/59ea80e1-463a-4dba-82c6-d0b6d577d532,tekniske tegninger,exact
1b16743d-d1d2-4ebc-abf8-dc599e445e4f,Digitalisering,Informasjonsrådgiver,"Kommunikasjonsrådgiver, Kommunikasjonsrådgiver, Informasjonsrådgivere, Informasjonsrådgiver",OSLO,http://data.europa.eu/esco/skill/aa0d8201-5a8e-417f-81f4-c04601139582,digitalisering,exact
1ba80078-3f8b-4ba2-af7c-8e0f2f8ca8a2,Digitalisering,Integrasjonsutvikler,"Systemanalytikere/-arkitekter, Integrasjonsarkitekt IT, IKT-systemintegrasjonskonsulent",TROMSØ,http://data.europa.eu/esco/skill/aa0d8201-5a8e-417f-81f4-c04601139582,digitalisering,exact
1ba80078-3f8b-4ba2-af7c-8e0f2f8ca8a2,IT,Integrasjonsutvikler,"Systemanalytikere/-arkitekter, Integrasjonsarkitekt IT, IKT-systemintegrasjonskonsulent",TROMSØ,http://data.europa.eu/esco/skill/ddc3119d-1d6e-4324-9125-a3380d299ac5,IT,exact
60c1c041-4c39-4128-abcb-69848c430dba,Elektronikk,Elkjøp Horten søker Selger med områdeansvar,"Butikkmedarbeidere, Selger, salgsassistent",HORTEN,http://data.europa.eu/esco/skill/95c35c3a-035f-47c2-90cf-7e934d20fc08,elektronikk,exact
730ed9d7-cff5-4d2a-a4b4-863921030d8b,Digitalisering,Arkivfaglig seniorkonsulent,"Arkivarer og kuratorer, Arkivar, arkivar",OSLO,http://data.europa.eu/esco/skill/aa0d8201-5a8e-417f-81f4-c04601139582,digitalisering,exact
8eebaa1f-4012-4b78-a0d3-8e9186be8960,Datavarehus,Dataanalytiker,"Dataanalytiker, Dataanalytiker, Systemanalytikere/-arkitekter",GJØVIK,http://data.europa.eu/esco/skill/3ec2e4d6-7000-4905-bf1a-c5b1679416de,datavarehus,exact
8eebaa1f-4012-4b78-a0d3-8e9186be8960,Maskinlæring,Dataanalytiker,"Dataanalytiker, Dataanalytiker, Systemanalytikere/-arkitekter",GJØVIK,http://data.europa.eu/esco/skill/3a2d5b45-56e4-4f5a-a55a-4a4a65afdc43,maskinlæring,exact
95fb382c-9676-4b2e-820a-ec68260737c3,Hjelpemidler,100% fysioterapeut,"Fysioterapeut, Fysioterapeut, Fysioterapeuter",RISSA,http://data.europa.eu/esco/skill/8759c352-8b00-498f-985a-935f13e1b043,hjelpemidler,exact
ac138393-6934-4525-ac4a-369f425f5fb3,Digitalisering,Controller (Rådgiver budsjett),"Controller, Revisorer og regnskapsrådgivere, Revisorer, regnskapsrådgivere, Budsjettrådgiver, Revisorer",BODØ,http://data.europa.eu/esco/skill/aa0d8201-5a8e-417f-81f4-c04601139582,digitalisering,exact
d03dcd1d-060b-4db3-bd54-b552afc8505d,BIM,Prosjektledere,"Andre administrative ledere, Prosjektleder, Prosjektleder",PORSGRUNN,http://data.europa.eu/esco/skill/fae7e545-5114-43cc-8e83-178e2549ecb9,bim,exact
32f43940-0a1c-407a-a86e-4818a118d402,Digitale systemer,"Prosjektmedarbeider i Váimmus - samisk naturbruk, kultur og verdensarv","Prosjektmedarbeider PMO, Prosjektmedarbeider PMO, Andre administrative ledere",KAUTOKEINO,http://data.europa.eu/esco/skill/397da142-ab35-48fe-b154-7c38f447adfb,digitale systemer,exact
15ab6052-c55f-45e1-86af-65a17806a436,IT,Join GS FLEET as a Software Architect,"Programvareutviklere, Software arkitekt, Systemanalytikere/-arkitekter, Software arkitekt/senior utvikler, IKT-systemarkitekt",OSLO,http://data.europa.eu/esco/skill/ddc3119d-1d6e-4324-9125-a3380d299ac5,IT,exact
15ab6052-c55f-45e1-86af-65a17806a436,SaaS,Join GS FLEET as a Software Architect,"Programvareutviklere, Software arkitekt, Systemanalytikere/-arkitekter, Software arkitekt/senior utvikler, IKT-systemarkitekt",OSLO,http://data.europa.eu/esco/skill/83218cac-3599-417e-93d2-26013cdccd98,SaaS,exact
5d6661c8-4b2e-4969-b9f4-ef0a8e763d7d,Elektronikk,Technical Sales Engineer,"Technical Sales Engineer, Technical Sales Engineer, Salgskonsulenter innen tekniske og medisinske produkter",OSLO,http://data.europa.eu/esco/skill/95c35c3a-035f-47c2-90cf-7e934d20fc08,elektronikk,exact
8717f497-861f-491a-91a2-d3a43ca742a7,IT-sikkerhet,Teknisk gransker -- digital etterforskning -- Agenda Risk,"Forsikringsagenter, Risikoanalytiker, Privatetterforskere mv., Privatetterforsker, privatetterforsker",OSLO,http://data.europa.eu/esco/skill/8088750d-8388-4170-a76f-48354c469c44,IT-sikkerhet,exact
4217cf03-f8f7-4fec-809f-ff7cba61ee73,IT-sikkerhet,Vil du lede og videreutvikle sikkerhets- og beredskapsarbeidet i ett av Norges største IT-miljøer?,"Andre ledere av produksjon og tjenesteyting, Sikkerhetsleder, Helse- og miljørådgivere, Beredskapsleder, beredskapskoordinator",OSLO,http://data.europa.eu/esco/skill/8088750d-8388-4170-a76f-48354c469c44,IT-sikkerhet,exact
4217cf03-f8f7-4fec-809f-ff7cba61ee73,Informasjonssikkerhet,Vil du lede og videreutvikle sikkerhets- og beredskapsarbeidet i ett av Norges største IT-miljøer?,"Andre ledere av produksjon og tjenesteyting, Sikkerhetsleder, Helse- og miljørådgivere, Beredskapsleder, beredskapskoordinator",OSLO,http://data.europa.eu/esco/skill/8088750d-8388-4170-a76f-48354c469c44,informasjonssikkerhet,exact
e5558e20-14ac-481e-a277-9f52a48a50c9,Digitalisering,Vil du utvikle deg innen lønn og digitalisering – og samtidig bidra til noe som betyr noe?,"Lønnsmedarbeider, Lønnsmedarbeider, Lønningsmedarbeidere",STAVANGER,http://data.europa.eu/esco/skill/aa0d8201-5a8e-417f-81f4-c04601139582,digitalisering,exact
075852ac-9a98-423d-822e-7cd396738fe7,Digitalisering,Vil du utvikle deg innen lønn og digitalisering – og samtidig bidra til noe som betyr noe?,"Lønnsmedarbeider, Lønnsmedarbeider, Lønningsmedarbeidere",STAVANGER,http://data.europa.eu/esco/skill/aa0d8201-5a8e-417f-81f4-c04601139582,digitalisering,exact
16072fed-d6ea-44e8-85da-cf70710bb760,Digitalisering,Vil du være med å bygge Norges domstolers digitale løsninger?,"IKT Løsningsarkitekt, IKT Løsningsarkitekt, Programvareutviklere, IT Løsningsarkitekt",TRONDHEIM,http://data.europa.eu/esco/skill/aa0d8201-5a8e-417f-81f4-c04601139582,digitalisering,exact
16072fed-d6ea-44e8-85da-cf70710bb760,IT,Vil du være med å bygge Norges domstolers digitale løsninger?,"IKT Løsningsarkitekt, IKT Løsningsarkitekt, Programvareutviklere, IT Løsningsarkitekt",TRONDHEIM,http://data.europa.eu/esco/skill/ddc3119d-1d6e-4324-9125-a3380d299ac5,IT,exact
16ebfbd0-c9aa-4fa8-a292-efc3b5d55cab,Cybersikkerhet,"Rådgiver/seniorrådgiver, digital sikkerhet og muliggjørende teknologier","IT-sikkerhetsrådgiver, IT-sikkerhetsrådgiver, Sikkerhetsanalytikere mv.",OSLO,http://data.europa.eu/esco/skill/8088750d-8388-4170-a76f-48354c469c44,cybersikkerhet,exact
16ebfbd0-c9aa-4fa8-a292-efc3b5d55cab,Digital sikkerhet,"Rådgiver/seniorrådgiver, digital sikkerhet og muliggjørende teknologier","IT-sikkerhetsrådgiver, IT-sikkerhetsrådgiver, Sikkerhetsanalytikere mv.",OSLO,http://data.europa.eu/esco/skill/8088750d-8388-4170-a76f-48354c469c44,digital sikkerhet,exact
4bf13d8a-7f52-4868-ae54-d4b23cd198b1,IT,Platform Engineer sentrale arbeidsflater,"Citrix systemadministrator, Systemadministratorer, Programvareutviklere, Client Platform Delivery Engineer, programvareutvikler",OSLO,http://data.europa.eu/esco/skill/ddc3119d-1d6e-4324-9125-a3380d299ac5,IT,exact
64d72232-b00c-4b23-aba3-32e37fc64b0a,Informasjonssikkerhet,Ønsker du en rolle med fagansvar og stor påvirkningskraft innen informasjonssikkerhet?,"Sikkerhetsanalytikere mv., Informasjonssikkerhetskonsulent, Sikkerhetsanalytikere mv., IT Security Advisor, Sikkerhetsanalytikere mv., Chief Information Security Officer (CISO), sjef for IKT-sikkerhet",RYGGE,http://data.europa.eu/esco/skill/8088750d-8388-4170-a76f-48354c469c44,informasjonssikkerhet,exact
6638b7fc-9f6c-4c5a-ac4c-c62a9bf60ce4,DevOps,Vil du være med å bygge og videreutvikle Skatteetatens kjerneplattform i sky?,"Programvareutviklere, Sky-arkitekt",OSLO,http://data.europa.eu/esco/skill/f0de4973-0a70-4644-8fd4-3a97080476f4,DevOps,exact
6638b7fc-9f6c-4c5a-ac4c-c62a9bf60ce4,IT,Vil du være med å bygge og videreutvikle Skatteetatens kjerneplattform i sky?,"Programvareutviklere, Sky-arkitekt",OSLO,http://data.europa.eu/esco/skill/ddc3119d-1d6e-4324-9125-a3380d299ac5,IT,exact
7510c106-67f8-43ad-9aac-589dbd4ed728,Datavarehus,"Vil du bygge bro mellom forretning, teknologi og data?","Informasjonsrådgivere, Informasjonsmedarbeider, Databasedesignere og -administratorer, Dataarkitekt, Databasedesignere og -administratorer, Databaseadministrator, databaseadministrator",OSLO,http://data.europa.eu/esco/skill/3ec2e4d6-7000-4905-bf1a-c5b1679416de,datavarehus,exact
79912cf8-2963-45e3-a0a8-ff67368e681c,Digitalisering,Vil du bidra til at digitaliseringsmiljøet i UDI har riktig kompetanse til riktig tid? ,"Andre administrative ledere, Digitaliseringsansvarlig, prosjektleder",OSLO,http://data.europa.eu/esco/skill/aa0d8201-5a8e-417f-81f4-c04601139582,digitalisering,exact
7f06ecbb-fb84-46eb-93cc-88e44babb23a,Maskinlæring,Dataanalytiker med hjerte for samfunn - bli med og forme fremtidens velferdstjenester! ,"Dataanalytiker, Dataanalytiker, Systemanalytikere/-arkitekter",OSLO,http://data.europa.eu/esco/skill/3a2d5b45-56e4-4f5a-a55a-4a4a65afdc43,maskinlæring,exact
7f06ecbb-fb84-46eb-93cc-88e44babb23a,Python,Dataanalytiker med hjerte for samfunn - bli med og forme fremtidens velferdstjenester! ,"Dataanalytiker, Dataanalytiker, Systemanalytikere/-arkitekter",OSLO,http://data.europa.eu/esco/skill/ccd0a1d9-afda-43d9-b901-96344886e14d,Python,exact
9007f0bc-1ec2-419f-b035-33f4ead49810,BI,Leder Innsikt og dataanalyse (VP insights and analytics),"Ledere av IKT-enheter, Avdelingsleder (databehandlingsvirksomhet), Systemanalytikere/-arkitekter, Dataanalytiker, dataanalytiker",OSLO,http://data.europa.eu/esco/skill/143769cb-b61e-47d8-a61e-eedfbec1016c,BI,exact
9007f0bc-1ec2-419f-b035-33f4ead49810,Dataanalyse,Leder Innsikt og dataanalyse (VP insights and analytics),"Ledere av IKT-enheter, Avdelingsleder (databehandlingsvirksomhet), Systemanalytikere/-arkitekter, Dataanalytiker, dataanalytiker",OSLO,http://data.europa.eu/esco/skill/97bd1c21-66b2-4b7e-ad0f-e3cda590e378,dataanalyse,exact
a2b262fd-94c2-467c-849e-709a825e5599,Digitalisering,Vi søker løsningsarkitekt!,"IKT Løsningsarkitekt, IKT Løsningsarkitekt, Programvareutviklere",OSLO,http://data.europa.eu/esco/skill/aa0d8201-5a8e-417f-81f4-c04601139582,digitalisering,exact
a2b262fd-94c2-467c-849e-709a825e5599,Informasjonssikkerhet,Vi søker løsningsarkitekt!,"IKT Løsningsarkitekt, IKT Løsningsarkitekt, Programvareutviklere",OSLO,http://data.europa.eu/esco/skill/8088750d-8388-4170-a76f-48354c469c44,informasjonssikkerhet,exact
e1a4565e-5339-4892-b420-d14235c85389,IT,Er du utvikler og har lyst til å være en del av et ledende fagmiljø? Vi trenger deg i Nav!,"Systemanalytikere/-arkitekter, Systemutvikler, IKT-systemutvikler",OSLO,http://data.europa.eu/esco/skill/ddc3119d-1d6e-4324-9125-a3380d299ac5,IT,exact
e1a4565e-5339-4892-b420-d14235c85389,Java,Er du utvikler og har lyst til å være en del av et ledende fagmiljø? Vi trenger deg i Nav!,"Systemanalytikere/-arkitekter, Systemutvikler, IKT-systemutvikler",OSLO,http://data.europa.eu/esco/skill/19a8293b-8e95-4de3-983f-77484079c389,Java,exact
e22c7ad8-a880-4193-8bfa-490142409488,IT,"Teknisk begavet med engasjement for samfunnsoppdraget til Skatteetaten? 
","Systemanalytikere/-arkitekter, Applikasjonsforvalter, IKT-systemadministrator, Systemadministratorer, Systemforvalter",OSLO,http://data.europa.eu/esco/skill/ddc3119d-1d6e-4324-9125-a3380d299ac5,IT,exact
ee3e2bfa-a5b2-41e8-b121-13f4ab522094,Kvantitativ analyse,Er du samfunnsanalytikeren som vil gjøre utdanning mulig? ,"Rådgivere/forskere, samfunnsøkonomi, Samfunnsøkonom, Rådgivere/forskere, samfunnsvitenskap, Statsviter, statsviter",OSLO,http://data.europa.eu/esco/skill/6360a934-cc87-4954-9656-b32db20592e3,kvantitativ analyse,exact
f9595149-ebdb-4c1e-b761-09ee3fa8dcf9,Digitalisering,Seksjonsleiar  - digital innovasjon og operasjonalisering,"Andre administrative ledere, Seksjonsleder (offentlig administrasjon)",OSLO,http://data.europa.eu/esco/skill/aa0d8201-5a8e-417f-81f4-c04601139582,digitalisering,exact
ff00da88-6233-42ec-b28e-ce6ebe289cf8,Digitalisering,Arkivar ,"Arkivar, Arkivar, Arkivarer og kuratorer",OSLO,http://data.europa.eu/esco/skill/aa0d8201-5a8e-417f-81f4-c04601139582,digitalisering,exact
ff57d999-489e-40db-a351-91e6333d512a,DNS,Er du interessert i sky? Liker du å jobbe med nettverk? Les videre!,"Programvareutviklere, Systemadministratorer, Nettverksansvarlige, IKT-nettverksingeniør, Sky-arkitekt, Nettverksadministrator, Nettverksansvarlig",TRONDHEIM,http://data.europa.eu/esco/skill/071233c4-ad2b-4f50-b79f-768d2231163e,DNS,exact
ff57d999-489e-40db-a351-91e6333d512a,IT,Er du interessert i sky? Liker du å jobbe med nettverk? Les videre!,"Programvareutviklere, Systemadministratorer, Nettverksansvarlige, IKT-nettverksingeniør, Sky-arkitekt, Nettverksadministrator, Nettverksansvarlig",TRONDHEIM,http://data.europa.eu/esco/skill/ddc3119d-1d6e-4324-9125-a3380d299ac5,IT,exact
7335f981-82c0-4d6f-920c-8bf84d72700b,dataanalyse,CRM Advisor ,"Applikasjonsprogrammerere, CRM Application Engineer, IKT-programutvikler",OSLO,http://data.europa.eu/esco/skill/97bd1c21-66b2-4b7e-ad0f-e3cda590e378,dataanalyse,exact
5a32b721-e722-43fd-bdd8-b52117d98e7b,SAP,Vil du lede lagerdriften som støtter Forsvarets beredskap i nord?,"Lagerleder, Lagermedarbeidere og materialforvaltere",MOSJØEN,http://data.europa.eu/esco/skill/f8e3425c-fe44-4ffb-bafe-0e20d91dadf4,SAP,exact
9247a640-78b0-4fef-8ddf-8a2dc75726f4,SAP,Vil du jobbe med logistikk i en av Forsvarets viktigste forsyningskjeder i nord?,"Logistiker, Logistiker, Logistikkmedarbeidere",HARSTAD,http://data.europa.eu/esco/skill/f8e3425c-fe44-4ffb-bafe-0e20d91dadf4,SAP,exact
9826b015-9f72-402d-b8f5-c12792cc3172,SAP,Har du lyst til å jobbe med hele spekteret av HR-oppgaver? Da kan du være vår nye HR-rådgiver!,"Personalkonsulent, Personalkonsulent, Personal- og karriererådgivere",SORTLAND,http://data.europa.eu/esco/skill/f8e3425c-fe44-4ffb-bafe-0e20d91dadf4,SAP,exact
9a39a335-fc01-468a-8fda-1e85ba6a51ca,Digitalisering,"Seniorrådgiver, IT porteføljestyring","Systemanalytikere/-arkitekter, Seniorrådgiver (IT), IKT-konsulent",OSLO,http://data.europa.eu/esco/skill/aa0d8201-5a8e-417f-81f4-c04601139582,digitalisering,exact
9a39a335-fc01-468a-8fda-1e85ba6a51ca,IT,"Seniorrådgiver, IT porteføljestyring","Systemanalytikere/-arkitekter, Seniorrådgiver (IT), IKT-konsulent",OSLO,http://data.europa.eu/esco/skill/ddc3119d-1d6e-4324-9125-a3380d299ac5,IT,exact
b5c23aef-f10b-4c52-8752-b983c1b0548d,SAP,Vil du lede lagerdriften som støtter Forsvarets beredskap i nord?,"Lagerleder, Lagermedarbeidere og materialforvaltere",BODØ,http://data.europa.eu/esco/skill/f8e3425c-fe44-4ffb-bafe-0e20d91dadf4,SAP,exact
c6a0f5bf-8b45-4073-9fd2-4dd4ab89e5f9,IT,Ready to launch your cyber security career?,"Andre sivilingeniører( unntatt elektroteknologi), Prosjektingeniør, Prosjektingeniør",KOKSTAD,http://data.europa.eu/esco/skill/ddc3119d-1d6e-4324-9125-a3380d299ac5,IT,exact
c6a0f5bf-8b45-4073-9fd2-4dd4ab89e5f9,cybersikkerhet,Ready to launch your cyber security career?,"Andre sivilingeniører( unntatt elektroteknologi), Prosjektingeniør, Prosjektingeniør",KOKSTAD,http://data.europa.eu/esco/skill/8088750d-8388-4170-a76f-48354c469c44,cybersikkerhet,exact
c6a0f5bf-8b45-4073-9fd2-4dd4ab89e5f9,digitalisering,Ready to launch your cyber security career?,"Andre sivilingeniører( unntatt elektroteknologi), Prosjektingeniør, Prosjektingeniør",KOKSTAD,http://data.europa.eu/esco/skill/aa0d8201-5a8e-417f-81f4-c04601139582,digitalisering,exact
3f4b0165-2a1c-4686-8e1d-55719fd09c6e,IT,Vil du være med å utvikle teknologi som redder liv?,"Systemanalytikere/-arkitekter, Systemutvikler, Systemutvikler",OSLO,http://data.europa.eu/esco/skill/ddc3119d-1d6e-4324-9125-a3380d299ac5,IT,exact
3f4b0165-2a1c-4686-8e1d-55719fd09c6e,PHP,Vil du være med å utvikle teknologi som redder liv?,"Systemanalytikere/-arkitekter, Systemutvikler, Systemutvikler",OSLO,http://data.europa.eu/esco/skill/4350c38d-0fe9-4ca7-bab9-40ed7f72b04f,PHP,exact
2fedfb40-44c6-446a-b257-3a30e549b7a8,Database,Database administrator,"Databaseadministrator, Databaseadministrator, Databasedesignere og -administratorer",LODDEFJORD,http://data.europa.eu/esco/skill/43ae58b9-5e56-4524-b45a-b422777a0576,database,exact
2fedfb40-44c6-446a-b257-3a30e549b7a8,IT,Database administrator,"Databaseadministrator, Databaseadministrator, Databasedesignere og -administratorer",LODDEFJORD,http://data.europa.eu/esco/skill/ddc3119d-1d6e-4324-9125-a3380d299ac5,IT,exact
eb4b5521-7b0e-412e-b178-709df889f70b,Digitalisering,Avdelingssjef Digitalisering,"Avdelingsleder, Avdelingsleder, Andre ledere av produksjon og tjenesteyting",KJELLER,http://data.europa.eu/esco/skill/aa0d8201-5a8e-417f-81f4-c04601139582,digitalisering,exact
eb4b5521-7b0e-412e-b178-709df889f70b,IT,Avdelingssjef Digitalisering,"Avdelingsleder, Avdelingsleder, Andre ledere av produksjon og tjenesteyting",KJELLER,http://data.europa.eu/esco/skill/ddc3119d-1d6e-4324-9125-a3380d299ac5,IT,exact
8dde91fd-ef4f-43fd-805b-87238b103653,Adobe Illustrator,Medarbeider TINE Digitaltrykk,"Trykker digitaltrykk, Trykker digitaltrykk, Trykkere, Digitaltrykker",OSLO,http://data.europa.eu/esco/skill/27b913f0-3c52-448b-ad27-fc6ef08fb326,Adobe Illustrator,exact
8dde91fd-ef4f-43fd-805b-87238b103653,Digitaltrykk,Medarbeider TINE Digitaltrykk,"Trykker digitaltrykk, Trykker digitaltrykk, Trykkere, Digitaltrykker",OSLO,http://data.europa.eu/esco/skill/094ef6aa-844f-44ce-8456-fdc49276bf58,digitaltrykk,exact
507c80e2-ccf9-43ae-aff8-4d22924c5c3a,Elektronikk,Kjell & Co (Amfi Vågen i Sandnes) søker selger!,"Selger, Selger, Butikkmedarbeidere",SANDNES,http://data.europa.eu/esco/skill/95c35c3a-035f-47c2-90cf-7e934d20fc08,elektronikk,exact
d65469b8-14b0-4399-b681-a240b70ea932,IT-sikkerhet,Vi søker deg som brenner for stabil drift og smarte IT-tjenester,"Systemadministrator, Systemadministrator, Systemadministratorer",OSLO,http://data.europa.eu/esco/skill/8088750d-8388-4170-a76f-48354c469c44,IT-sikkerhet,exact
ba4ba0e2-f96c-48b0-9aa4-617bc5f2fe5a,Elektronikk,Kjell & Co Kvadrat i Sandnes søker selger,"Selger, Selger, Butikkmedarbeidere",SANDNES,http://data.europa.eu/esco/skill/95c35c3a-035f-47c2-90cf-7e934d20fc08,elektronikk,exact
668e94ce-66ae-4313-a005-025e1b9255bb,UX,Bygg neste generasjons løsninger i Innovasjon Norge,"Tjenestedesigner, Tjenestedesigner, Grafiske og multimediadesignere",OSLO,http://data.europa.eu/esco/skill/07dd856d-6141-48a7-a228-918f88494812,UX,exact
1c2f6f80-bbca-490e-9ac9-3c2bafd3d29d,Digitalisering,Medarbeider innen økonomi og administrasjon søkes,"Regnskapsmedarbeidere, Økonomimedarbeider, Kontormedarbeidere, Administrasjonsmedarbeider, kontormedarbeider",EIDE,http://data.europa.eu/esco/skill/aa0d8201-5a8e-417f-81f4-c04601139582,digitalisering,exact
280b92f9-77e7-4d33-aad4-5d0845c5b7aa,Elektronikk,Vil du utvikle deg i et sterkt fagmiljø innen signal og jernbane?,"Signalingeniør teleteknikk, Signalingeniør teleteknikk, Elektronikkingeniører",OSLO,http://data.europa.eu/esco/skill/95c35c3a-035f-47c2-90cf-7e934d20fc08,elektronikk,exact
280b92f9-77e7-4d33-aad4-5d0845c5b7aa,Kybernetikk,Vil du utvikle deg i et sterkt fagmiljø innen signal og jernbane?,"Signalingeniør teleteknikk, Signalingeniør teleteknikk, Elektronikkingeniører",OSLO,http://data.europa.eu/esco/skill/fc5818b4-66f9-498b-a1bc-ff651db2af68,kybernetikk,exact
8e261a6c-fe8f-4c30-85d0-db8c6e017529,Dataanalyse,Prosessingeniør - BioMar Karmøy,"Prosessingeniør, Prosessingeniør, Sivilingeniører (industri og produksjon)",AVALDSNES,http://data.europa.eu/esco/skill/97bd1c21-66b2-4b7e-ad0f-e3cda590e378,dataanalyse,exact
05e99a1f-a1aa-449b-a7a8-4b1cc09f70ca,C#,Join HMH in their quest to solve tomorrow’s challenges and innovate our future!,"Elektronikkingeniører, Automasjonsingeniør, Sivilingeniører (elektronikk);, PLC programmerer, tekniker, maskinvare",KRISTIANSAND S,http://data.europa.eu/esco/skill/4c016b68-4116-468c-9dc6-42710c239e4a,C#,exact
05e99a1f-a1aa-449b-a7a8-4b1cc09f70ca,PLC,Join HMH in their quest to solve tomorrow’s challenges and innovate our future!,"Elektronikkingeniører, Automasjonsingeniør, Sivilingeniører (elektronikk);, PLC programmerer, tekniker, maskinvare",KRISTIANSAND S,http://data.europa.eu/esco/skill/6468e5fb-f3be-4025-87be-4b6556755c61,PLC,exact
05e99a1f-a1aa-449b-a7a8-4b1cc09f70ca,Python,Join HMH in their quest to solve tomorrow’s challenges and innovate our future!,"Elektronikkingeniører, Automasjonsingeniør, Sivilingeniører (elektronikk);, PLC programmerer, tekniker, maskinvare",KRISTIANSAND S,http://data.europa.eu/esco/skill/ccd0a1d9-afda-43d9-b901-96344886e14d,Python,exact
06fdda3c-8892-4be5-9e2a-be059499d849,Systemdesign,Bli en nøkkelressurs i AFRYs vekst og industrisatsning på Herøya,"Senior ingeniør automasjon, Senior ingeniør automasjon, Elektronikkingeniører, Elektronikkingeniører, Automasjonsingeniør",PORSGRUNN,http://data.europa.eu/esco/skill/fae27053-8924-4bfd-b565-c9fe502044c9,systemdesign,exact
3ab41826-a244-4fdc-a07b-1269c1178e9f,elektronikk,Elkjøp Stavanger Sentrum søker Service Advisor,"Kundeservicekonsulent, Kundesentermedarbeidere, Butikkmedarbeidere, Kundeservicemedarbeider (salg), salgsassistent",STAVANGER,http://data.europa.eu/esco/skill/95c35c3a-035f-47c2-90cf-7e934d20fc08,elektronikk,exact
5d44a8eb-d9e3-4b15-ac04-67f3c86f2c45,Grafisk design,Grafisk Designer,"Grafisk designer, Grafisk designer, Grafiske og multimediadesignere",ARNATVEIT,http://data.europa.eu/esco/skill/7fb699d9-182a-430e-b7a0-6d8ed05c284b,grafisk design,exact
8ac9dddf-4b69-4765-b604-5b2a09d8785b,Maskinlæring,Data scientist,"Forsker datavitenskap, Forsker datavitenskap, Systemanalytikere/-arkitekter",OSLO,http://data.europa.eu/esco/skill/3a2d5b45-56e4-4f5a-a55a-4a4a65afdc43,maskinlæring,exact
8ac9dddf-4b69-4765-b604-5b2a09d8785b,Python,Data scientist,"Forsker datavitenskap, Forsker datavitenskap, Systemanalytikere/-arkitekter",OSLO,http://data.europa.eu/esco/skill/ccd0a1d9-afda-43d9-b901-96344886e14d,Python,exact
dd1354c9-2437-47d2-833b-c07a0d72de72,PowerShell,Bli vår Microsoft 365 Fagansvarlig,"Microsoft Office 365 utvikler, Microsoft Office 365 utvikler, Programvareutviklere",HAMAR,http://data.europa.eu/esco/skill/21d2f96d-35f7-4e3f-9745-c533d2dd6e97,PowerShell,exact
ea4cbeee-9a19-499b-8002-40f6ece6ea34,Tekniske tegninger,Poszukujemy doswiadczonych ciesli konstrukcyjnych.,"Tømrer, Tømrer, Tømrere og snekkere",TRONDHEIM,http://data.europa.eu/esco/skill/59ea80e1-463a-4dba-82c6-d0b6d577d532,tekniske tegninger,exact
83e68f67-24e3-4a93-b11d-aad3aa631ac8,Elektronikk,Landbruksmekaniker/servicetekniker -- Norges kanskje viktigste yrke,"Landbruksmaskinmekaniker, Anleggsmaskin- og industrimekanikere, Andre ingeniører, Servicetekniker, servicetekniker, ettersalg",JAREN,http://data.europa.eu/esco/skill/95c35c3a-035f-47c2-90cf-7e934d20fc08,elektronikk,exact
ad98840e-11de-4132-ad5e-94e52703eabe,Elektronikk,Elkjøp Stavanger Sentrum søker Senior Service Advisor,"Kundeservicekonsulent, Kundeservicekonsulent, Kundesentermedarbeidere",STAVANGER,http://data.europa.eu/esco/skill/95c35c3a-035f-47c2-90cf-7e934d20fc08,elektronikk,exact
461afd5c-bc96-4461-9d1b-cc2da5f01bdf,Digitalisering,Seniorrådgiver -  Digital organisasjonsutvikling og informasjonssikkerhet,"IT-sikkerhetsrådgiver, Sikkerhetsanalytikere mv., Sikkerhetsanalytikere mv., Seniorrådgiver informasjonssikkerhet, Organisasjonsrådgivere mv., Organisasjonsrådgiver, Organisasjonsrådgivere mv., Organisasjonsrådgivere mv., Organisasjonsrådgiver IKT",BODØ,http://data.europa.eu/esco/skill/aa0d8201-5a8e-417f-81f4-c04601139582,digitalisering,exact
461afd5c-bc96-4461-9d1b-cc2da5f01bdf,Informasjonssikkerhet,Seniorrådgiver -  Digital organisasjonsutvikling og informasjonssikkerhet,"IT-sikkerhetsrådgiver, Sikkerhetsanalytikere mv., Sikkerhetsanalytikere mv., Seniorrådgiver informasjonssikkerhet, Organisasjonsrådgivere mv., Organisasjonsrådgiver, Organisasjonsrådgivere mv., Organisasjonsrådgivere mv., Organisasjonsrådgiver IKT",BODØ,http://data.europa.eu/esco/skill/8088750d-8388-4170-a76f-48354c469c44,informasjonssikkerhet,exact
3910c7b3-e714-4c4d-aa0c-f2a8700eccd5,IT,Er du prosjektcontroller og vil bidra til god økonomistyring i politiet?,"Prosjektcontroller, Prosjektcontroller, Revisorer og regnskapsrådgivere",OSLO,http://data.europa.eu/esco/skill/ddc3119d-1d6e-4324-9125-a3380d299ac5,IT,exact
3f1dec34-ebfe-4d71-9db6-b444be4a1c86,IT,"Fremtidens folkeregister – et hjem for oss, et hjem for deg? ","IKT Løsningsarkitekt, IKT Løsningsarkitekt, Programvareutviklere",OSLO,http://data.europa.eu/esco/skill/ddc3119d-1d6e-4324-9125-a3380d299ac5,IT,exact
549e7529-485e-4050-8ad8-b090e2f9d4e6,SAP,"Bli med og sikre kvaliteten på Norges  avanserte stridskjøretøy

","Overingeniør teknisk drift, Overingeniør teknisk drift, Sivilingeniører (maskin- og marinteknikk)",KOLSÅS,http://data.europa.eu/esco/skill/f8e3425c-fe44-4ffb-bafe-0e20d91dadf4,SAP,exact
5970c1bc-90e1-433b-a3e8-dcbc93a232f4,Dataanalyse,"1181 Senioringeniør ved FG Dyphavsfisk, hai og skalldyr","Senioringeniør, Senioringeniør, Andre ingeniører",TROMSØ,http://data.europa.eu/esco/skill/97bd1c21-66b2-4b7e-ad0f-e3cda590e378,dataanalyse,exact
5970c1bc-90e1-433b-a3e8-dcbc93a232f4,R,"1181 Senioringeniør ved FG Dyphavsfisk, hai og skalldyr","Senioringeniør, Senioringeniør, Andre ingeniører",TROMSØ,http://data.europa.eu/esco/skill/51586df8-1c46-4b47-8583-773cb63bf00b,R,exact
605c008f-a1af-4135-8c17-944ed28fdae5,IT,Vil du bidra i utvikling av internkontroll i politiet?,"Jurister og advokater, Jurist, Rådgivere/forskere, samfunnsøkonomi, Økonom, Revisorer, regnskapsrådgivere, Revisor, Systemanalytikere/-arkitekter, IT-revisor (risikokontroll), IT-kontrollør",OSLO,http://data.europa.eu/esco/skill/ddc3119d-1d6e-4324-9125-a3380d299ac5,IT,exact
88c6930e-01dd-4299-8514-7da76e03d0ad,Digitalisering,Vi søker rådgiver innen  dokumentforvaltning,"Arkivarer og kuratorer, Dokumentforvalter, Bibliotekarer og andre informasjonsarbeidere, Rådgiver Dokumentasjon, Høyere saksbehandlere i offentlig og privat virksomhet, Rådgiver (offentlig administrasjon), Høyere saksbehandlere i offentlig og privat virksomhet",STEINKJER,http://data.europa.eu/esco/skill/aa0d8201-5a8e-417f-81f4-c04601139582,digitalisering,exact
8fbec83b-7de7-4004-8ffe-91025a0dcbca,Dataanalyse,Nysgjerrig på verdensrommet? Bli med på utviklingen av Forsvarets romoperasjoner,"Høyere saksbehandlere i offentlig og privat virksomhet, Etterretningsanalytiker (kriminelle handlinger)",OSLO,http://data.europa.eu/esco/skill/97bd1c21-66b2-4b7e-ad0f-e3cda590e378,dataanalyse,exact
aeb1ca8d-debf-44cd-9102-713af1bcc8c0,Hjelpemidler,"Sosial, humørfylt jente på 17 år søker BPA-assistenter i skole / hjemme.","Brukerstyrt personlig assistent (BPA), Brukerstyrt personlig assistent (BPA), Hjemmehjelper",RANHEIM,http://data.europa.eu/esco/skill/8759c352-8b00-498f-985a-935f13e1b043,hjelpemidler,exact
be4504b8-28b3-4102-af2e-07babdf3c1d9,Digitalisering,Seksjonsleiar - senter for kliniske fagsystem,"Ledere av helsetjenester, Avdelingsleder innen helsetjenester, Ledere av helsetjenester, Ledere av helsetjenester, Avdelingsleder ved sykehus",FØRDE,http://data.europa.eu/esco/skill/aa0d8201-5a8e-417f-81f4-c04601139582,digitalisering,exact
d1d51497-dd3e-4f08-9190-2bd977038d9e,Hjelpemidler,Er du glad i barn og ønsker du en meningsfull jobb? Jeg er en jente på 8 år som søker etter deg!,"Helsefagarbeider, Helsefagarbeidere, Hjemmehjelper, BPA Personlig assistent, Vernepleiere, Vernepleier, Sykepleiere, Sykepleier, Barnehage- og skolefritidsassistenter mv., Barne- og ungdomsarbeider, ungdomskonsulent",OS,http://data.europa.eu/esco/skill/8759c352-8b00-498f-985a-935f13e1b043,hjelpemidler,exact
d7c066e4-9651-40e7-805c-a1c1732c6d7b,Hjelpemidler,"Ergoterapeut, 100% fast stilling","Ergoterapeut, Ergoterapeut, Ergoterapeuter",HAUGESUND,http://data.europa.eu/esco/skill/8759c352-8b00-498f-985a-935f13e1b043,hjelpemidler,exact
ddbea419-ddcb-42fd-889a-0168961cea68,IT-sikkerhet,Vil du lede og videreutvikle sikkerhets- og beredskapsarbeidet i ett av Norges største IT-miljøer? ,"Sikkerhetsrådgiver (helse, miljø og driftssikkerhet), Sikkerhetsrådgiver (helse, miljø og driftssikkerhet), Andre ingeniører",OSLO,http://data.europa.eu/esco/skill/8088750d-8388-4170-a76f-48354c469c44,IT-sikkerhet,exact
a7edb991-f68c-4098-a00c-bd6eec563b18,Adobe Creative Suite,"Create content that inspires, informs and strengthens Nammo's global brand.","Web Producer, Nett- og multimediautviklere, Reklame- og markedsføringsrådgivere, Digital innholdsprodusent, Reklame- og markedsføringsrådgivere, Markedsføringskonsulent, markedsføringskonsulent",RAUFOSS,http://data.europa.eu/esco/skill/719d8699-a221-4b5a-8fc3-68a8645cbe03,adobe creative suite,exact
a7edb991-f68c-4098-a00c-bd6eec563b18,Grafisk design,"Create content that inspires, informs and strengthens Nammo's global brand.","Web Producer, Nett- og multimediautviklere, Reklame- og markedsføringsrådgivere, Digital innholdsprodusent, Reklame- og markedsføringsrådgivere, Markedsføringskonsulent, markedsføringskonsulent",RAUFOSS,http://data.europa.eu/esco/skill/7fb699d9-182a-430e-b7a0-6d8ed05c284b,grafisk design,exact
9685ed5f-cb5e-4712-9c4e-38b227966728,Digitalisering,Vil du bygge digitale løsninger for Oslo kommunes eiendomsportefølje?,"PC Power User SIZ, Brukerstøttere, IKT, Systemanalytikere/-arkitekter, Utvikler av intelligente IKT-systemer, utvikler av IKT-intelligenssystemer",OSLO,http://data.europa.eu/esco/skill/aa0d8201-5a8e-417f-81f4-c04601139582,digitalisering,exact
9685ed5f-cb5e-4712-9c4e-38b227966728,IT,Vil du bygge digitale løsninger for Oslo kommunes eiendomsportefølje?,"PC Power User SIZ, Brukerstøttere, IKT, Systemanalytikere/-arkitekter, Utvikler av intelligente IKT-systemer, utvikler av IKT-intelligenssystemer",OSLO,http://data.europa.eu/esco/skill/ddc3119d-1d6e-4324-9125-a3380d299ac5,IT,exact
2e606061-633a-429a-b191-fddc3f81440a,Python,Vil du bruke data til å skape bedre kundeopplevelser og smartere beslutninger?,"Systemanalytikere/-arkitekter, Dataanalytiker, dataanalytiker",LYSAKER,http://data.europa.eu/esco/skill/ccd0a1d9-afda-43d9-b901-96344886e14d,Python,exact
738a76c8-7542-4b49-adff-3a29467945fa,Business intelligence,Vil du omsette data til innsikt som påvirker beslutninger i Storebrand?,"Dataanalytiker, Dataanalytiker, Systemanalytikere/-arkitekter",LYSAKER,http://data.europa.eu/esco/skill/143769cb-b61e-47d8-a61e-eedfbec1016c,business intelligence,exact
738a76c8-7542-4b49-adff-3a29467945fa,Python,Vil du omsette data til innsikt som påvirker beslutninger i Storebrand?,"Dataanalytiker, Dataanalytiker, Systemanalytikere/-arkitekter",LYSAKER,http://data.europa.eu/esco/skill/ccd0a1d9-afda-43d9-b901-96344886e14d,Python,exact
738a76c8-7542-4b49-adff-3a29467945fa,R,Vil du omsette data til innsikt som påvirker beslutninger i Storebrand?,"Dataanalytiker, Dataanalytiker, Systemanalytikere/-arkitekter",LYSAKER,http://data.europa.eu/esco/skill/51586df8-1c46-4b47-8583-773cb63bf00b,R,exact
45de2045-f034-4b3e-b21a-3449f1dbd345,CT,Er du radiograf med interesse for CT?,"Radiograf, Radiograf, Radiografer mv.",LØRENSKOG,http://data.europa.eu/esco/skill/21d2f96d-35f7-4e3f-9745-c533d2dd6e97,cT,exact
0fc0f91b-d29a-4c82-808a-bc358553349c,Digitalisering,"Vil du forme teknologi, arkitektur og digitale løsninger for samfunnskritiske tjenester i helse og beredskap?","IT arkitekt, IT arkitekt, Systemanalytikere/-arkitekter",GJØVIK,http://data.europa.eu/esco/skill/aa0d8201-5a8e-417f-81f4-c04601139582,digitalisering,exact
0fc0f91b-d29a-4c82-808a-bc358553349c,Informasjonssikkerhet,"Vil du forme teknologi, arkitektur og digitale løsninger for samfunnskritiske tjenester i helse og beredskap?","IT arkitekt, IT arkitekt, Systemanalytikere/-arkitekter",GJØVIK,http://data.europa.eu/esco/skill/8088750d-8388-4170-a76f-48354c469c44,informasjonssikkerhet,exact
dcfca952-a527-404c-adc3-cfb16f5c98d0,elektronikk,Elkjøp Ski søker Service Advisor i 20% og 60%,"Kundeservicekonsulent, Kundesentermedarbeidere, Butikkmedarbeidere, Butikkmedarbeider, butikkmedarbeider",SKI,http://data.europa.eu/esco/skill/95c35c3a-035f-47c2-90cf-7e934d20fc08,elektronikk,exact
4e7e7117-a1c2-4a87-b7fa-6fc26efb1e6e,Informasjonssikkerhet,Seniorkonsulent Data Governance og AI Governance \| Consulting \| Oslo,"Andre sivilingeniører (unntatt elektroteknologi);, Seniorkonsulent (andre sivilingeniører), Andre sivilingeniører (unntatt elektroteknologi)",OSLO,http://data.europa.eu/esco/skill/8088750d-8388-4170-a76f-48354c469c44,informasjonssikkerhet,exact
c8f0ba7c-df93-4ceb-ab0c-65d631d3006b,Kybernetikk,Vil du være med å automatisere fremtidens vann- og avløpsanlegg ?,"Elektronikkingeniører, Automasjonsingeniør, tekniker, instrumentering",OSLO,http://data.europa.eu/esco/skill/fc5818b4-66f9-498b-a1bc-ff651db2af68,kybernetikk,exact
d9ecda5f-fb3b-48bb-a801-51fd852eed68,Digitalisering,Seniorkonsulent Program Risk Management \| Consulting \| Oslo,"Finansanalytikere, Seniorkonsulent markedsanalyse, Finansanalytikere, Seniorkonsulent forretningsutvikling, Systemanalytikere/-arkitekter, Seniorkonsulent data, IKT-konsulent",OSLO,http://data.europa.eu/esco/skill/aa0d8201-5a8e-417f-81f4-c04601139582,digitalisering,exact
ea9ddcd6-dda7-4dc8-9532-1bbbfce0fd37,IT,Lead Data Engineer,"Dataingeniør, Dataingeniør, Sivilingeniører (elektronikk)",OSLO,http://data.europa.eu/esco/skill/ddc3119d-1d6e-4324-9125-a3380d299ac5,IT,exact
295d60bd-7281-4966-9838-bb0dab9d9bc2,Elektronikk,Elkjøp Nordre Gate søker Selgere (deltid),"Sales Advisor, Andre salgsmedarbeidere",TRONDHEIM,http://data.europa.eu/esco/skill/95c35c3a-035f-47c2-90cf-7e934d20fc08,elektronikk,exact
8b16218b-e06c-40d7-ab5d-2a0f8683417c,IT,Build your career in Enterprise Service Management by joining Deloitte’s ServiceNow Team!,"Reklame- og markedsføringsrådgivere, Konsulent (forretningsutvikling), Organisasjonsrådgivere mv., BI (Business intelligence) Consultant, sjef for virksomhetsetterretning",OSLO,http://data.europa.eu/esco/skill/ddc3119d-1d6e-4324-9125-a3380d299ac5,IT,exact
1dc69e6c-4659-4ec8-9ef7-de72dcd8dc2e,Kontrollsystemer,Project engineer subsea control systems - 28424,"Ingeniører innen petroleum, bergverk og metallurgi, Undervannsingeniør, Undervannsingeniør",STAVANGER,http://data.europa.eu/esco/skill/4ff549c3-daa5-4def-9916-301c7bdf13b8,kontrollsystemer,exact
60b7bb4d-d4ea-4b7a-a824-132fb2c8e94b,DevOps,Integrasjonsutvikler,"Programvareutviklere, Systemanalytikere/-arkitekter, utvikler av IKT-intelligenssystemer, DevOps-ingeniør, Utvikler av intelligente IKT-systemer",OSLO,http://data.europa.eu/esco/skill/f0de4973-0a70-4644-8fd4-3a97080476f4,DevOps,exact
60b7bb4d-d4ea-4b7a-a824-132fb2c8e94b,IT,Integrasjonsutvikler,"Programvareutviklere, Systemanalytikere/-arkitekter, utvikler av IKT-intelligenssystemer, DevOps-ingeniør, Utvikler av intelligente IKT-systemer",OSLO,http://data.europa.eu/esco/skill/ddc3119d-1d6e-4324-9125-a3380d299ac5,IT,exact
be3ac58e-1e56-42a6-a1a9-cde94b79a04a,Elektronikk,Avdelingsleder,"Avdelingsleder, Avdelingsleder, Andre ledere av produksjon og tjenesteyting, Avdelingsansvarlig",ARENDAL,http://data.europa.eu/esco/skill/95c35c3a-035f-47c2-90cf-7e934d20fc08,elektronikk,exact
01524899-aea5-49c3-9c25-9a8c90b05a7f,DevOps,Senior Infrastrukturutvikler Linux ,"Senior Linux System Administrator, Senior Linux System Administrator, Systemadministratorer",OSLO,http://data.europa.eu/esco/skill/f0de4973-0a70-4644-8fd4-3a97080476f4,DevOps,exact
01524899-aea5-49c3-9c25-9a8c90b05a7f,Python,Senior Infrastrukturutvikler Linux ,"Senior Linux System Administrator, Senior Linux System Administrator, Systemadministratorer",OSLO,http://data.europa.eu/esco/skill/ccd0a1d9-afda-43d9-b901-96344886e14d,Python,exact
126a9ac7-c087-4fa6-b271-8dca7b9a60e0,Digitalisering,Power Plattform utvikler,"Plattform Manager, Systemanalytikere/-arkitekter, Systemanalytikere/-arkitekter, Systemutvikler, IKT-systemutvikler",OSLO,http://data.europa.eu/esco/skill/aa0d8201-5a8e-417f-81f4-c04601139582,digitalisering,exact
126a9ac7-c087-4fa6-b271-8dca7b9a60e0,IT,Power Plattform utvikler,"Plattform Manager, Systemanalytikere/-arkitekter, Systemanalytikere/-arkitekter, Systemutvikler, IKT-systemutvikler",OSLO,http://data.europa.eu/esco/skill/ddc3119d-1d6e-4324-9125-a3380d299ac5,IT,exact
25e60acd-9d8c-4d6c-b33c-321c6e87d4af,GDPR,Vil du bli vår nye IT-rådgiver?,"IT-konsulent, IT-konsulent, Systemanalytikere/-arkitekter, Rådgiver IKT",TØNSBERG,http://data.europa.eu/esco/skill/d3e9b00a-0891-4fa8-836d-8240ec3d2758,GDPR,exact
25e60acd-9d8c-4d6c-b33c-321c6e87d4af,informasjonssikkerhet,Vil du bli vår nye IT-rådgiver?,"IT-konsulent, IT-konsulent, Systemanalytikere/-arkitekter, Rådgiver IKT",TØNSBERG,http://data.europa.eu/esco/skill/8088750d-8388-4170-a76f-48354c469c44,informasjonssikkerhet,exact
3078ccba-2676-4ec4-911c-b9acbaf375d6,Digitalisering,Produkteier integrasjoner,"Ledere av IKT-enheter, Produkteier, Produkteier",OSLO,http://data.europa.eu/esco/skill/aa0d8201-5a8e-417f-81f4-c04601139582,digitalisering,exact
3078ccba-2676-4ec4-911c-b9acbaf375d6,IT,Produkteier integrasjoner,"Ledere av IKT-enheter, Produkteier, Produkteier",OSLO,http://data.europa.eu/esco/skill/ddc3119d-1d6e-4324-9125-a3380d299ac5,IT,exact
3078ccba-2676-4ec4-911c-b9acbaf375d6,Smidig,Produkteier integrasjoner,"Ledere av IKT-enheter, Produkteier, Produkteier",OSLO,http://data.europa.eu/esco/skill/bec4359e-cb92-468f-a997-8fb28e32fba9,smidig,exact
4342cd64-5436-47ca-877d-94314c3f5492,Digitalisering,Systemansvarlig,"Systemadministrator, Systemadministrator, Systemadministratorer, Systemansvarlig",ASKER,http://data.europa.eu/esco/skill/aa0d8201-5a8e-417f-81f4-c04601139582,digitalisering,exact
4342cd64-5436-47ca-877d-94314c3f5492,IT,Systemansvarlig,"Systemadministrator, Systemadministrator, Systemadministratorer, Systemansvarlig",ASKER,http://data.europa.eu/esco/skill/ddc3119d-1d6e-4324-9125-a3380d299ac5,IT,exact
4342cd64-5436-47ca-877d-94314c3f5492,Informasjonssikkerhet,Systemansvarlig,"Systemadministrator, Systemadministrator, Systemadministratorer, Systemansvarlig",ASKER,http://data.europa.eu/esco/skill/8088750d-8388-4170-a76f-48354c469c44,informasjonssikkerhet,exact
5dbd2f2c-09b2-48ba-96f5-bbb121732a8e,IT,Systemutvikler,"Systemutvikler, Systemutvikler, Systemanalytikere/-arkitekter",OSLO,http://data.europa.eu/esco/skill/ddc3119d-1d6e-4324-9125-a3380d299ac5,IT,exact
5dbd2f2c-09b2-48ba-96f5-bbb121732a8e,Java,Systemutvikler,"Systemutvikler, Systemutvikler, Systemanalytikere/-arkitekter",OSLO,http://data.europa.eu/esco/skill/19a8293b-8e95-4de3-983f-77484079c389,Java,exact
5e2bfd4e-06ec-4563-8a19-ef5102c240b8,Drone,Politioverbetjent med spisskompetanse innen elektroniske mottiltak (EMT),"Politibetjenter mv., Politioverbetjent, politibetjent",SOFIEMYR,http://data.europa.eu/esco/skill/a521903b-aa32-4954-9790-961b0df1261f,drone,exact
bd2b90c1-0cbe-4956-9235-48e6c4ba3f12,Informatikk,Senior Analytics Engineer,"Systemanalytikere/-arkitekter, Dataanalytiker, dataanalytiker",OSLO,http://data.europa.eu/esco/skill/7b5cce4d-c7fe-4119-b48f-70aa05391787,informatikk,exact
e5a89805-97ae-4780-ad16-ef687aa17cb7,Dataanalyse,Forsker innen støy i havet,"Forsker innen utdanning, undervisning og pædagogik, Spesialister i pedagogikk, Geologer og geofysikere, Havforsker, havforsker",TROMSØ,http://data.europa.eu/esco/skill/97bd1c21-66b2-4b7e-ad0f-e3cda590e378,dataanalyse,exact
b7234d75-4ff0-4dbb-bf0f-a3cedfc221d0,IT,Drive IT Supplier Strategy \& Value Creation,"Innkjøpssjef, Ledere av logistikk og transport mv., Innkjøpere, Rådgiver anskaffelser, Ledere av IKT-enheter, Sjef for IKT-leverandørrelasjoner, sjef for IKT-leverandørrelasjoner",ASKER,http://data.europa.eu/esco/skill/ddc3119d-1d6e-4324-9125-a3380d299ac5,IT,exact
090f8a3c-38f4-4f5a-be1f-8cf1ae34a401,IT,Møtebooker og selger – IT og digitale løsninger,"Møtebooker, Resepsjonister (ekskl. hotell), Selgere (engros);, Selger (agent), Selgere (engros)",FORNEBU,http://data.europa.eu/esco/skill/ddc3119d-1d6e-4324-9125-a3380d299ac5,IT,exact
81ca543c-1959-4ba2-bb2b-3087b64e4fd2,IT,Lead TOMRA’s Global Application Landscape,"Ledere av IKT-enheter, IT-sjef, Ledere av IKT-enheter",ASKER,http://data.europa.eu/esco/skill/ddc3119d-1d6e-4324-9125-a3380d299ac5,IT,exact
498e0a17-fcb7-47c0-b455-cf81be0b6b9d,Dataanalyse,Vi søker en porteføljestyrer for privat- og partnermarkedet som skal utvikle og optimalisere forsikr,"Finansmeglere, Porteføljeforvalter, kapitalforvalter",OSLO,http://data.europa.eu/esco/skill/97bd1c21-66b2-4b7e-ad0f-e3cda590e378,dataanalyse,exact
5d33b8c1-bde1-48dd-a360-37cb45a84d56,cybersikkerhet,Er du klar for å lede den digitale transformasjonen i et globalt industrieventyr? TQC søker IT Direktør,"IT-sjef, Ledere av IKT-enheter, Ledere av IKT-enheter",LYSAKER,http://data.europa.eu/esco/skill/8088750d-8388-4170-a76f-48354c469c44,cybersikkerhet,exact
5d33b8c1-bde1-48dd-a360-37cb45a84d56,dataanalyse,Er du klar for å lede den digitale transformasjonen i et globalt industrieventyr? TQC søker IT Direktør,"IT-sjef, Ledere av IKT-enheter, Ledere av IKT-enheter",LYSAKER,http://data.europa.eu/esco/skill/97bd1c21-66b2-4b7e-ad0f-e3cda590e378,dataanalyse,exact
5d33b8c1-bde1-48dd-a360-37cb45a84d56,digitalisering,Er du klar for å lede den digitale transformasjonen i et globalt industrieventyr? TQC søker IT Direktør,"IT-sjef, Ledere av IKT-enheter, Ledere av IKT-enheter",LYSAKER,http://data.europa.eu/esco/skill/aa0d8201-5a8e-417f-81f4-c04601139582,digitalisering,exact
abcceb8a-45a9-4a4b-b1f4-7f901c6ea833,Digitalisering,Vil du være med å ta DNT Oslo og Omegn inn i en ny digital hverdag?,"Andre administrative ledere, Prosjektleder, prosjektleder",OSLO,http://data.europa.eu/esco/skill/aa0d8201-5a8e-417f-81f4-c04601139582,digitalisering,exact
cddd832a-cadb-428a-ad2d-9fc05065642d,.NET,Software Engineer - Fullstack and Architecture,"Programmerer, Programmerer, Programvareutviklere, Softwareingeniør, Programvareutviklere, Fullstackutvikler",BERGEN,http://data.europa.eu/esco/skill/13bdd41a-2a18-441f-96db-41252c519413,.NET,exact
cddd832a-cadb-428a-ad2d-9fc05065642d,C#,Software Engineer - Fullstack and Architecture,"Programmerer, Programmerer, Programvareutviklere, Softwareingeniør, Programvareutviklere, Fullstackutvikler",BERGEN,http://data.europa.eu/esco/skill/4c016b68-4116-468c-9dc6-42710c239e4a,C#,exact
cddd832a-cadb-428a-ad2d-9fc05065642d,Industriell programvare,Software Engineer - Fullstack and Architecture,"Programmerer, Programmerer, Programvareutviklere, Softwareingeniør, Programvareutviklere, Fullstackutvikler",BERGEN,http://data.europa.eu/esco/skill/41ec47dd-08b3-464a-9c45-c706f3e74467,industriell programvare,exact
409c2d80-d835-4260-9b7a-49a40062591a,BIM,Er du analytisk og nøyaktig -- og motiveres av å utvikle gode konstruksjonsløsninger?,"Konstruktør, Konstruktør, Tekniske tegnere",SANDNES,http://data.europa.eu/esco/skill/fae7e545-5114-43cc-8e83-178e2549ecb9,bim,exact
6a7fcb2f-52c8-475a-87ac-fd948df0ccbd,Elektronikk,Systemingeniører innen elektronikk,"Prosjektingeniør (vann- og avløp), Prosjektingeniør (vann- og avløp), Sivilingeniører (bygg og anlegg)",RAUFOSS,http://data.europa.eu/esco/skill/95c35c3a-035f-47c2-90cf-7e934d20fc08,elektronikk,exact
d18e8deb-c15a-44d8-bbbf-3308ea5703cd,SAP,Elektriker,"Elektriker, Elektriker, Elektrikere",SUNNDALSØRA,http://data.europa.eu/esco/skill/f8e3425c-fe44-4ffb-bafe-0e20d91dadf4,SAP,exact
3030a137-50df-4557-860f-2686ac332b3d,Signalbehandling,Software Engineer - Signal Processing,"Programmerer, Programmerer, Programvareutviklere",BERGEN,http://data.europa.eu/esco/skill/cfa2be0d-96d5-4017-a866-962efb9c5070,signalbehandling,exact
6156a0be-b582-428a-9781-7d5e049d07bb,Dataanalyse,Marketing Automation Specialist,"Sosial Markedsføring Praktikant, Reklame- og markedsføringsrådgivere, Reklame- og markedsføringsrådgivere, Markedsføringsekspert, markedsføringsspesialist",LØRENSKOG,http://data.europa.eu/esco/skill/97bd1c21-66b2-4b7e-ad0f-e3cda590e378,dataanalyse,exact
6deca558-96ea-4526-af81-0e46782fa3c7,LabVIEW,Utvikler med hjerte for NI LabVIEW,"Prosjektingeniør, Prosjektingeniør, Andre sivilingeniører( unntatt elektroteknologi)",KONGSBERG,http://data.europa.eu/esco/skill/21d2f96d-35f7-4e3f-9745-c533d2dd6e97,LabVIEW,exact
3b25ee95-e2fb-46f0-9d35-edbfd546a6fa,.NET,"Ønsker du å bli en del av et av Norges største teknologimiljøer, hvor faglig vekst er i fokus?","Full-stack-utvikler, Programvareutviklere, Applikasjonsprogrammerere, .Net Utvikler, Applikasjonsprogrammerere",STAVANGER,http://data.europa.eu/esco/skill/13bdd41a-2a18-441f-96db-41252c519413,.NET,exact
3b25ee95-e2fb-46f0-9d35-edbfd546a6fa,C#,"Ønsker du å bli en del av et av Norges største teknologimiljøer, hvor faglig vekst er i fokus?","Full-stack-utvikler, Programvareutviklere, Applikasjonsprogrammerere, .Net Utvikler, Applikasjonsprogrammerere",STAVANGER,http://data.europa.eu/esco/skill/4c016b68-4116-468c-9dc6-42710c239e4a,C#,exact
4e3ced3d-04f4-459b-9d5a-d020b9154052,Informasjonssikkerhet,"Information Security Governance, Risk \& Compliance (GRC) Manager","Sikkerhetsanalytikere mv., Informasjonssikkerhetsansvarlig, sjef for IKT-sikkerhet",KONGSBERG,http://data.europa.eu/esco/skill/8088750d-8388-4170-a76f-48354c469c44,informasjonssikkerhet,exact
5abc012f-72a2-463f-9dbe-91354de77eba,Cybersikkerhet,Vil du bygge vårt nye cybersikkerhetsteam?,"Sikkerhetsanalytikere mv., Cybersikkerhetsarkitekt, IKT-sikkerhetsingeniør, Sikkerhetsanalytikere mv., Cybersikkerhetsingeniør",TRONDHEIM,http://data.europa.eu/esco/skill/8088750d-8388-4170-a76f-48354c469c44,cybersikkerhet,exact
5abc012f-72a2-463f-9dbe-91354de77eba,IT-sikkerhet,Vil du bygge vårt nye cybersikkerhetsteam?,"Sikkerhetsanalytikere mv., Cybersikkerhetsarkitekt, IKT-sikkerhetsingeniør, Sikkerhetsanalytikere mv., Cybersikkerhetsingeniør",TRONDHEIM,http://data.europa.eu/esco/skill/8088750d-8388-4170-a76f-48354c469c44,IT-sikkerhet,exact
5abc012f-72a2-463f-9dbe-91354de77eba,Informasjonssikkerhet,Vil du bygge vårt nye cybersikkerhetsteam?,"Sikkerhetsanalytikere mv., Cybersikkerhetsarkitekt, IKT-sikkerhetsingeniør, Sikkerhetsanalytikere mv., Cybersikkerhetsingeniør",TRONDHEIM,http://data.europa.eu/esco/skill/8088750d-8388-4170-a76f-48354c469c44,informasjonssikkerhet,exact
516aa07a-49b1-4e3d-b58f-f5b0a10df541,Dataanalyse,Can you connect market demand with manufacturing capacity?,"Finansanalytikere, Kapasitetsplanlegger, Logistikkmedarbeidere, Logistikkmedarbeidere, Forsyningsansvarlig",SKIEN,http://data.europa.eu/esco/skill/97bd1c21-66b2-4b7e-ad0f-e3cda590e378,dataanalyse,exact
ec1a884e-4238-42e9-887a-4b88d62bc573,IT,Bli med og bygg fremtidens løsninger med Kotlin/Java hos Skatteetaten!,"Systemanalytikere/-arkitekter, Utvikler av intelligente IKT-systemer, utvikler av IKT-intelligenssystemer",OSLO,http://data.europa.eu/esco/skill/ddc3119d-1d6e-4324-9125-a3380d299ac5,IT,exact
ec1a884e-4238-42e9-887a-4b88d62bc573,Java,Bli med og bygg fremtidens løsninger med Kotlin/Java hos Skatteetaten!,"Systemanalytikere/-arkitekter, Utvikler av intelligente IKT-systemer, utvikler av IKT-intelligenssystemer",OSLO,http://data.europa.eu/esco/skill/19a8293b-8e95-4de3-983f-77484079c389,Java,exact
f3f690ea-3b45-483a-a2a4-4fc8f1781e83,SAP,Produksjonsplanlegger Støperi,"Produksjonsplanlegger, Produksjonsplanlegger, Finansanalytikere",SUNNDALSØRA,http://data.europa.eu/esco/skill/f8e3425c-fe44-4ffb-bafe-0e20d91dadf4,SAP,exact
406f4af9-b9ac-4526-bfa8-24b46166e581,.NET,Senior utvikler -- påvirk arkitektur og teknologivalg,"Java-utvikler, Java-utvikler, Systemanalytikere/-arkitekter",TRONDHEIM,http://data.europa.eu/esco/skill/13bdd41a-2a18-441f-96db-41252c519413,.NET,exact
406f4af9-b9ac-4526-bfa8-24b46166e581,Java,Senior utvikler -- påvirk arkitektur og teknologivalg,"Java-utvikler, Java-utvikler, Systemanalytikere/-arkitekter",TRONDHEIM,http://data.europa.eu/esco/skill/19a8293b-8e95-4de3-983f-77484079c389,Java,exact
92727e42-caf0-4601-a598-6d8149367ae9,Dataanalyse,Finance and Business Analyst,"Forretningsanalytiker, Forretningsanalytiker, Finansanalytikere",BERGEN,http://data.europa.eu/esco/skill/97bd1c21-66b2-4b7e-ad0f-e3cda590e378,dataanalyse,exact
0430f16b-1a0c-4c99-bbed-9060d4bd6d36,Tekniske tegninger,Har du blikket som sikrer kvalitet i hver komponent?,"Sveisere, Dimensjonskontrollør, Anleggsmaskin- og industrimekanikere, Industrimekaniker, industrimekaniker",SKIEN,http://data.europa.eu/esco/skill/59ea80e1-463a-4dba-82c6-d0b6d577d532,tekniske tegninger,exact
f9cbef8a-2f03-460c-a78f-ae44b4164900,Datavarehus,Senior Data Engineer til samfunnsviktige og kommersielle oppdrag,"Senior Data Engineer, Senior Data Engineer, Databasedesignere og -administratorer, Sivilingeniører (elektronikk);, Dataingeniør",TRONDHEIM,http://data.europa.eu/esco/skill/3ec2e4d6-7000-4905-bf1a-c5b1679416de,datavarehus,exact
f9cbef8a-2f03-460c-a78f-ae44b4164900,DevOps,Senior Data Engineer til samfunnsviktige og kommersielle oppdrag,"Senior Data Engineer, Senior Data Engineer, Databasedesignere og -administratorer, Sivilingeniører (elektronikk);, Dataingeniør",TRONDHEIM,http://data.europa.eu/esco/skill/f0de4973-0a70-4644-8fd4-3a97080476f4,DevOps,exact
f9cbef8a-2f03-460c-a78f-ae44b4164900,ETL,Senior Data Engineer til samfunnsviktige og kommersielle oppdrag,"Senior Data Engineer, Senior Data Engineer, Databasedesignere og -administratorer, Sivilingeniører (elektronikk);, Dataingeniør",TRONDHEIM,http://data.europa.eu/esco/skill/9d0d89be-bffa-4393-b6f6-8d05bea49051,ETL,exact
f9cbef8a-2f03-460c-a78f-ae44b4164900,Python,Senior Data Engineer til samfunnsviktige og kommersielle oppdrag,"Senior Data Engineer, Senior Data Engineer, Databasedesignere og -administratorer, Sivilingeniører (elektronikk);, Dataingeniør",TRONDHEIM,http://data.europa.eu/esco/skill/ccd0a1d9-afda-43d9-b901-96344886e14d,Python,exact
e00f545b-104f-498e-ade7-bd0dec860d7b,Cybersikkerhet,Vil du jobbe med sikkerhet til alle -- i Norges hyggeligste konsulenthus?,"Sikkerhetsanalytikere mv., Cybersikkerhetsarkitekt, IKT-sikkerhetsingeniør",TRONDHEIM,http://data.europa.eu/esco/skill/8088750d-8388-4170-a76f-48354c469c44,cybersikkerhet,exact
e00f545b-104f-498e-ade7-bd0dec860d7b,Informasjonssikkerhet,Vil du jobbe med sikkerhet til alle -- i Norges hyggeligste konsulenthus?,"Sikkerhetsanalytikere mv., Cybersikkerhetsarkitekt, IKT-sikkerhetsingeniør",TRONDHEIM,http://data.europa.eu/esco/skill/8088750d-8388-4170-a76f-48354c469c44,informasjonssikkerhet,exact
5d39c161-2f54-49f1-b735-cca9f507b5fd,IT,Software Konsulent -- Energy Components,"HR Software konsulent, HR Software konsulent, Programvareutviklere",SANDNES,http://data.europa.eu/esco/skill/ddc3119d-1d6e-4324-9125-a3380d299ac5,IT,exact
5d39c161-2f54-49f1-b735-cca9f507b5fd,Java,Software Konsulent -- Energy Components,"HR Software konsulent, HR Software konsulent, Programvareutviklere",SANDNES,http://data.europa.eu/esco/skill/19a8293b-8e95-4de3-983f-77484079c389,Java,exact
bb6f09b0-6d38-42d1-bba9-cf2af95b71ce,BIM,Mekanisk ingeniør,"Maskiningeniør, Maskiningeniør, Maskiningeniører",TYSSEDAL,http://data.europa.eu/esco/skill/fae7e545-5114-43cc-8e83-178e2549ecb9,bim,exact
2e8cf24c-4536-4d76-bbaf-1f6af1390ec5,Dataanalyse,Student Worker -- Customer Services (Data \& Process Optimization),"Kundesentermedarbeidere, Kundeservicekonsulent, kundeservicemedarbeider",OSLO,http://data.europa.eu/esco/skill/97bd1c21-66b2-4b7e-ad0f-e3cda590e378,dataanalyse,exact
3cd4dec2-b3d2-4b91-9019-635d8208d985,CT,Ser du det andre overser? Bli radiolog hos Randstad Care!,"Radiolog, Radiolog, Legespesialister",OSLO,http://data.europa.eu/esco/skill/21d2f96d-35f7-4e3f-9745-c533d2dd6e97,cT,exact
38c02d22-ff66-44d3-87f9-2b7961d7347d,IKT-infrastruktur,IT-konsulent/Senior IT-konsulent,"IT-konsulent, IT-konsulent, Systemanalytikere/-arkitekter",BODØ,http://data.europa.eu/esco/skill/d0c6d77e-cb25-4770-bf77-2073fc5f7523,IKT-infrastruktur,exact
39ad0e17-7b46-41bf-a71e-753748ff1567,Digitalisering,Rådgiver - seniorrådgiver,"Arkivarer og kuratorer, Dokumentforvalter, arkivassistent",TØNSBERG,http://data.europa.eu/esco/skill/aa0d8201-5a8e-417f-81f4-c04601139582,digitalisering,exact
6f6376f9-87a6-443b-ba4f-09951619d526,UX,Produktdesigner,"Grafiske- og multimediadesignere, 3D Designer, Grafiske- og multimediadesignere",OSLO,http://data.europa.eu/esco/skill/07dd856d-6141-48a7-a228-918f88494812,UX,exact
a2047a51-a45d-4122-a2bf-aad167894fa8,Digitalisering,Avdelingsleder Digitale Tjenester (IT),"IT-sjef, Ledere av IKT-enheter, Avdelingsleder IT, Ledere av IKT-enheter",JESSHEIM,http://data.europa.eu/esco/skill/aa0d8201-5a8e-417f-81f4-c04601139582,digitalisering,exact
a2047a51-a45d-4122-a2bf-aad167894fa8,IT-sikkerhet,Avdelingsleder Digitale Tjenester (IT),"IT-sjef, Ledere av IKT-enheter, Avdelingsleder IT, Ledere av IKT-enheter",JESSHEIM,http://data.europa.eu/esco/skill/8088750d-8388-4170-a76f-48354c469c44,IT-sikkerhet,exact
cba604de-c92f-4ac1-aa5e-d4a25f3abd31,IT,IT-Rådgiver,"IT-konsulent, IT-konsulent, Systemanalytikere/-arkitekter",BODØ,http://data.europa.eu/esco/skill/ddc3119d-1d6e-4324-9125-a3380d299ac5,IT,exact
cba604de-c92f-4ac1-aa5e-d4a25f3abd31,helseinformatikk,IT-Rådgiver,"IT-konsulent, IT-konsulent, Systemanalytikere/-arkitekter",BODØ,http://data.europa.eu/esco/skill/fb82ae25-b59f-43fd-aacf-a8308afbe85e,helseinformatikk,exact
7c5113f9-b240-4a85-adee-69d9a5a6bd18,Hjelpemidler,Glad og sosial gutt i Asker,"Hjemmehjelper, BPA Personlig assistent, hjemmehjelp",ASKER,http://data.europa.eu/esco/skill/8759c352-8b00-498f-985a-935f13e1b043,hjelpemidler,exact
81b07379-7c1c-470b-95cb-0cf8266d3b9f,Dataanalyse,Senior rådgiver data og utvikling,"Rådgiver data, Systemanalytikere/-arkitekter, Sivilingeniører (elektronikk);, Dataingeniør, datavarehusutvikler",OSLO,http://data.europa.eu/esco/skill/97bd1c21-66b2-4b7e-ad0f-e3cda590e378,dataanalyse,exact
747947d0-8ba8-4f92-bb02-a874facf687b,hjelpemidler,Vil du ha en meningsfull jobb der du virkelig kan gjøre en forskjell?,"Hjemmehjelper, Brukerstyrt personlig assistent (BPA), hjemmehjelp",ÅFJORD,http://data.europa.eu/esco/skill/8759c352-8b00-498f-985a-935f13e1b043,hjelpemidler,exact
2a626e8a-3e89-4c87-80cb-156ff9e8ed50,Dataanalyse,Eager to make an impact through communication?,"Organisasjonsrådgivere, Finansanalytikere, Høyere saksbehandlere i offentlig og privat virksomhet, Leder for Business Intelligence, Strategirådgiver",OSLO,http://data.europa.eu/esco/skill/97bd1c21-66b2-4b7e-ad0f-e3cda590e378,dataanalyse,exact
0ae98a6a-6e0e-46a4-b5f4-bac8dbb34b09,Kvantitativ analyse,Rådgiver/seniorrådgiver innen analyse,"Høyere saksbehandlere i offentlig og privat virksomhet, Systemanalytikere/-arkitekter, dataanalytiker, Rådgiver (offentlig administrasjon), Seniorrådgiver offentlig administrasjon, Dataanalytiker",OSLO,http://data.europa.eu/esco/skill/6360a934-cc87-4954-9656-b32db20592e3,kvantitativ analyse,exact
0be9cd3a-219a-455f-9c54-2fded012f84d,IT,Seniorrådgiver Data Governance,"Seniorrådgiver datavarehus, Seniorrådgiver datavarehus, Systemanalytikere/-arkitekter",OSLO,http://data.europa.eu/esco/skill/ddc3119d-1d6e-4324-9125-a3380d299ac5,IT,exact
14e973c9-b056-4c34-976b-a08498b52cfa,Digitalisering,IT arkitekt,"Systemanalytikere/-arkitekter, IT arkitekt, IT arkitekt",GJØVIK,http://data.europa.eu/esco/skill/aa0d8201-5a8e-417f-81f4-c04601139582,digitalisering,exact
2953ac0a-4302-42ea-b74d-d66c06e66dae,BIM,"Rådgiver senior RIE, Bergen","Senior rådgiver vann og avløp, Senior rådgiver vann og avløp, Sivilingeniører (bygg og anlegg)",BERGEN,http://data.europa.eu/esco/skill/fae7e545-5114-43cc-8e83-178e2549ecb9,bim,exact
6e5f1123-909f-49aa-ada9-fd4db2892a44,Elektronikk,Elkjøp Kristiansund AS søker aftersalesansvarlig,"Salgs- og markedssjefer, Salgsansvarlig, salgssjef",KRISTIANSUND N,http://data.europa.eu/esco/skill/95c35c3a-035f-47c2-90cf-7e934d20fc08,elektronikk,exact
9502a7f8-ced0-41cb-a314-e96b75b80330,CT,Er du radiograf med interesse for CT?,"Radiograf, Radiograf, Radiografer mv.",LØRENSKOG,http://data.europa.eu/esco/skill/21d2f96d-35f7-4e3f-9745-c533d2dd6e97,cT,exact
f1080b4d-53e8-4367-90c1-1e07a09627ed,IT-sikkerhet,Rådgivende ingeniør sikkerhet,"Sivilingeniører (bygg og anlegg);, Rådgivende ingeniør bygg, byggingeniør",SKI,http://data.europa.eu/esco/skill/8088750d-8388-4170-a76f-48354c469c44,IT-sikkerhet,exact
f1ef3aa9-20bd-4354-a147-240402bc363a,Systemdesign,"Industrirådgiver prosess, Oslo/Bergen","Senior rådgiver vann og avløp, Sivilingeniører (bygg og anlegg), Andre ingeniører, Senior planleggingsingeniør øvrig teknisk virksomhet, Andre sivilingeniører (unntatt elektroteknologi);, Seniorkonsulent (andre sivilingeniører), Andre sivilingeniører (unntatt elektroteknologi)",BERGEN,http://data.europa.eu/esco/skill/fae27053-8924-4bfd-b565-c9fe502044c9,systemdesign,exact
b492b3d4-10e0-44ce-8ebb-3179724f6a5f,SAP,Vil du bli vår nye Contract \& Supply Chain Specialist?,"Supply Chain Konsulent, Logistikkmedarbeidere, Sivilingeniører (geofag, petro-leumsteknologi, metallurgi mv.);, Kontraktingeniør (olje og gass), petroleumsingeniør, Sivilingeniører (geofag, petro-leumsteknologi, metallurgi mv.);, Leverandørutviklingsrådgiver (olje og gass)",STAVANGER,http://data.europa.eu/esco/skill/f8e3425c-fe44-4ffb-bafe-0e20d91dadf4,SAP,exact
38fc07f9-ad03-490e-813a-aed7e6f00303,Digitalisering,Søker du det ultimate prosjektet å lede?,"IT-prosjektleder, IT-prosjektleder, Systemanalytikere/-arkitekter",TRONDHEIM,http://data.europa.eu/esco/skill/aa0d8201-5a8e-417f-81f4-c04601139582,digitalisering,exact
45828800-b1ba-4543-bf4a-960f845acbb6,Digitalisering,Vil du vere med å forme framtidas digitale Noreg?,"Jurister og advokater, Jurist, Juridiske yrker",OSLO,http://data.europa.eu/esco/skill/aa0d8201-5a8e-417f-81f4-c04601139582,digitalisering,exact
9586a0a7-7f95-4e40-b2ad-b53b99fcc305,Elektronikk,Kunderådgiver Elektrobutikk,"Butikkmedarbeidere, Butikkmedarbeider, Butikkmedarbeider",TILLER,http://data.europa.eu/esco/skill/95c35c3a-035f-47c2-90cf-7e934d20fc08,elektronikk,exact
7c941511-5758-46f8-a319-f231a4d69071,IT,Vil du utvikle programvare som brukes av verdens største energiselskaper? Oliasoft søker Fullstackutvikler (Søk uten CV og søknadsbrev),"Fullstackutvikler, Fullstackutvikler, Programvareutviklere",OSLO,http://data.europa.eu/esco/skill/ddc3119d-1d6e-4324-9125-a3380d299ac5,IT,exact
7c941511-5758-46f8-a319-f231a4d69071,Informatikk,Vil du utvikle programvare som brukes av verdens største energiselskaper? Oliasoft søker Fullstackutvikler (Søk uten CV og søknadsbrev),"Fullstackutvikler, Fullstackutvikler, Programvareutviklere",OSLO,http://data.europa.eu/esco/skill/7b5cce4d-c7fe-4119-b48f-70aa05391787,informatikk,exact
007295ca-f497-4b00-809c-5ebc96176be9,IT,Vil du jobbe som applikasjonsforvalter og bidra til enda bedre støtteverktøy i politiet?,"Applikasjonsforvalter, Applikasjonsforvalter, Systemanalytikere/-arkitekter",OSLO,http://data.europa.eu/esco/skill/ddc3119d-1d6e-4324-9125-a3380d299ac5,IT,exact
09a2768f-dee6-4a28-b56e-67c3bff2fd87,CT,Radiograf,"Radiograf, Radiograf, Radiografer mv.",LEVANGER,http://data.europa.eu/esco/skill/21d2f96d-35f7-4e3f-9745-c533d2dd6e97,cT,exact
108fddd5-ee59-4862-bc96-4f1d65d50cce,IT,Vil du bidra til trygge bygg i Bergen kommune?,"Andre ingeniører, Sikringstekniker, Andre ingeniører",BERGEN,http://data.europa.eu/esco/skill/ddc3119d-1d6e-4324-9125-a3380d299ac5,IT,exact
132a2059-252e-4a5f-af7a-e08b0399776a,IT,Bli med og bygg fremtidens løsninger med Kotlin/Java hos Skatteetaten!,"Systemanalytikere/-arkitekter, Java Developer, Andre programvare- og applikasjonsutviklere, IT-utstyrsutvikler, Applikasjonsprogrammerere, Javascript utvikler, Applikasjonsprogrammerere, React utvikler, Databasedesignere og -administratorer, SQL Database Administrator, databaseadministrator",OSLO,http://data.europa.eu/esco/skill/ddc3119d-1d6e-4324-9125-a3380d299ac5,IT,exact
132a2059-252e-4a5f-af7a-e08b0399776a,Java,Bli med og bygg fremtidens løsninger med Kotlin/Java hos Skatteetaten!,"Systemanalytikere/-arkitekter, Java Developer, Andre programvare- og applikasjonsutviklere, IT-utstyrsutvikler, Applikasjonsprogrammerere, Javascript utvikler, Applikasjonsprogrammerere, React utvikler, Databasedesignere og -administratorer, SQL Database Administrator, databaseadministrator",OSLO,http://data.europa.eu/esco/skill/19a8293b-8e95-4de3-983f-77484079c389,Java,exact
18cf6283-a003-4a36-864d-60067e75362c,Digitalisering,Konsulent / spesialkonsulent til midlertidig prosjektstilling ,"Høyere saksbehandlere i offentlig og privat virksomhet, Konsulent i helsesektoren, helsekonsulent, Helsekonsulent",LILLESTRØM,http://data.europa.eu/esco/skill/aa0d8201-5a8e-417f-81f4-c04601139582,digitalisering,exact
2dedb774-ec65-4f75-9dca-1f541986104f,IT,Er du applikasjonstekniker og vil bidra til enda bedre IT-systemer i politiet?,"Applikasjonstekniker, Applikasjonstekniker, Applikasjonsprogrammerere",OSLO,http://data.europa.eu/esco/skill/ddc3119d-1d6e-4324-9125-a3380d299ac5,IT,exact
3846db0e-9860-4218-9f9b-972d74bc6be8,Digitalisering,Vi søker rådgiver innen  dokumentforvaltning,"Arkivarer og kuratorer, Dokumentforvalter, arkivassistent",LILLEHAMMER,http://data.europa.eu/esco/skill/aa0d8201-5a8e-417f-81f4-c04601139582,digitalisering,exact
48846957-c1db-4a32-ac69-56dab3a2894e,Database,Vil du jobbe med databaser i Skatteetaten? ,"Databasedesignere og -administratorer, Databaseadministrator, databaseadministrator, Databasedesignere og -administratorer, SQL Database Administrator",OSLO,http://data.europa.eu/esco/skill/43ae58b9-5e56-4524-b45a-b422777a0576,database,exact
4d0b52d6-675d-4d11-8492-cb48e87465f1,Elektronikk,Proaktiv kvalitet i hvert steg,"Kvalitetssikringsingeniør, Kvalitetssikringsingeniør, Andre sivilingeniører( unntatt elektroteknologi)",ASKER,http://data.europa.eu/esco/skill/95c35c3a-035f-47c2-90cf-7e934d20fc08,elektronikk,exact
500236d7-30c7-4ff0-a48a-6908574949c3,Digitalisering,Har du hjerte for god dokumentforvaltning og er du opptatt av digitalisering og forbedring?,"Arkivfullmektig, Arkivfullmektig, Arkivassistenter",OSLO,http://data.europa.eu/esco/skill/aa0d8201-5a8e-417f-81f4-c04601139582,digitalisering,exact
6589a3ca-9cc5-4134-8eeb-09466e28aaf5,Dataanalyse,Rådgiver/ Seniorrådgiver utvikling og forvaltning av Helseteknologi,"Høyere saksbehandlere i offentlig og privat virksomhet, Rådgiver (offentlig administrasjon), Høyere saksbehandlere i offentlig og privat virksomhet",OSLO,http://data.europa.eu/esco/skill/97bd1c21-66b2-4b7e-ad0f-e3cda590e378,dataanalyse,exact
6589a3ca-9cc5-4134-8eeb-09466e28aaf5,Digitalisering,Rådgiver/ Seniorrådgiver utvikling og forvaltning av Helseteknologi,"Høyere saksbehandlere i offentlig og privat virksomhet, Rådgiver (offentlig administrasjon), Høyere saksbehandlere i offentlig og privat virksomhet",OSLO,http://data.europa.eu/esco/skill/aa0d8201-5a8e-417f-81f4-c04601139582,digitalisering,exact
7c5a8b0a-5f79-48b9-988d-814243ff1bf8,Dataanalyse,Senior analytiker ,"Systemanalytikere/-arkitekter, Høyere saksbehandlere i offentlig og privat virksomhet, Høyere saksbehandlere i offentlig og privat virksomhet, Brukeropplevelsesanalytiker, Seniorrådgiver offentlig administrasjon",OSLO,http://data.europa.eu/esco/skill/97bd1c21-66b2-4b7e-ad0f-e3cda590e378,dataanalyse,exact
840809eb-b807-45c8-af77-a1d9a826f4cc,Database,Vil du jobbe med databaser i Skatteetaten? ,"Systemanalytikere/-arkitekter, IT-ingeniør, Databasedesignere og -administratorer, Databaseadministrator, Databasedesignere og -administratorer, Databaseansvarlig, Databasedesignere og -administratorer, Databasedesigner, Databasedesignere og -administratorer, Databasespesialist Oracle, databaseutvikler",OSLO,http://data.europa.eu/esco/skill/43ae58b9-5e56-4524-b45a-b422777a0576,database,exact
840809eb-b807-45c8-af77-a1d9a826f4cc,PostgreSQL,Vil du jobbe med databaser i Skatteetaten? ,"Systemanalytikere/-arkitekter, IT-ingeniør, Databasedesignere og -administratorer, Databaseadministrator, Databasedesignere og -administratorer, Databaseansvarlig, Databasedesignere og -administratorer, Databasedesigner, Databasedesignere og -administratorer, Databasespesialist Oracle, databaseutvikler",OSLO,http://data.europa.eu/esco/skill/a8d07b5a-c1a1-42c6-9d53-db9c7a2ca996,PostgreSQL,exact
84e716c4-b4f3-460e-8a99-ec76f6f54208,IT-sikkerhet,Fagleder sårbarhetsstyring og penetrasjonstesting,"IT-sikkerhetsrådgiver, IT-sikkerhetsrådgiver, Sikkerhetsanalytikere mv.",OSLO,http://data.europa.eu/esco/skill/8088750d-8388-4170-a76f-48354c469c44,IT-sikkerhet,exact
87102900-292e-4c8d-a0f6-33c7459cb5e9,IT,Bli med på utviklingen av nytt Aksjonærbeskatningssytem!  ,"Andre programvare- og applikasjonsutviklere, IT Testutvikler, Systemanalytikere/-arkitekter, Utvikler av intelligente IKT-systemer, utvikler av IKT-intelligenssystemer",GRIMSTAD,http://data.europa.eu/esco/skill/ddc3119d-1d6e-4324-9125-a3380d299ac5,IT,exact
87102900-292e-4c8d-a0f6-33c7459cb5e9,Java,Bli med på utviklingen av nytt Aksjonærbeskatningssytem!  ,"Andre programvare- og applikasjonsutviklere, IT Testutvikler, Systemanalytikere/-arkitekter, Utvikler av intelligente IKT-systemer, utvikler av IKT-intelligenssystemer",GRIMSTAD,http://data.europa.eu/esco/skill/19a8293b-8e95-4de3-983f-77484079c389,Java,exact
9c583a76-52d7-4873-b991-93611650be6b,Hjelpemidler,Rådgjevar- Nasjonal Serviceteneste,"Høyere saksbehandlere i offentlig og privat virksomhet, Rådgiver (offentlig administrasjon), Høyere saksbehandlere i offentlig og privat virksomhet",FØRDE,http://data.europa.eu/esco/skill/8759c352-8b00-498f-985a-935f13e1b043,hjelpemidler,exact
a09b1402-2ad8-4857-af14-06b917ba7f42,GIS,Vil du jobbe med hydrologiske analyser og være med på å utvikle framtidens hydrologiske analyseverktøy i NVE?,"Hydrolog, Hydrolog, Geologer og geofysikere",OSLO,http://data.europa.eu/esco/skill/377861af-f966-4c87-a2db-7e99904312b9,gis,exact
a0c05684-ae36-4c33-b66f-b5398ec895d3,Digitalisering,Vil du være med på å utvikle og forvalte FDVU-systemet til  en av Norges mest hemmelig eiendomsportefølje?,"Systemadministratorer, IKT-systemadministrator, Systemforvalter",OSLO,http://data.europa.eu/esco/skill/aa0d8201-5a8e-417f-81f4-c04601139582,digitalisering,exact
bc345727-9d19-4d75-a08b-eb1e2c10c50e,Digitalisering,Vil du bygge digitale løsninger for Oslo kommunes eiendomsportefølje?,"PC Power User SIZ, PC Power User SIZ, Brukerstøttere, IKT",OSLO,http://data.europa.eu/esco/skill/aa0d8201-5a8e-417f-81f4-c04601139582,digitalisering,exact
bc345727-9d19-4d75-a08b-eb1e2c10c50e,IT,Vil du bygge digitale løsninger for Oslo kommunes eiendomsportefølje?,"PC Power User SIZ, PC Power User SIZ, Brukerstøttere, IKT",OSLO,http://data.europa.eu/esco/skill/ddc3119d-1d6e-4324-9125-a3380d299ac5,IT,exact
bdd5e0f8-ae2a-4716-b853-947b89e3ac11,Database,Vil du jobbe med databaser i Skatteetaten? ,"Databaseadministrator SQL, Databaseadministrator SQL, Databasedesignere og -administratorer, SQL Database Administrator",GRIMSTAD,http://data.europa.eu/esco/skill/43ae58b9-5e56-4524-b45a-b422777a0576,database,exact
d6944e68-4b23-4f0a-984f-c61c3ac3af81,Hjelpemidler,Ergoterapeut,"Ergoterapeut, Ergoterapeut, Ergoterapeuter",HAMMERFEST,http://data.europa.eu/esco/skill/8759c352-8b00-498f-985a-935f13e1b043,hjelpemidler,exact
d98b4ccb-fe6e-48f9-aa62-d28b724d8f17,IT,Vil du være med og gjøre Skatteetatens løsninger enda bedre?,"Programvareutviklere, Arkitekt/utvikler, programvarearkitekt",OSLO,http://data.europa.eu/esco/skill/ddc3119d-1d6e-4324-9125-a3380d299ac5,IT,exact
d98b4ccb-fe6e-48f9-aa62-d28b724d8f17,Java,Vil du være med og gjøre Skatteetatens løsninger enda bedre?,"Programvareutviklere, Arkitekt/utvikler, programvarearkitekt",OSLO,http://data.europa.eu/esco/skill/19a8293b-8e95-4de3-983f-77484079c389,Java,exact
dd307d74-f1b1-44cc-b8ab-27ef936a9ceb,Hjelpemidler,Fagkonsulent for hørsel og syn,"Ergoterapeuter, Ergoterapeut, ergoterapeut",STAVANGER,http://data.europa.eu/esco/skill/8759c352-8b00-498f-985a-935f13e1b043,hjelpemidler,exact
e029a5dd-d8f8-4156-814a-878f5f2f6262,Java,Har du lyst til å jobbe med arkitektur i et større IT-prosjekt?,"Systemanalytikere/-arkitekter, Java Developer, mobilapputvikler",GRIMSTAD,http://data.europa.eu/esco/skill/19a8293b-8e95-4de3-983f-77484079c389,Java,exact
e7e224dd-b413-4a4e-ad65-c13433d20a5e,Digitalisering,Vil du være med å utvikle løsninger som gjør en forskjell for hele Norge?,"IKT Løsningsarkitekt, IKT Løsningsarkitekt, Programvareutviklere",OSLO,http://data.europa.eu/esco/skill/aa0d8201-5a8e-417f-81f4-c04601139582,digitalisering,exact
e83fa2da-fb69-4be8-9cea-f2d5ec710203,Dataanalyse,Rådgiver/Seniorrådgiver ,"Høyere saksbehandlere i offentlig og privat virksomhet, Seniorrådgiver offentlig administrasjon, Matematikere, statistikere mv., Seniorrådgivere (statistikkarbeid), Høyere saksbehandlere i offentlig og privat virksomhet",BODØ,http://data.europa.eu/esco/skill/97bd1c21-66b2-4b7e-ad0f-e3cda590e378,dataanalyse,exact
e99227b8-8d18-482b-b86e-802d7bb0ff55,Cybersikkerhet,Evaluator for kvalitetsordningen for hendelseshåndtering,"Representant for Employee Relocation Services, Andre yrker innen forretningstjenester, Høyere saksbehandlere i offentlig og privat virksomhet, Seniorrådgiver offentlig administrasjon, Høyere saksbehandlere i offentlig og privat virksomhet",FORNEBU,http://data.europa.eu/esco/skill/8088750d-8388-4170-a76f-48354c469c44,cybersikkerhet,exact
e99227b8-8d18-482b-b86e-802d7bb0ff55,IT-sikkerhet,Evaluator for kvalitetsordningen for hendelseshåndtering,"Representant for Employee Relocation Services, Andre yrker innen forretningstjenester, Høyere saksbehandlere i offentlig og privat virksomhet, Seniorrådgiver offentlig administrasjon, Høyere saksbehandlere i offentlig og privat virksomhet",FORNEBU,http://data.europa.eu/esco/skill/8088750d-8388-4170-a76f-48354c469c44,IT-sikkerhet,exact
fb36399f-4b97-4641-b8db-54c1b3623943,Dataanalyse,Laboratoriekoordinator for Europeisk referanselaboratorium (EURL) for mat og vannbårne virus,"Biologer, botanikere, zoologer mv., Molekylærbiolog, Biologer, botanikere, zoologer mv., Mikrobiolog, Sivilingeniører (kjemi);, Bioteknolog, biokjemiingeniør",OSLO,http://data.europa.eu/esco/skill/97bd1c21-66b2-4b7e-ad0f-e3cda590e378,dataanalyse,exact
fc9ef301-8dc5-42ca-93cb-5596be2e8d67,LabVIEW,Utvikler med hjerte for NI LabVIEW,"Sivilingeniører (industri og produksjon);, Prosjektingeniør automasjon og informasjonsteknologi, Elektronikkingeniører, Prosjektingeniør elektronikk og telekommunikasjon, Elektronikkingeniører, Prosjektingeniør elektroteknikk, Systemanalytikere/-arkitekter, Systemutvikler, IKT-systemutvikler",KONGSBERG,http://data.europa.eu/esco/skill/21d2f96d-35f7-4e3f-9745-c533d2dd6e97,LabVIEW,exact
54de645f-de67-4165-ac9b-f1077b2fef85,SaaS,Senior FP&A & Data Analyst,"Dataanalytiker, Dataanalytiker, Systemanalytikere/-arkitekter",OSLO,http://data.europa.eu/esco/skill/83218cac-3599-417e-93d2-26013cdccd98,SaaS,exact
896ae1f0-c4c5-430f-ade6-cd16cf08389b,Java,Bygg verktøy som gjør gode rådgivere enda bedre,"Systemanalytikere/-arkitekter, utvikler av IKT-intelligenssystemer, Utvikler av intelligente IKT-systemer",OSLO,http://data.europa.eu/esco/skill/19a8293b-8e95-4de3-983f-77484079c389,Java,exact
896ae1f0-c4c5-430f-ade6-cd16cf08389b,TypeScript,Bygg verktøy som gjør gode rådgivere enda bedre,"Systemanalytikere/-arkitekter, utvikler av IKT-intelligenssystemer, Utvikler av intelligente IKT-systemer",OSLO,http://data.europa.eu/esco/skill/867137fb-ff1b-4ca3-99f3-cb6969aa2c68,TypeScript,exact
ce0804f9-23b4-4562-8aa0-11a92a1d0a0b,Java,Bli med og bygg fremtidens forsikringsoppgjør sammen med oss,"Programvareutviklere, programvareutvikler, Utvikler (Frontend- og backend)",OSLO,http://data.europa.eu/esco/skill/19a8293b-8e95-4de3-983f-77484079c389,Java,exact
ce0804f9-23b4-4562-8aa0-11a92a1d0a0b,TypeScript,Bli med og bygg fremtidens forsikringsoppgjør sammen med oss,"Programvareutviklere, programvareutvikler, Utvikler (Frontend- og backend)",OSLO,http://data.europa.eu/esco/skill/867137fb-ff1b-4ca3-99f3-cb6969aa2c68,TypeScript,exact
2bb99567-73e3-4e17-adcb-537d048a040f,UX,Bli med og skap helhetlige kundeopplevelser på tvers av bank og forsikring!,"Grafiske og multimediadesignere, UX-Designer, UX-Designer",OSLO,http://data.europa.eu/esco/skill/07dd856d-6141-48a7-a228-918f88494812,UX,exact
bd3e475a-7787-4f81-92a5-3c1decb0f0f3,Digitalisering,Vil du jobbe med utvikling av HR i Forsvaret?,"Prosjektleder, Andre administrative ledere, Personal- og karriererådgivere, HR-konsulent, Rådgivere/forskere, samfunnsøkonomi, Samfunnsøkonom, Rådgivere/forskere, samfunnsøkonomi, Økonom, Systemanalytikere/-arkitekter, IT-ingeniør, dataingeniør",HAMAR,http://data.europa.eu/esco/skill/aa0d8201-5a8e-417f-81f4-c04601139582,digitalisering,exact
af2d47fc-ec6b-4311-a517-84515a5f6da7,Scrum,Vil du jobbe med design og utvikling av avanserte systemer innen Air Traffic management?,"Grafiske og multimediadesignere, Systemanalytikere/-arkitekter, brukergrensesnittutvikler, UX-Designer, Frontend systemutvikler",ASKER,http://data.europa.eu/esco/skill/bec4359e-cb92-468f-a997-8fb28e32fba9,Scrum,exact
a06a02ef-e0df-46a8-9ffa-e8a66c068a3a,Datavarehus,Senior Data Engineer til samfunnsviktige og kommersielle oppdrag,"Databasedesignere og -administratorer, Senior Data Engineer, Senior Data Engineer",OSLO,http://data.europa.eu/esco/skill/3ec2e4d6-7000-4905-bf1a-c5b1679416de,datavarehus,exact
a06a02ef-e0df-46a8-9ffa-e8a66c068a3a,DevOps,Senior Data Engineer til samfunnsviktige og kommersielle oppdrag,"Databasedesignere og -administratorer, Senior Data Engineer, Senior Data Engineer",OSLO,http://data.europa.eu/esco/skill/f0de4973-0a70-4644-8fd4-3a97080476f4,DevOps,exact
a06a02ef-e0df-46a8-9ffa-e8a66c068a3a,ETL,Senior Data Engineer til samfunnsviktige og kommersielle oppdrag,"Databasedesignere og -administratorer, Senior Data Engineer, Senior Data Engineer",OSLO,http://data.europa.eu/esco/skill/9d0d89be-bffa-4393-b6f6-8d05bea49051,ETL,exact
a06a02ef-e0df-46a8-9ffa-e8a66c068a3a,Python,Senior Data Engineer til samfunnsviktige og kommersielle oppdrag,"Databasedesignere og -administratorer, Senior Data Engineer, Senior Data Engineer",OSLO,http://data.europa.eu/esco/skill/ccd0a1d9-afda-43d9-b901-96344886e14d,Python,exact
117d8fcd-b7f0-43eb-b6fd-78c929f6f227,Cybersikkerhet,Vil du jobbe med cybersikkerhet i et innovativt teknologiselskap?,"Sikkerhetsanalytikere mv., IKT-sikkerhetsingeniør, IKT-sikkerhetsingeniør, Cyber Security Engineer",HAUGESUND,http://data.europa.eu/esco/skill/8088750d-8388-4170-a76f-48354c469c44,cybersikkerhet,exact
117d8fcd-b7f0-43eb-b6fd-78c929f6f227,IT-sikkerhet,Vil du jobbe med cybersikkerhet i et innovativt teknologiselskap?,"Sikkerhetsanalytikere mv., IKT-sikkerhetsingeniør, IKT-sikkerhetsingeniør, Cyber Security Engineer",HAUGESUND,http://data.europa.eu/esco/skill/8088750d-8388-4170-a76f-48354c469c44,IT-sikkerhet,exact
117d8fcd-b7f0-43eb-b6fd-78c929f6f227,Informasjonssikkerhet,Vil du jobbe med cybersikkerhet i et innovativt teknologiselskap?,"Sikkerhetsanalytikere mv., IKT-sikkerhetsingeniør, IKT-sikkerhetsingeniør, Cyber Security Engineer",HAUGESUND,http://data.europa.eu/esco/skill/8088750d-8388-4170-a76f-48354c469c44,informasjonssikkerhet,exact
64fda8ec-c491-4e46-8a9e-40f5e7c0a8fa,IT-sikkerhet,Vil du utvikle og drifte fremtidens IT-infrastruktur?,"Nettverksansvarlige, IKT-infrastrukturingeniør",HAUGESUND,http://data.europa.eu/esco/skill/8088750d-8388-4170-a76f-48354c469c44,IT-sikkerhet,exact
14612025-66a5-40a5-97a9-70172939f3b5,IT,Vil du være med å bygge fremtidens IT-funksjon i UNIL?,"Prosjektleder, Prosjektleder, Andre administrative ledere",OSLO,http://data.europa.eu/esco/skill/ddc3119d-1d6e-4324-9125-a3380d299ac5,IT,exact
8feae6ad-2fa6-47dd-b47a-87cd3d8731c4,Elektronikk,Store Manager - Elkjøp Phonehouse City Lade,"Butikksjef, Butikksjef, Varehandelssjefer",TRONDHEIM,http://data.europa.eu/esco/skill/95c35c3a-035f-47c2-90cf-7e934d20fc08,elektronikk,exact
b521f54c-a565-4b10-a2d8-e100af81a522,CFD,Join us in solving global energy challenges for future generations.,"Geologer og geofysikere, Petrofysiker, Geologer og geofysikere",LYSAKER,http://data.europa.eu/esco/skill/77592603-505b-4096-97dd-d0def6bd7601,CFD,exact
ca943ae5-9411-4657-b1d6-bf048db34a5d,Elektronikk,Store Manager - Elkjøp Phonehouse Solsiden,"Butikksjef, Butikksjef, Varehandelssjefer",TRONDHEIM,http://data.europa.eu/esco/skill/95c35c3a-035f-47c2-90cf-7e934d20fc08,elektronikk,exact
3508ef9c-ad80-4775-888f-7507196089e7,.NET,Senior utvikler -- påvirk arkitektur og teknologivalg,"Systemanalytikere/-arkitekter, Systemanalytikere/-arkitekter, IKT-systemutvikler, Java-utvikler, Systemutvikler",OSLO,http://data.europa.eu/esco/skill/13bdd41a-2a18-441f-96db-41252c519413,.NET,exact
3508ef9c-ad80-4775-888f-7507196089e7,Java,Senior utvikler -- påvirk arkitektur og teknologivalg,"Systemanalytikere/-arkitekter, Systemanalytikere/-arkitekter, IKT-systemutvikler, Java-utvikler, Systemutvikler",OSLO,http://data.europa.eu/esco/skill/19a8293b-8e95-4de3-983f-77484079c389,Java,exact
020a2987-c479-4a7e-a32c-1346705567dc,Kvantitativ analyse,Revenue Analyst,"Reklame- og markedsføringsrådgivere, Markedsanalytiker, markedsanalytiker",LYSAKER,http://data.europa.eu/esco/skill/6360a934-cc87-4954-9656-b32db20592e3,kvantitativ analyse,exact
0a2599a2-0c01-44d6-9837-889893fe3d7a,Digitalisering,"Vil du være med å utvikle fremtidens brukerstøtte i Nav?
","Grafiske- og multimediadesignere, Tjenestedesigner, Systemanalytikere/-arkitekter, Systemutvikler, IKT-systemutvikler",STEINKJER,http://data.europa.eu/esco/skill/aa0d8201-5a8e-417f-81f4-c04601139582,digitalisering,exact
0a2599a2-0c01-44d6-9837-889893fe3d7a,IT,"Vil du være med å utvikle fremtidens brukerstøtte i Nav?
","Grafiske- og multimediadesignere, Tjenestedesigner, Systemanalytikere/-arkitekter, Systemutvikler, IKT-systemutvikler",STEINKJER,http://data.europa.eu/esco/skill/ddc3119d-1d6e-4324-9125-a3380d299ac5,IT,exact
174f8a1e-a683-43fb-8e63-67fb8e4ff68b,Digitalisering,Rådgjevar/seniorrådgjevar i Avdeling for digitaliseringspolitikk,"Juridisk rådgiver, Juridisk rådgiver, Andre juridiske yrker",OSLO,http://data.europa.eu/esco/skill/aa0d8201-5a8e-417f-81f4-c04601139582,digitalisering,exact
36b84c50-003f-4c36-89b5-a44307600ea5,SAP,Vi søker Operatør til vår servicedesk -  programvarestøtte,"Driftsteknikere, IKT, Serviceingeniør data, Driftsteknikere",KOLSÅS,http://data.europa.eu/esco/skill/f8e3425c-fe44-4ffb-bafe-0e20d91dadf4,SAP,exact
3d137f1a-b986-480f-897f-5c8bee727dbe,Dataanalyse,Forsker,"Forsker, Andre sivilingeniører( unntatt elektroteknologi), Legespesialister, Legespesialist, Legespesialister, Medisinsk forsker, Biologer",OSLO,http://data.europa.eu/esco/skill/97bd1c21-66b2-4b7e-ad0f-e3cda590e378,dataanalyse,exact
77f3d579-a477-4a9f-941d-a1114775de77,Digitalisering,Vil du lede utviklingen av fremtidens helse- og omsorgstjenester?,"Ledere av helsetjenester, Enhetsleder (helsetjenester), Ledere av helsetjenester",SANDEFJORD,http://data.europa.eu/esco/skill/aa0d8201-5a8e-417f-81f4-c04601139582,digitalisering,exact
bbfbb46e-6f03-42d2-981b-8c9ef43c0b2c,SAP,Vil du bli en del av teamet vårt ved driftslageret på Skjold tekniske verksted?,"Lagerarbeider, Lagerarbeider, Lagermedarbeidere og materialforvaltere",ØVERBYGD,http://data.europa.eu/esco/skill/f8e3425c-fe44-4ffb-bafe-0e20d91dadf4,SAP,exact
c5600c31-1462-4662-830f-6c951f1bfda8,Digitalisering,Vi søker rådgiver innen dokumentforvaltning,"Arkivassistenter, arkivassistent, Dokumentasjonsansvarlig",ARENDAL,http://data.europa.eu/esco/skill/aa0d8201-5a8e-417f-81f4-c04601139582,digitalisering,exact
c955b16a-c7d3-4986-91dd-53295234b57f,Digitalisering,Produkteier – Kirkens lokale skrivebord,"Produkteier, Produkteier, Ledere av IKT-enheter",OSLO,http://data.europa.eu/esco/skill/aa0d8201-5a8e-417f-81f4-c04601139582,digitalisering,exact
c955b16a-c7d3-4986-91dd-53295234b57f,Informasjonssikkerhet,Produkteier – Kirkens lokale skrivebord,"Produkteier, Produkteier, Ledere av IKT-enheter",OSLO,http://data.europa.eu/esco/skill/8088750d-8388-4170-a76f-48354c469c44,informasjonssikkerhet,exact
e0924a90-2a80-4283-9a7e-e0678ab14a7a,Digitalisering,Er du vår nye virksomhetsarkitekt?,"Virksomhetsarkitekt, Virksomhetsarkitekt, Systemanalytikere/-arkitekter",OSLO,http://data.europa.eu/esco/skill/aa0d8201-5a8e-417f-81f4-c04601139582,digitalisering,exact
e1a23d52-d209-4b04-af46-186f3fe1ce4f,Digitalisering,Vil du gjøre data til en strategisk ressurs for Forsvarsmateriell?,"Systemanalytikere/-arkitekter, IT-Systemarkitekt, IKT-systemarkitekt",OSLO,http://data.europa.eu/esco/skill/aa0d8201-5a8e-417f-81f4-c04601139582,digitalisering,exact
f82be3e1-7a21-44f3-a72b-859ca27356cc,Dataanalyse,PhD Stipendiat,"Stipendiat, Stipendiat, Universitets- og høyskolelektorer/-lærere",OSLO,http://data.europa.eu/esco/skill/97bd1c21-66b2-4b7e-ad0f-e3cda590e378,dataanalyse,exact
4c78d27b-fa1c-449a-b4a6-110e4100e5a5,SAP,Er du vår nye Produksjonsplanlegger?,"Produksjonsplanlegger, Produksjonsplanlegger, Finansanalytikere",SUNNDALSØRA,http://data.europa.eu/esco/skill/f8e3425c-fe44-4ffb-bafe-0e20d91dadf4,SAP,exact
81e58875-9946-4fef-9104-e09f009f2453,Digitalisering,Nyutdannet Forretningsrådgivning 2027,"Organisasjonsrådgivere mv., Forretningsrådgiver, bedriftskonsulent",OSLO,http://data.europa.eu/esco/skill/aa0d8201-5a8e-417f-81f4-c04601139582,digitalisering,exact
21e3fdce-5057-4d40-9ec1-39388dd9259e,Dataanalyse,Vi søker en analytisk og engasjert prisanalytiker til et vikariat frem til 31.12.2026,"Reklame- og markedsføringsrådgivere, Markedsanalytiker, Revisorer, regnskapsrådgivere, Kostnadsanalytiker, Finansanalytikere, Forretningsanalytiker system- og prosessadministrasjon, Finansanalytikere, Analytiker (finans), finansanalytiker",OSLO,http://data.europa.eu/esco/skill/97bd1c21-66b2-4b7e-ad0f-e3cda590e378,dataanalyse,exact
229afa37-9f90-4666-93c5-7e9527eaed13,IT,"Er du analytisk, ambisiøs og nyutdannet med interesse for finans? Bli med og bygg Norge med IT!","Finans- og investeringsrådgivere, Finansrådgiver, finansplanlegger",OSLO,http://data.europa.eu/esco/skill/ddc3119d-1d6e-4324-9125-a3380d299ac5,IT,exact
130b27c4-e95d-48cf-8e47-1b600927bbca,Digitalisering,Vil du ha ansvar for effektive prosesser og kvalitet av inngående fakturaer?,"Regnskapsmedarbeidere, Fakturakonsulent",OSLO,http://data.europa.eu/esco/skill/aa0d8201-5a8e-417f-81f4-c04601139582,digitalisering,exact
15a16d77-7663-492d-ba4d-a15148faae91,IT,"Vi søker en erfaren og løsningsorientert IT Engineer til å styrke vår IT-avdeling, i en fast stilling.","Systemanalytikere/-arkitekter, IT-ingeniør, dataingeniør",HAUGESUND,http://data.europa.eu/esco/skill/ddc3119d-1d6e-4324-9125-a3380d299ac5,IT,exact
4e41e9bc-e0e3-400e-bd0c-61b7a1a0d254,Elektronikk,Elkjøp Forus søker Selger (deltid) 20%,"Selger, Selger, Butikkmedarbeidere",STAVANGER,http://data.europa.eu/esco/skill/95c35c3a-035f-47c2-90cf-7e934d20fc08,elektronikk,exact
eec68acd-8027-410b-9550-cf9cfdf02bde,GIS,Vil du være med å utvikle fremtidens digitale løsninger for norsk skogforsikring?,"Systemadministratorer, IT-ansvarlig, IKT-systemadministrator",OSLO,http://data.europa.eu/esco/skill/377861af-f966-4c87-a2db-7e99904312b9,gis,exact
eec68acd-8027-410b-9550-cf9cfdf02bde,digitalisering,Vil du være med å utvikle fremtidens digitale løsninger for norsk skogforsikring?,"Systemadministratorer, IT-ansvarlig, IKT-systemadministrator",OSLO,http://data.europa.eu/esco/skill/aa0d8201-5a8e-417f-81f4-c04601139582,digitalisering,exact
4ebcf4ef-879a-4813-9893-5883382dd7d2,IT,Business Analyst søkes - gjør forretningskrav om til verdifulle user stories!,"Forretningsanalytiker, Forretningsanalytiker, Finansanalytikere",TRONDHEIM,http://data.europa.eu/esco/skill/ddc3119d-1d6e-4324-9125-a3380d299ac5,IT,exact
768593ac-652e-41a3-bf42-64176c1e960d,SAP,Trives du med å få alt til å flyte -- fra bestilling til levering?,"Teknisk kundebehandler, Kundesentermedarbeidere, Logistikkmedarbeidere, Logistikkmedarbeider, Transportfunksjonærer",KOKSTAD,http://data.europa.eu/esco/skill/f8e3425c-fe44-4ffb-bafe-0e20d91dadf4,SAP,exact
c7ab002a-31e8-4a1a-884e-4013cb64a3f4,Elektronikk,Brunvoll Mar-El AS søker Prosjektleder Elektro,"Prosjektleder elektroteknikk, Prosjektleder elektroteknikk, Sivilingeniører (elkraftteknikk)",DALEN,http://data.europa.eu/esco/skill/95c35c3a-035f-47c2-90cf-7e934d20fc08,elektronikk,exact
41293fcd-4e64-4420-a55a-3af71d0cfd12,Digitalisering,Vil du bidra i utviklingen av bedre tjenester for innbyggere og kommuner?,"Andre administrative ledere, Administrasjonsleder, Andre ledere av produksjon og tjenesteyting, Leder av offentlig forvaltning, Andre ledere av produksjon og tjenesteyting",TOLGA,http://data.europa.eu/esco/skill/aa0d8201-5a8e-417f-81f4-c04601139582,digitalisering,exact
80bab0f4-a2f1-4ffb-90df-b55ef3298eb9,systemdesign,Senior SAS Engineer,"Senior SAS programvareingeniør, Senior SAS programvareingeniør, Programvareutviklere",STAVANGER,http://data.europa.eu/esco/skill/fae27053-8924-4bfd-b565-c9fe502044c9,systemdesign,exact
71a706f3-40bd-4839-8216-e5760dfce09d,Informatikk,Bygg fundamentet for vår AI-fremtid,"Senior Data Scientist, Senior Data Scientist, Systemanalytikere/-arkitekter",OSLO,http://data.europa.eu/esco/skill/7b5cce4d-c7fe-4119-b48f-70aa05391787,informatikk,exact
71a706f3-40bd-4839-8216-e5760dfce09d,Maskinlæring,Bygg fundamentet for vår AI-fremtid,"Senior Data Scientist, Senior Data Scientist, Systemanalytikere/-arkitekter",OSLO,http://data.europa.eu/esco/skill/3a2d5b45-56e4-4f5a-a55a-4a4a65afdc43,maskinlæring,exact
71a706f3-40bd-4839-8216-e5760dfce09d,Python,Bygg fundamentet for vår AI-fremtid,"Senior Data Scientist, Senior Data Scientist, Systemanalytikere/-arkitekter",OSLO,http://data.europa.eu/esco/skill/ccd0a1d9-afda-43d9-b901-96344886e14d,Python,exact
71a706f3-40bd-4839-8216-e5760dfce09d,R,Bygg fundamentet for vår AI-fremtid,"Senior Data Scientist, Senior Data Scientist, Systemanalytikere/-arkitekter",OSLO,http://data.europa.eu/esco/skill/51586df8-1c46-4b47-8583-773cb63bf00b,R,exact
f17d1ff7-253b-4cd0-812c-41e7df929175,Dataanalyse,Shape how people discover entertainment at Telenor.,"Content Manager, Content Manager, Journalister",FORNEBU,http://data.europa.eu/esco/skill/97bd1c21-66b2-4b7e-ad0f-e3cda590e378,dataanalyse,exact
f9fcf184-9cde-43af-bfa1-40071557b275,Elektronikk,Manager Electronics Engineering,"IKT-Leder, IKT-Leder, Ledere av IKT-enheter",RAUFOSS,http://data.europa.eu/esco/skill/95c35c3a-035f-47c2-90cf-7e934d20fc08,elektronikk,exact
8b56a82d-bd03-4e2d-86ee-b4c071e4bc2e,Dataanalyse,Er du samfunnsengasjert og vil omsette data til innsikt?,"Rådgivere/forskere, samfunnsvitenskap, forsker i sosialarbeid, Samfunnsviter",OSLO,http://data.europa.eu/esco/skill/97bd1c21-66b2-4b7e-ad0f-e3cda590e378,dataanalyse,exact
a1aeefe9-4a3f-458f-ab62-c8153ab34524,Grafisk design,Medierådgiver,"Reklame- og markedsføringsrådgivere, Mediakonsulent, Mediakonsulent",OSLO,http://data.europa.eu/esco/skill/7fb699d9-182a-430e-b7a0-6d8ed05c284b,grafisk design,exact
9093af34-0ed0-4eed-879b-e2bd1d120360,IT,Vil du ha ansvaret for IT i et av Norges ledende parkerings- og teknologiselskaper?,"Leder IT-controlling, Leder IT-controlling, Ledere av IKT-enheter",OSLO,http://data.europa.eu/esco/skill/ddc3119d-1d6e-4324-9125-a3380d299ac5,IT,exact
9093af34-0ed0-4eed-879b-e2bd1d120360,informasjonssikkerhet,Vil du ha ansvaret for IT i et av Norges ledende parkerings- og teknologiselskaper?,"Leder IT-controlling, Leder IT-controlling, Ledere av IKT-enheter",OSLO,http://data.europa.eu/esco/skill/8088750d-8388-4170-a76f-48354c469c44,informasjonssikkerhet,exact
0596380f-b0c2-4a17-ab25-fc370fe22a95,Digitalisering,"Prosjektleder omstilling, e-helse og velferdsteknologi","Høyere saksbehandlere i offentlig og privat virksomhet, Prosjektleder offentlig sektor, leder i offentlig forvaltning",FINNSNES,http://data.europa.eu/esco/skill/aa0d8201-5a8e-417f-81f4-c04601139582,digitalisering,exact
208e046f-c5a1-451d-9885-4d3b63a74f86,UX,Designer,"Grafiske- og multimediadesignere, Digital designer, formgiver, digitale medier",OSLO,http://data.europa.eu/esco/skill/07dd856d-6141-48a7-a228-918f88494812,UX,exact
742d309e-6b90-4996-96e4-6b44329e9b6e,Python,Postdoktor innan temaet turbulent nedblanding og medriving i brytande bølger,"Postdoktor, Postdoktor, Universitets- og høyskolelektorer/-lærere",BERGEN,http://data.europa.eu/esco/skill/ccd0a1d9-afda-43d9-b901-96344886e14d,Python,exact
9d9cbc81-378c-4b22-a5cc-f30cf6c658c2,Digitalisering,Stipendiatstilling i pedagogikk,"Professor pedagogikk, Universitets- og høyskolelektorer/-lærere, Universitets- og høyskolelektorer/-lærere, Stipendiat, Universitets- og høyskolelektorer/-lærere",TRONDHEIM,http://data.europa.eu/esco/skill/aa0d8201-5a8e-417f-81f4-c04601139582,digitalisering,exact
c0df28b1-7841-484a-b106-401dba214e77,IT,Vil du være med å bygge fremtidens IT-funksjon i UNIL?,"Systemanalytikere/-arkitekter, IT-konsulent, IKT-konsulent",OSLO,http://data.europa.eu/esco/skill/ddc3119d-1d6e-4324-9125-a3380d299ac5,IT,exact
e03aa1c1-3bd7-40de-bbcf-c4a111ca4c6d,SAP,Vikariat som HR rådgiver ved Enhet øst,"Personalkonsulent, Personalkonsulent, Personal- og karriererådgivere, HR-rådgiver",OSLO,http://data.europa.eu/esco/skill/f8e3425c-fe44-4ffb-bafe-0e20d91dadf4,SAP,exact
74c6242e-75ee-45fe-bf9c-c14817f8c218,Kybernetikk,Prosjektingeniør Simulator - Stavanger,"Elektronikkingeniører, Automasjonsingeniør, Programvareutviklere, Kybernetiker, ingeniør, mekatronikk",STAVANGER,http://data.europa.eu/esco/skill/fc5818b4-66f9-498b-a1bc-ff651db2af68,kybernetikk,exact
d91dca85-02fd-40f5-b8a0-3ea73b2cb2e1,Tekniske tegninger,Bricklayers Wanted – Bergen – Competitive Salary,"Murer, Murer, Murere",BERGEN,http://data.europa.eu/esco/skill/59ea80e1-463a-4dba-82c6-d0b6d577d532,tekniske tegninger,exact
1b79f67a-22bd-4c81-acc6-b39e8540fd3f,Tekniske tegninger,Experienced Carpenters Wanted – Bergen – Join Our Team,"Tømrer, Tømrer, Tømrere og snekkere",BERGEN,http://data.europa.eu/esco/skill/59ea80e1-463a-4dba-82c6-d0b6d577d532,tekniske tegninger,exact
dbdee8ff-9eba-4b06-a682-123ac1a7e4ae,IT,Datacenter Lead,"Teknologisk leder CRM, Teknologisk leder CRM, Ledere av IKT-enheter",SANDVIKA,http://data.europa.eu/esco/skill/ddc3119d-1d6e-4324-9125-a3380d299ac5,IT,exact
07db3abc-a819-4341-bf4f-e2f7bf097831,IT,Control SYstem Software Engineer (Subsea Tech),"Programmerer, Programvareutviklere, Sikkerhetsanalytikere mv., System Controller, Softwareingeniør, programvareutvikler",BERGEN,http://data.europa.eu/esco/skill/ddc3119d-1d6e-4324-9125-a3380d299ac5,IT,exact
07db3abc-a819-4341-bf4f-e2f7bf097831,Industriell programvare,Control SYstem Software Engineer (Subsea Tech),"Programmerer, Programvareutviklere, Sikkerhetsanalytikere mv., System Controller, Softwareingeniør, programvareutvikler",BERGEN,http://data.europa.eu/esco/skill/41ec47dd-08b3-464a-9c45-c706f3e74467,industriell programvare,exact
07db3abc-a819-4341-bf4f-e2f7bf097831,Kybernetikk,Control SYstem Software Engineer (Subsea Tech),"Programmerer, Programvareutviklere, Sikkerhetsanalytikere mv., System Controller, Softwareingeniør, programvareutvikler",BERGEN,http://data.europa.eu/esco/skill/fc5818b4-66f9-498b-a1bc-ff651db2af68,kybernetikk,exact
2e7b4a1c-3ad6-4d9e-b2e6-cb13411042cf,Digitalisering,Graduate 2027: Finance and Strategy,"Corporate Strategy & Analysis Trainee, Organisasjonsrådgivere, Finans- og investeringsrådgivere, Trainee Finans, Organisasjonsrådgivere mv., Trainee strategi og analyse, Organisasjonsrådgivere mv.",STAVANGER,http://data.europa.eu/esco/skill/aa0d8201-5a8e-417f-81f4-c04601139582,digitalisering,exact
e41a13b6-e1c5-4d58-ab16-49a5bf738c5b,Cybersikkerhet,Vil du jobbe med sikkerhet til alle -- i Norges hyggeligste konsulenthus?,"Sikkerhetsanalytikere mv., Cyber Security Engineer, IKT-sikkerhetsingeniør",OSLO,http://data.europa.eu/esco/skill/8088750d-8388-4170-a76f-48354c469c44,cybersikkerhet,exact
e41a13b6-e1c5-4d58-ab16-49a5bf738c5b,IT-sikkerhet,Vil du jobbe med sikkerhet til alle -- i Norges hyggeligste konsulenthus?,"Sikkerhetsanalytikere mv., Cyber Security Engineer, IKT-sikkerhetsingeniør",OSLO,http://data.europa.eu/esco/skill/8088750d-8388-4170-a76f-48354c469c44,IT-sikkerhet,exact
e41a13b6-e1c5-4d58-ab16-49a5bf738c5b,Informasjonssikkerhet,Vil du jobbe med sikkerhet til alle -- i Norges hyggeligste konsulenthus?,"Sikkerhetsanalytikere mv., Cyber Security Engineer, IKT-sikkerhetsingeniør",OSLO,http://data.europa.eu/esco/skill/8088750d-8388-4170-a76f-48354c469c44,informasjonssikkerhet,exact
1d75ef50-e8c6-44a8-8d24-ae79e737cc20,SAP,Prosjektinnkjøper,"Innkjøpere, Innkjøper, innkjøper",STATHELLE,http://data.europa.eu/esco/skill/f8e3425c-fe44-4ffb-bafe-0e20d91dadf4,SAP,exact
900f2440-17ca-4a8a-acc8-99539bb2c096,Dataanalyse,Graduate 2027: Production Chemistry Engineer,"Produksjonsingeniør, Sivilingeniører (industri og produksjon), Kjemiingeniører, Kjemiingeniør, kjemiingeniør",STAVANGER,http://data.europa.eu/esco/skill/97bd1c21-66b2-4b7e-ad0f-e3cda590e378,dataanalyse,exact
dc65a3ba-1671-4f3b-b28d-ad8f99480622,Dataanalyse,Graduate 2027: Drilling and Wells Engineer,"Brønningeniør olje, Ingeniører innen petroleum, bergverk og metallurgi, Ingeniører innen petroleum, bergverk og metallurgi, Drilling Systems Engineer, Sivilingeniører (geofag, petro-leumsteknologi, metallurgi mv.);, Oil Well Engineer, petroleumsingeniør",STAVANGER,http://data.europa.eu/esco/skill/97bd1c21-66b2-4b7e-ad0f-e3cda590e378,dataanalyse,exact
45d88254-adee-47a5-9f4d-ba3774a4cde5,SAP,Join us in developing our Defense capabilities!,"Maskiningeniør, Maskiningeniører, Andre administrative ledere, Prosjektleder til Mekanisk Verksted, Anleggsmaskin- og industrimekanikere, Leder mekanikk, industrimekaniker",TRANBY,http://data.europa.eu/esco/skill/f8e3425c-fe44-4ffb-bafe-0e20d91dadf4,SAP,exact
a272ae26-76ac-4e79-8b3d-efc8fed449eb,Python,Graduate 2027: Data Engineer/Digital,"Dataingeniør, Dataingeniør, Sivilingeniører (elektronikk)",TRONDHEIM,http://data.europa.eu/esco/skill/ccd0a1d9-afda-43d9-b901-96344886e14d,Python,exact
d4858a49-9ae8-4958-9ccf-7c65217514b5,Dataanalyse,Graduate 2027: Life Cycle Data Services,"Sivilingeniører (elektronikk);, Dataingeniør, datavarehusutvikler, Databasedesignere og -administratorer, Junior Dataingeniør",TRONDHEIM,http://data.europa.eu/esco/skill/97bd1c21-66b2-4b7e-ad0f-e3cda590e378,dataanalyse,exact
c2abafe7-30e2-46c2-a45d-d0eb0b0f0b13,Digitalisering,Prosjektleder,"Prosjektleder, Prosjektleder, Andre administrative ledere",OSLO,http://data.europa.eu/esco/skill/aa0d8201-5a8e-417f-81f4-c04601139582,digitalisering,exact
c2abafe7-30e2-46c2-a45d-d0eb0b0f0b13,Helseinformatikk,Prosjektleder,"Prosjektleder, Prosjektleder, Andre administrative ledere",OSLO,http://data.europa.eu/esco/skill/fb82ae25-b59f-43fd-aacf-a8308afbe85e,helseinformatikk,exact
dcc768b4-28b1-4a13-ab72-13293c8aa096,Dataanalyse,Graduate 2027: Subsea Engineer,"Undervannsingeniør, Undervannsingeniør, Ingeniører innen petroleum, bergverk og metallurgi",STAVANGER,http://data.europa.eu/esco/skill/97bd1c21-66b2-4b7e-ad0f-e3cda590e378,dataanalyse,exact
5793bdff-8632-41dd-9ac2-3018d8a82a40,Kontrollsystemer,Join us in developing our Defense capabilities!,"Prosjektingeniør, Prosjektingeniør, Andre sivilingeniører( unntatt elektroteknologi)",TRANBY,http://data.europa.eu/esco/skill/4ff549c3-daa5-4def-9916-301c7bdf13b8,kontrollsystemer,exact
5793bdff-8632-41dd-9ac2-3018d8a82a40,Systemdesign,Join us in developing our Defense capabilities!,"Prosjektingeniør, Prosjektingeniør, Andre sivilingeniører( unntatt elektroteknologi)",TRANBY,http://data.europa.eu/esco/skill/fae27053-8924-4bfd-b565-c9fe502044c9,systemdesign,exact
74226843-5b4c-4c12-aacd-f7c1c6bbe998,Byggautomasjon,Vil du bli en del av #TeamGK?,"Salgsingeniør, Salgsingeniør, Salgskonsulenter innen tekniske og medisinske produkter",ASKER,http://data.europa.eu/esco/skill/6709e92c-7546-46a4-aa57-5e951bd4cb0f,byggautomasjon,exact
f0feedfc-c673-4025-9c45-7fedd2cd4627,Dataanalyse,Graduate 2027: Process Engineer,"Prosessingeniør, Sivilingeniører (industri og produksjon), Kjemiingeniører, Kjemiingeniør, kjemiingeniør",STAVANGER,http://data.europa.eu/esco/skill/97bd1c21-66b2-4b7e-ad0f-e3cda590e378,dataanalyse,exact
326f8720-9c64-4e59-bdd7-11fea1e3b596,Kontrollsystemer,Join us in developing our Defense capabilities!,"Andre sivilingeniører (unntatt elektroteknologi);, Senior Controls Engineer, testingeniør",TRANBY,http://data.europa.eu/esco/skill/4ff549c3-daa5-4def-9916-301c7bdf13b8,kontrollsystemer,exact
63fdaa06-2430-4ae3-a346-9b4fcf5ee17b,Digitalisering,Graduate 2027: Automation Engineer,"Automasjonsingeniør, sivil, Automasjonsingeniør, sivil, Sivilingeniører (maskin- og marinteknikk)",TRONDHEIM,http://data.europa.eu/esco/skill/aa0d8201-5a8e-417f-81f4-c04601139582,digitalisering,exact
63fdaa06-2430-4ae3-a346-9b4fcf5ee17b,Kybernetikk,Graduate 2027: Automation Engineer,"Automasjonsingeniør, sivil, Automasjonsingeniør, sivil, Sivilingeniører (maskin- og marinteknikk)",TRONDHEIM,http://data.europa.eu/esco/skill/fc5818b4-66f9-498b-a1bc-ff651db2af68,kybernetikk,exact
9572227d-26c4-4692-841f-f088488e5839,Digitalisering,Ta prosjektledererfaringen din videre i et av Nordens ledende teknologiselskaper,"Prosjektleder, Andre administrative ledere, Systemanalytikere/-arkitekter, IT-prosjektleder, IKT-prosjektleder",TRONDHEIM,http://data.europa.eu/esco/skill/aa0d8201-5a8e-417f-81f4-c04601139582,digitalisering,exact
0b3869c2-ff1c-4619-9b0e-4ddde85f4114,IT,Vil du jobbe med moderne dataplattformer og AI for å bygge Norge med IT?,"Systemanalytikere/-arkitekter, Systemutvikler, Systemanalytikere/-arkitekter, IT arkitekt, forsker innen datavitenskap, Systemanalytikere/-arkitekter, Spesialist datavitenskap",LAKSEVÅG,http://data.europa.eu/esco/skill/ddc3119d-1d6e-4324-9125-a3380d299ac5,IT,exact
0b3869c2-ff1c-4619-9b0e-4ddde85f4114,Maskinlæring,Vil du jobbe med moderne dataplattformer og AI for å bygge Norge med IT?,"Systemanalytikere/-arkitekter, Systemutvikler, Systemanalytikere/-arkitekter, IT arkitekt, forsker innen datavitenskap, Systemanalytikere/-arkitekter, Spesialist datavitenskap",LAKSEVÅG,http://data.europa.eu/esco/skill/3a2d5b45-56e4-4f5a-a55a-4a4a65afdc43,maskinlæring,exact
f156a6f8-7b35-4955-b765-f805e9d94585,Digitalisering,Join ABB Marine \& Ports and help us shape the future of digital services in the marine industry!,"Tekniker, Tekniker, Andre ingeniører",FORNEBU,http://data.europa.eu/esco/skill/aa0d8201-5a8e-417f-81f4-c04601139582,digitalisering,exact
8781eeaf-bdd6-4e55-9d90-4833e44a36e6,Digitalisering,"Do you have the ability to turn complex automation, safety, and digital solutions into real customer value?","Salgs- og markedssjefer, Customer Development Manager, Salgs- og markedssjefer",FORNEBU,http://data.europa.eu/esco/skill/aa0d8201-5a8e-417f-81f4-c04601139582,digitalisering,exact
8781eeaf-bdd6-4e55-9d90-4833e44a36e6,Industriell programvare,"Do you have the ability to turn complex automation, safety, and digital solutions into real customer value?","Salgs- og markedssjefer, Customer Development Manager, Salgs- og markedssjefer",FORNEBU,http://data.europa.eu/esco/skill/41ec47dd-08b3-464a-9c45-c706f3e74467,industriell programvare,exact
ae25fc42-dda3-4e6c-9d49-145b43b54fc6,Elektronikk,"Elkjøp Phonehouse Madla, Kilden og Kvadrat søker selger","Sales Advisor, Andre salgsmedarbeidere",HAFRSFJORD,http://data.europa.eu/esco/skill/95c35c3a-035f-47c2-90cf-7e934d20fc08,elektronikk,exact
bf9c4eb4-7981-48a5-9039-bd5358e246b8,CFD,Can you turn simulation insights into robust designs that perform in the world's toughest marine environments?,"Maskiningeniører, Maskiningeniør, maskiningeniør",FORNEBU,http://data.europa.eu/esco/skill/77592603-505b-4096-97dd-d0def6bd7601,CFD,exact
dc57e550-3d91-4562-955f-1e129f927d81,Dataanalyse,Graduate 2027: Mechanical Engineer,"Maskiningeniør, Maskiningeniør, Maskiningeniører",TRONDHEIM,http://data.europa.eu/esco/skill/97bd1c21-66b2-4b7e-ad0f-e3cda590e378,dataanalyse,exact
e23ccabb-898f-4bd6-b546-e1a23c187fcf,Dataanalyse,Graduate 2027: Reservoir Engineer,"Reservoir Engineer, Reservoir Engineer, Sivilingeniører (geofag, petroleums-teknologi, metallurgi mv.)",TRONDHEIM,http://data.europa.eu/esco/skill/97bd1c21-66b2-4b7e-ad0f-e3cda590e378,dataanalyse,exact
e23ccabb-898f-4bd6-b546-e1a23c187fcf,Python,Graduate 2027: Reservoir Engineer,"Reservoir Engineer, Reservoir Engineer, Sivilingeniører (geofag, petroleums-teknologi, metallurgi mv.)",TRONDHEIM,http://data.europa.eu/esco/skill/ccd0a1d9-afda-43d9-b901-96344886e14d,Python,exact
ea18b26b-5bbd-4fc6-bc34-7b153205be22,Cybersecurity,Graduate 2027: Cybersecurity,"Sikkerhetsanalytikere mv., Cyber Security Engineer, IKT-sikkerhetsingeniør",STAVANGER,http://data.europa.eu/esco/skill/8088750d-8388-4170-a76f-48354c469c44,cybersecurity,exact
ea18b26b-5bbd-4fc6-bc34-7b153205be22,IT-sikkerhet,Graduate 2027: Cybersecurity,"Sikkerhetsanalytikere mv., Cyber Security Engineer, IKT-sikkerhetsingeniør",STAVANGER,http://data.europa.eu/esco/skill/8088750d-8388-4170-a76f-48354c469c44,IT-sikkerhet,exact
ea18b26b-5bbd-4fc6-bc34-7b153205be22,Informasjonssikkerhet,Graduate 2027: Cybersecurity,"Sikkerhetsanalytikere mv., Cyber Security Engineer, IKT-sikkerhetsingeniør",STAVANGER,http://data.europa.eu/esco/skill/8088750d-8388-4170-a76f-48354c469c44,informasjonssikkerhet,exact
34b7f39b-80de-4950-9029-03d12fc1a518,Informasjonssikkerhet,"Vil du ta en nøkkelrolle i å forme og videreutvikle styring og etterlevelse innen informasjonssikkerhet, risikostyrin...","Jurister og advokater, Jurist, Sikkerhetsanalytikere mv., Informasjonssikkerhetsansvarlig, Sikkerhetsanalytikere mv., Rådgiver informasjonssikkerhet, IKT-sikkerhetsingeniør",OSLO,http://data.europa.eu/esco/skill/8088750d-8388-4170-a76f-48354c469c44,informasjonssikkerhet,exact
1129ba1e-f1f1-4175-865e-f7bd2dfd5b8f,Digitalisering,Lead Sales Growth as Head of Sales at Nordic Approach,"Salgs- og markedssjefer, Salgsleder, salgssjef",OSLO,http://data.europa.eu/esco/skill/aa0d8201-5a8e-417f-81f4-c04601139582,digitalisering,exact
13539fa0-d904-45de-b19e-de5cb91b95b6,Informasjonssikkerhet,Har du kraft til å løse utfordringer som faktisk betyr noe?,"Andre ingeniører, Helse- og miljørådgivere, beredskapskoordinator, Sikkerhetsrådgiver (helse, miljø og driftssikkerhet), Beredskapsleder",BERGEN,http://data.europa.eu/esco/skill/8088750d-8388-4170-a76f-48354c469c44,informasjonssikkerhet,exact
bf4e0a9d-86db-44fa-889a-36d40ee21bb4,IT,Har du kraft til å løse utfordringer som faktisk betyr noe?,"Systemanalytikere/-arkitekter, AI-utvikler, AI-utvikler",BERGEN,http://data.europa.eu/esco/skill/ddc3119d-1d6e-4324-9125-a3380d299ac5,IT,exact
bf4e0a9d-86db-44fa-889a-36d40ee21bb4,digitalisering,Har du kraft til å løse utfordringer som faktisk betyr noe?,"Systemanalytikere/-arkitekter, AI-utvikler, AI-utvikler",BERGEN,http://data.europa.eu/esco/skill/aa0d8201-5a8e-417f-81f4-c04601139582,digitalisering,exact
eb76a3a9-7d15-43f7-8612-95785a52d977,Digitalisering,Har du kraft til å løse utfordringer som faktisk betyr noe?,"Nettverksansvarlige, IKT-nettverksingeniør",BERGEN,http://data.europa.eu/esco/skill/aa0d8201-5a8e-417f-81f4-c04601139582,digitalisering,exact
ee014cce-bcc3-4247-8227-9598d834e127,Digitalisering,Har du kraft til å løse utfordringer som faktisk betyr noe?,"Sivilingeniører (elkraftteknikk);, ingeniør, elkraftteknikk, Ingeniør innen elektrisk kraftproduksjon",BERGEN,http://data.europa.eu/esco/skill/aa0d8201-5a8e-417f-81f4-c04601139582,digitalisering,exact
ee014cce-bcc3-4247-8227-9598d834e127,Kybernetikk,Har du kraft til å løse utfordringer som faktisk betyr noe?,"Sivilingeniører (elkraftteknikk);, ingeniør, elkraftteknikk, Ingeniør innen elektrisk kraftproduksjon",BERGEN,http://data.europa.eu/esco/skill/fc5818b4-66f9-498b-a1bc-ff651db2af68,kybernetikk,exact
56fe1b44-14af-4c1c-9992-b79ab1dd1346,Cybersikkerhet,"Vil du være med på å gjøre cybersikkerhet forståelig, relevant og viktig for hele finansnæringen?","Sikkerhetsanalytikere mv., Cybersikkerhetsarkitekt, Cybersikkerhetsarkitekt",OSLO,http://data.europa.eu/esco/skill/8088750d-8388-4170-a76f-48354c469c44,cybersikkerhet,exact
56fe1b44-14af-4c1c-9992-b79ab1dd1346,Informasjonssikkerhet,"Vil du være med på å gjøre cybersikkerhet forståelig, relevant og viktig for hele finansnæringen?","Sikkerhetsanalytikere mv., Cybersikkerhetsarkitekt, Cybersikkerhetsarkitekt",OSLO,http://data.europa.eu/esco/skill/8088750d-8388-4170-a76f-48354c469c44,informasjonssikkerhet,exact
de82a462-cdb7-4b4f-8443-d5c8d9b0eed3,SAP,Controller – 1 års vikariat med oppstart høsten 2026,"Controller, Controller, Revisorer og regnskapsrådgivere",SKIEN,http://data.europa.eu/esco/skill/f8e3425c-fe44-4ffb-bafe-0e20d91dadf4,SAP,exact
17c49851-7863-494e-b447-97eaf320f410,Elektronikk,Elkjøp Skien søker salgsleder for en midlertidig periode,"Salgs- og markedssjefer, Salgsleder, salgssjef",SKIEN,http://data.europa.eu/esco/skill/95c35c3a-035f-47c2-90cf-7e934d20fc08,elektronikk,exact
339293d3-367d-4b3b-b428-620d34b7cc2a,informatikk,PhD Research Fellow in Formal Methods and Knowledge Representation for Engineering Information,"Stipendiat, Stipendiat, Universitets- og høyskolelektorer/-lærere",OSLO,http://data.europa.eu/esco/skill/7b5cce4d-c7fe-4119-b48f-70aa05391787,informatikk,exact
489083f4-8ad3-41e3-a6a8-f75f1d440e90,Digitalisering,Fagdirektør,"Andre ledere av produksjon og tjenesteyting, Leder av offentlig forvaltning, Andre ledere av produksjon og tjenesteyting",OSLO,http://data.europa.eu/esco/skill/aa0d8201-5a8e-417f-81f4-c04601139582,digitalisering,exact
5caea534-f202-4c64-b752-5231f6453130,IT-sikkerhet,Vil du bli vår nye løsningsekspert? ,"Sikkerhetsanalytikere mv., IT sikkerhetsanalyst, IKT-sikkerhetsadministrator",OSLO,http://data.europa.eu/esco/skill/8088750d-8388-4170-a76f-48354c469c44,IT-sikkerhet,exact
5caea534-f202-4c64-b752-5231f6453130,SAP,Vil du bli vår nye løsningsekspert? ,"Sikkerhetsanalytikere mv., IT sikkerhetsanalyst, IKT-sikkerhetsadministrator",OSLO,http://data.europa.eu/esco/skill/f8e3425c-fe44-4ffb-bafe-0e20d91dadf4,SAP,exact
9e9bf515-dc22-4dad-82d1-f9a56b45187f,Elektronikk,Fagarbeider Bakkeutstyr ,"Tekniker, Andre ingeniører, Bilmekanikere, Mekaniker, Anleggsmaskin- og industrimekanikere, Mekaniker (maskiner), Anleggsmaskin- og industrimekanikere",EVENES,http://data.europa.eu/esco/skill/95c35c3a-035f-47c2-90cf-7e934d20fc08,elektronikk,exact
a0fa8605-d11a-43a7-9a4f-8dbc01e7873a,Digitalisering,Strategisk rådgiver ,"Strategirådgiver, Finansanalytikere, Høyere saksbehandlere i offentlig og privat virksomhet, Rådgiver juridisk utredning i offentlig administrasjon, Høyere saksbehandlere i offentlig og privat virksomhet",HØNEFOSS,http://data.europa.eu/esco/skill/aa0d8201-5a8e-417f-81f4-c04601139582,digitalisering,exact
a7a76e49-1f5d-49e0-87d3-0de82ed690ed,Digitalisering,Vil du bidra til at vi lykkes med vårt viktige samfunnsoppdrag?,"Divisjonsdirektør, Divisjonsdirektør, Administrerende direktører",OSLO,http://data.europa.eu/esco/skill/aa0d8201-5a8e-417f-81f4-c04601139582,digitalisering,exact
d1cbf7c0-ae45-4bf4-8997-f6d0c31372c4,Informasjonssikkerhet,Utvikler til Tryggere Digital Læring,"Systemanalytikere/-arkitekter, Systemutvikler, IKT-systemutvikler",TRONDHEIM,http://data.europa.eu/esco/skill/8088750d-8388-4170-a76f-48354c469c44,informasjonssikkerhet,exact
d1cbf7c0-ae45-4bf4-8997-f6d0c31372c4,Python,Utvikler til Tryggere Digital Læring,"Systemanalytikere/-arkitekter, Systemutvikler, IKT-systemutvikler",TRONDHEIM,http://data.europa.eu/esco/skill/ccd0a1d9-afda-43d9-b901-96344886e14d,Python,exact
d1cbf7c0-ae45-4bf4-8997-f6d0c31372c4,Typescript,Utvikler til Tryggere Digital Læring,"Systemanalytikere/-arkitekter, Systemutvikler, IKT-systemutvikler",TRONDHEIM,http://data.europa.eu/esco/skill/867137fb-ff1b-4ca3-99f3-cb6969aa2c68,TypeScript,exact
d4544048-7893-4ab2-abf6-23cf3f07f854,Dataanalyse,Registeransvarlig for Norsk rehabiliteringsregister,"Andre ledere av produksjon og tjenesteyting, Registersjef, Andre ledere av produksjon og tjenesteyting",NESODDTANGEN,http://data.europa.eu/esco/skill/97bd1c21-66b2-4b7e-ad0f-e3cda590e378,dataanalyse,exact
d679e56c-a19d-40fe-bef5-95b561b0c8ff,informatikk,PhD Research Fellow in transport mode detection with location privacy,"Stipendiat, Stipendiat, Universitets- og høyskolelektorer/-lærere",OSLO,http://data.europa.eu/esco/skill/7b5cce4d-c7fe-4119-b48f-70aa05391787,informatikk,exact
d679e56c-a19d-40fe-bef5-95b561b0c8ff,maskinlæring,PhD Research Fellow in transport mode detection with location privacy,"Stipendiat, Stipendiat, Universitets- og høyskolelektorer/-lærere",OSLO,http://data.europa.eu/esco/skill/3a2d5b45-56e4-4f5a-a55a-4a4a65afdc43,maskinlæring,exact
e086f859-fdd9-40f2-aad1-f1165e4789e1,BIM,Fagansvarleg FDV og teknisk dokumentasjon,"Bygningsingeniører, Fagansvarlig byggesak",BERGEN,http://data.europa.eu/esco/skill/fae7e545-5114-43cc-8e83-178e2549ecb9,bim,exact
c0a206de-6506-4f3e-ad8d-da68602e088e,Digitalisering,Ønsker du erfaring fra bibliotek i høyskolesektoren?,"Bibliotekassistent, Bibliotekassistent, Bibliotekassistenter",LILLESTRØM,http://data.europa.eu/esco/skill/aa0d8201-5a8e-417f-81f4-c04601139582,digitalisering,exact
5ebfe2ee-af50-40fd-8022-9fb3a9ebda89,SAP,Elektriker,"Elektriker, Elektriker, Elektrikere, Elektrikere, Industrielektriker",SUNNDALSØRA,http://data.europa.eu/esco/skill/f8e3425c-fe44-4ffb-bafe-0e20d91dadf4,SAP,exact
79af9c56-6482-4040-994b-f0b76d4069b1,Digitalisering,Har du bred kunnskap og erfaring med digitalisering og datadrevne prosesser?,"Dataregistrere, Digitaliserer, Andre administrative ledere, Digitaliseringsansvarlig, prosjektleder",OSLO,http://data.europa.eu/esco/skill/aa0d8201-5a8e-417f-81f4-c04601139582,digitalisering,exact
79af9c56-6482-4040-994b-f0b76d4069b1,SAP,Har du bred kunnskap og erfaring med digitalisering og datadrevne prosesser?,"Dataregistrere, Digitaliserer, Andre administrative ledere, Digitaliseringsansvarlig, prosjektleder",OSLO,http://data.europa.eu/esco/skill/f8e3425c-fe44-4ffb-bafe-0e20d91dadf4,SAP,exact
4b1588fd-6f61-475d-812e-2369e97918f4,.NET,Vil du være med å lage løsninger som hjelper 500 000 medlemmer vel frem?,"Backend-utvikler, Backend-utvikler, Programvareutviklere",OSLO,http://data.europa.eu/esco/skill/13bdd41a-2a18-441f-96db-41252c519413,.NET,exact
4b1588fd-6f61-475d-812e-2369e97918f4,C#,Vil du være med å lage løsninger som hjelper 500 000 medlemmer vel frem?,"Backend-utvikler, Backend-utvikler, Programvareutviklere",OSLO,http://data.europa.eu/esco/skill/4c016b68-4116-468c-9dc6-42710c239e4a,C#,exact
4b1588fd-6f61-475d-812e-2369e97918f4,DevOps,Vil du være med å lage løsninger som hjelper 500 000 medlemmer vel frem?,"Backend-utvikler, Backend-utvikler, Programvareutviklere",OSLO,http://data.europa.eu/esco/skill/f0de4973-0a70-4644-8fd4-3a97080476f4,DevOps,exact
4b1588fd-6f61-475d-812e-2369e97918f4,IT,Vil du være med å lage løsninger som hjelper 500 000 medlemmer vel frem?,"Backend-utvikler, Backend-utvikler, Programvareutviklere",OSLO,http://data.europa.eu/esco/skill/ddc3119d-1d6e-4324-9125-a3380d299ac5,IT,exact
ad252f2a-c51b-4f12-84a4-89bf84f6cdb1,Elektronikk,Ready to join Eidel as our next Test Engineer and help us build reliable technology for space and defense?,"Testingeniør, Testingeniør, Andre sivilingeniører( unntatt elektroteknologi)",EIDSVOLL,http://data.europa.eu/esco/skill/95c35c3a-035f-47c2-90cf-7e934d20fc08,elektronikk,exact
ad252f2a-c51b-4f12-84a4-89bf84f6cdb1,Python,Ready to join Eidel as our next Test Engineer and help us build reliable technology for space and defense?,"Testingeniør, Testingeniør, Andre sivilingeniører( unntatt elektroteknologi)",EIDSVOLL,http://data.europa.eu/esco/skill/ccd0a1d9-afda-43d9-b901-96344886e14d,Python,exact
737827f3-a459-4e4d-8a58-633f1aab36e9,Robotikk,Vil du lede prosjekter innen undervannsrobotikk?,"Prosjektleder, Prosjektleder, Andre administrative ledere, Project Manager",TRONDHEIM,http://data.europa.eu/esco/skill/e87ec79a-c9ff-46f5-84fa-7a0f394cdf40,robotikk,exact
ae0e329c-8e6c-43e0-8c05-277012358d19,SAP,Personellsikkerhetsansvarlig,"Helse- og miljørådgivere, Arbeidsmiljø-, helse- og sikkerhetsansvarlig, HMS-konsulent",LAKSEVÅG,http://data.europa.eu/esco/skill/f8e3425c-fe44-4ffb-bafe-0e20d91dadf4,SAP,exact
52187f06-00dd-48eb-a5a8-acd30f66d4c2,Python,Vil du ta eierskap til dataplattformen i et voksende fintech-selskap?,"Systemanalytikere/-arkitekter, Plattform Manager, Systemanalytikere/-arkitekter",BERGEN,http://data.europa.eu/esco/skill/ccd0a1d9-afda-43d9-b901-96344886e14d,Python,exact
21b680ae-67f6-4b33-9c7c-0bc6594559e2,SAP,HR Service Specialist,"Personalkonsulent, Personalkonsulent, Personal- og karriererådgivere",PORSGRUNN,http://data.europa.eu/esco/skill/f8e3425c-fe44-4ffb-bafe-0e20d91dadf4,SAP,exact
c998751d-8aff-4c8c-8560-9162a3b558cf,Byggautomasjon,Vil du integrere morgendagens systemer - fra verdens nordligste arbeidsplass?,"Elektronikkingeniører, Automasjonsingeniør, tekniker, instrumentering",LONGYEARBYEN,http://data.europa.eu/esco/skill/6709e92c-7546-46a4-aa57-5e951bd4cb0f,byggautomasjon,exact
df1c6f1e-b841-49fe-9248-527254abbf16,Digitalisering,Har du bred kunnskap og erfaring med digitalisering og datadrevne prosesser?,"Ledere av IKT-enheter, Digitaliseringssjef, Ledere av IKT-enheter",OSLO,http://data.europa.eu/esco/skill/aa0d8201-5a8e-417f-81f4-c04601139582,digitalisering,exact
5fed642e-cb64-4693-adab-318e6db4276f,Digitalisering,Vil du være med å skape neste generasjon kundeopplevelse til sjøs? Vi søker kommersiell produktleder!,"Produktleder industri, Produktleder industri, Forsknings- og utviklingsledere",ARENDAL,http://data.europa.eu/esco/skill/aa0d8201-5a8e-417f-81f4-c04601139582,digitalisering,exact
01692e0f-ec0f-46a3-8e8d-07de14c3539a,IT,Er du vår nye IT Project Manager?,"Prosjektleder, Prosjektleder, Andre administrative ledere",KOKSTAD,http://data.europa.eu/esco/skill/ddc3119d-1d6e-4324-9125-a3380d299ac5,IT,exact
01692e0f-ec0f-46a3-8e8d-07de14c3539a,cybersikkerhet,Er du vår nye IT Project Manager?,"Prosjektleder, Prosjektleder, Andre administrative ledere",KOKSTAD,http://data.europa.eu/esco/skill/8088750d-8388-4170-a76f-48354c469c44,cybersikkerhet,exact
01692e0f-ec0f-46a3-8e8d-07de14c3539a,digitalisering,Er du vår nye IT Project Manager?,"Prosjektleder, Prosjektleder, Andre administrative ledere",KOKSTAD,http://data.europa.eu/esco/skill/aa0d8201-5a8e-417f-81f4-c04601139582,digitalisering,exact
1d327685-ca47-411e-8d3a-a1efd2e7bbaa,Kybernetikk,"Softwareingeniør PLS og SCADA, Kristiansand","PLC programmerer, PLC programmerer, Sivilingeniører (elektronikk)",KRISTIANSAND S,http://data.europa.eu/esco/skill/fc5818b4-66f9-498b-a1bc-ff651db2af68,kybernetikk,exact
97692ee1-83f1-4c1e-807e-bb6e0b7aad7f,Data engineering,Are you our new Data Platform Engineer?,"Dataingeniør, Dataingeniør, Sivilingeniører (elektronikk)",KOKSTAD,http://data.europa.eu/esco/skill/48db96bf-3314-45c6-bad8-fdb6e20e5639,data engineering,exact
97692ee1-83f1-4c1e-807e-bb6e0b7aad7f,DevOps,Are you our new Data Platform Engineer?,"Dataingeniør, Dataingeniør, Sivilingeniører (elektronikk)",KOKSTAD,http://data.europa.eu/esco/skill/f0de4973-0a70-4644-8fd4-3a97080476f4,DevOps,exact
97692ee1-83f1-4c1e-807e-bb6e0b7aad7f,ETL,Are you our new Data Platform Engineer?,"Dataingeniør, Dataingeniør, Sivilingeniører (elektronikk)",KOKSTAD,http://data.europa.eu/esco/skill/9d0d89be-bffa-4393-b6f6-8d05bea49051,ETL,exact
97692ee1-83f1-4c1e-807e-bb6e0b7aad7f,IT,Are you our new Data Platform Engineer?,"Dataingeniør, Dataingeniør, Sivilingeniører (elektronikk)",KOKSTAD,http://data.europa.eu/esco/skill/ddc3119d-1d6e-4324-9125-a3380d299ac5,IT,exact
32eb2993-034f-4d94-85b9-5a1be315ec38,SAP,Spennende mulighet i et internasjonalt selskap!,"Kundeservicekoordinator, Kundeservicekoordinator, Kundesentermedarbeidere",OSLO,http://data.europa.eu/esco/skill/f8e3425c-fe44-4ffb-bafe-0e20d91dadf4,SAP,exact
c5f22cb1-2b49-4812-a1f3-a72541930c7c,Digitalisering,Har du kraft til å løse utfordringer som faktisk betyr noe?,"Elkraftingeniører, Elkraftingeniør, Sivilingeniører (elkraftteknikk);, Nettplanlegger, ingeniør, elektro",BERGEN,http://data.europa.eu/esco/skill/aa0d8201-5a8e-417f-81f4-c04601139582,digitalisering,exact
6f5c59f2-12a5-44a4-be6c-d29626f0cfe2,Kontrollsystemer,"Project engineer subsea control systems - Stavanger, Bergen or Oslo","Andre sivilingeniører (unntatt elektroteknologi);, Prosjektingeniør, Ingeniører innen petroleum, bergverk og metallurgi, Undervannsingeniør, Ingeniører innen petroleum",BERGEN,http://data.europa.eu/esco/skill/4ff549c3-daa5-4def-9916-301c7bdf13b8,kontrollsystemer,exact
80df5041-7bb3-4ba5-87d4-c814e6770e8f,DevOps,Devops-utvikler,"DevOps-utvikler, DevOps-utvikler, Programvareutviklere",BERGEN,http://data.europa.eu/esco/skill/f0de4973-0a70-4644-8fd4-3a97080476f4,DevOps,exact
80df5041-7bb3-4ba5-87d4-c814e6770e8f,Digitalisering,Devops-utvikler,"DevOps-utvikler, DevOps-utvikler, Programvareutviklere",BERGEN,http://data.europa.eu/esco/skill/aa0d8201-5a8e-417f-81f4-c04601139582,digitalisering,exact
80df5041-7bb3-4ba5-87d4-c814e6770e8f,IT,Devops-utvikler,"DevOps-utvikler, DevOps-utvikler, Programvareutviklere",BERGEN,http://data.europa.eu/esco/skill/ddc3119d-1d6e-4324-9125-a3380d299ac5,IT,exact
341de60a-63cf-43a0-98f4-b473bc6bbfae,IAM,Vil du være med å bygge opp KLPs nye IAM funksjon fra grunnen av?,"Applikasjonsprogrammerere, Applikasjonsutvikler (IAM), Applikasjonsprogrammerere",OSLO,http://data.europa.eu/esco/skill/33efa504-2f26-424d-b662-cee77e6e9c93,IAM,exact
341de60a-63cf-43a0-98f4-b473bc6bbfae,IT-sikkerhet,Vil du være med å bygge opp KLPs nye IAM funksjon fra grunnen av?,"Applikasjonsprogrammerere, Applikasjonsutvikler (IAM), Applikasjonsprogrammerere",OSLO,http://data.europa.eu/esco/skill/8088750d-8388-4170-a76f-48354c469c44,IT-sikkerhet,exact
341de60a-63cf-43a0-98f4-b473bc6bbfae,Java,Vil du være med å bygge opp KLPs nye IAM funksjon fra grunnen av?,"Applikasjonsprogrammerere, Applikasjonsutvikler (IAM), Applikasjonsprogrammerere",OSLO,http://data.europa.eu/esco/skill/19a8293b-8e95-4de3-983f-77484079c389,Java,exact
547f95bb-d3ae-4371-89a4-49efcca2c46f,IT,Vil du jobbe med utvikling av kundar og vere med å skape verdi for små og mellomstore bedrifter?,"Account Manager Business-to Business, Salgs- og markedssjefer, Selgere (engros);, Account manager, Selgere (engros)",ÅLESUND,http://data.europa.eu/esco/skill/ddc3119d-1d6e-4324-9125-a3380d299ac5,IT,exact
9df974d6-b23d-4d73-86c8-cee971668afd,Digitalisering,Har du bred kunnskap og erfaring med digitalisering og datadrevne prosesser?,"Forsknings- og utviklingsledere, Programleder innovasjon og digitalisering, Forsknings- og utviklingsledere",OSLO,http://data.europa.eu/esco/skill/aa0d8201-5a8e-417f-81f4-c04601139582,digitalisering,exact
9df974d6-b23d-4d73-86c8-cee971668afd,SAP,Har du bred kunnskap og erfaring med digitalisering og datadrevne prosesser?,"Forsknings- og utviklingsledere, Programleder innovasjon og digitalisering, Forsknings- og utviklingsledere",OSLO,http://data.europa.eu/esco/skill/f8e3425c-fe44-4ffb-bafe-0e20d91dadf4,SAP,exact
04d25c1a-f94b-4b6f-a1e5-72951c42c03a,Elektronikk,Deltid Selger 30-50%,"Selger, Selger, Butikkmedarbeidere",NÆRBØ,http://data.europa.eu/esco/skill/95c35c3a-035f-47c2-90cf-7e934d20fc08,elektronikk,exact
00921daf-3fdf-46bc-89f1-e34e05784427,Elektronikk,Hatteland Technology søker EMC Ingeniør,"Sivilingeniører (elkraftteknikk);, Overingeniør electro magnetic compatibility (EMC), ingeniør, elektromagnetisme",AKSDAL,http://data.europa.eu/esco/skill/95c35c3a-035f-47c2-90cf-7e934d20fc08,elektronikk,exact
46737b85-3ab6-4ee3-9c2f-afb91c7032d2,BIM,Vil du bli en del av Norconsults bruavdeling i Bergen?,"Sivilingeniører (bygg og anlegg);, Broingeniør, byggingeniør",BERGEN,http://data.europa.eu/esco/skill/fae7e545-5114-43cc-8e83-178e2549ecb9,bim,exact
3dd4d5cf-a827-4c0a-aedf-bef5415ffdbd,IT,Vil du jobbe tett med kunder og Microsoft-løsninger? Vi søker Software Specialist,"Microsoft utvikler, Programvareutviklere",OSLO,http://data.europa.eu/esco/skill/ddc3119d-1d6e-4324-9125-a3380d299ac5,IT,exact
54f4dd59-6e9b-4a72-9980-5bf0767a98bd,BIM,Rådgjevar vegplanlegging - Voss,"Sivilingeniør veiplanlegger, Sivilingeniør veiplanlegger, Arealplanleggere",VOSS,http://data.europa.eu/esco/skill/fae7e545-5114-43cc-8e83-178e2549ecb9,bim,exact
2c7066b7-82e5-40b9-92c5-035c4ff07a58,BIM,Rådgiver BIM og digitalisering Trondheim,"BIM-rådgiver, BIM-rådgiver, Sivilingeniører (bygg og anlegg)",TRONDHEIM,http://data.europa.eu/esco/skill/fae7e545-5114-43cc-8e83-178e2549ecb9,bim,exact
2c7066b7-82e5-40b9-92c5-035c4ff07a58,Digitalisering,Rådgiver BIM og digitalisering Trondheim,"BIM-rådgiver, BIM-rådgiver, Sivilingeniører (bygg og anlegg)",TRONDHEIM,http://data.europa.eu/esco/skill/aa0d8201-5a8e-417f-81f4-c04601139582,digitalisering,exact
cde648e2-6d79-4e0b-a5ca-847ae6db5dbe,SAP,Er du den som gjør at kunden legger på litt gladere enn da de ringte?,"Reklame- og markedsføringsrådgivere, Kundesentermedarbeidere, kundeservicemedarbeider ved kontaktsenter, Customer Marketing Specialist, Kundesenter informasjonsarbeider",GARDERMOEN,http://data.europa.eu/esco/skill/f8e3425c-fe44-4ffb-bafe-0e20d91dadf4,SAP,exact
038ff9f6-ecca-4d2f-8028-c2af66795a73,IT,Seniorutviklere innen Microsoft Fabric og Business Central!,"Programvareutviklere, Microsoft utvikler, Applikasjonsprogrammerere, Seniorutvikler Mobipol, mobilapputvikler",BERGEN,http://data.europa.eu/esco/skill/ddc3119d-1d6e-4324-9125-a3380d299ac5,IT,exact
05712034-800d-4fca-8416-06208b24c92e,E-læring,Seniorrådgiver - sikresiden.no,"Sikkerhetsanalytikere mv., Seniorrådgiver informasjonssikkerhet, sjef for IKT-sikkerhet",OSLO,http://data.europa.eu/esco/skill/5f5e9350-1d13-4391-b9e1-07f6b2047fc5,e-læring,exact
0d7a33f8-cf24-40b6-942e-161d967753c6,Informasjonssikkerhet,Vi søker to rådgivere/seniorrådgivere til vårt infrastruktur- og nettverksteam,"Seniorkonsulent data, Seniorkonsulent data, Systemanalytikere/-arkitekter",OSLO,http://data.europa.eu/esco/skill/8088750d-8388-4170-a76f-48354c469c44,informasjonssikkerhet,exact
1f5b170a-2d01-4185-8aa7-d2ff42e61d79,Digitalisering,Seniorrådgiver - utvikling av fremtidens byggeregler ,"Andre sivilingeniører (unntatt elektroteknologi);, Seniorrådgiver andre sivilingeniører, Finans- og investeringsrådgivere, Seniorrådgiver innen nyskapning og innovasjon, Høyere saksbehandlere i offentlig og privat virksomhet, Seniorrådgiver (juridisk utredning, offentlig administrasjon), Høyere saksbehandlere i offentlig og privat virksomhet",OSLO,http://data.europa.eu/esco/skill/aa0d8201-5a8e-417f-81f4-c04601139582,digitalisering,exact
20b3a019-b58c-4b1b-9b58-7b032cf3a137,IT,Kan du hjelpe oss å utvikle våre plattformer?,"Systemanalytikere/-arkitekter, IKT-ingeniør, Andre ingeniører, Senioringeniør, Andre sivilingeniører (unntatt elektroteknologi), Overingeniør",OSLO,http://data.europa.eu/esco/skill/ddc3119d-1d6e-4324-9125-a3380d299ac5,IT,exact
20b3a019-b58c-4b1b-9b58-7b032cf3a137,devops,Kan du hjelpe oss å utvikle våre plattformer?,"Systemanalytikere/-arkitekter, IKT-ingeniør, Andre ingeniører, Senioringeniør, Andre sivilingeniører (unntatt elektroteknologi), Overingeniør",OSLO,http://data.europa.eu/esco/skill/f0de4973-0a70-4644-8fd4-3a97080476f4,DevOps,exact
6396ac74-3485-4c06-9ac0-945e32293fce,Informasjonssikkerhet,Har du erfaring innen sikkerhet og risikohåndtering?,"Sikkerhetsrådgiver (helse, miljø og driftssikkerhet), Sikkerhetsrådgiver (helse, miljø og driftssikkerhet), Andre ingeniører",OSLO,http://data.europa.eu/esco/skill/8088750d-8388-4170-a76f-48354c469c44,informasjonssikkerhet,exact
8930eb93-689d-4813-abd0-71f1abd31276,SAP,Vi søker Risk manager til Sjøforsvarets største prosjekter,"Risk Manager, Risk Manager, Strategi- og planleggingssjefer",BERGEN,http://data.europa.eu/esco/skill/f8e3425c-fe44-4ffb-bafe-0e20d91dadf4,SAP,exact
8c9ea40d-f916-4d17-a2de-17b94525a959,Dataanalyse,Fra signaler til innsikt – jobb med elektronisk etterretning i Vadsø ,"Høyere saksbehandlere i offentlig og privat virksomhet, Etterretningsanalytiker (kriminelle handlinger)",VADSØ,http://data.europa.eu/esco/skill/97bd1c21-66b2-4b7e-ad0f-e3cda590e378,dataanalyse,exact
8c9ea40d-f916-4d17-a2de-17b94525a959,Signalbehandling,Fra signaler til innsikt – jobb med elektronisk etterretning i Vadsø ,"Høyere saksbehandlere i offentlig og privat virksomhet, Etterretningsanalytiker (kriminelle handlinger)",VADSØ,http://data.europa.eu/esco/skill/cfa2be0d-96d5-4017-a866-962efb9c5070,signalbehandling,exact
93e53bfe-7d70-4927-9320-2f6545e4410f,GIS,Er du vår nye GIS-rådgiver?,"Landmålere, kartografer mv., GIS-konsulent, GIS-spesialist",SANDEFJORD,http://data.europa.eu/esco/skill/377861af-f966-4c87-a2db-7e99904312b9,gis,exact
93e53bfe-7d70-4927-9320-2f6545e4410f,IT,Er du vår nye GIS-rådgiver?,"Landmålere, kartografer mv., GIS-konsulent, GIS-spesialist",SANDEFJORD,http://data.europa.eu/esco/skill/ddc3119d-1d6e-4324-9125-a3380d299ac5,IT,exact
cef38065-a8de-4d37-bb62-21673190722b,maskinlæring,PhD Research Fellow in Computational Nuclear Physics and Reactor Simulations,"Universitets- og høyskolelektorer/-lærere, Stipendiat, Stipendiat",OSLO,http://data.europa.eu/esco/skill/3a2d5b45-56e4-4f5a-a55a-4a4a65afdc43,maskinlæring,exact
cef38065-a8de-4d37-bb62-21673190722b,vitenskapelig databehandling,PhD Research Fellow in Computational Nuclear Physics and Reactor Simulations,"Universitets- og høyskolelektorer/-lærere, Stipendiat, Stipendiat",OSLO,http://data.europa.eu/esco/skill/5b26f08b-88bc-45f0-b901-530d7786466b,vitenskapelig databehandling,exact
d8ebe2c2-3479-4e77-b947-87255955d5c6,Digitalisering,Vil du være med å utvikle kommunens digitale plattform?,"Høyere saksbehandlere i offentlig og privat virksomhet, Rådgiver (offentlig administrasjon), Høyere saksbehandlere i offentlig og privat virksomhet",JESSHEIM,http://data.europa.eu/esco/skill/aa0d8201-5a8e-417f-81f4-c04601139582,digitalisering,exact
d8ebe2c2-3479-4e77-b947-87255955d5c6,IT,Vil du være med å utvikle kommunens digitale plattform?,"Høyere saksbehandlere i offentlig og privat virksomhet, Rådgiver (offentlig administrasjon), Høyere saksbehandlere i offentlig og privat virksomhet",JESSHEIM,http://data.europa.eu/esco/skill/ddc3119d-1d6e-4324-9125-a3380d299ac5,IT,exact
d21e0034-7d08-4ddc-bffa-bca928539379,.NET,Vil du lede den tekniske utviklingen av en nasjonal digital tjeneste med stor samfunnsverdi?,"Systemutvikler, Systemanalytikere/-arkitekter, Programvareutviklere, Fullstackutvikler, programvareutvikler",TØNSBERG,http://data.europa.eu/esco/skill/13bdd41a-2a18-441f-96db-41252c519413,.NET,exact
d21e0034-7d08-4ddc-bffa-bca928539379,C#,Vil du lede den tekniske utviklingen av en nasjonal digital tjeneste med stor samfunnsverdi?,"Systemutvikler, Systemanalytikere/-arkitekter, Programvareutviklere, Fullstackutvikler, programvareutvikler",TØNSBERG,http://data.europa.eu/esco/skill/4c016b68-4116-468c-9dc6-42710c239e4a,C#,exact
d21e0034-7d08-4ddc-bffa-bca928539379,IT,Vil du lede den tekniske utviklingen av en nasjonal digital tjeneste med stor samfunnsverdi?,"Systemutvikler, Systemanalytikere/-arkitekter, Programvareutviklere, Fullstackutvikler, programvareutvikler",TØNSBERG,http://data.europa.eu/esco/skill/ddc3119d-1d6e-4324-9125-a3380d299ac5,IT,exact
d21e0034-7d08-4ddc-bffa-bca928539379,TypeScript,Vil du lede den tekniske utviklingen av en nasjonal digital tjeneste med stor samfunnsverdi?,"Systemutvikler, Systemanalytikere/-arkitekter, Programvareutviklere, Fullstackutvikler, programvareutvikler",TØNSBERG,http://data.europa.eu/esco/skill/867137fb-ff1b-4ca3-99f3-cb6969aa2c68,TypeScript,exact
c2aa7a24-c7ac-4129-85ae-28fa72ef361b,Kybernetikk,Vi søker signalingeniører til spennende oppgaver innen fjernstyring!,"Signalingeniør teleteknikk, Signalingeniør teleteknikk, Elektronikkingeniører",OSLO,http://data.europa.eu/esco/skill/fc5818b4-66f9-498b-a1bc-ff651db2af68,kybernetikk,exact
9a287a21-9e99-4622-af18-0bc3b4b6a01f,Robotikk,Ode AS søker Leder Remote Operations Center,"Ledere av industriproduksjon mv., Leder for matproduksjon, leder for matproduksjon",ÅLESUND,http://data.europa.eu/esco/skill/e87ec79a-c9ff-46f5-84fa-7a0f394cdf40,robotikk,exact
c89d1046-4954-42ff-937b-a8ae6ffc12c4,SAP,Operativ innkjøper søkes til et tverrfaglig og engasjerende miljø,"Innkjøper, Innkjøper, Innkjøpere",OSLO,http://data.europa.eu/esco/skill/f8e3425c-fe44-4ffb-bafe-0e20d91dadf4,SAP,exact
d145af34-f1a6-44cf-a8cd-2bce2adaea57,IT,Kontor- og administrasjonsmedarbeider - Hammerfest,"Kontormedarbeider, Kontormedarbeider, Kontormedarbeidere",HAMMERFEST,http://data.europa.eu/esco/skill/ddc3119d-1d6e-4324-9125-a3380d299ac5,IT,exact
f1343621-033a-450d-bdcc-c30df738cc7b,Digitalisering,"Vil du utvikle deg innen salg, kundeoppfølging og forretningsutvikling?","Salgskonsulent, Salgskonsulent, Selgere (engros)",NÆRBØ,http://data.europa.eu/esco/skill/aa0d8201-5a8e-417f-81f4-c04601139582,digitalisering,exact
c815e25b-3c22-4def-8f1a-18032b704350,Byggautomasjon,Automasjonsingeniør / automatiker med programmeringserfaring - byggautomasjon,"Elektronikkingeniører, Automatikere, automasjonsingeniør, Automasjonsingeniør, Automatiker",Missing location,http://data.europa.eu/esco/skill/6709e92c-7546-46a4-aa57-5e951bd4cb0f,byggautomasjon,exact
f1484b98-c643-4e94-9177-52c8a1621dd4,Dataanalyse,Er du student med interesse for å gjøre data om til innsikt og ønsker å sette teori ut i praksis?,"Høyere saksbehandlere i offentlig og privat virksomhet, Førstekonsulent økonomi og samfunnsvitenskap, offentlig administrasjon, Høyere saksbehandlere i offentlig og privat virksomhet",BERGEN,http://data.europa.eu/esco/skill/97bd1c21-66b2-4b7e-ad0f-e3cda590e378,dataanalyse,exact
9e19085a-cb64-4a75-a054-be573377d75d,.NET,En annerledes arbeidsplass sånn helt på ekte!,"Systemanalytikere/-arkitekter, Systemutvikler, Databasedesignere og -administratorer, Databaseadministrator, databaseadministrator",OSLO,http://data.europa.eu/esco/skill/13bdd41a-2a18-441f-96db-41252c519413,.NET,exact
9e19085a-cb64-4a75-a054-be573377d75d,Java,En annerledes arbeidsplass sånn helt på ekte!,"Systemanalytikere/-arkitekter, Systemutvikler, Databasedesignere og -administratorer, Databaseadministrator, databaseadministrator",OSLO,http://data.europa.eu/esco/skill/19a8293b-8e95-4de3-983f-77484079c389,Java,exact
146c85d9-a8be-4688-8bcf-e584e352181c,UX,Join us as Global Digital Content Responsible - one year temporary position,"Salgssjef, Salgssjef, Salgs- og markedssjefer",SANDEFJORD,http://data.europa.eu/esco/skill/07dd856d-6141-48a7-a228-918f88494812,UX,exact
f9fa3cbc-7311-4d22-9f51-5998749363fa,Digitalisering,Vil du være med å etablere og utvikle Selbu Økonomi \& Regnskaps nye satsing i Trondheim?,"Avdelingsleder, Andre ledere av produksjon og tjenesteyting, Regnskapsførere, Regnskapsfører, regnskapsfører",TRONDHEIM,http://data.europa.eu/esco/skill/aa0d8201-5a8e-417f-81f4-c04601139582,digitalisering,exact
f5806e50-99ca-4da0-88d5-30e1d68cf55d,Dataanalyse,Graduate-programmet til Capgemini Invent 2027,"Applikasjonsprogrammerere, Konsulent - IT applikasjoner, IKT-konsulent",OSLO,http://data.europa.eu/esco/skill/97bd1c21-66b2-4b7e-ad0f-e3cda590e378,dataanalyse,exact
a10625ec-ad96-4a25-a9a6-3191905e74d4,Elektronikk,De mest spennende teknologivalgene er de som ennå ikke er tatt.,"Systemanalytikere/-arkitekter, Systemingeniør, Automatikere, Avioniker, flytekniker",KONGSBERG,http://data.europa.eu/esco/skill/95c35c3a-035f-47c2-90cf-7e934d20fc08,elektronikk,exact
10b4d29d-4c59-41fb-8de5-1c89ae5542c0,IT-sikkerhet,Vil du ha ansvar for sikkerheten i teknologi som brukes når det virkelig gjelder?,"Chief Information Security Officer (CISO), Chief Information Security Officer (CISO), Sikkerhetsanalytikere mv.",BERGEN,http://data.europa.eu/esco/skill/8088750d-8388-4170-a76f-48354c469c44,IT-sikkerhet,exact
10b4d29d-4c59-41fb-8de5-1c89ae5542c0,informasjonssikkerhet,Vil du ha ansvar for sikkerheten i teknologi som brukes når det virkelig gjelder?,"Chief Information Security Officer (CISO), Chief Information Security Officer (CISO), Sikkerhetsanalytikere mv.",BERGEN,http://data.europa.eu/esco/skill/8088750d-8388-4170-a76f-48354c469c44,informasjonssikkerhet,exact
3f25d757-aeec-47da-acae-b4ecc6d7bfa9,BIM,Arkitekt,"Architekt arkitektur, Architekt arkitektur, Sivilarkitekter",OSLO,http://data.europa.eu/esco/skill/fae7e545-5114-43cc-8e83-178e2549ecb9,bim,exact
d461c59b-a04d-4424-9c30-9b7622fa3354,SAP,Ser du etter en karriere innen innkjøp og logistikk?,"Innkjøpere, Innkjøper, innkjøper",OSLO,http://data.europa.eu/esco/skill/f8e3425c-fe44-4ffb-bafe-0e20d91dadf4,SAP,exact
023c2339-6304-49af-92b3-63f30c78a0c2,Informasjonssikkerhet,Fagansvarlig drift IT,"Nettverkskonsulent IT-drift, Nettverks- og systemteknikere, IKT, Ledere av IKT-enheter, Driftsleder (IT), Ledere av IKT-enheter",LOM,http://data.europa.eu/esco/skill/8088750d-8388-4170-a76f-48354c469c44,informasjonssikkerhet,exact
1d0dc91c-56cf-4d14-86fe-db3fb441aad3,IT,Fullstackutvikler,"Full-stack-utvikler, Full-stack-utvikler, Programvareutviklere",BERGEN,http://data.europa.eu/esco/skill/ddc3119d-1d6e-4324-9125-a3380d299ac5,IT,exact
1d0dc91c-56cf-4d14-86fe-db3fb441aad3,Java,Fullstackutvikler,"Full-stack-utvikler, Full-stack-utvikler, Programvareutviklere",BERGEN,http://data.europa.eu/esco/skill/19a8293b-8e95-4de3-983f-77484079c389,Java,exact
1d0dc91c-56cf-4d14-86fe-db3fb441aad3,Python,Fullstackutvikler,"Full-stack-utvikler, Full-stack-utvikler, Programvareutviklere",BERGEN,http://data.europa.eu/esco/skill/ccd0a1d9-afda-43d9-b901-96344886e14d,Python,exact
47da4d99-42e7-41b1-a178-34514e8e3a59,SAP,Forsyningskonsulent,"Logistikkmedarbeidere, Logistikkmedarbeider, Logistikkmedarbeidere, Forsyningsansvarlig, Logistikkmedarbeidere",SORTLAND,http://data.europa.eu/esco/skill/f8e3425c-fe44-4ffb-bafe-0e20d91dadf4,SAP,exact
54a5fba6-c272-40e9-8e1f-9e2babe217eb,Signalbehandling,Signalanalyse møter systemutvikling – bli en del av vårt operative og tekniske miljø,"Systemanalytikere/-arkitekter, Systemutvikler, Sivilingeniører (elektronikk);, Elektronikkingeniør, elektronikkingeniør",VADSØ,http://data.europa.eu/esco/skill/cfa2be0d-96d5-4017-a866-962efb9c5070,signalbehandling,exact
5be695b7-13ae-4d4e-82bb-8d9dd9002031,Digital sikkerhet,Er du vår nye seniorrådgiver/fagdirektør for digitalsikkerhetsloven? ,"Sikkerhetsanalytikere mv., IT-sikkerhetsrådgiver, IKT-sikkerhetsingeniør",FORNEBU,http://data.europa.eu/esco/skill/8088750d-8388-4170-a76f-48354c469c44,digital sikkerhet,exact
5be695b7-13ae-4d4e-82bb-8d9dd9002031,IT-sikkerhet,Er du vår nye seniorrådgiver/fagdirektør for digitalsikkerhetsloven? ,"Sikkerhetsanalytikere mv., IT-sikkerhetsrådgiver, IKT-sikkerhetsingeniør",FORNEBU,http://data.europa.eu/esco/skill/8088750d-8388-4170-a76f-48354c469c44,IT-sikkerhet,exact
5be695b7-13ae-4d4e-82bb-8d9dd9002031,Informasjonssikkerhet,Er du vår nye seniorrådgiver/fagdirektør for digitalsikkerhetsloven? ,"Sikkerhetsanalytikere mv., IT-sikkerhetsrådgiver, IKT-sikkerhetsingeniør",FORNEBU,http://data.europa.eu/esco/skill/8088750d-8388-4170-a76f-48354c469c44,informasjonssikkerhet,exact
61867831-213a-4468-a802-4e1822147ed0,IT,Vil du bidra i politiets digitaliseringsreise?,"Rådgivere/forskere, samfunnsvitenskap, Samfunnsviter, Rådgivere/forskere, samfunnsøkonomi, Økonom, Sjefssekretærer, Administrasjonskonsulent, Systemanalytikere/-arkitekter, IT-konsulent, IKT-konsulent",OSLO,http://data.europa.eu/esco/skill/ddc3119d-1d6e-4324-9125-a3380d299ac5,IT,exact
6438f5dc-de2d-4714-882a-951401fa8d1c,hjelpemidler,IKT- tekniker/ Hjelpemiddeltekniker,"Datatekniker, Driftsteknikere, IKT, IKT-tekniker, Andre ingeniører, Tekniker, Arbeidsleder",MJØNDALEN,http://data.europa.eu/esco/skill/8759c352-8b00-498f-985a-935f13e1b043,hjelpemidler,exact
70333ee2-c78a-4e92-bac0-175ba7a9ba0f,Dataanalyse,Vil du lede utviklingen av data- og innsiktsbasert beslutningsstøtte i Stortingets administrasjon?   ,"Matematikere, statistikere mv., Statistiker, Finans- og økonomisjefer, Økonomi- og administrasjonsansvarlig, Rådgivere/forskere, samfunnsvitenskap, Samfunnsviter, Systemanalytikere/-arkitekter, Informatiker, Systemanalytikere/-arkitekter, Forsker datavitenskap, Høyere saksbehandlere i offentlig og privat virksomhet, Fagsjef (juridisk utredning, offentlig administrasjon), Høyere saksbehandlere i offentlig og privat virksomhet",OSLO,http://data.europa.eu/esco/skill/97bd1c21-66b2-4b7e-ad0f-e3cda590e378,dataanalyse,exact
70333ee2-c78a-4e92-bac0-175ba7a9ba0f,Datavarehus,Vil du lede utviklingen av data- og innsiktsbasert beslutningsstøtte i Stortingets administrasjon?   ,"Matematikere, statistikere mv., Statistiker, Finans- og økonomisjefer, Økonomi- og administrasjonsansvarlig, Rådgivere/forskere, samfunnsvitenskap, Samfunnsviter, Systemanalytikere/-arkitekter, Informatiker, Systemanalytikere/-arkitekter, Forsker datavitenskap, Høyere saksbehandlere i offentlig og privat virksomhet, Fagsjef (juridisk utredning, offentlig administrasjon), Høyere saksbehandlere i offentlig og privat virksomhet",OSLO,http://data.europa.eu/esco/skill/3ec2e4d6-7000-4905-bf1a-c5b1679416de,datavarehus,exact
74f0dd55-7a4c-4e46-b3b7-24f0e6c39b1c,Digitalisering,Systemforvalter,"Systemadministrator, Systemadministrator, Systemadministratorer, Systemforvalter",MJØNDALEN,http://data.europa.eu/esco/skill/aa0d8201-5a8e-417f-81f4-c04601139582,digitalisering,exact
a9001643-402b-4059-98a6-4ed922f03118,Digitalisering,Bibliotekassistent,"Bibliotekassistent, Bibliotekassistent, Bibliotekassistenter",LILLESTRØM,http://data.europa.eu/esco/skill/aa0d8201-5a8e-417f-81f4-c04601139582,digitalisering,exact
b75ff183-15b7-4c6c-87ae-fd69f2443318,Informasjonssikkerhet,Leiar for helsedata og dataflyt,"Ledere av IKT-enheter, Ledere av IKT-enheter, IKT-Leder",HAUGESUND,http://data.europa.eu/esco/skill/8088750d-8388-4170-a76f-48354c469c44,informasjonssikkerhet,exact
c6c69ef8-7767-4292-9a60-19655ba1a9ed,Digitalisering,Nes sykehjem,"Ledere av helsetjenester, Leder helse- og sosialtjenester, avdelingsleder innen helsesektoren",ÅRNES,http://data.europa.eu/esco/skill/aa0d8201-5a8e-417f-81f4-c04601139582,digitalisering,exact
cefc5b87-e0b4-4710-b7aa-2060bb14bbe9,Informasjonssikkerhet,Seniorrådgiver med gruppeansvar for datautlevering,"Høyere saksbehandlere i offentlig og privat virksomhet, Seniorrådgiver (økonomi og samfunnsvitenskap, offentlig administrasjon), Høyere saksbehandlere i offentlig og privat virksomhet, Seniorrådgiver (juridisk utredning, offentlig administrasjon), Systemanalytikere/-arkitekter, Seniorrådgiver (IT), Systemanalytikere/-arkitekter, Helseinformatiker, Systemanalytikere/-arkitekter",OSLO,http://data.europa.eu/esco/skill/8088750d-8388-4170-a76f-48354c469c44,informasjonssikkerhet,exact
28a3afb4-5c8f-4deb-82ab-2519106d89f3,BIM,Kontrollingeniør konstruksjon,"Bygningsingeniør - Sement, Bygningsingeniører, Bygningsingeniører, Kontrollingeniør bygg og anlegg, Sivilingeniører (bygg og anlegg);, Bygningsingeniør konstruksjon, byggingeniør",Missing location,http://data.europa.eu/esco/skill/fae7e545-5114-43cc-8e83-178e2549ecb9,bim,exact
6c0e3379-089f-49d6-a053-adf4745cde36,Informasjonssikkerhet,Senior Forvaltningsinformatiker,"Systemanalytikere/-arkitekter, Informatiker, Jurister og advokater, Jurist, Arkivarer og kuratorer, IT-arkivar, arkivar",OSLO,http://data.europa.eu/esco/skill/8088750d-8388-4170-a76f-48354c469c44,informasjonssikkerhet,exact
e0d8607c-d57e-4263-8ec4-19809b6cd109,BIM,Vegplanlegger/ansvarlig prosjekterende vei,"Arealplanleggere, transportingeniør, Vegplanlegger",Missing location,http://data.europa.eu/esco/skill/fae7e545-5114-43cc-8e83-178e2549ecb9,bim,exact
e6ccbaae-c57c-4889-b7ed-3083e9a40a3d,Elektronikk,POWER Stord søker flere selgere,"Butikkmedarbeidere, Selger, Selger",STORD,http://data.europa.eu/esco/skill/95c35c3a-035f-47c2-90cf-7e934d20fc08,elektronikk,exact
24f4f385-9fd8-465a-a3f6-093ae3222808,Dataanalyse,Ph.d.-stipendiat i multidisiplinære geofarestudiar,"Stipendiat, Universitets- og høyskolelektorer/-lærere, Geologer og geofysikere, Forsker i geovitenskap, geolog",BERGEN,http://data.europa.eu/esco/skill/97bd1c21-66b2-4b7e-ad0f-e3cda590e378,dataanalyse,exact
555ddd0b-120f-480c-8963-a84ed8a85015,Elektronikk,Er du vår nye dataelektroniker som har lyst til å jobbe med ubåter?,"Elektroniker (dataelektroniker), Elektroniker (dataelektroniker), Serviceelektronikere",LAKSEVÅG,http://data.europa.eu/esco/skill/95c35c3a-035f-47c2-90cf-7e934d20fc08,elektronikk,exact
6fd5750d-f1f6-4108-8791-19bcf492ecf7,Digitalisering,Digitaliseringsansvarlig   100 % fast stilling,"Digitaliseringsansvarlig, Digitaliseringsansvarlig, Andre administrative ledere",LESJA,http://data.europa.eu/esco/skill/aa0d8201-5a8e-417f-81f4-c04601139582,digitalisering,exact
6fd5750d-f1f6-4108-8791-19bcf492ecf7,Informasjonssikkerhet,Digitaliseringsansvarlig   100 % fast stilling,"Digitaliseringsansvarlig, Digitaliseringsansvarlig, Andre administrative ledere",LESJA,http://data.europa.eu/esco/skill/8088750d-8388-4170-a76f-48354c469c44,informasjonssikkerhet,exact
74fedf43-67c3-4632-bc54-4fab5c2c075f,IT,Manager IT Strategic Sourcing,"Innkjøpere, Anskaffelsespesialist, Anskaffelsespesialist",KONGSBERG,http://data.europa.eu/esco/skill/ddc3119d-1d6e-4324-9125-a3380d299ac5,IT,exact
e0ab536d-7b6b-4cdc-b93a-b527b5b54dd5,Python,Vær med å bygge morgendagens apotek i vår AI Lab,"Systemanalytikere/-arkitekter, AI-utvikler, AI-utvikler",OSLO,http://data.europa.eu/esco/skill/ccd0a1d9-afda-43d9-b901-96344886e14d,Python,exact
664135ab-5328-4fe4-8886-408697b9c8c0,Dataanalyse,"Vil du være med å forme fremtidens digitale kundereiser, medlemsopplevelser og produkter?","Ledere av IKT-enheter, IKT-produktsjef, Produkteier",OSLO,http://data.europa.eu/esco/skill/97bd1c21-66b2-4b7e-ad0f-e3cda590e378,dataanalyse,exact
664135ab-5328-4fe4-8886-408697b9c8c0,IT,"Vil du være med å forme fremtidens digitale kundereiser, medlemsopplevelser og produkter?","Ledere av IKT-enheter, IKT-produktsjef, Produkteier",OSLO,http://data.europa.eu/esco/skill/ddc3119d-1d6e-4324-9125-a3380d299ac5,IT,exact
9415b373-754d-4b18-af9c-efa5a186ab56,BIM,Vil du være med å bygge fremtidens strømnett?,"Prosjektstyringssjef bygg og anlegg, Ledere av bygge- og anleggsvirksomhet",OSLO,http://data.europa.eu/esco/skill/fae7e545-5114-43cc-8e83-178e2549ecb9,bim,exact
f52368a8-3530-4b85-a73c-e4a20420c1ea,DevOps,AI Engineer,"Applikasjonsprogrammerere, Senior Software Engineer, Reliability-Centered Maintenance (RCM), Systemanalytikere/-arkitekter, Cloud Consultant, Systemanalytikere/-arkitekter, Plattform Manager, Systemanalytikere/-arkitekter",SANDVIKA,http://data.europa.eu/esco/skill/f0de4973-0a70-4644-8fd4-3a97080476f4,DevOps,exact
f52368a8-3530-4b85-a73c-e4a20420c1ea,IT,AI Engineer,"Applikasjonsprogrammerere, Senior Software Engineer, Reliability-Centered Maintenance (RCM), Systemanalytikere/-arkitekter, Cloud Consultant, Systemanalytikere/-arkitekter, Plattform Manager, Systemanalytikere/-arkitekter",SANDVIKA,http://data.europa.eu/esco/skill/ddc3119d-1d6e-4324-9125-a3380d299ac5,IT,exact
f52368a8-3530-4b85-a73c-e4a20420c1ea,Python,AI Engineer,"Applikasjonsprogrammerere, Senior Software Engineer, Reliability-Centered Maintenance (RCM), Systemanalytikere/-arkitekter, Cloud Consultant, Systemanalytikere/-arkitekter, Plattform Manager, Systemanalytikere/-arkitekter",SANDVIKA,http://data.europa.eu/esco/skill/ccd0a1d9-afda-43d9-b901-96344886e14d,Python,exact
66dd964f-0fe9-492f-a315-635260e1b5e5,GIS,Arealplanrådgjevar,"Arealplanlegger, Arealplanlegger, Arealplanleggere",Missing location,http://data.europa.eu/esco/skill/377861af-f966-4c87-a2db-7e99904312b9,gis,exact
c92b5dbe-b6a1-474f-a8de-946e50ab4795,Dataanalyse,Ingeniør tilstandskontroll - Bane NOR,"Andre ingeniører, Kontrollingeniør, Andre ingeniører",OSLO,http://data.europa.eu/esco/skill/97bd1c21-66b2-4b7e-ad0f-e3cda590e378,dataanalyse,exact
a64950e3-772f-4a90-87fb-01846283bc22,DevOps,Vær med og ta tekniske beslutninger og videreutvikle plattformløsninger som alle utviklingsteamene i TV 2 bygger på,"Cloud-ingeniør, Programvareutviklere",BERGEN,http://data.europa.eu/esco/skill/f0de4973-0a70-4644-8fd4-3a97080476f4,DevOps,exact
a64950e3-772f-4a90-87fb-01846283bc22,IT,Vær med og ta tekniske beslutninger og videreutvikle plattformløsninger som alle utviklingsteamene i TV 2 bygger på,"Cloud-ingeniør, Programvareutviklere",BERGEN,http://data.europa.eu/esco/skill/ddc3119d-1d6e-4324-9125-a3380d299ac5,IT,exact
7938df94-3ce3-43fa-8536-400762ceeb99,Cybersikkerhet,Senior Linux DevSecOps-engineer,"Systemadministratorer, Senior Linux System Administrator, Senior Linux System Administrator",FORNEBU,http://data.europa.eu/esco/skill/8088750d-8388-4170-a76f-48354c469c44,cybersikkerhet,exact
78df849f-83ed-4304-a462-a04e8f5df443,Kretskort,Manufacturing and Assembly Operator,"Elektronikkingeniører, ingeniør, elektro, Ingeniør (elektroteknikk)",BERGEN,http://data.europa.eu/esco/skill/6a2bc03b-e30d-429b-9549-5784cb92ae2f,kretskort,exact
4671cebe-e85e-4058-a090-4eecfcdc0102,Digitalisering,"Hvordan bygger vi robuste, sikre og fremtidsrettede digitale fellestjenester for staten?","Systemanalytikere/-arkitekter, Systemanalytikere/-arkitekter, virksomhetsarkitekt, Software arkitekt/senior utvikler, Virksomhetsarkitekt",OSLO,http://data.europa.eu/esco/skill/aa0d8201-5a8e-417f-81f4-c04601139582,digitalisering,exact
0216edc0-52c4-473d-b43b-04b55b8545d1,digitalisering,Bli vår nye IT-jurist i et spennende digitaliseringsprosjekt,"Jurist, Jurister og advokater, Høyere saksbehandlere i offentlig og privat virksomhet, Seniorrådgiver (juridisk utredning, offentlig administrasjon), Høyere saksbehandlere i offentlig og privat virksomhet, Rådgiver juridisk utredning i offentlig administrasjon",OSLO,http://data.europa.eu/esco/skill/aa0d8201-5a8e-417f-81f4-c04601139582,digitalisering,exact
0a358b49-0c2a-4c56-a407-e942f333fa7e,Digitalisering,Produktleder - ny sikkerhetsmodell for plattformer,"Produktleder industri, Forsknings- og utviklingsledere, Ledere av IKT-enheter, IT-leder, Ledere av IKT-enheter",OSLO,http://data.europa.eu/esco/skill/aa0d8201-5a8e-417f-81f4-c04601139582,digitalisering,exact
0a358b49-0c2a-4c56-a407-e942f333fa7e,IT-sikkerhet,Produktleder - ny sikkerhetsmodell for plattformer,"Produktleder industri, Forsknings- og utviklingsledere, Ledere av IKT-enheter, IT-leder, Ledere av IKT-enheter",OSLO,http://data.europa.eu/esco/skill/8088750d-8388-4170-a76f-48354c469c44,IT-sikkerhet,exact
0afd110b-8a30-4834-be57-63f4d5bd4e9c,Informasjonssikkerhet,Enhetsleder IT,"Kontorsjef, Andre administrative ledere, Enhetsleder, Ledere av IKT-enheter, IT-leder, Ledere av IKT-enheter",OSLO,http://data.europa.eu/esco/skill/8088750d-8388-4170-a76f-48354c469c44,informasjonssikkerhet,exact
1063563e-ea7f-4ce4-aa47-7a6a8d8a7137,Elektronikk,Vil du være bindeleddet mellom kunden og en ledende elektronikkprodusent – og sørge for at leveransene sitter som støpt?,"Kundeservicekonsulent, Kundeservicekonsulent, Kundesentermedarbeidere",JAREN,http://data.europa.eu/esco/skill/95c35c3a-035f-47c2-90cf-7e934d20fc08,elektronikk,exact
1124b0e3-65e0-42e7-8d2a-c79e5cc4d91f,SAP,Teknisk inspektør brosystemer,"Maskiningeniører, Tekniker, marinteknikk, Andre ingeniører, Tekniker, Arbeidsleder",LODDEFJORD,http://data.europa.eu/esco/skill/f8e3425c-fe44-4ffb-bafe-0e20d91dadf4,SAP,exact
12c7c37c-4116-4b96-85a8-9434b78c0165,Digitalisering,Har du bred kunnskap og erfaring med digitalisering og datadrevne prosesser? ,"Ledere av IKT-enheter, IT Prosessansvarlig, Andre administrative ledere, Digitaliseringsansvarlig, Strategi- og planleggingssjefer, Strategi- og planleggingssjefer, strategiansvarlig",OSLO,http://data.europa.eu/esco/skill/aa0d8201-5a8e-417f-81f4-c04601139582,digitalisering,exact
12c7c37c-4116-4b96-85a8-9434b78c0165,SAP,Har du bred kunnskap og erfaring med digitalisering og datadrevne prosesser? ,"Ledere av IKT-enheter, IT Prosessansvarlig, Andre administrative ledere, Digitaliseringsansvarlig, Strategi- og planleggingssjefer, Strategi- og planleggingssjefer, strategiansvarlig",OSLO,http://data.europa.eu/esco/skill/f8e3425c-fe44-4ffb-bafe-0e20d91dadf4,SAP,exact
14dc8758-4f22-480e-8954-aef8951a359e,SAP,"Seniorkonsulent/rådgjevar ved Tjenestesenter for lønn, reise og fravær","Lønningsmedarbeidere, Lønnsrådgiver",BERGEN,http://data.europa.eu/esco/skill/f8e3425c-fe44-4ffb-bafe-0e20d91dadf4,SAP,exact
150a83b1-807f-4030-80f7-1fe935bc7a0f,Dataanalyse,Har du bred kunnskap og erfaring med digitalisering og datadrevne prosesser? ,"Dataregistrere, Digitaliseringsmedarbeider, Organisasjonsrådgivere mv., Forretningsprosessanalytiker, Systemanalytikere/-arkitekter, Digitaliseringsrådgiver, Andre administrative ledere, Digitaliseringsansvarlig, prosjektleder",OSLO,http://data.europa.eu/esco/skill/97bd1c21-66b2-4b7e-ad0f-e3cda590e378,dataanalyse,exact
150a83b1-807f-4030-80f7-1fe935bc7a0f,Digitalisering,Har du bred kunnskap og erfaring med digitalisering og datadrevne prosesser? ,"Dataregistrere, Digitaliseringsmedarbeider, Organisasjonsrådgivere mv., Forretningsprosessanalytiker, Systemanalytikere/-arkitekter, Digitaliseringsrådgiver, Andre administrative ledere, Digitaliseringsansvarlig, prosjektleder",OSLO,http://data.europa.eu/esco/skill/aa0d8201-5a8e-417f-81f4-c04601139582,digitalisering,exact
150a83b1-807f-4030-80f7-1fe935bc7a0f,SAP,Har du bred kunnskap og erfaring med digitalisering og datadrevne prosesser? ,"Dataregistrere, Digitaliseringsmedarbeider, Organisasjonsrådgivere mv., Forretningsprosessanalytiker, Systemanalytikere/-arkitekter, Digitaliseringsrådgiver, Andre administrative ledere, Digitaliseringsansvarlig, prosjektleder",OSLO,http://data.europa.eu/esco/skill/f8e3425c-fe44-4ffb-bafe-0e20d91dadf4,SAP,exact
2c70af7f-8589-48f6-9902-cc5dd13ecbe0,Digital sikkerhet,Vil du profesjonalisere og forenkle det digitale sikkerhetsarbeidet i en virksomhet med stort samfunnsansvar?,"IKT Sikkerhetsarkitekt, IKT Sikkerhetsarkitekt, Sikkerhetsanalytikere mv.",OSLO,http://data.europa.eu/esco/skill/8088750d-8388-4170-a76f-48354c469c44,digital sikkerhet,exact
2c70af7f-8589-48f6-9902-cc5dd13ecbe0,IT-sikkerhet,Vil du profesjonalisere og forenkle det digitale sikkerhetsarbeidet i en virksomhet med stort samfunnsansvar?,"IKT Sikkerhetsarkitekt, IKT Sikkerhetsarkitekt, Sikkerhetsanalytikere mv.",OSLO,http://data.europa.eu/esco/skill/8088750d-8388-4170-a76f-48354c469c44,IT-sikkerhet,exact
2c70af7f-8589-48f6-9902-cc5dd13ecbe0,Informasjonssikkerhet,Vil du profesjonalisere og forenkle det digitale sikkerhetsarbeidet i en virksomhet med stort samfunnsansvar?,"IKT Sikkerhetsarkitekt, IKT Sikkerhetsarkitekt, Sikkerhetsanalytikere mv.",OSLO,http://data.europa.eu/esco/skill/8088750d-8388-4170-a76f-48354c469c44,informasjonssikkerhet,exact
31ef021a-e88d-4794-91ce-bd08c35a4b74,Informasjonssikkerhet,"Vil du sette retning for en moderne, sikker IT-arkitektur i et av Norges mest spennende kunnskapsmiljøer?","Sjefsarkitekt IT, Sjefsarkitekt IT, Systemanalytikere/-arkitekter",KJELLER,http://data.europa.eu/esco/skill/8088750d-8388-4170-a76f-48354c469c44,informasjonssikkerhet,exact
36f1fc90-50e5-427e-8c72-40676b478d56,Cybersikkerhet,Vil du drive veksten innen cybersikkerhet i KONGSBERG?,"Business Development Manager, Business Development Manager, Salgs- og markedssjefer",ASKER,http://data.europa.eu/esco/skill/8088750d-8388-4170-a76f-48354c469c44,cybersikkerhet,exact
453263f3-1857-4f98-8585-0b002c47ab5f,Digitalisering,Har du bred kunnskap og erfaring med digitalisering og datadrevne prosesser? ,"Andre administrative ledere, Digital prosjektleder, prosjektleder",OSLO,http://data.europa.eu/esco/skill/aa0d8201-5a8e-417f-81f4-c04601139582,digitalisering,exact
453263f3-1857-4f98-8585-0b002c47ab5f,SAP,Har du bred kunnskap og erfaring med digitalisering og datadrevne prosesser? ,"Andre administrative ledere, Digital prosjektleder, prosjektleder",OSLO,http://data.europa.eu/esco/skill/f8e3425c-fe44-4ffb-bafe-0e20d91dadf4,SAP,exact
49098405-3ae3-475d-a951-1f75a6b45e74,Elektronikk,"Elkjøp Bodø søker medarbeidere  til Salg, Service, Kasse og Lager (20–60 %)","Kassemedarbeider, Butikkmedarbeidere, Lagermedarbeidere og material-forvaltere, Lagermedarbeider, lagerkoordinator",BODØ,http://data.europa.eu/esco/skill/95c35c3a-035f-47c2-90cf-7e934d20fc08,elektronikk,exact
4c0c3217-1f08-4409-9e23-c9a9875a08f7,Maskinlæring,Postdoctoral Research Fellow in Quantum Machine Learning for Multimode Mechanics,"Stipendiat, Universitets- og høyskolelektorer/-lærere, Applikasjonsprogrammerere, Ingeniør maskinlæring, forsker innen datavitenskap",OSLO,http://data.europa.eu/esco/skill/3a2d5b45-56e4-4f5a-a55a-4a4a65afdc43,maskinlæring,exact
534ae7e0-7868-42b8-a744-ecf20dc81a0a,BIM,"Rådgivende ingeniør bygg (RIB), Gjøvik/Hamar","Sivilingeniører (bygg og anlegg), RIB (Rådgivende ingeniør bygg), RIB (Rådgivende ingeniør bygg)",HAMAR,http://data.europa.eu/esco/skill/fae7e545-5114-43cc-8e83-178e2549ecb9,bim,exact
6119ccd1-2897-4ba9-8f3d-caea018be72e,Drone,Technical Manager,"Andre ingeniører, Technical Team Manager, Andre ingeniører",KONGSBERG,http://data.europa.eu/esco/skill/a521903b-aa32-4954-9790-961b0df1261f,drone,exact
6b77bca8-e73d-4b93-8017-7c8c467aa1cc,Digitalisering,Er du dokumentasjonsforvalteren vi søker til et ettårig vikariat ved UiT?,"Dokumentasjonsansvarlig, Dokumentasjonsansvarlig, Arkivassistenter",ALTA,http://data.europa.eu/esco/skill/aa0d8201-5a8e-417f-81f4-c04601139582,digitalisering,exact
7f444c37-7a41-433a-abf6-5aa97208ec09,Signalbehandling,Er du en av våre nye elektronikkingeniører?,"Sivilingeniører (elektronikk);, Elektronikkingeniør, elektronikkingeniør",RAMSUND,http://data.europa.eu/esco/skill/cfa2be0d-96d5-4017-a866-962efb9c5070,signalbehandling,exact
936628d5-f931-4b8b-ae17-f9f28dad841e,Business intelligence,Har du bred kunnskap og erfaring med data og analyse?,"Corporate Strategy & Analysis Trainee, Corporate Strategy & Analysis Trainee, Organisasjonsrådgivere",OSLO,http://data.europa.eu/esco/skill/143769cb-b61e-47d8-a61e-eedfbec1016c,business intelligence,exact
936628d5-f931-4b8b-ae17-f9f28dad841e,Data engineering,Har du bred kunnskap og erfaring med data og analyse?,"Corporate Strategy & Analysis Trainee, Corporate Strategy & Analysis Trainee, Organisasjonsrådgivere",OSLO,http://data.europa.eu/esco/skill/48db96bf-3314-45c6-bad8-fdb6e20e5639,data engineering,exact
9968cc4b-e32f-4ca8-bedd-b5d7734f5b8e,Systemdesign,Norges viktigste teknologibedrift søker innovative ingeniører.,"Andre ingeniører, Driftsingeniør, vedlikeholdsingeniør",KONGSBERG,http://data.europa.eu/esco/skill/fae27053-8924-4bfd-b565-c9fe502044c9,systemdesign,exact
a56cf706-b52f-43f5-af64-2dd9896500b1,IT-sikkerhet,Produkteier integrerte sambandssystemer (C4IS),"Produkteier, Ledere av IKT-enheter, Driftsteknikere, IKT, Datatekniker, Sikkerhetsanalytikere mv., Cybersikkerhetsarkitekt, IKT-sikkerhetsingeniør, Sikkerhetsanalytikere mv., Cybersikkerhetsingeniør",LODDEFJORD,http://data.europa.eu/esco/skill/8088750d-8388-4170-a76f-48354c469c44,IT-sikkerhet,exact
b07a9968-e9c5-4e3e-88e8-5e940771ea2f,Dataanalyse,Stipendiatstilling i logistikk med fokus på intelligent anskaffelse,"Stipendiat, Stipendiat, Universitets- og høyskolelektorer/-lærere",MOLDE,http://data.europa.eu/esco/skill/97bd1c21-66b2-4b7e-ad0f-e3cda590e378,dataanalyse,exact
b0d85eec-8315-4310-b461-b02acfe6f57e,Elektronikk,Søker superselger,"Selger, Selger, Butikkmedarbeidere",HAMMERFEST,http://data.europa.eu/esco/skill/95c35c3a-035f-47c2-90cf-7e934d20fc08,elektronikk,exact
c612a379-bd5f-404a-babc-ca0b49cb131d,Digitalisering,Produktleder for skyplattform,"Plattform Manager, Systemanalytikere/-arkitekter, Ledere av IKT-enheter, IT-leder, Ledere av IKT-enheter",OSLO,http://data.europa.eu/esco/skill/aa0d8201-5a8e-417f-81f4-c04601139582,digitalisering,exact
d404dd6d-6f37-4809-9a36-d3c92bfed18b,SAP,Personellsikkerhetsansvarlig,"Andre ingeniører, Sikkerhetsrådgiver (helse, miljø og driftssikkerhet), Helse- og miljørådgivere, Arbeidsmiljø-, helse- og sikkerhetsansvarlig, HMS-konsulent",LAKSEVÅG,http://data.europa.eu/esco/skill/f8e3425c-fe44-4ffb-bafe-0e20d91dadf4,SAP,exact
d8e69dc2-5b35-476f-b1b1-4b2f48276102,Elektronikk,De mest spennende teknologivalgene er de som ennå ikke er tatt.,"Forretningsanalytiker, Finansanalytikere, Andre sivilingeniører (unntatt elektroteknologi);, Andre sivilingeniører unntatt elektroteknologi, Andre sivilingeniører (unntatt elektroteknologi)",KONGSBERG,http://data.europa.eu/esco/skill/95c35c3a-035f-47c2-90cf-7e934d20fc08,elektronikk,exact
d97c9473-6408-49c5-a6de-874301fa506b,Datavitenskap,"AI in Ship Design, Construction and Operation","Universitets- og høyskolelektorer/-lærere, Doktorgradsstipendiat, Universitets- og høyskolelektorer/-lærere",ÅLESUND,http://data.europa.eu/esco/skill/edebd83d-35f6-4ed5-a940-6c203d178c01,datavitenskap,exact
d9f4dbdd-eb03-4927-9437-e457c2936b82,Dataanalyse,"Rådgivar – Forskings- og utviklingsavdelinga/ Forsking og innovasjon, Helse Bergen HF","Organisasjonsrådgivere, Høyere saksbehandlere i offentlig og privat virksomhet, Høyere saksbehandlere i offentlig og privat virksomhet, Innovasjonsrådgiver, Rådgiver (offentlig administrasjon)",BERGEN,http://data.europa.eu/esco/skill/97bd1c21-66b2-4b7e-ad0f-e3cda590e378,dataanalyse,exact
ddf88d1e-1c17-41e3-b07d-cecf4745ea3c,Business intelligence,Har du bred kunnskap og erfaring med data og analyse?,"Corporate Strategy & Analysis Trainee, Corporate Strategy & Analysis Trainee, Organisasjonsrådgivere",OSLO,http://data.europa.eu/esco/skill/143769cb-b61e-47d8-a61e-eedfbec1016c,business intelligence,exact
ddf88d1e-1c17-41e3-b07d-cecf4745ea3c,Digitalisering,Har du bred kunnskap og erfaring med data og analyse?,"Corporate Strategy & Analysis Trainee, Corporate Strategy & Analysis Trainee, Organisasjonsrådgivere",OSLO,http://data.europa.eu/esco/skill/aa0d8201-5a8e-417f-81f4-c04601139582,digitalisering,exact
e5b75e8a-22d0-4259-b581-1071d2ed607f,Digitalisering,Har du bred kunnskap og erfaring med digitalisering og datadrevne prosesser? ,"Forsknings- og utviklingsledere, Programleder innovasjon og digitalisering, Forsknings- og utviklingsledere",OSLO,http://data.europa.eu/esco/skill/aa0d8201-5a8e-417f-81f4-c04601139582,digitalisering,exact
e5b75e8a-22d0-4259-b581-1071d2ed607f,SAP,Har du bred kunnskap og erfaring med digitalisering og datadrevne prosesser? ,"Forsknings- og utviklingsledere, Programleder innovasjon og digitalisering, Forsknings- og utviklingsledere",OSLO,http://data.europa.eu/esco/skill/f8e3425c-fe44-4ffb-bafe-0e20d91dadf4,SAP,exact
f8422957-9799-4867-b5ff-2ffb8cffe9c6,Hjelpemidler,Ergoterapeut,"Ergoterapeut, Ergoterapeut, Ergoterapeuter",VALNESFJORD,http://data.europa.eu/esco/skill/8759c352-8b00-498f-985a-935f13e1b043,hjelpemidler,exact
faf8c9e5-4915-44d1-8a0d-39c829190b36,IT-sikkerhet,Er du vår nye dataingeniør?,"Sivilingeniører (elektronikk);, Dataingeniør, datavarehusutvikler",RAMSUND,http://data.europa.eu/esco/skill/8088750d-8388-4170-a76f-48354c469c44,IT-sikkerhet,exact
faf8c9e5-4915-44d1-8a0d-39c829190b36,SAP,Er du vår nye dataingeniør?,"Sivilingeniører (elektronikk);, Dataingeniør, datavarehusutvikler",RAMSUND,http://data.europa.eu/esco/skill/f8e3425c-fe44-4ffb-bafe-0e20d91dadf4,SAP,exact
0298bbb4-5449-4419-af8e-5e346ddd5375,GIS,Fagleder høyspent koblingsanlegg,"Energioperatør, kraftverkelektriker, Energikontrolloperatører, Elkraftingeniører, Sivilingeniør (elkraftteknikk), Elektronikkingeniører, Sivilingeniør / ingeniør elektroteknikk, Energikontrolloperatører, Teamleder energiverk, Sivilingeniører (maskin- og marin-teknikk);, Sivilingeniør (automasjon), automasjonsingeniør",PORSGRUNN,http://data.europa.eu/esco/skill/377861af-f966-4c87-a2db-7e99904312b9,gis,exact
e41f0487-7cc9-43ca-b337-8b9ede58403f,DevOps,Lead Platform Engineer – Core Automation (Tech Lead),"Ledere av olje- og gassutvinning mv., Plattformsjef, produksjonssjef, olje- og gassutvinning",TRONDHEIM,http://data.europa.eu/esco/skill/f0de4973-0a70-4644-8fd4-3a97080476f4,DevOps,exact
e41f0487-7cc9-43ca-b337-8b9ede58403f,IT-sikkerhet,Lead Platform Engineer – Core Automation (Tech Lead),"Ledere av olje- og gassutvinning mv., Plattformsjef, produksjonssjef, olje- og gassutvinning",TRONDHEIM,http://data.europa.eu/esco/skill/8088750d-8388-4170-a76f-48354c469c44,IT-sikkerhet,exact
e6648fb3-a771-46d3-8a93-c677a8e7e7f0,Datavitenskap,Data Scientist - NORCE Analytics,"Forsker datavitenskap, Forsker datavitenskap, Systemanalytikere/-arkitekter",BERGEN,http://data.europa.eu/esco/skill/edebd83d-35f6-4ed5-a940-6c203d178c01,datavitenskap,exact
e6648fb3-a771-46d3-8a93-c677a8e7e7f0,Informatikk,Data Scientist - NORCE Analytics,"Forsker datavitenskap, Forsker datavitenskap, Systemanalytikere/-arkitekter",BERGEN,http://data.europa.eu/esco/skill/7b5cce4d-c7fe-4119-b48f-70aa05391787,informatikk,exact
e6648fb3-a771-46d3-8a93-c677a8e7e7f0,Maskinlæring,Data Scientist - NORCE Analytics,"Forsker datavitenskap, Forsker datavitenskap, Systemanalytikere/-arkitekter",BERGEN,http://data.europa.eu/esco/skill/3a2d5b45-56e4-4f5a-a55a-4a4a65afdc43,maskinlæring,exact
e6648fb3-a771-46d3-8a93-c677a8e7e7f0,Python,Data Scientist - NORCE Analytics,"Forsker datavitenskap, Forsker datavitenskap, Systemanalytikere/-arkitekter",BERGEN,http://data.europa.eu/esco/skill/ccd0a1d9-afda-43d9-b901-96344886e14d,Python,exact
ec5f2489-691a-46fc-876b-d6ec5b0ee809,Elektronikk,Selger | Strømmen Storsenter,"Selger, Butikkmedarbeidere, Butikkmedarbeidere, Butikkmedarbeider, butikkmedarbeider",STRØMMEN,http://data.europa.eu/esco/skill/95c35c3a-035f-47c2-90cf-7e934d20fc08,elektronikk,exact
c1e5e9d4-5021-421f-90f7-ccb8219d1586,C#,Software Engineer - Embedded Systems \& Communication,"Programvareutviklere, Softwareingeniør, programvareutvikler",BERGEN,http://data.europa.eu/esco/skill/4c016b68-4116-468c-9dc6-42710c239e4a,C#,exact
c1e5e9d4-5021-421f-90f7-ccb8219d1586,C++,Software Engineer - Embedded Systems \& Communication,"Programvareutviklere, Softwareingeniør, programvareutvikler",BERGEN,http://data.europa.eu/esco/skill/b633eb55-8f1f-4ae6-ab4c-2022ffe2cb7f,C++,exact
c1e5e9d4-5021-421f-90f7-ccb8219d1586,Python,Software Engineer - Embedded Systems \& Communication,"Programvareutviklere, Softwareingeniør, programvareutvikler",BERGEN,http://data.europa.eu/esco/skill/ccd0a1d9-afda-43d9-b901-96344886e14d,Python,exact
b676c953-2288-4e2e-ac34-38bb12974a51,Hjelpemidler,Vil du være med å utdanne morgendagens ortopediingeniører?,"Ortopeditekniker, Ortopeditekniker, Protese- og tannteknikere",OSLO,http://data.europa.eu/esco/skill/8759c352-8b00-498f-985a-935f13e1b043,hjelpemidler,exact
6b9bf4f5-800d-470b-812c-6e6b30c09110,.NET,Bygg Farmasiets første interne teknologiteam,"Systemanalytikere/-arkitekter, Lead Software Architect, programvarearkitekt",OSLO,http://data.europa.eu/esco/skill/13bdd41a-2a18-441f-96db-41252c519413,.NET,exact
3dc251f4-370e-46ce-b796-777b51d35aff,Elektronikk,Westcontrol trenger flere flinke folk!,"Andre prosesskontrolloperatører, Operatør av automatisert monteringslinje, operatør, automatisk samlebånd",TAU,http://data.europa.eu/esco/skill/95c35c3a-035f-47c2-90cf-7e934d20fc08,elektronikk,exact
bf715f1c-28b3-4c88-ad03-c338bafd2948,Elektronikk,Prosjektingeniør - Kommunikasjons- og informasjonssystemer,"Prosjektingeniør, Prosjektingeniør, Andre sivilingeniører( unntatt elektroteknologi)",OSLO,http://data.europa.eu/esco/skill/95c35c3a-035f-47c2-90cf-7e934d20fc08,elektronikk,exact
09b07591-9ae5-430a-a9ce-bd0e481181e7,Elektronikk,Prosjektingeniør,"Prosjektingeniør, Prosjektingeniør, Andre sivilingeniører( unntatt elektroteknologi)",KRISTIANSUND N,http://data.europa.eu/esco/skill/95c35c3a-035f-47c2-90cf-7e934d20fc08,elektronikk,exact
9163b462-ead9-4154-96ba-244f7f6f19dd,Business Intelligence,Global Finance Controller,"Regnskapscontroller, Regnskapscontroller, Revisorer og regnskapsrådgivere, Revisorer, regnskapsrådgivere, Finance Controller",KONGSBERG,http://data.europa.eu/esco/skill/143769cb-b61e-47d8-a61e-eedfbec1016c,business intelligence,exact
1db5e5f4-14b6-4467-b9fa-3920d2ef9808,IT,Application Manager,"Systemanalytikere/-arkitekter, Application Administrator, IKT-systemadministrator",STAVANGER,http://data.europa.eu/esco/skill/ddc3119d-1d6e-4324-9125-a3380d299ac5,IT,exact
1db5e5f4-14b6-4467-b9fa-3920d2ef9808,SAP,Application Manager,"Systemanalytikere/-arkitekter, Application Administrator, IKT-systemadministrator",STAVANGER,http://data.europa.eu/esco/skill/f8e3425c-fe44-4ffb-bafe-0e20d91dadf4,SAP,exact
23e20bdb-04cf-45aa-83a9-3dc70033fd80,elektronikk,Lead Zaptec’s next phase of growth,"Chief Technology Officer, Chief Technology Officer, Ledere av industriproduksjon mv.",SANDNES,http://data.europa.eu/esco/skill/95c35c3a-035f-47c2-90cf-7e934d20fc08,elektronikk,exact
947c418d-5e47-40c2-b05b-049e54fb39ed,Elektronikk,Driftsmedarbeider,"Lagerarbeider, Lagerarbeider, Lagermedarbeidere og materialforvaltere",OSLO,http://data.europa.eu/esco/skill/95c35c3a-035f-47c2-90cf-7e934d20fc08,elektronikk,exact
8d9bd3df-a6aa-4745-bb3e-03350fe498f2,.NET,Bli med å bygge de beste løsningene for våre bedriftskunder,"Systemutvikler, Systemutvikler, Systemanalytikere/-arkitekter",BERGEN,http://data.europa.eu/esco/skill/13bdd41a-2a18-441f-96db-41252c519413,.NET,exact
8d9bd3df-a6aa-4745-bb3e-03350fe498f2,C#,Bli med å bygge de beste løsningene for våre bedriftskunder,"Systemutvikler, Systemutvikler, Systemanalytikere/-arkitekter",BERGEN,http://data.europa.eu/esco/skill/4c016b68-4116-468c-9dc6-42710c239e4a,C#,exact
8d9bd3df-a6aa-4745-bb3e-03350fe498f2,IT,Bli med å bygge de beste løsningene for våre bedriftskunder,"Systemutvikler, Systemutvikler, Systemanalytikere/-arkitekter",BERGEN,http://data.europa.eu/esco/skill/ddc3119d-1d6e-4324-9125-a3380d299ac5,IT,exact
90b2acbc-53a3-43c0-b3fb-1a50adcd6a98,Industriell programvare,Senior Software Engineer - Signal Processing,"Senior Software Ingeniør, Senior Software Ingeniør, Programvareutviklere",BERGEN,http://data.europa.eu/esco/skill/41ec47dd-08b3-464a-9c45-c706f3e74467,industriell programvare,exact
90b2acbc-53a3-43c0-b3fb-1a50adcd6a98,Signalbehandling,Senior Software Engineer - Signal Processing,"Senior Software Ingeniør, Senior Software Ingeniør, Programvareutviklere",BERGEN,http://data.europa.eu/esco/skill/cfa2be0d-96d5-4017-a866-962efb9c5070,signalbehandling,exact
c61757f5-42fb-4830-af56-d4fa9554b708,Dataanalyse,Vil du drive digital utvikling hos Wonderland?,"Digital prosjektleder, Digital prosjektleder, Andre administrative ledere",ÅNDALSNES,http://data.europa.eu/esco/skill/97bd1c21-66b2-4b7e-ad0f-e3cda590e378,dataanalyse,exact
c61757f5-42fb-4830-af56-d4fa9554b708,Digitalisering,Vil du drive digital utvikling hos Wonderland?,"Digital prosjektleder, Digital prosjektleder, Andre administrative ledere",ÅNDALSNES,http://data.europa.eu/esco/skill/aa0d8201-5a8e-417f-81f4-c04601139582,digitalisering,exact
c4fdbcbb-8ab4-4982-a824-26d4a407671e,BIM,Rådgiver / Seniorrådgiver innen Kraftlinjeprosjektering,"Sivilingeniører (elkraftteknikk);, Prosjektleder elektroteknikk, ingeniør, elektro",SANDVIKA,http://data.europa.eu/esco/skill/fae7e545-5114-43cc-8e83-178e2549ecb9,bim,exact
2234572d-587d-4539-98e0-e4f213167953,Digitalisering,Leder Etterlevelse og Systemstøtte i TINE Innkjøp,"Innkjøpssjef, Ledere av logistikk og transport mv., Andre administrative ledere, Prosjektleder ettermarked, prosjektleder",OSLO,http://data.europa.eu/esco/skill/aa0d8201-5a8e-417f-81f4-c04601139582,digitalisering,exact
2234572d-587d-4539-98e0-e4f213167953,IT,Leder Etterlevelse og Systemstøtte i TINE Innkjøp,"Innkjøpssjef, Ledere av logistikk og transport mv., Andre administrative ledere, Prosjektleder ettermarked, prosjektleder",OSLO,http://data.europa.eu/esco/skill/ddc3119d-1d6e-4324-9125-a3380d299ac5,IT,exact
ff7a14f3-38e0-4df1-8cbc-72ce730811fc,Elektronikk,Testingeniør,"Testingeniør, Testingeniør, Andre sivilingeniører( unntatt elektroteknologi)",HØVIK,http://data.europa.eu/esco/skill/95c35c3a-035f-47c2-90cf-7e934d20fc08,elektronikk,exact
ff7a14f3-38e0-4df1-8cbc-72ce730811fc,Kybernetikk,Testingeniør,"Testingeniør, Testingeniør, Andre sivilingeniører( unntatt elektroteknologi)",HØVIK,http://data.europa.eu/esco/skill/fc5818b4-66f9-498b-a1bc-ff651db2af68,kybernetikk,exact
79bd7fa0-8477-4a79-b1f6-36909cf84dca,Digitalisering,Vil du lede etableringen av tjenesteintegrasjon i Cyberforsvaret?,"Andre administrative ledere, Seksjonssjef militæret",FÅBERG,http://data.europa.eu/esco/skill/aa0d8201-5a8e-417f-81f4-c04601139582,digitalisering,exact
84240584-06c2-49e7-a039-6f0b24fd9fcc,SaaS,Shape the future of debt collection,"UX-Designer, UX-Designer, Grafiske og multimediadesignere",BERGEN,http://data.europa.eu/esco/skill/83218cac-3599-417e-93d2-26013cdccd98,SaaS,exact
5c6e33b5-dfbd-4d44-9eae-db097b82f8d1,Java,Software Konsulent -- Energy Components i Trondheim,"HR Software konsulent, HR Software konsulent, Programvareutviklere",TRONDHEIM,http://data.europa.eu/esco/skill/19a8293b-8e95-4de3-983f-77484079c389,Java,exact
46bdd6ac-b00a-4855-9922-e7ad750f0d10,IT,Senior Konsulent / Senior Rådgiver -- Energy Components,"Systemanalytikere/-arkitekter, Seniorrådgiver (IT), IKT-konsulent",TRONDHEIM,http://data.europa.eu/esco/skill/ddc3119d-1d6e-4324-9125-a3380d299ac5,IT,exact
46bdd6ac-b00a-4855-9922-e7ad750f0d10,Java,Senior Konsulent / Senior Rådgiver -- Energy Components,"Systemanalytikere/-arkitekter, Seniorrådgiver (IT), IKT-konsulent",TRONDHEIM,http://data.europa.eu/esco/skill/19a8293b-8e95-4de3-983f-77484079c389,Java,exact
cf201dc9-0f25-4e15-8d36-5493af6122d5,Elektronikk,Elkjøp Nittedal søker Superselger,"Selger, Selger, Butikkmedarbeidere",NITTEDAL,http://data.europa.eu/esco/skill/95c35c3a-035f-47c2-90cf-7e934d20fc08,elektronikk,exact
5de5c6c4-d93d-4a38-853c-a08ba8d88fcc,Elektronikk,Elkjøp Fana søker Selger (deltid 20-30%),"Sales Advisor, Andre salgsmedarbeidere",RÅDAL,http://data.europa.eu/esco/skill/95c35c3a-035f-47c2-90cf-7e934d20fc08,elektronikk,exact
783a31bd-8d70-4750-abe4-d140e3b2cf91,IT,Utvikler,"Systemanalytikere/-arkitekter, IKT-systemutvikler, Systemutvikler",OSLO,http://data.europa.eu/esco/skill/ddc3119d-1d6e-4324-9125-a3380d299ac5,IT,exact
783a31bd-8d70-4750-abe4-d140e3b2cf91,Java,Utvikler,"Systemanalytikere/-arkitekter, IKT-systemutvikler, Systemutvikler",OSLO,http://data.europa.eu/esco/skill/19a8293b-8e95-4de3-983f-77484079c389,Java,exact
783a31bd-8d70-4750-abe4-d140e3b2cf91,PostgreSQL,Utvikler,"Systemanalytikere/-arkitekter, IKT-systemutvikler, Systemutvikler",OSLO,http://data.europa.eu/esco/skill/a8d07b5a-c1a1-42c6-9d53-db9c7a2ca996,PostgreSQL,exact
3bd12f77-b8d3-4ca0-bfa7-6b26d871455f,Elektronikk,Bli med på å utvikle teknologi som må fungere når det virkelig gjelder!,"Elektronikkingeniører, Utviklingsingeniør elektronikk og telekommunikasjon, Utviklingsingeniør elektronikk og telekommunikasjon",TAU,http://data.europa.eu/esco/skill/95c35c3a-035f-47c2-90cf-7e934d20fc08,elektronikk,exact
704fa46f-6d1c-4666-a56c-3b298e76d65a,SAP,Bli vår nye Business controller,"Finans- og investeringsrådgivere, Business Controller, Business Controller",STATHELLE,http://data.europa.eu/esco/skill/f8e3425c-fe44-4ffb-bafe-0e20d91dadf4,SAP,exact
9675996c-274d-4a0b-ad98-27ba9126c3fb,Digitalisering,Colosseum Tannlege søker senior regnskapskonsulent,"Regnskapsmedarbeidere, Senior regnskapskonsulent, Senior regnskapskonsulent",OSLO,http://data.europa.eu/esco/skill/aa0d8201-5a8e-417f-81f4-c04601139582,digitalisering,exact
7988fb32-e1bb-44dc-9f37-4f6ff0c57004,SAP,Vil du jobbe med regnskap og analyse i et av verdens ledende teknologimiljøer innen fiberopptikk og subsea-løsninger?,"Finansrådgiver, Finansrådgiver, Finans- og investeringsrådgivere",TILLER,http://data.europa.eu/esco/skill/f8e3425c-fe44-4ffb-bafe-0e20d91dadf4,SAP,exact
bbb57910-83fe-4270-ad81-543f46f9a193,SAP,Innkjøper – 1 års vikariat i internasjonalt industrikonsern,"Innkjøper, Innkjøper, Innkjøpere",PORSGRUNN,http://data.europa.eu/esco/skill/f8e3425c-fe44-4ffb-bafe-0e20d91dadf4,SAP,exact
d0c9ff09-7edc-4de8-a984-65cddfed8f62,Tekniske tegninger,Experienced CNC Boring Mill Operator Wanted – TOS WHQ 13,"CNC-operatør, dreiemaskin, CNC-operatør, dreiemaskin, Metalldreiere mv.",VESTBY,http://data.europa.eu/esco/skill/59ea80e1-463a-4dba-82c6-d0b6d577d532,tekniske tegninger,exact
1199766e-d583-4b8a-aa6d-b75dcf7cc4bb,.NET,Seniorrådgiver - digital gravferdsmelding - justis- og vergemålsavdelingen,"Programvareutviklere, Senior CMS Fullstack Developer, webutvikler, Full-stack-utvikler, Full-stack-utvikler",TØNSBERG,http://data.europa.eu/esco/skill/13bdd41a-2a18-441f-96db-41252c519413,.NET,exact
1199766e-d583-4b8a-aa6d-b75dcf7cc4bb,C#,Seniorrådgiver - digital gravferdsmelding - justis- og vergemålsavdelingen,"Programvareutviklere, Senior CMS Fullstack Developer, webutvikler, Full-stack-utvikler, Full-stack-utvikler",TØNSBERG,http://data.europa.eu/esco/skill/4c016b68-4116-468c-9dc6-42710c239e4a,C#,exact
27f29317-5125-4506-9ba2-5df0511a6f63,Digitalisering,Seniorkonsulent/prosjektledelse,"Høyere saksbehandlere i offentlig og privat virksomhet, Seniorkonsulent øvrig offentlig administrasjon, Høyere saksbehandlere i offentlig og privat virksomhet",TRONDHEIM,http://data.europa.eu/esco/skill/aa0d8201-5a8e-417f-81f4-c04601139582,digitalisering,exact
39c4bedd-dfb4-435a-8a0e-1813fdd4b061,IT,Har du blikk for gode brukeropplevelser og samfunnsnyttige tjenester?,"Tjenestedesigner, Tjenestedesigner, Grafiske og multimediadesignere",OSLO,http://data.europa.eu/esco/skill/ddc3119d-1d6e-4324-9125-a3380d299ac5,IT,exact
46c974e1-72ef-4670-9135-10f60c42e769,SAP,Forsvaret søker deg som er en erfaren og motivert teknisk saksbehandler konfigurasjonsstyring for basesystemer!,"Høyere saksbehandlere i offentlig og privat virksomhet, Saksbehandler teknisk, naturvitenskapelig utredning, off.adm, Rådgivere/forskere, samfunnsøkonomi, Økonom, økonom",LILLEHAMMER,http://data.europa.eu/esco/skill/f8e3425c-fe44-4ffb-bafe-0e20d91dadf4,SAP,exact
48e700df-ecc1-4631-98fe-7140712e2ee0,Digitalisering,Konsulent,"Høyere saksbehandlere i offentlig og privat virksomhet, Konsulent (juridisk utredning, offentlig administrasjon), Høyere saksbehandlere i offentlig og privat virksomhet",TRONDHEIM,http://data.europa.eu/esco/skill/aa0d8201-5a8e-417f-81f4-c04601139582,digitalisering,exact
4af7be77-e625-4574-9089-c0920e6af64d,Elektronikk,Er du vår nye elektromedisinske ingeniør?,"Elektronikkingeniører, ingeniør, elektro, Elektroingeniør",LILLEHAMMER,http://data.europa.eu/esco/skill/95c35c3a-035f-47c2-90cf-7e934d20fc08,elektronikk,exact
513b5aa9-ddb4-4f2e-bc92-58fa1dd934e9,Elektronikk,"Fagarbeider innen Chemical, Biological, Radiological and Nuclear (CBRN) utstyr i Forsvaret?","Serviceelektronikere, Dataelektroniker, Serviceelektronikere",LODDEFJORD,http://data.europa.eu/esco/skill/95c35c3a-035f-47c2-90cf-7e934d20fc08,elektronikk,exact
684248e0-1e8b-4fa0-bc3b-710e487b7771,GIS,Har du engasjement for å jobbe med naturforvaltning?,"Høyere saksbehandlere i offentlig og privat virksomhet, Rådgiver (offentlig administrasjon), Høyere saksbehandlere i offentlig og privat virksomhet",ARENDAL,http://data.europa.eu/esco/skill/377861af-f966-4c87-a2db-7e99904312b9,gis,exact
6b42db40-4095-4887-bf12-07173f7babc4,Informasjonsarkitektur,Digital redaktør,"Redaktør, Redaktør, Andre ledere av produksjon og tjenesteyting",HØNEFOSS,http://data.europa.eu/esco/skill/1bba98a7-92b9-450b-9235-e0c905f8f3c4,informasjonsarkitektur,exact
6d549563-ec02-423d-b424-e627e1af928a,SAP,Planlegger - vedlikehold,"Maskiningeniører, Vedlikeholdsplanlegger, vedlikeholdsansvarlig, verkstedindustri",LAKSEVÅG,http://data.europa.eu/esco/skill/f8e3425c-fe44-4ffb-bafe-0e20d91dadf4,SAP,exact
6e956bf5-6380-4800-83f9-04ddf6543620,GIS,Geodatamedarbeidar,"Geo Data analyst, Landmålere, kartografer mv., Geologer og geofysikere, Geodataforvalter, GIS-spesialist",BERGEN,http://data.europa.eu/esco/skill/377861af-f966-4c87-a2db-7e99904312b9,gis,exact
7bc50349-21b2-4c2d-b51a-b0b6b1f8dc46,Informasjonssikkerhet,Seksjonsleder - jurist,"Andre ledere av produksjon og tjenesteyting, Seksjonsleder, Jurister og advokater, Jurist, Juridiske yrker",BODØ,http://data.europa.eu/esco/skill/8088750d-8388-4170-a76f-48354c469c44,informasjonssikkerhet,exact
9b65f670-4129-4d91-8e9f-e2de0f6c4eb9,Robotikk,Vil du lede utviklingen av fremtidens maritime dronekapasitet?,"Dronepilot, Flygere mv., Forsknings- og utviklingsledere, Utviklingsleder, forsknings- og utviklingssjef",BERGEN,http://data.europa.eu/esco/skill/e87ec79a-c9ff-46f5-84fa-7a0f394cdf40,robotikk,exact
b38cfcde-26d5-4822-8b2e-c1da026c187b,DevOps,Løsningsarkitekt,"IKT Løsningsarkitekt, IKT Løsningsarkitekt, Programvareutviklere",OSLO,http://data.europa.eu/esco/skill/f0de4973-0a70-4644-8fd4-3a97080476f4,DevOps,exact
b38cfcde-26d5-4822-8b2e-c1da026c187b,Digitalisering,Løsningsarkitekt,"IKT Løsningsarkitekt, IKT Løsningsarkitekt, Programvareutviklere",OSLO,http://data.europa.eu/esco/skill/aa0d8201-5a8e-417f-81f4-c04601139582,digitalisering,exact
d0a2b3bc-b02e-4892-8e44-06121e70da19,Hjelpemidler,Fysioterapeut - 100 % fast stilling,"Fysioterapeut, Fysioterapeut, Fysioterapeuter",RAKKESTAD,http://data.europa.eu/esco/skill/8759c352-8b00-498f-985a-935f13e1b043,hjelpemidler,exact
efab3660-d23c-44c3-ad1d-9ae5a039fdb7,Digitalisering,Utviklere - digitalisering og forsyningssikkerhet,"Digital prosjektleder, Andre administrative ledere, Applikasjonsprogrammerere, Applikasjonsutvikler, IKT-programutvikler",OSLO,http://data.europa.eu/esco/skill/aa0d8201-5a8e-417f-81f4-c04601139582,digitalisering,exact
efab3660-d23c-44c3-ad1d-9ae5a039fdb7,IT,Utviklere - digitalisering og forsyningssikkerhet,"Digital prosjektleder, Andre administrative ledere, Applikasjonsprogrammerere, Applikasjonsutvikler, IKT-programutvikler",OSLO,http://data.europa.eu/esco/skill/ddc3119d-1d6e-4324-9125-a3380d299ac5,IT,exact
f4bdf617-3f88-4499-aa38-5f5ac6e022d7,.NET,Seniorrådgiver - digital gravferdsmelding - justis- og vergemålsavdelingen,"Programvareutviklere, Senior Backendutvikler, webutvikler",TØNSBERG,http://data.europa.eu/esco/skill/13bdd41a-2a18-441f-96db-41252c519413,.NET,exact
f4bdf617-3f88-4499-aa38-5f5ac6e022d7,C#,Seniorrådgiver - digital gravferdsmelding - justis- og vergemålsavdelingen,"Programvareutviklere, Senior Backendutvikler, webutvikler",TØNSBERG,http://data.europa.eu/esco/skill/4c016b68-4116-468c-9dc6-42710c239e4a,C#,exact
f4bdf617-3f88-4499-aa38-5f5ac6e022d7,IT,Seniorrådgiver - digital gravferdsmelding - justis- og vergemålsavdelingen,"Programvareutviklere, Senior Backendutvikler, webutvikler",TØNSBERG,http://data.europa.eu/esco/skill/ddc3119d-1d6e-4324-9125-a3380d299ac5,IT,exact
f7e15a9f-4c12-450c-94b7-6a85b2b0467f,GIS,Rådgjevar plan,"Høyere saksbehandlere i offentlig og privat virksomhet, Høyere saksbehandlere i offentlig og privat virksomhet, Rådgiver (offentlig administrasjon)",BYGLAND,http://data.europa.eu/esco/skill/377861af-f966-4c87-a2db-7e99904312b9,gis,exact
fbfdd899-dd4e-4ea6-ad77-36e1942b4f13,Dataanalyse,Strategisk analytiker - vikariat,"Høyere saksbehandlere i offentlig og privat virksomhet, Rådgiver (offentlig administrasjon), Matematikere, statistikere mv., Statistikkassistent, Matematikere, statistikere mv., Statistiker, statistiker",TRONDHEIM,http://data.europa.eu/esco/skill/97bd1c21-66b2-4b7e-ad0f-e3cda590e378,dataanalyse,exact
70a8236f-5106-47a4-9176-448cc9b5a41a,Digitalisering,Vil du lede og utvikle arkivtjenesten ved Diakonhjemmet sykehus?,"Arkivleder, Arkivleder, Arbeidsledere for kontorpersonell, Arkivarer og kuratorer, Arkivar",OSLO,http://data.europa.eu/esco/skill/aa0d8201-5a8e-417f-81f4-c04601139582,digitalisering,exact
da1d7081-a029-4c4e-b8d7-e1e9b3297e61,Python,Research Scientist/Senior Research Scientist in Experimental Electrochemical Conversion,"Forskningsingeniør, Forskningsingeniør, Andre sivilingeniører( unntatt elektroteknologi)",OSLO,http://data.europa.eu/esco/skill/ccd0a1d9-afda-43d9-b901-96344886e14d,Python,exact
aea24aba-5b8b-43f4-a1b0-2fac993c677e,IT,Ønsker du å forme en av statens viktigste digitale løsninger for EØS-schengen-arbeid?,"Andre ledere av produksjon og tjenesteyting, Leder av offentlig forvaltning, Andre ledere av produksjon og tjenesteyting",OSLO,http://data.europa.eu/esco/skill/ddc3119d-1d6e-4324-9125-a3380d299ac5,IT,exact
3f0f2190-7e32-4b40-9d1b-b811519d1c81,IT,Vil du være en teknisk spydspiss for AI i Columbus Norge?,"AI-utvikler, AI-utvikler, Systemanalytikere/-arkitekter",OSLO,http://data.europa.eu/esco/skill/ddc3119d-1d6e-4324-9125-a3380d299ac5,IT,exact
8768f83e-6d9b-4783-bbda-75cec6c422e9,Dataanalyse,Earth Observation Engineer,"Earth observation systems engineer, Earth observation systems engineer, Sivilingeniører (elektronikk)",KONGSBERG,http://data.europa.eu/esco/skill/97bd1c21-66b2-4b7e-ad0f-e3cda590e378,dataanalyse,exact
8768f83e-6d9b-4783-bbda-75cec6c422e9,Elektronikk,Earth Observation Engineer,"Earth observation systems engineer, Earth observation systems engineer, Sivilingeniører (elektronikk)",KONGSBERG,http://data.europa.eu/esco/skill/95c35c3a-035f-47c2-90cf-7e934d20fc08,elektronikk,exact
88e661d6-b046-45a8-88b1-e58addddcfdd,IT-sikkerhet,Vil du ha en sentral rolle med ansvar for styring og oppfølging av bankens IT-område?,"Systemadministrator, Systemadministrator, Systemadministratorer, IT-ansvarlig",STRØMMEN,http://data.europa.eu/esco/skill/8088750d-8388-4170-a76f-48354c469c44,IT-sikkerhet,exact
0615c486-78e2-4b49-9e91-3b3bb101b697,IT,"Vil du ha teknisk ansvar, jobbe tett med kunder og forvalte moderne sky- og applikasjonsløsninger?","Cloud-ingeniør, Programvareutviklere",OSLO,http://data.europa.eu/esco/skill/ddc3119d-1d6e-4324-9125-a3380d299ac5,IT,exact
b993ff93-d53d-4a62-96fc-9f783cf1247c,Digitalisering,Led teknologiutviklingen bak fremtidens kraftproduksjon,"Andre ledere av produksjon og tjenesteyting, Seksjonsleder, avdelingsleder",BERGEN,http://data.europa.eu/esco/skill/aa0d8201-5a8e-417f-81f4-c04601139582,digitalisering,exact
b993ff93-d53d-4a62-96fc-9f783cf1247c,IT,Led teknologiutviklingen bak fremtidens kraftproduksjon,"Andre ledere av produksjon og tjenesteyting, Seksjonsleder, avdelingsleder",BERGEN,http://data.europa.eu/esco/skill/ddc3119d-1d6e-4324-9125-a3380d299ac5,IT,exact
51163b32-8d28-44a9-8f47-94b59cd700c0,Dataanalyse,Join Our M\&A Analytics Team --- Deloitte Strategy \& Transaction is Looking for New Colleagues,"Analytiker, virksomhetovertakelse og -fusjon, Finansanalytikere",OSLO,http://data.europa.eu/esco/skill/97bd1c21-66b2-4b7e-ad0f-e3cda590e378,dataanalyse,exact
3d542690-18d4-4860-9caf-40d316d18dc3,DevOps,Vil du jobbe med IT-systemene til dem som redder liv?,"Nettverksansvarlige, Infrastrukturkonsulent IKT, IKT-nettverksarkitekt",OSLO,http://data.europa.eu/esco/skill/f0de4973-0a70-4644-8fd4-3a97080476f4,DevOps,exact
b93821ba-6565-4e72-b692-d2eb116b7849,BIM,Sivilingeniør/Ingeniør Elektro,"Elektroingeniør, Elektroingeniør, Elektronikkingeniører",HARSTAD,http://data.europa.eu/esco/skill/fae7e545-5114-43cc-8e83-178e2549ecb9,bim,exact
8d5bfb2f-c6e2-497a-8970-92d3e7b36aac,Tekniske tegninger,Bli en del av PTG FrioNordica AS sitt produksjonsteam i Malmefjorden!,"Platearbeider, Platearbeidere, Sveisere, Sveiser, sveiser",MALMEFJORDEN,http://data.europa.eu/esco/skill/59ea80e1-463a-4dba-82c6-d0b6d577d532,tekniske tegninger,exact
82da002b-5cbb-43e6-9d8e-ea3ec8d56668,Elektronikk,Vil du være med å levere neste generasjon dynamiske posisjoneringssystemer?,"Andre sivilingeniører (unntatt elektroteknologi);, Prosjektingeniør, Andre sivilingeniører (unntatt elektroteknologi)",ÅLESUND,http://data.europa.eu/esco/skill/95c35c3a-035f-47c2-90cf-7e934d20fc08,elektronikk,exact
82da002b-5cbb-43e6-9d8e-ea3ec8d56668,Kybernetikk,Vil du være med å levere neste generasjon dynamiske posisjoneringssystemer?,"Andre sivilingeniører (unntatt elektroteknologi);, Prosjektingeniør, Andre sivilingeniører (unntatt elektroteknologi)",ÅLESUND,http://data.europa.eu/esco/skill/fc5818b4-66f9-498b-a1bc-ff651db2af68,kybernetikk,exact
d73f54c9-746b-4aa8-9d96-6c06cb2070f2,Tekniske tegninger,Skap fremtidens energiløsninger sammen med Proserv,"Mekaniker, Mekaniker, Bilmekanikere",STAVANGER,http://data.europa.eu/esco/skill/59ea80e1-463a-4dba-82c6-d0b6d577d532,tekniske tegninger,exact
97a2dbf9-6ae4-46c8-97ca-9e92df0d42b2,IT,Join a world leader in Air Traffic Management!,"Systemadministratorer, Configuration Manager SAP, systemkoordinator",ASKER,http://data.europa.eu/esco/skill/ddc3119d-1d6e-4324-9125-a3380d299ac5,IT,exact
2a38f298-4487-4b4e-8f2b-d64edbb1c10c,Cybersikkerhet,Rådgiver Cybersikkerhet og operasjonell teknologi,"Sikkerhetsanalytikere mv., Cybersikkerhetsingeniør, IKT-sikkerhetsingeniør",SANDVIKA,http://data.europa.eu/esco/skill/8088750d-8388-4170-a76f-48354c469c44,cybersikkerhet,exact
2a38f298-4487-4b4e-8f2b-d64edbb1c10c,Informasjonssikkerhet,Rådgiver Cybersikkerhet og operasjonell teknologi,"Sikkerhetsanalytikere mv., Cybersikkerhetsingeniør, IKT-sikkerhetsingeniør",SANDVIKA,http://data.europa.eu/esco/skill/8088750d-8388-4170-a76f-48354c469c44,informasjonssikkerhet,exact
8b1dc103-58b8-43cb-8182-addda94daa55,SaaS,Lead the growth journey of Banktech Payments,"Personalsjef, Personalsjef, Personalsjefer",FORNEBU,http://data.europa.eu/esco/skill/83218cac-3599-417e-93d2-26013cdccd98,SaaS,exact
f30e5359-ea3f-4259-8443-10a197789672,BIM,Brannrådgiver / Rådgivende ingeniør brannsikkerhet (RIBr),"Brannkonstabler, Brannrådgiver, Brannkonstabler",KONGSBERG,http://data.europa.eu/esco/skill/fae7e545-5114-43cc-8e83-178e2549ecb9,bim,exact
5e520785-2a17-4f1a-8159-91bf8d44ba83,IT-sikkerhet,Vil du forme cyber- og informasjonssikkerhet i Lyse?,"Chief Information Security Officer (CISO), Chief Information Security Officer (CISO), Sikkerhetsanalytikere mv.",STAVANGER,http://data.europa.eu/esco/skill/8088750d-8388-4170-a76f-48354c469c44,IT-sikkerhet,exact
5e520785-2a17-4f1a-8159-91bf8d44ba83,cybersikkerhet,Vil du forme cyber- og informasjonssikkerhet i Lyse?,"Chief Information Security Officer (CISO), Chief Information Security Officer (CISO), Sikkerhetsanalytikere mv.",STAVANGER,http://data.europa.eu/esco/skill/8088750d-8388-4170-a76f-48354c469c44,cybersikkerhet,exact
5e520785-2a17-4f1a-8159-91bf8d44ba83,informasjonssikkerhet,Vil du forme cyber- og informasjonssikkerhet i Lyse?,"Chief Information Security Officer (CISO), Chief Information Security Officer (CISO), Sikkerhetsanalytikere mv.",STAVANGER,http://data.europa.eu/esco/skill/8088750d-8388-4170-a76f-48354c469c44,informasjonssikkerhet,exact
ed7b6c22-18aa-49a9-a876-5a6235dae24e,NOC,"Bli med og bygg Norges nasjonale, suverene sky!","Business Operation Lead, Administrerende direktører",FORNEBU,http://data.europa.eu/esco/skill/9d2e926f-53d9-41f5-98f3-19dfaa687f3f,NOC,exact
7462ee1b-f732-464b-8784-08c041e5bfb0,Digitalisering,Senior Accountant med interesse for forbedring og digitalisering,"Senior regnskapsfører, Senior regnskapsfører, Regnskapsførere",OSLO,http://data.europa.eu/esco/skill/aa0d8201-5a8e-417f-81f4-c04601139582,digitalisering,exact
a7a0cb6a-51ca-4752-9825-dce96231eabb,IT,Vil du bidra til sømløs drift?,"Systemadministratorer, IT-ansvarlig, IKT-systemadministrator",STRANDA,http://data.europa.eu/esco/skill/ddc3119d-1d6e-4324-9125-a3380d299ac5,IT,exact
fffc81f1-9e75-42b1-a8c9-1f625494dd9f,DevOps,Lead Data Engineer i Norad,"Dataingeniør, Dataingeniør, Sivilingeniører (elektronikk)",OSLO,http://data.europa.eu/esco/skill/f0de4973-0a70-4644-8fd4-3a97080476f4,DevOps,exact
fffc81f1-9e75-42b1-a8c9-1f625494dd9f,ETL,Lead Data Engineer i Norad,"Dataingeniør, Dataingeniør, Sivilingeniører (elektronikk)",OSLO,http://data.europa.eu/esco/skill/9d0d89be-bffa-4393-b6f6-8d05bea49051,ETL,exact
fffc81f1-9e75-42b1-a8c9-1f625494dd9f,IT,Lead Data Engineer i Norad,"Dataingeniør, Dataingeniør, Sivilingeniører (elektronikk)",OSLO,http://data.europa.eu/esco/skill/ddc3119d-1d6e-4324-9125-a3380d299ac5,IT,exact
31cf3281-a35a-4298-8580-e9e31fd5552c,ABAP,Er du vår nye SAP konsulent? Bli med å forme fremtiden hos Coop,"SAP Konsulent, SAP Konsulent, Systemanalytikere/-arkitekter",OSLO,http://data.europa.eu/esco/skill/eb0e5615-1575-4a86-a1a2-7d39595033c5,ABAP,exact
31cf3281-a35a-4298-8580-e9e31fd5552c,IT,Er du vår nye SAP konsulent? Bli med å forme fremtiden hos Coop,"SAP Konsulent, SAP Konsulent, Systemanalytikere/-arkitekter",OSLO,http://data.europa.eu/esco/skill/ddc3119d-1d6e-4324-9125-a3380d299ac5,IT,exact
31cf3281-a35a-4298-8580-e9e31fd5552c,SAP,Er du vår nye SAP konsulent? Bli med å forme fremtiden hos Coop,"SAP Konsulent, SAP Konsulent, Systemanalytikere/-arkitekter",OSLO,http://data.europa.eu/esco/skill/f8e3425c-fe44-4ffb-bafe-0e20d91dadf4,SAP,exact
388d14e5-cd0c-44f7-863c-3afca99ce0d7,DevOps,Trigges du av å bygge robuste AI-løsninger som faktisk tas i bruk - og samtidig gjøre andre team bedre?,"Systemanalytikere/-arkitekter, Systemutvikler, Applikasjonsprogrammerere, Python utvikler, IKT-programutvikler",OSLO,http://data.europa.eu/esco/skill/f0de4973-0a70-4644-8fd4-3a97080476f4,DevOps,exact
388d14e5-cd0c-44f7-863c-3afca99ce0d7,IT,Trigges du av å bygge robuste AI-løsninger som faktisk tas i bruk - og samtidig gjøre andre team bedre?,"Systemanalytikere/-arkitekter, Systemutvikler, Applikasjonsprogrammerere, Python utvikler, IKT-programutvikler",OSLO,http://data.europa.eu/esco/skill/ddc3119d-1d6e-4324-9125-a3380d299ac5,IT,exact
388d14e5-cd0c-44f7-863c-3afca99ce0d7,Maskinlæring,Trigges du av å bygge robuste AI-løsninger som faktisk tas i bruk - og samtidig gjøre andre team bedre?,"Systemanalytikere/-arkitekter, Systemutvikler, Applikasjonsprogrammerere, Python utvikler, IKT-programutvikler",OSLO,http://data.europa.eu/esco/skill/3a2d5b45-56e4-4f5a-a55a-4a4a65afdc43,maskinlæring,exact
388d14e5-cd0c-44f7-863c-3afca99ce0d7,Python,Trigges du av å bygge robuste AI-løsninger som faktisk tas i bruk - og samtidig gjøre andre team bedre?,"Systemanalytikere/-arkitekter, Systemutvikler, Applikasjonsprogrammerere, Python utvikler, IKT-programutvikler",OSLO,http://data.europa.eu/esco/skill/ccd0a1d9-afda-43d9-b901-96344886e14d,Python,exact
789839b5-a056-4956-92db-e03df64a08cf,Elektronikk,Vil du bidra til at avansert teknologi møter regulatoriske krav?,"Salgs- og markedssjefer, Produktansvarlig, produktsjef",OSLO,http://data.europa.eu/esco/skill/95c35c3a-035f-47c2-90cf-7e934d20fc08,elektronikk,exact
ddcca431-ff5c-47c0-ba08-b6442cedc420,GIS,Arealplanlegger / Samfunnsplanlegger,"Arealplanlegger, Arealplanlegger, Arealplanleggere",ASKIM,http://data.europa.eu/esco/skill/377861af-f966-4c87-a2db-7e99904312b9,gis,exact
2e75acdd-45ff-4c9f-b2e6-2bfc43ffc0c1,Python,Vil du hjelpe Norges ledende virksomheter realisere kraften i data?,"Sivilingeniører (elektronikk);, Dataingeniør, datavarehusutvikler",TRONDHEIM,http://data.europa.eu/esco/skill/ccd0a1d9-afda-43d9-b901-96344886e14d,Python,exact
cf015a42-9629-4981-b5d0-83fd6cc9b40d,IT,Ønsker du å utvikle fremtidsrettede løsninger til det beste for livet i havet?,"Systemanalytikere/-arkitekter, Systemutvikler, IKT-systemutvikler",BERGEN,http://data.europa.eu/esco/skill/ddc3119d-1d6e-4324-9125-a3380d299ac5,IT,exact
cf015a42-9629-4981-b5d0-83fd6cc9b40d,Java,Ønsker du å utvikle fremtidsrettede løsninger til det beste for livet i havet?,"Systemanalytikere/-arkitekter, Systemutvikler, IKT-systemutvikler",BERGEN,http://data.europa.eu/esco/skill/19a8293b-8e95-4de3-983f-77484079c389,Java,exact
9cb8291b-e868-4a89-9d8a-f42b5721abad,Digitalisering,Leder for Folk og kompetanse i Norad,"Opplæringsleder, Ledere av utdanning og undervisning, Andre ledere av produksjon og tjenesteyting, Leder av offentlig forvaltning, Andre ledere av produksjon og tjenesteyting",OSLO,http://data.europa.eu/esco/skill/aa0d8201-5a8e-417f-81f4-c04601139582,digitalisering,exact
01bbf24a-bd48-493f-babf-4e10585ab6c2,Kybernetikk,"Har du lyst til å skape en renere, tryggere og mer bærekraftig fremtid?","Produktleder industri, Produktleder industri, Forsknings- og utviklingsledere",LYSAKER,http://data.europa.eu/esco/skill/fc5818b4-66f9-498b-a1bc-ff651db2af68,kybernetikk,exact
01bbf24a-bd48-493f-babf-4e10585ab6c2,Scrum,"Har du lyst til å skape en renere, tryggere og mer bærekraftig fremtid?","Produktleder industri, Produktleder industri, Forsknings- og utviklingsledere",LYSAKER,http://data.europa.eu/esco/skill/bec4359e-cb92-468f-a997-8fb28e32fba9,Scrum,exact
5e7c9267-1829-4a7c-9061-e3f0296e9422,.NET,We are now looking for a Senior Full Stack Developer to join our Application Network team!,"Programvareutviklere, Senior Full-Stack .NET Software utvikler, programvareutvikler",OSLO,http://data.europa.eu/esco/skill/13bdd41a-2a18-441f-96db-41252c519413,.NET,exact
5e7c9267-1829-4a7c-9061-e3f0296e9422,C#,We are now looking for a Senior Full Stack Developer to join our Application Network team!,"Programvareutviklere, Senior Full-Stack .NET Software utvikler, programvareutvikler",OSLO,http://data.europa.eu/esco/skill/4c016b68-4116-468c-9dc6-42710c239e4a,C#,exact
55315973-bf70-4283-9755-d6f314ccf9ff,Kontrollsystemer,Project Engineer Subsea Control systems,"Undervannsingeniør, Undervannsingeniør, Ingeniører innen petroleum, bergverk og metallurgi",STAVANGER,http://data.europa.eu/esco/skill/4ff549c3-daa5-4def-9916-301c7bdf13b8,kontrollsystemer,exact
fc7df1f5-9e4e-471a-85f5-a6e791f7a8bf,SAP,Can you turn great designs into efficient manufacturing solutions?,"Mekanisk utviklingsingeniør, Sivilingeniører (maskin- og marinteknikk), Sivilingeniører (elektronikk);, Utviklingsingeniør (elektro), elektronikkingeniør",SKIEN,http://data.europa.eu/esco/skill/f8e3425c-fe44-4ffb-bafe-0e20d91dadf4,SAP,exact
6ae2e291-e887-4bcb-889b-25fd563ab96c,BIM,Sivilingeniør/Ingeniør VVS,"Sivilingeniør VVS-teknikk, Sivilingeniør VVS-teknikk, Sivilingeniører (bygg og anlegg)",HARSTAD,http://data.europa.eu/esco/skill/fae7e545-5114-43cc-8e83-178e2549ecb9,bim,exact
1e1f27de-d3b2-4dc3-9d21-1d7bff78b710,informasjonssikkerhet,IT-leder med hjerte for logistikk og prosessforbedring,"IKT-Leder, IKT-Leder, Ledere av IKT-enheter",OSLO,http://data.europa.eu/esco/skill/8088750d-8388-4170-a76f-48354c469c44,informasjonssikkerhet,exact
70ca3cde-1701-4a46-b130-3542c0df21d8,digitalisering,Vil du være med å videreutvikle en av Norges mest spennende industrielle byggebedrifter?,"Chief Operations Officer, Chief Operations Officer, Administrerende direktører",STEINKJER,http://data.europa.eu/esco/skill/aa0d8201-5a8e-417f-81f4-c04601139582,digitalisering,exact
81c2aad2-f649-4292-8c89-47413f3daf76,BIM,Sivilingeniør/ ingeniør - Vegplanlegging,"Sivilingeniør veiplanlegger, Sivilingeniør veiplanlegger, Arealplanleggere",HARSTAD,http://data.europa.eu/esco/skill/fae7e545-5114-43cc-8e83-178e2549ecb9,bim,exact
fa94bb80-e125-4bbc-9b74-a3f64b89853f,GIS,GIS-rådgiver innen Fornybar Energi og Miljø,"Landmålere, kartografer mv., GIS-konsulent, GIS-spesialist",SANDVIKA,http://data.europa.eu/esco/skill/377861af-f966-4c87-a2db-7e99904312b9,gis,exact
f9d5ecef-9713-4e57-af4c-79a96006d111,Robotikk,Er du vår nye Automasjonsingeniør?,"Automatiseringselektronikkingeniør, Automatiseringselektronikkingeniør, Elektronikkingeniører",HØNEFOSS,http://data.europa.eu/esco/skill/e87ec79a-c9ff-46f5-84fa-7a0f394cdf40,robotikk,exact
3f7e5311-2f81-46ff-91cb-27d6fe08d4c4,Dataanalyse,Research Scientist in Analytical Chemistry and Mass Spectrometry,"Andre sivilingeniører (unntatt elektroteknologi);, Forsker, forskningsassistent på universitet",TRONDHEIM,http://data.europa.eu/esco/skill/97bd1c21-66b2-4b7e-ad0f-e3cda590e378,dataanalyse,exact
04b8794f-2fc7-4de7-9da3-c64739174fb6,IT,"Vil du jobbe i skjæringspunktet mellom infrastruktur, softwareutvikling, automasjon og sikkerhet?","Systemanalytikere/-arkitekter, Systemanalytikere/-arkitekter, Plattform Manager",OSLO,http://data.europa.eu/esco/skill/ddc3119d-1d6e-4324-9125-a3380d299ac5,IT,exact
f9697761-6fd5-47ec-8ca9-44ba0986f428,C#,Vil du jobbe som utvikler for et teknologiselskap i vekst?,"Programvareutviklere, Programvareutvikler, Programvareutvikler",OSLO,http://data.europa.eu/esco/skill/4c016b68-4116-468c-9dc6-42710c239e4a,C#,exact
f9697761-6fd5-47ec-8ca9-44ba0986f428,Informatikk,Vil du jobbe som utvikler for et teknologiselskap i vekst?,"Programvareutviklere, Programvareutvikler, Programvareutvikler",OSLO,http://data.europa.eu/esco/skill/7b5cce4d-c7fe-4119-b48f-70aa05391787,informatikk,exact
f9697761-6fd5-47ec-8ca9-44ba0986f428,JavaScript,Vil du jobbe som utvikler for et teknologiselskap i vekst?,"Programvareutviklere, Programvareutvikler, Programvareutvikler",OSLO,http://data.europa.eu/esco/skill/3cd569a2-4f88-4c1e-9995-8dce8c5e51a7,JavaScript,exact
f9697761-6fd5-47ec-8ca9-44ba0986f428,Python,Vil du jobbe som utvikler for et teknologiselskap i vekst?,"Programvareutviklere, Programvareutvikler, Programvareutvikler",OSLO,http://data.europa.eu/esco/skill/ccd0a1d9-afda-43d9-b901-96344886e14d,Python,exact
05847583-ec66-4bc2-b8a7-7c1981f8b46d,Digitalisering,Har du interesse for ny teknologi og vil være med å utvikle ettermarkedsløsninger hos John Deere Forestry?,"Prosjektleder ettermarked, Andre administrative ledere, Informasjonsskrankemedarbeidere, Reklamasjonsmedarbeider, kundeservicemedarbeider",KONGSVINGER,http://data.europa.eu/esco/skill/aa0d8201-5a8e-417f-81f4-c04601139582,digitalisering,exact
056aba53-1fd2-4970-9eec-38589ad42443,SAP,Materiellplanlegger IKT - Etterforsyning av Forsvaret,"Logistikkmedarbeidere, Logistikkplanlegger, Logistikkmedarbeidere",LILLEHAMMER,http://data.europa.eu/esco/skill/f8e3425c-fe44-4ffb-bafe-0e20d91dadf4,SAP,exact
21bbbf40-ba10-4f5b-8c64-e0599eb96b0b,DevOps,Bli med og utvikle dataplattformen bak et av Norges viktigste samfunnsoppdrag! ,"Systemanalytikere/-arkitekter, Frontend-utvikler, Programvareutviklere, Utvikler (Frontend- og backend), programvareutvikler",OSLO,http://data.europa.eu/esco/skill/f0de4973-0a70-4644-8fd4-3a97080476f4,DevOps,exact
2a6e8e5b-892f-4584-845c-285b28d3c2fe,DevOps,Prosjektstilling Data- og infrastrukturingeniør ,"Nettverksansvarlige, Nettverksansvarlige, Systemanalytikere/-arkitekter, Systemanalytikere/-arkitekter, Driftsteknikere, IKT, IKT-tekniker, Infrastrukturkonsulent IKT, IKT-infrastrukturingeniør, Systemutvikler, Informatiker, Datatekniker",KJELLER,http://data.europa.eu/esco/skill/f0de4973-0a70-4644-8fd4-3a97080476f4,DevOps,exact
2a6e8e5b-892f-4584-845c-285b28d3c2fe,IT,Prosjektstilling Data- og infrastrukturingeniør ,"Nettverksansvarlige, Nettverksansvarlige, Systemanalytikere/-arkitekter, Systemanalytikere/-arkitekter, Driftsteknikere, IKT, IKT-tekniker, Infrastrukturkonsulent IKT, IKT-infrastrukturingeniør, Systemutvikler, Informatiker, Datatekniker",KJELLER,http://data.europa.eu/esco/skill/ddc3119d-1d6e-4324-9125-a3380d299ac5,IT,exact
2a6e8e5b-892f-4584-845c-285b28d3c2fe,Python,Prosjektstilling Data- og infrastrukturingeniør ,"Nettverksansvarlige, Nettverksansvarlige, Systemanalytikere/-arkitekter, Systemanalytikere/-arkitekter, Driftsteknikere, IKT, IKT-tekniker, Infrastrukturkonsulent IKT, IKT-infrastrukturingeniør, Systemutvikler, Informatiker, Datatekniker",KJELLER,http://data.europa.eu/esco/skill/ccd0a1d9-afda-43d9-b901-96344886e14d,Python,exact
30b4efa2-345c-426a-a5c0-df060cd8d91a,IT-sikkerhet,Avsnittsleder Digitalt politiarbeid i Øst politidistrikt (politioverbetjent),"Politibetjenter mv., Avsnittsleder (politi)",LILLESTRØM,http://data.europa.eu/esco/skill/8088750d-8388-4170-a76f-48354c469c44,IT-sikkerhet,exact
3c936e61-c661-445e-b4de-cabf97aeb2f7,Digitalisering,Fagansvarlig lisensforvaltning,"Systemanalytikere/-arkitekter, IKT-konsulent, IT-konsulent",BORRE,http://data.europa.eu/esco/skill/aa0d8201-5a8e-417f-81f4-c04601139582,digitalisering,exact
561383d1-0e51-417f-b9e3-21f20b5f8c56,Digitalisering,"Seniorrådgiver - Styringsdata, 30038283","Regnskapsmedarbeidere, Regnskapsførere, Økonomiarbeider",OSLO,http://data.europa.eu/esco/skill/aa0d8201-5a8e-417f-81f4-c04601139582,digitalisering,exact
561383d1-0e51-417f-b9e3-21f20b5f8c56,SAP,"Seniorrådgiver - Styringsdata, 30038283","Regnskapsmedarbeidere, Regnskapsførere, Økonomiarbeider",OSLO,http://data.europa.eu/esco/skill/f8e3425c-fe44-4ffb-bafe-0e20d91dadf4,SAP,exact
663746d5-4cb6-411a-a4b0-957cf3221898,Hjelpemidler,Har du lyst til å jobbe som min personlige assistent?,"Brukerstyrt personlig assistent (BPA), Brukerstyrt personlig assistent (BPA), Hjemmehjelper",TYNSET,http://data.europa.eu/esco/skill/8759c352-8b00-498f-985a-935f13e1b043,hjelpemidler,exact
7beba216-5ea1-43e8-9580-df03cef8162f,IT,Tjenesteansvarlig arbeidsflate og samhandling - senioringeniør,"Digital rådgiver, Digital rådgiver, Systemanalytikere/-arkitekter",OSLO,http://data.europa.eu/esco/skill/ddc3119d-1d6e-4324-9125-a3380d299ac5,IT,exact
8d5f1112-0a38-4051-b1ed-5dac6b7531fc,Dataanalyse,Stipendiat (postdoktor),"Postdoktor, Postdoktor, Universitets- og høyskolelektorer/-lærere",TØNSBERG,http://data.europa.eu/esco/skill/97bd1c21-66b2-4b7e-ad0f-e3cda590e378,dataanalyse,exact
9c130496-69a8-42ae-a920-97fa722e3db9,GIS,100% stilling som samfunnsplanleggjar ved Samfunnsutvikling og plan,"Høyere saksbehandlere i offentlig og privat virksomhet, Samfunnsplanlegger, kommunal planlegger",ODDA,http://data.europa.eu/esco/skill/377861af-f966-4c87-a2db-7e99904312b9,gis,exact
a16558b7-d96b-4382-9ce7-f66d5e6719b9,CT,Radiograf – 100 % fast stilling ved Bildediagnostikk Lillehammer,"Radiografer mv., radiograf, Radiograf",LILLEHAMMER,http://data.europa.eu/esco/skill/21d2f96d-35f7-4e3f-9745-c533d2dd6e97,cT,exact
a2ea9496-fbef-421f-802b-36208d4c6622,Python,Prosjektstilling KI-ingeniør data scientist ,"Systemanalytikere/-arkitekter, AI educational specialist, utdannelsesforsker, Forsker datavitenskap, Forsker datavitenskap",KJELLER,http://data.europa.eu/esco/skill/ccd0a1d9-afda-43d9-b901-96344886e14d,Python,exact
a2ea9496-fbef-421f-802b-36208d4c6622,maskinlæring,Prosjektstilling KI-ingeniør data scientist ,"Systemanalytikere/-arkitekter, AI educational specialist, utdannelsesforsker, Forsker datavitenskap, Forsker datavitenskap",KJELLER,http://data.europa.eu/esco/skill/3a2d5b45-56e4-4f5a-a55a-4a4a65afdc43,maskinlæring,exact
a8a0d345-0b77-48a0-aa44-945da7532885,Signalbehandling,PhD Candidate in Vocal Biomarkers: Acoustics of the Voice for Health Applications,"Stipendiat, Stipendiat, Universitets- og høyskolelektorer/-lærere",TRONDHEIM,http://data.europa.eu/esco/skill/cfa2be0d-96d5-4017-a866-962efb9c5070,signalbehandling,exact
b22acba8-f261-4fc1-9814-31669502d80e,Digitalisering,Ingeniør med erfaring fra byggeprosesser,"Senioringeniør, Senioringeniør, Andre ingeniører",OSLO,http://data.europa.eu/esco/skill/aa0d8201-5a8e-417f-81f4-c04601139582,digitalisering,exact
b46cef41-e8b5-4ca9-8e61-e834601c26dd,SAP,Erfaren teknisk saksbehandler søkes til Forsvarets basesystemer,"Høyere saksbehandlere i offentlig og privat virksomhet, Høyere saksbehandlere i offentlig og privat virksomhet, Saksbehandler teknisk, naturvitenskapelig utredning, off.adm",LILLEHAMMER,http://data.europa.eu/esco/skill/f8e3425c-fe44-4ffb-bafe-0e20d91dadf4,SAP,exact
b79caba1-c8ec-45bb-912a-7b973c849d12,Cybersikkerhet,Senioringeniør IT-sikkerhet,"Overingeniør IT, Sivilingeniører (elektronikk), Andre ingeniører, Sikkerhetsingeniør, Sikkerhetsanalytikere mv., Cybersikkerhetsingeniør, IKT-sikkerhetsingeniør",OSLO,http://data.europa.eu/esco/skill/8088750d-8388-4170-a76f-48354c469c44,cybersikkerhet,exact
b79caba1-c8ec-45bb-912a-7b973c849d12,IT-sikkerhet,Senioringeniør IT-sikkerhet,"Overingeniør IT, Sivilingeniører (elektronikk), Andre ingeniører, Sikkerhetsingeniør, Sikkerhetsanalytikere mv., Cybersikkerhetsingeniør, IKT-sikkerhetsingeniør",OSLO,http://data.europa.eu/esco/skill/8088750d-8388-4170-a76f-48354c469c44,IT-sikkerhet,exact
b79caba1-c8ec-45bb-912a-7b973c849d12,Informasjonssikkerhet,Senioringeniør IT-sikkerhet,"Overingeniør IT, Sivilingeniører (elektronikk), Andre ingeniører, Sikkerhetsingeniør, Sikkerhetsanalytikere mv., Cybersikkerhetsingeniør, IKT-sikkerhetsingeniør",OSLO,http://data.europa.eu/esco/skill/8088750d-8388-4170-a76f-48354c469c44,informasjonssikkerhet,exact
b7afe266-b104-4c6f-bfc1-cf7dd4655fff,IT,Er du vår nye Seniorrådgiver som ønsker å jobbe med utvikling av kommunikasjonstjenester?,"Systemanalytikere/-arkitekter, Seniorrådgiver (IT), IKT-konsulent",FÅBERG,http://data.europa.eu/esco/skill/ddc3119d-1d6e-4324-9125-a3380d299ac5,IT,exact
d624924c-461a-41b3-99a0-99eeb89b1a7f,Cybersikkerhet,Avsnittsleder Digitalt politiarbeid i Øst politidistrikt (sivil stilling),"Politibetjenter mv., Avsnittsleder (politi), Ledere av IKT-enheter, IT-leder, Ledere av IKT-enheter",LILLESTRØM,http://data.europa.eu/esco/skill/8088750d-8388-4170-a76f-48354c469c44,cybersikkerhet,exact
d624924c-461a-41b3-99a0-99eeb89b1a7f,Informasjonssikkerhet,Avsnittsleder Digitalt politiarbeid i Øst politidistrikt (sivil stilling),"Politibetjenter mv., Avsnittsleder (politi), Ledere av IKT-enheter, IT-leder, Ledere av IKT-enheter",LILLESTRØM,http://data.europa.eu/esco/skill/8088750d-8388-4170-a76f-48354c469c44,informasjonssikkerhet,exact
ed2b34d3-aa27-4859-aa55-1c76f577421b,Dataanalyse,Leder for digital transformasjon av utenrikstjenesten,"Andre administrative ledere, Digitaliseringsansvarlig, prosjektleder",OSLO,http://data.europa.eu/esco/skill/97bd1c21-66b2-4b7e-ad0f-e3cda590e378,dataanalyse,exact
ed2b34d3-aa27-4859-aa55-1c76f577421b,Digitalisering,Leder for digital transformasjon av utenrikstjenesten,"Andre administrative ledere, Digitaliseringsansvarlig, prosjektleder",OSLO,http://data.europa.eu/esco/skill/aa0d8201-5a8e-417f-81f4-c04601139582,digitalisering,exact
f34ee64e-c60e-4378-bf2e-08f4ea2325b6,Dataanalyse,Prosjektstilling Sjefsingeniør KI,"Programvareutviklere, Programvareutvikler, Systemanalytikere/-arkitekter, Dataanalytiker, Systemanalytikere/-arkitekter, Spesialist kunstig intelligens, utvikler av IKT-intelligenssystemer",KJELLER,http://data.europa.eu/esco/skill/97bd1c21-66b2-4b7e-ad0f-e3cda590e378,dataanalyse,exact
f34ee64e-c60e-4378-bf2e-08f4ea2325b6,Maskinlæring,Prosjektstilling Sjefsingeniør KI,"Programvareutviklere, Programvareutvikler, Systemanalytikere/-arkitekter, Dataanalytiker, Systemanalytikere/-arkitekter, Spesialist kunstig intelligens, utvikler av IKT-intelligenssystemer",KJELLER,http://data.europa.eu/esco/skill/3a2d5b45-56e4-4f5a-a55a-4a4a65afdc43,maskinlæring,exact
afdfdde9-6ec1-43fe-bdff-c2fbbbcc1e1f,Maskinlæring,Senior Data Scientist,"Senior Data Scientist, Senior Data Scientist, Systemanalytikere/-arkitekter",OSLO,http://data.europa.eu/esco/skill/3a2d5b45-56e4-4f5a-a55a-4a4a65afdc43,maskinlæring,exact
d4e7ac74-a9df-49d8-a66d-c99d208cf7e0,IT,Tech Lead – Microsoft 365,"Ledere av IKT-enheter, IT-leder, Ledere av IKT-enheter",TRONDHEIM,http://data.europa.eu/esco/skill/ddc3119d-1d6e-4324-9125-a3380d299ac5,IT,exact
d4e7ac74-a9df-49d8-a66d-c99d208cf7e0,Informasjonssikkerhet,Tech Lead – Microsoft 365,"Ledere av IKT-enheter, IT-leder, Ledere av IKT-enheter",TRONDHEIM,http://data.europa.eu/esco/skill/8088750d-8388-4170-a76f-48354c469c44,informasjonssikkerhet,exact
abc9af47-f4fe-4ce6-9749-723f5cceceba,BIM,Seniorrådgiver Elektro Trondheim,"Elektroingeniør, Elektronikkingeniører, Sivilingeniører (maskin- og marin-teknikk);, Sivilingeniør (automasjon), Sivilingeniører (elektronikk);, Senior konsulent (sivilingeniør, elektronikk), elektronikkingeniør",TRONDHEIM,http://data.europa.eu/esco/skill/fae7e545-5114-43cc-8e83-178e2549ecb9,bim,exact
3635799e-168f-45a9-8a4f-363bce7aab5a,Dataanalyse,Publicis søker Dynamic Ads Specialist med sterkt teknologifokus,"Reklame- og markedsføringsrådgivere, Digital markedsfører, markedsføringsspesialist",OSLO,http://data.europa.eu/esco/skill/97bd1c21-66b2-4b7e-ad0f-e3cda590e378,dataanalyse,exact
c26321e1-304b-4fa7-a3cb-178ccc021587,Elektronikk,"SENIOR PROJECT ENGINEER Elektromekanikk, avionikk \& test","Elektronikkingeniører, Elektroingeniør, ingeniør, elektro",KONGSBERG,http://data.europa.eu/esco/skill/95c35c3a-035f-47c2-90cf-7e934d20fc08,elektronikk,exact
864fe85d-a5b1-4c54-9a10-aac9364d6e86,Digitalisering,Senior fagrådgiver dokumentforvaltning,"Bedriftsrådgiver, Banker - Anti-Money Laundering (AML), Bedriftsrådgiver, Banker - Anti-Money Laundering (AML), Rådgivere/forskere, samfunnsøkonomi",OSLO,http://data.europa.eu/esco/skill/aa0d8201-5a8e-417f-81f4-c04601139582,digitalisering,exact
6e8d0513-982d-45b0-bd95-c8e060949f05,Python,Vil du bli del av vårt anerkjente fagmiljø innenfor mobilitet?,"Arealplanleggere, Mobilitetsplanlegger, ruteplanlegger",OSLO,http://data.europa.eu/esco/skill/ccd0a1d9-afda-43d9-b901-96344886e14d,Python,exact
f71f22d5-9e2d-49ad-a23d-1bd8d02902a9,IT,Vil du bidra til å bygge fremtidens økonomistyring for IT og skytjenester?,"IKT-systemanalytiker, Systemanalytikere/-arkitekter, Applikasjonsprogrammerere, Azure .Net Utvikler, Applikasjonsprogrammerere",OSLO,http://data.europa.eu/esco/skill/ddc3119d-1d6e-4324-9125-a3380d299ac5,IT,exact
6b4b496c-7d4c-4602-8c8c-5bfa0b1856a1,IT,Ønsker du å bidra til utvikling i vårt unike krafthandelsmiljø i Nord-Norge?,"Kontormedarbeidere, Kontormedarbeider, Administrasjonsmedarbeider, Systemadministratorer, IT Coordinator, Regnskapsmedarbeidere, Økonomikonsulent, Andre sivilingeniører (unntatt elektroteknologi);, Sivilingeniører (energirådgivning), energiingeniør",FAUSKE,http://data.europa.eu/esco/skill/ddc3119d-1d6e-4324-9125-a3380d299ac5,IT,exact
6b4b496c-7d4c-4602-8c8c-5bfa0b1856a1,Python,Ønsker du å bidra til utvikling i vårt unike krafthandelsmiljø i Nord-Norge?,"Kontormedarbeidere, Kontormedarbeider, Administrasjonsmedarbeider, Systemadministratorer, IT Coordinator, Regnskapsmedarbeidere, Økonomikonsulent, Andre sivilingeniører (unntatt elektroteknologi);, Sivilingeniører (energirådgivning), energiingeniør",FAUSKE,http://data.europa.eu/esco/skill/ccd0a1d9-afda-43d9-b901-96344886e14d,Python,exact
e3bc01e1-89f1-44b0-848c-5281265dd1e2,Elektronikk,Klar for å holde oversikt i leveransene?,"Andre administrative ledere, Project Manager, prosjektleder",HORTEN,http://data.europa.eu/esco/skill/95c35c3a-035f-47c2-90cf-7e934d20fc08,elektronikk,exact
483a6ec5-e7e5-4e89-a2c5-91a43503eb84,Digitalisering,Vil du forme produkter som gjør en forskjell?,"Produktleder industri, Produktleder industri, Forsknings- og utviklingsledere",OSLO,http://data.europa.eu/esco/skill/aa0d8201-5a8e-417f-81f4-c04601139582,digitalisering,exact
8871a49c-80a2-4d92-8916-b195f6308fef,DevOps,Vil du være med å videreutvikle KLPs digitale forsikringsløsninger?,"Forretningsanalytiker, Forretningsanalytiker, Finansanalytikere, Business analyst",OSLO,http://data.europa.eu/esco/skill/f0de4973-0a70-4644-8fd4-3a97080476f4,DevOps,exact
8871a49c-80a2-4d92-8916-b195f6308fef,IT,Vil du være med å videreutvikle KLPs digitale forsikringsløsninger?,"Forretningsanalytiker, Forretningsanalytiker, Finansanalytikere, Business analyst",OSLO,http://data.europa.eu/esco/skill/ddc3119d-1d6e-4324-9125-a3380d299ac5,IT,exact
09fcd039-7c6d-4638-a05f-e27ae5f57e64,Digitalisering,Prosjektleder med AI kompetanse,"Andre administrative ledere, Prosjektleder, prosjektleder",BERGEN,http://data.europa.eu/esco/skill/aa0d8201-5a8e-417f-81f4-c04601139582,digitalisering,exact
be379526-698a-499a-8d34-041d4253aadf,IT,Vil du være med å bygge en bærekraftig fremtid hos Storebrand?,"Senior Backendutvikler, Senior Backendutvikler, Programvareutviklere",TRONDHEIM,http://data.europa.eu/esco/skill/ddc3119d-1d6e-4324-9125-a3380d299ac5,IT,exact
be379526-698a-499a-8d34-041d4253aadf,Java,Vil du være med å bygge en bærekraftig fremtid hos Storebrand?,"Senior Backendutvikler, Senior Backendutvikler, Programvareutviklere",TRONDHEIM,http://data.europa.eu/esco/skill/19a8293b-8e95-4de3-983f-77484079c389,Java,exact
790c221f-e950-423a-bbe7-0b7921ad18ed,IT,Senior Bid Manager,"Bid Manager Systems, Bid Manager Systems, Andre administrative ledere",OSLO,http://data.europa.eu/esco/skill/ddc3119d-1d6e-4324-9125-a3380d299ac5,IT,exact
ae6f37e6-ba22-4349-8770-3a98a305ae26,SAP,Maskinoperatør -- støperiet,"Operatører innen produksjon av gummiprodukter, Maskinoperatør, blanding av skumgummi",FETSUND,http://data.europa.eu/esco/skill/f8e3425c-fe44-4ffb-bafe-0e20d91dadf4,SAP,exact
2c1e3388-dcc8-4e59-b628-a99fc98c8ac2,Digitalisering,Vil du være med å bygge og utvikle økonomifunksjonen i et selskap i vekst?,"Økonomiarbeider, Økonomiarbeider, Regnskapsmedarbeidere",OSLO,http://data.europa.eu/esco/skill/aa0d8201-5a8e-417f-81f4-c04601139582,digitalisering,exact
c81651a5-29bd-45ad-8629-f9dff5ec6520,IT,"Teknisk lederrolle med ansvar, koordinering og høy reiseaktivitet","Brukerstøtte, IKT, Driftsteknikere, IKT, Brukerstøtte, IKT, Brukerstøtte, IT-brukersupporttekniker, IKT - medarbeider, IT-supporttekniker",HAUGESUND,http://data.europa.eu/esco/skill/ddc3119d-1d6e-4324-9125-a3380d299ac5,IT,exact
1c30012c-83df-4e98-822b-126a5574a5da,Digitalisering,Økonomi- og administrasjonssjef i Atlas-alliansen,"Finans- og økonomisjef, Finans- og økonomisjefer, Finans- og økonomisjefer, Økonomi- og administrasjonsansvarlig, Finans- og økonomisjefer",OSLO,http://data.europa.eu/esco/skill/aa0d8201-5a8e-417f-81f4-c04601139582,digitalisering,exact
db1bfe9b-2ef6-4627-a699-72c0c572855d,Drone,Fagarbeider,"Overflatebehandlere og lakkerere, Lakkerer, sprøytelakkerer",HØNEFOSS,http://data.europa.eu/esco/skill/a521903b-aa32-4954-9790-961b0df1261f,drone,exact
4c9e351a-1682-491b-9b15-2c39231c75cb,Elektronikk,Key Account Manager søkes til Inission Halden,"Key Account Manager, Key Account Manager, Selgere (engros)",HALDEN,http://data.europa.eu/esco/skill/95c35c3a-035f-47c2-90cf-7e934d20fc08,elektronikk,exact
9e292b8f-211c-41de-b8c5-131e6601cb45,Elektronikk,Play a key role in shaping the future of our test capabilities aligned with future R\&D and manufacturing needs,"Elektronikkingeniører, Testingeniør elektronikk og telekommunikasjon, Elektronikkingeniører",DRAMMEN,http://data.europa.eu/esco/skill/95c35c3a-035f-47c2-90cf-7e934d20fc08,elektronikk,exact
919eb6e1-c193-4f41-8065-93169f56c5de,Elektronikk,Eplehuset Storgata -- Tekniker heltid,"Tekniker, Tekniker, Andre ingeniører",OSLO,http://data.europa.eu/esco/skill/95c35c3a-035f-47c2-90cf-7e934d20fc08,elektronikk,exact
abb67817-e3da-48df-a54c-75f8b7b7cf5f,Robotikk,"Vi søker medarbeidere med sterk interesse for design, bygging og feilsøking","Elektronikkingeniører, Mekatronikkingeniør, Operatører innen metallurgiske prosessfag, Kabelbygger",KONGSBERG,http://data.europa.eu/esco/skill/e87ec79a-c9ff-46f5-84fa-7a0f394cdf40,robotikk,exact
edfb0e5d-4bad-455e-b877-520f50230e3f,Cyber security,CSIRT Security Operations Analyst,"Sikkerhetsanalytikere mv., IT Security Operation Manager, Nettverksansvarlige, Cisco Certified Design Professional, IKT-nettverksarkitekt",OSLO,http://data.europa.eu/esco/skill/8088750d-8388-4170-a76f-48354c469c44,cyber security,exact
edfb0e5d-4bad-455e-b877-520f50230e3f,IT-sikkerhet,CSIRT Security Operations Analyst,"Sikkerhetsanalytikere mv., IT Security Operation Manager, Nettverksansvarlige, Cisco Certified Design Professional, IKT-nettverksarkitekt",OSLO,http://data.europa.eu/esco/skill/8088750d-8388-4170-a76f-48354c469c44,IT-sikkerhet,exact
179674df-2392-4880-b7a3-6c3263da2c4d,Elektronikk,Robotics Engineer - Winterleap,"Systemanalytikere/-arkitekter, Robotic Process Automation and Artificial Intelligence Developer, Programvareutviklere, Robotic Process Automation (RPA) Utvikler, programvareutvikler",OSLO,http://data.europa.eu/esco/skill/95c35c3a-035f-47c2-90cf-7e934d20fc08,elektronikk,exact
179674df-2392-4880-b7a3-6c3263da2c4d,Innebygde systemer,Robotics Engineer - Winterleap,"Systemanalytikere/-arkitekter, Robotic Process Automation and Artificial Intelligence Developer, Programvareutviklere, Robotic Process Automation (RPA) Utvikler, programvareutvikler",OSLO,http://data.europa.eu/esco/skill/2180bd8c-86de-4889-8165-adac902eee9d,innebygde systemer,exact
179674df-2392-4880-b7a3-6c3263da2c4d,Kontrollsystemer,Robotics Engineer - Winterleap,"Systemanalytikere/-arkitekter, Robotic Process Automation and Artificial Intelligence Developer, Programvareutviklere, Robotic Process Automation (RPA) Utvikler, programvareutvikler",OSLO,http://data.europa.eu/esco/skill/4ff549c3-daa5-4def-9916-301c7bdf13b8,kontrollsystemer,exact
179674df-2392-4880-b7a3-6c3263da2c4d,Kybernetikk,Robotics Engineer - Winterleap,"Systemanalytikere/-arkitekter, Robotic Process Automation and Artificial Intelligence Developer, Programvareutviklere, Robotic Process Automation (RPA) Utvikler, programvareutvikler",OSLO,http://data.europa.eu/esco/skill/fc5818b4-66f9-498b-a1bc-ff651db2af68,kybernetikk,exact
179674df-2392-4880-b7a3-6c3263da2c4d,Robotikk,Robotics Engineer - Winterleap,"Systemanalytikere/-arkitekter, Robotic Process Automation and Artificial Intelligence Developer, Programvareutviklere, Robotic Process Automation (RPA) Utvikler, programvareutvikler",OSLO,http://data.europa.eu/esco/skill/e87ec79a-c9ff-46f5-84fa-7a0f394cdf40,robotikk,exact
aedf8576-5e87-4691-8bad-eea85e570f0b,dataanalyse,Quote to Cash Coordinator - Finance,"Regnskapscontroller, Regnskapscontroller, Revisorer og regnskapsrådgivere",SANDNES,http://data.europa.eu/esco/skill/97bd1c21-66b2-4b7e-ad0f-e3cda590e378,dataanalyse,exact
2c8cb30b-d8bb-4c7e-bc57-9df078f4c05a,Elektronikk,Play a key role in shaping how one of the world's leading semiconductor companies plans for global demand.,"Business planner, Business planner, Strategi- og planleggingssjefer",OSLO,http://data.europa.eu/esco/skill/95c35c3a-035f-47c2-90cf-7e934d20fc08,elektronikk,exact
ec089863-8ed7-4c1a-92f7-cfae7f5ff166,Datavarehus,Erfaren Data Engineer? Bli en del av Bouvet Bergen,"Databasedesignere og -administratorer, Senior Data Engineer, datavarehusutvikler",BERGEN,http://data.europa.eu/esco/skill/3ec2e4d6-7000-4905-bf1a-c5b1679416de,datavarehus,exact
ec089863-8ed7-4c1a-92f7-cfae7f5ff166,IT,Erfaren Data Engineer? Bli en del av Bouvet Bergen,"Databasedesignere og -administratorer, Senior Data Engineer, datavarehusutvikler",BERGEN,http://data.europa.eu/esco/skill/ddc3119d-1d6e-4324-9125-a3380d299ac5,IT,exact
ec089863-8ed7-4c1a-92f7-cfae7f5ff166,Python,Erfaren Data Engineer? Bli en del av Bouvet Bergen,"Databasedesignere og -administratorer, Senior Data Engineer, datavarehusutvikler",BERGEN,http://data.europa.eu/esco/skill/ccd0a1d9-afda-43d9-b901-96344886e14d,Python,exact
8ebd319b-0203-414d-984e-4dd507699b11,SAP,Nexans is looking for a new Material Controller Supply Chain!,"Forsyningskontroller, Revisorer og regnskapsrådgivere, Innkjøpere, Innkjøper, innkjøper",HALDEN,http://data.europa.eu/esco/skill/f8e3425c-fe44-4ffb-bafe-0e20d91dadf4,SAP,exact
d1e38d85-edac-436f-b251-c9f6884c9df7,GIS,Fagansvarlig analyse og soneovervåking,"Leder for arbeidsdagsrapportering og analyse, Matematikere, statistikere mv., Sivilingeniører (miljøteknikk);, Sivilingeniør vann- og miljøteknikk, miljøingeniør, Bygningsingeniører, Tekniker innen vann- og miljøteknikk, vannforvaltning",DRAMMEN,http://data.europa.eu/esco/skill/377861af-f966-4c87-a2db-7e99904312b9,gis,exact
705cac4c-e89c-4cb9-a0c3-993db2edf132,Dataanalyse,Fjøssystemer søker Rådgiver Team iFMS,"Sivilagronomer mv., Husdyrkonsulent, Melke- og husdyrprodusenter, Husdyrrøkter, Andre ingeniører, Teknisk rådgiver, Brukerstøtte, IKT, Brukerstøtte IT, IKT-tekniker",VARHAUG,http://data.europa.eu/esco/skill/97bd1c21-66b2-4b7e-ad0f-e3cda590e378,dataanalyse,exact
455be1b6-bf81-4683-9568-ca28bfb02eef,Elektronikk,Passionate about quality and eager to make a real impact? - We'd love to hear from you!,"Leder forskning og utvikling, Forsknings- og utviklingsledere, Andre administrative ledere, Kvalitetsansvarlig, kvalitetssjef",DRAMMEN,http://data.europa.eu/esco/skill/95c35c3a-035f-47c2-90cf-7e934d20fc08,elektronikk,exact
5afd10ff-e518-4d76-a00a-c33b1243c02d,Digitalisering,Vil du omsette strategi til løsninger som faktisk fungerer i kommuner og fylkeskommuner?,"Virksomhetsarkitekt, Virksomhetsarkitekt, Systemanalytikere/-arkitekter",BERGEN,http://data.europa.eu/esco/skill/aa0d8201-5a8e-417f-81f4-c04601139582,digitalisering,exact
35453839-c41c-43f8-bae0-228a240bc58c,Digitalisering,Vi søker Leder Innkjøp og Logistikk,"Innkjøpssjef, Innkjøpssjef, Ledere av logistikk og transport mv.",MO I RANA,http://data.europa.eu/esco/skill/aa0d8201-5a8e-417f-81f4-c04601139582,digitalisering,exact
a37c3092-a19a-4053-8c74-fe4c5ff02918,IT,Brenner du for data og infrastruktur?,"Dataingeniør, Dataingeniør, Sivilingeniører (elektronikk)",OSLO,http://data.europa.eu/esco/skill/ddc3119d-1d6e-4324-9125-a3380d299ac5,IT,exact
71f86692-4000-4308-b489-67299b60aa91,Elektronikk,Er du klar for å bli en del av et fremtidsrettet team?,"Brukerstøtte, IKT, Teknisk support medarbeider, IKT-tekniker",ÅLESUND,http://data.europa.eu/esco/skill/95c35c3a-035f-47c2-90cf-7e934d20fc08,elektronikk,exact
71f86692-4000-4308-b489-67299b60aa91,Python,Er du klar for å bli en del av et fremtidsrettet team?,"Brukerstøtte, IKT, Teknisk support medarbeider, IKT-tekniker",ÅLESUND,http://data.europa.eu/esco/skill/ccd0a1d9-afda-43d9-b901-96344886e14d,Python,exact
5d30eb21-b8f8-4062-ad4f-c33057a99797,Elektronikk,Technical Support Engineer,"Elektronikkingeniører, Teknisk konsulent elektronikk og telekommunikasjon, Elektronikkingeniører",ÅLESUND,http://data.europa.eu/esco/skill/95c35c3a-035f-47c2-90cf-7e934d20fc08,elektronikk,exact
68587481-c7c2-4f1b-a866-664699915ff7,Tekniske tegninger,Ventilasjonsmontør,"Ventilasjonsmontør, Ventilasjonsmontør, Kuldemontører mv.",ALTA,http://data.europa.eu/esco/skill/59ea80e1-463a-4dba-82c6-d0b6d577d532,tekniske tegninger,exact
3f5782ec-b63d-4b23-ae78-2927cb0b9fc1,IT,Vil du forvalte et av Thons viktigste systemer? Nå søker vi en applikasjonsforvalter til Opera Cloud,"Applikasjonsforvalter, Applikasjonsforvalter, Systemanalytikere/-arkitekter",OSLO,http://data.europa.eu/esco/skill/ddc3119d-1d6e-4324-9125-a3380d299ac5,IT,exact
c1fc50ec-eec3-4c56-8a8d-7dc46a427e63,Angular,Vil du forme fremtidens digitale kundeopplevelser som Senior Fullstack Developer i Storebrand?,"Programvareutviklere, Senior CMS Fullstack Developer, webutvikler",TRONDHEIM,http://data.europa.eu/esco/skill/1ffac4ac-fda7-407d-8ed1-ca8f4a8dc146,Angular,exact
c1fc50ec-eec3-4c56-8a8d-7dc46a427e63,IT,Vil du forme fremtidens digitale kundeopplevelser som Senior Fullstack Developer i Storebrand?,"Programvareutviklere, Senior CMS Fullstack Developer, webutvikler",TRONDHEIM,http://data.europa.eu/esco/skill/ddc3119d-1d6e-4324-9125-a3380d299ac5,IT,exact
c1fc50ec-eec3-4c56-8a8d-7dc46a427e63,Java,Vil du forme fremtidens digitale kundeopplevelser som Senior Fullstack Developer i Storebrand?,"Programvareutviklere, Senior CMS Fullstack Developer, webutvikler",TRONDHEIM,http://data.europa.eu/esco/skill/19a8293b-8e95-4de3-983f-77484079c389,Java,exact
a53ca8a5-58db-42af-bd33-dc45d00d1648,Digitalisering,Vil du bruke utviklererfaringen din til å forme moderne digitale løsninger for landbruket?,"Systemutvikler, Systemutvikler, Systemanalytikere/-arkitekter",OSLO,http://data.europa.eu/esco/skill/aa0d8201-5a8e-417f-81f4-c04601139582,digitalisering,exact
a53ca8a5-58db-42af-bd33-dc45d00d1648,IT-sikkerhet,Vil du bruke utviklererfaringen din til å forme moderne digitale løsninger for landbruket?,"Systemutvikler, Systemutvikler, Systemanalytikere/-arkitekter",OSLO,http://data.europa.eu/esco/skill/8088750d-8388-4170-a76f-48354c469c44,IT-sikkerhet,exact
0f263afc-7792-49cc-b723-00a61ef4da13,Maskinlæring,"Vil du ta AI fra idé til produksjon, ikke bare pilot?","Forsker datavitenskap, Forsker datavitenskap, Systemanalytikere/-arkitekter",OSLO,http://data.europa.eu/esco/skill/3a2d5b45-56e4-4f5a-a55a-4a4a65afdc43,maskinlæring,exact
0f263afc-7792-49cc-b723-00a61ef4da13,Python,"Vil du ta AI fra idé til produksjon, ikke bare pilot?","Forsker datavitenskap, Forsker datavitenskap, Systemanalytikere/-arkitekter",OSLO,http://data.europa.eu/esco/skill/ccd0a1d9-afda-43d9-b901-96344886e14d,Python,exact
3131fa78-3c04-4299-b297-e24d27dc7360,Dataanalyse,Kategorianalytiker - Orkla Health Norge,"Revisorer, regnskapsrådgivere, Kostnadsanalytiker, Reklame- og markedsføringsrådgivere, Kategorikoordinator, Reklame- og markedsføringsrådgivere",OSLO,http://data.europa.eu/esco/skill/97bd1c21-66b2-4b7e-ad0f-e3cda590e378,dataanalyse,exact
7cc5aba2-009a-4d81-8acc-95eb69843800,Dataanalyse,Help build the commercial engine behind Europe's leading charging experience,"CRM Application Engineer, CRM Application Engineer, Applikasjonsprogrammerere",OSLO,http://data.europa.eu/esco/skill/97bd1c21-66b2-4b7e-ad0f-e3cda590e378,dataanalyse,exact
e2a20169-3e15-45f3-8cdf-396ede9c6043,IT,Vi søker Senior Systems Engineer,"Systemanalytikere/-arkitekter, Systemingeniør, IKT-systemarkitekt",KONGSBERG,http://data.europa.eu/esco/skill/ddc3119d-1d6e-4324-9125-a3380d299ac5,IT,exact
e2a20169-3e15-45f3-8cdf-396ede9c6043,Systemdesign,Vi søker Senior Systems Engineer,"Systemanalytikere/-arkitekter, Systemingeniør, IKT-systemarkitekt",KONGSBERG,http://data.europa.eu/esco/skill/fae27053-8924-4bfd-b565-c9fe502044c9,systemdesign,exact
55c17021-1ca2-45a0-bd66-2c64a1973f71,Elektronikk,Noen ser et kretskort. Du ser fem ting du vil teste før du er fornøyd.,"Sivilingeniører (industri og produksjon);, Produktingeniør, tekniker innen produktutvikling",TRONDHEIM,http://data.europa.eu/esco/skill/95c35c3a-035f-47c2-90cf-7e934d20fc08,elektronikk,exact
55c17021-1ca2-45a0-bd66-2c64a1973f71,Python,Noen ser et kretskort. Du ser fem ting du vil teste før du er fornøyd.,"Sivilingeniører (industri og produksjon);, Produktingeniør, tekniker innen produktutvikling",TRONDHEIM,http://data.europa.eu/esco/skill/ccd0a1d9-afda-43d9-b901-96344886e14d,Python,exact
0cf2d8e1-257c-46c5-8150-b6f20b4cac99,Python,Bli med og få AI-løsninger helt ut i produksjon,"Systemanalytikere/-arkitekter, Spesialist kunstig intelligens, utvikler av IKT-intelligenssystemer",OSLO,http://data.europa.eu/esco/skill/ccd0a1d9-afda-43d9-b901-96344886e14d,Python,exact
0cf2d8e1-257c-46c5-8150-b6f20b4cac99,data science,Bli med og få AI-løsninger helt ut i produksjon,"Systemanalytikere/-arkitekter, Spesialist kunstig intelligens, utvikler av IKT-intelligenssystemer",OSLO,http://data.europa.eu/esco/skill/edebd83d-35f6-4ed5-a940-6c203d178c01,data science,exact
0cf2d8e1-257c-46c5-8150-b6f20b4cac99,maskinlæring,Bli med og få AI-løsninger helt ut i produksjon,"Systemanalytikere/-arkitekter, Spesialist kunstig intelligens, utvikler av IKT-intelligenssystemer",OSLO,http://data.europa.eu/esco/skill/3a2d5b45-56e4-4f5a-a55a-4a4a65afdc43,maskinlæring,exact
567d541e-ca50-4079-b255-5b73e5f42713,Dataanalyse,Total Rewards Specialist,"Selgere (engros), Service Manager, Service Manager",OSLO,http://data.europa.eu/esco/skill/97bd1c21-66b2-4b7e-ad0f-e3cda590e378,dataanalyse,exact
a8980aac-4588-465f-8f35-940d76157a7d,Digitalisering,Shape the future of customer intelligence at scale!,"Salgs- og markedssjefer, Salgs- og markedssjefer, Leder kunderettet virksomhet",OSLO,http://data.europa.eu/esco/skill/aa0d8201-5a8e-417f-81f4-c04601139582,digitalisering,exact
018e8c64-bdaa-45fe-a1a6-93a93387e18d,Digitalisering,"Vil du jobbe i skjæringspunktet mellom teknologi, logistikk og forretningsutvikling?","Systemanalytikere/-arkitekter, Produktansvarlig IT, IKT-produktsjef, IT-Systemarkitekt, IT-Systemarkitekt",OSLO,http://data.europa.eu/esco/skill/aa0d8201-5a8e-417f-81f4-c04601139582,digitalisering,exact
018e8c64-bdaa-45fe-a1a6-93a93387e18d,IT,"Vil du jobbe i skjæringspunktet mellom teknologi, logistikk og forretningsutvikling?","Systemanalytikere/-arkitekter, Produktansvarlig IT, IKT-produktsjef, IT-Systemarkitekt, IT-Systemarkitekt",OSLO,http://data.europa.eu/esco/skill/ddc3119d-1d6e-4324-9125-a3380d299ac5,IT,exact
018e8c64-bdaa-45fe-a1a6-93a93387e18d,SAP,"Vil du jobbe i skjæringspunktet mellom teknologi, logistikk og forretningsutvikling?","Systemanalytikere/-arkitekter, Produktansvarlig IT, IKT-produktsjef, IT-Systemarkitekt, IT-Systemarkitekt",OSLO,http://data.europa.eu/esco/skill/f8e3425c-fe44-4ffb-bafe-0e20d91dadf4,SAP,exact
f87c5a05-deb3-4509-a75c-510df0f5f432,Kontrollsystemer,"Maritim elektriker – elektro, automasjon og commissioning","Elektroingeniør, Elektronikkingeniører, Automatikere, Maritim elektriker, skipselektriker",OSLO,http://data.europa.eu/esco/skill/4ff549c3-daa5-4def-9916-301c7bdf13b8,kontrollsystemer,exact
0689457b-713f-49f1-a394-9017322f8265,Data science,Utvikler kryptoforsering ,"Andre ingeniører, Andre sivilingeniører (unntatt elektroteknologi), Overingeniør",OSLO,http://data.europa.eu/esco/skill/edebd83d-35f6-4ed5-a940-6c203d178c01,data science,exact
0689457b-713f-49f1-a394-9017322f8265,Informasjonssikkerhet,Utvikler kryptoforsering ,"Andre ingeniører, Andre sivilingeniører (unntatt elektroteknologi), Overingeniør",OSLO,http://data.europa.eu/esco/skill/8088750d-8388-4170-a76f-48354c469c44,informasjonssikkerhet,exact
0689457b-713f-49f1-a394-9017322f8265,Maskinlæring,Utvikler kryptoforsering ,"Andre ingeniører, Andre sivilingeniører (unntatt elektroteknologi), Overingeniør",OSLO,http://data.europa.eu/esco/skill/3a2d5b45-56e4-4f5a-a55a-4a4a65afdc43,maskinlæring,exact
0a4f88d0-9384-4a5d-a79e-9ceb8412edf1,IT,Utvikler/arkitekt,"Applikasjonsprogrammerere, Linux-ingeniør, Systemanalytikere/-arkitekter, Utvikler av intelligente IKT-systemer, utvikler av IKT-intelligenssystemer, DevOps-ingeniør, DevOps-ingeniør, Programvareutviklere",KONGSBERG,http://data.europa.eu/esco/skill/ddc3119d-1d6e-4324-9125-a3380d299ac5,IT,exact
0fe77349-b840-4c2b-b90a-96e8de7bad0a,Elektronikk,Overingeniør Elektromagnetisk Miljø,"Senioringeniør, Andre ingeniører, Sivilingeniører (elektronikk);, Overingeniør, sivil elektronikk, Elektronikkingeniører, Automasjonsingeniør, Sivilingeniører (elkraftteknikk);, Ingeniør, elektromagnetisme, ingeniør, elektromagnetisme",BERGEN,http://data.europa.eu/esco/skill/95c35c3a-035f-47c2-90cf-7e934d20fc08,elektronikk,exact
131af92f-f010-4c88-b678-4017f5215f9d,Digitalisering,Personvernombud Kongsbergregionen,"Sikkerhetsanalytikere mv., Personvernombud, IKT-sikkerhetsadministrator",KONGSBERG,http://data.europa.eu/esco/skill/aa0d8201-5a8e-417f-81f4-c04601139582,digitalisering,exact
131af92f-f010-4c88-b678-4017f5215f9d,GDPR,Personvernombud Kongsbergregionen,"Sikkerhetsanalytikere mv., Personvernombud, IKT-sikkerhetsadministrator",KONGSBERG,http://data.europa.eu/esco/skill/d3e9b00a-0891-4fa8-836d-8240ec3d2758,GDPR,exact
13585ce8-ddbb-4fe0-bfc5-afa9e913f46b,Hjelpemidler,"Fysioterapeut, 100% svangerskapvikariat","Fysioterapeut, Fysioterapeut, Fysioterapeuter",HALDEN,http://data.europa.eu/esco/skill/8759c352-8b00-498f-985a-935f13e1b043,hjelpemidler,exact
195ba7db-94a5-4d1a-a7fe-1dca619a6b5d,PDM,Liker du å sette deg inn i detaljer og forstå hvordan duppeditter fungerer og brukes? ,"Anleggsmaskin- og industrimekanikere, Mekaniker (industri), industrimekaniker, Maskiningeniører, Maskintekniker mekatronikk, Pipe support Engineer, Pipe support Engineer, Ingeniører innen petroleum, bergverk og metallurgi",KONGSBERG,http://data.europa.eu/esco/skill/7d913551-e17a-40ba-baf7-48d0c3b12e50,PdM,exact
20ff4f7d-575d-4c58-b57c-1060a1725905,SAP,Vikariat som rådgiver innenfor økonomi ved Riksadvokatembetet,"Revisorer, regnskapsrådgivere, Revisor, regnskapsfører",OSLO,http://data.europa.eu/esco/skill/f8e3425c-fe44-4ffb-bafe-0e20d91dadf4,SAP,exact
27096eed-f259-4bd3-b1d3-df67cac3da46,SAP,Lyst til å jobbe med økonomi i Forsvaret?,"Revisorer, regnskapsrådgivere, regnskapsfører, Controller",BERGEN,http://data.europa.eu/esco/skill/f8e3425c-fe44-4ffb-bafe-0e20d91dadf4,SAP,exact
30872abb-e764-489b-b1bd-b9ebee15efb6,SAP,Lyst til å jobbe med systemforvaltning i Forsvaret?,"Systemadministratorer, Systemforvalter, IKT-systemadministrator",BERGEN,http://data.europa.eu/esco/skill/f8e3425c-fe44-4ffb-bafe-0e20d91dadf4,SAP,exact
3454c393-ed90-41e0-a657-50f2b4cdb712,Digitalisering,Teknisk ansvarlig for registertjenester,"Høyere saksbehandlere i offentlig og privat virksomhet, Rådgiver (offentlig administrasjon), Høyere saksbehandlere i offentlig og privat virksomhet",OSLO,http://data.europa.eu/esco/skill/aa0d8201-5a8e-417f-81f4-c04601139582,digitalisering,exact
3454c393-ed90-41e0-a657-50f2b4cdb712,IT,Teknisk ansvarlig for registertjenester,"Høyere saksbehandlere i offentlig og privat virksomhet, Rådgiver (offentlig administrasjon), Høyere saksbehandlere i offentlig og privat virksomhet",OSLO,http://data.europa.eu/esco/skill/ddc3119d-1d6e-4324-9125-a3380d299ac5,IT,exact
43ef2ab2-02f5-491e-b959-25df35031a4e,Digitalisering,Fagansvarlig teknologi og løsningsdesign,"Systemanalytikere/-arkitekter, Teknologikonsulent, IKT-konsulent",BJØRNEMYR,http://data.europa.eu/esco/skill/aa0d8201-5a8e-417f-81f4-c04601139582,digitalisering,exact
43ef2ab2-02f5-491e-b959-25df35031a4e,Informasjonssikkerhet,Fagansvarlig teknologi og løsningsdesign,"Systemanalytikere/-arkitekter, Teknologikonsulent, IKT-konsulent",BJØRNEMYR,http://data.europa.eu/esco/skill/8088750d-8388-4170-a76f-48354c469c44,informasjonssikkerhet,exact
453f18a3-d307-4ff4-b3aa-c7badd3689e9,informatikk,PhD Research Fellow in computer science/AI for energy informatics,"Universitets- og høyskolelektorer/-lærere, Yrkesfaglærere, lektor, IKT-lærer, Universitets- og høgskolelektor/-lærer, IKT-lærer",OSLO,http://data.europa.eu/esco/skill/7b5cce4d-c7fe-4119-b48f-70aa05391787,informatikk,exact
453f18a3-d307-4ff4-b3aa-c7badd3689e9,maskinlæring,PhD Research Fellow in computer science/AI for energy informatics,"Universitets- og høyskolelektorer/-lærere, Yrkesfaglærere, lektor, IKT-lærer, Universitets- og høgskolelektor/-lærer, IKT-lærer",OSLO,http://data.europa.eu/esco/skill/3a2d5b45-56e4-4f5a-a55a-4a4a65afdc43,maskinlæring,exact
4c6b4241-dc31-47f0-b4fe-09fec50086da,SAP,Lyst til å jobbe med økonomi i Forsvaret?,"Revisorer, regnskapsrådgivere, controller, Senior controller",BERGEN,http://data.europa.eu/esco/skill/f8e3425c-fe44-4ffb-bafe-0e20d91dadf4,SAP,exact
57f36fe4-772e-413d-803f-781c6146d5bc,GDPR,Seniorrådgiver jurist - Datatilsynet,"Juridisk rådgiver, Juridisk rådgiver, Andre juridiske yrker",OSLO,http://data.europa.eu/esco/skill/d3e9b00a-0891-4fa8-836d-8240ec3d2758,GDPR,exact
6040ae61-1f64-4b73-ae73-eec5f127ad34,Elektronikk,Elkjøp Nittedal søker Superselger,"Selger, Selger, Butikkmedarbeidere",NITTEDAL,http://data.europa.eu/esco/skill/95c35c3a-035f-47c2-90cf-7e934d20fc08,elektronikk,exact
6c4d48e3-0e6d-4bc2-b0a6-1f2d0d91d161,Software design,Vil du jobbe med softwarearkitektur og nyutvikling?,"Software arkitekt, Software arkitekt, Programvareutviklere",KONGSBERG,http://data.europa.eu/esco/skill/89f6560b-2194-45c9-9ece-d33049a73eef,software design,exact
6fafe27d-9b91-4afd-96c6-053d3c690b3c,DevOps,Vi søker plattformingeniør,"Systemanalytikere/-arkitekter, IT-ingeniør, dataingeniør",BRØNNØYSUND,http://data.europa.eu/esco/skill/f0de4973-0a70-4644-8fd4-3a97080476f4,DevOps,exact
6fafe27d-9b91-4afd-96c6-053d3c690b3c,IT,Vi søker plattformingeniør,"Systemanalytikere/-arkitekter, IT-ingeniør, dataingeniør",BRØNNØYSUND,http://data.europa.eu/esco/skill/ddc3119d-1d6e-4324-9125-a3380d299ac5,IT,exact
7b8ce05a-af7a-4a44-b125-c61a6eb15c99,SAP,"Vil du være med å bidra i videreutvikling
av internkontroll innenfor
økonomiområdet i Forsvaret?","Høyere saksbehandlere i offentlig og privat virksomhet, Seniorkonsulent økonomi og samfunnsvitenskap, offentlig administrasjon, Høyere saksbehandlere i offentlig og privat virksomhet",BERGEN,http://data.europa.eu/esco/skill/f8e3425c-fe44-4ffb-bafe-0e20d91dadf4,SAP,exact
8412bfea-47b0-430c-946d-cd173c2d3411,Dataanalyse,Overingeniør fangstteknologi,"Andre ingeniører, Senioringeniør, Senioringeniør",TROMSØ,http://data.europa.eu/esco/skill/97bd1c21-66b2-4b7e-ad0f-e3cda590e378,dataanalyse,exact
89b905e7-f29c-4ebc-b97e-ec7754dfa3b4,Digitalisering,Kontorleder - informasjons- og dokumentsenter,"Arbeidsledere for kontorpersonell, Kontorleder, kontorsjef",EVENSKJER,http://data.europa.eu/esco/skill/aa0d8201-5a8e-417f-81f4-c04601139582,digitalisering,exact
89d941e0-f627-42ae-ae2c-708c46d44f7e,GIS,"Er du glad i både kart, matrikkel og folk? Kanskje du er den me søker etter?","Landmålere, kartografer mv., Geomatikkingeniør, matrikkel, Landmålere, kartografer mv., Geodataanalytiker, kartograf",VARHAUG,http://data.europa.eu/esco/skill/377861af-f966-4c87-a2db-7e99904312b9,gis,exact
8da806fc-66e4-43c0-b002-625d1942ad61,Informasjonssikkerhet,Informasjonssikkerhetskoordinator EHDS,"Sikkerhetsanalytikere mv., Informasjonssikkerhetsansvarlig, sjef for IKT-sikkerhet",OSLO,http://data.europa.eu/esco/skill/8088750d-8388-4170-a76f-48354c469c44,informasjonssikkerhet,exact
91b6f757-3c15-48b6-8fda-87e15978880c,Elektronikk,Elkjøp Molde søker Butikkmedarbeider,"Butikkmedarbeidere, Butikkmedarbeider, butikkmedarbeider",MOLDE,http://data.europa.eu/esco/skill/95c35c3a-035f-47c2-90cf-7e934d20fc08,elektronikk,exact
974ceae8-5f08-4a0d-8d61-d1d7ec7f1675,Python,Prosjektstilling KI-ingeniør data scientist - overingeniør,"Systemanalytikere/-arkitekter, Spesialist kunstig intelligens, Systemanalytikere/-arkitekter, IT-ingeniør, dataingeniør",KJELLER,http://data.europa.eu/esco/skill/ccd0a1d9-afda-43d9-b901-96344886e14d,Python,exact
974ceae8-5f08-4a0d-8d61-d1d7ec7f1675,maskinlæring,Prosjektstilling KI-ingeniør data scientist - overingeniør,"Systemanalytikere/-arkitekter, Spesialist kunstig intelligens, Systemanalytikere/-arkitekter, IT-ingeniør, dataingeniør",KJELLER,http://data.europa.eu/esco/skill/3a2d5b45-56e4-4f5a-a55a-4a4a65afdc43,maskinlæring,exact
a2d7aee5-870e-4fe2-8e22-e8dc1e4b5e71,Digitalisering,Rådgiver/seniorrådgiver – digitalisering av det byggtekniske regelverket,"Bygningsingeniører, Rådgiver Kvalitet (bygg og anlegg), tekniker, byggteknikk",OSLO,http://data.europa.eu/esco/skill/aa0d8201-5a8e-417f-81f4-c04601139582,digitalisering,exact
a2d7aee5-870e-4fe2-8e22-e8dc1e4b5e71,IT,Rådgiver/seniorrådgiver – digitalisering av det byggtekniske regelverket,"Bygningsingeniører, Rådgiver Kvalitet (bygg og anlegg), tekniker, byggteknikk",OSLO,http://data.europa.eu/esco/skill/ddc3119d-1d6e-4324-9125-a3380d299ac5,IT,exact
b003a5c6-6639-45e4-943e-3e1c7ab63bda,Digitalisering,"Rådgiver, Prosjektleder","Høyere saksbehandlere i offentlig og privat virksomhet, Prosjektleder offentlig sektor, Systemanalytikere/-arkitekter, Digitaliseringsrådgiver, IKT-rådgivere, Friluftsfaglig rådgiver/ prosjektleder, Friluftsfaglig rådgiver/ prosjektleder, Sports- og aktivitetsinstruktører",SARPSBORG,http://data.europa.eu/esco/skill/aa0d8201-5a8e-417f-81f4-c04601139582,digitalisering,exact
c52f460d-f780-472f-a738-404168ee8219,SAP,Lyst til å jobbe med økonomi i Forsvaret?,"Revisorer, regnskapsrådgivere, Controller, Finans- og investeringsrådgivere, Økonomisk rådgiver, økonomisk rådgiver",BODØ,http://data.europa.eu/esco/skill/f8e3425c-fe44-4ffb-bafe-0e20d91dadf4,SAP,exact
da5318a9-1845-405d-9526-19ba7a5631a5,SAP,Lyst til å jobbe med økonomi i Forsvaret?,"Rådgivere/forskere, samfunnsøkonomi, Siviløkonom, økonom",BARDUFOSS,http://data.europa.eu/esco/skill/f8e3425c-fe44-4ffb-bafe-0e20d91dadf4,SAP,exact
e418b5d8-ecd2-482b-a591-fc2111b72913,IT,Vil du bli med på vårt lag å utvikle løsninger som skal sikre at vi håndterer dagens/morgendags utfordringer?,"Høyere saksbehandlere i offentlig og privat virksomhet, Rådgiver (offentlig administrasjon), Høyere saksbehandlere i offentlig og privat virksomhet",OSLO,http://data.europa.eu/esco/skill/ddc3119d-1d6e-4324-9125-a3380d299ac5,IT,exact
e6f8d111-4c9c-4d73-8bc4-e3c90539bf32,DevOps,Teknolog med erfaring innenfor Azure og Microsoft-teknologi,"Systemanalytikere/-arkitekter, Teknologikonsulent, IKT-konsulent",OSLO,http://data.europa.eu/esco/skill/f0de4973-0a70-4644-8fd4-3a97080476f4,DevOps,exact
e6f8d111-4c9c-4d73-8bc4-e3c90539bf32,Digitalisering,Teknolog med erfaring innenfor Azure og Microsoft-teknologi,"Systemanalytikere/-arkitekter, Teknologikonsulent, IKT-konsulent",OSLO,http://data.europa.eu/esco/skill/aa0d8201-5a8e-417f-81f4-c04601139582,digitalisering,exact
e719ec9f-68f9-4ce9-8056-35182b2ec4d7,Hjelpemidler,Ergoterapeut barn og unge,"Ergoterapeut, Ergoterapeut, Ergoterapeuter",DRØBAK,http://data.europa.eu/esco/skill/8759c352-8b00-498f-985a-935f13e1b043,hjelpemidler,exact
e94b3967-64f1-430a-ba97-5a88aece5023,Digitalisering,Prosjektleder EHDS,"Prosjektleder, Prosjektleder, Andre administrative ledere",OSLO,http://data.europa.eu/esco/skill/aa0d8201-5a8e-417f-81f4-c04601139582,digitalisering,exact
f12fc620-1c62-4bdc-9220-163b95982616,Adobe Creative Cloud,Trigges du av merkevarebygging?,"Reklame- og markedsføringsrådgivere, Brand Manager, varemerkesjef",TROLLÅSEN,http://data.europa.eu/esco/skill/719d8699-a221-4b5a-8fc3-68a8645cbe03,Adobe Creative Cloud,exact
f5614f81-01ff-4fed-b91b-112a605bf753,Informatikk,Vil du jobbe med kvalitet i software?,"Andre programvare- og applikasjonsutviklere, Software Quality Assurance Analyst, spesialist i datakvalitet, Kvalitetsleder programvare, Kvalitetsleder programvare",KONGSBERG,http://data.europa.eu/esco/skill/7b5cce4d-c7fe-4119-b48f-70aa05391787,informatikk,exact
f5614f81-01ff-4fed-b91b-112a605bf753,Kybernetikk,Vil du jobbe med kvalitet i software?,"Andre programvare- og applikasjonsutviklere, Software Quality Assurance Analyst, spesialist i datakvalitet, Kvalitetsleder programvare, Kvalitetsleder programvare",KONGSBERG,http://data.europa.eu/esco/skill/fc5818b4-66f9-498b-a1bc-ff651db2af68,kybernetikk,exact
e8e7e33a-e301-48bf-9864-3cbdfbaf4d44,Dataanalyse,Graduate 2027 - Operations Improvement Engineer,"Driftstekniker, Driftstekniker, Andre ingeniører",SANDNES,http://data.europa.eu/esco/skill/97bd1c21-66b2-4b7e-ad0f-e3cda590e378,dataanalyse,exact
e8e7e33a-e301-48bf-9864-3cbdfbaf4d44,Digitalisering,Graduate 2027 - Operations Improvement Engineer,"Driftstekniker, Driftstekniker, Andre ingeniører",SANDNES,http://data.europa.eu/esco/skill/aa0d8201-5a8e-417f-81f4-c04601139582,digitalisering,exact
79c49770-7ce4-47d0-9922-ab6d1b29a3a9,Digitalisering,Strategisk lederstilling i Bergen - toårig vikariat med internasjonalt tilsnitt,"Avdelingsleder, Avdelingsleder, Andre ledere av produksjon og tjenesteyting, Andre administrative ledere, Seksjonssjef (offentlig administrasjon)",BERGEN,http://data.europa.eu/esco/skill/aa0d8201-5a8e-417f-81f4-c04601139582,digitalisering,exact
f6665e0c-3728-4d15-bb55-48332106ec1e,Datavarehus,Ønsker du å arbeide med informasjonssikkerhet og IKT i en Lokal Sparebank,"Sikkerhetsleder, Andre ledere av produksjon og tjenesteyting, Sikkerhetsanalytikere mv., Informasjonssikkerhetsmedarbeider, Driftsteknikere, IKT, IKT - medarbeider, Driftsteknikere",ASKIM,http://data.europa.eu/esco/skill/3ec2e4d6-7000-4905-bf1a-c5b1679416de,datavarehus,exact
f6665e0c-3728-4d15-bb55-48332106ec1e,IT-sikkerhet,Ønsker du å arbeide med informasjonssikkerhet og IKT i en Lokal Sparebank,"Sikkerhetsleder, Andre ledere av produksjon og tjenesteyting, Sikkerhetsanalytikere mv., Informasjonssikkerhetsmedarbeider, Driftsteknikere, IKT, IKT - medarbeider, Driftsteknikere",ASKIM,http://data.europa.eu/esco/skill/8088750d-8388-4170-a76f-48354c469c44,IT-sikkerhet,exact
f6665e0c-3728-4d15-bb55-48332106ec1e,Informasjonssikkerhet,Ønsker du å arbeide med informasjonssikkerhet og IKT i en Lokal Sparebank,"Sikkerhetsleder, Andre ledere av produksjon og tjenesteyting, Sikkerhetsanalytikere mv., Informasjonssikkerhetsmedarbeider, Driftsteknikere, IKT, IKT - medarbeider, Driftsteknikere",ASKIM,http://data.europa.eu/esco/skill/8088750d-8388-4170-a76f-48354c469c44,informasjonssikkerhet,exact
18852824-d583-4268-a3ec-9fcedf795377,Digitalisering,Vil du gjøre det komplekse enkelt?,"Systemanalytikere/-arkitekter, Prosjektkonsulent, Systemanalytikere/-arkitekter, Virksomhetsarkitekt, virksomhetsarkitekt",OSLO,http://data.europa.eu/esco/skill/aa0d8201-5a8e-417f-81f4-c04601139582,digitalisering,exact
18b963ea-9bcf-4cb2-8f9d-0e743c618707,Digital sikkerhet,Vil du være med å forme fremtidens sikkerhetsarbeid i KS Digital?,"Sikkerhetsanalytikere mv., Informasjonssikkerhetskonsulent, IKT-sikkerhetsingeniør",OSLO,http://data.europa.eu/esco/skill/8088750d-8388-4170-a76f-48354c469c44,digital sikkerhet,exact
18b963ea-9bcf-4cb2-8f9d-0e743c618707,Informasjonssikkerhet,Vil du være med å forme fremtidens sikkerhetsarbeid i KS Digital?,"Sikkerhetsanalytikere mv., Informasjonssikkerhetskonsulent, IKT-sikkerhetsingeniør",OSLO,http://data.europa.eu/esco/skill/8088750d-8388-4170-a76f-48354c469c44,informasjonssikkerhet,exact
df0375e8-2bc6-4071-b92b-8ceee33ee49e,Hjelpemidler,Distriktsansvarlig selger,"Bilglass-/ruteskifter, Bilglass-/ruteskifter, Glassarbeidere",LILLEHAMMER,http://data.europa.eu/esco/skill/8759c352-8b00-498f-985a-935f13e1b043,hjelpemidler,exact
c01ea040-a0d0-4aa1-ae83-6e4bdbbd2ad0,Digitalisering,Business Innovation Partner,"HR Business Partner, HR Business Partner, Personalsjefer",SKEDSMOKORSET,http://data.europa.eu/esco/skill/aa0d8201-5a8e-417f-81f4-c04601139582,digitalisering,exact
add3d79f-04a7-44c7-ac61-475db5de504d,Elektronikk,"Har du erfaring med elektronikkproduksjon, testing og feilsøking?","Testingeniør elektronikk og telekommunikasjon, Testingeniør elektronikk og telekommunikasjon, Elektronikkingeniører",VETTRE,http://data.europa.eu/esco/skill/95c35c3a-035f-47c2-90cf-7e934d20fc08,elektronikk,exact
add3d79f-04a7-44c7-ac61-475db5de504d,Kretskort,"Har du erfaring med elektronikkproduksjon, testing og feilsøking?","Testingeniør elektronikk og telekommunikasjon, Testingeniør elektronikk og telekommunikasjon, Elektronikkingeniører",VETTRE,http://data.europa.eu/esco/skill/6a2bc03b-e30d-429b-9549-5784cb92ae2f,kretskort,exact
f29e9e80-f5bf-42e1-810e-95f10a03edd8,Digitalisering,Graduate 2027 - Commercial Analyst,"Organisasjonsrådgivere mv., Forvaltning- og finansanalytiker",SANDNES,http://data.europa.eu/esco/skill/aa0d8201-5a8e-417f-81f4-c04601139582,digitalisering,exact
daa03c8c-7943-4ef7-8c8c-a7231966cb02,Tekniske tegninger,Industrimekaniker,"Industrimekaniker, Industrimekaniker, Anleggsmaskin- og industrimekanikere",STATHELLE,http://data.europa.eu/esco/skill/59ea80e1-463a-4dba-82c6-d0b6d577d532,tekniske tegninger,exact
01f1b757-e45d-45df-8a3c-75d59650015c,Grafisk design,Senior Designer (Strategic \& Creative),"Produkt- og klesdesignere, Designer av tilbehør, Høyere saksbehandlere i offentlig og privat virksomhet, Senior Strategirådgiver, Høyere saksbehandlere i offentlig og privat virksomhet",LYSAKER,http://data.europa.eu/esco/skill/7fb699d9-182a-430e-b7a0-6d8ed05c284b,grafisk design,exact
b66d3ec0-6aaf-436d-8fd5-77e1923baed6,Python,Vi søker Platform Engineer,"Systemanalytikere/-arkitekter, Plattform Manager, Systemanalytikere/-arkitekter",KONGSBERG,http://data.europa.eu/esco/skill/ccd0a1d9-afda-43d9-b901-96344886e14d,Python,exact
b66d3ec0-6aaf-436d-8fd5-77e1923baed6,data engineering,Vi søker Platform Engineer,"Systemanalytikere/-arkitekter, Plattform Manager, Systemanalytikere/-arkitekter",KONGSBERG,http://data.europa.eu/esco/skill/48db96bf-3314-45c6-bad8-fdb6e20e5639,data engineering,exact
7ec7ca44-49f2-4cea-a928-ae7b386a8265,Tekniske tegninger,Vil du kombinere studiene med relevant arbeidserfaring innen teknisk dokumentasjon og fornybar energi? Region Midt-No...,"Teknisk tegner, Tekniske tegnere, Forfattere mv., Teknisk dokumentkontroller, teknisk kommunikatør",TRONDHEIM,http://data.europa.eu/esco/skill/59ea80e1-463a-4dba-82c6-d0b6d577d532,tekniske tegninger,exact
5adebb6a-4455-468b-a447-7be44074a30b,Business Intelligence,Vil du påvirke beslutninger i et internasjonalt konsern?,"Forretningsanalytiker, Forretningsanalytiker, Finansanalytikere",OSLO,http://data.europa.eu/esco/skill/143769cb-b61e-47d8-a61e-eedfbec1016c,business intelligence,exact
f46787c0-b203-48e6-89b2-af0ef2c7baed,Maskinlæring,Vil du jobbe med modeller som faktisk betyr noe i praksis?,"Forsker datavitenskap, Forsker datavitenskap, Systemanalytikere/-arkitekter",OSLO,http://data.europa.eu/esco/skill/3a2d5b45-56e4-4f5a-a55a-4a4a65afdc43,maskinlæring,exact
f46787c0-b203-48e6-89b2-af0ef2c7baed,Python,Vil du jobbe med modeller som faktisk betyr noe i praksis?,"Forsker datavitenskap, Forsker datavitenskap, Systemanalytikere/-arkitekter",OSLO,http://data.europa.eu/esco/skill/ccd0a1d9-afda-43d9-b901-96344886e14d,Python,exact
75ed2810-d783-4070-a5b6-a07ef20ffdd7,cybersikkerhet,Hardware Security Engineer,"Andre ingeniører, Sikkerhetsingeniør, Sikkerhetsanalytikere mv., Cybersikkerhetsingeniør, IKT-sikkerhetsingeniør",KONGSBERG,http://data.europa.eu/esco/skill/8088750d-8388-4170-a76f-48354c469c44,cybersikkerhet,exact
75ed2810-d783-4070-a5b6-a07ef20ffdd7,elektronikk,Hardware Security Engineer,"Andre ingeniører, Sikkerhetsingeniør, Sikkerhetsanalytikere mv., Cybersikkerhetsingeniør, IKT-sikkerhetsingeniør",KONGSBERG,http://data.europa.eu/esco/skill/95c35c3a-035f-47c2-90cf-7e934d20fc08,elektronikk,exact
7d0ac51a-d584-4126-a2bd-4ae90344c814,Elektronikk,Driftsteknikker,"Driftstekniker, Driftstekniker, Andre ingeniører",KONGSBERG,http://data.europa.eu/esco/skill/95c35c3a-035f-47c2-90cf-7e934d20fc08,elektronikk,exact
46eb2ec3-4f6f-498b-af26-f815018ed558,Elektronikk,Brunvoll Mar-El AS søker Serviceteknikere/ingeniører,"Servicetekniker, Servicetekniker, Andre ingeniører",DALEN,http://data.europa.eu/esco/skill/95c35c3a-035f-47c2-90cf-7e934d20fc08,elektronikk,exact
51af9a3d-0206-45bd-8c2e-24c2616c76da,Adobe Illustrator,Vil du være med og utvikle fremtidens grafiske produksjon? Da kan dette være stillingen for deg.,"Førtrykkere, Grafiker førtrykk, førtrykkstekniker",KRISTIANSAND S,http://data.europa.eu/esco/skill/27b913f0-3c52-448b-ad27-fc6ef08fb326,Adobe Illustrator,exact
7b14260e-0b5a-44e5-afb4-7eccbf9628d1,C++,Jr/Sr Engineer Inertial Solutions,"Systemanalytikere/-arkitekter, dataingeniør, IT-ingeniør",TRONDHEIM,http://data.europa.eu/esco/skill/b633eb55-8f1f-4ae6-ab4c-2022ffe2cb7f,C++,exact
7b14260e-0b5a-44e5-afb4-7eccbf9628d1,Python,Jr/Sr Engineer Inertial Solutions,"Systemanalytikere/-arkitekter, dataingeniør, IT-ingeniør",TRONDHEIM,http://data.europa.eu/esco/skill/ccd0a1d9-afda-43d9-b901-96344886e14d,Python,exact
4b8306dd-74d8-40d9-9a9c-19dc2002ca3c,BIM,Vil du styre varierte byggeprosjekter i Hardanger?,"Prosjektleder bygg og anlegg, Prosjektleder bygg og anlegg, Sivilingeniører (bygg og anlegg)",ODDA,http://data.europa.eu/esco/skill/fae7e545-5114-43cc-8e83-178e2549ecb9,bim,exact
24e7aca6-1c66-4112-b7ac-7ff7301a1bbf,Elektronikk,Teknisk interessert?,"Andre ingeniører, Servicetekniker, Servicetekniker",SKUI,http://data.europa.eu/esco/skill/95c35c3a-035f-47c2-90cf-7e934d20fc08,elektronikk,exact
16b9e69f-d839-4052-8aa5-074909c414c9,Dataanalyse,Research assistants at MediaFutures,"Universitets- og høyskolelektorer/-lærere, Stipendiat, Universitets- og høyskolelektorer/-lærere",BERGEN,http://data.europa.eu/esco/skill/97bd1c21-66b2-4b7e-ad0f-e3cda590e378,dataanalyse,exact
1f1a9cea-c247-4c62-8eca-7762b63a92a6,Digitalisering,Applikasjonsforvalter,"Applikasjonsforvalter, Systemanalytikere/-arkitekter, Høyere saksbehandlere i offentlig og privat virksomhet, Seniorkonsulent øvrig offentlig administrasjon, Høyere saksbehandlere i offentlig og privat virksomhet",OSLO,http://data.europa.eu/esco/skill/aa0d8201-5a8e-417f-81f4-c04601139582,digitalisering,exact
1f1a9cea-c247-4c62-8eca-7762b63a92a6,IT,Applikasjonsforvalter,"Applikasjonsforvalter, Systemanalytikere/-arkitekter, Høyere saksbehandlere i offentlig og privat virksomhet, Seniorkonsulent øvrig offentlig administrasjon, Høyere saksbehandlere i offentlig og privat virksomhet",OSLO,http://data.europa.eu/esco/skill/ddc3119d-1d6e-4324-9125-a3380d299ac5,IT,exact
1fdfebf8-0d19-498f-9373-1e87ada13770,Active Directory,Er du interessert i sikker sertifikathåndtering og ønsker å jobbe med et unikt samfunnsoppdrag?,"Sikkerhetsingeniør, Sikkerhetsingeniør, Andre ingeniører",OSLO,http://data.europa.eu/esco/skill/d1e954cd-d290-4d80-97c0-7969960d2928,active directory,exact
1fdfebf8-0d19-498f-9373-1e87ada13770,IAM,Er du interessert i sikker sertifikathåndtering og ønsker å jobbe med et unikt samfunnsoppdrag?,"Sikkerhetsingeniør, Sikkerhetsingeniør, Andre ingeniører",OSLO,http://data.europa.eu/esco/skill/33efa504-2f26-424d-b662-cee77e6e9c93,IAM,exact
1fdfebf8-0d19-498f-9373-1e87ada13770,IT-sikkerhet,Er du interessert i sikker sertifikathåndtering og ønsker å jobbe med et unikt samfunnsoppdrag?,"Sikkerhetsingeniør, Sikkerhetsingeniør, Andre ingeniører",OSLO,http://data.europa.eu/esco/skill/8088750d-8388-4170-a76f-48354c469c44,IT-sikkerhet,exact
1fdfebf8-0d19-498f-9373-1e87ada13770,PowerShell,Er du interessert i sikker sertifikathåndtering og ønsker å jobbe med et unikt samfunnsoppdrag?,"Sikkerhetsingeniør, Sikkerhetsingeniør, Andre ingeniører",OSLO,http://data.europa.eu/esco/skill/21d2f96d-35f7-4e3f-9745-c533d2dd6e97,PowerShell,exact
2c7264b7-9766-4eb2-bb1a-a6f5fc00a05a,Digitalisering,Løsningsarkitekt,"IKT Løsningsarkitekt, IKT Løsningsarkitekt, Programvareutviklere",RYGGE,http://data.europa.eu/esco/skill/aa0d8201-5a8e-417f-81f4-c04601139582,digitalisering,exact
3e7c2018-df6d-45de-87c1-714d67477da8,Cybersikkerhet,Flerkildeanalytiker,"Menige, Etterretningsanalytiker i førstegangstjeneste, Høyere saksbehandlere i offentlig og privat virksomhet, Rådgiver (offentlig administrasjon), Høyere saksbehandlere i offentlig og privat virksomhet",FORNEBU,http://data.europa.eu/esco/skill/8088750d-8388-4170-a76f-48354c469c44,cybersikkerhet,exact
42d2a81e-d8e3-4a7b-95f3-585ddca0f999,Hjelpemidler,Ergoterapeut - 100 % vikariat,"Ergoterapeut, Ergoterapeut, Ergoterapeuter",MANDAL,http://data.europa.eu/esco/skill/8759c352-8b00-498f-985a-935f13e1b043,hjelpemidler,exact
4844f5e9-ae1a-46af-a17c-0aa1dc53635c,IAM,Er du interessert i digital identitet og ønsker å jobbe med et høyaktuelt og unikt samfunnsoppdrag?,"Høyere saksbehandlere i offentlig og privat virksomhet, Etterretnings- og sikkerhetsoffiser, etterretningsoffiser",OSLO,http://data.europa.eu/esco/skill/33efa504-2f26-424d-b662-cee77e6e9c93,IAM,exact
4844f5e9-ae1a-46af-a17c-0aa1dc53635c,IT-sikkerhet,Er du interessert i digital identitet og ønsker å jobbe med et høyaktuelt og unikt samfunnsoppdrag?,"Høyere saksbehandlere i offentlig og privat virksomhet, Etterretnings- og sikkerhetsoffiser, etterretningsoffiser",OSLO,http://data.europa.eu/esco/skill/8088750d-8388-4170-a76f-48354c469c44,IT-sikkerhet,exact
52491deb-0a81-4abd-b3f3-5a662c881b21,Digitalisering,IAM Utvikler,"Applikasjonsprogrammerere, Applikasjonsutvikler IAM - Identity & Access Management, Applikasjonsprogrammerere",OSLO,http://data.europa.eu/esco/skill/aa0d8201-5a8e-417f-81f4-c04601139582,digitalisering,exact
52491deb-0a81-4abd-b3f3-5a662c881b21,IAM,IAM Utvikler,"Applikasjonsprogrammerere, Applikasjonsutvikler IAM - Identity & Access Management, Applikasjonsprogrammerere",OSLO,http://data.europa.eu/esco/skill/33efa504-2f26-424d-b662-cee77e6e9c93,IAM,exact
52491deb-0a81-4abd-b3f3-5a662c881b21,IT-sikkerhet,IAM Utvikler,"Applikasjonsprogrammerere, Applikasjonsutvikler IAM - Identity & Access Management, Applikasjonsprogrammerere",OSLO,http://data.europa.eu/esco/skill/8088750d-8388-4170-a76f-48354c469c44,IT-sikkerhet,exact
6196df1f-f86c-4006-80ee-f50098bc9ed3,IT,Vi søker systemutviklere,"Systemutvikler, Systemutvikler, Systemanalytikere/-arkitekter",BRØNNØYSUND,http://data.europa.eu/esco/skill/ddc3119d-1d6e-4324-9125-a3380d299ac5,IT,exact
6196df1f-f86c-4006-80ee-f50098bc9ed3,Java,Vi søker systemutviklere,"Systemutvikler, Systemutvikler, Systemanalytikere/-arkitekter",BRØNNØYSUND,http://data.europa.eu/esco/skill/19a8293b-8e95-4de3-983f-77484079c389,Java,exact
664c8890-2c45-4241-8d2f-7e1f7833c8b7,GIS,Rådgiver plan/arealplanlegger ,"Arealplanlegger, Arealplanleggere, Høyere saksbehandlere i offentlig og privat virksomhet, Rådgiver (offentlig administrasjon), Høyere saksbehandlere i offentlig og privat virksomhet",JAREN,http://data.europa.eu/esco/skill/377861af-f966-4c87-a2db-7e99904312b9,gis,exact
701d9d19-f684-4f03-b26e-69e85ad1b074,Cybersikkerhet,Systemforvalter/rådgiver,"Systemadministrator, Systemadministrator, Systemadministratorer, Systemforvalter",BODØ,http://data.europa.eu/esco/skill/8088750d-8388-4170-a76f-48354c469c44,cybersikkerhet,exact
701d9d19-f684-4f03-b26e-69e85ad1b074,IT,Systemforvalter/rådgiver,"Systemadministrator, Systemadministrator, Systemadministratorer, Systemforvalter",BODØ,http://data.europa.eu/esco/skill/ddc3119d-1d6e-4324-9125-a3380d299ac5,IT,exact
701d9d19-f684-4f03-b26e-69e85ad1b074,Informasjonssikkerhet,Systemforvalter/rådgiver,"Systemadministrator, Systemadministrator, Systemadministratorer, Systemforvalter",BODØ,http://data.europa.eu/esco/skill/8088750d-8388-4170-a76f-48354c469c44,informasjonssikkerhet,exact
74c78d02-864d-438f-a1cf-14f8d3e9a9e3,Dataanalyse,Rådgiver/seniorrådgiver innen smittevernovervåking og helsedata ,"Helse- og miljørådgivere, Rådgiver folkehelse, Høyere saksbehandlere i offentlig og privat virksomhet, Helsefaglig rådgiver, helsefagarbeider",OSLO,http://data.europa.eu/esco/skill/97bd1c21-66b2-4b7e-ad0f-e3cda590e378,dataanalyse,exact
87b9372f-b9b5-4faa-9588-fd7a7e4f2b38,Digitalisering,"Management trainee - ledelse, teknologi og økonomi","Høyere saksbehandlere i offentlig og privat virksomhet, Rådgiver økonomi og samfunnsvitenskap, offentlig administrasjon, Rådgivere/forskere, samfunnsvitenskap, Statsviter, Høyere saksbehandlere i offentlig og privat virksomhet, Rådgiver teknisk, naturvitenskap, offentlig administrasjon, Andre ingeniører, Teknisk rådgiver, Andre ingeniører",SANDVIKA,http://data.europa.eu/esco/skill/aa0d8201-5a8e-417f-81f4-c04601139582,digitalisering,exact
91717efe-6fb9-48c6-af09-c7de89555d50,Digital sikkerhet,Sikkerhetsarkitekt – bygg trygg sky sammen med oss,"IKT Sikkerhetsarkitekt, IKT Sikkerhetsarkitekt, Sikkerhetsanalytikere mv.",DRAMMEN,http://data.europa.eu/esco/skill/8088750d-8388-4170-a76f-48354c469c44,digital sikkerhet,exact
91717efe-6fb9-48c6-af09-c7de89555d50,IT,Sikkerhetsarkitekt – bygg trygg sky sammen med oss,"IKT Sikkerhetsarkitekt, IKT Sikkerhetsarkitekt, Sikkerhetsanalytikere mv.",DRAMMEN,http://data.europa.eu/esco/skill/ddc3119d-1d6e-4324-9125-a3380d299ac5,IT,exact
91717efe-6fb9-48c6-af09-c7de89555d50,IT-sikkerhet,Sikkerhetsarkitekt – bygg trygg sky sammen med oss,"IKT Sikkerhetsarkitekt, IKT Sikkerhetsarkitekt, Sikkerhetsanalytikere mv.",DRAMMEN,http://data.europa.eu/esco/skill/8088750d-8388-4170-a76f-48354c469c44,IT-sikkerhet,exact
91717efe-6fb9-48c6-af09-c7de89555d50,Informasjonssikkerhet,Sikkerhetsarkitekt – bygg trygg sky sammen med oss,"IKT Sikkerhetsarkitekt, IKT Sikkerhetsarkitekt, Sikkerhetsanalytikere mv.",DRAMMEN,http://data.europa.eu/esco/skill/8088750d-8388-4170-a76f-48354c469c44,informasjonssikkerhet,exact
92d12a03-bfca-4bfa-a22d-ce798d582065,Helseinformatikk,Er du opptatt av pasientsikkerhet og fremtidens e-helseløsninger?,"Webmaster, Internett-teknikere, Systemanalytikere/-arkitekter, Helseinformatiker, Systemanalytikere/-arkitekter",TRONDHEIM,http://data.europa.eu/esco/skill/fb82ae25-b59f-43fd-aacf-a8308afbe85e,helseinformatikk,exact
92d12a03-bfca-4bfa-a22d-ce798d582065,IT,Er du opptatt av pasientsikkerhet og fremtidens e-helseløsninger?,"Webmaster, Internett-teknikere, Systemanalytikere/-arkitekter, Helseinformatiker, Systemanalytikere/-arkitekter",TRONDHEIM,http://data.europa.eu/esco/skill/ddc3119d-1d6e-4324-9125-a3380d299ac5,IT,exact
a2cdd151-bffe-4104-a558-bd7bfd7bfefb,GIS,Geodataingeniør/-rådgiver,"Geodataingeniør, Sivilingeniører (geofag, petroleums-teknologi, metallurgi mv.), Landmålere, kartografer mv., Geodataanalytiker, Geologer og geofysikere, Geodataforvalter, GIS-spesialist, Landmålere, kartografer mv., GIS-konsulent",KIRKENES,http://data.europa.eu/esco/skill/377861af-f966-4c87-a2db-7e99904312b9,gis,exact
a2cdd151-bffe-4104-a558-bd7bfd7bfefb,Geografiske informasjonssystemer,Geodataingeniør/-rådgiver,"Geodataingeniør, Sivilingeniører (geofag, petroleums-teknologi, metallurgi mv.), Landmålere, kartografer mv., Geodataanalytiker, Geologer og geofysikere, Geodataforvalter, GIS-spesialist, Landmålere, kartografer mv., GIS-konsulent",KIRKENES,http://data.europa.eu/esco/skill/377861af-f966-4c87-a2db-7e99904312b9,geografiske informasjonssystemer,exact
aa8509bf-f7aa-496d-862e-0052a06f4100,Cisco,Vil du jobbe med nettverksdrift med et kritisk samfunnsoppdrag?,"IT-konsulent, IT-konsulent, Systemanalytikere/-arkitekter",TRONDHEIM,http://data.europa.eu/esco/skill/709ef32a-7435-48e2-8fa2-16e389ecab8a,Cisco,exact
aa8509bf-f7aa-496d-862e-0052a06f4100,IT,Vil du jobbe med nettverksdrift med et kritisk samfunnsoppdrag?,"IT-konsulent, IT-konsulent, Systemanalytikere/-arkitekter",TRONDHEIM,http://data.europa.eu/esco/skill/ddc3119d-1d6e-4324-9125-a3380d299ac5,IT,exact
aecb649b-e1e9-43bb-a33d-5aae4e2f12da,IT,Product Lead - SeaQ Communications ,"Salgs/ kommunikasjon- og markedssjefer, Salgs/ kommunikasjon- og markedssjefer, Salgs- og markedssjefer",TENNFJORD,http://data.europa.eu/esco/skill/ddc3119d-1d6e-4324-9125-a3380d299ac5,IT,exact
b847d258-58f6-4c40-9468-ab6f349d6859,Digitalisering,Vil du være pådriver til å utvikle fremtidsrettede og sikre samhandlingsløsninger?,"Ledere av IKT-enheter, IT-leder, Ledere av IKT-enheter",TRONDHEIM,http://data.europa.eu/esco/skill/aa0d8201-5a8e-417f-81f4-c04601139582,digitalisering,exact
b847d258-58f6-4c40-9468-ab6f349d6859,Informasjonssikkerhet,Vil du være pådriver til å utvikle fremtidsrettede og sikre samhandlingsløsninger?,"Ledere av IKT-enheter, IT-leder, Ledere av IKT-enheter",TRONDHEIM,http://data.europa.eu/esco/skill/8088750d-8388-4170-a76f-48354c469c44,informasjonssikkerhet,exact
be46c3a3-51cd-4bab-b854-4a961a976670,Elektronikk,Åpen søknad: Telemontør,"Tele- og IKT-installatører, Telemontør, ansvarlig for kommunikasjonsinfrastruktur",EIDSVÅG I ÅSANE,http://data.europa.eu/esco/skill/95c35c3a-035f-47c2-90cf-7e934d20fc08,elektronikk,exact
c4e8903d-2ce8-4d15-8463-edee473fe49e,IT,IKT rådgiver,"IT-konsulent, IT-konsulent, Systemanalytikere/-arkitekter, Rådgiver IKT",RYGGE,http://data.europa.eu/esco/skill/ddc3119d-1d6e-4324-9125-a3380d299ac5,IT,exact
c5b302d9-93a2-40e9-8306-1dd7fe2b0682,Digitalisering,"Blue Ctrl søker Area Sales Manager
","Distriktsansvarlig selger, Distriktsansvarlig selger, Selgere (engros)",ÅLESUND,http://data.europa.eu/esco/skill/aa0d8201-5a8e-417f-81f4-c04601139582,digitalisering,exact
df6ce740-e5e8-49f1-8b6e-539bf0356f37,Digitalisering,Seniorrådgiver effekt- og gevinststyring,"Senior dokumentasjonsforvalter, Kontormedarbeidere, Finansanalytikere, Analytiker (finans), finansanalytiker",OSLO,http://data.europa.eu/esco/skill/aa0d8201-5a8e-417f-81f4-c04601139582,digitalisering,exact
f9f94215-827a-47ea-a0b3-e1b98c421263,GIS,Vil du jobbe med innhenting av geografiske data for etterretningsbruk fra både åpne og skjermede kilder?,"Sivilingeniører (elektronikk), Dataingeniør, Dataingeniør",OSLO,http://data.europa.eu/esco/skill/377861af-f966-4c87-a2db-7e99904312b9,gis,exact
f9f94215-827a-47ea-a0b3-e1b98c421263,Python,Vil du jobbe med innhenting av geografiske data for etterretningsbruk fra både åpne og skjermede kilder?,"Sivilingeniører (elektronikk), Dataingeniør, Dataingeniør",OSLO,http://data.europa.eu/esco/skill/ccd0a1d9-afda-43d9-b901-96344886e14d,Python,exact
5d124852-8ad0-4d58-8180-43dd6f937f53,Digitalisering,"Prosjektmedarbeider – kommunikasjon, arrangementer og prosjektadministrasjon","Prosjektmedarbeider PMO, Prosjektmedarbeider PMO, Andre administrative ledere",GRIMSTAD,http://data.europa.eu/esco/skill/aa0d8201-5a8e-417f-81f4-c04601139582,digitalisering,exact
4fa731d7-5c6a-4291-a4df-c7a1ecb6f72a,Robotikk,"Utvikler til nasjonalt AI senter: AI, AI-agenter og digitale plattformer","Utvikler av intelligente IKT-systemer, Utvikler av intelligente IKT-systemer, Systemanalytikere/-arkitekter",GRIMSTAD,http://data.europa.eu/esco/skill/e87ec79a-c9ff-46f5-84fa-7a0f394cdf40,robotikk,exact
49e369b3-9f92-4c0b-a636-73b333beae99,Elektronikk,"SENIOR PROJECT ENGINEER – Elektromekanikk, avionikk & test","Automatikere, Elektromekaniker, Automatikere, Avioniker, Programvareutviklere, Kybernetiker, Maskiningeniører, Produksjonstekniker, tekniker, produksjonsorganisering",KONGSBERG,http://data.europa.eu/esco/skill/95c35c3a-035f-47c2-90cf-7e934d20fc08,elektronikk,exact
64c7e2bd-cc38-48f9-a9c8-b7b8b2dabcc4,IT,Avregningskonsulent i SKS Handel,"Systemanalytikere/-arkitekter, IT-konsulent, Andre sivilingeniører (unntatt elektroteknologi);, Energianalytiker, Rådgivere/forskere, samfunnsøkonomi, Økonom, økonom",FAUSKE,http://data.europa.eu/esco/skill/ddc3119d-1d6e-4324-9125-a3380d299ac5,IT,exact
64c7e2bd-cc38-48f9-a9c8-b7b8b2dabcc4,Python,Avregningskonsulent i SKS Handel,"Systemanalytikere/-arkitekter, IT-konsulent, Andre sivilingeniører (unntatt elektroteknologi);, Energianalytiker, Rådgivere/forskere, samfunnsøkonomi, Økonom, økonom",FAUSKE,http://data.europa.eu/esco/skill/ccd0a1d9-afda-43d9-b901-96344886e14d,Python,exact
c6f8491b-b237-429e-b1b8-fb4a89664350,BIM,Vil du jobbe med konstruksjonsteknikk i en av Rambølls mest tverrfaglige og samfunnsbyggende avdelinger?,"Bygningsingeniører, Byggingeniør, Byggingeniør",TRONDHEIM,http://data.europa.eu/esco/skill/fae7e545-5114-43cc-8e83-178e2549ecb9,bim,exact
afbc3430-725c-4733-97aa-dce5def5c609,PDM,Vil du ta eierskap til Configuration Management hos Nammo Raufoss?,"Systemadministratorer, Configuration Engineer SAP, Configuration Engineer SAP",RAUFOSS,http://data.europa.eu/esco/skill/7d913551-e17a-40ba-baf7-48d0c3b12e50,PdM,exact
a9b322e7-c779-41b7-bdfb-be2c6fe0c9f4,DevOps,Vi søker en DevOps-ingeniør,"Programvareutviklere, DevOps-ingeniør, DevOps-ingeniør",TRONDHEIM,http://data.europa.eu/esco/skill/f0de4973-0a70-4644-8fd4-3a97080476f4,DevOps,exact
a9b322e7-c779-41b7-bdfb-be2c6fe0c9f4,IT,Vi søker en DevOps-ingeniør,"Programvareutviklere, DevOps-ingeniør, DevOps-ingeniør",TRONDHEIM,http://data.europa.eu/esco/skill/ddc3119d-1d6e-4324-9125-a3380d299ac5,IT,exact
970dc1b2-1407-422e-b0be-160da668d10c,Unity,Litt lei etter å ha laget din femte adminportal? Bli fullstack-utvikler i Mediafarm,"Programvareutviklere, Full-stack-utvikler, Full-stack-utvikler",STAVANGER,http://data.europa.eu/esco/skill/d1a86399-24d8-415f-98b9-e8cbb6b04a26,Unity,exact
18323baf-6aa4-4d78-9eea-b2a01e338b83,IT,Teknisk rådgiver,"Teknisk rådgiver, Teknisk rådgiver, Andre ingeniører",TRONDHEIM,http://data.europa.eu/esco/skill/ddc3119d-1d6e-4324-9125-a3380d299ac5,IT,exact
d73c422c-83d8-45fa-8d54-cf90e44a4399,C#,Vi søker senior fullstackutviklere,"Programvareutviklere, Fullstackutvikler, programvareutvikler",KONGSBERG,http://data.europa.eu/esco/skill/4c016b68-4116-468c-9dc6-42710c239e4a,C#,exact
d73c422c-83d8-45fa-8d54-cf90e44a4399,DevOps,Vi søker senior fullstackutviklere,"Programvareutviklere, Fullstackutvikler, programvareutvikler",KONGSBERG,http://data.europa.eu/esco/skill/f0de4973-0a70-4644-8fd4-3a97080476f4,DevOps,exact
d73c422c-83d8-45fa-8d54-cf90e44a4399,Java,Vi søker senior fullstackutviklere,"Programvareutviklere, Fullstackutvikler, programvareutvikler",KONGSBERG,http://data.europa.eu/esco/skill/19a8293b-8e95-4de3-983f-77484079c389,Java,exact
cc47c05f-9bec-4fae-b382-70838bf29b27,Elektronikk,Avdelingsleder salg,"Butikkavdelingssjefer, Avdelingsleder butikk, avdelingsleder, butikk",RÅDAL,http://data.europa.eu/esco/skill/95c35c3a-035f-47c2-90cf-7e934d20fc08,elektronikk,exact
7e1f37d7-8872-4815-97c5-bce5161fe722,GIS,Vil du bidra til å sikre Norges mest verdifulle natur?,"Andre sivilingeniører (unntatt elektroteknologi);, Seniorrådgiver andre sivilingeniører, Høyere saksbehandlere i offentlig og privat virksomhet, Konsulent (teknisk, naturvitenskap, offentlig administrasjon), Høyere saksbehandlere i offentlig og privat virksomhet",TRONDHEIM,http://data.europa.eu/esco/skill/377861af-f966-4c87-a2db-7e99904312b9,gis,exact
bc042610-9cb4-4e7a-aecd-58cff8c80328,Systemdesign,Vil du forme hvordan hjernen i fremtidens missilsystemer fungerer? Les videre!,"Systemanalytikere/-arkitekter, Systemingeniør, IKT-systemarkitekt",KONGSBERG,http://data.europa.eu/esco/skill/fae27053-8924-4bfd-b565-c9fe502044c9,systemdesign,exact
fb759879-7f8c-4f0a-8772-c8b415cc7458,Digitalisering,Vil du jobbe på spennende digitaliseringsprosjekter hos ledende virksomheter?,"Friluftsfaglig rådgiver/ prosjektleder, Friluftsfaglig rådgiver/ prosjektleder, Sports- og aktivitetsinstruktører",OSLO,http://data.europa.eu/esco/skill/aa0d8201-5a8e-417f-81f4-c04601139582,digitalisering,exact
737a759b-87ef-4278-8530-4b73f7605f74,Digitalisering,HRIS Manager - Join us in shaping the future of People Tech at Strawberry,"Personalkonsulent, Personalkonsulent, Personal- og karriererådgivere",OSLO,http://data.europa.eu/esco/skill/aa0d8201-5a8e-417f-81f4-c04601139582,digitalisering,exact
de9ecca2-3e23-4dbc-9202-45a244f66894,DevOps,Are you curious and would like to explore the latest technology in cloud?,"Senior Software Ingeniør, Senior Software Ingeniør, Programvareutviklere",OSLO,http://data.europa.eu/esco/skill/f0de4973-0a70-4644-8fd4-3a97080476f4,DevOps,exact
de9ecca2-3e23-4dbc-9202-45a244f66894,IT,Are you curious and would like to explore the latest technology in cloud?,"Senior Software Ingeniør, Senior Software Ingeniør, Programvareutviklere",OSLO,http://data.europa.eu/esco/skill/ddc3119d-1d6e-4324-9125-a3380d299ac5,IT,exact
68f70115-e7a4-4c82-b101-7be90562fdd5,GPS,Vil du eie GPS-porteføljen i noen av Norges mest avanserte produkter?,"Andre sivilingeniører (unntatt elektroteknologi);, Prosjektingeniør, Andre sivilingeniører (unntatt elektroteknologi);, Senior Prosjektingeniør Energi og prosess, energiingeniør",KONGSBERG,http://data.europa.eu/esco/skill/377861af-f966-4c87-a2db-7e99904312b9,GPS,exact
68f70115-e7a4-4c82-b101-7be90562fdd5,Systemtenkning,Vil du eie GPS-porteføljen i noen av Norges mest avanserte produkter?,"Andre sivilingeniører (unntatt elektroteknologi);, Prosjektingeniør, Andre sivilingeniører (unntatt elektroteknologi);, Senior Prosjektingeniør Energi og prosess, energiingeniør",KONGSBERG,http://data.europa.eu/esco/skill/0f9958d2-f700-4f62-b90b-a5873cb5ae4c,systemtenkning,exact
3260d09e-5e98-4d05-bfd3-341d652fc206,SaaS,Vil du bygge Procores vekst i Norden?,"Selgere (engros);, Selger B2B, salgsrepresentant",STAVANGER,http://data.europa.eu/esco/skill/83218cac-3599-417e-93d2-26013cdccd98,SaaS,exact
f0d85506-90ca-4085-a9c6-7e6121eb1c50,Dataanalyse,Vil du lede et sterkt analysemiljø tett på bedriftsmarkedet?,"Finansanalytikere, Bankanalytiker siviløkonom, Finansanalytikere",STAVANGER,http://data.europa.eu/esco/skill/97bd1c21-66b2-4b7e-ad0f-e3cda590e378,dataanalyse,exact
8cb1bc93-4a90-490c-88d0-bbf711cf9f7a,DevOps,Vil du være med å drifte og utvikle kritiske IT- løsninger i Norsk helsevesen?,"IT-systemingeniør, IT-systemingeniør, Systemanalytikere/-arkitekter",TROMSØ,http://data.europa.eu/esco/skill/f0de4973-0a70-4644-8fd4-3a97080476f4,DevOps,exact
8cb1bc93-4a90-490c-88d0-bbf711cf9f7a,IT,Vil du være med å drifte og utvikle kritiske IT- løsninger i Norsk helsevesen?,"IT-systemingeniør, IT-systemingeniør, Systemanalytikere/-arkitekter",TROMSØ,http://data.europa.eu/esco/skill/ddc3119d-1d6e-4324-9125-a3380d299ac5,IT,exact
8cb1bc93-4a90-490c-88d0-bbf711cf9f7a,digitalisering,Vil du være med å drifte og utvikle kritiske IT- løsninger i Norsk helsevesen?,"IT-systemingeniør, IT-systemingeniør, Systemanalytikere/-arkitekter",TROMSØ,http://data.europa.eu/esco/skill/aa0d8201-5a8e-417f-81f4-c04601139582,digitalisering,exact
dab98ca8-6c08-46b8-a662-53d54dae6715,IT,Fløyen søker leder for økonomi og virksomhetsstyring,"Finans- og økonomisjef, Finans- og økonomisjef, Finans- og økonomisjefer, Finans- og økonomisjefer, Økonomisjef (CFO)",BERGEN,http://data.europa.eu/esco/skill/ddc3119d-1d6e-4324-9125-a3380d299ac5,IT,exact
09427df1-f459-4333-853b-97a080e60394,SAP,Ta eierskap til SAP i Nordens ledende e-handelsaktør innen friluftsliv!,"Produktsjef, Produktsjef, Salgs- og markedssjefer",SANDEFJORD,http://data.europa.eu/esco/skill/f8e3425c-fe44-4ffb-bafe-0e20d91dadf4,SAP,exact
d55631aa-86ca-4009-b7f8-9e307542d679,Java,"Vi søker utviklere, arkitekter og tech leads til vårt Vestfold-kontor","Software arkitekt, Programvareutviklere, Programvareutviklere, Programvareutvikler, programvareutvikler",SANDEFJORD,http://data.europa.eu/esco/skill/19a8293b-8e95-4de3-983f-77484079c389,Java,exact
d55631aa-86ca-4009-b7f8-9e307542d679,Maskinlæring,"Vi søker utviklere, arkitekter og tech leads til vårt Vestfold-kontor","Software arkitekt, Programvareutviklere, Programvareutviklere, Programvareutvikler, programvareutvikler",SANDEFJORD,http://data.europa.eu/esco/skill/3a2d5b45-56e4-4f5a-a55a-4a4a65afdc43,maskinlæring,exact
d55631aa-86ca-4009-b7f8-9e307542d679,Python,"Vi søker utviklere, arkitekter og tech leads til vårt Vestfold-kontor","Software arkitekt, Programvareutviklere, Programvareutviklere, Programvareutvikler, programvareutvikler",SANDEFJORD,http://data.europa.eu/esco/skill/ccd0a1d9-afda-43d9-b901-96344886e14d,Python,exact
9c5a33f7-df58-421b-b3c6-20fa0b222eff,Digitalisering,Vil du være med å bygge fremtidens organisasjon for betaling og inntektssikring i Lyse?,"Avdelingsleder, Avdelingsleder, Andre ledere av produksjon og tjenesteyting",STAVANGER,http://data.europa.eu/esco/skill/aa0d8201-5a8e-417f-81f4-c04601139582,digitalisering,exact
a865f162-a3f3-48ef-95b3-53253150c070,Dataanalyse,Vil du være med å forme fremtidens modellrisikostyring i en av Norges største sparebanker?,"Finansanalytikere, Analytiker (finans), finansanalytiker",STAVANGER,http://data.europa.eu/esco/skill/97bd1c21-66b2-4b7e-ad0f-e3cda590e378,dataanalyse,exact
a865f162-a3f3-48ef-95b3-53253150c070,Kvantitativ analyse,Vil du være med å forme fremtidens modellrisikostyring i en av Norges største sparebanker?,"Finansanalytikere, Analytiker (finans), finansanalytiker",STAVANGER,http://data.europa.eu/esco/skill/6360a934-cc87-4954-9656-b32db20592e3,kvantitativ analyse,exact
a865f162-a3f3-48ef-95b3-53253150c070,Python,Vil du være med å forme fremtidens modellrisikostyring i en av Norges største sparebanker?,"Finansanalytikere, Analytiker (finans), finansanalytiker",STAVANGER,http://data.europa.eu/esco/skill/ccd0a1d9-afda-43d9-b901-96344886e14d,Python,exact
cfd8103a-5fde-4a7e-9f43-3e6273125440,Elektronikk,Vil du være teknisk ansvarlig i våre utviklingsprosjekter innen rakettmotorteknologi?,"Systemanalytikere/-arkitekter, Systemingeniør - Stridshode, utvikler av IKT-intelligenssystemer",RAUFOSS,http://data.europa.eu/esco/skill/95c35c3a-035f-47c2-90cf-7e934d20fc08,elektronikk,exact
1f6fabb7-5df4-4a57-b069-85e91b37ec44,Maskinlæring,PhD Research Fellowship in Safety and Security Evaluation of Deployed AI Systems,"Universitets- og høyskolelektorer/-lærere, Postdoktor, Universitets- og høyskolelektorer/-lærere",OSLO,http://data.europa.eu/esco/skill/3a2d5b45-56e4-4f5a-a55a-4a4a65afdc43,maskinlæring,exact
247cb603-adb6-451f-886f-9cb350050dbd,UX,Vi søker en erfaren og engasjert innholdsdesigner til Skade-triben!,"Reklame- og markedsføringsrådgivere, Digital innholdsprodusent, markedsføringsspesialist",OSLO,http://data.europa.eu/esco/skill/07dd856d-6141-48a7-a228-918f88494812,UX,exact
0d31502a-6185-4bac-9597-036f0857fc68,DevOps,Cloud Architect,"Sky-arkitekt, Programvareutviklere",LYSAKER,http://data.europa.eu/esco/skill/f0de4973-0a70-4644-8fd4-3a97080476f4,DevOps,exact
0d31502a-6185-4bac-9597-036f0857fc68,IT,Cloud Architect,"Sky-arkitekt, Programvareutviklere",LYSAKER,http://data.europa.eu/esco/skill/ddc3119d-1d6e-4324-9125-a3380d299ac5,IT,exact
28f1c3fa-ce3f-402c-9d4b-0f2633505914,SAP,Vil du bidra til å sikre Forsvarets operative evne?,"Innkjøper, Innkjøper, Innkjøpere",RENA,http://data.europa.eu/esco/skill/f8e3425c-fe44-4ffb-bafe-0e20d91dadf4,SAP,exact
54441a4d-22ea-40f4-a509-fff6fb6bf1d8,SaaS,Områdearkitekt for stabsområdet,"Systemanalytikere/-arkitekter, IT arkitekt, forsker innen datavitenskap",OSLO,http://data.europa.eu/esco/skill/83218cac-3599-417e-93d2-26013cdccd98,SaaS,exact
6e913a43-863d-4b6c-ade1-c223fa341f8e,Tekniske tegninger,Stålmontør/sveiser søkes,"Stålmontør, Stålmontør, Platearbeidere",TRONDHEIM,http://data.europa.eu/esco/skill/59ea80e1-463a-4dba-82c6-d0b6d577d532,tekniske tegninger,exact
2b900c99-e14b-4d02-92b1-81a371127c90,IT-sikkerhet,Security \& Compliance Consultant,"Sikkerhetsanalytikere mv., Andre juridiske yrker, juridisk konsulent, IT-sikkerhetsrådgiver, IT Compliance Officer",OSLO,http://data.europa.eu/esco/skill/8088750d-8388-4170-a76f-48354c469c44,IT-sikkerhet,exact
4056fc7c-8b18-41b7-92d6-1cdd19e26a5a,Active Directory,ASKO OSLOFJORD søker en IT-koordinator til Norges råeste automasjonslager!,"Systemadministratorer, IKT-kapasitetsplanlegger, IT-koordinator",SANDE I VESTFOLD,http://data.europa.eu/esco/skill/d1e954cd-d290-4d80-97c0-7969960d2928,active directory,exact
4056fc7c-8b18-41b7-92d6-1cdd19e26a5a,IT-sikkerhet,ASKO OSLOFJORD søker en IT-koordinator til Norges råeste automasjonslager!,"Systemadministratorer, IKT-kapasitetsplanlegger, IT-koordinator",SANDE I VESTFOLD,http://data.europa.eu/esco/skill/8088750d-8388-4170-a76f-48354c469c44,IT-sikkerhet,exact
bf021744-3ce6-4172-813d-3fc5809ad838,Typescript,Join DNB as a Tech Lead and set the standard for Engineering Excellence!,"Ledere av forsikring og finansvirksomhet, Systemanalytikere/-arkitekter, IKT-systemarkitekt, Avdelingsleder i bank, Software arkitekt/senior utvikler",OSLO,http://data.europa.eu/esco/skill/867137fb-ff1b-4ca3-99f3-cb6969aa2c68,TypeScript,exact
21dcf934-3077-4014-8ac2-ae153bf92ab4,IT,AI Engineer \& AI Solution Consultant,"Systemanalytikere/-arkitekter, Prosjektkonsulent, Prosjektkonsulent",OSLO,http://data.europa.eu/esco/skill/ddc3119d-1d6e-4324-9125-a3380d299ac5,IT,exact
5ee55d39-d742-476b-9bad-add7c28ba102,BIM,Er du en engasjert og nytenkende BIM-koordinator som ønsker å jobbe i et tverrfaglig miljø?,"Sivilingeniører (bygg og anlegg), BIM koordinator, BIM koordinator",STAVANGER,http://data.europa.eu/esco/skill/fae7e545-5114-43cc-8e83-178e2549ecb9,bim,exact
88fc3a80-cef4-4b8b-aef4-00df1e6ca8b1,IT,Power Platform-utvikler,"Brukerstøttere, IKT, Programvareutviklere, programvareutvikler, PC Power User SIZ, Client Platform Delivery Engineer",OSLO,http://data.europa.eu/esco/skill/ddc3119d-1d6e-4324-9125-a3380d299ac5,IT,exact
a3cc5c1f-3370-40cb-b80d-322432307984,Hjelpemidler,Ergoterapeut,"Ergoterapeuter, Ergoterapeut, Ergoterapeut",HAGAN,http://data.europa.eu/esco/skill/8759c352-8b00-498f-985a-935f13e1b043,hjelpemidler,exact
4ab5caf1-bc78-4052-aa0f-06ff426984cf,IT,Shape the Future of Customer Experience as a Senior Engineer in Our Contact Centre Team!,"Programvareutviklere, Programmerer, Programmerer",OSLO,http://data.europa.eu/esco/skill/ddc3119d-1d6e-4324-9125-a3380d299ac5,IT,exact
6a66a150-24f0-4773-924f-c47c88342597,Elektronikk,Dyktig og engasjert automatiker søkes til Øveraasen,"Automatiker, Automatikere, Elektrikere, Industrielektriker, Automatikkmekaniker, automasjonsingeniør",GJØVIK,http://data.europa.eu/esco/skill/95c35c3a-035f-47c2-90cf-7e934d20fc08,elektronikk,exact
00ae12c1-9c73-4887-ae60-67ce31dbb88e,Adobe Illustrator,Teknisk Forfatter,"Teknisk forfatter, Teknisk forfatter, Forfattere mv.",ASKER,http://data.europa.eu/esco/skill/27b913f0-3c52-448b-ad27-fc6ef08fb326,Adobe Illustrator,exact
0c0b47f6-a46c-4fa4-8d6a-918bd95108e0,Adobe Creative Cloud,Brand Manager / Senior Grafisk designer,"Senior Brand Manager, Reklame- og markedsføringsrådgivere, Grafiske- og multimediadesignere, Senior grafisk designer, grafisk designer",TROLLÅSEN,http://data.europa.eu/esco/skill/719d8699-a221-4b5a-8fc3-68a8645cbe03,Adobe Creative Cloud,exact
0f3734a7-2a5e-4247-86a4-ac26458eda3b,Data science,Postdoctoral Research Fellow in Statistics and Data Science,"Universitets- og høyskolelektorer/-lærere, Postdoktor, Universitets- og høyskolelektorer/-lærere",OSLO,http://data.europa.eu/esco/skill/edebd83d-35f6-4ed5-a940-6c203d178c01,data science,exact
0f3734a7-2a5e-4247-86a4-ac26458eda3b,Maskinlæring,Postdoctoral Research Fellow in Statistics and Data Science,"Universitets- og høyskolelektorer/-lærere, Postdoktor, Universitets- og høyskolelektorer/-lærere",OSLO,http://data.europa.eu/esco/skill/3a2d5b45-56e4-4f5a-a55a-4a4a65afdc43,maskinlæring,exact
0f3734a7-2a5e-4247-86a4-ac26458eda3b,Python,Postdoctoral Research Fellow in Statistics and Data Science,"Universitets- og høyskolelektorer/-lærere, Postdoktor, Universitets- og høyskolelektorer/-lærere",OSLO,http://data.europa.eu/esco/skill/ccd0a1d9-afda-43d9-b901-96344886e14d,Python,exact
19e46bfd-cdf3-4555-9956-99ebcc05c62d,Systemdesign,Vil du forme hvordan hjernen i fremtidens missilsystemer fungerer? Les videre!,"Andre sivilingeniører (unntatt elektroteknologi);, Senior Prosjektingeniør Energi og prosess, energiingeniør",KONGSBERG,http://data.europa.eu/esco/skill/fae27053-8924-4bfd-b565-c9fe502044c9,systemdesign,exact
1beb07ba-40df-4088-af62-394eff4b0ecd,IT,Vil du videreutvikle IT-løsninger innen laboratorie- og smittevern?,"Applikasjonsprogrammerere, Applikasjonsarkitekt, IKT-programutvikler",TRONDHEIM,http://data.europa.eu/esco/skill/ddc3119d-1d6e-4324-9125-a3380d299ac5,IT,exact
1d79d5b7-ab9e-451a-aeb9-5c48bb7d467f,Hjelpemidler,Ergoterapeut,"Ergoterapeuter, Ergoterapeut, Ergoterapeut",HØNEFOSS,http://data.europa.eu/esco/skill/8759c352-8b00-498f-985a-935f13e1b043,hjelpemidler,exact
33ffeec2-6afc-43fd-950e-90b3d100433f,Digitalisering,Ledig stilling som fagansvarlig for dokumentasjonsforvaltning/ dokumentasjonsforvalter,"Arkivarer og kuratorer, Dokumentforvalter, Arbeidsledere for kontorpersonell, Arkivsjef, arkivar",BERGEN,http://data.europa.eu/esco/skill/aa0d8201-5a8e-417f-81f4-c04601139582,digitalisering,exact
3b96b750-845e-4b43-8783-78fa0ad210d7,Business Intelligence,Er du en dyktig BI-utvikler som ønsker å bli en del av vårt dynamiske og energiske miljø?,"Business Intelligence Utvikler, Business Intelligence Utvikler, Systemanalytikere/-arkitekter",TRONDHEIM,http://data.europa.eu/esco/skill/143769cb-b61e-47d8-a61e-eedfbec1016c,business intelligence,exact
3b96b750-845e-4b43-8783-78fa0ad210d7,Datavarehus,Er du en dyktig BI-utvikler som ønsker å bli en del av vårt dynamiske og energiske miljø?,"Business Intelligence Utvikler, Business Intelligence Utvikler, Systemanalytikere/-arkitekter",TRONDHEIM,http://data.europa.eu/esco/skill/3ec2e4d6-7000-4905-bf1a-c5b1679416de,datavarehus,exact
3b96b750-845e-4b43-8783-78fa0ad210d7,IT,Er du en dyktig BI-utvikler som ønsker å bli en del av vårt dynamiske og energiske miljø?,"Business Intelligence Utvikler, Business Intelligence Utvikler, Systemanalytikere/-arkitekter",TRONDHEIM,http://data.europa.eu/esco/skill/ddc3119d-1d6e-4324-9125-a3380d299ac5,IT,exact
41e619d1-35dc-4867-a578-b313cd91d555,Robotikk,"Vi søker medarbeidere med sterk interesse for design, bygging og feilsøking","Andre sivilingeniører (unntatt elektroteknologi);, Prosjektingeniør, Andre sivilingeniører (unntatt elektroteknologi);, Senior Prosjektingeniør Energi og prosess, energiingeniør",KONGSBERG,http://data.europa.eu/esco/skill/e87ec79a-c9ff-46f5-84fa-7a0f394cdf40,robotikk,exact
4980a17d-62e8-4783-a3f7-9834a876a4e4,hjelpemidler,Sporty syklist ønskes som BPA på Hinna.,"Brukerstyrt personlig assistent (BPA), Brukerstyrt personlig assistent (BPA), Hjemmehjelper",STAVANGER,http://data.europa.eu/esco/skill/8759c352-8b00-498f-985a-935f13e1b043,hjelpemidler,exact
4fd1f878-c00f-41b1-9f2b-36eace63e1e1,Hjelpemidler,Ergoterapeut 50% fast stilling. ,"Ergoterapeut, Ergoterapeut, Ergoterapeuter",TYDAL,http://data.europa.eu/esco/skill/8759c352-8b00-498f-985a-935f13e1b043,hjelpemidler,exact
5dbdaf4c-926a-4f89-9fac-8e544bb7bf4a,Digitalisering,Rana Gruber søker Financial Controller,"Regnskapscontroller, Regnskapscontroller, Revisorer og regnskapsrådgivere",MO I RANA,http://data.europa.eu/esco/skill/aa0d8201-5a8e-417f-81f4-c04601139582,digitalisering,exact
621d71f8-7a06-49e6-9c0f-4d406db30e55,IT,Ønsker du en meningsfylt arbeidshverdag og vil være med på veksten i KONGSBERG?,"Andre ingeniører, Technical Team Manager, Programvareutviklere, Senior Software Ingeniør, Programvareutviklere",KONGSBERG,http://data.europa.eu/esco/skill/ddc3119d-1d6e-4324-9125-a3380d299ac5,IT,exact
6302f506-8640-4987-a9f9-f3ca21a9f794,LMS,Læringsdesigner (rådgiver/seniorrådgiver),"Programvareutviklere, Læringsdesigner",OSLO,http://data.europa.eu/esco/skill/6c80d53c-d8c9-41fe-998f-091fca208834,LMS,exact
710cae29-30da-404d-a939-0c7553d2c381,Elektronikk,Hardware Security Engineer,"Andre sivilingeniører (unntatt elektroteknologi);, Prosjektingeniør, Andre sivilingeniører (unntatt elektroteknologi)",KONGSBERG,http://data.europa.eu/esco/skill/95c35c3a-035f-47c2-90cf-7e934d20fc08,elektronikk,exact
710cae29-30da-404d-a939-0c7553d2c381,Informasjonssikkerhet,Hardware Security Engineer,"Andre sivilingeniører (unntatt elektroteknologi);, Prosjektingeniør, Andre sivilingeniører (unntatt elektroteknologi)",KONGSBERG,http://data.europa.eu/esco/skill/8088750d-8388-4170-a76f-48354c469c44,informasjonssikkerhet,exact
79dc463c-98db-4ed6-b171-09e9dcaab3d2,Digitalisering,Vil du være med å påvirke rammene for digitaliseringen av Norge?,"Systemanalytikere/-arkitekter, Teknologikonsulent, IKT-konsulent",OSLO,http://data.europa.eu/esco/skill/aa0d8201-5a8e-417f-81f4-c04601139582,digitalisering,exact
7a4c5464-5502-4ac9-b8fd-28da7055113a,Cybersikkerhet, Analytiker,"Gummiteknolog, Gummiteknolog, Sivilingeniører (kjemi)",FORNEBU,http://data.europa.eu/esco/skill/8088750d-8388-4170-a76f-48354c469c44,cybersikkerhet,exact
7a4c5464-5502-4ac9-b8fd-28da7055113a,Digital sikkerhet, Analytiker,"Gummiteknolog, Gummiteknolog, Sivilingeniører (kjemi)",FORNEBU,http://data.europa.eu/esco/skill/8088750d-8388-4170-a76f-48354c469c44,digital sikkerhet,exact
7a4c5464-5502-4ac9-b8fd-28da7055113a,Informasjonssikkerhet, Analytiker,"Gummiteknolog, Gummiteknolog, Sivilingeniører (kjemi)",FORNEBU,http://data.europa.eu/esco/skill/8088750d-8388-4170-a76f-48354c469c44,informasjonssikkerhet,exact
7b78a872-6ba8-46a3-a6fa-5b5b240eafd9,Dataanalyse,Rådgiver - datahåndtering og analyse,"Systemanalytikere/-arkitekter, Dataanalytiker, Systemanalytikere/-arkitekter, IT-konsulent, Systemanalytikere/-arkitekter, Informatiker, Matematikere, statistikere mv., Statistiker, statistiker",BRUMUNDDAL,http://data.europa.eu/esco/skill/97bd1c21-66b2-4b7e-ad0f-e3cda590e378,dataanalyse,exact
7b78a872-6ba8-46a3-a6fa-5b5b240eafd9,Informatikk,Rådgiver - datahåndtering og analyse,"Systemanalytikere/-arkitekter, Dataanalytiker, Systemanalytikere/-arkitekter, IT-konsulent, Systemanalytikere/-arkitekter, Informatiker, Matematikere, statistikere mv., Statistiker, statistiker",BRUMUNDDAL,http://data.europa.eu/esco/skill/7b5cce4d-c7fe-4119-b48f-70aa05391787,informatikk,exact
7e20d924-2cd1-431c-ac97-c9cbb8c793bb,Dataanalyse,Kryptoanalytiker ,"Finansanalytikere, finansanalytiker, Analytiker (finans)",OSLO,http://data.europa.eu/esco/skill/97bd1c21-66b2-4b7e-ad0f-e3cda590e378,dataanalyse,exact
7e20d924-2cd1-431c-ac97-c9cbb8c793bb,Informasjonssikkerhet,Kryptoanalytiker ,"Finansanalytikere, finansanalytiker, Analytiker (finans)",OSLO,http://data.europa.eu/esco/skill/8088750d-8388-4170-a76f-48354c469c44,informasjonssikkerhet,exact
7e20d924-2cd1-431c-ac97-c9cbb8c793bb,Python,Kryptoanalytiker ,"Finansanalytikere, finansanalytiker, Analytiker (finans)",OSLO,http://data.europa.eu/esco/skill/ccd0a1d9-afda-43d9-b901-96344886e14d,Python,exact
8447117e-c971-4274-9969-87078369e84f,Digital sikkerhet,Rådgiver/seniorrådgiver beredskap og øvelser,"Helse- og miljørådgivere, Beredskapskonsulent",OSLO,http://data.europa.eu/esco/skill/8088750d-8388-4170-a76f-48354c469c44,digital sikkerhet,exact
8d50ddf9-cc5c-4a57-a922-ff845a11c5ba,IT,"Vil du jobbe med IT som faktisk betyr noe – for ansatte, innbyggere og våre tjenester?","IT-konsulent, IT-konsulent, Systemanalytikere/-arkitekter",OPPDAL,http://data.europa.eu/esco/skill/ddc3119d-1d6e-4324-9125-a3380d299ac5,IT,exact
9e8aac7f-8957-452d-abe0-3a4446b8972a,Robotikk,"Postdoctoral Research Fellow in actively driven surfaces: sensing, soft robotics and flow control","Universitets- og høyskolelektorer/-lærere, Postdoktor, Universitets- og høyskolelektorer/-lærere",OSLO,http://data.europa.eu/esco/skill/e87ec79a-c9ff-46f5-84fa-7a0f394cdf40,robotikk,exact
ad65d44f-d9fa-4fb3-8e08-3cb659855603,GPS,Vil du eie GPS-porteføljen i noen av Norges mest avanserte produkter?,"Systemanalytikere/-arkitekter, Systemingeniør, IKT-systemarkitekt",KONGSBERG,http://data.europa.eu/esco/skill/377861af-f966-4c87-a2db-7e99904312b9,GPS,exact
ad65d44f-d9fa-4fb3-8e08-3cb659855603,Systemtenkning,Vil du eie GPS-porteføljen i noen av Norges mest avanserte produkter?,"Systemanalytikere/-arkitekter, Systemingeniør, IKT-systemarkitekt",KONGSBERG,http://data.europa.eu/esco/skill/0f9958d2-f700-4f62-b90b-a5873cb5ae4c,systemtenkning,exact
afd82f34-0679-4de0-9863-10ae422bbea3,GIS,Geodatamedarbeider,"Høyere saksbehandlere i offentlig og privat virksomhet, Rådgiver (offentlig administrasjon), Høyere saksbehandlere i offentlig og privat virksomhet",RØYSE,http://data.europa.eu/esco/skill/377861af-f966-4c87-a2db-7e99904312b9,gis,exact
b55149c6-c026-44a5-9763-572639b8167c,Informasjonssikkerhet,Tjenesteforvalter,"Systemadministratorer, Systemforvalter, IKT-systemadministrator",TRONDHEIM,http://data.europa.eu/esco/skill/8088750d-8388-4170-a76f-48354c469c44,informasjonssikkerhet,exact
b777cc74-0c4f-4316-bf8d-68e239098f0c,Digitalisering,Avdelingsleder Byarkivet,"Andre ledere av produksjon og tjenesteyting, Avdelingsleder, Avdelingsleder",TRONDHEIM,http://data.europa.eu/esco/skill/aa0d8201-5a8e-417f-81f4-c04601139582,digitalisering,exact
c13af2fb-b3f0-40b2-be56-478c4373b2ee,Digital sikkerhet,Vil du være med å styrke digital sikkerhet og beredskap i samfunnets førstelinje?,"IT-sikkerhetsrådgiver, IT-sikkerhetsrådgiver, Sikkerhetsanalytikere mv.",OSLO,http://data.europa.eu/esco/skill/8088750d-8388-4170-a76f-48354c469c44,digital sikkerhet,exact
c13af2fb-b3f0-40b2-be56-478c4373b2ee,Informasjonssikkerhet,Vil du være med å styrke digital sikkerhet og beredskap i samfunnets førstelinje?,"IT-sikkerhetsrådgiver, IT-sikkerhetsrådgiver, Sikkerhetsanalytikere mv.",OSLO,http://data.europa.eu/esco/skill/8088750d-8388-4170-a76f-48354c469c44,informasjonssikkerhet,exact
c5d7c331-2690-4b34-a406-a12ee573756c,E-læring,Vil du være med å sikre trygg kommunikasjon for våre allierte?,"Informasjonsrådgivere, Kommunikasjonsansvarlig, talsperson",ASKER,http://data.europa.eu/esco/skill/5f5e9350-1d13-4391-b9e1-07f6b2047fc5,e-læring,exact
c5d7c331-2690-4b34-a406-a12ee573756c,Elektronikk,Vil du være med å sikre trygg kommunikasjon for våre allierte?,"Informasjonsrådgivere, Kommunikasjonsansvarlig, talsperson",ASKER,http://data.europa.eu/esco/skill/95c35c3a-035f-47c2-90cf-7e934d20fc08,elektronikk,exact
c91bbbac-9421-47d2-928c-bd362bfa391a,data science,PhD position within Causal Machine Learning ,"Stipendiat, Stipendiat, Universitets- og høyskolelektorer/-lærere",ÅS,http://data.europa.eu/esco/skill/edebd83d-35f6-4ed5-a940-6c203d178c01,data science,exact
c91bbbac-9421-47d2-928c-bd362bfa391a,maskinlæring,PhD position within Causal Machine Learning ,"Stipendiat, Stipendiat, Universitets- og høyskolelektorer/-lærere",ÅS,http://data.europa.eu/esco/skill/3a2d5b45-56e4-4f5a-a55a-4a4a65afdc43,maskinlæring,exact
cdca137f-2b2b-4ff0-b243-46fe9fd7dd4f,Digitalisering,Hovedprosjektleder for modernisering og transformasjon av overvåking og styring av kraftsystemet (EMS),"Andre administrative ledere, Prosjektleder, prosjektleder",OSLO,http://data.europa.eu/esco/skill/aa0d8201-5a8e-417f-81f4-c04601139582,digitalisering,exact
dd2d35c1-5929-4cab-ad52-089899f108af,Digitalisering,Rådgivar - digitalisering og utvikling,"Systemanalytikere/-arkitekter, Digitaliseringsrådgiver, IKT-rådgivere",ULSTEINVIK,http://data.europa.eu/esco/skill/aa0d8201-5a8e-417f-81f4-c04601139582,digitalisering,exact
dd2d35c1-5929-4cab-ad52-089899f108af,Informasjonssikkerhet,Rådgivar - digitalisering og utvikling,"Systemanalytikere/-arkitekter, Digitaliseringsrådgiver, IKT-rådgivere",ULSTEINVIK,http://data.europa.eu/esco/skill/8088750d-8388-4170-a76f-48354c469c44,informasjonssikkerhet,exact
e6acbd54-a4f6-473a-b549-9f612d249b85,Informasjonssikkerhet,Vil du være med og bygge en sterk sikkerhetskultur?,"Transportfunksjonærer, Sikkerhetsrådgiver for transport av farlig gods",OSLO,http://data.europa.eu/esco/skill/8088750d-8388-4170-a76f-48354c469c44,informasjonssikkerhet,exact
ea017710-4cd7-4083-85f0-5c3106e3a45c,Digitalisering,Vil du bidra til et tryggere Norge gjennom smartere logistikk?,"Avdelingsleder, Andre ledere av produksjon og tjenesteyting, Andre administrative ledere, Seksjonssjef (offentlig administrasjon), Andre administrative ledere, Seksjonssjef militæret, Ledere av logistikk og transport mv., Logistikkansvarlig, Ledere av IKT-enheter, IT-leder, Revisorer, regnskapsrådgivere, Økonomiansvarlig, Finans- og økonomisjefer, Finans- og økonomisjef, økonomisjef",KJELLER,http://data.europa.eu/esco/skill/aa0d8201-5a8e-417f-81f4-c04601139582,digitalisering,exact
ea017710-4cd7-4083-85f0-5c3106e3a45c,SAP,Vil du bidra til et tryggere Norge gjennom smartere logistikk?,"Avdelingsleder, Andre ledere av produksjon og tjenesteyting, Andre administrative ledere, Seksjonssjef (offentlig administrasjon), Andre administrative ledere, Seksjonssjef militæret, Ledere av logistikk og transport mv., Logistikkansvarlig, Ledere av IKT-enheter, IT-leder, Revisorer, regnskapsrådgivere, Økonomiansvarlig, Finans- og økonomisjefer, Finans- og økonomisjef, økonomisjef",KJELLER,http://data.europa.eu/esco/skill/f8e3425c-fe44-4ffb-bafe-0e20d91dadf4,SAP,exact
f9c9596a-fc06-4f82-b7cb-6440fd67fc8b,IT,Fullstack webutvikler,"Nett- og multimediautviklere, Webutvikler, Programvareutviklere, Fullstackutvikler, programvareutvikler",TROMSØ,http://data.europa.eu/esco/skill/ddc3119d-1d6e-4324-9125-a3380d299ac5,IT,exact
9934e872-b5db-4eac-9d6c-41f533db034d,IT,Vil du selge kritisk digital infrastruktur i et marked i sterk vekst?,"Salgssjef, Salgssjef, Salgs- og markedssjefer",TRONDHEIM,http://data.europa.eu/esco/skill/ddc3119d-1d6e-4324-9125-a3380d299ac5,IT,exact
3047656c-875a-47d0-bac6-88442ebf6de1,UX,Seniorrådgiver - digitale kanaler,"Personal- og karriererådgivere, Seniorrådgiver (HR), Personal- og karriererådgivere",TRONDHEIM,http://data.europa.eu/esco/skill/07dd856d-6141-48a7-a228-918f88494812,UX,exact
8cfeb76f-578f-4ed4-96ea-3d194bb8b3b3,GDPR,Group Compliance Specialist,"Senior Compliance Specialist, Senior Compliance Specialist, Andre administrative ledere",SANDVIKA,http://data.europa.eu/esco/skill/d3e9b00a-0891-4fa8-836d-8240ec3d2758,GDPR,exact
0f884e25-5058-4b2d-acf3-abd80612d4df,Tekniske tegninger,Ventilasjonsmontører søkes,"Ventilasjonsmontør, Ventilasjonsmontør, Kuldemontører mv.",STRAUME,http://data.europa.eu/esco/skill/59ea80e1-463a-4dba-82c6-d0b6d577d532,tekniske tegninger,exact
7a81712f-c5b4-422c-9328-9e0c7db1cecc,.NET,Seniorutviklere,"Programvareutviklere, Arkitekt/utvikler, programvarearkitekt",TRONDHEIM,http://data.europa.eu/esco/skill/13bdd41a-2a18-441f-96db-41252c519413,.NET,exact
7a81712f-c5b4-422c-9328-9e0c7db1cecc,C#,Seniorutviklere,"Programvareutviklere, Arkitekt/utvikler, programvarearkitekt",TRONDHEIM,http://data.europa.eu/esco/skill/4c016b68-4116-468c-9dc6-42710c239e4a,C#,exact
7a81712f-c5b4-422c-9328-9e0c7db1cecc,IT,Seniorutviklere,"Programvareutviklere, Arkitekt/utvikler, programvarearkitekt",TRONDHEIM,http://data.europa.eu/esco/skill/ddc3119d-1d6e-4324-9125-a3380d299ac5,IT,exact
7a81712f-c5b4-422c-9328-9e0c7db1cecc,JavaScript,Seniorutviklere,"Programvareutviklere, Arkitekt/utvikler, programvarearkitekt",TRONDHEIM,http://data.europa.eu/esco/skill/3cd569a2-4f88-4c1e-9995-8dce8c5e51a7,JavaScript,exact
7a81712f-c5b4-422c-9328-9e0c7db1cecc,TypeScript,Seniorutviklere,"Programvareutviklere, Arkitekt/utvikler, programvarearkitekt",TRONDHEIM,http://data.europa.eu/esco/skill/867137fb-ff1b-4ca3-99f3-cb6969aa2c68,TypeScript,exact
ba17c446-4065-465e-8166-d4e43ecb2352,Scrum,Vil du lede utviklingen av Norges viktigste fagverktøy for elektrobransjen?,"Produktleder industri, Produktleder industri, Forsknings- og utviklingsledere",OSLO,http://data.europa.eu/esco/skill/bec4359e-cb92-468f-a997-8fb28e32fba9,Scrum,exact
1971a607-5960-452d-b915-00240ddb1df7,Byggautomasjon,Prosjektleder Automasjon Caverion Trondheim,"Prosjektleder automasjon, Prosjektleder automasjon, Sivilingeniører (maskin- og marinteknikk)",TRONDHEIM,http://data.europa.eu/esco/skill/6709e92c-7546-46a4-aa57-5e951bd4cb0f,byggautomasjon,exact
f7854fb3-61bc-4096-ae7a-dc48d15c9679,Dataanalyse,Senior Analyst - Strategic Market Analysis Europe,"Reklame- og markedsføringsrådgivere, Markedsanalytiker, markedsanalytiker",OSLO,http://data.europa.eu/esco/skill/97bd1c21-66b2-4b7e-ad0f-e3cda590e378,dataanalyse,exact
f7854fb3-61bc-4096-ae7a-dc48d15c9679,Python,Senior Analyst - Strategic Market Analysis Europe,"Reklame- og markedsføringsrådgivere, Markedsanalytiker, markedsanalytiker",OSLO,http://data.europa.eu/esco/skill/ccd0a1d9-afda-43d9-b901-96344886e14d,Python,exact
7cb072b7-8f02-4840-a636-5ff61d38a0b3,Elektronikk,"Stabil jobb, godt miljø og spennende maskiner - bli en del av Liebherr-Norge på Ranheim!","Anleggsmekaniker, Anleggsmekaniker, Anleggsmaskin- og industrimekanikere",RANHEIM,http://data.europa.eu/esco/skill/95c35c3a-035f-47c2-90cf-7e934d20fc08,elektronikk,exact
bb34049a-22e1-4085-91d2-86552dafc450,E-læring,Kurs- og kompetanseansvarlig,"Personalsjefer, Kursansvarlig, Personalsjefer",OSLO,http://data.europa.eu/esco/skill/5f5e9350-1d13-4391-b9e1-07f6b2047fc5,e-læring,exact
bb34049a-22e1-4085-91d2-86552dafc450,LMS,Kurs- og kompetanseansvarlig,"Personalsjefer, Kursansvarlig, Personalsjefer",OSLO,http://data.europa.eu/esco/skill/6c80d53c-d8c9-41fe-998f-091fca208834,LMS,exact
ecbfb030-477b-4a4f-8653-18f524e114b9,.net,"Ønsker du å bli en del av et av Norges største teknologimiljøer, hvor faglig vekst er i fokus?","Full-stack-utvikler, Full-stack-utvikler, Programvareutviklere",OSLO,http://data.europa.eu/esco/skill/13bdd41a-2a18-441f-96db-41252c519413,.NET,exact
ecbfb030-477b-4a4f-8653-18f524e114b9,IT,"Ønsker du å bli en del av et av Norges største teknologimiljøer, hvor faglig vekst er i fokus?","Full-stack-utvikler, Full-stack-utvikler, Programvareutviklere",OSLO,http://data.europa.eu/esco/skill/ddc3119d-1d6e-4324-9125-a3380d299ac5,IT,exact
ecbfb030-477b-4a4f-8653-18f524e114b9,Typescript,"Ønsker du å bli en del av et av Norges største teknologimiljøer, hvor faglig vekst er i fokus?","Full-stack-utvikler, Full-stack-utvikler, Programvareutviklere",OSLO,http://data.europa.eu/esco/skill/867137fb-ff1b-4ca3-99f3-cb6969aa2c68,TypeScript,exact
4d60bd15-dfcf-4ec5-b3a6-7b5b36411031,Digitalisering,Fagkonsulent økonomistyring - Norconsult Digital,"Business Controller, Finans- og investeringsrådgivere, Revisorer, regnskapsrådgivere, Økonomiansvarlig, controller",SANDVIKA,http://data.europa.eu/esco/skill/aa0d8201-5a8e-417f-81f4-c04601139582,digitalisering,exact
268a6b26-5a9f-49e4-8210-2b678ca5bd56,Informatikk,"Senior utvikler / Data Scientist -- Analyseplattform, data og AI","Forsker datavitenskap, Forsker datavitenskap, Systemanalytikere/-arkitekter",OSLO,http://data.europa.eu/esco/skill/7b5cce4d-c7fe-4119-b48f-70aa05391787,informatikk,exact
268a6b26-5a9f-49e4-8210-2b678ca5bd56,Maskinlæring,"Senior utvikler / Data Scientist -- Analyseplattform, data og AI","Forsker datavitenskap, Forsker datavitenskap, Systemanalytikere/-arkitekter",OSLO,http://data.europa.eu/esco/skill/3a2d5b45-56e4-4f5a-a55a-4a4a65afdc43,maskinlæring,exact
268a6b26-5a9f-49e4-8210-2b678ca5bd56,Python,"Senior utvikler / Data Scientist -- Analyseplattform, data og AI","Forsker datavitenskap, Forsker datavitenskap, Systemanalytikere/-arkitekter",OSLO,http://data.europa.eu/esco/skill/ccd0a1d9-afda-43d9-b901-96344886e14d,Python,exact
be1a2e93-ff10-479b-8b87-75f820435718,.Net,Vi søker erfaren .Net fullstackutvikler,".Net Utvikler, .Net Utvikler, Applikasjonsprogrammerere",DRAMMEN,http://data.europa.eu/esco/skill/13bdd41a-2a18-441f-96db-41252c519413,.NET,exact
be1a2e93-ff10-479b-8b87-75f820435718,C#,Vi søker erfaren .Net fullstackutvikler,".Net Utvikler, .Net Utvikler, Applikasjonsprogrammerere",DRAMMEN,http://data.europa.eu/esco/skill/4c016b68-4116-468c-9dc6-42710c239e4a,C#,exact
be1a2e93-ff10-479b-8b87-75f820435718,DevOps,Vi søker erfaren .Net fullstackutvikler,".Net Utvikler, .Net Utvikler, Applikasjonsprogrammerere",DRAMMEN,http://data.europa.eu/esco/skill/f0de4973-0a70-4644-8fd4-3a97080476f4,DevOps,exact
521cce44-3da3-42e6-8c6c-f0f492490c40,Digitalisering,Rådgiver administrasjon - utviklingsrådgiver,"Organisasjonsrådgivere mv., Organisasjonsrådgiver, Organisasjonsrådgivere mv.",OSLO,http://data.europa.eu/esco/skill/aa0d8201-5a8e-417f-81f4-c04601139582,digitalisering,exact
9b863c92-6fd0-41a9-b117-6f094b2a6db8,Java,"Ønsker du å bli en del av et av Norges største teknologimiljøer, hvor faglig vekst er i fokus?","Full-stack-utvikler, Programvareutviklere, Programvareutviklere, Backend-utvikler, webutvikler",OSLO,http://data.europa.eu/esco/skill/19a8293b-8e95-4de3-983f-77484079c389,Java,exact
9b863c92-6fd0-41a9-b117-6f094b2a6db8,TypeScript,"Ønsker du å bli en del av et av Norges største teknologimiljøer, hvor faglig vekst er i fokus?","Full-stack-utvikler, Programvareutviklere, Programvareutviklere, Backend-utvikler, webutvikler",OSLO,http://data.europa.eu/esco/skill/867137fb-ff1b-4ca3-99f3-cb6969aa2c68,TypeScript,exact
39104211-99e2-4140-ae21-260799e3e865,.NET,Cappelen Damm søker .NET-utvikler med bred erfaring innen utvikling og løsningsarkitektur,".Net Utvikler, .Net Utvikler, Applikasjonsprogrammerere",OSLO,http://data.europa.eu/esco/skill/13bdd41a-2a18-441f-96db-41252c519413,.NET,exact
39104211-99e2-4140-ae21-260799e3e865,C#,Cappelen Damm søker .NET-utvikler med bred erfaring innen utvikling og løsningsarkitektur,".Net Utvikler, .Net Utvikler, Applikasjonsprogrammerere",OSLO,http://data.europa.eu/esco/skill/4c016b68-4116-468c-9dc6-42710c239e4a,C#,exact
39104211-99e2-4140-ae21-260799e3e865,IT,Cappelen Damm søker .NET-utvikler med bred erfaring innen utvikling og løsningsarkitektur,".Net Utvikler, .Net Utvikler, Applikasjonsprogrammerere",OSLO,http://data.europa.eu/esco/skill/ddc3119d-1d6e-4324-9125-a3380d299ac5,IT,exact
6f2ffe1f-634f-4470-b181-1b5421627779,.NET,Senior .NET-utvikler -- Integrasjoner og kjerneprosesser (Team Eksamen og semesterplan),".Net Utvikler, .Net Utvikler, Applikasjonsprogrammerere",OSLO,http://data.europa.eu/esco/skill/13bdd41a-2a18-441f-96db-41252c519413,.NET,exact
6f2ffe1f-634f-4470-b181-1b5421627779,C#,Senior .NET-utvikler -- Integrasjoner og kjerneprosesser (Team Eksamen og semesterplan),".Net Utvikler, .Net Utvikler, Applikasjonsprogrammerere",OSLO,http://data.europa.eu/esco/skill/4c016b68-4116-468c-9dc6-42710c239e4a,C#,exact
6f2ffe1f-634f-4470-b181-1b5421627779,IT,Senior .NET-utvikler -- Integrasjoner og kjerneprosesser (Team Eksamen og semesterplan),".Net Utvikler, .Net Utvikler, Applikasjonsprogrammerere",OSLO,http://data.europa.eu/esco/skill/ddc3119d-1d6e-4324-9125-a3380d299ac5,IT,exact
6f2ffe1f-634f-4470-b181-1b5421627779,SaaS,Senior .NET-utvikler -- Integrasjoner og kjerneprosesser (Team Eksamen og semesterplan),".Net Utvikler, .Net Utvikler, Applikasjonsprogrammerere",OSLO,http://data.europa.eu/esco/skill/83218cac-3599-417e-93d2-26013cdccd98,SaaS,exact
e4a24fd7-1970-4ba8-9c4d-0d4dabc92316,C#,"Principal Architect, SaaS Platform \& AI","Principal Software Architect, Principal Software Architect, Systemanalytikere/-arkitekter",KRÅKERØY,http://data.europa.eu/esco/skill/4c016b68-4116-468c-9dc6-42710c239e4a,C#,exact
e4a24fd7-1970-4ba8-9c4d-0d4dabc92316,SaaS,"Principal Architect, SaaS Platform \& AI","Principal Software Architect, Principal Software Architect, Systemanalytikere/-arkitekter",KRÅKERØY,http://data.europa.eu/esco/skill/83218cac-3599-417e-93d2-26013cdccd98,SaaS,exact
2083bf55-ee9e-4955-b37d-219a3ccb6f5e,Agile,Produktsjef / Product Manager,"Salgs- og markedssjefer, Produktsjef, produktsjef",ROLVSØY,http://data.europa.eu/esco/skill/bec4359e-cb92-468f-a997-8fb28e32fba9,Agile,exact
2083bf55-ee9e-4955-b37d-219a3ccb6f5e,SaaS,Produktsjef / Product Manager,"Salgs- og markedssjefer, Produktsjef, produktsjef",ROLVSØY,http://data.europa.eu/esco/skill/83218cac-3599-417e-93d2-26013cdccd98,SaaS,exact
2083bf55-ee9e-4955-b37d-219a3ccb6f5e,Scrum,Produktsjef / Product Manager,"Salgs- og markedssjefer, Produktsjef, produktsjef",ROLVSØY,http://data.europa.eu/esco/skill/bec4359e-cb92-468f-a997-8fb28e32fba9,Scrum,exact
127da708-db28-4138-ac2c-cc2923546b84,Python,Kron by Storebrand is Norway’s most-loved savings app. Ready to help take it to the next level as a senior developer?,"Backend-utvikler, Backend-utvikler, Programvareutviklere, Programvareutviklere, Senior Backendutvikler",LYSAKER,http://data.europa.eu/esco/skill/ccd0a1d9-afda-43d9-b901-96344886e14d,Python,exact
09ab7ecc-4d48-4096-902a-9600f0817230,Java,Vi søker erfaren Java fullstackutvikler,"Fullstack JAVA utvikler, Fullstack JAVA utvikler, Andre programvare- og applikasjonsutviklere",DRAMMEN,http://data.europa.eu/esco/skill/19a8293b-8e95-4de3-983f-77484079c389,Java,exact
2d66e7bd-707f-4b2c-a37e-2f8d5bbded7c,IT-sikkerhet,Globetech trenger flere skarpe hoder innenfor IKT Drift og Skytjenester!,"Teknisk rådgiver, Andre ingeniører, Systemanalytikere/-arkitekter, IT-konsulent, IKT-konsulent",KRISTIANSAND S,http://data.europa.eu/esco/skill/8088750d-8388-4170-a76f-48354c469c44,IT-sikkerhet,exact
aae99f5c-2dd8-417d-a5a5-16d1c38cea37,C#,Handelshøyskolen BI søker AI-utviklere!,"AI-utvikler, AI-utvikler, Systemanalytikere/-arkitekter",OSLO,http://data.europa.eu/esco/skill/4c016b68-4116-468c-9dc6-42710c239e4a,C#,exact
aae99f5c-2dd8-417d-a5a5-16d1c38cea37,IT,Handelshøyskolen BI søker AI-utviklere!,"AI-utvikler, AI-utvikler, Systemanalytikere/-arkitekter",OSLO,http://data.europa.eu/esco/skill/ddc3119d-1d6e-4324-9125-a3380d299ac5,IT,exact
8468cc0d-697f-4180-816b-5224e963cbc6,Python,Data Lead/ Tech Lead Data -- Bli med å bygge fundamentet for Coops personaliseringsplattform,"Systemanalytikere/-arkitekter, Lead Data Scientist, Andre ingeniører, Technical Team Leader, Andre ingeniører",OSLO,http://data.europa.eu/esco/skill/ccd0a1d9-afda-43d9-b901-96344886e14d,Python,exact
1362e9ca-39a5-4fb0-803e-c805a4aadc8c,Informasjonssikkerhet,Vil du styrke informasjonsflyt og samhandling i Forsvarets luftoperasjoner?,"BIM-informasjonssjef, BIM-informasjonssjef, Bibliotekarer og andre informasjonsarbeidere, PR- og informasjonssjefer, Informasjonsleder",BODØ,http://data.europa.eu/esco/skill/8088750d-8388-4170-a76f-48354c469c44,informasjonssikkerhet,exact
e8ac38a7-9518-4162-b73e-3adf0c06e675,Informatikk,Bli med å sikre løsninger verden trenger Softwareutviklere,"Programvareutvikler, Programvareutviklere, Programvareutviklere, Softwareutvikler, Samferdselssystemer, Programvareutviklere",KONGSBERG,http://data.europa.eu/esco/skill/7b5cce4d-c7fe-4119-b48f-70aa05391787,informatikk,exact
e8ac38a7-9518-4162-b73e-3adf0c06e675,Kybernetikk,Bli med å sikre løsninger verden trenger Softwareutviklere,"Programvareutvikler, Programvareutviklere, Programvareutviklere, Softwareutvikler, Samferdselssystemer, Programvareutviklere",KONGSBERG,http://data.europa.eu/esco/skill/fc5818b4-66f9-498b-a1bc-ff651db2af68,kybernetikk,exact
84afc7f7-2e24-457a-a31b-03195f57174a,Python,Vil du realisere dataambisjonene i Storebrand?,"Senior Data Scientist, Senior Data Scientist, Systemanalytikere/-arkitekter",LYSAKER,http://data.europa.eu/esco/skill/ccd0a1d9-afda-43d9-b901-96344886e14d,Python,exact
d8fffe23-188b-4bee-bc94-155e96dcdab6,dataanalyse,Vil du være med å forme fremtidens kundeopplevelser i Gjensidige?,"Reklame- og markedsføringsrådgivere, Senior salgs- og markedsføringspesialist, Reklame- og markedsføringsrådgivere, Markedsfører kundeopplevelse / CRM, markedsføringsspesialist",OSLO,http://data.europa.eu/esco/skill/97bd1c21-66b2-4b7e-ad0f-e3cda590e378,dataanalyse,exact
b494cb8f-d202-4ec4-8546-93d1110c7c69,BIM,Vil du jobbe i front av samferdsel og bærekraft? Vi trenger deg!,"Vegplanlegger, Vegplanlegger, Arealplanleggere",BERGEN,http://data.europa.eu/esco/skill/fae7e545-5114-43cc-8e83-178e2549ecb9,bim,exact
790c31d7-482d-4f9b-a2d1-bb762898c2bc,Elektronikk,Inventas Asker søker senior utviklere,"Embedded Softwareutvikler, Embedded Softwareutvikler, Programvareutviklere",ASKER,http://data.europa.eu/esco/skill/95c35c3a-035f-47c2-90cf-7e934d20fc08,elektronikk,exact
790c31d7-482d-4f9b-a2d1-bb762898c2bc,FPGA,Inventas Asker søker senior utviklere,"Embedded Softwareutvikler, Embedded Softwareutvikler, Programvareutviklere",ASKER,http://data.europa.eu/esco/skill/fb601189-afa9-4a7b-8430-21a906483072,FPGA,exact
258a849e-d2b4-4bbf-a49e-4e193bc9c6df,Digitalisering,Kvalitets og risikorådgiver,"Andre ingeniører, Kvalitetsrådgiver",OSLO,http://data.europa.eu/esco/skill/aa0d8201-5a8e-417f-81f4-c04601139582,digitalisering,exact
1304794d-c7fd-4974-baef-ce5cfbf4197d,IT,Engineering Manager BankID App,"Andre sivilingeniører (unntatt elektroteknologi);, Applikasjonsingeniør",OSLO,http://data.europa.eu/esco/skill/ddc3119d-1d6e-4324-9125-a3380d299ac5,IT,exact
5079dfcc-03c4-42c0-9a3e-6de3973e4b58,Python,Vil du være med å utvikle moderne dataprodukter og et enda sterkere beslutningsgrunnlag?,"Systemanalytikere/-arkitekter, Dataanalytiker, Dataanalytiker",OSLO,http://data.europa.eu/esco/skill/ccd0a1d9-afda-43d9-b901-96344886e14d,Python,exact
4388773b-9ad0-40e3-a6a0-0e7445502e79,Elektronikk,Variert stilling som salgs- og serviceingeniør - medisinteknisk utstyr,"Andre ingeniører, Andre ingeniører, Serviceingeniør",OSLO,http://data.europa.eu/esco/skill/95c35c3a-035f-47c2-90cf-7e934d20fc08,elektronikk,exact
31c385af-859d-44b9-9fd2-7013504c0874,IT,Analyst in NBIM (temp one-year),"Finansanalytikere, Finansanalytikere, Bankanalytiker siviløkonom",OSLO,http://data.europa.eu/esco/skill/ddc3119d-1d6e-4324-9125-a3380d299ac5,IT,exact
31c385af-859d-44b9-9fd2-7013504c0874,Python,Analyst in NBIM (temp one-year),"Finansanalytikere, Finansanalytikere, Bankanalytiker siviløkonom",OSLO,http://data.europa.eu/esco/skill/ccd0a1d9-afda-43d9-b901-96344886e14d,Python,exact
a438925d-50b8-44da-ba55-8679165fe93c,Business Intelligence,Bli vår nye Prosjekt Controller i høyteknologisk miljø,"Revisorer og regnskapsrådgivere, Prosjektcontroller, Prosjektcontroller",MANDAL,http://data.europa.eu/esco/skill/143769cb-b61e-47d8-a61e-eedfbec1016c,business intelligence,exact
df30ec50-efd1-4879-94ee-dba69b148db6,SAP,Har du erfaring med SAP og prosjektøkonomi?,"Sjefssekretærer, Kontormedarbeidere, Regnskapsmedarbeidere, Revisorer og regnskapsrådgivere, Regnskapsførere, Controller, Administrasjonskonsulent, Administrasjonskonsulent kontorarbeid, Økonomikonsulent, Controller",SANDNES,http://data.europa.eu/esco/skill/f8e3425c-fe44-4ffb-bafe-0e20d91dadf4,SAP,exact
0d488fba-ae0e-4166-b9e5-568cfd427aa0,Hjelpemidler,"Ergoterapeutvikar, 100%","Ergoterapeuter, Ergoterapeut, ergoterapeut",RANDABERG,http://data.europa.eu/esco/skill/8759c352-8b00-498f-985a-935f13e1b043,hjelpemidler,exact
13763a75-4a75-4ee2-90ef-fac2e2eb6e89,Elektronikk,Driftsteknikker,"Elektronikkingeniører, Driftstekniker elektronikk og telekommunikasjon, Elektronikkingeniører, Driftstekniker, Driftstekniker, Andre ingeniører",KONGSBERG,http://data.europa.eu/esco/skill/95c35c3a-035f-47c2-90cf-7e934d20fc08,elektronikk,exact
1d80f835-8564-4504-b041-42f5d5d8b71d,Dataanalyse,Seniorforsker innen miljøkjemi og arktisk miljø,"Kjemikere, kjemiker, Kjemiforsker",TROMSØ,http://data.europa.eu/esco/skill/97bd1c21-66b2-4b7e-ad0f-e3cda590e378,dataanalyse,exact
433ef2e5-b0f6-40f2-9a2d-e9a0dedfa418,SEM,Digital markedsfører,"Content marketer, Content marketer, Reklame- og markedsføringsrådgivere, Digital markedsfører",KRISTIANSAND S,http://data.europa.eu/esco/skill/eda4d727-4374-49af-ace4-118c7c906835,SEM,exact
47a308fb-9351-4069-aabc-6585d59517da,Digitalisering,Teknisk rådgiver / seniorrådgiver – arkitektur og modernisering,"Andre ingeniører, Teknisk rådgiver, Systemanalytikere/-arkitekter, Seniorrådgiver - databaser/applikasjoner, IKT-konsulent",OSLO,http://data.europa.eu/esco/skill/aa0d8201-5a8e-417f-81f4-c04601139582,digitalisering,exact
47a308fb-9351-4069-aabc-6585d59517da,Java,Teknisk rådgiver / seniorrådgiver – arkitektur og modernisering,"Andre ingeniører, Teknisk rådgiver, Systemanalytikere/-arkitekter, Seniorrådgiver - databaser/applikasjoner, IKT-konsulent",OSLO,http://data.europa.eu/esco/skill/19a8293b-8e95-4de3-983f-77484079c389,Java,exact
4a1fddd4-00d8-4589-9377-42db80f5828c,Algoritmer,"Postdoctoral Research Fellow in ""Mathematical Foundations of Artifical Intelligence""","Stipendiat, Stipendiat, Universitets- og høyskolelektorer/-lærere",TROMSØ,http://data.europa.eu/esco/skill/54924a2c-daca-40d3-9716-4b38ceb04f38,algoritmer,exact
4a1fddd4-00d8-4589-9377-42db80f5828c,Maskinlæring,"Postdoctoral Research Fellow in ""Mathematical Foundations of Artifical Intelligence""","Stipendiat, Stipendiat, Universitets- og høyskolelektorer/-lærere",TROMSØ,http://data.europa.eu/esco/skill/3a2d5b45-56e4-4f5a-a55a-4a4a65afdc43,maskinlæring,exact
540b96c6-e735-41d7-b735-cb3dc055bf0b,IT,Overingeniør i Microsoft 365 og intergrasjoner,"Microsoft Office 365 utvikler, Microsoft Office 365 utvikler, Programvareutviklere",MOLDE,http://data.europa.eu/esco/skill/ddc3119d-1d6e-4324-9125-a3380d299ac5,IT,exact
540b96c6-e735-41d7-b735-cb3dc055bf0b,IT-sikkerhet,Overingeniør i Microsoft 365 og intergrasjoner,"Microsoft Office 365 utvikler, Microsoft Office 365 utvikler, Programvareutviklere",MOLDE,http://data.europa.eu/esco/skill/8088750d-8388-4170-a76f-48354c469c44,IT-sikkerhet,exact
55781464-cf11-4347-826c-954de08c0e34,Digitalisering,Seksjonssjef for bærekraft og innovasjon,"Andre administrative ledere, Seksjonssjef (offentlig administrasjon), avdelingsleder",LILLESAND,http://data.europa.eu/esco/skill/aa0d8201-5a8e-417f-81f4-c04601139582,digitalisering,exact
61d65886-fc21-46fd-85ba-e8e8d8a7a55b,Elektronikk,Ønsker du å bidra til at Forsvarets fly kan løse sine oppdrag? ,"Testleder (digitalisering og programvare), Andre programvare- og applikasjonsutviklere, Andre ingeniører, Dronetekniker, Systemanalytikere/-arkitekter, Integrasjonsarkitekt IT, Programvareutviklere, Softwareingeniør, Elkraftingeniører, Elkraftingeniør, strømforsyningsingeniør",KJELLER,http://data.europa.eu/esco/skill/95c35c3a-035f-47c2-90cf-7e934d20fc08,elektronikk,exact
61d65886-fc21-46fd-85ba-e8e8d8a7a55b,Kybernetikk,Ønsker du å bidra til at Forsvarets fly kan løse sine oppdrag? ,"Testleder (digitalisering og programvare), Andre programvare- og applikasjonsutviklere, Andre ingeniører, Dronetekniker, Systemanalytikere/-arkitekter, Integrasjonsarkitekt IT, Programvareutviklere, Softwareingeniør, Elkraftingeniører, Elkraftingeniør, strømforsyningsingeniør",KJELLER,http://data.europa.eu/esco/skill/fc5818b4-66f9-498b-a1bc-ff651db2af68,kybernetikk,exact
6d415699-cf2b-4253-87cb-1f9839755c4b,Digitalisering,Prosjektleder IT ,"IT-prosjektleder, IT-prosjektleder, Systemanalytikere/-arkitekter",OSLO,http://data.europa.eu/esco/skill/aa0d8201-5a8e-417f-81f4-c04601139582,digitalisering,exact
86a4d992-18ae-4742-9825-647e14383db2,Informasjonssikkerhet,"Rådgiver utskrift, fil og skanning","Driftsteknikere, IKT, Lærling IT-drift, Driftsteknikere, IKT, IT-assistent, Driftsteknikere, IKT, Driftstekniker IT, Driftsteknikere, IT-konsulent, IT-konsulent, Systemanalytikere/-arkitekter",OSLO,http://data.europa.eu/esco/skill/8088750d-8388-4170-a76f-48354c469c44,informasjonssikkerhet,exact
94f95a38-26a9-48b9-b74c-e7a628b87158,GIS,PhD Research Fellow in Ecology ,"Stipendiat, Stipendiat, Universitets- og høyskolelektorer/-lærere",BØ I TELEMARK,http://data.europa.eu/esco/skill/377861af-f966-4c87-a2db-7e99904312b9,gis,exact
a1ee5422-6824-4398-922b-a84a344ab9e1,Digitalisering,Digitaliseringsrådgiver,"Systemanalytikere/-arkitekter, Digitaliseringsrådgiver, IKT-rådgivere, Digital rådgiver",VESTBY,http://data.europa.eu/esco/skill/aa0d8201-5a8e-417f-81f4-c04601139582,digitalisering,exact
a1ee5422-6824-4398-922b-a84a344ab9e1,IT,Digitaliseringsrådgiver,"Systemanalytikere/-arkitekter, Digitaliseringsrådgiver, IKT-rådgivere, Digital rådgiver",VESTBY,http://data.europa.eu/esco/skill/ddc3119d-1d6e-4324-9125-a3380d299ac5,IT,exact
a67bc626-99d0-435d-a71b-e33f3832ae92,Digitalisering,Vil du bidra til å utvikle framtidens vann- og avløpstjenester i Tysvær kommune?,"Rådgiver vann og avløp, Rådgiver vann og avløp, Bygningsingeniører",AKSDAL,http://data.europa.eu/esco/skill/aa0d8201-5a8e-417f-81f4-c04601139582,digitalisering,exact
ad1c4829-2fde-400d-b8e5-e4a6cf0219f1,Digitalisering,Rådgiver dokumentasjonsforvaltning,"Høyere saksbehandlere i offentlig og privat virksomhet, Rådgiver økonomi og samfunnsvitenskap, offentlig administrasjon, Arkivarer og kuratorer, Rådgiver arkiv, arkivar",HAMAR,http://data.europa.eu/esco/skill/aa0d8201-5a8e-417f-81f4-c04601139582,digitalisering,exact
c01995b3-c27e-43e3-b395-cd003e2d3c92,Dataanalyse,Research Assistants at MediaFutures,"Universitets- og høyskolelektorer/-lærere, Forskningsassistent, forskningsassistent på universitet",BERGEN,http://data.europa.eu/esco/skill/97bd1c21-66b2-4b7e-ad0f-e3cda590e378,dataanalyse,exact
c01995b3-c27e-43e3-b395-cd003e2d3c92,Python,Research Assistants at MediaFutures,"Universitets- og høyskolelektorer/-lærere, Forskningsassistent, forskningsassistent på universitet",BERGEN,http://data.europa.eu/esco/skill/ccd0a1d9-afda-43d9-b901-96344886e14d,Python,exact
c0bc8d8c-0ccb-4313-81b3-8b7ba5d2eeec,Digitalisering,Spennende stilling som kommunikasjonsmedarbeider ,"Informasjonsrådgivere, Kommunikasjonsmedarbeider, talsperson",TYNSET,http://data.europa.eu/esco/skill/aa0d8201-5a8e-417f-81f4-c04601139582,digitalisering,exact
c9de02b6-ae25-4812-a1a8-57aeb5e7bf2c,IT,Anvendt KI rådgiver og utvikler,"IT-konsulent, IT-konsulent, Systemanalytikere/-arkitekter",OSLO,http://data.europa.eu/esco/skill/ddc3119d-1d6e-4324-9125-a3380d299ac5,IT,exact
c9de02b6-ae25-4812-a1a8-57aeb5e7bf2c,dataanalyse,Anvendt KI rådgiver og utvikler,"IT-konsulent, IT-konsulent, Systemanalytikere/-arkitekter",OSLO,http://data.europa.eu/esco/skill/97bd1c21-66b2-4b7e-ad0f-e3cda590e378,dataanalyse,exact
c9de02b6-ae25-4812-a1a8-57aeb5e7bf2c,digitalisering,Anvendt KI rådgiver og utvikler,"IT-konsulent, IT-konsulent, Systemanalytikere/-arkitekter",OSLO,http://data.europa.eu/esco/skill/aa0d8201-5a8e-417f-81f4-c04601139582,digitalisering,exact
cb76f5b9-b0df-451d-bc2e-4ca9df511568,GIS,Rådgiver/seniorrådgiver - nytt vern og forvaltning,"Høyere saksbehandlere i offentlig og privat virksomhet, Seniorrådgiver offentlig administrasjon, Høyere saksbehandlere i offentlig og privat virksomhet, Rådgiver (offentlig administrasjon)",TRONDHEIM,http://data.europa.eu/esco/skill/377861af-f966-4c87-a2db-7e99904312b9,gis,exact
d7a9f11b-66ec-4309-b769-97072bcb926e,GIS,Rådgiver/seniorrådgiver naturrestaurering og verneområdeforvaltning,"Høyere saksbehandlere i offentlig og privat virksomhet, Seniorrådgiver (teknisk, naturvitenskapelig utredning, off.adm), Høyere saksbehandlere i offentlig og privat virksomhet, Høyere saksbehandlere i offentlig og privat virksomhet, Rådgiver (naturvitenskap, offentlig administrasjon)",TRONDHEIM,http://data.europa.eu/esco/skill/377861af-f966-4c87-a2db-7e99904312b9,gis,exact
e974d355-2be5-4b69-aeaa-83a3109e7fd8,IT,Er du vår nye lisensforvalter?,"Driftsteknikere, IKT, IT-medarbeider, Driftsteknikere",HARSTAD,http://data.europa.eu/esco/skill/ddc3119d-1d6e-4324-9125-a3380d299ac5,IT,exact
ea998c93-b323-495d-a934-2394ac1f53a2,algoritmer,Ph.d.-stipendiat i algoritmar,"Stipendiat, Stipendiat, Universitets- og høyskolelektorer/-lærere",BERGEN,http://data.europa.eu/esco/skill/54924a2c-daca-40d3-9716-4b38ceb04f38,algoritmer,exact
ea998c93-b323-495d-a934-2394ac1f53a2,datavitenskap,Ph.d.-stipendiat i algoritmar,"Stipendiat, Stipendiat, Universitets- og høyskolelektorer/-lærere",BERGEN,http://data.europa.eu/esco/skill/edebd83d-35f6-4ed5-a940-6c203d178c01,datavitenskap,exact
ea998c93-b323-495d-a934-2394ac1f53a2,informatikk,Ph.d.-stipendiat i algoritmar,"Stipendiat, Stipendiat, Universitets- og høyskolelektorer/-lærere",BERGEN,http://data.europa.eu/esco/skill/7b5cce4d-c7fe-4119-b48f-70aa05391787,informatikk,exact
09674ed5-afc6-46a8-92c1-eda700cb0cac,Dataanalyse,Senior Data Engineer in Data Product Engineering,"Senior Data Engineer, Senior Data Engineer, Databasedesignere og -administratorer",OSLO,http://data.europa.eu/esco/skill/97bd1c21-66b2-4b7e-ad0f-e3cda590e378,dataanalyse,exact
09674ed5-afc6-46a8-92c1-eda700cb0cac,Datateknologi,Senior Data Engineer in Data Product Engineering,"Senior Data Engineer, Senior Data Engineer, Databasedesignere og -administratorer",OSLO,http://data.europa.eu/esco/skill/ddc3119d-1d6e-4324-9125-a3380d299ac5,datateknologi,exact
ed4618f0-c2b5-4090-b8c1-db4c8d6e37e2,Dataanalyse,Data Engineer in Data Product Engineering,"Dataingeniør, Dataingeniør, Sivilingeniører (elektronikk)",OSLO,http://data.europa.eu/esco/skill/97bd1c21-66b2-4b7e-ad0f-e3cda590e378,dataanalyse,exact
ed4618f0-c2b5-4090-b8c1-db4c8d6e37e2,Datavarehus,Data Engineer in Data Product Engineering,"Dataingeniør, Dataingeniør, Sivilingeniører (elektronikk)",OSLO,http://data.europa.eu/esco/skill/3ec2e4d6-7000-4905-bf1a-c5b1679416de,datavarehus,exact
ed4618f0-c2b5-4090-b8c1-db4c8d6e37e2,IT,Data Engineer in Data Product Engineering,"Dataingeniør, Dataingeniør, Sivilingeniører (elektronikk)",OSLO,http://data.europa.eu/esco/skill/ddc3119d-1d6e-4324-9125-a3380d299ac5,IT,exact
67df5e02-9826-4bef-a381-053c10d026d1,DevOps,Vil du være med på å bygge den digitale grunnmuren for forvaltningen av livet i havet?,"Programvareutviklere, DevOps-utvikler, programvareutvikler",BERGEN,http://data.europa.eu/esco/skill/f0de4973-0a70-4644-8fd4-3a97080476f4,DevOps,exact
67df5e02-9826-4bef-a381-053c10d026d1,IT,Vil du være med på å bygge den digitale grunnmuren for forvaltningen av livet i havet?,"Programvareutviklere, DevOps-utvikler, programvareutvikler",BERGEN,http://data.europa.eu/esco/skill/ddc3119d-1d6e-4324-9125-a3380d299ac5,IT,exact
fcd1ea9a-e10e-4c8c-8408-1dbe3be86f02,BI,Analytical Lead – Customer & Growth to Oslo Taxi,"Andre administrative ledere, Analysesjef, Organisasjonsrådgivere mv., Business Intelligence Analytiker, sjef for virksomhetsetterretning",OSLO,http://data.europa.eu/esco/skill/143769cb-b61e-47d8-a61e-eedfbec1016c,BI,exact
fcd1ea9a-e10e-4c8c-8408-1dbe3be86f02,Dataanalyse,Analytical Lead – Customer & Growth to Oslo Taxi,"Andre administrative ledere, Analysesjef, Organisasjonsrådgivere mv., Business Intelligence Analytiker, sjef for virksomhetsetterretning",OSLO,http://data.europa.eu/esco/skill/97bd1c21-66b2-4b7e-ad0f-e3cda590e378,dataanalyse,exact
b248c088-44a5-4aed-9208-6981e8a21409,Digitalisering,Vil du lede prosjekter som bidrar til et tryggere og mer robust samfunn?,"Prosjektleder, Prosjektleder, Andre administrative ledere",TØNSBERG,http://data.europa.eu/esco/skill/aa0d8201-5a8e-417f-81f4-c04601139582,digitalisering,exact
c4c5eb6a-8fa7-49fb-af8d-e1006e381820,SaaS,Salgsrådgiver – Hjelp butikker med å lykkes,"Salgsrepresentant, Selgere (engros), Selgere (engros);, Salgsrådgiver, Selgere (engros)",TROMSØ,http://data.europa.eu/esco/skill/83218cac-3599-417e-93d2-26013cdccd98,SaaS,exact
4d4d7ce2-c509-4d0a-ab16-1123dabdba1b,Dataanalyse,Bli med på vekstreisen til Euro Accident -- vi søker Pricing Analyst til vårt Underwriting \& Analytics-team!,"Product & Pricing Specialist, Product & Pricing Specialist, Reklame- og markedsføringsrådgivere",OSLO,http://data.europa.eu/esco/skill/97bd1c21-66b2-4b7e-ad0f-e3cda590e378,dataanalyse,exact
cdd9e50d-d194-4f9e-970e-1e25cb90c85f,BIM,Vil du ta en sentral rolle i spennende veg- og samferdselsprosjekter?,"Vegplanlegger, Vegplanlegger, Arealplanleggere",TRONDHEIM,http://data.europa.eu/esco/skill/fae7e545-5114-43cc-8e83-178e2549ecb9,bim,exact
3cbf6d89-fc25-42a9-8553-ef0ccc3cac63,Elektronikk,Vil du jobbe med integrasjoner i komplekse systemer?,"IT-systemingeniør, IT-systemingeniør, Systemanalytikere/-arkitekter",KONGSBERG,http://data.europa.eu/esco/skill/95c35c3a-035f-47c2-90cf-7e934d20fc08,elektronikk,exact
2df8311e-6eb7-4bf2-a99c-d9d6050fda2c,IT,Produktdesigner (UX/UI),"Grafiske- og multimediadesignere, UX-Designer, brukergrensesnittdesigner",OSLO,http://data.europa.eu/esco/skill/ddc3119d-1d6e-4324-9125-a3380d299ac5,IT,exact
2df8311e-6eb7-4bf2-a99c-d9d6050fda2c,UX,Produktdesigner (UX/UI),"Grafiske- og multimediadesignere, UX-Designer, brukergrensesnittdesigner",OSLO,http://data.europa.eu/esco/skill/07dd856d-6141-48a7-a228-918f88494812,UX,exact
6805a6d0-e7c6-4449-a939-065739608e96,SaaS,Bli vår Customer Success Manager i Lawai,"Customer Success Manager, Customer Success Manager, Salgs- og markedssjefer",OSLO,http://data.europa.eu/esco/skill/83218cac-3599-417e-93d2-26013cdccd98,SaaS,exact
95a8bfa2-f8ad-46d7-aceb-a06696703dc3,Dataanalyse,"Trives du med tall, liker å finne mønstre i data -- og kan forklare det du finner på en enkel måte?","Personal- og karriererådgivere, HR-rådgiver, personalkonsulent",OSLO,http://data.europa.eu/esco/skill/97bd1c21-66b2-4b7e-ad0f-e3cda590e378,dataanalyse,exact
587fd70e-bec0-45be-b94a-cd9fa6ab9270,Elektronikk,Er du vår nye Test operatør?,"Montører av elektriske og elektroniske produkter, Produksjonselektroniker, Automatikere, Automatiker, Automatikere, Avioniker, flytekniker",KONGSBERG,http://data.europa.eu/esco/skill/95c35c3a-035f-47c2-90cf-7e934d20fc08,elektronikk,exact
5b693a29-03f8-4b58-9922-c9949ca8ab9e,Elektronikk,Vil du jobbe med elektronikk og bidra til å utvikle løsninger som gjør en forskjell?,"Utviklingsingeniør elektronikk og telekommunikasjon, Elektronikkingeniører, Elektronikkingeniører, Elektronikktekniker, tekniker, mikroelektronikk",KONGSBERG,http://data.europa.eu/esco/skill/95c35c3a-035f-47c2-90cf-7e934d20fc08,elektronikk,exact
5b693a29-03f8-4b58-9922-c9949ca8ab9e,FPGA,Vil du jobbe med elektronikk og bidra til å utvikle løsninger som gjør en forskjell?,"Utviklingsingeniør elektronikk og telekommunikasjon, Elektronikkingeniører, Elektronikkingeniører, Elektronikktekniker, tekniker, mikroelektronikk",KONGSBERG,http://data.europa.eu/esco/skill/fb601189-afa9-4a7b-8430-21a906483072,FPGA,exact
5b693a29-03f8-4b58-9922-c9949ca8ab9e,Systemdesign,Vil du jobbe med elektronikk og bidra til å utvikle løsninger som gjør en forskjell?,"Utviklingsingeniør elektronikk og telekommunikasjon, Elektronikkingeniører, Elektronikkingeniører, Elektronikktekniker, tekniker, mikroelektronikk",KONGSBERG,http://data.europa.eu/esco/skill/fae27053-8924-4bfd-b565-c9fe502044c9,systemdesign,exact
7ed18ec4-889e-4e56-88b7-76ca08fd09d3,Digitalisering,Rådgiver faktura,"Revisorer, regnskapsrådgivere, regnskapsfører, Regnskapsrådgiver",STAVANGER,http://data.europa.eu/esco/skill/aa0d8201-5a8e-417f-81f4-c04601139582,digitalisering,exact
02077652-7807-4dcf-9969-8090997d7c9b,Digitalisering,Avdelingsleder tjenesteforvaltning og infrastruktur,"Avdelingsleder, Avdelingsleder, Andre ledere av produksjon og tjenesteyting",SANDNES,http://data.europa.eu/esco/skill/aa0d8201-5a8e-417f-81f4-c04601139582,digitalisering,exact
02077652-7807-4dcf-9969-8090997d7c9b,Informasjonssikkerhet,Avdelingsleder tjenesteforvaltning og infrastruktur,"Avdelingsleder, Avdelingsleder, Andre ledere av produksjon og tjenesteyting",SANDNES,http://data.europa.eu/esco/skill/8088750d-8388-4170-a76f-48354c469c44,informasjonssikkerhet,exact
06793437-25e7-4333-8de9-e14635773e8d,Digitalisering,Vil du videreutvikle Norges KI-politikk? ,"Høyere saksbehandlere i offentlig og privat virksomhet, Høyere saksbehandlere i offentlig og privat virksomhet, Høyere saksbehandlere i offentlig og privat virksomhet, Utredningsleder juridisk utredning, offentlig administrasjon, Seniorrådgiver offentlig administrasjon",OSLO,http://data.europa.eu/esco/skill/aa0d8201-5a8e-417f-81f4-c04601139582,digitalisering,exact
0ed34362-9a7d-4507-ab75-5297692d6600,Maskinlæring,PhD Candidate in Artic Maritime Operations AI-Enabled Forecasting and Decision Support,"Universitets- og høyskolelektorer/-lærere, Postdoktor, Universitets- og høyskolelektorer/-lærere",TRONDHEIM,http://data.europa.eu/esco/skill/3a2d5b45-56e4-4f5a-a55a-4a4a65afdc43,maskinlæring,exact
12376080-7fe2-461a-87dc-3c3cc47ced83,Digitalisering,IAM Spesialist,"Applikasjonsutvikler (IAM), Applikasjonsutvikler (IAM), Applikasjonsprogrammerere",OSLO,http://data.europa.eu/esco/skill/aa0d8201-5a8e-417f-81f4-c04601139582,digitalisering,exact
12376080-7fe2-461a-87dc-3c3cc47ced83,IAM,IAM Spesialist,"Applikasjonsutvikler (IAM), Applikasjonsutvikler (IAM), Applikasjonsprogrammerere",OSLO,http://data.europa.eu/esco/skill/33efa504-2f26-424d-b662-cee77e6e9c93,IAM,exact
12376080-7fe2-461a-87dc-3c3cc47ced83,IT-sikkerhet,IAM Spesialist,"Applikasjonsutvikler (IAM), Applikasjonsutvikler (IAM), Applikasjonsprogrammerere",OSLO,http://data.europa.eu/esco/skill/8088750d-8388-4170-a76f-48354c469c44,IT-sikkerhet,exact
1537927f-0afa-4dd9-9b5b-f7d121cf32b1,.NET,Systemutvikler,"Systemutvikler, Systemutvikler, Systemanalytikere/-arkitekter",TRONDHEIM,http://data.europa.eu/esco/skill/13bdd41a-2a18-441f-96db-41252c519413,.NET,exact
1537927f-0afa-4dd9-9b5b-f7d121cf32b1,C#,Systemutvikler,"Systemutvikler, Systemutvikler, Systemanalytikere/-arkitekter",TRONDHEIM,http://data.europa.eu/esco/skill/4c016b68-4116-468c-9dc6-42710c239e4a,C#,exact
1537927f-0afa-4dd9-9b5b-f7d121cf32b1,IT,Systemutvikler,"Systemutvikler, Systemutvikler, Systemanalytikere/-arkitekter",TRONDHEIM,http://data.europa.eu/esco/skill/ddc3119d-1d6e-4324-9125-a3380d299ac5,IT,exact
169f590f-1e99-421f-815d-e5c8bab458cb,GIS,Ingeniør GIS og geodata,"Landmålere, kartografer mv., GIS spesialist, GIS-spesialist, Sivilingeniører (geofag, petro-leumsteknologi, metallurgi mv.);, Geodataingeniør",LØRENSKOG,http://data.europa.eu/esco/skill/377861af-f966-4c87-a2db-7e99904312b9,gis,exact
4fecacee-affc-43dc-a2ab-6237b6f9f7cd,.NET,Vil du være med å utvikle viktige digitale løsninger?,"Systemanalytikere/-arkitekter, Systemutvikler, Systemanalytikere/-arkitekter, Rådgiver digital samhandling, Systemanalytikere/-arkitekter, Rådgiver data, IKT-konsulent",OSLO,http://data.europa.eu/esco/skill/13bdd41a-2a18-441f-96db-41252c519413,.NET,exact
4fecacee-affc-43dc-a2ab-6237b6f9f7cd,C#,Vil du være med å utvikle viktige digitale løsninger?,"Systemanalytikere/-arkitekter, Systemutvikler, Systemanalytikere/-arkitekter, Rådgiver digital samhandling, Systemanalytikere/-arkitekter, Rådgiver data, IKT-konsulent",OSLO,http://data.europa.eu/esco/skill/4c016b68-4116-468c-9dc6-42710c239e4a,C#,exact
4fecacee-affc-43dc-a2ab-6237b6f9f7cd,Digitalisering,Vil du være med å utvikle viktige digitale løsninger?,"Systemanalytikere/-arkitekter, Systemutvikler, Systemanalytikere/-arkitekter, Rådgiver digital samhandling, Systemanalytikere/-arkitekter, Rådgiver data, IKT-konsulent",OSLO,http://data.europa.eu/esco/skill/aa0d8201-5a8e-417f-81f4-c04601139582,digitalisering,exact
4fecacee-affc-43dc-a2ab-6237b6f9f7cd,IT,Vil du være med å utvikle viktige digitale løsninger?,"Systemanalytikere/-arkitekter, Systemutvikler, Systemanalytikere/-arkitekter, Rådgiver digital samhandling, Systemanalytikere/-arkitekter, Rådgiver data, IKT-konsulent",OSLO,http://data.europa.eu/esco/skill/ddc3119d-1d6e-4324-9125-a3380d299ac5,IT,exact
55e14807-8a63-4c3e-ad73-156112680d4d,Hjelpemidler,Ergoterapeut i mestringsteam,"Ergoterapeuter, Ergoterapeut",SAGSTUA,http://data.europa.eu/esco/skill/8759c352-8b00-498f-985a-935f13e1b043,hjelpemidler,exact
5d7181bd-c99e-4a85-8776-9a7d55d0bd6d,Digitalisering,Rådgiver (IT-arkivar),"Høyere saksbehandlere i offentlig og privat virksomhet, Rådgiver (offentlig administrasjon), Høyere saksbehandlere i offentlig og privat virksomhet, IT-arkivar, IT-arkivar, Arkivarer og kuratorer",HOMMELVIK,http://data.europa.eu/esco/skill/aa0d8201-5a8e-417f-81f4-c04601139582,digitalisering,exact
66dae329-fbfe-4ab3-b96d-718bce79143f,DevOps,Vil du bygge sky for graderte plattformer? Vi søker  plattformingeniører,"Sivilingeniører (geofag, petro-leumsteknologi, metallurgi mv.);, Sivilingeniører (geofag, petro-leumsteknologi, metallurgi mv.);, Applikasjonsprogrammerere, Andre programvare- og applikasjonsutviklere, programvaretester, Sivilingeniør (offshoreteknologi), Offshore boreingeniør, Linux-ingeniør, Automatiseringsingeniør kontroll og testing",OSLO,http://data.europa.eu/esco/skill/f0de4973-0a70-4644-8fd4-3a97080476f4,DevOps,exact
6867bef0-bfde-48fb-b702-8b034a6f5f67,IT, RPA Engineer,"Robotic Process Automation (RPA) Utvikler, Robotic Process Automation (RPA) Utvikler, Programvareutviklere",OSLO,http://data.europa.eu/esco/skill/ddc3119d-1d6e-4324-9125-a3380d299ac5,IT,exact
71ce38ca-0c08-451b-9764-9badf27c819b,Angular,Vil du forme fremtiden? Bli med som Fullstackutvikler og skap trygge og gode hjem!,"Programvareutviklere, Fullstackutvikler, programvareutvikler",BODØ,http://data.europa.eu/esco/skill/1ffac4ac-fda7-407d-8ed1-ca8f4a8dc146,Angular,exact
71ce38ca-0c08-451b-9764-9badf27c819b,IT,Vil du forme fremtiden? Bli med som Fullstackutvikler og skap trygge og gode hjem!,"Programvareutviklere, Fullstackutvikler, programvareutvikler",BODØ,http://data.europa.eu/esco/skill/ddc3119d-1d6e-4324-9125-a3380d299ac5,IT,exact
71ce38ca-0c08-451b-9764-9badf27c819b,Java,Vil du forme fremtiden? Bli med som Fullstackutvikler og skap trygge og gode hjem!,"Programvareutviklere, Fullstackutvikler, programvareutvikler",BODØ,http://data.europa.eu/esco/skill/19a8293b-8e95-4de3-983f-77484079c389,Java,exact
84116f51-d144-4f54-8c7c-0d696cb774bc,Digitalisering,Kommunalsjef - Personal og organisasjon,"Toppledere i offentlig administrasjon, Personalsjefer, Toppledere i interesseorganisasjoner, Andre administrative ledere, Kommunalsjef, Kommunalsjef (HR), Organisasjonssjef",ULSTEINVIK,http://data.europa.eu/esco/skill/aa0d8201-5a8e-417f-81f4-c04601139582,digitalisering,exact
8eefe1af-2271-4fca-bdd0-6340e1dd72b6,Digitalisering,Rådgiver,"Sykepleiere, Sykepleier, sykepleier",BODØ,http://data.europa.eu/esco/skill/aa0d8201-5a8e-417f-81f4-c04601139582,digitalisering,exact
bbfe85d2-fe49-49aa-9839-1d37ab4ed2d4,Digitalisering,Statsautorisert regnskapsfører,"Statsautorisert regnskapsfører, Statsautorisert regnskapsfører, Regnskapsførere",BODØ,http://data.europa.eu/esco/skill/aa0d8201-5a8e-417f-81f4-c04601139582,digitalisering,exact
e0f8ebf7-a41c-4753-b83d-de5eddc5ba8c,Angular,Er du en dyktig frontendutvikler som vil bidra til at alle skal bo godt og trygt?,"Frontend-utvikler, Frontend-utvikler, Systemanalytikere/-arkitekter",DRAMMEN,http://data.europa.eu/esco/skill/1ffac4ac-fda7-407d-8ed1-ca8f4a8dc146,Angular,exact
e0f8ebf7-a41c-4753-b83d-de5eddc5ba8c,IT,Er du en dyktig frontendutvikler som vil bidra til at alle skal bo godt og trygt?,"Frontend-utvikler, Frontend-utvikler, Systemanalytikere/-arkitekter",DRAMMEN,http://data.europa.eu/esco/skill/ddc3119d-1d6e-4324-9125-a3380d299ac5,IT,exact
e0f8ebf7-a41c-4753-b83d-de5eddc5ba8c,TypeScript,Er du en dyktig frontendutvikler som vil bidra til at alle skal bo godt og trygt?,"Frontend-utvikler, Frontend-utvikler, Systemanalytikere/-arkitekter",DRAMMEN,http://data.europa.eu/esco/skill/867137fb-ff1b-4ca3-99f3-cb6969aa2c68,TypeScript,exact
e1a07046-b212-40ff-add0-0c7de32b4c0e,Digital sikkerhet,Førsteamanuensis/førstelektor/universitetslektor/høyskolelærer i datasikkerhet,"Førsteamanuensis, Førsteamanuensis, Universitets- og høyskolelektorer/-lærere",NARVIK,http://data.europa.eu/esco/skill/8088750d-8388-4170-a76f-48354c469c44,digital sikkerhet,exact
e1a07046-b212-40ff-add0-0c7de32b4c0e,IT-sikkerhet,Førsteamanuensis/førstelektor/universitetslektor/høyskolelærer i datasikkerhet,"Førsteamanuensis, Førsteamanuensis, Universitets- og høyskolelektorer/-lærere",NARVIK,http://data.europa.eu/esco/skill/8088750d-8388-4170-a76f-48354c469c44,IT-sikkerhet,exact
e581f800-d893-4caa-a1cb-312112c99d97,elektronikk,PhD Candidate in direct-write nanopatterning of functional materials,"Universitets- og høyskolelektorer/-lærere, Stipendiat, Universitets- og høyskolelektorer/-lærere, Stipendiat",TRONDHEIM,http://data.europa.eu/esco/skill/95c35c3a-035f-47c2-90cf-7e934d20fc08,elektronikk,exact
f9834c16-a4d2-4b37-909f-d87449e511d1,Digitalisering,"Vil du lede anskaffelsen av vårt nye FDV-system?
","Høyere saksbehandlere i offentlig og privat virksomhet, Prosjektleder offentlig sektor, leder i offentlig forvaltning",HARSTAD,http://data.europa.eu/esco/skill/aa0d8201-5a8e-417f-81f4-c04601139582,digitalisering,exact
fa4a66e0-0822-4ea7-b7d3-2d210f62ff15,Kvanteteknologi,Associate Professor in theoretical or computational quantum technology,"Universitets- og høyskolelektorer/-lærere, Universitets- og høyskolelektorer/-lærere, Førsteamanuensis, Førsteamanuensis, Professor",OSLO,http://data.europa.eu/esco/skill/89839842-a111-411f-b64a-94354d6118e0,kvanteteknologi,exact
19d223a6-09af-47c0-9805-ecb2f59756bf,C++,Brenner du for ledelse og teknologi?,"Programvareutvikler, Programvareutvikler, Programvareutviklere",KONGSBERG,http://data.europa.eu/esco/skill/b633eb55-8f1f-4ae6-ab4c-2022ffe2cb7f,C++,exact
19d223a6-09af-47c0-9805-ecb2f59756bf,Scrum,Brenner du for ledelse og teknologi?,"Programvareutvikler, Programvareutvikler, Programvareutviklere",KONGSBERG,http://data.europa.eu/esco/skill/bec4359e-cb92-468f-a997-8fb28e32fba9,Scrum,exact
77146623-50e6-42f9-b913-d59b15f8da96,Elektronikk,Vil du jobbe med komplekse systemer og bidra til å trygge nasjonens sikkerhet?,"Prosjektingeniør, Andre sivilingeniører( unntatt elektroteknologi), Serviceelektronikere, Elektroniker (dataelektroniker), Serviceelektronikere",KONGSBERG,http://data.europa.eu/esco/skill/95c35c3a-035f-47c2-90cf-7e934d20fc08,elektronikk,exact
