job_id,skill,title,category,city,esco_uri,esco_label,match_method,retrieval_score,rerank_score,rerank_margin
0112ac82-d16e-449b-8ae0-17e5bb874829,Digitalisering,Vil du være med å styrke vår informasjonsforvaltning? ,Not classified,LØRENSKOG,http://data.europa.eu/esco/skill/aa0d8201-5a8e-417f-81f4-c04601139582,digitalisering,exact,,1.0,
18cc3948-fec9-4983-9793-a5ac7f98c67c,Produktutvikling,Vi søker en dyktig teknisk supportingeniør - bli med og forme fremtiden i et inkluderende ingeniørmiljø,"Prosjektingeniør teknisk salg, Prosjektingeniør teknisk salg, Salgskonsulenter innen tekniske og medisinske produkter",KONGSBERG,http://data.europa.eu/esco/skill/4f6b656a-54d0-48ce-9b55-ebcac5904a14,håndtere geospatiale teknologier,digital_consensus,0.6504983901977539,0.9169093370437622,0.013612568378448486
4cd9091f-5a0f-4271-9f6d-0436888b9900,IKT-kunnskaper,Kokk,"Kokk, Kokk, Kokker",DRAMMEN,http://data.europa.eu/esco/skill/778ca7ad-6c5d-4868-9b96-a7777dca799c,IKT-hjelpeplattformer,digital_consensus,0.5302542448043823,0.9361038208007812,0.931604131590575
6470b8a9-c494-4fbf-aff8-d4f0ad7dcea5,Dataanalyse,Vil du være med på å forme fremtidens forsvarssystemer?,Not classified,KONGSBERG,http://data.europa.eu/esco/skill/97bd1c21-66b2-4b7e-ad0f-e3cda590e378,dataanalyse,exact,,1.0,
6470b8a9-c494-4fbf-aff8-d4f0ad7dcea5,Produktutvikling,Vil du være med på å forme fremtidens forsvarssystemer?,Not classified,KONGSBERG,http://data.europa.eu/esco/skill/4f6b656a-54d0-48ce-9b55-ebcac5904a14,håndtere geospatiale teknologier,digital_consensus,0.6504983901977539,0.9169093370437622,0.013612568378448486
a7f14e17-504c-4407-94c6-c24ab9096410,Hjelpemidler,Fysioterapeut til barn og unge,"Fysioterapeut, Fysioterapeut, Fysioterapeuter",DRAMMEN,http://data.europa.eu/esco/skill/8759c352-8b00-498f-985a-935f13e1b043,hjelpemidler,exact,,1.0,
a855c793-cccc-45ea-ab42-b3506dcbfd92,ERP,Har du lyst til å bidra til å utvikle Forsvarets styringsløsninger?,Not classified,OSLO,http://data.europa.eu/esco/skill/09f4c52b-ac72-4f0e-a8ae-78bb1d7bffba,transportprogramvare relatert til et ERP-system,digital_consensus,0.5528852343559265,0.9972111582756042,0.9701170120388269
a855c793-cccc-45ea-ab42-b3506dcbfd92,IT,Har du lyst til å bidra til å utvikle Forsvarets styringsløsninger?,Not classified,OSLO,http://data.europa.eu/esco/skill/ddc3119d-1d6e-4324-9125-a3380d299ac5,IT,exact,,1.0,
a855c793-cccc-45ea-ab42-b3506dcbfd92,SAP,Har du lyst til å bidra til å utvikle Forsvarets styringsløsninger?,Not classified,OSLO,http://data.europa.eu/esco/skill/f8e3425c-fe44-4ffb-bafe-0e20d91dadf4,SAP,exact,,1.0,
c075b7d8-8703-4403-9e30-94b1081429d8,Krypto,Ønsker du å jobbe med kryptoforvaltning?,Not classified,KOLSÅS,http://data.europa.eu/esco/skill/2174c1b0-e13c-4850-8e4d-2bc6183018bf,krypto,exact,,1.0,
d2a1afdd-ffaa-4b73-8a8e-0f97c1710cdd,Dataanalyse,Rådgiver/seniorrådgiver strategi,Not classified,OSLO,http://data.europa.eu/esco/skill/97bd1c21-66b2-4b7e-ad0f-e3cda590e378,dataanalyse,exact,,1.0,
d2a1afdd-ffaa-4b73-8a8e-0f97c1710cdd,Kvantitativ analyse,Rådgiver/seniorrådgiver strategi,Not classified,OSLO,http://data.europa.eu/esco/skill/6360a934-cc87-4954-9656-b32db20592e3,kvantitativ analyse,exact,,1.0,
daca1d3c-d0fe-470b-a075-3b9cfe3b455b,Hjelpemidler,Vi søker etter,"Ergoterapeut, Ergoterapeut, Ergoterapeuter",TØNSBERG,http://data.europa.eu/esco/skill/8759c352-8b00-498f-985a-935f13e1b043,hjelpemidler,exact,,1.0,
e811c6e2-f4bd-46dc-9502-a10911568299,Elektronikk,Vi søker dyktige elektroressurser - bli med og forme fremtiden i et inkluderende ingeniørmiljø,"Arealplanlegger, Arealplanlegger, Arealplanleggere",KONGSBERG,http://data.europa.eu/esco/skill/95c35c3a-035f-47c2-90cf-7e934d20fc08,elektronikk,exact,,1.0,
e811c6e2-f4bd-46dc-9502-a10911568299,Produktutvikling,Vi søker dyktige elektroressurser - bli med og forme fremtiden i et inkluderende ingeniørmiljø,"Arealplanlegger, Arealplanlegger, Arealplanleggere",KONGSBERG,http://data.europa.eu/esco/skill/4f6b656a-54d0-48ce-9b55-ebcac5904a14,håndtere geospatiale teknologier,digital_consensus,0.6504983901977539,0.9169093370437622,0.013612568378448486
e811c6e2-f4bd-46dc-9502-a10911568299,Systemutvikling,Vi søker dyktige elektroressurser - bli med og forme fremtiden i et inkluderende ingeniørmiljø,"Arealplanlegger, Arealplanlegger, Arealplanleggere",KONGSBERG,http://data.europa.eu/esco/skill/21d2f96d-35f7-4e3f-9745-c533d2dd6e97,dataprogrammering,digital_consensus,0.6049041152000427,0.9194501638412476,0.19810181856155396
ecf23cc5-ca4e-45de-b693-abd78657f303,Programvareutvikling,Nasjonal sikkerhetsmyndighet søker ingeniør for test av elektromagnetisk stråling (TEMPEST),"Tester av fartøysmotorer, Tester av fartøysmotorer, Maskiningeniører",FORNEBU,http://data.europa.eu/esco/skill/21d2f96d-35f7-4e3f-9745-c533d2dd6e97,dataprogrammering,digital_consensus,0.5329556465148926,0.9873233437538147,0.12117928266525269
ecf23cc5-ca4e-45de-b693-abd78657f303,Signalbehandling,Nasjonal sikkerhetsmyndighet søker ingeniør for test av elektromagnetisk stråling (TEMPEST),"Tester av fartøysmotorer, Tester av fartøysmotorer, Maskiningeniører",FORNEBU,http://data.europa.eu/esco/skill/cfa2be0d-96d5-4017-a866-962efb9c5070,signalbehandling,exact,,1.0,
4d96f648-4c04-492a-a3e7-1e5be217464c,AI,Vil du jobbe som Superselger innen AI-Agent løsninger i et digitalt webbyrå?,"Markedsføringsrepresentant, Reklame- og markedsføringsrådgivere",ASKER,http://data.europa.eu/esco/skill/e465a154-93f7-4973-9ce1-31659fe16dd2,prinsipper for kunstig intelligens,digital_consensus,0.5584366917610168,0.99960857629776,0.001320481300354004
f1a12faa-ec3b-4cd5-aa18-ca304aaf518c,AI,Vil du bygge kompetanse innen risiko og personvern i et ledende fagmiljø?,"Jurister og advokater, Finans- og investeringsrådgivere, Rådgivere/forskere, samfunnsøkonomi, Systemanalytikere/-arkitekter, dataingeniør, Jurist, Risikocontroller bank, Økonom, Informatiker",OSLO,http://data.europa.eu/esco/skill/e465a154-93f7-4973-9ce1-31659fe16dd2,prinsipper for kunstig intelligens,digital_consensus,0.5584366917610168,0.99960857629776,0.001320481300354004
890ec532-b3aa-462f-b208-4792ecca7ad8,IT-prosjekt,Vi søker en erfaren Scrum Master!,"Ledere av IKT-enheter, Scrum Master, Scrum Master",BERGEN,http://data.europa.eu/esco/skill/bec4359e-cb92-468f-a997-8fb28e32fba9,Metoder innen IKT-prosjektledelse,digital_consensus,0.5568580627441406,0.9992220401763916,0.0009100437164306641
890ec532-b3aa-462f-b208-4792ecca7ad8,Smidig,Vi søker en erfaren Scrum Master!,"Ledere av IKT-enheter, Scrum Master, Scrum Master",BERGEN,http://data.europa.eu/esco/skill/bec4359e-cb92-468f-a997-8fb28e32fba9,smidig,exact,,1.0,
1e8e31af-c38f-4e17-8677-26a3daa1fa30,ERP,"Har du stor interesse for systemer og struktur, og ønsker å jobbe med innkjøp?","Innkjøpere, Innkjøper, Innkjøper",BILLINGSTAD,http://data.europa.eu/esco/skill/09f4c52b-ac72-4f0e-a8ae-78bb1d7bffba,transportprogramvare relatert til et ERP-system,digital_consensus,0.5528852343559265,0.9972111582756042,0.9701170120388269
1e8e31af-c38f-4e17-8677-26a3daa1fa30,Masterdata,"Har du stor interesse for systemer og struktur, og ønsker å jobbe med innkjøp?","Innkjøpere, Innkjøper, Innkjøper",BILLINGSTAD,http://data.europa.eu/esco/skill/21d2f96d-35f7-4e3f-9745-c533d2dd6e97,dataprogrammering,digital_consensus,0.5863476991653442,0.968960165977478,0.016461968421936035
e0d254a7-20ef-4aea-bc10-e04ca05fcfe3,Kundesupport,Join our Customer Support team -- two-year temporary position,"Informasjonsskrankemedarbeidere, Kundebehandler",ARENDAL,http://data.europa.eu/esco/skill/db36f7f1-5900-45bd-9ffb-f2b19c4362ac,støtte IKT-systembrukere,digital_consensus,0.5482102036476135,0.9978213310241699,0.016304969787597656
8a8a6641-2f24-41dc-ad9e-5587cbfb40da,Elektronikk,Shop Assistant,"Butikkmedarbeidere, Butikkmedarbeidere, salgsassistent, Butikkmedarbeider, Kundeservicemedarbeider (salg)",STEINKJER,http://data.europa.eu/esco/skill/95c35c3a-035f-47c2-90cf-7e934d20fc08,elektronikk,exact,,1.0,
8e62a09d-fe99-4c45-b6c1-fda6458bda5f,Adobe Creative Cloud,Vil du være med og forme hvordan en av Norges største merkevarer kommuniserer med bruk av video og motion?,"Regissører, Produsent, Produsent",OSLO,http://data.europa.eu/esco/skill/719d8699-a221-4b5a-8fc3-68a8645cbe03,Adobe Creative Cloud,exact,,1.0,
8e62a09d-fe99-4c45-b6c1-fda6458bda5f,Visuell design,Vil du være med og forme hvordan en av Norges største merkevarer kommuniserer med bruk av video og motion?,"Regissører, Produsent, Produsent",OSLO,http://data.europa.eu/esco/skill/7fb699d9-182a-430e-b7a0-6d8ed05c284b,grafisk design,digital_consensus,0.729133129119873,0.9825819730758667,0.4967925548553467
8ac09822-887f-4c0c-a9b3-8f5c5891c547,AI-utvikler,KI-utvikler,"Politiinspektør, Politiinspektør, Politibetjenter mv.",TRONDHEIM,http://data.europa.eu/esco/skill/e465a154-93f7-4973-9ce1-31659fe16dd2,prinsipper for kunstig intelligens,digital_consensus,0.597407341003418,0.9969987869262695,0.019451379776000977
8ac09822-887f-4c0c-a9b3-8f5c5891c547,Dataplattform,KI-utvikler,"Politiinspektør, Politiinspektør, Politibetjenter mv.",TRONDHEIM,http://data.europa.eu/esco/skill/3ec2e4d6-7000-4905-bf1a-c5b1679416de,datavarehus,digital_consensus,0.5975717306137085,0.9994984865188599,0.0007398128509521484
8ac09822-887f-4c0c-a9b3-8f5c5891c547,Maskinlæring,KI-utvikler,"Politiinspektør, Politiinspektør, Politibetjenter mv.",TRONDHEIM,http://data.europa.eu/esco/skill/3a2d5b45-56e4-4f5a-a55a-4a4a65afdc43,maskinlæring,exact,,1.0,
8ac09822-887f-4c0c-a9b3-8f5c5891c547,Produktutvikling,KI-utvikler,"Politiinspektør, Politiinspektør, Politibetjenter mv.",TRONDHEIM,http://data.europa.eu/esco/skill/4f6b656a-54d0-48ce-9b55-ebcac5904a14,håndtere geospatiale teknologier,digital_consensus,0.6504983901977539,0.9169093370437622,0.013612568378448486
8ac09822-887f-4c0c-a9b3-8f5c5891c547,Python,KI-utvikler,"Politiinspektør, Politiinspektør, Politibetjenter mv.",TRONDHEIM,http://data.europa.eu/esco/skill/ccd0a1d9-afda-43d9-b901-96344886e14d,Python,exact,,1.0,
96907104-623f-42e6-aa9a-012ea00bfe3c,Fullstack utvikler,Bergens mest åpenbare tech-valg!,"Programvareutviklere, Programmerer, Programmerer, Softwareingeniør",BERGEN,http://data.europa.eu/esco/skill/21d2f96d-35f7-4e3f-9745-c533d2dd6e97,dataprogrammering,digital_consensus,0.60097736120224,0.9972906708717346,0.0015881061553955078
96907104-623f-42e6-aa9a-012ea00bfe3c,Systemarkitekt,Bergens mest åpenbare tech-valg!,"Programvareutviklere, Programmerer, Programmerer, Softwareingeniør",BERGEN,http://data.europa.eu/esco/skill/21d2f96d-35f7-4e3f-9745-c533d2dd6e97,dataprogrammering,digital_consensus,0.5813876986503601,0.986229658126831,0.0011911988258361816
96907104-623f-42e6-aa9a-012ea00bfe3c,Webutvikling,Bergens mest åpenbare tech-valg!,"Programvareutviklere, Programmerer, Programmerer, Softwareingeniør",BERGEN,http://data.europa.eu/esco/skill/21d2f96d-35f7-4e3f-9745-c533d2dd6e97,dataprogrammering,digital_consensus,0.6107942461967468,0.8154075741767883,0.15142208337783813
955a6cf4-4618-4d6b-899d-97c6abca6f6a,Digitalisering,Vil du forme fremtidens Juristforbund?,"Andre ledere av produksjon og tjenesteyting, avdelingsleder, Avdelingsleder",OSLO,http://data.europa.eu/esco/skill/aa0d8201-5a8e-417f-81f4-c04601139582,digitalisering,exact,,1.0,
bf98cfe4-538f-4a37-9bbb-07de802868bd,SAS,Er du vår neste Senioringeniør? Bli med på laget!,"Sivilingeniører (elkraftteknikk), Senioringeniør Elektro, Senioringeniør Elektro",SANDSLI,http://data.europa.eu/esco/skill/04f1b938-d4d4-4cb1-a863-982af76b9d93,SAS-språk,digital_consensus,0.5080873370170593,0.9999748468399048,0.00015944242477416992
bf98cfe4-538f-4a37-9bbb-07de802868bd,Telecom,Er du vår neste Senioringeniør? Bli med på laget!,"Sivilingeniører (elkraftteknikk), Senioringeniør Elektro, Senioringeniør Elektro",SANDSLI,http://data.europa.eu/esco/skill/14764a75-3104-4875-ba1d-57c059b9b013,telekommunikasjonsteknikk,digital_consensus,0.5549701452255249,0.9992813467979431,0.0044498443603515625
0a1cf5b8-f771-4b41-90ee-d116e74803e6,GDPR,Legal Counsel -- tett på forretningen i et nordisk teknologikonsern i utvikling,"Jurister og advokater, Jurister og advokater, advokat, Bedriftsjurist, Advokat",OSLO,http://data.europa.eu/esco/skill/d3e9b00a-0891-4fa8-836d-8240ec3d2758,GDPR,exact,,1.0,
0a1cf5b8-f771-4b41-90ee-d116e74803e6,IT Security,Legal Counsel -- tett på forretningen i et nordisk teknologikonsern i utvikling,"Jurister og advokater, Jurister og advokater, advokat, Bedriftsjurist, Advokat",OSLO,http://data.europa.eu/esco/skill/8088750d-8388-4170-a76f-48354c469c44,IT security,exact,,1.0,
07350979-7266-4744-bf9c-f9c551970aa4,IT,Onitio søker kommersielt sterk Account Executive,"Salgskonsulenter innen tekniske og medisinske produkter, Ettersalgsansvarlig, Ettersalgsansvarlig",OSLO,http://data.europa.eu/esco/skill/ddc3119d-1d6e-4324-9125-a3380d299ac5,IT,exact,,1.0,
0d0fb5d2-5dd3-4504-8944-3da596bebc16,Digitalisering,Er du klar til å lede og videreutvikle hvordan vi jobber med vekt og estimering i en digital fremtid?,"Personalsjefer, Personalsjef, Personalsjef",STAVANGER,http://data.europa.eu/esco/skill/aa0d8201-5a8e-417f-81f4-c04601139582,digitalisering,exact,,1.0,
14e9ca94-64c9-4839-8918-a0089ce8f042,ERP,Join Us as a Production Purchaser,"Innkjøpere, Innkjøper, Innkjøper",KRISTIANSAND S,http://data.europa.eu/esco/skill/09f4c52b-ac72-4f0e-a8ae-78bb1d7bffba,transportprogramvare relatert til et ERP-system,digital_consensus,0.5528852343559265,0.9972111582756042,0.9701170120388269
487d2d6a-6f63-4ebe-b58f-73d1235c4d57,Sem,Bli vår nye HR-konsulent i Adecco Vestfold og Telemark,"Personal- og karriererådgivere, Personalkonsulent, Personalkonsulent",SEM,http://data.europa.eu/esco/skill/eda4d727-4374-49af-ace4-118c7c906835,SEM,exact,,1.0,
07c144ef-ae8d-4de8-a921-ade3fb0c02fc,Elektronikk,Teknisk konsulent - Service tekniker søkes,"Andre ingeniører, Bilmekanikere, Serviceelektronikere, Automatikere, automasjonsingeniør, Teknisk rådgiver, Mekanikere for elektriske kjøretøy, Elektronikkinstallatør, kjøretøy, Automatiker",OSLO,http://data.europa.eu/esco/skill/95c35c3a-035f-47c2-90cf-7e934d20fc08,elektronikk,exact,,1.0,
4eb86ffc-fe8b-462d-b9c6-b71d05d60fd0,Automatiker,Bli vår nye servicetekniker!,"Andre ingeniører, Automatikere, Anleggsmaskin- og industrimekanikere, industrimekaniker, Servicetekniker, Automatiker, Industrimekaniker",FURNES,http://data.europa.eu/esco/skill/7a950986-27fe-4b6c-adf3-88f211e77019,robotkomponenter,digital_consensus,0.6843463182449341,0.9831464886665344,0.0006955862045288086
145e0f81-5bf3-4d64-a0d0-1f528e475a7d,Informasjonssikkerhet,Seniorrådgiver teknologi,Not classified,OSLO,http://data.europa.eu/esco/skill/8088750d-8388-4170-a76f-48354c469c44,informasjonssikkerhet,exact,,1.0,
145e0f81-5bf3-4d64-a0d0-1f528e475a7d,Informatikk,Seniorrådgiver teknologi,Not classified,OSLO,http://data.europa.eu/esco/skill/7b5cce4d-c7fe-4119-b48f-70aa05391787,informatikk,exact,,1.0,
145e0f81-5bf3-4d64-a0d0-1f528e475a7d,Systemutvikling,Seniorrådgiver teknologi,Not classified,OSLO,http://data.europa.eu/esco/skill/21d2f96d-35f7-4e3f-9745-c533d2dd6e97,dataprogrammering,digital_consensus,0.6049041152000427,0.9194501638412476,0.19810181856155396
310d7b19-9ab0-4b2a-91bd-372437af5bc0,SAP,Ønsker du en spennende jobb i et internasjonalt prosjektmiljø?,"Prosjektkoordinator skipsteknikk og -systemer, Prosjektkoordinator skipsteknikk og -systemer, Sivilingeniører (maskin- og marinteknikk)",BERGEN,http://data.europa.eu/esco/skill/f8e3425c-fe44-4ffb-bafe-0e20d91dadf4,SAP,exact,,1.0,
56330d06-3e0d-486e-b42b-3d366916b745,Dataanalytiker,Dataanalytiker,"Dataanalytiker, Dataanalytiker, Systemanalytikere/-arkitekter",OSLO,http://data.europa.eu/esco/skill/3ec2e4d6-7000-4905-bf1a-c5b1679416de,datavarehus,digital_consensus,0.6028291583061218,0.9999380111694336,1.7881393432617188e-06
56330d06-3e0d-486e-b42b-3d366916b745,Maskinlæring,Dataanalytiker,"Dataanalytiker, Dataanalytiker, Systemanalytikere/-arkitekter",OSLO,http://data.europa.eu/esco/skill/3a2d5b45-56e4-4f5a-a55a-4a4a65afdc43,maskinlæring,exact,,1.0,
56330d06-3e0d-486e-b42b-3d366916b745,Python,Dataanalytiker,"Dataanalytiker, Dataanalytiker, Systemanalytikere/-arkitekter",OSLO,http://data.europa.eu/esco/skill/ccd0a1d9-afda-43d9-b901-96344886e14d,Python,exact,,1.0,
7a59c24e-03b4-4dcc-8389-afc1f43ae4c3,IKT-sikkerhet,Vil styrke arbeidet med sikkerhet knyttet til kunstig intelligens?,"Seniorkonsulent data, Seniorkonsulent data, Systemanalytikere/-arkitekter",OSLO,http://data.europa.eu/esco/skill/c453cf81-6197-428e-84c6-70c773b63f27,Arkitektoniske IKT-rammeverk,digital_consensus,0.5389004349708557,0.9365342855453491,0.9244071943685412
7a59c24e-03b4-4dcc-8389-afc1f43ae4c3,cybersikkerhet,Vil styrke arbeidet med sikkerhet knyttet til kunstig intelligens?,"Seniorkonsulent data, Seniorkonsulent data, Systemanalytikere/-arkitekter",OSLO,http://data.europa.eu/esco/skill/8088750d-8388-4170-a76f-48354c469c44,cybersikkerhet,exact,,1.0,
b0a54bdd-d542-4838-91b1-7e10bd45bb2a,GIS,Vil du bidra til å sikre samfunnskritisk infrastruktur i Arktis?,"Prosjektingeniør (vann- og avløp), Prosjektingeniør (vann- og avløp), Sivilingeniører (bygg og anlegg)",LONGYEARBYEN,http://data.europa.eu/esco/skill/377861af-f966-4c87-a2db-7e99904312b9,gis,exact,,1.0,
c4e2148d-875d-4a13-bb63-112fae7a253d,Digital kommunikasjon,Kommunikasjonsrådgiver til forskningsformidling,"Kommunikasjonsrådgiver, Kommunikasjonsrådgiver, Informasjonsrådgivere",OSLO,http://data.europa.eu/esco/skill/234aeb8d-56c3-4531-9193-1c5e6a8d16cb,bruke presentasjonsprogramvare,digital_consensus,0.5378857851028442,0.9831987023353577,0.009777486324310303
d222b25c-1a14-4a1f-bdf6-2fb3f4aaf198,Digitalisering,Kan du gi over 50 virksomheter et felles språk? ,Not classified,OSLO,http://data.europa.eu/esco/skill/aa0d8201-5a8e-417f-81f4-c04601139582,digitalisering,exact,,1.0,
d222b25c-1a14-4a1f-bdf6-2fb3f4aaf198,Systemutvikling,Kan du gi over 50 virksomheter et felles språk? ,Not classified,OSLO,http://data.europa.eu/esco/skill/21d2f96d-35f7-4e3f-9745-c533d2dd6e97,dataprogrammering,digital_consensus,0.6049041152000427,0.9194501638412476,0.19810181856155396
41279c0a-eb84-4864-b22c-aaf071d76da8,Manikyrist,Lakkbar Lambertseter Storsenter søker negledesigner ,"Negletekniker, Kosmetologer mv.",OSLO,http://data.europa.eu/esco/skill/21d2f96d-35f7-4e3f-9745-c533d2dd6e97,dataprogrammering,digital_consensus,0.5000888705253601,0.8150707483291626,0.19675719738006592
9b3ce7f9-cc5f-42bb-ba3f-f5a0dadf1a96,Elektronikk,Kjell & Co Tromsø søker butikksjef!,"Butikksjef, Butikksjef, Varehandelssjefer",TROMSØ,http://data.europa.eu/esco/skill/95c35c3a-035f-47c2-90cf-7e934d20fc08,elektronikk,exact,,1.0,
f95009f2-d83a-4716-80a6-d5a88158c411,Teleskoptruckfører,Er du vår nye teleskoptruckfører innen rigg på byggeplass?,"Truckfører stortruck, Truckfører stortruck, Truckførere",Missing location,http://data.europa.eu/esco/skill/b3f971b2-6c11-43d3-b5ce-8ba7f5a223c7,satellittyper,digital_consensus,0.5247578620910645,0.9835897088050842,0.0006708502769470215
d683be55-4a74-4461-8e76-e875ec81fe35,Digitalisering,Fullstack-utvikler digitale løsninger,"Full-stack-utvikler, Full-stack-utvikler, Programvareutviklere",DRAMMEN,http://data.europa.eu/esco/skill/aa0d8201-5a8e-417f-81f4-c04601139582,digitalisering,exact,,1.0,
d683be55-4a74-4461-8e76-e875ec81fe35,Programmerer,Fullstack-utvikler digitale løsninger,"Full-stack-utvikler, Full-stack-utvikler, Programvareutviklere",DRAMMEN,http://data.europa.eu/esco/skill/21d2f96d-35f7-4e3f-9745-c533d2dd6e97,dataprogrammering,digital_consensus,0.6060227751731873,0.9829521775245667,0.035317838191986084
d683be55-4a74-4461-8e76-e875ec81fe35,Programvareutvikling,Fullstack-utvikler digitale løsninger,"Full-stack-utvikler, Full-stack-utvikler, Programvareutviklere",DRAMMEN,http://data.europa.eu/esco/skill/21d2f96d-35f7-4e3f-9745-c533d2dd6e97,dataprogrammering,digital_consensus,0.5329556465148926,0.9873233437538147,0.12117928266525269
d683be55-4a74-4461-8e76-e875ec81fe35,Systemutvikler,Fullstack-utvikler digitale løsninger,"Full-stack-utvikler, Full-stack-utvikler, Programvareutviklere",DRAMMEN,http://data.europa.eu/esco/skill/21d2f96d-35f7-4e3f-9745-c533d2dd6e97,dataprogrammering,digital_consensus,0.6546458005905151,0.9988632202148438,0.002029597759246826
d683be55-4a74-4461-8e76-e875ec81fe35,Webutvikling,Fullstack-utvikler digitale løsninger,"Full-stack-utvikler, Full-stack-utvikler, Programvareutviklere",DRAMMEN,http://data.europa.eu/esco/skill/21d2f96d-35f7-4e3f-9745-c533d2dd6e97,dataprogrammering,digital_consensus,0.6107942461967468,0.8154075741767883,0.15142208337783813
7f189b28-8d13-4561-a3fe-ffdf17841a49,CAD,Electromechanical System Engineer- CARGOSCAN,"Sivilingeniører (elkraftteknikk);, Ingeniør, elektromekanikk, Maskiningeniører, Maskiningeniør, Elektronikkingeniører, Elektroingeniør, Elektronikkingeniører, Mekatronikkingeniør, ingeniør, mekatronikk",OSLO,http://data.europa.eu/esco/skill/9ba355be-f119-42b6-a7d6-52f6ce2e4a3f,utforme kretser ved hjelp av CAD,digital_consensus,0.6348830461502075,0.9999152421951294,0.8251167237758636
7f189b28-8d13-4561-a3fe-ffdf17841a49,Produktutvikling,Electromechanical System Engineer- CARGOSCAN,"Sivilingeniører (elkraftteknikk);, Ingeniør, elektromekanikk, Maskiningeniører, Maskiningeniør, Elektronikkingeniører, Elektroingeniør, Elektronikkingeniører, Mekatronikkingeniør, ingeniør, mekatronikk",OSLO,http://data.europa.eu/esco/skill/4f6b656a-54d0-48ce-9b55-ebcac5904a14,håndtere geospatiale teknologier,digital_consensus,0.6504983901977539,0.9169093370437622,0.013612568378448486
7f189b28-8d13-4561-a3fe-ffdf17841a49,Systemdesign,Electromechanical System Engineer- CARGOSCAN,"Sivilingeniører (elkraftteknikk);, Ingeniør, elektromekanikk, Maskiningeniører, Maskiningeniør, Elektronikkingeniører, Elektroingeniør, Elektronikkingeniører, Mekatronikkingeniør, ingeniør, mekatronikk",OSLO,http://data.europa.eu/esco/skill/fae27053-8924-4bfd-b565-c9fe502044c9,systemdesign,exact,,1.0,
c8d8037f-91e0-40bd-b23c-d852ec75c3f1,CNC-operatør,Industrimekaniker og CNC Operatør,"Anleggsmaskin- og industrimekanikere, Industrimekaniker, Verktøymaker, låsesmeder mv., CNC-operatør, operatør av CNC-maskin",EIKEN,http://data.europa.eu/esco/skill/6f728d63-5c45-40b3-8bfd-e17c5dba28ad,håndtere CNC-slipemaskin,digital_consensus,0.5746462941169739,0.9999723434448242,6.99758529663086e-05
c8d8037f-91e0-40bd-b23c-d852ec75c3f1,Tekniske tegninger,Industrimekaniker og CNC Operatør,"Anleggsmaskin- og industrimekanikere, Industrimekaniker, Verktøymaker, låsesmeder mv., CNC-operatør, operatør av CNC-maskin",EIKEN,http://data.europa.eu/esco/skill/59ea80e1-463a-4dba-82c6-d0b6d577d532,tekniske tegninger,exact,,1.0,
8085b76b-8868-4cbb-9c19-94e1ca28ae23,Digitalisering,Salgsrådgiver innen produksjonsplanlegging og digitalisering,"Salgsrepresentant, Selgere (engros), Selgere (engros);, Salgsrådgiver, Selgere (engros), Sivilingeniører (industri og produksjon);, Produksjonsplanleggingsingeniør",LARVIK,http://data.europa.eu/esco/skill/aa0d8201-5a8e-417f-81f4-c04601139582,digitalisering,exact,,1.0,
8085b76b-8868-4cbb-9c19-94e1ca28ae23,ERP,Salgsrådgiver innen produksjonsplanlegging og digitalisering,"Salgsrepresentant, Selgere (engros), Selgere (engros);, Salgsrådgiver, Selgere (engros), Sivilingeniører (industri og produksjon);, Produksjonsplanleggingsingeniør",LARVIK,http://data.europa.eu/esco/skill/09f4c52b-ac72-4f0e-a8ae-78bb1d7bffba,transportprogramvare relatert til et ERP-system,digital_consensus,0.5528852343559265,0.9972111582756042,0.9701170120388269
1074b34c-da76-455c-8f68-aef1f47b11b0,Teknisk informasjon,Technical Information (DCC),"Forfattere mv., Teknisk dokumentkontroller, teknisk kommunikatør",SANDNES,http://data.europa.eu/esco/skill/21d2f96d-35f7-4e3f-9745-c533d2dd6e97,dataprogrammering,digital_consensus,0.5641893148422241,0.9711142182350159,0.04620563983917236
ad469f72-cdae-4435-b312-87f7fdf004bc,Datasenter,Network Operations Center Specialist,"Brukerstøtte, IKT, IT Support Specialist, Nettverksansvarlige, NOC Tekniker, Driftsteknikere, IKT, IKT-tekniker, IKT-tekniker",GLOMFJORD,http://data.europa.eu/esco/skill/21d2f96d-35f7-4e3f-9745-c533d2dd6e97,dataprogrammering,digital_consensus,0.5561807155609131,0.9656215906143188,0.010419487953186035
ad469f72-cdae-4435-b312-87f7fdf004bc,NOC,Network Operations Center Specialist,"Brukerstøtte, IKT, IT Support Specialist, Nettverksansvarlige, NOC Tekniker, Driftsteknikere, IKT, IKT-tekniker, IKT-tekniker",GLOMFJORD,http://data.europa.eu/esco/skill/9d2e926f-53d9-41f5-98f3-19dfaa687f3f,NOC,exact,,1.0,
8acb051b-aa0f-45b9-b2e9-80a9fcd4cb5f,IT,Produkteier (Product Owner),"Produkteier, Produkteier, Ledere av IKT-enheter, Product Owner",LILLEHAMMER,http://data.europa.eu/esco/skill/ddc3119d-1d6e-4324-9125-a3380d299ac5,IT,exact,,1.0,
8acb051b-aa0f-45b9-b2e9-80a9fcd4cb5f,Testleder,Produkteier (Product Owner),"Produkteier, Produkteier, Ledere av IKT-enheter, Product Owner",LILLEHAMMER,http://data.europa.eu/esco/skill/21d2f96d-35f7-4e3f-9745-c533d2dd6e97,dataprogrammering,digital_consensus,0.5879353880882263,0.8702048063278198,0.08961606025695801
cb0653f4-bd64-402a-912c-b1d919dce09a,SaaS,Trigges du av å skape vekst gjennom å bygge nye kundeforhold?,"Salgskonsulent, Salgskonsulent, Selgere (engros)",HAMAR,http://data.europa.eu/esco/skill/83218cac-3599-417e-93d2-26013cdccd98,SaaS,exact,,1.0,
9ecc1a40-81bf-4c38-9390-c4bcaeeeb09a,Digital sikkerhet,"Vil du bruke teknologi og KI på nye måter, og faktisk gjøre norske skoler tryggere mens du gjør det?","Systemutvikler, Systemutvikler, Systemanalytikere/-arkitekter",TRONDHEIM,http://data.europa.eu/esco/skill/8088750d-8388-4170-a76f-48354c469c44,digital sikkerhet,exact,,1.0,
9ecc1a40-81bf-4c38-9390-c4bcaeeeb09a,IT-sikkerhet,"Vil du bruke teknologi og KI på nye måter, og faktisk gjøre norske skoler tryggere mens du gjør det?","Systemutvikler, Systemutvikler, Systemanalytikere/-arkitekter",TRONDHEIM,http://data.europa.eu/esco/skill/8088750d-8388-4170-a76f-48354c469c44,IT-sikkerhet,exact,,1.0,
9ecc1a40-81bf-4c38-9390-c4bcaeeeb09a,Informasjonssikkerhet,"Vil du bruke teknologi og KI på nye måter, og faktisk gjøre norske skoler tryggere mens du gjør det?","Systemutvikler, Systemutvikler, Systemanalytikere/-arkitekter",TRONDHEIM,http://data.europa.eu/esco/skill/8088750d-8388-4170-a76f-48354c469c44,informasjonssikkerhet,exact,,1.0,
038f6f3e-aa2b-4df8-ab83-acea96b56895,Videojournalist,videojournalist/podkast-produsent,"Videojournalist, Journalister, Journalister, Podcaster, produsent",OSLO,http://data.europa.eu/esco/skill/440d7494-3d79-4e1f-83ba-b346e116b471,betjene videoutstyr,digital_consensus,0.519559383392334,0.998653769493103,0.06555765867233276
529db6b6-135d-430f-98e4-545b423d8dc5,controller,Norges største omsorgsaktør søker Business Controller med høy gjennomføringsevne,"Business Controller, Business Controller, Finans- og investeringsrådgivere",OSLO,http://data.europa.eu/esco/skill/bf942c60-8539-4951-83ee-63f770da1cb8,programmere en CNC-kontroller,digital_consensus,0.6273438930511475,0.9980813264846802,0.0004451274871826172
c3feb5c3-e914-4074-81ec-2bc1e6458fc4,DCC,Technical Information (DCC),"Technical Specialist Information Technology, Technical Specialist Information Technology, Brukerstøttere, IKT",STAVANGER,http://data.europa.eu/esco/skill/21d2f96d-35f7-4e3f-9745-c533d2dd6e97,dataprogrammering,digital_consensus,0.5916091799736023,0.9828467965126038,0.0709296464920044
c3feb5c3-e914-4074-81ec-2bc1e6458fc4,Teknisk informasjon,Technical Information (DCC),"Technical Specialist Information Technology, Technical Specialist Information Technology, Brukerstøttere, IKT",STAVANGER,http://data.europa.eu/esco/skill/21d2f96d-35f7-4e3f-9745-c533d2dd6e97,dataprogrammering,digital_consensus,0.5641893148422241,0.9711142182350159,0.04620563983917236
ecda1926-81a3-40ff-9d03-5f59e34b77dd,Dataanalyse,"Er du nyutdannet aktuar, statistiker eller matematiker - og vil bruke modeller til å løse reelle problemer?","Aktuar, Matematikere, statistikere mv., Matematikere, statistikere mv., Statistiker, Matematikere, statistikere mv., Matematiker, matematiker",OSLO,http://data.europa.eu/esco/skill/97bd1c21-66b2-4b7e-ad0f-e3cda590e378,dataanalyse,exact,,1.0,
ecda1926-81a3-40ff-9d03-5f59e34b77dd,Python,"Er du nyutdannet aktuar, statistiker eller matematiker - og vil bruke modeller til å løse reelle problemer?","Aktuar, Matematikere, statistikere mv., Matematikere, statistikere mv., Statistiker, Matematikere, statistikere mv., Matematiker, matematiker",OSLO,http://data.europa.eu/esco/skill/ccd0a1d9-afda-43d9-b901-96344886e14d,Python,exact,,1.0,
ecda1926-81a3-40ff-9d03-5f59e34b77dd,R,"Er du nyutdannet aktuar, statistiker eller matematiker - og vil bruke modeller til å løse reelle problemer?","Aktuar, Matematikere, statistikere mv., Matematikere, statistikere mv., Statistiker, Matematikere, statistikere mv., Matematiker, matematiker",OSLO,http://data.europa.eu/esco/skill/51586df8-1c46-4b47-8583-773cb63bf00b,R,exact,,1.0,
fba67035-1381-41a8-8d9c-a2ca7a17ca57,Datasenter,Network Operation Center Manager,"Call Center Manager, Call Center Manager, Arbeidsledere for kontorpersonell",GLOMFJORD,http://data.europa.eu/esco/skill/21d2f96d-35f7-4e3f-9745-c533d2dd6e97,dataprogrammering,digital_consensus,0.5561807155609131,0.9656215906143188,0.010419487953186035
fba67035-1381-41a8-8d9c-a2ca7a17ca57,NOC,Network Operation Center Manager,"Call Center Manager, Call Center Manager, Arbeidsledere for kontorpersonell",GLOMFJORD,http://data.europa.eu/esco/skill/9d2e926f-53d9-41f5-98f3-19dfaa687f3f,NOC,exact,,1.0,
fc209958-51bb-441f-81a1-ae3dff47a372,Kundesupport,Brenner du for kundeservice og søker nye spennende utfordringer?,"Kundebehandler, Informasjonsskrankemedarbeidere, Kundesentermedarbeidere, Kundeservicemedarbeider (kontorarbeid), kundeservicemedarbeider ved kontaktsenter",OSLO,http://data.europa.eu/esco/skill/db36f7f1-5900-45bd-9ffb-f2b19c4362ac,støtte IKT-systembrukere,digital_consensus,0.5482102036476135,0.9978213310241699,0.016304969787597656
28c87f44-9f82-4822-8ac3-10a685bd5907,CNC,CNC-operatør,"CNC-operatør, CNC-operatør, Verktøymakere, låsesmeder mv.",YTRE ARNA,http://data.europa.eu/esco/skill/6f728d63-5c45-40b3-8bfd-e17c5dba28ad,håndtere CNC-slipemaskin,digital_consensus,0.5797138810157776,0.9999545812606812,0.00033664703369140625
28c87f44-9f82-4822-8ac3-10a685bd5907,CNC-operatør,CNC-operatør,"CNC-operatør, CNC-operatør, Verktøymakere, låsesmeder mv.",YTRE ARNA,http://data.europa.eu/esco/skill/6f728d63-5c45-40b3-8bfd-e17c5dba28ad,håndtere CNC-slipemaskin,digital_consensus,0.5746462941169739,0.9999723434448242,6.99758529663086e-05
0edca5b2-47a1-4291-91da-5879fd3bb162,SAP,"Fagarbeider, Industrimekaniker","Industrimekaniker, Industrimekaniker, Anleggsmaskin- og industrimekanikere",MO I RANA,http://data.europa.eu/esco/skill/f8e3425c-fe44-4ffb-bafe-0e20d91dadf4,SAP,exact,,1.0,
5b733614-d999-4d14-a425-a0ae31e64583,AI,AI Engineer / Head of AI,"Applikasjonsprogrammerere, Systemanalytikere/-arkitekter, utvikler av IKT-intelligenssystemer, EAI Ingeniør, Spesialist kunstig intelligens",OSLO,http://data.europa.eu/esco/skill/e465a154-93f7-4973-9ce1-31659fe16dd2,prinsipper for kunstig intelligens,digital_consensus,0.5584366917610168,0.99960857629776,0.001320481300354004
5b733614-d999-4d14-a425-a0ae31e64583,Maskinlæring,AI Engineer / Head of AI,"Applikasjonsprogrammerere, Systemanalytikere/-arkitekter, utvikler av IKT-intelligenssystemer, EAI Ingeniør, Spesialist kunstig intelligens",OSLO,http://data.europa.eu/esco/skill/3a2d5b45-56e4-4f5a-a55a-4a4a65afdc43,maskinlæring,exact,,1.0,
5b733614-d999-4d14-a425-a0ae31e64583,Produktutvikling,AI Engineer / Head of AI,"Applikasjonsprogrammerere, Systemanalytikere/-arkitekter, utvikler av IKT-intelligenssystemer, EAI Ingeniør, Spesialist kunstig intelligens",OSLO,http://data.europa.eu/esco/skill/4f6b656a-54d0-48ce-9b55-ebcac5904a14,håndtere geospatiale teknologier,digital_consensus,0.6504983901977539,0.9169093370437622,0.013612568378448486
5b733614-d999-4d14-a425-a0ae31e64583,Programmering,AI Engineer / Head of AI,"Applikasjonsprogrammerere, Systemanalytikere/-arkitekter, utvikler av IKT-intelligenssystemer, EAI Ingeniør, Spesialist kunstig intelligens",OSLO,http://data.europa.eu/esco/skill/21d2f96d-35f7-4e3f-9745-c533d2dd6e97,dataprogrammering,digital_consensus,0.714440643787384,0.9188328981399536,0.2761046886444092
5b733614-d999-4d14-a425-a0ae31e64583,Python,AI Engineer / Head of AI,"Applikasjonsprogrammerere, Systemanalytikere/-arkitekter, utvikler av IKT-intelligenssystemer, EAI Ingeniør, Spesialist kunstig intelligens",OSLO,http://data.europa.eu/esco/skill/ccd0a1d9-afda-43d9-b901-96344886e14d,Python,exact,,1.0,
5b733614-d999-4d14-a425-a0ae31e64583,SaaS,AI Engineer / Head of AI,"Applikasjonsprogrammerere, Systemanalytikere/-arkitekter, utvikler av IKT-intelligenssystemer, EAI Ingeniør, Spesialist kunstig intelligens",OSLO,http://data.europa.eu/esco/skill/83218cac-3599-417e-93d2-26013cdccd98,SaaS,exact,,1.0,
b5dd2b2a-5e83-42c6-96de-3895eafe052b,Automatiker,Vil du jobbe med roboter over hele Norge? - Bli med TYO og automatiser norsk industri!,"Tekniker, Tekniker, Andre ingeniører",KLEPP STASJON,http://data.europa.eu/esco/skill/7a950986-27fe-4b6c-adf3-88f211e77019,robotkomponenter,digital_consensus,0.6843463182449341,0.9831464886665344,0.0006955862045288086
b5dd2b2a-5e83-42c6-96de-3895eafe052b,Programmering,Vil du jobbe med roboter over hele Norge? - Bli med TYO og automatiser norsk industri!,"Tekniker, Tekniker, Andre ingeniører",KLEPP STASJON,http://data.europa.eu/esco/skill/21d2f96d-35f7-4e3f-9745-c533d2dd6e97,dataprogrammering,digital_consensus,0.714440643787384,0.9188328981399536,0.2761046886444092
b5dd2b2a-5e83-42c6-96de-3895eafe052b,Robottekniker,Vil du jobbe med roboter over hele Norge? - Bli med TYO og automatiser norsk industri!,"Tekniker, Tekniker, Andre ingeniører",KLEPP STASJON,http://data.europa.eu/esco/skill/7a950986-27fe-4b6c-adf3-88f211e77019,robotkomponenter,digital_consensus,0.7266364097595215,0.9971880316734314,0.38533276319503784
5769bab2-b898-42b5-8a8f-6a7cc86766f2,ERP,Vi søker systemkonsulent,"Systemanalytikere/-arkitekter, EDB-systemkonsulent, Systemanalytikere/-arkitekter, IT-Systemarkitekt, IKT-systemarkitekt",OSLO,http://data.europa.eu/esco/skill/09f4c52b-ac72-4f0e-a8ae-78bb1d7bffba,transportprogramvare relatert til et ERP-system,digital_consensus,0.5528852343559265,0.9972111582756042,0.9701170120388269
3898df8c-03f2-41cf-a032-af1ba3ec1946,Chef,KOKK - Chef De Cuisine - Fulltime,"Indisk kokk, Indisk kokk, Kokker",STAVANGER,http://data.europa.eu/esco/skill/49f85a99-086c-45b6-a6fa-eb90305af7b1,Chef (verktøy for programvarekonfigurasjonsstyring),digital_consensus,0.5692918300628662,0.9998630285263062,0.00815129280090332
0b3cf00d-32d3-4307-92e5-4a4711a7569f,Chef,KOKK - Chef De Cuisine - Fulltime,"Indisk kokk, Indisk kokk, Kokker",BRYNE,http://data.europa.eu/esco/skill/49f85a99-086c-45b6-a6fa-eb90305af7b1,Chef (verktøy for programvarekonfigurasjonsstyring),digital_consensus,0.5692918300628662,0.9998630285263062,0.00815129280090332
8f60b801-9290-47b5-92c8-4dc88cff1418,Digital kommunikasjon,Vi søker salgsmedarbeider til vårt Digitale kundesenter,"Butikkmedarbeidere, Salgsmedarbeider, Kundesentermedarbeidere, Kundesenter informasjonsarbeider, kundeservicemedarbeider ved kontaktsenter",ÅLESUND,http://data.europa.eu/esco/skill/234aeb8d-56c3-4531-9193-1c5e6a8d16cb,bruke presentasjonsprogramvare,digital_consensus,0.5378857851028442,0.9831987023353577,0.009777486324310303
8f60b801-9290-47b5-92c8-4dc88cff1418,Kundesupport,Vi søker salgsmedarbeider til vårt Digitale kundesenter,"Butikkmedarbeidere, Salgsmedarbeider, Kundesentermedarbeidere, Kundesenter informasjonsarbeider, kundeservicemedarbeider ved kontaktsenter",ÅLESUND,http://data.europa.eu/esco/skill/db36f7f1-5900-45bd-9ffb-f2b19c4362ac,støtte IKT-systembrukere,digital_consensus,0.5482102036476135,0.9978213310241699,0.016304969787597656
565ab6f5-a6f1-4979-99e2-220cf1863eba,ERP,Innkjøper -- Med ansvar for reservedeler som holder Norge på skinner,"Innkjøper, Innkjøper, Innkjøpere",DRAMMEN,http://data.europa.eu/esco/skill/09f4c52b-ac72-4f0e-a8ae-78bb1d7bffba,transportprogramvare relatert til et ERP-system,digital_consensus,0.5528852343559265,0.9972111582756042,0.9701170120388269
97e6552d-ab60-4066-bee9-da8fafb59155,SAP,Ta ansvar for kjernesystemene i en av Norges største helseaktører,"Ledere av IKT-enheter, SAP Process Manager, IKT-driftsleder",OSLO,http://data.europa.eu/esco/skill/f8e3425c-fe44-4ffb-bafe-0e20d91dadf4,SAP,exact,,1.0,
9f3ce2bc-348e-433a-9aba-792b03f81230,CAD,Teknisk tegner/Mechanical Design Engineer,"Mekanisk Design Ingeniør, Mekanisk Design Ingeniør, Sivilingeniører (maskin- og marinteknikk)",OSLO,http://data.europa.eu/esco/skill/9ba355be-f119-42b6-a7d6-52f6ce2e4a3f,utforme kretser ved hjelp av CAD,digital_consensus,0.6348830461502075,0.9999152421951294,0.8251167237758636
9f3ce2bc-348e-433a-9aba-792b03f81230,Produktutvikling,Teknisk tegner/Mechanical Design Engineer,"Mekanisk Design Ingeniør, Mekanisk Design Ingeniør, Sivilingeniører (maskin- og marinteknikk)",OSLO,http://data.europa.eu/esco/skill/4f6b656a-54d0-48ce-9b55-ebcac5904a14,håndtere geospatiale teknologier,digital_consensus,0.6504983901977539,0.9169093370437622,0.013612568378448486
67722117-c488-42b8-b682-d5f019347fc5,Kundesupport,Brenner du for kundeservice? Vi vil ha med deg på laget!,"Kundebehandler, Informasjonsskrankemedarbeidere, Butikkmedarbeidere, Salg- og Kundeservicemedarbeider, salgsassistent",OSLO,http://data.europa.eu/esco/skill/db36f7f1-5900-45bd-9ffb-f2b19c4362ac,støtte IKT-systembrukere,digital_consensus,0.5482102036476135,0.9978213310241699,0.016304969787597656
48a21244-f941-4216-bec4-9f19f13572a5,datasenter,Er du klar for en utfordrende og spennende rolle i et innovativt IT-miljø?,"Systemanalytikere/-arkitekter, IT-ingeniør, dataingeniør",KONGSBERG,http://data.europa.eu/esco/skill/21d2f96d-35f7-4e3f-9745-c533d2dd6e97,dataprogrammering,digital_consensus,0.5661244988441467,0.9126800298690796,0.027720093727111816
d3be5de4-3874-4bd1-a226-c1876117d006,Microsoft 365,Er du en løsningsorientert IT-profesjonell som trives med varierte utfordringer og god service?,"Overingeniør IT, Sivilingeniører (elektronikk), Systemanalytikere/-arkitekter, IT-ingeniør, dataingeniør",OSLO,http://data.europa.eu/esco/skill/f683ae1d-cb7c-4aa1-b9fe-205e1bd23535,bruke Microsoft Office,digital_consensus,0.5470774173736572,0.9996776580810547,0.0003491640090942383
d3be5de4-3874-4bd1-a226-c1876117d006,iOS,Er du en løsningsorientert IT-profesjonell som trives med varierte utfordringer og god service?,"Overingeniør IT, Sivilingeniører (elektronikk), Systemanalytikere/-arkitekter, IT-ingeniør, dataingeniør",OSLO,http://data.europa.eu/esco/skill/ce26e71f-2d47-474e-89b6-7920931ac4fc,iOS,exact,,1.0,
41572652-a188-4f1b-914b-50da20fb161a,Vippetekniker,"Negledesignere, vippeteknikere, pedikyr/ Nail designers needed.","Nail Designer, Nail Designer, Kosmetologer mv.",RÅDAL,http://data.europa.eu/esco/skill/a71577b2-7550-4222-88ee-dcbd2d881516,programvare for redigering av grafikk,digital_consensus,0.6075460910797119,0.9138217568397522,0.05492115020751953
e25dcc7f-a537-46ca-9e8a-1a1221439d81,SAP,Are you ready to shape the future of internal logistics at ABB?,"Logistikkansvarlig, Logistikkansvarlig, Ledere av logistikk og transport mv.",SKIEN,http://data.europa.eu/esco/skill/f8e3425c-fe44-4ffb-bafe-0e20d91dadf4,SAP,exact,,1.0,
06f5cd36-333f-411c-883e-8045a356cb31,Digital kommunikasjon,Bli med og skap et mer inkluderende samfunn!,"Kommunikasjonsrådgiver, Kommunikasjonsrådgiver, Informasjonsrådgivere",OSLO,http://data.europa.eu/esco/skill/234aeb8d-56c3-4531-9193-1c5e6a8d16cb,bruke presentasjonsprogramvare,digital_consensus,0.5378857851028442,0.9831987023353577,0.009777486324310303
b2933f50-b97c-4066-a062-910aafff90bf,IT,IT-medarbeidar,"IT-medarbeider, IT-medarbeider, Driftsteknikere, IKT",STORD,http://data.europa.eu/esco/skill/ddc3119d-1d6e-4324-9125-a3380d299ac5,IT,exact,,1.0,
b2933f50-b97c-4066-a062-910aafff90bf,prosjektarbeid,IT-medarbeidar,"IT-medarbeider, IT-medarbeider, Driftsteknikere, IKT",STORD,http://data.europa.eu/esco/skill/5898d99a-62a4-4e10-a2e3-0d815ce44248,mottiltak mot cyberangrep,digital_consensus,0.47509437799453735,0.8073229193687439,0.006661772727966309
b2933f50-b97c-4066-a062-910aafff90bf,tekniker,IT-medarbeidar,"IT-medarbeider, IT-medarbeider, Driftsteknikere, IKT",STORD,http://data.europa.eu/esco/skill/21d2f96d-35f7-4e3f-9745-c533d2dd6e97,dataprogrammering,digital_consensus,0.595185399055481,0.9838733077049255,0.019643127918243408
80f37475-478f-4c68-b754-6c29d6028941,Elektronikk,Power Strømmen søker deltidsselgere!,"Selger, Selger, Butikkmedarbeidere",STRØMMEN,http://data.europa.eu/esco/skill/95c35c3a-035f-47c2-90cf-7e934d20fc08,elektronikk,exact,,1.0,
508b2046-00d2-4629-8e90-ecdb57205d79,controller,Group Controller til et av Nordens største retail konsern!,"Konserncontroller, Konserncontroller, Revisorer og regnskapsrådgivere",LØRENSKOG,http://data.europa.eu/esco/skill/bf942c60-8539-4951-83ee-63f770da1cb8,programmere en CNC-kontroller,digital_consensus,0.6273438930511475,0.9980813264846802,0.0004451274871826172
cbb6691f-3c81-466c-8cf0-f9840efbc83b,hjelpemidler,BPA søkes til mann i Trondheim!,"Brukerstyrt personlig assistent (BPA), Brukerstyrt personlig assistent (BPA), Hjemmehjelper",TRONDHEIM,http://data.europa.eu/esco/skill/8759c352-8b00-498f-985a-935f13e1b043,hjelpemidler,exact,,1.0,
ab896fe2-ec37-4e02-b97f-8baeef2e53d9,Data engineering,Business Systems Developer,"Systemutvikler, Systemanalytikere/-arkitekter, Systemanalytikere/-arkitekter, Business Intelligence Developer, forsker innen datavitenskap",TROMSØ,http://data.europa.eu/esco/skill/48db96bf-3314-45c6-bad8-fdb6e20e5639,data engineering,exact,,1.0,
ab896fe2-ec37-4e02-b97f-8baeef2e53d9,Systemutvikler,Business Systems Developer,"Systemutvikler, Systemanalytikere/-arkitekter, Systemanalytikere/-arkitekter, Business Intelligence Developer, forsker innen datavitenskap",TROMSØ,http://data.europa.eu/esco/skill/21d2f96d-35f7-4e3f-9745-c533d2dd6e97,dataprogrammering,digital_consensus,0.6546458005905151,0.9988632202148438,0.002029597759246826
e058e3a8-7206-4a33-a111-8c3f4835ffff,Industriell controller,Business \& Industrial Controller - Norway \& Denmark,"Controller, Controller, Revisorer og regnskapsrådgivere, Finans- og investeringsrådgivere, Business Controller",DRAMMEN,http://data.europa.eu/esco/skill/bf942c60-8539-4951-83ee-63f770da1cb8,programmere en CNC-kontroller,digital_consensus,0.6231281757354736,0.9988759160041809,0.015620172023773193
dacb7f55-b58e-4f9a-b897-e43ee485a415,DevOps,Senior Backend-utvikler - Betjent Salg,"Programvareutviklere, Senior Backendutvikler, Senior Backendutvikler",OSLO,http://data.europa.eu/esco/skill/f0de4973-0a70-4644-8fd4-3a97080476f4,DevOps,exact,,1.0,
dacb7f55-b58e-4f9a-b897-e43ee485a415,IT,Senior Backend-utvikler - Betjent Salg,"Programvareutviklere, Senior Backendutvikler, Senior Backendutvikler",OSLO,http://data.europa.eu/esco/skill/ddc3119d-1d6e-4324-9125-a3380d299ac5,IT,exact,,1.0,
dacb7f55-b58e-4f9a-b897-e43ee485a415,Java,Senior Backend-utvikler - Betjent Salg,"Programvareutviklere, Senior Backendutvikler, Senior Backendutvikler",OSLO,http://data.europa.eu/esco/skill/19a8293b-8e95-4de3-983f-77484079c389,Java,exact,,1.0,
dacb7f55-b58e-4f9a-b897-e43ee485a415,Programmerer,Senior Backend-utvikler - Betjent Salg,"Programvareutviklere, Senior Backendutvikler, Senior Backendutvikler",OSLO,http://data.europa.eu/esco/skill/21d2f96d-35f7-4e3f-9745-c533d2dd6e97,dataprogrammering,digital_consensus,0.6060227751731873,0.9829521775245667,0.035317838191986084
3022a276-f606-4ba4-9224-a60ca2ba1425,Microsoft Office,Ønsker du å jobbe tett på en sterk drikkevareportefølje?,"Regnskapsmedarbeidere, Regnskapsmedarbeider, Regnskapsmedarbeider",OSLO,http://data.europa.eu/esco/skill/f683ae1d-cb7c-4aa1-b9fe-205e1bd23535,bruke Microsoft Office,digital_consensus,0.4846925437450409,0.9996015429496765,0.9943018229678273
0e391e07-48b4-49c2-a2cb-9fbb7a4f936d,Elektronikk,POWER søker serviceinnstilt og engasjert Selger!,"Butikkmedarbeidere, Selger, Selger",BODØ,http://data.europa.eu/esco/skill/95c35c3a-035f-47c2-90cf-7e934d20fc08,elektronikk,exact,,1.0,
b0b3647c-8371-412b-98e0-722ea3ac8b87,SAP,Vi søker en regnskapsfører til et spennende oppdrag!,"Regnskapsfører, Regnskapsfører, Regnskapsførere",KONGSBERG,http://data.europa.eu/esco/skill/f8e3425c-fe44-4ffb-bafe-0e20d91dadf4,SAP,exact,,1.0,
c68f241d-eb79-4a5b-ae17-5f2aa95fe071,Tekniske tegninger,"Bergen: Experienced concrete workers wanted – Immediate start, excellent pay","Betongarbeidere, Betongarbeider, betongarbeider",BERGEN,http://data.europa.eu/esco/skill/59ea80e1-463a-4dba-82c6-d0b6d577d532,tekniske tegninger,exact,,1.0,
1c9dfa09-3d54-4463-9ea7-113d2fe64a2f,Microsoft Office,Bli Frihetsgudinne (BPA) til en engasjert ung kvinne,"Brukerstyrt personlig assistent (BPA), Brukerstyrt personlig assistent (BPA), Hjemmehjelper",OSLO,http://data.europa.eu/esco/skill/f683ae1d-cb7c-4aa1-b9fe-205e1bd23535,bruke Microsoft Office,digital_consensus,0.4846925437450409,0.9996015429496765,0.9943018229678273
7dd0bc52-ca52-4932-9bef-061f0b2c77e8,Elektronikk,Har du elektronikkompetanse og interesse for komplekse systemer?,"Elektronikkingeniører, Testingeniør elektronikk og telekommunikasjon, Elektronikkingeniører",KOLSÅS,http://data.europa.eu/esco/skill/95c35c3a-035f-47c2-90cf-7e934d20fc08,elektronikk,exact,,1.0,
7dd0bc52-ca52-4932-9bef-061f0b2c77e8,Krypto,Har du elektronikkompetanse og interesse for komplekse systemer?,"Elektronikkingeniører, Testingeniør elektronikk og telekommunikasjon, Elektronikkingeniører",KOLSÅS,http://data.europa.eu/esco/skill/2174c1b0-e13c-4850-8e4d-2bc6183018bf,krypto,exact,,1.0,
9142128c-8371-46f5-9869-f3e1ebd8fd89,GIS,Lyst på en spennende jobb på Smøla?,"Arealplanlegger, Arealplanlegger, Arealplanleggere",SMØLA,http://data.europa.eu/esco/skill/377861af-f966-4c87-a2db-7e99904312b9,gis,exact,,1.0,
b691df89-bb1b-40c5-9256-e2f0f3219b15,BIM,Planleggings eller prosjekteringsleder,"Ledere av bygge- og anleggsvirksomhet, Prosjekteringsleder bygg og anlegg, Strategi- og planleggingssjefer, Planleggingsleder, Strategi- og planleggingssjefer",KRISTIANSAND S,http://data.europa.eu/esco/skill/fae7e545-5114-43cc-8e83-178e2549ecb9,bim,exact,,1.0,
b691df89-bb1b-40c5-9256-e2f0f3219b15,Modellbasert prosjektering,Planleggings eller prosjekteringsleder,"Ledere av bygge- og anleggsvirksomhet, Prosjekteringsleder bygg og anlegg, Strategi- og planleggingssjefer, Planleggingsleder, Strategi- og planleggingssjefer",KRISTIANSAND S,http://data.europa.eu/esco/skill/fae7e545-5114-43cc-8e83-178e2549ecb9,modellering av bygningsinformasjon,digital_consensus,0.5886561870574951,0.8997898697853088,0.8732680827379227
c272bcb5-2105-4581-a557-d8aa94fa06ce,GIS,Vil du bruke geodata til å utvikle framtidens fylkesveier i Agder?,"Geo Data analyst, Geo Data analyst, Landmålere, kartografer mv.",KRISTIANSAND S,http://data.europa.eu/esco/skill/377861af-f966-4c87-a2db-7e99904312b9,gis,exact,,1.0,
c272bcb5-2105-4581-a557-d8aa94fa06ce,Geodata,Vil du bruke geodata til å utvikle framtidens fylkesveier i Agder?,"Geo Data analyst, Geo Data analyst, Landmålere, kartografer mv.",KRISTIANSAND S,http://data.europa.eu/esco/skill/377861af-f966-4c87-a2db-7e99904312b9,geografiske informasjonssystemer,digital_consensus,0.6458449959754944,0.9993603825569153,0.0004495978355407715
c900cd1b-1816-42dd-8ef6-1d428068dc42,Digitalisering,Vil du bidra til å løfte våre analoge arkiver inn i en heldigital fremtid?   ,"Kontormedarbeidere, Senior dokumentasjonsforvalter, Kontormedarbeidere",OSLO,http://data.europa.eu/esco/skill/aa0d8201-5a8e-417f-81f4-c04601139582,digitalisering,exact,,1.0,
e086f69d-05e9-42c5-ad66-b146141611f7,Museumsvert,Museumsvert,"Arkivarer og kuratorer, Museumsvert, turistguide",TROMSØ,http://data.europa.eu/esco/skill/c1b4aa1e-bc42-49e4-952a-0cbd45f1d57b,museumsdatabaser,digital_consensus,0.6351128220558167,0.997401237487793,0.004059851169586182
5915cc58-a39f-4fd3-ae59-eedd3f4b4960,E-handel,Digital markedsføringsassistent – Sosiale medier og e-handel (Stavanger),"Digital Marketing Assistant, Digital Marketing Assistant, Reklame- og markedsføringsrådgivere",Missing location,http://data.europa.eu/esco/skill/b1272de4-1f5f-408b-8b26-061f2550fc72,e-handelssystemer,digital_consensus,0.6153236627578735,0.9999244213104248,0.002346336841583252
71b4026d-beec-462a-b34e-c692efaf2113,Maskinlæring,"Join Team TechnipFMC - Senior Product Engineer - Condition and Performance Monitoring, Autonomous Diagnostics","Sivilingeniører (elektronikk);, Dataingeniør, Programvareutviklere, Programmerer, programvareutvikler, Andre sivilingeniører (unntatt elektroteknologi);, Applikasjonsingeniør",KONGSBERG,http://data.europa.eu/esco/skill/3a2d5b45-56e4-4f5a-a55a-4a4a65afdc43,maskinlæring,exact,,1.0,
71b4026d-beec-462a-b34e-c692efaf2113,Produktutvikling,"Join Team TechnipFMC - Senior Product Engineer - Condition and Performance Monitoring, Autonomous Diagnostics","Sivilingeniører (elektronikk);, Dataingeniør, Programvareutviklere, Programmerer, programvareutvikler, Andre sivilingeniører (unntatt elektroteknologi);, Applikasjonsingeniør",KONGSBERG,http://data.europa.eu/esco/skill/4f6b656a-54d0-48ce-9b55-ebcac5904a14,håndtere geospatiale teknologier,digital_consensus,0.6504983901977539,0.9169093370437622,0.013612568378448486
71b4026d-beec-462a-b34e-c692efaf2113,Programmering,"Join Team TechnipFMC - Senior Product Engineer - Condition and Performance Monitoring, Autonomous Diagnostics","Sivilingeniører (elektronikk);, Dataingeniør, Programvareutviklere, Programmerer, programvareutvikler, Andre sivilingeniører (unntatt elektroteknologi);, Applikasjonsingeniør",KONGSBERG,http://data.europa.eu/esco/skill/21d2f96d-35f7-4e3f-9745-c533d2dd6e97,dataprogrammering,digital_consensus,0.714440643787384,0.9188328981399536,0.2761046886444092
71b4026d-beec-462a-b34e-c692efaf2113,Programvareutvikling,"Join Team TechnipFMC - Senior Product Engineer - Condition and Performance Monitoring, Autonomous Diagnostics","Sivilingeniører (elektronikk);, Dataingeniør, Programvareutviklere, Programmerer, programvareutvikler, Andre sivilingeniører (unntatt elektroteknologi);, Applikasjonsingeniør",KONGSBERG,http://data.europa.eu/esco/skill/21d2f96d-35f7-4e3f-9745-c533d2dd6e97,dataprogrammering,digital_consensus,0.5329556465148926,0.9873233437538147,0.12117928266525269
71b4026d-beec-462a-b34e-c692efaf2113,Systemutvikling,"Join Team TechnipFMC - Senior Product Engineer - Condition and Performance Monitoring, Autonomous Diagnostics","Sivilingeniører (elektronikk);, Dataingeniør, Programvareutviklere, Programmerer, programvareutvikler, Andre sivilingeniører (unntatt elektroteknologi);, Applikasjonsingeniør",KONGSBERG,http://data.europa.eu/esco/skill/21d2f96d-35f7-4e3f-9745-c533d2dd6e97,dataprogrammering,digital_consensus,0.6049041152000427,0.9194501638412476,0.19810181856155396
f31625b5-5e43-40ed-88f9-fcbe4fe1f7b2,Maskinlæring,"Join Team TechnipFMC - Product Engineer - Condition and Performance Monitoring, Autonomous Diagnostics","Sivilingeniører (industri og produksjon);, Produktingeniør, tekniker innen produktutvikling",KONGSBERG,http://data.europa.eu/esco/skill/3a2d5b45-56e4-4f5a-a55a-4a4a65afdc43,maskinlæring,exact,,1.0,
f31625b5-5e43-40ed-88f9-fcbe4fe1f7b2,Produktutvikling,"Join Team TechnipFMC - Product Engineer - Condition and Performance Monitoring, Autonomous Diagnostics","Sivilingeniører (industri og produksjon);, Produktingeniør, tekniker innen produktutvikling",KONGSBERG,http://data.europa.eu/esco/skill/4f6b656a-54d0-48ce-9b55-ebcac5904a14,håndtere geospatiale teknologier,digital_consensus,0.6504983901977539,0.9169093370437622,0.013612568378448486
f31625b5-5e43-40ed-88f9-fcbe4fe1f7b2,Programmering,"Join Team TechnipFMC - Product Engineer - Condition and Performance Monitoring, Autonomous Diagnostics","Sivilingeniører (industri og produksjon);, Produktingeniør, tekniker innen produktutvikling",KONGSBERG,http://data.europa.eu/esco/skill/21d2f96d-35f7-4e3f-9745-c533d2dd6e97,dataprogrammering,digital_consensus,0.714440643787384,0.9188328981399536,0.2761046886444092
f31625b5-5e43-40ed-88f9-fcbe4fe1f7b2,Programvareutvikling,"Join Team TechnipFMC - Product Engineer - Condition and Performance Monitoring, Autonomous Diagnostics","Sivilingeniører (industri og produksjon);, Produktingeniør, tekniker innen produktutvikling",KONGSBERG,http://data.europa.eu/esco/skill/21d2f96d-35f7-4e3f-9745-c533d2dd6e97,dataprogrammering,digital_consensus,0.5329556465148926,0.9873233437538147,0.12117928266525269
f31625b5-5e43-40ed-88f9-fcbe4fe1f7b2,Systemutvikling,"Join Team TechnipFMC - Product Engineer - Condition and Performance Monitoring, Autonomous Diagnostics","Sivilingeniører (industri og produksjon);, Produktingeniør, tekniker innen produktutvikling",KONGSBERG,http://data.europa.eu/esco/skill/21d2f96d-35f7-4e3f-9745-c533d2dd6e97,dataprogrammering,digital_consensus,0.6049041152000427,0.9194501638412476,0.19810181856155396
2ccce58e-26e7-4e5f-a506-860a86267e78,Kundesupport,MatvareExpressen søker ny medarbeider til Kundeservice,"Kundebehandler, Informasjonsskrankemedarbeidere",STAVANGER,http://data.europa.eu/esco/skill/db36f7f1-5900-45bd-9ffb-f2b19c4362ac,støtte IKT-systembrukere,digital_consensus,0.5482102036476135,0.9978213310241699,0.016304969787597656
dd80d45f-3278-4e14-9d5e-55c07cb30daa,IT,Har du erfaring med IT-support?,"IT Support, IT Support, Brukerstøttere, IKT",KONGSBERG,http://data.europa.eu/esco/skill/ddc3119d-1d6e-4324-9125-a3380d299ac5,IT,exact,,1.0,
dd80d45f-3278-4e14-9d5e-55c07cb30daa,PC,Har du erfaring med IT-support?,"IT Support, IT Support, Brukerstøttere, IKT",KONGSBERG,http://data.europa.eu/esco/skill/778ca7ad-6c5d-4868-9b96-a7777dca799c,IKT-hjelpeplattformer,digital_consensus,0.5712717175483704,0.8931536674499512,0.8839206509292126
dd80d45f-3278-4e14-9d5e-55c07cb30daa,ServiceDesk,Har du erfaring med IT-support?,"IT Support, IT Support, Brukerstøttere, IKT",KONGSBERG,http://data.europa.eu/esco/skill/778ca7ad-6c5d-4868-9b96-a7777dca799c,IKT-hjelpeplattformer,digital_consensus,0.6183452010154724,0.9353363513946533,0.4532879590988159
14bfc92f-4e9f-471d-8960-f2a18ccc8bfb,CNC,Møbelsnekker / produksjonsmedarbeider - verksted WALL-IT - Lierskogen,"Møbelsnekkere, Møbelsnekker, Møbelsnekker",LIERSKOGEN,http://data.europa.eu/esco/skill/6f728d63-5c45-40b3-8bfd-e17c5dba28ad,håndtere CNC-slipemaskin,digital_consensus,0.5797138810157776,0.9999545812606812,0.00033664703369140625
665ac6e0-4e66-40ec-a6b6-31ba76f1e3dc,Tekniske tegninger,"Erfarne forskalingssnekkere, jernbindere og betongarbeidere søkes","Betongarbeider, Betongarbeider, Betongarbeidere, Betongarbeidere, Forskalingssnekker bygg, Betongarbeidere, Jernbinder",LØRENSKOG,http://data.europa.eu/esco/skill/59ea80e1-463a-4dba-82c6-d0b6d577d532,tekniske tegninger,exact,,1.0,
3dc17561-d146-4f3d-8763-a9ad8c8d09a6,Data governance,Har du bred kunnskap og erfaring med masterdata management?,"Andre programvare- og applikasjonsutviklere, Kvalitetsanalytiker datamaskiner, Systemanalytikere/-arkitekter, IT arkitekt, Organisasjonsrådgivere mv., Analytiker Forretningsprosesser, forretningsanalytiker",OSLO,http://data.europa.eu/esco/skill/3ec2e4d6-7000-4905-bf1a-c5b1679416de,datavarehus,digital_consensus,0.5980607867240906,0.9991195797920227,0.0002713799476623535
3dc17561-d146-4f3d-8763-a9ad8c8d09a6,ERP,Har du bred kunnskap og erfaring med masterdata management?,"Andre programvare- og applikasjonsutviklere, Kvalitetsanalytiker datamaskiner, Systemanalytikere/-arkitekter, IT arkitekt, Organisasjonsrådgivere mv., Analytiker Forretningsprosesser, forretningsanalytiker",OSLO,http://data.europa.eu/esco/skill/09f4c52b-ac72-4f0e-a8ae-78bb1d7bffba,transportprogramvare relatert til et ERP-system,digital_consensus,0.5528852343559265,0.9972111582756042,0.9701170120388269
3dc17561-d146-4f3d-8763-a9ad8c8d09a6,Informasjonsarkitektur,Har du bred kunnskap og erfaring med masterdata management?,"Andre programvare- og applikasjonsutviklere, Kvalitetsanalytiker datamaskiner, Systemanalytikere/-arkitekter, IT arkitekt, Organisasjonsrådgivere mv., Analytiker Forretningsprosesser, forretningsanalytiker",OSLO,http://data.europa.eu/esco/skill/1bba98a7-92b9-450b-9235-e0c905f8f3c4,informasjonsarkitektur,exact,,1.0,
3dc17561-d146-4f3d-8763-a9ad8c8d09a6,Masterdata,Har du bred kunnskap og erfaring med masterdata management?,"Andre programvare- og applikasjonsutviklere, Kvalitetsanalytiker datamaskiner, Systemanalytikere/-arkitekter, IT arkitekt, Organisasjonsrådgivere mv., Analytiker Forretningsprosesser, forretningsanalytiker",OSLO,http://data.europa.eu/esco/skill/21d2f96d-35f7-4e3f-9745-c533d2dd6e97,dataprogrammering,digital_consensus,0.5863476991653442,0.968960165977478,0.016461968421936035
f8a5d0f2-133a-4448-a435-eccc323b84c4,Digitalisering,Virksomhetsarkitekt for Tog,"Instruktør for tog- eller sporveisførere, Yrkesfaglærere",OSLO,http://data.europa.eu/esco/skill/aa0d8201-5a8e-417f-81f4-c04601139582,digitalisering,exact,,1.0,
f4829196-0872-4dac-a29a-bef7e3a44d55,Tekniske tegninger,Er du vår nye Platearbeider/Sveiser?,"Platearbeider, Platearbeidere, Sveisere, Sveiser, sveiser",SANDNES,http://data.europa.eu/esco/skill/59ea80e1-463a-4dba-82c6-d0b6d577d532,tekniske tegninger,exact,,1.0,
73ad37e7-1c61-43c3-b6c1-2c4cccfc73f2,BIM,BIM rådgiver,"BIM-rådgiver, BIM-rådgiver, Sivilingeniører (bygg og anlegg)",SKIEN,http://data.europa.eu/esco/skill/fae7e545-5114-43cc-8e83-178e2549ecb9,bim,exact,,1.0,
73ad37e7-1c61-43c3-b6c1-2c4cccfc73f2,BIM-rådgiver,BIM rådgiver,"BIM-rådgiver, BIM-rådgiver, Sivilingeniører (bygg og anlegg)",SKIEN,http://data.europa.eu/esco/skill/fae7e545-5114-43cc-8e83-178e2549ecb9,modellering av bygningsinformasjon,digital_consensus,0.5542053580284119,0.9986646175384521,0.003121793270111084
73ad37e7-1c61-43c3-b6c1-2c4cccfc73f2,Modellkontroll,BIM rådgiver,"BIM-rådgiver, BIM-rådgiver, Sivilingeniører (bygg og anlegg)",SKIEN,http://data.europa.eu/esco/skill/fae7e545-5114-43cc-8e83-178e2549ecb9,modellering av bygningsinformasjon,digital_consensus,0.6088979840278625,0.9533066749572754,0.44450926780700684
0894b4c6-8e17-4860-a500-a195e0bc6574,Digitalisering,Vil du lede og videreutvikle USNs digitale tjenester?,"Andre administrative ledere, Digitaliseringsansvarlig, prosjektleder",BORRE,http://data.europa.eu/esco/skill/aa0d8201-5a8e-417f-81f4-c04601139582,digitalisering,exact,,1.0,
1fca4acf-9c37-4c04-b668-07720379035c,ERP,Head of CoE Accounts Payable,"Finans- og økonomisjefer, Accounting Manager, regnskapssjef",OSLO,http://data.europa.eu/esco/skill/09f4c52b-ac72-4f0e-a8ae-78bb1d7bffba,transportprogramvare relatert til et ERP-system,digital_consensus,0.5528852343559265,0.9972111582756042,0.9701170120388269
aced2f15-c075-40a0-b0ed-a6fa9a531af3,Elektronikk,Driftsmedarbeider,"Driftstekniker, Andre ingeniører, Driftsteknikere, IKT, IT Driftsmedarbeider, Driftsteknikere",BODØ,http://data.europa.eu/esco/skill/95c35c3a-035f-47c2-90cf-7e934d20fc08,elektronikk,exact,,1.0,
2d24f8e0-2986-48f2-bc35-05bc3a767d22,Data Engineer,Data Engineer / Data Platform Engineer - Computas AS,"Dataarkitekt, Dataarkitekt, Databasedesignere og -administratorer",OSLO,http://data.europa.eu/esco/skill/3ec2e4d6-7000-4905-bf1a-c5b1679416de,datavarehus,digital_consensus,0.6241559386253357,0.9998835325241089,7.730722427368164e-05
2d24f8e0-2986-48f2-bc35-05bc3a767d22,Dataplattform,Data Engineer / Data Platform Engineer - Computas AS,"Dataarkitekt, Dataarkitekt, Databasedesignere og -administratorer",OSLO,http://data.europa.eu/esco/skill/3ec2e4d6-7000-4905-bf1a-c5b1679416de,datavarehus,digital_consensus,0.5975717306137085,0.9994984865188599,0.0007398128509521484
2d24f8e0-2986-48f2-bc35-05bc3a767d22,Datavarehus,Data Engineer / Data Platform Engineer - Computas AS,"Dataarkitekt, Dataarkitekt, Databasedesignere og -administratorer",OSLO,http://data.europa.eu/esco/skill/3ec2e4d6-7000-4905-bf1a-c5b1679416de,datavarehus,exact,,1.0,
2d24f8e0-2986-48f2-bc35-05bc3a767d22,ETL,Data Engineer / Data Platform Engineer - Computas AS,"Dataarkitekt, Dataarkitekt, Databasedesignere og -administratorer",OSLO,http://data.europa.eu/esco/skill/9d0d89be-bffa-4393-b6f6-8d05bea49051,ETL,exact,,1.0,
2d24f8e0-2986-48f2-bc35-05bc3a767d22,GCP,Data Engineer / Data Platform Engineer - Computas AS,"Dataarkitekt, Dataarkitekt, Databasedesignere og -administratorer",OSLO,http://data.europa.eu/esco/skill/21d2f96d-35f7-4e3f-9745-c533d2dd6e97,dataprogrammering,digital_consensus,0.5491358041763306,0.9595730900764465,0.8468864783644676
2d24f8e0-2986-48f2-bc35-05bc3a767d22,Python,Data Engineer / Data Platform Engineer - Computas AS,"Dataarkitekt, Dataarkitekt, Databasedesignere og -administratorer",OSLO,http://data.europa.eu/esco/skill/ccd0a1d9-afda-43d9-b901-96344886e14d,Python,exact,,1.0,
2d24f8e0-2986-48f2-bc35-05bc3a767d22,Skyplattform,Data Engineer / Data Platform Engineer - Computas AS,"Dataarkitekt, Dataarkitekt, Databasedesignere og -administratorer",OSLO,http://data.europa.eu/esco/skill/11430d93-c835-48ed-8e70-285fa69c9ae6,designe skyarkitektur,digital_consensus,0.5947005748748779,0.9967308044433594,0.002797067165374756
16dd9239-7f9c-41bd-b5f0-a54a1f427e82,Java,Java/Kotlin-utviklere (Oslo/Hybrid),"Java Backend Developer, Java Backend Developer, Systemanalytikere/-arkitekter",OSLO,http://data.europa.eu/esco/skill/19a8293b-8e95-4de3-983f-77484079c389,Java,exact,,1.0,
16dd9239-7f9c-41bd-b5f0-a54a1f427e82,Programmering,Java/Kotlin-utviklere (Oslo/Hybrid),"Java Backend Developer, Java Backend Developer, Systemanalytikere/-arkitekter",OSLO,http://data.europa.eu/esco/skill/21d2f96d-35f7-4e3f-9745-c533d2dd6e97,dataprogrammering,digital_consensus,0.714440643787384,0.9188328981399536,0.2761046886444092
6f570206-e171-41c3-8089-a219c1436af6,Elektronikk,Elkjøp Skien søker Selger (deltid),"Sales Advisor, Andre salgsmedarbeidere, Butikkmedarbeidere, Selger, salgsassistent",SKIEN,http://data.europa.eu/esco/skill/95c35c3a-035f-47c2-90cf-7e934d20fc08,elektronikk,exact,,1.0,
961c309c-e4a8-49a3-89ac-97bbe0c38d93,SaaS,Senior Selger - Oslo  (SaaS/Tech),"Salgsansvarlig, Salgs- og markedssjefer, Selgere (engros);, Selger B2B, salgsrepresentant",OSLO,http://data.europa.eu/esco/skill/83218cac-3599-417e-93d2-26013cdccd98,SaaS,exact,,1.0,
a8100c1e-3cd8-4f73-96a7-c539ef079a8b,.NET,Senior Software Engineer – Front of House (POS),"Senior Software Ingeniør, Senior Software Ingeniør, Programvareutviklere",STAVANGER,http://data.europa.eu/esco/skill/13bdd41a-2a18-441f-96db-41252c519413,.NET,exact,,1.0,
a8100c1e-3cd8-4f73-96a7-c539ef079a8b,C#,Senior Software Engineer – Front of House (POS),"Senior Software Ingeniør, Senior Software Ingeniør, Programvareutviklere",STAVANGER,http://data.europa.eu/esco/skill/4c016b68-4116-468c-9dc6-42710c239e4a,C#,exact,,1.0,
a8100c1e-3cd8-4f73-96a7-c539ef079a8b,IT,Senior Software Engineer – Front of House (POS),"Senior Software Ingeniør, Senior Software Ingeniør, Programvareutviklere",STAVANGER,http://data.europa.eu/esco/skill/ddc3119d-1d6e-4324-9125-a3380d299ac5,IT,exact,,1.0,
a8100c1e-3cd8-4f73-96a7-c539ef079a8b,POS,Senior Software Engineer – Front of House (POS),"Senior Software Ingeniør, Senior Software Ingeniør, Programvareutviklere",STAVANGER,http://data.europa.eu/esco/skill/f7e051fc-8f7b-45b3-8911-8ffb9b951f4a,POS,exact,,1.0,
a8100c1e-3cd8-4f73-96a7-c539ef079a8b,Programmerer,Senior Software Engineer – Front of House (POS),"Senior Software Ingeniør, Senior Software Ingeniør, Programvareutviklere",STAVANGER,http://data.europa.eu/esco/skill/21d2f96d-35f7-4e3f-9745-c533d2dd6e97,dataprogrammering,digital_consensus,0.6060227751731873,0.9829521775245667,0.035317838191986084
a8100c1e-3cd8-4f73-96a7-c539ef079a8b,Software Engineer,Senior Software Engineer – Front of House (POS),"Senior Software Ingeniør, Senior Software Ingeniør, Programvareutviklere",STAVANGER,http://data.europa.eu/esco/skill/41ec47dd-08b3-464a-9c45-c706f3e74467,industriell programvare,digital_consensus,0.5739484429359436,0.9992891550064087,0.00014793872833251953
a8100c1e-3cd8-4f73-96a7-c539ef079a8b,Systemutvikler,Senior Software Engineer – Front of House (POS),"Senior Software Ingeniør, Senior Software Ingeniør, Programvareutviklere",STAVANGER,http://data.europa.eu/esco/skill/21d2f96d-35f7-4e3f-9745-c533d2dd6e97,dataprogrammering,digital_consensus,0.6546458005905151,0.9988632202148438,0.002029597759246826
85ecc1f1-dabc-46f6-9f84-ef1167de06f5,.NET,Senior .NET-utviklere (Oslo/Hybrid),".NET Developer, .NET Developer, Applikasjonsprogrammerere",OSLO,http://data.europa.eu/esco/skill/13bdd41a-2a18-441f-96db-41252c519413,.NET,exact,,1.0,
85ecc1f1-dabc-46f6-9f84-ef1167de06f5,C#,Senior .NET-utviklere (Oslo/Hybrid),".NET Developer, .NET Developer, Applikasjonsprogrammerere",OSLO,http://data.europa.eu/esco/skill/4c016b68-4116-468c-9dc6-42710c239e4a,C#,exact,,1.0,
85ecc1f1-dabc-46f6-9f84-ef1167de06f5,DevOps,Senior .NET-utviklere (Oslo/Hybrid),".NET Developer, .NET Developer, Applikasjonsprogrammerere",OSLO,http://data.europa.eu/esco/skill/f0de4973-0a70-4644-8fd4-3a97080476f4,DevOps,exact,,1.0,
85ecc1f1-dabc-46f6-9f84-ef1167de06f5,Produktutvikling,Senior .NET-utviklere (Oslo/Hybrid),".NET Developer, .NET Developer, Applikasjonsprogrammerere",OSLO,http://data.europa.eu/esco/skill/4f6b656a-54d0-48ce-9b55-ebcac5904a14,håndtere geospatiale teknologier,digital_consensus,0.6504983901977539,0.9169093370437622,0.013612568378448486
cd5f3d35-e7a7-42e9-9743-9edc87a9db1e,Digitalisering,Vil du jobbe som systemansvarlig i et spennende konsern?,"Systemadministrator, Systemadministrator, Systemadministratorer, Systemansvarlig",OSLO,http://data.europa.eu/esco/skill/aa0d8201-5a8e-417f-81f4-c04601139582,digitalisering,exact,,1.0,
4f2d19ea-39ff-4854-b78c-088576d75883,Data Engineer,Data Engineer / Data Platform (Oslo/Hybrid),"Senior Data Engineer, Senior Data Engineer, Databasedesignere og -administratorer",OSLO,http://data.europa.eu/esco/skill/3ec2e4d6-7000-4905-bf1a-c5b1679416de,datavarehus,digital_consensus,0.6241559386253357,0.9998835325241089,7.730722427368164e-05
4f2d19ea-39ff-4854-b78c-088576d75883,Dataplattform,Data Engineer / Data Platform (Oslo/Hybrid),"Senior Data Engineer, Senior Data Engineer, Databasedesignere og -administratorer",OSLO,http://data.europa.eu/esco/skill/3ec2e4d6-7000-4905-bf1a-c5b1679416de,datavarehus,digital_consensus,0.5975717306137085,0.9994984865188599,0.0007398128509521484
4f2d19ea-39ff-4854-b78c-088576d75883,IT,Data Engineer / Data Platform (Oslo/Hybrid),"Senior Data Engineer, Senior Data Engineer, Databasedesignere og -administratorer",OSLO,http://data.europa.eu/esco/skill/ddc3119d-1d6e-4324-9125-a3380d299ac5,IT,exact,,1.0,
4f2d19ea-39ff-4854-b78c-088576d75883,Python,Data Engineer / Data Platform (Oslo/Hybrid),"Senior Data Engineer, Senior Data Engineer, Databasedesignere og -administratorer",OSLO,http://data.europa.eu/esco/skill/ccd0a1d9-afda-43d9-b901-96344886e14d,Python,exact,,1.0,
4f2d19ea-39ff-4854-b78c-088576d75883,Sky,Data Engineer / Data Platform (Oslo/Hybrid),"Senior Data Engineer, Senior Data Engineer, Databasedesignere og -administratorer",OSLO,http://data.europa.eu/esco/skill/11430d93-c835-48ed-8e70-285fa69c9ae6,designe skyarkitektur,digital_consensus,0.6258109211921692,0.9894150495529175,0.019019901752471924
c8d20019-5323-4e39-b778-5ccf2b7b411c,.NET,Artisan Consulting AS - Senior .NET Utvikler (Oslo),"Senior Azure .Net Utvikler, Senior Azure .Net Utvikler, Applikasjonsprogrammerere",OSLO,http://data.europa.eu/esco/skill/13bdd41a-2a18-441f-96db-41252c519413,.NET,exact,,1.0,
c8d20019-5323-4e39-b778-5ccf2b7b411c,C#,Artisan Consulting AS - Senior .NET Utvikler (Oslo),"Senior Azure .Net Utvikler, Senior Azure .Net Utvikler, Applikasjonsprogrammerere",OSLO,http://data.europa.eu/esco/skill/4c016b68-4116-468c-9dc6-42710c239e4a,C#,exact,,1.0,
c8d20019-5323-4e39-b778-5ccf2b7b411c,IT,Artisan Consulting AS - Senior .NET Utvikler (Oslo),"Senior Azure .Net Utvikler, Senior Azure .Net Utvikler, Applikasjonsprogrammerere",OSLO,http://data.europa.eu/esco/skill/ddc3119d-1d6e-4324-9125-a3380d299ac5,IT,exact,,1.0,
c8d20019-5323-4e39-b778-5ccf2b7b411c,Programmering,Artisan Consulting AS - Senior .NET Utvikler (Oslo),"Senior Azure .Net Utvikler, Senior Azure .Net Utvikler, Applikasjonsprogrammerere",OSLO,http://data.europa.eu/esco/skill/21d2f96d-35f7-4e3f-9745-c533d2dd6e97,dataprogrammering,digital_consensus,0.714440643787384,0.9188328981399536,0.2761046886444092
607496cc-04da-4c09-9887-4ed46b74a061,Matros,Matros M/F Vikingen/MF Hjelmeland,"Matros, Matros, Dekks- og maskinmannskap (skip)",SANDNESSJØEN,http://data.europa.eu/esco/skill/c3a03c5a-c260-4c26-9b9a-873abb396f4d,MATLAB,digital_consensus,0.568639874458313,0.9997702240943909,0.0015523433685302734
a1a6af16-ea0c-4776-9e76-9c953877eeda,Digitalisering,Vil du være med å utvikle Norges nye nødnett?,"IKT Løsningsarkitekt, Programvareutviklere",TRONDHEIM,http://data.europa.eu/esco/skill/aa0d8201-5a8e-417f-81f4-c04601139582,digitalisering,exact,,1.0,
e720aa0d-4bad-46cf-bfdf-8b9e286511d1,Digital handel,Vil du bidra til å forme fremtidens digitale dagligvarebutikk?,"Merchandiser, Merchandiser, Demonstrasjonsselgere",OSLO,http://data.europa.eu/esco/skill/736ef286-fbd3-4e5c-a4b4-d1e2008c9898,planlegge digital markedsføring,digital_consensus,0.5158460736274719,0.9460294842720032,0.7222762107849121
e720aa0d-4bad-46cf-bfdf-8b9e286511d1,E-handel,Vil du bidra til å forme fremtidens digitale dagligvarebutikk?,"Merchandiser, Merchandiser, Demonstrasjonsselgere",OSLO,http://data.europa.eu/esco/skill/b1272de4-1f5f-408b-8b26-061f2550fc72,e-handelssystemer,digital_consensus,0.6153236627578735,0.9999244213104248,0.002346336841583252
b5e72d60-8ffe-48c1-be53-792bf6b0135d,Produktutvikling,Produktområdeleder,"Salgs- og markedssjefer, Produktansvarlig, produktsjef",OSLO,http://data.europa.eu/esco/skill/4f6b656a-54d0-48ce-9b55-ebcac5904a14,håndtere geospatiale teknologier,digital_consensus,0.6504983901977539,0.9169093370437622,0.013612568378448486
500a8d95-ce03-4477-a856-6410cb4706ac,IT,Rådgivar/seniorrådgivar innan informasjonssikkerheit,"Sikkerhetsanalytikere mv., Rådgiver informasjonssikkerhet, Sikkerhetsanalytikere mv., Seniorrådgiver informasjonssikkerhet, sjef for IKT-sikkerhet",BERGEN,http://data.europa.eu/esco/skill/ddc3119d-1d6e-4324-9125-a3380d299ac5,IT,exact,,1.0,
500a8d95-ce03-4477-a856-6410cb4706ac,IT-sikkerhet,Rådgivar/seniorrådgivar innan informasjonssikkerheit,"Sikkerhetsanalytikere mv., Rådgiver informasjonssikkerhet, Sikkerhetsanalytikere mv., Seniorrådgiver informasjonssikkerhet, sjef for IKT-sikkerhet",BERGEN,http://data.europa.eu/esco/skill/8088750d-8388-4170-a76f-48354c469c44,IT-sikkerhet,exact,,1.0,
500a8d95-ce03-4477-a856-6410cb4706ac,Informasjonssikkerhet,Rådgivar/seniorrådgivar innan informasjonssikkerheit,"Sikkerhetsanalytikere mv., Rådgiver informasjonssikkerhet, Sikkerhetsanalytikere mv., Seniorrådgiver informasjonssikkerhet, sjef for IKT-sikkerhet",BERGEN,http://data.europa.eu/esco/skill/8088750d-8388-4170-a76f-48354c469c44,informasjonssikkerhet,exact,,1.0,
4156a38f-3d6c-45b0-b8ae-5f6662fa9d2f,Produktutvikling,Vil du lede den tekniske utviklingen i et internasjonalt industriselskap med sterke norske røtter?,"Ledere av industriproduksjon mv., Teknisk direktør industri, Ledere av industriproduksjon mv.",MANDAL,http://data.europa.eu/esco/skill/4f6b656a-54d0-48ce-9b55-ebcac5904a14,håndtere geospatiale teknologier,digital_consensus,0.6504983901977539,0.9169093370437622,0.013612568378448486
8499dbc4-b376-4050-8dce-79352853ae79,ERP,Vil du ha en sentral rolle i å sikre trygge og effektive IT-endringer?,"Endringsleder, Strategi- og planleggingssjefer, Ledere av IKT-enheter, IT-leder, Ledere av IKT-enheter",OSLO,http://data.europa.eu/esco/skill/09f4c52b-ac72-4f0e-a8ae-78bb1d7bffba,transportprogramvare relatert til et ERP-system,digital_consensus,0.5528852343559265,0.9972111582756042,0.9701170120388269
8499dbc4-b376-4050-8dce-79352853ae79,ITIL,Vil du ha en sentral rolle i å sikre trygge og effektive IT-endringer?,"Endringsleder, Strategi- og planleggingssjefer, Ledere av IKT-enheter, IT-leder, Ledere av IKT-enheter",OSLO,http://data.europa.eu/esco/skill/d12e9d68-84c5-444e-aa98-d36533bf03f6,anvende operasjoner for et ITIL-basert miljø,digital_consensus,0.5806655883789062,0.9997642636299133,0.6852640509605408
8499dbc4-b376-4050-8dce-79352853ae79,endringsledelse,Vil du ha en sentral rolle i å sikre trygge og effektive IT-endringer?,"Endringsleder, Strategi- og planleggingssjefer, Ledere av IKT-enheter, IT-leder, Ledere av IKT-enheter",OSLO,http://data.europa.eu/esco/skill/bec4359e-cb92-468f-a997-8fb28e32fba9,Metoder innen IKT-prosjektledelse,digital_consensus,0.6423553824424744,0.8403087258338928,0.002162039279937744
d838477c-faf8-497f-9ec5-dca8d80741ee,Datasenter,Datacenter Field Service Engineer - Eaton Norge,"Field Service Engineer, Andre ingeniører, Elektrikere, Elektriker, elektriker",OSLO,http://data.europa.eu/esco/skill/21d2f96d-35f7-4e3f-9745-c533d2dd6e97,dataprogrammering,digital_consensus,0.5561807155609131,0.9656215906143188,0.010419487953186035
57423dba-7a6b-4016-b571-3ac0b04977a6,Tekniske tegninger,Forskalingssnekker,"Forskalingssnekker, Forskalingssnekker, Betongarbeidere",Missing location,http://data.europa.eu/esco/skill/59ea80e1-463a-4dba-82c6-d0b6d577d532,tekniske tegninger,exact,,1.0,
7e323491-0e36-49d6-81cb-6b703938f93e,Dataplattform,"Vil du bygge datagrunnlaget for hele SNN Finans på en moderne, skybasert plattform?","Dataingeniør, Dataingeniør, Sivilingeniører (elektronikk)",TROMSØ,http://data.europa.eu/esco/skill/3ec2e4d6-7000-4905-bf1a-c5b1679416de,datavarehus,digital_consensus,0.5975717306137085,0.9994984865188599,0.0007398128509521484
7e323491-0e36-49d6-81cb-6b703938f93e,ETL,"Vil du bygge datagrunnlaget for hele SNN Finans på en moderne, skybasert plattform?","Dataingeniør, Dataingeniør, Sivilingeniører (elektronikk)",TROMSØ,http://data.europa.eu/esco/skill/9d0d89be-bffa-4393-b6f6-8d05bea49051,ETL,exact,,1.0,
7e323491-0e36-49d6-81cb-6b703938f93e,Python,"Vil du bygge datagrunnlaget for hele SNN Finans på en moderne, skybasert plattform?","Dataingeniør, Dataingeniør, Sivilingeniører (elektronikk)",TROMSØ,http://data.europa.eu/esco/skill/ccd0a1d9-afda-43d9-b901-96344886e14d,Python,exact,,1.0,
8d8f83a4-001b-448d-a955-3017ace6bd43,Produktutvikling,Leder Produktstrategi,"Ledere av IKT-enheter, IT-leder, Ledere av IKT-enheter",OSLO,http://data.europa.eu/esco/skill/4f6b656a-54d0-48ce-9b55-ebcac5904a14,håndtere geospatiale teknologier,digital_consensus,0.6504983901977539,0.9169093370437622,0.013612568378448486
b098de44-f16f-4fad-b8de-11899fd8b9c1,Miljøforvaltning,Vi søker en erfaren og strategisk leder,"Sysselmester, Sysselmester, Toppledere i offentlig administrasjon",LONGYEARBYEN,http://data.europa.eu/esco/skill/b13e0689-636d-42d0-86c3-df9d6f85a882,forvalte miljøstyringssystem,digital_consensus,0.6628037095069885,0.9973756074905396,0.011500298976898193
3b0d11d6-6f6b-46da-99e5-dceda7d34970,Android utvikler,Senior Android Utvikler,"Android utvikler, Android utvikler, Applikasjonsprogrammerere",OSLO,http://data.europa.eu/esco/skill/d8829a1d-dbde-435b-b921-29d6462f35c9,Android (mobile operativsystemer),digital_consensus,0.6257745027542114,0.9977506995201111,0.7059274613857269
3b0d11d6-6f6b-46da-99e5-dceda7d34970,Apputvikler,Senior Android Utvikler,"Android utvikler, Android utvikler, Applikasjonsprogrammerere",OSLO,http://data.europa.eu/esco/skill/b8c01891-e3df-4a4b-948d-95b45e1788f5,programvarerammeverk for mobile enheter,digital_consensus,0.6095967888832092,0.9482092261314392,0.8226393461227417
3b0d11d6-6f6b-46da-99e5-dceda7d34970,IT,Senior Android Utvikler,"Android utvikler, Android utvikler, Applikasjonsprogrammerere",OSLO,http://data.europa.eu/esco/skill/ddc3119d-1d6e-4324-9125-a3380d299ac5,IT,exact,,1.0,
3b0d11d6-6f6b-46da-99e5-dceda7d34970,Mobilutvikler,Senior Android Utvikler,"Android utvikler, Android utvikler, Applikasjonsprogrammerere",OSLO,http://data.europa.eu/esco/skill/d8829a1d-dbde-435b-b921-29d6462f35c9,Android (mobile operativsystemer),digital_consensus,0.578715443611145,0.9784018397331238,0.3865848779678345
3b0d11d6-6f6b-46da-99e5-dceda7d34970,Produktutvikling,Senior Android Utvikler,"Android utvikler, Android utvikler, Applikasjonsprogrammerere",OSLO,http://data.europa.eu/esco/skill/4f6b656a-54d0-48ce-9b55-ebcac5904a14,håndtere geospatiale teknologier,digital_consensus,0.6504983901977539,0.9169093370437622,0.013612568378448486
3b0d11d6-6f6b-46da-99e5-dceda7d34970,Programmerer,Senior Android Utvikler,"Android utvikler, Android utvikler, Applikasjonsprogrammerere",OSLO,http://data.europa.eu/esco/skill/21d2f96d-35f7-4e3f-9745-c533d2dd6e97,dataprogrammering,digital_consensus,0.6060227751731873,0.9829521775245667,0.035317838191986084
3b0d11d6-6f6b-46da-99e5-dceda7d34970,Programvareutvikling,Senior Android Utvikler,"Android utvikler, Android utvikler, Applikasjonsprogrammerere",OSLO,http://data.europa.eu/esco/skill/21d2f96d-35f7-4e3f-9745-c533d2dd6e97,dataprogrammering,digital_consensus,0.5329556465148926,0.9873233437538147,0.12117928266525269
abd3d903-faac-4452-b2e0-bb4c297896b6,Digitale produkter,"Want to Shape How Millions Pay on FINN, Blocket \& other Nordic Marketplaces?","Produktsjef, Produktsjef, Salgs- og markedssjefer",OSLO,http://data.europa.eu/esco/skill/e5609f89-0daf-40bb-bd6b-94f5d7498131,IKT-marked,digital_consensus,0.6573403477668762,0.97425776720047,0.10177195072174072
abd3d903-faac-4452-b2e0-bb4c297896b6,Produktutvikling,"Want to Shape How Millions Pay on FINN, Blocket \& other Nordic Marketplaces?","Produktsjef, Produktsjef, Salgs- og markedssjefer",OSLO,http://data.europa.eu/esco/skill/4f6b656a-54d0-48ce-9b55-ebcac5904a14,håndtere geospatiale teknologier,digital_consensus,0.6504983901977539,0.9169093370437622,0.013612568378448486
908e4241-a08a-4a59-83a9-973bf0560cb7,Arkitektur,Vil du bygge dataprodukter som gir bedre beslutninger?,"Programvareutviklere, Datakonsulent programmering, Systemanalytikere/-arkitekter, Utvikler av intelligente IKT-systemer, utvikler av IKT-intelligenssystemer",OSLO,http://data.europa.eu/esco/skill/c453cf81-6197-428e-84c6-70c773b63f27,Arkitektoniske IKT-rammeverk,digital_consensus,0.5593475699424744,0.9923986792564392,0.11609482765197754
908e4241-a08a-4a59-83a9-973bf0560cb7,ETL,Vil du bygge dataprodukter som gir bedre beslutninger?,"Programvareutviklere, Datakonsulent programmering, Systemanalytikere/-arkitekter, Utvikler av intelligente IKT-systemer, utvikler av IKT-intelligenssystemer",OSLO,http://data.europa.eu/esco/skill/9d0d89be-bffa-4393-b6f6-8d05bea49051,ETL,exact,,1.0,
908e4241-a08a-4a59-83a9-973bf0560cb7,Python,Vil du bygge dataprodukter som gir bedre beslutninger?,"Programvareutviklere, Datakonsulent programmering, Systemanalytikere/-arkitekter, Utvikler av intelligente IKT-systemer, utvikler av IKT-intelligenssystemer",OSLO,http://data.europa.eu/esco/skill/ccd0a1d9-afda-43d9-b901-96344886e14d,Python,exact,,1.0,
5ea34695-c6b2-4117-aaa2-77c27f102131,Elektronikk,Vil du jobbe med avanserte sikkerhetsløsninger hos en av Norges største aktører?,"Prosjektingeniør, Andre sivilingeniører( unntatt elektroteknologi), Andre ingeniører, Serviceingeniør, Andre ingeniører",OSLO,http://data.europa.eu/esco/skill/95c35c3a-035f-47c2-90cf-7e934d20fc08,elektronikk,exact,,1.0,
aa1b77fc-6f6d-4d42-8d6d-391bf0a66413,SEM,SiO søker Digital markedsfører/webredaktør -- ett års vikariat med mulig forlengelse.,"Reklame- og markedsføringsrådgivere, Digital markedsfører, markedsføringsspesialist",OSLO,http://data.europa.eu/esco/skill/eda4d727-4374-49af-ace4-118c7c906835,SEM,exact,,1.0,
6ac2321a-0b9a-4f61-aefd-4fdfe87f0429,DevOps,Head of Cloud Engineering - Vi flytter regnekraft ut av datasenteret. Vil du eie plattformen?,"Ledere av IKT-enheter, IKT-Leder, Ledere av IKT-enheter",LØRENSKOG,http://data.europa.eu/esco/skill/f0de4973-0a70-4644-8fd4-3a97080476f4,DevOps,exact,,1.0,
6ac2321a-0b9a-4f61-aefd-4fdfe87f0429,Sky,Head of Cloud Engineering - Vi flytter regnekraft ut av datasenteret. Vil du eie plattformen?,"Ledere av IKT-enheter, IKT-Leder, Ledere av IKT-enheter",LØRENSKOG,http://data.europa.eu/esco/skill/11430d93-c835-48ed-8e70-285fa69c9ae6,designe skyarkitektur,digital_consensus,0.6258109211921692,0.9894150495529175,0.019019901752471924
b7492006-7336-4b6f-9437-d7e3179ddc8f,ERP,Senior SAP Applikasjonskonsulent -- Logistikk -- bli med på vår S/4HANA RISE-reise,"Senior SAP Service Manager, Ledere av IKT-enheter, Andre sivilingeniører (unntatt elektroteknologi);, Applikasjonsingeniør",LØRENSKOG,http://data.europa.eu/esco/skill/09f4c52b-ac72-4f0e-a8ae-78bb1d7bffba,transportprogramvare relatert til et ERP-system,digital_consensus,0.5528852343559265,0.9972111582756042,0.9701170120388269
b7492006-7336-4b6f-9437-d7e3179ddc8f,IT,Senior SAP Applikasjonskonsulent -- Logistikk -- bli med på vår S/4HANA RISE-reise,"Senior SAP Service Manager, Ledere av IKT-enheter, Andre sivilingeniører (unntatt elektroteknologi);, Applikasjonsingeniør",LØRENSKOG,http://data.europa.eu/esco/skill/ddc3119d-1d6e-4324-9125-a3380d299ac5,IT,exact,,1.0,
b7492006-7336-4b6f-9437-d7e3179ddc8f,S/4HANA,Senior SAP Applikasjonskonsulent -- Logistikk -- bli med på vår S/4HANA RISE-reise,"Senior SAP Service Manager, Ledere av IKT-enheter, Andre sivilingeniører (unntatt elektroteknologi);, Applikasjonsingeniør",LØRENSKOG,http://data.europa.eu/esco/skill/bb99af26-71ff-4dca-bde7-1eb1f6194426,SAP R3,digital_consensus,0.5365973711013794,0.9997121691703796,1.6987323760986328e-05
b7492006-7336-4b6f-9437-d7e3179ddc8f,SAP,Senior SAP Applikasjonskonsulent -- Logistikk -- bli med på vår S/4HANA RISE-reise,"Senior SAP Service Manager, Ledere av IKT-enheter, Andre sivilingeniører (unntatt elektroteknologi);, Applikasjonsingeniør",LØRENSKOG,http://data.europa.eu/esco/skill/f8e3425c-fe44-4ffb-bafe-0e20d91dadf4,SAP,exact,,1.0,
06685d71-f07b-4a72-98a8-8395192c68c7,Elektronikk,Elkjøp Lagunen søker deltider til Aftersales Operations,"Kundeservicekonsulent, Kundeservicekonsulent, Kundesentermedarbeidere",RÅDAL,http://data.europa.eu/esco/skill/95c35c3a-035f-47c2-90cf-7e934d20fc08,elektronikk,exact,,1.0,
89e9fa1e-1516-4a44-9bfc-90cd8ae3b7c7,ERP,Vil du bruke lønnskompetansen din til å utvikle bedre lønnsløsninger?,"Andre programvare- og applikasjonsutviklere, Programvaretester, Lønningsmedarbeidere, Lønnskonsulent, Lønningsmedarbeidere, Lønnspesialist, lønningsassistent",OSLO,http://data.europa.eu/esco/skill/09f4c52b-ac72-4f0e-a8ae-78bb1d7bffba,transportprogramvare relatert til et ERP-system,digital_consensus,0.5528852343559265,0.9972111582756042,0.9701170120388269
89e9fa1e-1516-4a44-9bfc-90cd8ae3b7c7,Produktspesialist,Vil du bruke lønnskompetansen din til å utvikle bedre lønnsløsninger?,"Andre programvare- og applikasjonsutviklere, Programvaretester, Lønningsmedarbeidere, Lønnskonsulent, Lønningsmedarbeidere, Lønnspesialist, lønningsassistent",OSLO,http://data.europa.eu/esco/skill/21d2f96d-35f7-4e3f-9745-c533d2dd6e97,dataprogrammering,digital_consensus,0.5442332625389099,0.9931126236915588,1.3828277587890625e-05
f451e56c-9b3b-48a6-94ba-e7c72d70001a,SAP,Fagarbeider Elektro - Glomfjord,"Energimontører, Energimontør, Energikontrolloperatører, Energioperatør, Elektrikere, Elektriker, elektriker",GLOMFJORD,http://data.europa.eu/esco/skill/f8e3425c-fe44-4ffb-bafe-0e20d91dadf4,SAP,exact,,1.0,
7ce67d49-b4b2-4ff5-9ae7-5d548523b746,Python,Vil du være med å forme hvordan vi utvikler vår forsikringsportefølje?,"Finansmeglere, Porteføljeforvalter, kapitalforvalter",LYSAKER,http://data.europa.eu/esco/skill/ccd0a1d9-afda-43d9-b901-96344886e14d,Python,exact,,1.0,
5511757f-1a1c-4ab3-b572-690987317f62,Elektronikk,Power Slependen søker avdelingsleder lyd og bilde,"Avdelingsleder, Avdelingsleder, Andre ledere av produksjon og tjenesteyting",BILLINGSTAD,http://data.europa.eu/esco/skill/95c35c3a-035f-47c2-90cf-7e934d20fc08,elektronikk,exact,,1.0,
328ba375-e2d5-49bb-8afb-b862333da2f4,Automatiker,Vil du være tekniker hos AREPA Norge?,"Tekniker, Tekniker, Andre ingeniører",OSLO,http://data.europa.eu/esco/skill/7a950986-27fe-4b6c-adf3-88f211e77019,robotkomponenter,digital_consensus,0.6843463182449341,0.9831464886665344,0.0006955862045288086
d3ca2b39-dcb6-4d32-a0ee-ba3b039bb063,E-handel,Deltidsstilling -- E-handel og nettbutikk,"Nettbutikkmedarbeider, Telefon- og nettselgere, Telefon- og nettselgere, Telefon- og nettselgere, Nettselger",ASKER,http://data.europa.eu/esco/skill/b1272de4-1f5f-408b-8b26-061f2550fc72,e-handelssystemer,digital_consensus,0.6153236627578735,0.9999244213104248,0.002346336841583252
c77a60b2-32bb-4735-a987-e86968d038e0,ERP,Vil du ha en nøkkelrolle i et av Nord-Norges ledende sjømatkonsern?,"Personal- og karriererådgivere, Ledere av logistikk og transport mv., Rådgivere/forskere, samfunnsøkonomi, økonom, Administrasjon- og personalkoordinator, Logistikkansvarlig, Økonom",TROMSØ,http://data.europa.eu/esco/skill/09f4c52b-ac72-4f0e-a8ae-78bb1d7bffba,transportprogramvare relatert til et ERP-system,digital_consensus,0.5528852343559265,0.9972111582756042,0.9701170120388269
689a36c2-3424-491f-bd02-4cbcc57c99d2,Miljøforvaltning,Har du lyst til å jobbe med anskaffelser i miljøforvaltningen?,"Innkjøpere, innkjøper, Anskaffer",TRONDHEIM,http://data.europa.eu/esco/skill/b13e0689-636d-42d0-86c3-df9d6f85a882,forvalte miljøstyringssystem,digital_consensus,0.6628037095069885,0.9973756074905396,0.011500298976898193
6e467159-3849-45a6-ac38-94e83fb3f579,Dokumentkontroller,Join DOF as a Document Controller!,"Kontormedarbeidere, Andre programvare- og applikasjonsutviklere, spesialist i datakvalitet, Dokument- og arkivmedarbeider, Dokumentkontroller (IKT)",BERGEN,http://data.europa.eu/esco/skill/b769f524-0f25-44d7-8538-5c46710a040e,administrere digitale dokumenter,digital_consensus,0.5482016801834106,0.9953457713127136,0.018224596977233887
56178f37-3954-4275-8503-e2e6fbd7effb,CNC,Vi søker produksjonsmedarbeider/kranoperatør med erfaring fra iindustri.,"Kran- og heisførere mv., Kran- og heisførere mv., kranfører, container, Tungløftkranoperatør, Traverskranfører",STRAUME,http://data.europa.eu/esco/skill/6f728d63-5c45-40b3-8bfd-e17c5dba28ad,håndtere CNC-slipemaskin,digital_consensus,0.5797138810157776,0.9999545812606812,0.00033664703369140625
d370daa7-9c5c-4ab7-8afa-0eeb0a0a23a9,IT,"Konsulent innen sky, infrastruktur og datarom","Programvareutviklere, Nettverksansvarlige, IKT-nettverksarkitekt, Cloud-ingeniør, Infrastrukturkonsulent IKT",BODØ,http://data.europa.eu/esco/skill/ddc3119d-1d6e-4324-9125-a3380d299ac5,IT,exact,,1.0,
d370daa7-9c5c-4ab7-8afa-0eeb0a0a23a9,IT-sikkerhet,"Konsulent innen sky, infrastruktur og datarom","Programvareutviklere, Nettverksansvarlige, IKT-nettverksarkitekt, Cloud-ingeniør, Infrastrukturkonsulent IKT",BODØ,http://data.europa.eu/esco/skill/8088750d-8388-4170-a76f-48354c469c44,IT-sikkerhet,exact,,1.0,
d370daa7-9c5c-4ab7-8afa-0eeb0a0a23a9,Sky,"Konsulent innen sky, infrastruktur og datarom","Programvareutviklere, Nettverksansvarlige, IKT-nettverksarkitekt, Cloud-ingeniør, Infrastrukturkonsulent IKT",BODØ,http://data.europa.eu/esco/skill/11430d93-c835-48ed-8e70-285fa69c9ae6,designe skyarkitektur,digital_consensus,0.6258109211921692,0.9894150495529175,0.019019901752471924
91bb0eba-9e60-4cd5-ad83-54dd94b5e885,SaaS,Head of Client Enablement .,"Andre daglige ledere i tjenesteytende virksomheter, Head of Client Service Management, Head of Client Service Management",OSLO,http://data.europa.eu/esco/skill/83218cac-3599-417e-93d2-26013cdccd98,SaaS,exact,,1.0,
3c2fb657-fb4e-454a-b5ab-be219125a07f,SAP,Vil du sikre flyt fra ordre til ferdig leveranse? Rask tiltredelse!,"Transportfunksjonærer, Logistikk/fraktkoordinator",SKIEN,http://data.europa.eu/esco/skill/f8e3425c-fe44-4ffb-bafe-0e20d91dadf4,SAP,exact,,1.0,
7fbc25ec-519c-4fb9-b9a0-c9c05f197310,Arkivarbeid,"Er du strukturert, kvalitetsbevisst og ansvarlig?","Dataregistrere, Digitaliserer, Kontormedarbeidere, Senior dokumentasjonsforvalter, Kontormedarbeidere",SKUI,http://data.europa.eu/esco/skill/c1b4aa1e-bc42-49e4-952a-0cbd45f1d57b,museumsdatabaser,digital_consensus,0.5799029469490051,0.9492874145507812,0.06436246633529663
7fbc25ec-519c-4fb9-b9a0-c9c05f197310,Digitalisering,"Er du strukturert, kvalitetsbevisst og ansvarlig?","Dataregistrere, Digitaliserer, Kontormedarbeidere, Senior dokumentasjonsforvalter, Kontormedarbeidere",SKUI,http://data.europa.eu/esco/skill/aa0d8201-5a8e-417f-81f4-c04601139582,digitalisering,exact,,1.0,
60e7d295-6521-49e7-b83e-e6e1ef787c6d,IT,Har du erfaring med lagringsteknologi og ønsker å utvikle deg videre?,"Cloud-ingeniør, Programvareutviklere",GRIMSTAD,http://data.europa.eu/esco/skill/ddc3119d-1d6e-4324-9125-a3380d299ac5,IT,exact,,1.0,
60e7d295-6521-49e7-b83e-e6e1ef787c6d,backup,Har du erfaring med lagringsteknologi og ønsker å utvikle deg videre?,"Cloud-ingeniør, Programvareutviklere",GRIMSTAD,http://data.europa.eu/esco/skill/47ca0da1-cae5-4395-ae6b-fd97b9ff48d3,beste praksis for systemgjenoppretting,digital_consensus,0.4895206093788147,0.9607037901878357,0.9581125951372087
60e7d295-6521-49e7-b83e-e6e1ef787c6d,sky,Har du erfaring med lagringsteknologi og ønsker å utvikle deg videre?,"Cloud-ingeniør, Programvareutviklere",GRIMSTAD,http://data.europa.eu/esco/skill/11430d93-c835-48ed-8e70-285fa69c9ae6,designe skyarkitektur,digital_consensus,0.5356383919715881,0.9196360111236572,0.9171153975185007
61cc0b7c-3ada-4998-b8b9-9ba89d3aa417,Digital etterforskning,Politibetjent 3/2/1,"Politibetjent, Politibetjent, Politibetjenter mv.",KRISTIANSAND S,http://data.europa.eu/esco/skill/118a9b27-1c5a-4214-b685-1a4d9e6365ea,dataetterforskning,digital_consensus,0.569876492023468,0.999607503414154,0.007637381553649902
912685ff-2cb1-42a5-8cfd-988a3da503e2,Digitalisering,Erfaren informasjonsarkitekt søkes! Vil du være med å forme hvordan Norge forstår og bruker data i fremtiden? ,"Systemanalytikere/-arkitekter, IT arkitekt, forsker innen datavitenskap",OSLO,http://data.europa.eu/esco/skill/aa0d8201-5a8e-417f-81f4-c04601139582,digitalisering,exact,,1.0,
912685ff-2cb1-42a5-8cfd-988a3da503e2,Systemutvikling,Erfaren informasjonsarkitekt søkes! Vil du være med å forme hvordan Norge forstår og bruker data i fremtiden? ,"Systemanalytikere/-arkitekter, IT arkitekt, forsker innen datavitenskap",OSLO,http://data.europa.eu/esco/skill/21d2f96d-35f7-4e3f-9745-c533d2dd6e97,dataprogrammering,digital_consensus,0.6049041152000427,0.9194501638412476,0.19810181856155396
912685ff-2cb1-42a5-8cfd-988a3da503e2,UML,Erfaren informasjonsarkitekt søkes! Vil du være med å forme hvordan Norge forstår og bruker data i fremtiden? ,"Systemanalytikere/-arkitekter, IT arkitekt, forsker innen datavitenskap",OSLO,http://data.europa.eu/esco/skill/7193cb6d-8334-494f-86e5-21e6d03a47c3,uml,exact,,1.0,
9820ca6d-2009-4bb1-977c-e569c64b2179,Elektronikk,Ingeniør Medisinsk teknikk,"Ingeniør medisinteknikk, Ingeniør medisinteknikk, Sivilingeniører (elektronikk)",KIRKENES,http://data.europa.eu/esco/skill/95c35c3a-035f-47c2-90cf-7e934d20fc08,elektronikk,exact,,1.0,
9f6b61f1-7080-425e-b115-273a4ff526e5,Digital sikkerhet, Erfaren rådgiver/seniorrådgiver innen digital sikkerhet,"IT-sikkerhetsrådgiver, IT-sikkerhetsrådgiver, Sikkerhetsanalytikere mv.",TRONDHEIM,http://data.europa.eu/esco/skill/8088750d-8388-4170-a76f-48354c469c44,digital sikkerhet,exact,,1.0,
9f6b61f1-7080-425e-b115-273a4ff526e5,Informasjonssikkerhet, Erfaren rådgiver/seniorrådgiver innen digital sikkerhet,"IT-sikkerhetsrådgiver, IT-sikkerhetsrådgiver, Sikkerhetsanalytikere mv.",TRONDHEIM,http://data.europa.eu/esco/skill/8088750d-8388-4170-a76f-48354c469c44,informasjonssikkerhet,exact,,1.0,
c884400e-b5d6-4239-ab4e-ce00ff3c1fba,Digitalisering,Seniorrådgiver,"Høyere saksbehandlere i offentlig og privat virksomhet, Seniorrådgiver offentlig administrasjon, Høyere saksbehandlere i offentlig og privat virksomhet",OSLO,http://data.europa.eu/esco/skill/aa0d8201-5a8e-417f-81f4-c04601139582,digitalisering,exact,,1.0,
f2d1b9f5-3f78-48ba-81c5-927c429c3ce6,LIS,Lege i spesialisering 3,"Lege i spesialisering (LIS2), Lege i spesialisering (LIS2), Allmennpraktiserende leger",ELVERUM,http://data.europa.eu/esco/skill/0cd6dcf1-5778-42a5-b685-4d01ae4a4871,Common Lisp,digital_consensus,0.6051489114761353,0.999724805355072,0.0015864968299865723
0d752908-d5bb-4468-b289-8993bb899df3,Kundesupport, Vil du bli en del av et teknologiselskap i vekst?  ,"Kundeservicekonsulent, Kundesentermedarbeidere, Brukerstøtte, IKT, 1-linje support IT, Brukerstøtte, IKT, IT-support medarbeider, Brukerstøtte",KRISTIANSAND S,http://data.europa.eu/esco/skill/db36f7f1-5900-45bd-9ffb-f2b19c4362ac,støtte IKT-systembrukere,digital_consensus,0.5482102036476135,0.9978213310241699,0.016304969787597656
cde603af-a588-4652-9009-5e965954d264,BIM,Arkitekt - Byggteknisk rådgiver,"Arkitekt bygg, Arkitekt bygg, Sivilarkitekter",HAUGESUND,http://data.europa.eu/esco/skill/fae7e545-5114-43cc-8e83-178e2549ecb9,bim,exact,,1.0,
ff4611eb-66bd-4e0d-98e0-5195f3a4a391,Digital journalistikk,Halden Arbeiderblad søker nyhetsjournalist,"Journalist, Journalist, Journalister",HALDEN,http://data.europa.eu/esco/skill/16e462b2-b8dd-4842-8c31-71d0fb4be474,digital journalistikk,exact,,1.0,
ecdd7819-8589-4a00-8630-81906f8f0f2b,IT Operations,Er du Onitio Solutions nye Director IT Operations?,"IKT-ingeniør, IKT-ingeniør, Systemanalytikere/-arkitekter",BARKÅKER,http://data.europa.eu/esco/skill/778ca7ad-6c5d-4868-9b96-a7777dca799c,IKT-hjelpeplattformer,digital_consensus,0.5680562257766724,0.9926443099975586,0.08869218826293945
ecdd7819-8589-4a00-8630-81906f8f0f2b,informasjonssikkerhet,Er du Onitio Solutions nye Director IT Operations?,"IKT-ingeniør, IKT-ingeniør, Systemanalytikere/-arkitekter",BARKÅKER,http://data.europa.eu/esco/skill/8088750d-8388-4170-a76f-48354c469c44,informasjonssikkerhet,exact,,1.0,
fffd3224-bd9c-4af8-9818-92f77a259dc5,Elektronikk,Power Slependen søker avdelingsleder HOME,"Avdelingsleder, Avdelingsleder, Andre ledere av produksjon og tjenesteyting",BILLINGSTAD,http://data.europa.eu/esco/skill/95c35c3a-035f-47c2-90cf-7e934d20fc08,elektronikk,exact,,1.0,
1a31fd12-6c29-426f-a01f-aa31cb7b5666,Digitalisering,"Konsulent \| Transformasjon, transaksjoner og digitalisering \| FAAS Oslo","Finans- og økonomisjefer, CFO, økonomisjef",OSLO,http://data.europa.eu/esco/skill/aa0d8201-5a8e-417f-81f4-c04601139582,digitalisering,exact,,1.0,
0c0eee3e-ed88-415e-a2bb-a89ec5d9e219,SAP,Supply Chain Intern at Roche Diagnostics,"Supply Chain Konsulent, Supply Chain Konsulent, Logistikkmedarbeidere",OSLO,http://data.europa.eu/esco/skill/f8e3425c-fe44-4ffb-bafe-0e20d91dadf4,SAP,exact,,1.0,
1bd7185f-2a4a-4379-8434-098055e7b670,Masterdata,Product system and Labelling coordinator,"IT-systemingeniør, IT-systemingeniør, Systemanalytikere/-arkitekter",BERGEN,http://data.europa.eu/esco/skill/21d2f96d-35f7-4e3f-9745-c533d2dd6e97,dataprogrammering,digital_consensus,0.5863476991653442,0.968960165977478,0.016461968421936035
416decd3-06dc-4f0c-813e-bb4a1e3c3eb6,Elektronikk,Elkjøp Tasta søker Service Advisor,"Kundeservicekonsulent, Kundeservicekonsulent, Kundesentermedarbeidere",STAVANGER,http://data.europa.eu/esco/skill/95c35c3a-035f-47c2-90cf-7e934d20fc08,elektronikk,exact,,1.0,
dd0f93fb-3ade-460f-9a46-9fe955f91b92,BIM,Ønsker du å være en del av et stort tverrfaglig miljø på Lillehammer og Hamar?,"Elektroingeniør, Elektroingeniør, Elektronikkingeniører",LILLEHAMMER,http://data.europa.eu/esco/skill/fae7e545-5114-43cc-8e83-178e2549ecb9,bim,exact,,1.0,
42940aaf-d88d-4ebc-87b4-5bd0060080d3,C++,Vil du utvikle software som gjør en forskjell i industrien?,"Programmerer, Programmerer, Programvareutviklere",SOGNDAL,http://data.europa.eu/esco/skill/b633eb55-8f1f-4ae6-ab4c-2022ffe2cb7f,C++,exact,,1.0,
42940aaf-d88d-4ebc-87b4-5bd0060080d3,Industrirobot,Vil du utvikle software som gjør en forskjell i industrien?,"Programmerer, Programmerer, Programvareutviklere",SOGNDAL,http://data.europa.eu/esco/skill/41ec47dd-08b3-464a-9c45-c706f3e74467,industriell programvare,digital_consensus,0.6140458583831787,0.8249256014823914,0.21818184852600098
42940aaf-d88d-4ebc-87b4-5bd0060080d3,Python,Vil du utvikle software som gjør en forskjell i industrien?,"Programmerer, Programmerer, Programvareutviklere",SOGNDAL,http://data.europa.eu/esco/skill/ccd0a1d9-afda-43d9-b901-96344886e14d,Python,exact,,1.0,
42940aaf-d88d-4ebc-87b4-5bd0060080d3,Robotikk,Vil du utvikle software som gjør en forskjell i industrien?,"Programmerer, Programmerer, Programvareutviklere",SOGNDAL,http://data.europa.eu/esco/skill/e87ec79a-c9ff-46f5-84fa-7a0f394cdf40,robotikk,exact,,1.0,
788e2ceb-8535-4a30-adcc-223073ee8876,Dataanalyse,Er du vår nye spesialrådgiver innen statistikk og analyse?,"Matematikere, statistikere mv., Seniorrådgivere (statistikkarbeid), statistiker",OSLO,http://data.europa.eu/esco/skill/97bd1c21-66b2-4b7e-ad0f-e3cda590e378,dataanalyse,exact,,1.0,
788e2ceb-8535-4a30-adcc-223073ee8876,Python,Er du vår nye spesialrådgiver innen statistikk og analyse?,"Matematikere, statistikere mv., Seniorrådgivere (statistikkarbeid), statistiker",OSLO,http://data.europa.eu/esco/skill/ccd0a1d9-afda-43d9-b901-96344886e14d,Python,exact,,1.0,
788e2ceb-8535-4a30-adcc-223073ee8876,R,Er du vår nye spesialrådgiver innen statistikk og analyse?,"Matematikere, statistikere mv., Seniorrådgivere (statistikkarbeid), statistiker",OSLO,http://data.europa.eu/esco/skill/51586df8-1c46-4b47-8583-773cb63bf00b,R,exact,,1.0,
d52b4a3b-2e35-4810-9c7b-f0dcda256ff2,CNC,Lærar i teknologi- og industrifag,"Faglærer teknikk og industriell produksjon, Faglærer teknikk og industriell produksjon, Yrkesfaglærere",ODDA,http://data.europa.eu/esco/skill/6f728d63-5c45-40b3-8bfd-e17c5dba28ad,håndtere CNC-slipemaskin,digital_consensus,0.5797138810157776,0.9999545812606812,0.00033664703369140625
9e1b0a16-2b9c-4a23-98bb-451b2ab9aedb,ERP,Do you have experience within finance and procurement?,"HR Business Partner, HR Business Partner, Personalsjefer",OSLO,http://data.europa.eu/esco/skill/09f4c52b-ac72-4f0e-a8ae-78bb1d7bffba,transportprogramvare relatert til et ERP-system,digital_consensus,0.5528852343559265,0.9972111582756042,0.9701170120388269
8d4d9a5c-c714-4ae6-b196-821917d88ae8,Tekniske tegninger,Er du rørlegger på jakt etter nye prosjekter?,"Rørlegger, Rørlegger, Rørleggere og VVS-montører",AKSDAL,http://data.europa.eu/esco/skill/59ea80e1-463a-4dba-82c6-d0b6d577d532,tekniske tegninger,exact,,1.0,
b4d47a66-7920-4782-9869-86d3eeb4f98e,IT,Integrasjonsarkitekt,"Integrasjonsarkitekt IT, Integrasjonsarkitekt IT, Systemanalytikere/-arkitekter",STAVANGER,http://data.europa.eu/esco/skill/ddc3119d-1d6e-4324-9125-a3380d299ac5,IT,exact,,1.0,
b4d47a66-7920-4782-9869-86d3eeb4f98e,Systemarkitektur,Integrasjonsarkitekt,"Integrasjonsarkitekt IT, Integrasjonsarkitekt IT, Systemanalytikere/-arkitekter",STAVANGER,http://data.europa.eu/esco/skill/21d2f96d-35f7-4e3f-9745-c533d2dd6e97,dataprogrammering,digital_consensus,0.5183978080749512,0.9555255174636841,0.06058621406555176
39b7fcf2-c780-4b9d-81eb-716b9f23ab9a,SaaS,Kundeansvarlig (svensk/norsk),"Kundeservicekonsulent, Kundeservicekonsulent, Kundesentermedarbeidere",OSLO,http://data.europa.eu/esco/skill/83218cac-3599-417e-93d2-26013cdccd98,SaaS,exact,,1.0,
f7c7c2e6-70cf-41ea-8e3f-f0bd308025ce,Dataanalyse,Skap verdi gjennom data og analyse,"Forretningsanalytiker, Forretningsanalytiker, Finansanalytikere",OSLO,http://data.europa.eu/esco/skill/97bd1c21-66b2-4b7e-ad0f-e3cda590e378,dataanalyse,exact,,1.0,
f7c7c2e6-70cf-41ea-8e3f-f0bd308025ce,Dataplattform,Skap verdi gjennom data og analyse,"Forretningsanalytiker, Forretningsanalytiker, Finansanalytikere",OSLO,http://data.europa.eu/esco/skill/3ec2e4d6-7000-4905-bf1a-c5b1679416de,datavarehus,digital_consensus,0.5975717306137085,0.9994984865188599,0.0007398128509521484
f7c7c2e6-70cf-41ea-8e3f-f0bd308025ce,Forretningsanalytiker,Skap verdi gjennom data og analyse,"Forretningsanalytiker, Forretningsanalytiker, Finansanalytikere",OSLO,http://data.europa.eu/esco/skill/143769cb-b61e-47d8-a61e-eedfbec1016c,analyse av forretningsdata,digital_consensus,0.6012461185455322,0.9952499866485596,0.003920078277587891
6415f0ac-c705-46d7-ae92-b5193ef8f24a,IAM,Vil du ha ansvar for drift og forvaltning av Identity Access Management innen luftfart?,"Systemadministratorer, IT-administrator, IKT-systemadministrator",GARDERMOEN,http://data.europa.eu/esco/skill/33efa504-2f26-424d-b662-cee77e6e9c93,IAM,exact,,1.0,
6415f0ac-c705-46d7-ae92-b5193ef8f24a,IT-sikkerhet,Vil du ha ansvar for drift og forvaltning av Identity Access Management innen luftfart?,"Systemadministratorer, IT-administrator, IKT-systemadministrator",GARDERMOEN,http://data.europa.eu/esco/skill/8088750d-8388-4170-a76f-48354c469c44,IT-sikkerhet,exact,,1.0,
6415f0ac-c705-46d7-ae92-b5193ef8f24a,Java,Vil du ha ansvar for drift og forvaltning av Identity Access Management innen luftfart?,"Systemadministratorer, IT-administrator, IKT-systemadministrator",GARDERMOEN,http://data.europa.eu/esco/skill/19a8293b-8e95-4de3-983f-77484079c389,Java,exact,,1.0,
6415f0ac-c705-46d7-ae92-b5193ef8f24a,Oracle Identity Governance,Vil du ha ansvar for drift og forvaltning av Identity Access Management innen luftfart?,"Systemadministratorer, IT-administrator, IKT-systemadministrator",GARDERMOEN,http://data.europa.eu/esco/skill/23900e3d-06fa-424c-a5dc-c0ea42edde1e,Oracle Warehouse Builder,digital_consensus,0.581616997718811,0.9100965261459351,0.8737934939563274
afb5b526-7a38-406f-ac56-7e593c88706d,Android,Teknisk teft og kunde i fokus? Onitio vil ha deg med på laget,"Systemanalytikere/-arkitekter, IT-konsulent, IKT-konsulent",BARKÅKER,http://data.europa.eu/esco/skill/d8829a1d-dbde-435b-b921-29d6462f35c9,Android,exact,,1.0,
afb5b526-7a38-406f-ac56-7e593c88706d,Powershell,Teknisk teft og kunde i fokus? Onitio vil ha deg med på laget,"Systemanalytikere/-arkitekter, IT-konsulent, IKT-konsulent",BARKÅKER,http://data.europa.eu/esco/skill/21d2f96d-35f7-4e3f-9745-c533d2dd6e97,PowerShell,exact,,1.0,
8f315af6-9b20-4b0d-8b92-7fbc9644ab00,CNC-operatør,Skiftoperatører innen CNC-maskinering,"Verktøymaker, låsesmeder mv., CNC-operatør, operatør av CNC-maskin",TOMTER,http://data.europa.eu/esco/skill/6f728d63-5c45-40b3-8bfd-e17c5dba28ad,håndtere CNC-slipemaskin,digital_consensus,0.5746462941169739,0.9999723434448242,6.99758529663086e-05
8f315af6-9b20-4b0d-8b92-7fbc9644ab00,Tekniske tegninger,Skiftoperatører innen CNC-maskinering,"Verktøymaker, låsesmeder mv., CNC-operatør, operatør av CNC-maskin",TOMTER,http://data.europa.eu/esco/skill/59ea80e1-463a-4dba-82c6-d0b6d577d532,tekniske tegninger,exact,,1.0,
6aade973-2c6b-4088-97d3-1564f643f3ed,Cybersikkerhet,Vi søker rådgiver/seniorrådgiver til Nasjonalt koordineringssenter for forskning og innovasjon innen cybersikkerhet,"Sikkerhetsanalytikere mv., Cybersikkerhetsingeniør, IKT-sikkerhetsingeniør",OSLO,http://data.europa.eu/esco/skill/8088750d-8388-4170-a76f-48354c469c44,cybersikkerhet,exact,,1.0,
6aade973-2c6b-4088-97d3-1564f643f3ed,Digital sikkerhet,Vi søker rådgiver/seniorrådgiver til Nasjonalt koordineringssenter for forskning og innovasjon innen cybersikkerhet,"Sikkerhetsanalytikere mv., Cybersikkerhetsingeniør, IKT-sikkerhetsingeniør",OSLO,http://data.europa.eu/esco/skill/8088750d-8388-4170-a76f-48354c469c44,digital sikkerhet,exact,,1.0,
95f95b24-20fd-403b-83b1-08781b074e8a,Elektronikk,Vi søker en teknisk og løsningsorientert mekaniker,"Mekaniker, Bilmekanikere, Anleggsmaskin- og industrimekanikere, Mekaniker (maskiner), Anleggsmaskin- og industrimekanikere",KJELLER,http://data.europa.eu/esco/skill/95c35c3a-035f-47c2-90cf-7e934d20fc08,elektronikk,exact,,1.0,
86a74119-14a8-407e-9798-a808543986c2,CAD,Electrical Technician -- turn prototypes into robust industrial solutions!,"Elektroteknikktegner, Elkraftingeniører, Elektrikere, Elektriker, elektriker",ASKER,http://data.europa.eu/esco/skill/9ba355be-f119-42b6-a7d6-52f6ce2e4a3f,utforme kretser ved hjelp av CAD,digital_consensus,0.6348830461502075,0.9999152421951294,0.8251167237758636
86a74119-14a8-407e-9798-a808543986c2,Produktutvikling,Electrical Technician -- turn prototypes into robust industrial solutions!,"Elektroteknikktegner, Elkraftingeniører, Elektrikere, Elektriker, elektriker",ASKER,http://data.europa.eu/esco/skill/4f6b656a-54d0-48ce-9b55-ebcac5904a14,håndtere geospatiale teknologier,digital_consensus,0.6504983901977539,0.9169093370437622,0.013612568378448486
e497a42c-daff-4615-b42b-76845860462f,Dataanalyse,Would you like to use your expertise in data and CRM to support life-saving work at a humanitarian organisation?,"Applikasjonsprogrammerere, CRM Application Engineer, IKT-programutvikler",OSLO,http://data.europa.eu/esco/skill/97bd1c21-66b2-4b7e-ad0f-e3cda590e378,dataanalyse,exact,,1.0,
e79f4e58-8eff-479f-8ed5-5562e33eda23,SaaS,Salgskonsulent B2B – Ubegrensede provisjonsmuligheter,"Selger B2B, Selger B2B, Selgere (engros)",Missing location,http://data.europa.eu/esco/skill/83218cac-3599-417e-93d2-26013cdccd98,SaaS,exact,,1.0,
8835e5b5-e65d-4cf2-837d-11641f6f3721,Dataanalyse,Har du et hode for tall og analyse?,"Forretningsanalytiker, Forretningsanalytiker, Finansanalytikere",OSLO,http://data.europa.eu/esco/skill/97bd1c21-66b2-4b7e-ad0f-e3cda590e378,dataanalyse,exact,,1.0,
8835e5b5-e65d-4cf2-837d-11641f6f3721,Forretningsanalytiker,Har du et hode for tall og analyse?,"Forretningsanalytiker, Forretningsanalytiker, Finansanalytikere",OSLO,http://data.europa.eu/esco/skill/143769cb-b61e-47d8-a61e-eedfbec1016c,analyse av forretningsdata,digital_consensus,0.6012461185455322,0.9952499866485596,0.003920078277587891
d1380894-02ff-4246-9a32-25f2fd451a4f,CNC-maskin,Bli med på laget til Holvik Glas!,"Operatører innen metallurgiske prosessfag, Operatør innen metallproduksjon, Operatører innen glass- og keramisk produksjon, Glassfagarbeider (industriell glassproduksjon), maskinoperatør, glassforming",FØRDE,http://data.europa.eu/esco/skill/4cb58ef4-67a9-4bea-a743-2c83ebd60e79,håndtere CNC-fresemaskin,digital_consensus,0.6014309525489807,0.9996335506439209,0.009933710098266602
a890675c-55be-4f31-8db5-f0444a92463f,Dataanalyse,Liker du å bygge gode dataløsninger og finne smarte måter å bruke data på?,"Dataanalytiker, Dataanalytiker, Systemanalytikere/-arkitekter",OSLO,http://data.europa.eu/esco/skill/97bd1c21-66b2-4b7e-ad0f-e3cda590e378,dataanalyse,exact,,1.0,
a890675c-55be-4f31-8db5-f0444a92463f,Dataanalytiker,Liker du å bygge gode dataløsninger og finne smarte måter å bruke data på?,"Dataanalytiker, Dataanalytiker, Systemanalytikere/-arkitekter",OSLO,http://data.europa.eu/esco/skill/3ec2e4d6-7000-4905-bf1a-c5b1679416de,datavarehus,digital_consensus,0.6028291583061218,0.9999380111694336,1.7881393432617188e-06
a890675c-55be-4f31-8db5-f0444a92463f,Dataplattform,Liker du å bygge gode dataløsninger og finne smarte måter å bruke data på?,"Dataanalytiker, Dataanalytiker, Systemanalytikere/-arkitekter",OSLO,http://data.europa.eu/esco/skill/3ec2e4d6-7000-4905-bf1a-c5b1679416de,datavarehus,digital_consensus,0.5975717306137085,0.9994984865188599,0.0007398128509521484
a890675c-55be-4f31-8db5-f0444a92463f,Maskinlæring,Liker du å bygge gode dataløsninger og finne smarte måter å bruke data på?,"Dataanalytiker, Dataanalytiker, Systemanalytikere/-arkitekter",OSLO,http://data.europa.eu/esco/skill/3a2d5b45-56e4-4f5a-a55a-4a4a65afdc43,maskinlæring,exact,,1.0,
ab2b7325-e71a-4da1-a3f9-be623c2b82bb,Elektronikk,Forsvarsmarkedet i Europa vokser. Norautron vil ta en større del av det og nå trenger vi en Business Development Sales,"Selgere (engros);, Selger Business-to-Business, salgsrepresentant",HORTEN,http://data.europa.eu/esco/skill/95c35c3a-035f-47c2-90cf-7e934d20fc08,elektronikk,exact,,1.0,
9223f329-f9e0-4c84-be15-19eaca54fa9b,BIM,Vil du være med å forme fremtidens datasentre?,"Elektronikkingeniører, Elektroingeniør, Elkraftingeniører, Sivilingeniør (elkraftteknikk), Elektronikkingeniører, Automasjonsingeniør, Bygningsingeniører, VVS-ingeniør, Sivilingeniører (maskin- og marin-teknikk)",KRISTIANSAND S,http://data.europa.eu/esco/skill/fae7e545-5114-43cc-8e83-178e2549ecb9,bim,exact,,1.0,
9223f329-f9e0-4c84-be15-19eaca54fa9b,Datasenter,Vil du være med å forme fremtidens datasentre?,"Elektronikkingeniører, Elektroingeniør, Elkraftingeniører, Sivilingeniør (elkraftteknikk), Elektronikkingeniører, Automasjonsingeniør, Bygningsingeniører, VVS-ingeniør, Sivilingeniører (maskin- og marin-teknikk)",KRISTIANSAND S,http://data.europa.eu/esco/skill/21d2f96d-35f7-4e3f-9745-c533d2dd6e97,dataprogrammering,digital_consensus,0.5561807155609131,0.9656215906143188,0.010419487953186035
3e4334b0-0a50-45cd-9471-7a8e2259d8cd,Dataanalyse,"Er du opptatt av hvordan data og analyse kan gi grunnlag for innsikt, handling og resultater?","Forsker datavitenskap, Systemanalytikere/-arkitekter, Systemanalytikere/-arkitekter, Dataanalytiker, dataanalytiker",HAMAR,http://data.europa.eu/esco/skill/97bd1c21-66b2-4b7e-ad0f-e3cda590e378,dataanalyse,exact,,1.0,
3e4334b0-0a50-45cd-9471-7a8e2259d8cd,Maskinlæring,"Er du opptatt av hvordan data og analyse kan gi grunnlag for innsikt, handling og resultater?","Forsker datavitenskap, Systemanalytikere/-arkitekter, Systemanalytikere/-arkitekter, Dataanalytiker, dataanalytiker",HAMAR,http://data.europa.eu/esco/skill/3a2d5b45-56e4-4f5a-a55a-4a4a65afdc43,maskinlæring,exact,,1.0,
3e4334b0-0a50-45cd-9471-7a8e2259d8cd,Python,"Er du opptatt av hvordan data og analyse kan gi grunnlag for innsikt, handling og resultater?","Forsker datavitenskap, Systemanalytikere/-arkitekter, Systemanalytikere/-arkitekter, Dataanalytiker, dataanalytiker",HAMAR,http://data.europa.eu/esco/skill/ccd0a1d9-afda-43d9-b901-96344886e14d,Python,exact,,1.0,
a32693e5-cfad-4d65-90ee-5f1d0efa446f,Hjelpemidler,Kan du være den rolige og trygge støtten jeg trenger i hverdagen?,"Brukerstyrt personlig assistent (BPA), Brukerstyrt personlig assistent (BPA), Hjemmehjelper, Personlig assistent",OSLO,http://data.europa.eu/esco/skill/8759c352-8b00-498f-985a-935f13e1b043,hjelpemidler,exact,,1.0,
11f12eeb-31ec-4740-9ad5-4e73ba54792a,ERP,Vi har nok å gjøre og trenger en ny kollega med på laget!,"Logistiker, Logistikkmedarbeidere, Logistikkmedarbeidere, Logistikkoordinator, Logistikkmedarbeidere",STAVANGER,http://data.europa.eu/esco/skill/09f4c52b-ac72-4f0e-a8ae-78bb1d7bffba,transportprogramvare relatert til et ERP-system,digital_consensus,0.5528852343559265,0.9972111582756042,0.9701170120388269
e637cfec-6bf2-4c5b-bc8e-444e7608ec6a,Digital kommunikasjon,"Vil du bidra til å styrke dialogen mellom norsk forsvars- og sikkerhetsindustri, myndigheter og Forsvaret?","Informasjonsrådgivere, Offentlig kommunikasjonsrådgiver, Konferanse- og arrangementsplanleggere mv., Arrangementsplanlegger, Informasjonsrådgivere, Kommunikasjonskonsulent, talsperson",OSLO,http://data.europa.eu/esco/skill/234aeb8d-56c3-4531-9193-1c5e6a8d16cb,bruke presentasjonsprogramvare,digital_consensus,0.5378857851028442,0.9831987023353577,0.009777486324310303
b44e0720-f27a-4666-8e08-025e88f356ca,ERP,Supply Chain Planner / Innkjøper -- vil du sikre effektiv vareflyt i helsebransjen?,"Logistikkmedarbeidere, Innkjøpere, innkjøper, Supply Chain Konsulent, Innkjøper",SKEDSMOKORSET,http://data.europa.eu/esco/skill/09f4c52b-ac72-4f0e-a8ae-78bb1d7bffba,transportprogramvare relatert til et ERP-system,digital_consensus,0.5528852343559265,0.9972111582756042,0.9701170120388269
48321ff0-a07b-437f-a3ad-227befac6849,Hardware,"Prosjektingeniør -- Droner, sensorer og JTAC-systemer","Andre sivilingeniører( unntatt elektroteknologi), Systemanalytikere/-arkitekter, Sikkerhetsanalytikere mv., IKT-sikkerhetsingeniør, Prosjektingeniør, Prosjektingeniør IT, Cybersikkerhetsingeniør",LYSAKER,http://data.europa.eu/esco/skill/bac209e9-d337-4312-9041-17c2e75fa4df,maskinvareindustrien,digital_consensus,0.6338323950767517,0.9939467310905457,0.9444455578923225
1b42718a-dd92-4e71-a6f5-8f586d670cb6,Elektronikk,HW Test Engineer -- New Product Development,"Andre sivilingeniører( unntatt elektroteknologi), Testingeniør, Testingeniør",NEDRE VATS,http://data.europa.eu/esco/skill/95c35c3a-035f-47c2-90cf-7e934d20fc08,elektronikk,exact,,1.0,
1b42718a-dd92-4e71-a6f5-8f586d670cb6,Hardware,HW Test Engineer -- New Product Development,"Andre sivilingeniører( unntatt elektroteknologi), Testingeniør, Testingeniør",NEDRE VATS,http://data.europa.eu/esco/skill/bac209e9-d337-4312-9041-17c2e75fa4df,maskinvareindustrien,digital_consensus,0.6338323950767517,0.9939467310905457,0.9444455578923225
1b42718a-dd92-4e71-a6f5-8f586d670cb6,Produktutvikling,HW Test Engineer -- New Product Development,"Andre sivilingeniører( unntatt elektroteknologi), Testingeniør, Testingeniør",NEDRE VATS,http://data.europa.eu/esco/skill/4f6b656a-54d0-48ce-9b55-ebcac5904a14,håndtere geospatiale teknologier,digital_consensus,0.6504983901977539,0.9169093370437622,0.013612568378448486
976b4b88-5962-44ad-ad44-c02e48725d07,Elektronikk,Vil du lede utviklingen av fremtidens elektronikkløsninger for rakettmotorer?,"Ledere av bygge- og anleggsvirksomhet, byggeleder, Leder (bygg og anlegg)",RAUFOSS,http://data.europa.eu/esco/skill/95c35c3a-035f-47c2-90cf-7e934d20fc08,elektronikk,exact,,1.0,
976b4b88-5962-44ad-ad44-c02e48725d07,Produktutvikling,Vil du lede utviklingen av fremtidens elektronikkløsninger for rakettmotorer?,"Ledere av bygge- og anleggsvirksomhet, byggeleder, Leder (bygg og anlegg)",RAUFOSS,http://data.europa.eu/esco/skill/4f6b656a-54d0-48ce-9b55-ebcac5904a14,håndtere geospatiale teknologier,digital_consensus,0.6504983901977539,0.9169093370437622,0.013612568378448486
f8d6e912-3af9-4988-8a79-afd3e70739de,POS,Vil du være med å utvikle fremtidens kundeopplevelser i ISS?,"Ledere av IKT-enheter, Product Manager ICT Services, Product Manager ICT Services",OSLO,http://data.europa.eu/esco/skill/f7e051fc-8f7b-45b3-8911-8ffb9b951f4a,POS,exact,,1.0,
0915a480-e47b-48ad-adc6-37c1c3584cef,SAP,Eksporterfaring og god logistikkforståelse? Da vil vi høre fra deg!,"Transportfunksjonærer, Transportkoordinator",SKIEN,http://data.europa.eu/esco/skill/f8e3425c-fe44-4ffb-bafe-0e20d91dadf4,SAP,exact,,1.0,
55fd48e4-f668-4b73-96d3-7f452976ae78,Teleskoptruckfører,Rotasjon,"Anleggsmaskinførere, Truckførere, gaffeltruckfører, Anleggsmaskinfører, Truckfører",ÅLESUND,http://data.europa.eu/esco/skill/b3f971b2-6c11-43d3-b5ce-8ba7f5a223c7,satellittyper,digital_consensus,0.5247578620910645,0.9835897088050842,0.0006708502769470215
093520ef-e9a6-49cd-905c-cf17aceb3fa7,IT,"
Vi trenger deg til å videreutvikle og forenkle våre løsninger!
","Systemanalytikere/-arkitekter, Systemingeniør, IKT-systemarkitekt",GRIMSTAD,http://data.europa.eu/esco/skill/ddc3119d-1d6e-4324-9125-a3380d299ac5,IT,exact,,1.0,
093520ef-e9a6-49cd-905c-cf17aceb3fa7,Systemutvikling,"
Vi trenger deg til å videreutvikle og forenkle våre løsninger!
","Systemanalytikere/-arkitekter, Systemingeniør, IKT-systemarkitekt",GRIMSTAD,http://data.europa.eu/esco/skill/21d2f96d-35f7-4e3f-9745-c533d2dd6e97,dataprogrammering,digital_consensus,0.6049041152000427,0.9194501638412476,0.19810181856155396
134b2802-d4c3-4a71-8145-eadb6564d29c,Data governance,Har du bred kunnskap og erfaring med masterdata management? ,"Organisasjonsrådgivere mv., Systemadministratorer, systemkoordinator, Forretningsprosessanalytiker, Configuration Manager Datawarehouse",OSLO,http://data.europa.eu/esco/skill/3ec2e4d6-7000-4905-bf1a-c5b1679416de,datavarehus,digital_consensus,0.5980607867240906,0.9991195797920227,0.0002713799476623535
134b2802-d4c3-4a71-8145-eadb6564d29c,Digitalisering,Har du bred kunnskap og erfaring med masterdata management? ,"Organisasjonsrådgivere mv., Systemadministratorer, systemkoordinator, Forretningsprosessanalytiker, Configuration Manager Datawarehouse",OSLO,http://data.europa.eu/esco/skill/aa0d8201-5a8e-417f-81f4-c04601139582,digitalisering,exact,,1.0,
134b2802-d4c3-4a71-8145-eadb6564d29c,Informasjonsarkitektur,Har du bred kunnskap og erfaring med masterdata management? ,"Organisasjonsrådgivere mv., Systemadministratorer, systemkoordinator, Forretningsprosessanalytiker, Configuration Manager Datawarehouse",OSLO,http://data.europa.eu/esco/skill/1bba98a7-92b9-450b-9235-e0c905f8f3c4,informasjonsarkitektur,exact,,1.0,
134b2802-d4c3-4a71-8145-eadb6564d29c,Masterdata,Har du bred kunnskap og erfaring med masterdata management? ,"Organisasjonsrådgivere mv., Systemadministratorer, systemkoordinator, Forretningsprosessanalytiker, Configuration Manager Datawarehouse",OSLO,http://data.europa.eu/esco/skill/21d2f96d-35f7-4e3f-9745-c533d2dd6e97,dataprogrammering,digital_consensus,0.5863476991653442,0.968960165977478,0.016461968421936035
2a15fb96-b3b5-416a-85d5-8bb6a3b3ac13,Digital kommunikasjon,Innholdsdesigner,"Nett- og multimediautviklere, Innholdsansvarlig, Reklame- og markedsføringsrådgivere, Innholdsmarkedsfører, onlinemarkedsfører",OSLO,http://data.europa.eu/esco/skill/234aeb8d-56c3-4531-9193-1c5e6a8d16cb,bruke presentasjonsprogramvare,digital_consensus,0.5378857851028442,0.9831987023353577,0.009777486324310303
364ea33f-e8ee-4e85-8a6f-6e8ed2c0671d,IT,Utvikler som vil jobbe fullstack? Da bør du jobbe i Folkeregisteret - en kritisk del av Norges IT-grunnmur!,"Full-stack-utvikler, Full-stack-utvikler, Programvareutviklere",OSLO,http://data.europa.eu/esco/skill/ddc3119d-1d6e-4324-9125-a3380d299ac5,IT,exact,,1.0,
364ea33f-e8ee-4e85-8a6f-6e8ed2c0671d,Java,Utvikler som vil jobbe fullstack? Da bør du jobbe i Folkeregisteret - en kritisk del av Norges IT-grunnmur!,"Full-stack-utvikler, Full-stack-utvikler, Programvareutviklere",OSLO,http://data.europa.eu/esco/skill/19a8293b-8e95-4de3-983f-77484079c389,Java,exact,,1.0,
364ea33f-e8ee-4e85-8a6f-6e8ed2c0671d,Programmering,Utvikler som vil jobbe fullstack? Da bør du jobbe i Folkeregisteret - en kritisk del av Norges IT-grunnmur!,"Full-stack-utvikler, Full-stack-utvikler, Programvareutviklere",OSLO,http://data.europa.eu/esco/skill/21d2f96d-35f7-4e3f-9745-c533d2dd6e97,dataprogrammering,digital_consensus,0.714440643787384,0.9188328981399536,0.2761046886444092
364ea33f-e8ee-4e85-8a6f-6e8ed2c0671d,Systemutvikler,Utvikler som vil jobbe fullstack? Da bør du jobbe i Folkeregisteret - en kritisk del av Norges IT-grunnmur!,"Full-stack-utvikler, Full-stack-utvikler, Programvareutviklere",OSLO,http://data.europa.eu/esco/skill/21d2f96d-35f7-4e3f-9745-c533d2dd6e97,dataprogrammering,digital_consensus,0.6546458005905151,0.9988632202148438,0.002029597759246826
3a6f4c8f-47d5-4ae4-b043-1d04dbaa9f03,Service Desk,Vikariat som assisterende Service Desk Manager,"IT Service Desk medarbeider, IT Service Desk medarbeider, Brukerstøttere, IKT",OSLO,http://data.europa.eu/esco/skill/778ca7ad-6c5d-4868-9b96-a7777dca799c,IKT-hjelpeplattformer,digital_consensus,0.6059014797210693,0.9908102750778198,0.025260567665100098
44fee740-197c-4747-b062-9df86aca9803,IT,Vil du utvikle løsninger som betyr noe?,"Systemanalytikere/-arkitekter, IT-konsulent, IKT-konsulent",BERGEN,http://data.europa.eu/esco/skill/ddc3119d-1d6e-4324-9125-a3380d299ac5,IT,exact,,1.0,
44fee740-197c-4747-b062-9df86aca9803,Java,Vil du utvikle løsninger som betyr noe?,"Systemanalytikere/-arkitekter, IT-konsulent, IKT-konsulent",BERGEN,http://data.europa.eu/esco/skill/19a8293b-8e95-4de3-983f-77484079c389,Java,exact,,1.0,
44fee740-197c-4747-b062-9df86aca9803,Programmering,Vil du utvikle løsninger som betyr noe?,"Systemanalytikere/-arkitekter, IT-konsulent, IKT-konsulent",BERGEN,http://data.europa.eu/esco/skill/21d2f96d-35f7-4e3f-9745-c533d2dd6e97,dataprogrammering,digital_consensus,0.714440643787384,0.9188328981399536,0.2761046886444092
44fee740-197c-4747-b062-9df86aca9803,Systemutvikler,Vil du utvikle løsninger som betyr noe?,"Systemanalytikere/-arkitekter, IT-konsulent, IKT-konsulent",BERGEN,http://data.europa.eu/esco/skill/21d2f96d-35f7-4e3f-9745-c533d2dd6e97,dataprogrammering,digital_consensus,0.6546458005905151,0.9988632202148438,0.002029597759246826
5765fe07-d001-48b1-ac5e-f3c19c91565f,Dataanalyse,Kan du gjøre data fra spørreundersøkelser om til anvendelig innsikt? ,"Forsikringsagenter, Analytiker innen forsikring, risikoanalytiker, forsikring",OSLO,http://data.europa.eu/esco/skill/97bd1c21-66b2-4b7e-ad0f-e3cda590e378,dataanalyse,exact,,1.0,
5ee6e3e1-b6e2-46e0-b819-063968c7be4b,IT-systemer,Vil du være med på å utarbeide IKT-løsninger for fremtidens maritime kampplattformer? Da trenger vi deg!,"Systemadministratorer, Systemanalytikere/-arkitekter, IKT-systemintegrasjonskonsulent, Systemadministrator, IKT-systemkonsult",KOLSÅS,http://data.europa.eu/esco/skill/778ca7ad-6c5d-4868-9b96-a7777dca799c,IKT-hjelpeplattformer,digital_consensus,0.5553510189056396,0.9990031123161316,0.0003600120544433594
5ee6e3e1-b6e2-46e0-b819-063968c7be4b,Kampplattform,Vil du være med på å utarbeide IKT-løsninger for fremtidens maritime kampplattformer? Da trenger vi deg!,"Systemadministratorer, Systemanalytikere/-arkitekter, IKT-systemintegrasjonskonsulent, Systemadministrator, IKT-systemkonsult",KOLSÅS,http://data.europa.eu/esco/skill/778ca7ad-6c5d-4868-9b96-a7777dca799c,IKT-hjelpeplattformer,digital_consensus,0.5456825494766235,0.9973512887954712,0.09303343296051025
601adabd-4b39-417d-bdca-6634734033d8,Digitalisering,Er du en trygg leder som brenner for å levere god kvalitet og service?,"IT Support, IT Support, Brukerstøttere, IKT",OSLO,http://data.europa.eu/esco/skill/aa0d8201-5a8e-417f-81f4-c04601139582,digitalisering,exact,,1.0,
6af7ce47-77e6-4723-b120-26b4103ebd8d,Dataplattform,Data Engineer,"Dataingeniør, Dataingeniør, Sivilingeniører (elektronikk)",TROMSØ,http://data.europa.eu/esco/skill/3ec2e4d6-7000-4905-bf1a-c5b1679416de,datavarehus,digital_consensus,0.5975717306137085,0.9994984865188599,0.0007398128509521484
6af7ce47-77e6-4723-b120-26b4103ebd8d,Dataprodukter,Data Engineer,"Dataingeniør, Dataingeniør, Sivilingeniører (elektronikk)",TROMSØ,http://data.europa.eu/esco/skill/21d2f96d-35f7-4e3f-9745-c533d2dd6e97,dataprogrammering,digital_consensus,0.5338786840438843,0.9880436062812805,0.009160399436950684
6af7ce47-77e6-4723-b120-26b4103ebd8d,Python,Data Engineer,"Dataingeniør, Dataingeniør, Sivilingeniører (elektronikk)",TROMSØ,http://data.europa.eu/esco/skill/ccd0a1d9-afda-43d9-b901-96344886e14d,Python,exact,,1.0,
6e8fb029-a1ee-470f-bf75-8a0f0b22059e,Arkitektur,Vil du bygge dataprodukter som gir bedre beslutninger? ,"Systemanalytikere/-arkitekter, IT-ingeniør, dataingeniør",OSLO,http://data.europa.eu/esco/skill/c453cf81-6197-428e-84c6-70c773b63f27,Arkitektoniske IKT-rammeverk,digital_consensus,0.5593475699424744,0.9923986792564392,0.11609482765197754
6e8fb029-a1ee-470f-bf75-8a0f0b22059e,ETL,Vil du bygge dataprodukter som gir bedre beslutninger? ,"Systemanalytikere/-arkitekter, IT-ingeniør, dataingeniør",OSLO,http://data.europa.eu/esco/skill/9d0d89be-bffa-4393-b6f6-8d05bea49051,ETL,exact,,1.0,
6e8fb029-a1ee-470f-bf75-8a0f0b22059e,Java,Vil du bygge dataprodukter som gir bedre beslutninger? ,"Systemanalytikere/-arkitekter, IT-ingeniør, dataingeniør",OSLO,http://data.europa.eu/esco/skill/19a8293b-8e95-4de3-983f-77484079c389,Java,exact,,1.0,
6e8fb029-a1ee-470f-bf75-8a0f0b22059e,Python,Vil du bygge dataprodukter som gir bedre beslutninger? ,"Systemanalytikere/-arkitekter, IT-ingeniør, dataingeniør",OSLO,http://data.europa.eu/esco/skill/ccd0a1d9-afda-43d9-b901-96344886e14d,Python,exact,,1.0,
6e8fb029-a1ee-470f-bf75-8a0f0b22059e,Scala,Vil du bygge dataprodukter som gir bedre beslutninger? ,"Systemanalytikere/-arkitekter, IT-ingeniør, dataingeniør",OSLO,http://data.europa.eu/esco/skill/ffddfc7c-a9dd-449f-9e96-882dc447c8b6,Scala,exact,,1.0,
7f9e4996-7e82-4528-8775-b004c12095dc,Digital kommunikasjon,Innholdsdesigner,"Grafiske- og multimediadesignere, Digital designer, formgiver, digitale medier, Nett- og multimediautviklere, Ansvarlig for webinnhold",OSLO,http://data.europa.eu/esco/skill/234aeb8d-56c3-4531-9193-1c5e6a8d16cb,bruke presentasjonsprogramvare,digital_consensus,0.5378857851028442,0.9831987023353577,0.009777486324310303
9f41a4f7-5745-4052-94e0-1abf0844263c,Materiellplanlegger,Forsvaret søker materiellplanlegger for Forsvarets sanitetsmateriell til spennende stilling i logistikken!,"Lagermedarbeidere og material-forvaltere, Materialplanlegger, Logistikkmedarbeidere",LILLEHAMMER,http://data.europa.eu/esco/skill/21d2f96d-35f7-4e3f-9745-c533d2dd6e97,dataprogrammering,digital_consensus,0.6124617457389832,0.9994267225265503,0.0002968907356262207
b76f831d-e4ff-4bd3-9573-f2d646df9f22,CT,Consultant Radiologist,"Legespesialister, spesiallege, Radiolog",HAUGESUND,http://data.europa.eu/esco/skill/21d2f96d-35f7-4e3f-9745-c533d2dd6e97,cT,exact,,1.0,
c8fcdf7a-3fe8-4fc7-a731-6b3c16bca13e,LIS,Vil du spesialisere deg innen rus- og avhengighet?,"Allmennpraktiserende leger, Lege i spesialisering, Legespesialister",OSLO,http://data.europa.eu/esco/skill/0cd6dcf1-5778-42a5-b685-4d01ae4a4871,Common Lisp,digital_consensus,0.6051489114761353,0.999724805355072,0.0015864968299865723
d8530207-f03d-4d98-864e-c15d8d8b90cd,LIS,Lege i spesialisering - fødselshjelp og kvinnesjukdomar,"Allmennpraktiserende leger, Lege i spesialisering, Legespesialister",VOLDA,http://data.europa.eu/esco/skill/0cd6dcf1-5778-42a5-b685-4d01ae4a4871,Common Lisp,digital_consensus,0.6051489114761353,0.999724805355072,0.0015864968299865723
e34441be-a48f-4fa9-b231-539d9e8c1ba5,Hjelpemidler,Ergoterapeut,"Ergoterapeut, Ergoterapeut, Ergoterapeuter",KLÆBU,http://data.europa.eu/esco/skill/8759c352-8b00-498f-985a-935f13e1b043,hjelpemidler,exact,,1.0,
9be2fbaa-9c84-469d-a6d8-ecc15891418c,SaaS,Product Line Manager,"Produktsjef, Salgs- og markedssjefer, Systemanalytikere/-arkitekter, Produktansvarlig IT, IKT-produktsjef",OSLO,http://data.europa.eu/esco/skill/83218cac-3599-417e-93d2-26013cdccd98,SaaS,exact,,1.0,
cf6fee03-f8eb-477b-9f25-9459a8c976bc,Produktutvikling,Sales & Product Manager ,"Sales Manager, Sales Manager, Salgs- og markedssjefer",TROMSØ,http://data.europa.eu/esco/skill/4f6b656a-54d0-48ce-9b55-ebcac5904a14,håndtere geospatiale teknologier,digital_consensus,0.6504983901977539,0.9169093370437622,0.013612568378448486
b0e2a497-1b7f-4be9-a383-9ca77048b8f2,BIM,Sivilingeniør/ingeniør elektro - Sogn og Fjordane,"Elektroingeniør, Elektronikkingeniører, Elkraftingeniører, Sivilingeniør (elkraftteknikk), strømforsyningsingeniør",FØRDE,http://data.europa.eu/esco/skill/fae7e545-5114-43cc-8e83-178e2549ecb9,bim,exact,,1.0,
b0e2a497-1b7f-4be9-a383-9ca77048b8f2,Byggautomasjon,Sivilingeniør/ingeniør elektro - Sogn og Fjordane,"Elektroingeniør, Elektronikkingeniører, Elkraftingeniører, Sivilingeniør (elkraftteknikk), strømforsyningsingeniør",FØRDE,http://data.europa.eu/esco/skill/6709e92c-7546-46a4-aa57-5e951bd4cb0f,byggautomasjon,exact,,1.0,
ce9ddd18-8eef-418f-8de1-f627f03e08ee,Kontrollsystemer,Bli med og utvikle fremtidens løsninger for kraftnett!,"IT-systemingeniør, IT-systemingeniør, Systemanalytikere/-arkitekter, Systemingeniør",FORNEBU,http://data.europa.eu/esco/skill/4ff549c3-daa5-4def-9916-301c7bdf13b8,kontrollsystemer,exact,,1.0,
bbc94ef6-cd87-4fcf-b7ff-c9deba829783,Chef,"Chef, Cafe Gjendeosen","Kokker, Kokk, kokk",TESSANDEN,http://data.europa.eu/esco/skill/49f85a99-086c-45b6-a6fa-eb90305af7b1,Chef (verktøy for programvarekonfigurasjonsstyring),digital_consensus,0.5692918300628662,0.9998630285263062,0.00815129280090332
a36c117b-b788-498d-b860-effaa57323f4,Elektronikk,Du kan elektro -- vi har jobben! Klar for oppstart nå?,"Elektrikere, Elektriker, elektriker",KONGSBERG,http://data.europa.eu/esco/skill/95c35c3a-035f-47c2-90cf-7e934d20fc08,elektronikk,exact,,1.0,
b1e89659-a710-4c9c-8fa5-b01e9f379b84,Data governance,Er du KBNs nye Data Architect?,"Databasedesignere og -administratorer, Dataarkitekt, IKT-konsulent",OSLO,http://data.europa.eu/esco/skill/3ec2e4d6-7000-4905-bf1a-c5b1679416de,datavarehus,digital_consensus,0.5980607867240906,0.9991195797920227,0.0002713799476623535
b1e89659-a710-4c9c-8fa5-b01e9f379b84,Dataplattform,Er du KBNs nye Data Architect?,"Databasedesignere og -administratorer, Dataarkitekt, IKT-konsulent",OSLO,http://data.europa.eu/esco/skill/3ec2e4d6-7000-4905-bf1a-c5b1679416de,datavarehus,digital_consensus,0.5975717306137085,0.9994984865188599,0.0007398128509521484
b9c5061b-ff30-4807-8413-8ff48e7e2d3a,IT,Er du KBNs nye sluttbruker \& open source- spesialist?,"Driftsteknikere, IKT, IT-Driftskonsulent, Sivilingeniører (elektronikk);, Dataingeniør, datavarehusutvikler",OSLO,http://data.europa.eu/esco/skill/ddc3119d-1d6e-4324-9125-a3380d299ac5,IT,exact,,1.0,
803372e9-449d-4ffe-bad8-38a301567371,IT,Er du KBNs nye Business Application Manager?,"Application Business Analyst, Forretningsapplikasjonsanalyst, Systemanalytikere/-arkitekter, Systemanalytikere/-arkitekter, Business Application Analyst",OSLO,http://data.europa.eu/esco/skill/ddc3119d-1d6e-4324-9125-a3380d299ac5,IT,exact,,1.0,
7cb7015c-3838-4077-a3c5-3149570a4bbe,.NET,.NET Developer,".Net Utvikler, Applikasjonsprogrammerere, Databasedesignere og -administratorer, Senior SQL Developer, Databasedesignere og -administratorer",BERGEN,http://data.europa.eu/esco/skill/13bdd41a-2a18-441f-96db-41252c519413,.NET,exact,,1.0,
7cb7015c-3838-4077-a3c5-3149570a4bbe,IT,.NET Developer,".Net Utvikler, Applikasjonsprogrammerere, Databasedesignere og -administratorer, Senior SQL Developer, Databasedesignere og -administratorer",BERGEN,http://data.europa.eu/esco/skill/ddc3119d-1d6e-4324-9125-a3380d299ac5,IT,exact,,1.0,
7cb7015c-3838-4077-a3c5-3149570a4bbe,Programmerer,.NET Developer,".Net Utvikler, Applikasjonsprogrammerere, Databasedesignere og -administratorer, Senior SQL Developer, Databasedesignere og -administratorer",BERGEN,http://data.europa.eu/esco/skill/21d2f96d-35f7-4e3f-9745-c533d2dd6e97,dataprogrammering,digital_consensus,0.6060227751731873,0.9829521775245667,0.035317838191986084
7cb7015c-3838-4077-a3c5-3149570a4bbe,Softwareutvikling,.NET Developer,".Net Utvikler, Applikasjonsprogrammerere, Databasedesignere og -administratorer, Senior SQL Developer, Databasedesignere og -administratorer",BERGEN,http://data.europa.eu/esco/skill/21d2f96d-35f7-4e3f-9745-c533d2dd6e97,dataprogrammering,digital_consensus,0.6154131889343262,0.9983090162277222,0.020649254322052002
7cb7015c-3838-4077-a3c5-3149570a4bbe,Systemutvikler,.NET Developer,".Net Utvikler, Applikasjonsprogrammerere, Databasedesignere og -administratorer, Senior SQL Developer, Databasedesignere og -administratorer",BERGEN,http://data.europa.eu/esco/skill/21d2f96d-35f7-4e3f-9745-c533d2dd6e97,dataprogrammering,digital_consensus,0.6546458005905151,0.9988632202148438,0.002029597759246826
383b6085-9103-4b2e-9c2f-9d9fc2340d69,Cybersikkerhet,Cyber Security,"Sikkerhetsanalytikere mv., Cyber Security Engineer, IKT-sikkerhetsingeniør, Cybersikkerhetsingeniør",OSLO,http://data.europa.eu/esco/skill/8088750d-8388-4170-a76f-48354c469c44,cybersikkerhet,exact,,1.0,
383b6085-9103-4b2e-9c2f-9d9fc2340d69,IT-sikkerhet,Cyber Security,"Sikkerhetsanalytikere mv., Cyber Security Engineer, IKT-sikkerhetsingeniør, Cybersikkerhetsingeniør",OSLO,http://data.europa.eu/esco/skill/8088750d-8388-4170-a76f-48354c469c44,IT-sikkerhet,exact,,1.0,
383b6085-9103-4b2e-9c2f-9d9fc2340d69,Informasjonssikkerhet,Cyber Security,"Sikkerhetsanalytikere mv., Cyber Security Engineer, IKT-sikkerhetsingeniør, Cybersikkerhetsingeniør",OSLO,http://data.europa.eu/esco/skill/8088750d-8388-4170-a76f-48354c469c44,informasjonssikkerhet,exact,,1.0,
383b6085-9103-4b2e-9c2f-9d9fc2340d69,Systemdesign,Cyber Security,"Sikkerhetsanalytikere mv., Cyber Security Engineer, IKT-sikkerhetsingeniør, Cybersikkerhetsingeniør",OSLO,http://data.europa.eu/esco/skill/fae27053-8924-4bfd-b565-c9fe502044c9,systemdesign,exact,,1.0,
383b6085-9103-4b2e-9c2f-9d9fc2340d69,Verifikasjon,Cyber Security,"Sikkerhetsanalytikere mv., Cyber Security Engineer, IKT-sikkerhetsingeniør, Cybersikkerhetsingeniør",OSLO,http://data.europa.eu/esco/skill/3ff589b7-68df-4ea5-ae41-b395bdb2378f,IKT-sikkerhetsstandarder,digital_consensus,0.5315025448799133,0.9802625775337219,0.3087189793586731
8d3842bf-9446-447e-8f49-1394af841cbf,AI,Vi søker student til deltidsstilling,"Byggeleder, Byggeleder, Arbeidsleder, bygg og anlegg",OSLO,http://data.europa.eu/esco/skill/e465a154-93f7-4973-9ce1-31659fe16dd2,prinsipper for kunstig intelligens,digital_consensus,0.5584366917610168,0.99960857629776,0.001320481300354004
8d3842bf-9446-447e-8f49-1394af841cbf,Digitalisering,Vi søker student til deltidsstilling,"Byggeleder, Byggeleder, Arbeidsleder, bygg og anlegg",OSLO,http://data.europa.eu/esco/skill/aa0d8201-5a8e-417f-81f4-c04601139582,digitalisering,exact,,1.0,
8d3842bf-9446-447e-8f49-1394af841cbf,IT,Vi søker student til deltidsstilling,"Byggeleder, Byggeleder, Arbeidsleder, bygg og anlegg",OSLO,http://data.europa.eu/esco/skill/ddc3119d-1d6e-4324-9125-a3380d299ac5,IT,exact,,1.0,
06c0149f-f690-429e-9aeb-da646ab483d9,Anleggsmekaniker,Akershus Traktor søker engasjert service mekaniker avdeling Klett.,"Anleggsmaskin- og industrimekanikere, Mekaniker for anleggsmaskiner og anleggsutstyr",LEINSTRAND,http://data.europa.eu/esco/skill/2973b3bc-5893-4b3d-8953-22ef677a162f,kutteteknologier,digital_consensus,0.6480547785758972,0.976040780544281,0.002944350242614746
7decd50c-e457-4896-9af7-31183927a1cc,UX-designer,Kan vi ikke bare gjøre knappen litt større?,"UX-Designer, UX-Designer, Grafiske og multimediadesignere",OSLO,http://data.europa.eu/esco/skill/1019423b-3368-4f83-b24f-19e5fa23e816,designmønstre for brukergrensesnitt for programvare,digital_consensus,0.5588029623031616,0.9994383454322815,0.0010673999786376953
7decd50c-e457-4896-9af7-31183927a1cc,interaksjonsdesign,Kan vi ikke bare gjøre knappen litt større?,"UX-Designer, UX-Designer, Grafiske og multimediadesignere",OSLO,http://data.europa.eu/esco/skill/1019423b-3368-4f83-b24f-19e5fa23e816,designmønstre for brukergrensesnitt for programvare,digital_consensus,0.6972687840461731,0.8965777158737183,0.8201393559575081
89e3a3af-24c9-4ae5-898a-20f3a4fd615f,CAD,Senior Konstruktør/ Maskiningeniør,"Konstruktør, Tekniske tegnere, Maskiningeniører, Maskiningeniør, Maskiningeniører, Senior maskiningeniør, Maskiningeniører, Konstruktør maskiningeniør, Andre ingeniører, Senior konstruktør, Tekniske tegnere",TRANBY,http://data.europa.eu/esco/skill/9ba355be-f119-42b6-a7d6-52f6ce2e4a3f,utforme kretser ved hjelp av CAD,digital_consensus,0.6348830461502075,0.9999152421951294,0.8251167237758636
97f04804-f77a-4793-975b-c64841f52ade,Formidler,Naturveileder ved Besøkssenter rovdyr Flå,"Miljøvernrådgivere, Naturforvalter, Sivilagronomer mv.",FLÅ,http://data.europa.eu/esco/skill/c1b4aa1e-bc42-49e4-952a-0cbd45f1d57b,museumsdatabaser,digital_consensus,0.5396400094032288,0.9468321204185486,0.012321650981903076
ee9a7cad-8e61-49a7-9c6c-9aeaf7676ace,controller,Ragasco søker ambisiøs og forretningsorientert Business Controller,"Business Controller, Business Controller, Finans- og investeringsrådgivere",RAUFOSS,http://data.europa.eu/esco/skill/bf942c60-8539-4951-83ee-63f770da1cb8,programmere en CNC-kontroller,digital_consensus,0.6273438930511475,0.9980813264846802,0.0004451274871826172
7229873c-17c7-4a09-bde2-b54b2a0cfb39,Dataanalyse,Join Aquabyte as a Quality Assurance Associate,"Kvalitetssikringsingeniør, Kvalitetssikringsingeniør, Andre sivilingeniører( unntatt elektroteknologi)",LAKSEVÅG,http://data.europa.eu/esco/skill/97bd1c21-66b2-4b7e-ad0f-e3cda590e378,dataanalyse,exact,,1.0,
d03b3486-e52c-445a-bc18-1fb5e3a8e764,IT-styring,Vil du være med og forme fremtidens IT-løsninger ved Norges største universitet?,"IT-sjef, IT-sjef, Ledere av IKT-enheter",TRONDHEIM,http://data.europa.eu/esco/skill/bec4359e-cb92-468f-a997-8fb28e32fba9,Metoder innen IKT-prosjektledelse,digital_consensus,0.6575366258621216,0.9555172324180603,0.01324993371963501
d03b3486-e52c-445a-bc18-1fb5e3a8e764,endringsledelse,Vil du være med og forme fremtidens IT-løsninger ved Norges største universitet?,"IT-sjef, IT-sjef, Ledere av IKT-enheter",TRONDHEIM,http://data.europa.eu/esco/skill/bec4359e-cb92-468f-a997-8fb28e32fba9,Metoder innen IKT-prosjektledelse,digital_consensus,0.6423553824424744,0.8403087258338928,0.002162039279937744
3f3b62cf-adc6-40d2-88a6-dac287da2e31,Automatiker,"Vi søker deg som er automatiker, kuldetekniker, rørlegger eller elektriker til spennende stilling som tekniker","Tekniker, Andre ingeniører, Automatikere, Automatiker, Kuldemontører mv., Kuldetekniker, Elektrikere, Elektriker, Rørleggere og VVS-montører, Rørlegger, rørlegger",RYPEFJORD,http://data.europa.eu/esco/skill/7a950986-27fe-4b6c-adf3-88f211e77019,robotkomponenter,digital_consensus,0.6843463182449341,0.9831464886665344,0.0006955862045288086
13fda35b-77c7-48f3-b292-dbd0b41aab16,IT-tekniker,IT Field Tekniker - Landbasert,"Havbruksarbeidere, Driftsoperatør og tekniker settefisk",ALTA,http://data.europa.eu/esco/skill/21d2f96d-35f7-4e3f-9745-c533d2dd6e97,dataprogrammering,digital_consensus,0.5668003559112549,0.9945306181907654,0.0016807913780212402
a4b84d79-3016-4298-a86c-0de52ce2e754,CNC,Sveiser -- heltid hos Fjellskålnes Smed \& Mek. Verksted AS,"Sveiser, Sveiser, Sveisere",LONEVÅG,http://data.europa.eu/esco/skill/6f728d63-5c45-40b3-8bfd-e17c5dba28ad,håndtere CNC-slipemaskin,digital_consensus,0.5797138810157776,0.9999545812606812,0.00033664703369140625
a4b84d79-3016-4298-a86c-0de52ce2e754,Robotprogrammering,Sveiser -- heltid hos Fjellskålnes Smed \& Mek. Verksted AS,"Sveiser, Sveiser, Sveisere",LONEVÅG,http://data.europa.eu/esco/skill/7a950986-27fe-4b6c-adf3-88f211e77019,robotkomponenter,digital_consensus,0.5956070423126221,0.8405421376228333,0.8382605579681695
1b4539b6-6d11-48f1-b1a1-f15bbb227c6f,Sanering,"Vest Sanering søker Sanerere, Asbestsanerere og Rivningsarbeidere","Asbestsanerer, Feiere, fasaderenholdere mv., Renovasjonsarbeidere, Saneringsarbeider, Andre bygningsarbeidere, Rivningsarbeider, byggarbeider",BERGEN,http://data.europa.eu/esco/skill/2973b3bc-5893-4b3d-8953-22ef677a162f,kutteteknologier,digital_consensus,0.5255371332168579,0.9839547872543335,0.03993338346481323
083b867b-c3b7-4195-804e-15330e2cfa74,SAP,"Vil du bidra til korrekt fakturering, høy datakvalitet og gode kundeopplevelser?","Avtaleforvalter, Avtaleforvalter, Andre juridiske yrker",OSLO,http://data.europa.eu/esco/skill/f8e3425c-fe44-4ffb-bafe-0e20d91dadf4,SAP,exact,,1.0,
083b867b-c3b7-4195-804e-15330e2cfa74,ServiceNow,"Vil du bidra til korrekt fakturering, høy datakvalitet og gode kundeopplevelser?","Avtaleforvalter, Avtaleforvalter, Andre juridiske yrker",OSLO,http://data.europa.eu/esco/skill/83218cac-3599-417e-93d2-26013cdccd98,tjenesteorientert modellering,digital_consensus,0.6124618053436279,0.9994834661483765,0.0002288222312927246
43c60776-e096-4b2c-b693-745594fa3d0b,SAP,Technical Planner - Completion Tools - Wellbore Service Tools,"Logistikkmedarbeidere, Logistikkmedarbeider, Anleggsmaskin- og industrimekanikere, Industrimekaniker, Operatører innen boring mv., Brønnteknikker, Operatører innen boring mv.",TANANGER,http://data.europa.eu/esco/skill/f8e3425c-fe44-4ffb-bafe-0e20d91dadf4,SAP,exact,,1.0,
3212ab70-0b7c-42be-ab96-7d93f608ab1c,Automatiker,Elektriker/Automatiker,"Automatiker, Automatikere, Elektrikere, Elektriker, elektriker",ÅHEIM,http://data.europa.eu/esco/skill/7a950986-27fe-4b6c-adf3-88f211e77019,robotkomponenter,digital_consensus,0.6843463182449341,0.9831464886665344,0.0006955862045288086
87c31757-c3fa-45a4-b8fb-61812191e3de,Informatikk,PhD Research Fellow in Computational Thermal Physics of Human Body,"Universitets- og høyskolelektorer/-lærere, Stipendiat, Universitets- og høyskolelektorer/-lærere",BERGEN,http://data.europa.eu/esco/skill/7b5cce4d-c7fe-4119-b48f-70aa05391787,informatikk,exact,,1.0,
87c31757-c3fa-45a4-b8fb-61812191e3de,Maskinlæring,PhD Research Fellow in Computational Thermal Physics of Human Body,"Universitets- og høyskolelektorer/-lærere, Stipendiat, Universitets- og høyskolelektorer/-lærere",BERGEN,http://data.europa.eu/esco/skill/3a2d5b45-56e4-4f5a-a55a-4a4a65afdc43,maskinlæring,exact,,1.0,
87c31757-c3fa-45a4-b8fb-61812191e3de,Programmering,PhD Research Fellow in Computational Thermal Physics of Human Body,"Universitets- og høyskolelektorer/-lærere, Stipendiat, Universitets- og høyskolelektorer/-lærere",BERGEN,http://data.europa.eu/esco/skill/21d2f96d-35f7-4e3f-9745-c533d2dd6e97,dataprogrammering,digital_consensus,0.714440643787384,0.9188328981399536,0.2761046886444092
046f8a7b-21fb-49bf-8b01-ee980d389b2e,Elektronikk,ELKJØP GLASMAGASINER SØKER VAREHUSSJEF,"Butikksjef, Butikksjef, Varehandelssjefer",OSLO,http://data.europa.eu/esco/skill/95c35c3a-035f-47c2-90cf-7e934d20fc08,elektronikk,exact,,1.0,
6692daee-7778-4ebc-903d-4dc547b0cf5d,AI,Bli med og bygg et av Norges mest spennende fagmiljøer innen GDPR og AI,"Data Protection Officer, Data Protection Officer, Sikkerhetsanalytikere mv.",SANDEFJORD,http://data.europa.eu/esco/skill/e465a154-93f7-4973-9ce1-31659fe16dd2,prinsipper for kunstig intelligens,digital_consensus,0.5584366917610168,0.99960857629776,0.001320481300354004
6692daee-7778-4ebc-903d-4dc547b0cf5d,GDPR,Bli med og bygg et av Norges mest spennende fagmiljøer innen GDPR og AI,"Data Protection Officer, Data Protection Officer, Sikkerhetsanalytikere mv.",SANDEFJORD,http://data.europa.eu/esco/skill/d3e9b00a-0891-4fa8-836d-8240ec3d2758,GDPR,exact,,1.0,
02681b79-b4cb-482e-ba24-8c1a3c7b1563,ERP,Bli vår nye Supply Chain Lead,"Forsyningsdirektør, Forsyningsdirektør, Ledere av logistikk og transport mv.",SANDVIKA,http://data.europa.eu/esco/skill/09f4c52b-ac72-4f0e-a8ae-78bb1d7bffba,transportprogramvare relatert til et ERP-system,digital_consensus,0.5528852343559265,0.9972111582756042,0.9701170120388269
d9ce551d-01bd-4c77-9af6-e1f091fab804,IAM,Der sikkerhet møter samfunnsoppdrag,"IKT-sikkerhetsingeniør, IKT-sikkerhetsingeniør, Sikkerhetsanalytikere mv., Sikkerhetsanalytikere mv., Cyber Security Ekspert, Cyber Security Engineer",OSLO,http://data.europa.eu/esco/skill/33efa504-2f26-424d-b662-cee77e6e9c93,IAM,exact,,1.0,
d9ce551d-01bd-4c77-9af6-e1f091fab804,IT-sikkerhet,Der sikkerhet møter samfunnsoppdrag,"IKT-sikkerhetsingeniør, IKT-sikkerhetsingeniør, Sikkerhetsanalytikere mv., Sikkerhetsanalytikere mv., Cyber Security Ekspert, Cyber Security Engineer",OSLO,http://data.europa.eu/esco/skill/8088750d-8388-4170-a76f-48354c469c44,IT-sikkerhet,exact,,1.0,
959b0959-1ad9-419a-929f-aca160bf7753,Digitalisering,Vi søker rådgiver innen dokumentforvaltning,"Informasjonsrådgivere, Informasjonsmedarbeider, Arkivarer og kuratorer, Dokumentforvalter, arkivassistent",TØNSBERG,http://data.europa.eu/esco/skill/aa0d8201-5a8e-417f-81f4-c04601139582,digitalisering,exact,,1.0,
959b0959-1ad9-419a-929f-aca160bf7753,Dokumentforvaltning,Vi søker rådgiver innen dokumentforvaltning,"Informasjonsrådgivere, Informasjonsmedarbeider, Arkivarer og kuratorer, Dokumentforvalter, arkivassistent",TØNSBERG,http://data.europa.eu/esco/skill/bec4359e-cb92-468f-a997-8fb28e32fba9,Metoder innen IKT-prosjektledelse,digital_consensus,0.5678485035896301,0.9981982111930847,0.00032395124435424805
3d414d21-4a17-4a53-a18f-6b34a4a0dd5c,Fagveileder,Fagveileder -- vikariat 100 % med mulighet for fast ansettelse,"Andre lærere, Opplæringskonsulent, Miljøarbeidere innen sosiale fagfelt, Veileder attføringsbedrift, medarbeider innen sosialtjenester",OSLO,http://data.europa.eu/esco/skill/6345d3a4-7d1a-40a9-9a82-6ed06beffe7b,online jobbplattformer,digital_consensus,0.5388402342796326,0.8885923027992249,0.04075133800506592
9d468470-37d2-499d-b8a1-3c7f9e88f175,Digitalisering,Innovasjon som vil noe,"Systemanalytikere/-arkitekter, Spesialist kunstig intelligens, Spesialist kunstig intelligens",SANDEFJORD,http://data.europa.eu/esco/skill/aa0d8201-5a8e-417f-81f4-c04601139582,digitalisering,exact,,1.0,
9d468470-37d2-499d-b8a1-3c7f9e88f175,Informasjonssikkerhet,Innovasjon som vil noe,"Systemanalytikere/-arkitekter, Spesialist kunstig intelligens, Spesialist kunstig intelligens",SANDEFJORD,http://data.europa.eu/esco/skill/8088750d-8388-4170-a76f-48354c469c44,informasjonssikkerhet,exact,,1.0,
a49fed2d-ca05-46e6-9071-ef7e4dd0a422,Data Engineering,Vi søker Head of Data Engineering som vil være med å forme Coops datadrevne fremtid!,"Sivilingeniører (elektronikk);, tekniker, maskinvare, Sivilingeniør datateknikk",OSLO,http://data.europa.eu/esco/skill/48db96bf-3314-45c6-bad8-fdb6e20e5639,data engineering,exact,,1.0,
a49fed2d-ca05-46e6-9071-ef7e4dd0a422,Dataplattform,Vi søker Head of Data Engineering som vil være med å forme Coops datadrevne fremtid!,"Sivilingeniører (elektronikk);, tekniker, maskinvare, Sivilingeniør datateknikk",OSLO,http://data.europa.eu/esco/skill/3ec2e4d6-7000-4905-bf1a-c5b1679416de,datavarehus,digital_consensus,0.5975717306137085,0.9994984865188599,0.0007398128509521484
a49fed2d-ca05-46e6-9071-ef7e4dd0a422,Python,Vi søker Head of Data Engineering som vil være med å forme Coops datadrevne fremtid!,"Sivilingeniører (elektronikk);, tekniker, maskinvare, Sivilingeniør datateknikk",OSLO,http://data.europa.eu/esco/skill/ccd0a1d9-afda-43d9-b901-96344886e14d,Python,exact,,1.0,
53be824b-d884-4d08-b6d1-7968513936b2,AI,BDO søker AI Lead: Bygge Vestlandets ledende AI-miljø,"Systemanalytikere/-arkitekter, AI-utvikler, AI-utvikler",BERGEN,http://data.europa.eu/esco/skill/e465a154-93f7-4973-9ce1-31659fe16dd2,prinsipper for kunstig intelligens,digital_consensus,0.5584366917610168,0.99960857629776,0.001320481300354004
53be824b-d884-4d08-b6d1-7968513936b2,digitalisering,BDO søker AI Lead: Bygge Vestlandets ledende AI-miljø,"Systemanalytikere/-arkitekter, AI-utvikler, AI-utvikler",BERGEN,http://data.europa.eu/esco/skill/aa0d8201-5a8e-417f-81f4-c04601139582,digitalisering,exact,,1.0,
2a663fc5-a7ea-4e93-8396-b9504e873e5e,IT,Vil du jobbe med spennende IT-prosjekter i et ledende internasjonalt konsern?,"Andre administrative ledere, prosjektleder, Digital prosjektleder",KONGSBERG,http://data.europa.eu/esco/skill/ddc3119d-1d6e-4324-9125-a3380d299ac5,IT,exact,,1.0,
2a663fc5-a7ea-4e93-8396-b9504e873e5e,IT-prosjektleder,Vil du jobbe med spennende IT-prosjekter i et ledende internasjonalt konsern?,"Andre administrative ledere, prosjektleder, Digital prosjektleder",KONGSBERG,http://data.europa.eu/esco/skill/bec4359e-cb92-468f-a997-8fb28e32fba9,Metoder innen IKT-prosjektledelse,digital_consensus,0.6413071751594543,0.9994590878486633,0.0006421208381652832
2d57f03f-279d-4b91-ac59-2c4729b53551,Digitalisering,Vil du lede videreutviklingen av en av Statens vegvesens viktigste digitale plattformer?,"Andre ledere av produksjon og tjenesteyting, Avdelingsleder, Avdelingsleder",DRAMMEN,http://data.europa.eu/esco/skill/aa0d8201-5a8e-417f-81f4-c04601139582,digitalisering,exact,,1.0,
2d57f03f-279d-4b91-ac59-2c4729b53551,ServiceNow,Vil du lede videreutviklingen av en av Statens vegvesens viktigste digitale plattformer?,"Andre ledere av produksjon og tjenesteyting, Avdelingsleder, Avdelingsleder",DRAMMEN,http://data.europa.eu/esco/skill/83218cac-3599-417e-93d2-26013cdccd98,tjenesteorientert modellering,digital_consensus,0.6124618053436279,0.9994834661483765,0.0002288222312927246
87ab003e-8ba7-4a56-8b0a-a6baf1ca08b4,Elektronikk,Kjell & Company (Ski) søker selger!,"Butikkmedarbeidere, Selger, salgsassistent, Skiselger",SKI,http://data.europa.eu/esco/skill/95c35c3a-035f-47c2-90cf-7e934d20fc08,elektronikk,exact,,1.0,
5f707f25-9970-4131-8810-54f025c90620,CNC,CNC-operatør søkes til spennende muligheter i Bergensområdet,"Verktøymakere, låsesmeder mv., CNC-operatør, CNC-operatør",BERGEN,http://data.europa.eu/esco/skill/6f728d63-5c45-40b3-8bfd-e17c5dba28ad,håndtere CNC-slipemaskin,digital_consensus,0.5797138810157776,0.9999545812606812,0.00033664703369140625
5f707f25-9970-4131-8810-54f025c90620,CNC-operatør,CNC-operatør søkes til spennende muligheter i Bergensområdet,"Verktøymakere, låsesmeder mv., CNC-operatør, CNC-operatør",BERGEN,http://data.europa.eu/esco/skill/6f728d63-5c45-40b3-8bfd-e17c5dba28ad,håndtere CNC-slipemaskin,digital_consensus,0.5746462941169739,0.9999723434448242,6.99758529663086e-05
5f707f25-9970-4131-8810-54f025c90620,Tekniske tegninger,CNC-operatør søkes til spennende muligheter i Bergensområdet,"Verktøymakere, låsesmeder mv., CNC-operatør, CNC-operatør",BERGEN,http://data.europa.eu/esco/skill/59ea80e1-463a-4dba-82c6-d0b6d577d532,tekniske tegninger,exact,,1.0,
d6bdd89c-089f-4f1b-8fff-2db84d428ea4,Tekniske tegninger,Bli med og bygg fremtidens maskiner hos MOI AS,"Industrimontør industrimekanikk, Montører av mekaniske produkter, Anleggsmaskin- og industrimekanikere, Industrimekaniker, industrimekaniker",ORRE,http://data.europa.eu/esco/skill/59ea80e1-463a-4dba-82c6-d0b6d577d532,tekniske tegninger,exact,,1.0,
e7deefde-c42f-49e5-b32f-97b2ee3399be,Datasenter,Elektriker / Electrician,"Elektriker, Elektriker, Elektrikere",BERGEN,http://data.europa.eu/esco/skill/21d2f96d-35f7-4e3f-9745-c533d2dd6e97,dataprogrammering,digital_consensus,0.5561807155609131,0.9656215906143188,0.010419487953186035
1b16743d-d1d2-4ebc-abf8-dc599e445e4f,Digitalisering,Informasjonsrådgiver,"Kommunikasjonsrådgiver, Kommunikasjonsrådgiver, Informasjonsrådgivere, Informasjonsrådgiver",OSLO,http://data.europa.eu/esco/skill/aa0d8201-5a8e-417f-81f4-c04601139582,digitalisering,exact,,1.0,
1ba80078-3f8b-4ba2-af7c-8e0f2f8ca8a2,Digitalisering,Integrasjonsutvikler,"Systemanalytikere/-arkitekter, Integrasjonsarkitekt IT, IKT-systemintegrasjonskonsulent",TROMSØ,http://data.europa.eu/esco/skill/aa0d8201-5a8e-417f-81f4-c04601139582,digitalisering,exact,,1.0,
1ba80078-3f8b-4ba2-af7c-8e0f2f8ca8a2,IT,Integrasjonsutvikler,"Systemanalytikere/-arkitekter, Integrasjonsarkitekt IT, IKT-systemintegrasjonskonsulent",TROMSØ,http://data.europa.eu/esco/skill/ddc3119d-1d6e-4324-9125-a3380d299ac5,IT,exact,,1.0,
1ba80078-3f8b-4ba2-af7c-8e0f2f8ca8a2,Microsoft 365,Integrasjonsutvikler,"Systemanalytikere/-arkitekter, Integrasjonsarkitekt IT, IKT-systemintegrasjonskonsulent",TROMSØ,http://data.europa.eu/esco/skill/f683ae1d-cb7c-4aa1-b9fe-205e1bd23535,bruke Microsoft Office,digital_consensus,0.5470774173736572,0.9996776580810547,0.0003491640090942383
1ba80078-3f8b-4ba2-af7c-8e0f2f8ca8a2,Systemutvikling,Integrasjonsutvikler,"Systemanalytikere/-arkitekter, Integrasjonsarkitekt IT, IKT-systemintegrasjonskonsulent",TROMSØ,http://data.europa.eu/esco/skill/21d2f96d-35f7-4e3f-9745-c533d2dd6e97,dataprogrammering,digital_consensus,0.6049041152000427,0.9194501638412476,0.19810181856155396
235b660b-1790-479b-bd59-52787a429e81,UX-designer,Tjenestedesigner med UX-kompetanse,"UX-Designer, Grafiske og multimediadesignere, Grafiske- og multimediadesignere, Tjenestedesigner, Grafiske- og multimediadesignere",OSLO,http://data.europa.eu/esco/skill/1019423b-3368-4f83-b24f-19e5fa23e816,designmønstre for brukergrensesnitt for programvare,digital_consensus,0.5588029623031616,0.9994383454322815,0.0010673999786376953
36854091-d4f4-434f-9ce0-15c071c92e48,Spesialingeniør,Spesialingeniør/Spesialbioingeniør,"Bioingeniør, Bioingeniør, Bioingeniører",OSLO,http://data.europa.eu/esco/skill/89f6560b-2194-45c9-9ece-d33049a73eef,datateknikk,digital_consensus,0.5135436058044434,0.9858711361885071,0.005889534950256348
386be315-9b07-44da-a69d-60b8292a15db,ERP,Seniorrådgiver økonomi,"Høyere saksbehandlere i offentlig og privat virksomhet, Seniorrådgiver offentlig administrasjon, Høyere saksbehandlere i offentlig og privat virksomhet, Høyere saksbehandlere i offentlig og privat virksomhet, Seniorrådgiver (økonomi og samfunnsvitenskap, offentlig administrasjon), Høyere saksbehandlere i offentlig og privat virksomhet, Seniorkonsulent økonomi og samfunnsvitenskap, offentlig administrasjon",BODØ,http://data.europa.eu/esco/skill/09f4c52b-ac72-4f0e-a8ae-78bb1d7bffba,transportprogramvare relatert til et ERP-system,digital_consensus,0.5528852343559265,0.9972111582756042,0.9701170120388269
60c1c041-4c39-4128-abcb-69848c430dba,Elektronikk,Elkjøp Horten søker Selger med områdeansvar,"Butikkmedarbeidere, Selger, salgsassistent",HORTEN,http://data.europa.eu/esco/skill/95c35c3a-035f-47c2-90cf-7e934d20fc08,elektronikk,exact,,1.0,
730ed9d7-cff5-4d2a-a4b4-863921030d8b,Arkivarbeid,Arkivfaglig seniorkonsulent,"Arkivarer og kuratorer, Arkivar, arkivar",OSLO,http://data.europa.eu/esco/skill/c1b4aa1e-bc42-49e4-952a-0cbd45f1d57b,museumsdatabaser,digital_consensus,0.5799029469490051,0.9492874145507812,0.06436246633529663
730ed9d7-cff5-4d2a-a4b4-863921030d8b,Digitalisering,Arkivfaglig seniorkonsulent,"Arkivarer og kuratorer, Arkivar, arkivar",OSLO,http://data.europa.eu/esco/skill/aa0d8201-5a8e-417f-81f4-c04601139582,digitalisering,exact,,1.0,
8eebaa1f-4012-4b78-a0d3-8e9186be8960,Dataanalytiker,Dataanalytiker,"Dataanalytiker, Dataanalytiker, Systemanalytikere/-arkitekter",GJØVIK,http://data.europa.eu/esco/skill/3ec2e4d6-7000-4905-bf1a-c5b1679416de,datavarehus,digital_consensus,0.6028291583061218,0.9999380111694336,1.7881393432617188e-06
8eebaa1f-4012-4b78-a0d3-8e9186be8960,Datavarehus,Dataanalytiker,"Dataanalytiker, Dataanalytiker, Systemanalytikere/-arkitekter",GJØVIK,http://data.europa.eu/esco/skill/3ec2e4d6-7000-4905-bf1a-c5b1679416de,datavarehus,exact,,1.0,
8eebaa1f-4012-4b78-a0d3-8e9186be8960,Maskinlæring,Dataanalytiker,"Dataanalytiker, Dataanalytiker, Systemanalytikere/-arkitekter",GJØVIK,http://data.europa.eu/esco/skill/3a2d5b45-56e4-4f5a-a55a-4a4a65afdc43,maskinlæring,exact,,1.0,
8eebaa1f-4012-4b78-a0d3-8e9186be8960,Programmering,Dataanalytiker,"Dataanalytiker, Dataanalytiker, Systemanalytikere/-arkitekter",GJØVIK,http://data.europa.eu/esco/skill/21d2f96d-35f7-4e3f-9745-c533d2dd6e97,dataprogrammering,digital_consensus,0.714440643787384,0.9188328981399536,0.2761046886444092
95fb382c-9676-4b2e-820a-ec68260737c3,Hjelpemidler,100% fysioterapeut,"Fysioterapeut, Fysioterapeut, Fysioterapeuter",RISSA,http://data.europa.eu/esco/skill/8759c352-8b00-498f-985a-935f13e1b043,hjelpemidler,exact,,1.0,
ac138393-6934-4525-ac4a-369f425f5fb3,Digitalisering,Controller (Rådgiver budsjett),"Controller, Revisorer og regnskapsrådgivere, Revisorer, regnskapsrådgivere, Budsjettrådgiver, Revisorer",BODØ,http://data.europa.eu/esco/skill/aa0d8201-5a8e-417f-81f4-c04601139582,digitalisering,exact,,1.0,
d1a66cbe-5769-4ad7-b340-b42ea0165e5f,Dokumentforvaltning,Bli med og videreutvikle en moderne skole i sentrum av Sørreisa!,"Kontormedarbeider, Kontormedarbeidere, Kontormedarbeidere, Skolesekretær, studieleder",SØRREISA,http://data.europa.eu/esco/skill/bec4359e-cb92-468f-a997-8fb28e32fba9,Metoder innen IKT-prosjektledelse,digital_consensus,0.5678485035896301,0.9981982111930847,0.00032395124435424805
fa3de089-3505-4d2a-a11c-aeec78b70980,IKT-ferdigheter,Sykepleier 100 % prosjektstilling ved Gjerstad legekontor,"Sykepleiere, Sykepleier, sykepleier",SUNDEBRU,http://data.europa.eu/esco/skill/778ca7ad-6c5d-4868-9b96-a7777dca799c,IKT-hjelpeplattformer,digital_consensus,0.5584409832954407,0.9517379999160767,0.9498681187396869
fe9f6a73-aa03-4be5-b0ad-0f660ad5909c,LIS,Vikariat innen indremedisinske fag LIS 2/3,"Allmennpraktiserende leger, Lege i spesialisering, Legespesialister",TRONDHEIM,http://data.europa.eu/esco/skill/0cd6dcf1-5778-42a5-b685-4d01ae4a4871,Common Lisp,digital_consensus,0.6051489114761353,0.999724805355072,0.0015864968299865723
d03dcd1d-060b-4db3-bd54-b552afc8505d,BIM,Prosjektledere,"Andre administrative ledere, Prosjektleder, Prosjektleder",PORSGRUNN,http://data.europa.eu/esco/skill/fae7e545-5114-43cc-8e83-178e2549ecb9,bim,exact,,1.0,
b9105d6f-1eac-48b7-b5e3-e98914077fd1,AI,Ingen erfaring? Ingen utdanning? Dette er din vei inn i teknologibransjen,"Selger, Selger, Butikkmedarbeidere",Missing location,http://data.europa.eu/esco/skill/e465a154-93f7-4973-9ce1-31659fe16dd2,prinsipper for kunstig intelligens,digital_consensus,0.5584366917610168,0.99960857629776,0.001320481300354004
7a57f998-2cf4-43cd-8254-5ce66037a903,Sanering,Betongsager / Betongarbeider,"Kjerneborrer/Betongsager, Kjerneborrer/Betongsager, Betongarbeidere",LARVIK,http://data.europa.eu/esco/skill/2973b3bc-5893-4b3d-8953-22ef677a162f,kutteteknologier,digital_consensus,0.5255371332168579,0.9839547872543335,0.03993338346481323
d4f9aad7-c4df-463c-9960-2840039e0453,UX-designer,Senior UX-designer,"UX-Designer, UX-Designer, Grafiske og multimediadesignere",OSLO,http://data.europa.eu/esco/skill/1019423b-3368-4f83-b24f-19e5fa23e816,designmønstre for brukergrensesnitt for programvare,digital_consensus,0.5588029623031616,0.9994383454322815,0.0010673999786376953
d4f9aad7-c4df-463c-9960-2840039e0453,interaksjonsdesign,Senior UX-designer,"UX-Designer, UX-Designer, Grafiske og multimediadesignere",OSLO,http://data.europa.eu/esco/skill/1019423b-3368-4f83-b24f-19e5fa23e816,designmønstre for brukergrensesnitt for programvare,digital_consensus,0.6972687840461731,0.8965777158737183,0.8201393559575081
32f43940-0a1c-407a-a86e-4818a118d402,Digitale systemer,"Prosjektmedarbeider i Váimmus - samisk naturbruk, kultur og verdensarv","Prosjektmedarbeider PMO, Prosjektmedarbeider PMO, Andre administrative ledere",KAUTOKEINO,http://data.europa.eu/esco/skill/397da142-ab35-48fe-b154-7c38f447adfb,digitale systemer,exact,,1.0,
15ab6052-c55f-45e1-86af-65a17806a436,IT,Join GS FLEET as a Software Architect,"Programvareutviklere, Software arkitekt, Systemanalytikere/-arkitekter, Software arkitekt/senior utvikler, IKT-systemarkitekt",OSLO,http://data.europa.eu/esco/skill/ddc3119d-1d6e-4324-9125-a3380d299ac5,IT,exact,,1.0,
15ab6052-c55f-45e1-86af-65a17806a436,SaaS,Join GS FLEET as a Software Architect,"Programvareutviklere, Software arkitekt, Systemanalytikere/-arkitekter, Software arkitekt/senior utvikler, IKT-systemarkitekt",OSLO,http://data.europa.eu/esco/skill/83218cac-3599-417e-93d2-26013cdccd98,SaaS,exact,,1.0,
15ab6052-c55f-45e1-86af-65a17806a436,Software Architect,Join GS FLEET as a Software Architect,"Programvareutviklere, Software arkitekt, Systemanalytikere/-arkitekter, Software arkitekt/senior utvikler, IKT-systemarkitekt",OSLO,http://data.europa.eu/esco/skill/21d2f96d-35f7-4e3f-9745-c533d2dd6e97,dataprogrammering,digital_consensus,0.4850163161754608,0.9968558549880981,0.016439497470855713
15ab6052-c55f-45e1-86af-65a17806a436,Systemarkitektur,Join GS FLEET as a Software Architect,"Programvareutviklere, Software arkitekt, Systemanalytikere/-arkitekter, Software arkitekt/senior utvikler, IKT-systemarkitekt",OSLO,http://data.europa.eu/esco/skill/21d2f96d-35f7-4e3f-9745-c533d2dd6e97,dataprogrammering,digital_consensus,0.5183978080749512,0.9555255174636841,0.06058621406555176
5d6661c8-4b2e-4969-b9f4-ef0a8e763d7d,Elektronikk,Technical Sales Engineer,"Technical Sales Engineer, Technical Sales Engineer, Salgskonsulenter innen tekniske og medisinske produkter",OSLO,http://data.europa.eu/esco/skill/95c35c3a-035f-47c2-90cf-7e934d20fc08,elektronikk,exact,,1.0,
6042f7f3-3f73-4ca9-9039-05e0ce45d2e9,Produktutvikling,HMH is seeking 2 Mechanical Engineers for equipment design - Graduates and Early Careers welcome to apply!,"Maskiningeniør, Maskiningeniør, Maskiningeniører",KRISTIANSAND S,http://data.europa.eu/esco/skill/4f6b656a-54d0-48ce-9b55-ebcac5904a14,håndtere geospatiale teknologier,digital_consensus,0.6504983901977539,0.9169093370437622,0.013612568378448486
bb8aba12-03bd-4689-8f80-b18dba0b3c0b,Bilberger,Vi søker dyktige Bilberger !,"Bilhjelp/Bilberger, Bilmekanikere",ROLVSØY,http://data.europa.eu/esco/skill/4fea6307-bdc0-423d-ad63-c61755c14522,utføre bibliografisk arbeid,digital_consensus,0.5625334978103638,0.9998169541358948,0.00016266107559204102
5d9a9183-c357-4a9b-8d1d-7a0914c3f309,Anleggsmekaniker,Servicetekniker - Kristiansand,"Anleggsmekaniker/Servicetekniker, Anleggsmekaniker/Servicetekniker, Anleggsmaskin- og industrimekanikere",KRISTIANSAND S,http://data.europa.eu/esco/skill/2973b3bc-5893-4b3d-8953-22ef677a162f,kutteteknologier,digital_consensus,0.6480547785758972,0.976040780544281,0.002944350242614746
4c95ca02-a056-4d86-add3-349185876e14,E-handel,E-commerce coordinator for retro.no,"E-Commerce Manager, Reklame- og markedsføringsrådgivere, Nett- og multimediautviklere, E-commerce Developer, webutvikler",TRONDHEIM,http://data.europa.eu/esco/skill/b1272de4-1f5f-408b-8b26-061f2550fc72,e-handelssystemer,digital_consensus,0.6153236627578735,0.9999244213104248,0.002346336841583252
42e3f9af-8bff-4cb8-acc9-0b60e6e7503e,ERP,Vil du bidra til å sikre forutsigbare leveranser i et internasjonalt teknologiselskap?,"Prosjektplanlegger, Prosjektplanlegger, Andre administrative ledere",ASKER,http://data.europa.eu/esco/skill/09f4c52b-ac72-4f0e-a8ae-78bb1d7bffba,transportprogramvare relatert til et ERP-system,digital_consensus,0.5528852343559265,0.9972111582756042,0.9701170120388269
8717f497-861f-491a-91a2-d3a43ca742a7,Digital bevisanalyse,Teknisk gransker -- digital etterforskning -- Agenda Risk,"Forsikringsagenter, Risikoanalytiker, Privatetterforskere mv., Privatetterforsker, privatetterforsker",OSLO,http://data.europa.eu/esco/skill/118a9b27-1c5a-4214-b685-1a4d9e6365ea,dataetterforskning,digital_consensus,0.564477801322937,0.9654155969619751,0.9070746935904026
8717f497-861f-491a-91a2-d3a43ca742a7,Digital etterforskning,Teknisk gransker -- digital etterforskning -- Agenda Risk,"Forsikringsagenter, Risikoanalytiker, Privatetterforskere mv., Privatetterforsker, privatetterforsker",OSLO,http://data.europa.eu/esco/skill/118a9b27-1c5a-4214-b685-1a4d9e6365ea,dataetterforskning,digital_consensus,0.569876492023468,0.999607503414154,0.007637381553649902
8717f497-861f-491a-91a2-d3a43ca742a7,Hendelseshåndtering,Teknisk gransker -- digital etterforskning -- Agenda Risk,"Forsikringsagenter, Risikoanalytiker, Privatetterforskere mv., Privatetterforsker, privatetterforsker",OSLO,http://data.europa.eu/esco/skill/8181aa4c-42bc-4036-a3d2-5cb6bbb34239,håndtere cybersikkerhetshendelser,digital_consensus,0.670574963092804,0.9964136481285095,0.011377155780792236
8717f497-861f-491a-91a2-d3a43ca742a7,IT-sikkerhet,Teknisk gransker -- digital etterforskning -- Agenda Risk,"Forsikringsagenter, Risikoanalytiker, Privatetterforskere mv., Privatetterforsker, privatetterforsker",OSLO,http://data.europa.eu/esco/skill/8088750d-8388-4170-a76f-48354c469c44,IT-sikkerhet,exact,,1.0,
4217cf03-f8f7-4fec-809f-ff7cba61ee73,IT-sikkerhet,Vil du lede og videreutvikle sikkerhets- og beredskapsarbeidet i ett av Norges største IT-miljøer?,"Andre ledere av produksjon og tjenesteyting, Sikkerhetsleder, Helse- og miljørådgivere, Beredskapsleder, beredskapskoordinator",OSLO,http://data.europa.eu/esco/skill/8088750d-8388-4170-a76f-48354c469c44,IT-sikkerhet,exact,,1.0,
4217cf03-f8f7-4fec-809f-ff7cba61ee73,Informasjonssikkerhet,Vil du lede og videreutvikle sikkerhets- og beredskapsarbeidet i ett av Norges største IT-miljøer?,"Andre ledere av produksjon og tjenesteyting, Sikkerhetsleder, Helse- og miljørådgivere, Beredskapsleder, beredskapskoordinator",OSLO,http://data.europa.eu/esco/skill/8088750d-8388-4170-a76f-48354c469c44,informasjonssikkerhet,exact,,1.0,
e5558e20-14ac-481e-a277-9f52a48a50c9,Digitalisering,Vil du utvikle deg innen lønn og digitalisering – og samtidig bidra til noe som betyr noe?,"Lønnsmedarbeider, Lønnsmedarbeider, Lønningsmedarbeidere",STAVANGER,http://data.europa.eu/esco/skill/aa0d8201-5a8e-417f-81f4-c04601139582,digitalisering,exact,,1.0,
075852ac-9a98-423d-822e-7cd396738fe7,Digitalisering,Vil du utvikle deg innen lønn og digitalisering – og samtidig bidra til noe som betyr noe?,"Lønnsmedarbeider, Lønnsmedarbeider, Lønningsmedarbeidere",STAVANGER,http://data.europa.eu/esco/skill/aa0d8201-5a8e-417f-81f4-c04601139582,digitalisering,exact,,1.0,
91ffce1a-8da6-4096-a3c6-4178525bbd5e,controller,Price Controller (vikariat 12 mnd) – Meko Norway,"Controller, Controller, Revisorer og regnskapsrådgivere",OSLO,http://data.europa.eu/esco/skill/bf942c60-8539-4951-83ee-63f770da1cb8,programmere en CNC-kontroller,digital_consensus,0.6273438930511475,0.9980813264846802,0.0004451274871826172
16072fed-d6ea-44e8-85da-cf70710bb760,Arkitektur,Vil du være med å bygge Norges domstolers digitale løsninger?,"IKT Løsningsarkitekt, IKT Løsningsarkitekt, Programvareutviklere, IT Løsningsarkitekt",TRONDHEIM,http://data.europa.eu/esco/skill/c453cf81-6197-428e-84c6-70c773b63f27,Arkitektoniske IKT-rammeverk,digital_consensus,0.5593475699424744,0.9923986792564392,0.11609482765197754
16072fed-d6ea-44e8-85da-cf70710bb760,Digitalisering,Vil du være med å bygge Norges domstolers digitale løsninger?,"IKT Løsningsarkitekt, IKT Løsningsarkitekt, Programvareutviklere, IT Løsningsarkitekt",TRONDHEIM,http://data.europa.eu/esco/skill/aa0d8201-5a8e-417f-81f4-c04601139582,digitalisering,exact,,1.0,
16072fed-d6ea-44e8-85da-cf70710bb760,IT,Vil du være med å bygge Norges domstolers digitale løsninger?,"IKT Løsningsarkitekt, IKT Løsningsarkitekt, Programvareutviklere, IT Løsningsarkitekt",TRONDHEIM,http://data.europa.eu/esco/skill/ddc3119d-1d6e-4324-9125-a3380d299ac5,IT,exact,,1.0,
16072fed-d6ea-44e8-85da-cf70710bb760,Systemutvikling,Vil du være med å bygge Norges domstolers digitale løsninger?,"IKT Løsningsarkitekt, IKT Løsningsarkitekt, Programvareutviklere, IT Løsningsarkitekt",TRONDHEIM,http://data.europa.eu/esco/skill/21d2f96d-35f7-4e3f-9745-c533d2dd6e97,dataprogrammering,digital_consensus,0.6049041152000427,0.9194501638412476,0.19810181856155396
16ebfbd0-c9aa-4fa8-a292-efc3b5d55cab,Cybersikkerhet,"Rådgiver/seniorrådgiver, digital sikkerhet og muliggjørende teknologier","IT-sikkerhetsrådgiver, IT-sikkerhetsrådgiver, Sikkerhetsanalytikere mv.",OSLO,http://data.europa.eu/esco/skill/8088750d-8388-4170-a76f-48354c469c44,cybersikkerhet,exact,,1.0,
16ebfbd0-c9aa-4fa8-a292-efc3b5d55cab,Digital sikkerhet,"Rådgiver/seniorrådgiver, digital sikkerhet og muliggjørende teknologier","IT-sikkerhetsrådgiver, IT-sikkerhetsrådgiver, Sikkerhetsanalytikere mv.",OSLO,http://data.europa.eu/esco/skill/8088750d-8388-4170-a76f-48354c469c44,digital sikkerhet,exact,,1.0,
1e5488b1-4b2c-4bf4-8ec7-5bbdd2d611d4,LIS,LIS 2/3 barne- og ungdomspsykiatri,"Lege i spesialisering (LIS2), Allmennpraktiserende leger, Allmennpraktiserende leger, Lege, allmennpraktiserende lege",BODØ,http://data.europa.eu/esco/skill/0cd6dcf1-5778-42a5-b685-4d01ae4a4871,Common Lisp,digital_consensus,0.6051489114761353,0.999724805355072,0.0015864968299865723
1f119e54-118b-4c89-8e96-bb77cdb45008,Arkitektur,Vi søker ny medarbeider,"Byggesaksbehandler, Byggesaksbehandler, Bygningsingeniører",MOEN,http://data.europa.eu/esco/skill/c453cf81-6197-428e-84c6-70c773b63f27,Arkitektoniske IKT-rammeverk,digital_consensus,0.5593475699424744,0.9923986792564392,0.11609482765197754
4bf13d8a-7f52-4868-ae54-d4b23cd198b1,IT,Platform Engineer sentrale arbeidsflater,"Citrix systemadministrator, Systemadministratorer, Programvareutviklere, Client Platform Delivery Engineer, programvareutvikler",OSLO,http://data.europa.eu/esco/skill/ddc3119d-1d6e-4324-9125-a3380d299ac5,IT,exact,,1.0,
64d72232-b00c-4b23-aba3-32e37fc64b0a,ISMS,Ønsker du en rolle med fagansvar og stor påvirkningskraft innen informasjonssikkerhet?,"Sikkerhetsanalytikere mv., Informasjonssikkerhetskonsulent, Sikkerhetsanalytikere mv., IT Security Advisor, Sikkerhetsanalytikere mv., Chief Information Security Officer (CISO), sjef for IKT-sikkerhet",RYGGE,http://data.europa.eu/esco/skill/4918ec9a-0204-4935-8b09-b0112370daa8,etablere et styringssystem for informasjonssikkerhet,digital_consensus,0.5724762082099915,0.9988082647323608,0.4054471254348755
64d72232-b00c-4b23-aba3-32e37fc64b0a,Informasjonssikkerhet,Ønsker du en rolle med fagansvar og stor påvirkningskraft innen informasjonssikkerhet?,"Sikkerhetsanalytikere mv., Informasjonssikkerhetskonsulent, Sikkerhetsanalytikere mv., IT Security Advisor, Sikkerhetsanalytikere mv., Chief Information Security Officer (CISO), sjef for IKT-sikkerhet",RYGGE,http://data.europa.eu/esco/skill/8088750d-8388-4170-a76f-48354c469c44,informasjonssikkerhet,exact,,1.0,
6626edba-1f8c-48f3-905f-8e7a749cec90,LIS,Lege i spesialisering 2-3,"Allmennpraktiserende leger, Lege i spesialisering, Legespesialister, Lege i spesialisering (LIS2)",ELVERUM,http://data.europa.eu/esco/skill/0cd6dcf1-5778-42a5-b685-4d01ae4a4871,Common Lisp,digital_consensus,0.6051489114761353,0.999724805355072,0.0015864968299865723
6638b7fc-9f6c-4c5a-ac4c-c62a9bf60ce4,DevOps,Vil du være med å bygge og videreutvikle Skatteetatens kjerneplattform i sky?,"Programvareutviklere, Sky-arkitekt",OSLO,http://data.europa.eu/esco/skill/f0de4973-0a70-4644-8fd4-3a97080476f4,DevOps,exact,,1.0,
6638b7fc-9f6c-4c5a-ac4c-c62a9bf60ce4,IT,Vil du være med å bygge og videreutvikle Skatteetatens kjerneplattform i sky?,"Programvareutviklere, Sky-arkitekt",OSLO,http://data.europa.eu/esco/skill/ddc3119d-1d6e-4324-9125-a3380d299ac5,IT,exact,,1.0,
6638b7fc-9f6c-4c5a-ac4c-c62a9bf60ce4,Skyplattform,Vil du være med å bygge og videreutvikle Skatteetatens kjerneplattform i sky?,"Programvareutviklere, Sky-arkitekt",OSLO,http://data.europa.eu/esco/skill/11430d93-c835-48ed-8e70-285fa69c9ae6,designe skyarkitektur,digital_consensus,0.5947005748748779,0.9967308044433594,0.002797067165374756
6e3f2f46-6925-4460-9623-37098cdcf09b,ERP,"Rådgiver(1436), Regnskapsenheten, Økonomiseksjonen, 1-2 stillinger 30009502, 30001172","Høyere saksbehandlere i offentlig og privat virksomhet, Rådgiver (offentlig administrasjon), Rådgivere/forskere, samfunnsøkonomi, Økonom, økonom",OSLO,http://data.europa.eu/esco/skill/09f4c52b-ac72-4f0e-a8ae-78bb1d7bffba,transportprogramvare relatert til et ERP-system,digital_consensus,0.5528852343559265,0.9972111582756042,0.9701170120388269
7510c106-67f8-43ad-9aac-589dbd4ed728,Dataplattform,"Vil du bygge bro mellom forretning, teknologi og data?","Informasjonsrådgivere, Informasjonsmedarbeider, Databasedesignere og -administratorer, Dataarkitekt, Databasedesignere og -administratorer, Databaseadministrator, databaseadministrator",OSLO,http://data.europa.eu/esco/skill/3ec2e4d6-7000-4905-bf1a-c5b1679416de,datavarehus,digital_consensus,0.5975717306137085,0.9994984865188599,0.0007398128509521484
7510c106-67f8-43ad-9aac-589dbd4ed728,Datavarehus,"Vil du bygge bro mellom forretning, teknologi og data?","Informasjonsrådgivere, Informasjonsmedarbeider, Databasedesignere og -administratorer, Dataarkitekt, Databasedesignere og -administratorer, Databaseadministrator, databaseadministrator",OSLO,http://data.europa.eu/esco/skill/3ec2e4d6-7000-4905-bf1a-c5b1679416de,datavarehus,exact,,1.0,
7510c106-67f8-43ad-9aac-589dbd4ed728,Systemutvikling,"Vil du bygge bro mellom forretning, teknologi og data?","Informasjonsrådgivere, Informasjonsmedarbeider, Databasedesignere og -administratorer, Dataarkitekt, Databasedesignere og -administratorer, Databaseadministrator, databaseadministrator",OSLO,http://data.europa.eu/esco/skill/21d2f96d-35f7-4e3f-9745-c533d2dd6e97,dataprogrammering,digital_consensus,0.6049041152000427,0.9194501638412476,0.19810181856155396
79912cf8-2963-45e3-a0a8-ff67368e681c,Digitalisering,Vil du bidra til at digitaliseringsmiljøet i UDI har riktig kompetanse til riktig tid? ,"Andre administrative ledere, Digitaliseringsansvarlig, prosjektleder",OSLO,http://data.europa.eu/esco/skill/aa0d8201-5a8e-417f-81f4-c04601139582,digitalisering,exact,,1.0,
7f06ecbb-fb84-46eb-93cc-88e44babb23a,Dataanalytiker,Dataanalytiker med hjerte for samfunn - bli med og forme fremtidens velferdstjenester! ,"Dataanalytiker, Dataanalytiker, Systemanalytikere/-arkitekter",OSLO,http://data.europa.eu/esco/skill/3ec2e4d6-7000-4905-bf1a-c5b1679416de,datavarehus,digital_consensus,0.6028291583061218,0.9999380111694336,1.7881393432617188e-06
7f06ecbb-fb84-46eb-93cc-88e44babb23a,Maskinlæring,Dataanalytiker med hjerte for samfunn - bli med og forme fremtidens velferdstjenester! ,"Dataanalytiker, Dataanalytiker, Systemanalytikere/-arkitekter",OSLO,http://data.europa.eu/esco/skill/3a2d5b45-56e4-4f5a-a55a-4a4a65afdc43,maskinlæring,exact,,1.0,
7f06ecbb-fb84-46eb-93cc-88e44babb23a,Python,Dataanalytiker med hjerte for samfunn - bli med og forme fremtidens velferdstjenester! ,"Dataanalytiker, Dataanalytiker, Systemanalytikere/-arkitekter",OSLO,http://data.europa.eu/esco/skill/ccd0a1d9-afda-43d9-b901-96344886e14d,Python,exact,,1.0,
9007f0bc-1ec2-419f-b035-33f4ead49810,BI,Leder Innsikt og dataanalyse (VP insights and analytics),"Ledere av IKT-enheter, Avdelingsleder (databehandlingsvirksomhet), Systemanalytikere/-arkitekter, Dataanalytiker, dataanalytiker",OSLO,http://data.europa.eu/esco/skill/143769cb-b61e-47d8-a61e-eedfbec1016c,BI,exact,,1.0,
9007f0bc-1ec2-419f-b035-33f4ead49810,Dataanalyse,Leder Innsikt og dataanalyse (VP insights and analytics),"Ledere av IKT-enheter, Avdelingsleder (databehandlingsvirksomhet), Systemanalytikere/-arkitekter, Dataanalytiker, dataanalytiker",OSLO,http://data.europa.eu/esco/skill/97bd1c21-66b2-4b7e-ad0f-e3cda590e378,dataanalyse,exact,,1.0,
a2b262fd-94c2-467c-849e-709a825e5599,Arkitektur,Vi søker løsningsarkitekt!,"IKT Løsningsarkitekt, IKT Løsningsarkitekt, Programvareutviklere",OSLO,http://data.europa.eu/esco/skill/c453cf81-6197-428e-84c6-70c773b63f27,Arkitektoniske IKT-rammeverk,digital_consensus,0.5593475699424744,0.9923986792564392,0.11609482765197754
a2b262fd-94c2-467c-849e-709a825e5599,Digitalisering,Vi søker løsningsarkitekt!,"IKT Løsningsarkitekt, IKT Løsningsarkitekt, Programvareutviklere",OSLO,http://data.europa.eu/esco/skill/aa0d8201-5a8e-417f-81f4-c04601139582,digitalisering,exact,,1.0,
a2b262fd-94c2-467c-849e-709a825e5599,IT-arkitekt,Vi søker løsningsarkitekt!,"IKT Løsningsarkitekt, IKT Løsningsarkitekt, Programvareutviklere",OSLO,http://data.europa.eu/esco/skill/c453cf81-6197-428e-84c6-70c773b63f27,Arkitektoniske IKT-rammeverk,digital_consensus,0.6209890842437744,0.9999566078186035,0.00011587142944335938
a2b262fd-94c2-467c-849e-709a825e5599,Informasjonssikkerhet,Vi søker løsningsarkitekt!,"IKT Løsningsarkitekt, IKT Løsningsarkitekt, Programvareutviklere",OSLO,http://data.europa.eu/esco/skill/8088750d-8388-4170-a76f-48354c469c44,informasjonssikkerhet,exact,,1.0,
c3ace889-9b5d-45cf-aa44-e420b4d39f56,Prosjektkonsulent,Ønsker du å jobbe med prosjektstøtte i nasjonalt kompetansesenter for sikring av bygg?,"Høyere saksbehandlere i offentlig og privat virksomhet, Prosjektmedarbeider innen økonomi og samfunnsvitenskap, offentlig administrasjon, Høyere saksbehandlere i offentlig og privat virksomhet",OSLO,http://data.europa.eu/esco/skill/bec4359e-cb92-468f-a997-8fb28e32fba9,Metoder innen IKT-prosjektledelse,digital_consensus,0.6462624073028564,0.9935935139656067,0.008811891078948975
e1a4565e-5339-4892-b420-d14235c85389,IT,Er du utvikler og har lyst til å være en del av et ledende fagmiljø? Vi trenger deg i Nav!,"Systemanalytikere/-arkitekter, Systemutvikler, IKT-systemutvikler",OSLO,http://data.europa.eu/esco/skill/ddc3119d-1d6e-4324-9125-a3380d299ac5,IT,exact,,1.0,
e1a4565e-5339-4892-b420-d14235c85389,Java,Er du utvikler og har lyst til å være en del av et ledende fagmiljø? Vi trenger deg i Nav!,"Systemanalytikere/-arkitekter, Systemutvikler, IKT-systemutvikler",OSLO,http://data.europa.eu/esco/skill/19a8293b-8e95-4de3-983f-77484079c389,Java,exact,,1.0,
e1a4565e-5339-4892-b420-d14235c85389,Produktutvikling,Er du utvikler og har lyst til å være en del av et ledende fagmiljø? Vi trenger deg i Nav!,"Systemanalytikere/-arkitekter, Systemutvikler, IKT-systemutvikler",OSLO,http://data.europa.eu/esco/skill/4f6b656a-54d0-48ce-9b55-ebcac5904a14,håndtere geospatiale teknologier,digital_consensus,0.6504983901977539,0.9169093370437622,0.013612568378448486
e1a4565e-5339-4892-b420-d14235c85389,Systemutvikler,Er du utvikler og har lyst til å være en del av et ledende fagmiljø? Vi trenger deg i Nav!,"Systemanalytikere/-arkitekter, Systemutvikler, IKT-systemutvikler",OSLO,http://data.europa.eu/esco/skill/21d2f96d-35f7-4e3f-9745-c533d2dd6e97,dataprogrammering,digital_consensus,0.6546458005905151,0.9988632202148438,0.002029597759246826
e22c7ad8-a880-4193-8bfa-490142409488,Datasenter,"Teknisk begavet med engasjement for samfunnsoppdraget til Skatteetaten? 
","Systemanalytikere/-arkitekter, Applikasjonsforvalter, IKT-systemadministrator, Systemadministratorer, Systemforvalter",OSLO,http://data.europa.eu/esco/skill/21d2f96d-35f7-4e3f-9745-c533d2dd6e97,dataprogrammering,digital_consensus,0.5561807155609131,0.9656215906143188,0.010419487953186035
e22c7ad8-a880-4193-8bfa-490142409488,IT,"Teknisk begavet med engasjement for samfunnsoppdraget til Skatteetaten? 
","Systemanalytikere/-arkitekter, Applikasjonsforvalter, IKT-systemadministrator, Systemadministratorer, Systemforvalter",OSLO,http://data.europa.eu/esco/skill/ddc3119d-1d6e-4324-9125-a3380d299ac5,IT,exact,,1.0,
e22c7ad8-a880-4193-8bfa-490142409488,Programmering,"Teknisk begavet med engasjement for samfunnsoppdraget til Skatteetaten? 
","Systemanalytikere/-arkitekter, Applikasjonsforvalter, IKT-systemadministrator, Systemadministratorer, Systemforvalter",OSLO,http://data.europa.eu/esco/skill/21d2f96d-35f7-4e3f-9745-c533d2dd6e97,dataprogrammering,digital_consensus,0.714440643787384,0.9188328981399536,0.2761046886444092
ea730920-2c0a-49ec-95ee-c2357f9baaad,Geodata,Geodet,"Landmålere, kartografer mv., Geodet, Geodet",STAVANGER,http://data.europa.eu/esco/skill/377861af-f966-4c87-a2db-7e99904312b9,geografiske informasjonssystemer,digital_consensus,0.6458449959754944,0.9993603825569153,0.0004495978355407715
ee3e2bfa-a5b2-41e8-b121-13f4ab522094,Kvantitativ analyse,Er du samfunnsanalytikeren som vil gjøre utdanning mulig? ,"Rådgivere/forskere, samfunnsøkonomi, Samfunnsøkonom, Rådgivere/forskere, samfunnsvitenskap, Statsviter, statsviter",OSLO,http://data.europa.eu/esco/skill/6360a934-cc87-4954-9656-b32db20592e3,kvantitativ analyse,exact,,1.0,
f9595149-ebdb-4c1e-b761-09ee3fa8dcf9,Digitalisering,Seksjonsleiar  - digital innovasjon og operasjonalisering,"Andre administrative ledere, Seksjonsleder (offentlig administrasjon)",OSLO,http://data.europa.eu/esco/skill/aa0d8201-5a8e-417f-81f4-c04601139582,digitalisering,exact,,1.0,
f9b606c7-72a4-4ee8-a1d8-d1904ea175b3,Dataplattform,"Vil du jobbe med statistikk og analyser om betalingssystemet? 
","Rådgivere/forskere, samfunnsøkonomi, Økonom, økonom, Rådgivere/forskere, samfunnsøkonomi, Samfunnsøkonom",OSLO,http://data.europa.eu/esco/skill/3ec2e4d6-7000-4905-bf1a-c5b1679416de,datavarehus,digital_consensus,0.5975717306137085,0.9994984865188599,0.0007398128509521484
ff00da88-6233-42ec-b28e-ce6ebe289cf8,Digitalisering,Arkivar ,"Arkivar, Arkivar, Arkivarer og kuratorer",OSLO,http://data.europa.eu/esco/skill/aa0d8201-5a8e-417f-81f4-c04601139582,digitalisering,exact,,1.0,
ff00da88-6233-42ec-b28e-ce6ebe289cf8,Dokumentforvaltning,Arkivar ,"Arkivar, Arkivar, Arkivarer og kuratorer",OSLO,http://data.europa.eu/esco/skill/bec4359e-cb92-468f-a997-8fb28e32fba9,Metoder innen IKT-prosjektledelse,digital_consensus,0.5678485035896301,0.9981982111930847,0.00032395124435424805
ff00da88-6233-42ec-b28e-ce6ebe289cf8,Microsoft 365,Arkivar ,"Arkivar, Arkivar, Arkivarer og kuratorer",OSLO,http://data.europa.eu/esco/skill/f683ae1d-cb7c-4aa1-b9fe-205e1bd23535,bruke Microsoft Office,digital_consensus,0.5470774173736572,0.9996776580810547,0.0003491640090942383
ff57d999-489e-40db-a351-91e6333d512a,DNS,Er du interessert i sky? Liker du å jobbe med nettverk? Les videre!,"Programvareutviklere, Systemadministratorer, Nettverksansvarlige, IKT-nettverksingeniør, Sky-arkitekt, Nettverksadministrator, Nettverksansvarlig",TRONDHEIM,http://data.europa.eu/esco/skill/071233c4-ad2b-4f50-b79f-768d2231163e,DNS,exact,,1.0,
ff57d999-489e-40db-a351-91e6333d512a,IT,Er du interessert i sky? Liker du å jobbe med nettverk? Les videre!,"Programvareutviklere, Systemadministratorer, Nettverksansvarlige, IKT-nettverksingeniør, Sky-arkitekt, Nettverksadministrator, Nettverksansvarlig",TRONDHEIM,http://data.europa.eu/esco/skill/ddc3119d-1d6e-4324-9125-a3380d299ac5,IT,exact,,1.0,
ff57d999-489e-40db-a351-91e6333d512a,Sky,Er du interessert i sky? Liker du å jobbe med nettverk? Les videre!,"Programvareutviklere, Systemadministratorer, Nettverksansvarlige, IKT-nettverksingeniør, Sky-arkitekt, Nettverksadministrator, Nettverksansvarlig",TRONDHEIM,http://data.europa.eu/esco/skill/11430d93-c835-48ed-8e70-285fa69c9ae6,designe skyarkitektur,digital_consensus,0.6258109211921692,0.9894150495529175,0.019019901752471924
ffc8df4a-6cd5-47e4-aba2-016083e4cdd4,Dokumentforvaltning,Vil du jobbe med arkiv- og dokumentforvaltning i Forsvarsbygg?,"Rådgiver arkiv, Arkivarer og kuratorer, Høyere saksbehandlere i offentlig og privat virksomhet, Rådgiver (offentlig administrasjon), Høyere saksbehandlere i offentlig og privat virksomhet, Konsulent (øvrig offentlig administrasjon)",OSLO,http://data.europa.eu/esco/skill/bec4359e-cb92-468f-a997-8fb28e32fba9,Metoder innen IKT-prosjektledelse,digital_consensus,0.5678485035896301,0.9981982111930847,0.00032395124435424805
7335f981-82c0-4d6f-920c-8bf84d72700b,dataanalyse,CRM Advisor ,"Applikasjonsprogrammerere, CRM Application Engineer, IKT-programutvikler",OSLO,http://data.europa.eu/esco/skill/97bd1c21-66b2-4b7e-ad0f-e3cda590e378,dataanalyse,exact,,1.0,
5a32b721-e722-43fd-bdd8-b52117d98e7b,SAP,Vil du lede lagerdriften som støtter Forsvarets beredskap i nord?,"Lagerleder, Lagermedarbeidere og materialforvaltere",MOSJØEN,http://data.europa.eu/esco/skill/f8e3425c-fe44-4ffb-bafe-0e20d91dadf4,SAP,exact,,1.0,
9247a640-78b0-4fef-8ddf-8a2dc75726f4,SAP,Vil du jobbe med logistikk i en av Forsvarets viktigste forsyningskjeder i nord?,"Logistiker, Logistiker, Logistikkmedarbeidere",HARSTAD,http://data.europa.eu/esco/skill/f8e3425c-fe44-4ffb-bafe-0e20d91dadf4,SAP,exact,,1.0,
9826b015-9f72-402d-b8f5-c12792cc3172,SAP,Har du lyst til å jobbe med hele spekteret av HR-oppgaver? Da kan du være vår nye HR-rådgiver!,"Personalkonsulent, Personalkonsulent, Personal- og karriererådgivere",SORTLAND,http://data.europa.eu/esco/skill/f8e3425c-fe44-4ffb-bafe-0e20d91dadf4,SAP,exact,,1.0,
9a39a335-fc01-468a-8fda-1e85ba6a51ca,Digitalisering,"Seniorrådgiver, IT porteføljestyring","Systemanalytikere/-arkitekter, Seniorrådgiver (IT), IKT-konsulent",OSLO,http://data.europa.eu/esco/skill/aa0d8201-5a8e-417f-81f4-c04601139582,digitalisering,exact,,1.0,
9a39a335-fc01-468a-8fda-1e85ba6a51ca,IT,"Seniorrådgiver, IT porteføljestyring","Systemanalytikere/-arkitekter, Seniorrådgiver (IT), IKT-konsulent",OSLO,http://data.europa.eu/esco/skill/ddc3119d-1d6e-4324-9125-a3380d299ac5,IT,exact,,1.0,
9a39a335-fc01-468a-8fda-1e85ba6a51ca,IT porteføljestyring,"Seniorrådgiver, IT porteføljestyring","Systemanalytikere/-arkitekter, Seniorrådgiver (IT), IKT-konsulent",OSLO,http://data.europa.eu/esco/skill/c453cf81-6197-428e-84c6-70c773b63f27,Arkitektoniske IKT-rammeverk,digital_consensus,0.5574818253517151,0.9901047348976135,0.011820554733276367
9a39a335-fc01-468a-8fda-1e85ba6a51ca,Systemutvikling,"Seniorrådgiver, IT porteføljestyring","Systemanalytikere/-arkitekter, Seniorrådgiver (IT), IKT-konsulent",OSLO,http://data.europa.eu/esco/skill/21d2f96d-35f7-4e3f-9745-c533d2dd6e97,dataprogrammering,digital_consensus,0.6049041152000427,0.9194501638412476,0.19810181856155396
b5c23aef-f10b-4c52-8752-b983c1b0548d,SAP,Vil du lede lagerdriften som støtter Forsvarets beredskap i nord?,"Lagerleder, Lagermedarbeidere og materialforvaltere",BODØ,http://data.europa.eu/esco/skill/f8e3425c-fe44-4ffb-bafe-0e20d91dadf4,SAP,exact,,1.0,
c6a0f5bf-8b45-4073-9fd2-4dd4ab89e5f9,IT,Ready to launch your cyber security career?,"Andre sivilingeniører( unntatt elektroteknologi), Prosjektingeniør, Prosjektingeniør",KOKSTAD,http://data.europa.eu/esco/skill/ddc3119d-1d6e-4324-9125-a3380d299ac5,IT,exact,,1.0,
c6a0f5bf-8b45-4073-9fd2-4dd4ab89e5f9,cybersikkerhet,Ready to launch your cyber security career?,"Andre sivilingeniører( unntatt elektroteknologi), Prosjektingeniør, Prosjektingeniør",KOKSTAD,http://data.europa.eu/esco/skill/8088750d-8388-4170-a76f-48354c469c44,cybersikkerhet,exact,,1.0,
c6a0f5bf-8b45-4073-9fd2-4dd4ab89e5f9,digitalisering,Ready to launch your cyber security career?,"Andre sivilingeniører( unntatt elektroteknologi), Prosjektingeniør, Prosjektingeniør",KOKSTAD,http://data.europa.eu/esco/skill/aa0d8201-5a8e-417f-81f4-c04601139582,digitalisering,exact,,1.0,
c6a0f5bf-8b45-4073-9fd2-4dd4ab89e5f9,prosjektarbeid,Ready to launch your cyber security career?,"Andre sivilingeniører( unntatt elektroteknologi), Prosjektingeniør, Prosjektingeniør",KOKSTAD,http://data.europa.eu/esco/skill/5898d99a-62a4-4e10-a2e3-0d815ce44248,mottiltak mot cyberangrep,digital_consensus,0.47509437799453735,0.8073229193687439,0.006661772727966309
3f4b0165-2a1c-4686-8e1d-55719fd09c6e,IT,Vil du være med å utvikle teknologi som redder liv?,"Systemanalytikere/-arkitekter, Systemutvikler, Systemutvikler",OSLO,http://data.europa.eu/esco/skill/ddc3119d-1d6e-4324-9125-a3380d299ac5,IT,exact,,1.0,
3f4b0165-2a1c-4686-8e1d-55719fd09c6e,PHP,Vil du være med å utvikle teknologi som redder liv?,"Systemanalytikere/-arkitekter, Systemutvikler, Systemutvikler",OSLO,http://data.europa.eu/esco/skill/4350c38d-0fe9-4ca7-bab9-40ed7f72b04f,PHP,exact,,1.0,
3f4b0165-2a1c-4686-8e1d-55719fd09c6e,Systemutvikler,Vil du være med å utvikle teknologi som redder liv?,"Systemanalytikere/-arkitekter, Systemutvikler, Systemutvikler",OSLO,http://data.europa.eu/esco/skill/21d2f96d-35f7-4e3f-9745-c533d2dd6e97,dataprogrammering,digital_consensus,0.6546458005905151,0.9988632202148438,0.002029597759246826
3f973c72-326d-4bd9-bf10-4f801bf9f130,ERP,Vil du være med å utvikle den finansielle styringen i et ledende internasjonalt selskap?,"Finansanalytikere, Finans- og investeringsrådgivere, Finans- og investeringsrådgivere, finansplanlegger, Analytiker, virksomhetovertakelse og -fusjon, Business controller salg, Finansiell rådgiver",STAVANGER,http://data.europa.eu/esco/skill/09f4c52b-ac72-4f0e-a8ae-78bb1d7bffba,transportprogramvare relatert til et ERP-system,digital_consensus,0.5528852343559265,0.9972111582756042,0.9701170120388269
2fedfb40-44c6-446a-b257-3a30e549b7a8,Database,Database administrator,"Databaseadministrator, Databaseadministrator, Databasedesignere og -administratorer",LODDEFJORD,http://data.europa.eu/esco/skill/43ae58b9-5e56-4524-b45a-b422777a0576,database,exact,,1.0,
2fedfb40-44c6-446a-b257-3a30e549b7a8,Databaseadministrator,Database administrator,"Databaseadministrator, Databaseadministrator, Databasedesignere og -administratorer",LODDEFJORD,http://data.europa.eu/esco/skill/ab1e97ed-2319-4293-a8b7-072d2648822f,systemer for databaseadministrering,digital_consensus,0.5844007134437561,0.9998764991760254,0.00015395879745483398
2fedfb40-44c6-446a-b257-3a30e549b7a8,ERP,Database administrator,"Databaseadministrator, Databaseadministrator, Databasedesignere og -administratorer",LODDEFJORD,http://data.europa.eu/esco/skill/09f4c52b-ac72-4f0e-a8ae-78bb1d7bffba,transportprogramvare relatert til et ERP-system,digital_consensus,0.5528852343559265,0.9972111582756042,0.9701170120388269
2fedfb40-44c6-446a-b257-3a30e549b7a8,IT,Database administrator,"Databaseadministrator, Databaseadministrator, Databasedesignere og -administratorer",LODDEFJORD,http://data.europa.eu/esco/skill/ddc3119d-1d6e-4324-9125-a3380d299ac5,IT,exact,,1.0,
eb4b5521-7b0e-412e-b178-709df889f70b,Digitalisering,Avdelingssjef Digitalisering,"Avdelingsleder, Avdelingsleder, Andre ledere av produksjon og tjenesteyting",KJELLER,http://data.europa.eu/esco/skill/aa0d8201-5a8e-417f-81f4-c04601139582,digitalisering,exact,,1.0,
eb4b5521-7b0e-412e-b178-709df889f70b,ERP,Avdelingssjef Digitalisering,"Avdelingsleder, Avdelingsleder, Andre ledere av produksjon og tjenesteyting",KJELLER,http://data.europa.eu/esco/skill/09f4c52b-ac72-4f0e-a8ae-78bb1d7bffba,transportprogramvare relatert til et ERP-system,digital_consensus,0.5528852343559265,0.9972111582756042,0.9701170120388269
eb4b5521-7b0e-412e-b178-709df889f70b,IT,Avdelingssjef Digitalisering,"Avdelingsleder, Avdelingsleder, Andre ledere av produksjon og tjenesteyting",KJELLER,http://data.europa.eu/esco/skill/ddc3119d-1d6e-4324-9125-a3380d299ac5,IT,exact,,1.0,
8dde91fd-ef4f-43fd-805b-87238b103653,Adobe Illustrator,Medarbeider TINE Digitaltrykk,"Trykker digitaltrykk, Trykker digitaltrykk, Trykkere, Digitaltrykker",OSLO,http://data.europa.eu/esco/skill/27b913f0-3c52-448b-ad27-fc6ef08fb326,Adobe Illustrator,exact,,1.0,
8dde91fd-ef4f-43fd-805b-87238b103653,Digitaltrykk,Medarbeider TINE Digitaltrykk,"Trykker digitaltrykk, Trykker digitaltrykk, Trykkere, Digitaltrykker",OSLO,http://data.europa.eu/esco/skill/094ef6aa-844f-44ce-8456-fdc49276bf58,digitaltrykk,exact,,1.0,
8dde91fd-ef4f-43fd-805b-87238b103653,Trykkeri,Medarbeider TINE Digitaltrykk,"Trykker digitaltrykk, Trykker digitaltrykk, Trykkere, Digitaltrykker",OSLO,http://data.europa.eu/esco/skill/094ef6aa-844f-44ce-8456-fdc49276bf58,digitaltrykk,digital_consensus,0.5366935133934021,0.9465936422348022,0.0019971728324890137
b0d11d00-dcee-429c-843b-484e37a8053b,AI,Grafisk Designer -- Merkevare og Emballasje,"Grafiske- og multimediadesignere, Grafisk designer, gravør",BODØ,http://data.europa.eu/esco/skill/e465a154-93f7-4973-9ce1-31659fe16dd2,prinsipper for kunstig intelligens,digital_consensus,0.5584366917610168,0.99960857629776,0.001320481300354004
b0d11d00-dcee-429c-843b-484e37a8053b,Grafisk designer,Grafisk Designer -- Merkevare og Emballasje,"Grafiske- og multimediadesignere, Grafisk designer, gravør",BODØ,http://data.europa.eu/esco/skill/7fb699d9-182a-430e-b7a0-6d8ed05c284b,grafisk design,digital_consensus,0.5649178624153137,0.9999366998672485,5.328655242919922e-05
b0d11d00-dcee-429c-843b-484e37a8053b,Nettsidedesign,Grafisk Designer -- Merkevare og Emballasje,"Grafiske- og multimediadesignere, Grafisk designer, gravør",BODØ,http://data.europa.eu/esco/skill/7fb699d9-182a-430e-b7a0-6d8ed05c284b,grafisk design,digital_consensus,0.6090530157089233,0.8599284291267395,0.05133873224258423
7ee89dc8-ff0a-4c84-8e4e-7e9bf563342e,SAS,Senior Ingeniør Automasjon,"Senior ingeniør automasjon, Senior ingeniør automasjon, Elektronikkingeniører",STAVANGER,http://data.europa.eu/esco/skill/04f1b938-d4d4-4cb1-a863-982af76b9d93,SAS-språk,digital_consensus,0.5080873370170593,0.9999748468399048,0.00015944242477416992
507c80e2-ccf9-43ae-aff8-4d22924c5c3a,Elektronikk,Kjell & Co (Amfi Vågen i Sandnes) søker selger!,"Selger, Selger, Butikkmedarbeidere",SANDNES,http://data.europa.eu/esco/skill/95c35c3a-035f-47c2-90cf-7e934d20fc08,elektronikk,exact,,1.0,
d65469b8-14b0-4399-b681-a240b70ea932,IT-sikkerhet,Vi søker deg som brenner for stabil drift og smarte IT-tjenester,"Systemadministrator, Systemadministrator, Systemadministratorer",OSLO,http://data.europa.eu/esco/skill/8088750d-8388-4170-a76f-48354c469c44,IT-sikkerhet,exact,,1.0,
d65469b8-14b0-4399-b681-a240b70ea932,Microsoft 365,Vi søker deg som brenner for stabil drift og smarte IT-tjenester,"Systemadministrator, Systemadministrator, Systemadministratorer",OSLO,http://data.europa.eu/esco/skill/f683ae1d-cb7c-4aa1-b9fe-205e1bd23535,bruke Microsoft Office,digital_consensus,0.5470774173736572,0.9996776580810547,0.0003491640090942383
ba4ba0e2-f96c-48b0-9aa4-617bc5f2fe5a,Elektronikk,Kjell & Co Kvadrat i Sandnes søker selger,"Selger, Selger, Butikkmedarbeidere",SANDNES,http://data.europa.eu/esco/skill/95c35c3a-035f-47c2-90cf-7e934d20fc08,elektronikk,exact,,1.0,
668e94ce-66ae-4313-a005-025e1b9255bb,Produktutvikling,Bygg neste generasjons løsninger i Innovasjon Norge,"Tjenestedesigner, Tjenestedesigner, Grafiske og multimediadesignere",OSLO,http://data.europa.eu/esco/skill/4f6b656a-54d0-48ce-9b55-ebcac5904a14,håndtere geospatiale teknologier,digital_consensus,0.6504983901977539,0.9169093370437622,0.013612568378448486
668e94ce-66ae-4313-a005-025e1b9255bb,UX,Bygg neste generasjons løsninger i Innovasjon Norge,"Tjenestedesigner, Tjenestedesigner, Grafiske og multimediadesignere",OSLO,http://data.europa.eu/esco/skill/07dd856d-6141-48a7-a228-918f88494812,UX,exact,,1.0,
1c2f6f80-bbca-490e-9ac9-3c2bafd3d29d,Digitalisering,Medarbeider innen økonomi og administrasjon søkes,"Regnskapsmedarbeidere, Økonomimedarbeider, Kontormedarbeidere, Administrasjonsmedarbeider, kontormedarbeider",EIDE,http://data.europa.eu/esco/skill/aa0d8201-5a8e-417f-81f4-c04601139582,digitalisering,exact,,1.0,
aebb6441-d413-447a-85ec-03ce5a0916df,Produktutvikling,Grøntfabrikken søker produksjonsmedarbeider med matfaglig bakgrunn,"Operatører innen næringsmiddelproduksjon, Produksjonsmedarbeider andre næringsmiddelprodukter, Operatører innen næringsmiddelproduksjon, Operatør innen næringsmiddelproduksjon, Operatører innen næringsmiddelproduksjon",FROSTA,http://data.europa.eu/esco/skill/4f6b656a-54d0-48ce-9b55-ebcac5904a14,håndtere geospatiale teknologier,digital_consensus,0.6504983901977539,0.9169093370437622,0.013612568378448486
280b92f9-77e7-4d33-aad4-5d0845c5b7aa,Elektronikk,Vil du utvikle deg i et sterkt fagmiljø innen signal og jernbane?,"Signalingeniør teleteknikk, Signalingeniør teleteknikk, Elektronikkingeniører",OSLO,http://data.europa.eu/esco/skill/95c35c3a-035f-47c2-90cf-7e934d20fc08,elektronikk,exact,,1.0,
280b92f9-77e7-4d33-aad4-5d0845c5b7aa,Kybernetikk,Vil du utvikle deg i et sterkt fagmiljø innen signal og jernbane?,"Signalingeniør teleteknikk, Signalingeniør teleteknikk, Elektronikkingeniører",OSLO,http://data.europa.eu/esco/skill/fc5818b4-66f9-498b-a1bc-ff651db2af68,kybernetikk,exact,,1.0,
8e261a6c-fe8f-4c30-85d0-db8c6e017529,Dataanalyse,Prosessingeniør - BioMar Karmøy,"Prosessingeniør, Prosessingeniør, Sivilingeniører (industri og produksjon)",AVALDSNES,http://data.europa.eu/esco/skill/97bd1c21-66b2-4b7e-ad0f-e3cda590e378,dataanalyse,exact,,1.0,
05e99a1f-a1aa-449b-a7a8-4b1cc09f70ca,AI,Join HMH in their quest to solve tomorrow’s challenges and innovate our future!,"Elektronikkingeniører, Automasjonsingeniør, Sivilingeniører (elektronikk);, PLC programmerer, tekniker, maskinvare",KRISTIANSAND S,http://data.europa.eu/esco/skill/e465a154-93f7-4973-9ce1-31659fe16dd2,prinsipper for kunstig intelligens,digital_consensus,0.5584366917610168,0.99960857629776,0.001320481300354004
05e99a1f-a1aa-449b-a7a8-4b1cc09f70ca,C#,Join HMH in their quest to solve tomorrow’s challenges and innovate our future!,"Elektronikkingeniører, Automasjonsingeniør, Sivilingeniører (elektronikk);, PLC programmerer, tekniker, maskinvare",KRISTIANSAND S,http://data.europa.eu/esco/skill/4c016b68-4116-468c-9dc6-42710c239e4a,C#,exact,,1.0,
05e99a1f-a1aa-449b-a7a8-4b1cc09f70ca,PLC,Join HMH in their quest to solve tomorrow’s challenges and innovate our future!,"Elektronikkingeniører, Automasjonsingeniør, Sivilingeniører (elektronikk);, PLC programmerer, tekniker, maskinvare",KRISTIANSAND S,http://data.europa.eu/esco/skill/6468e5fb-f3be-4025-87be-4b6556755c61,PLC,exact,,1.0,
05e99a1f-a1aa-449b-a7a8-4b1cc09f70ca,Programmering,Join HMH in their quest to solve tomorrow’s challenges and innovate our future!,"Elektronikkingeniører, Automasjonsingeniør, Sivilingeniører (elektronikk);, PLC programmerer, tekniker, maskinvare",KRISTIANSAND S,http://data.europa.eu/esco/skill/21d2f96d-35f7-4e3f-9745-c533d2dd6e97,dataprogrammering,digital_consensus,0.714440643787384,0.9188328981399536,0.2761046886444092
05e99a1f-a1aa-449b-a7a8-4b1cc09f70ca,Python,Join HMH in their quest to solve tomorrow’s challenges and innovate our future!,"Elektronikkingeniører, Automasjonsingeniør, Sivilingeniører (elektronikk);, PLC programmerer, tekniker, maskinvare",KRISTIANSAND S,http://data.europa.eu/esco/skill/ccd0a1d9-afda-43d9-b901-96344886e14d,Python,exact,,1.0,
06fdda3c-8892-4be5-9e2a-be059499d849,Systemdesign,Bli en nøkkelressurs i AFRYs vekst og industrisatsning på Herøya,"Senior ingeniør automasjon, Senior ingeniør automasjon, Elektronikkingeniører, Elektronikkingeniører, Automasjonsingeniør",PORSGRUNN,http://data.europa.eu/esco/skill/fae27053-8924-4bfd-b565-c9fe502044c9,systemdesign,exact,,1.0,
3ab41826-a244-4fdc-a07b-1269c1178e9f,elektronikk,Elkjøp Stavanger Sentrum søker Service Advisor,"Kundeservicekonsulent, Kundesentermedarbeidere, Butikkmedarbeidere, Kundeservicemedarbeider (salg), salgsassistent",STAVANGER,http://data.europa.eu/esco/skill/95c35c3a-035f-47c2-90cf-7e934d20fc08,elektronikk,exact,,1.0,
5d44a8eb-d9e3-4b15-ac04-67f3c86f2c45,Digital produksjon,Grafisk Designer,"Grafisk designer, Grafisk designer, Grafiske og multimediadesignere",ARNATVEIT,http://data.europa.eu/esco/skill/7fb699d9-182a-430e-b7a0-6d8ed05c284b,grafisk design,digital_consensus,0.6242372393608093,0.9427344799041748,0.10716265439987183
5d44a8eb-d9e3-4b15-ac04-67f3c86f2c45,Grafisk design,Grafisk Designer,"Grafisk designer, Grafisk designer, Grafiske og multimediadesignere",ARNATVEIT,http://data.europa.eu/esco/skill/7fb699d9-182a-430e-b7a0-6d8ed05c284b,grafisk design,exact,,1.0,
5d44a8eb-d9e3-4b15-ac04-67f3c86f2c45,Grafisk designer,Grafisk Designer,"Grafisk designer, Grafisk designer, Grafiske og multimediadesignere",ARNATVEIT,http://data.europa.eu/esco/skill/7fb699d9-182a-430e-b7a0-6d8ed05c284b,grafisk design,digital_consensus,0.5649178624153137,0.9999366998672485,5.328655242919922e-05
5d44a8eb-d9e3-4b15-ac04-67f3c86f2c45,Illustrator,Grafisk Designer,"Grafisk designer, Grafisk designer, Grafiske og multimediadesignere",ARNATVEIT,http://data.europa.eu/esco/skill/7fb699d9-182a-430e-b7a0-6d8ed05c284b,grafisk design,digital_consensus,0.6063029170036316,0.8326941728591919,0.0941084623336792
5d44a8eb-d9e3-4b15-ac04-67f3c86f2c45,Photoshop,Grafisk Designer,"Grafisk designer, Grafisk designer, Grafiske og multimediadesignere",ARNATVEIT,http://data.europa.eu/esco/skill/a71577b2-7550-4222-88ee-dcbd2d881516,programvare for redigering av grafikk,digital_consensus,0.576589822769165,0.8229382038116455,0.07634872198104858
8ac9dddf-4b69-4765-b604-5b2a09d8785b,Algoritmeutvikling,Data scientist,"Forsker datavitenskap, Forsker datavitenskap, Systemanalytikere/-arkitekter",OSLO,http://data.europa.eu/esco/skill/21d2f96d-35f7-4e3f-9745-c533d2dd6e97,dataprogrammering,digital_consensus,0.595890462398529,0.8244086503982544,0.8181548155844212
8ac9dddf-4b69-4765-b604-5b2a09d8785b,Maskinlæring,Data scientist,"Forsker datavitenskap, Forsker datavitenskap, Systemanalytikere/-arkitekter",OSLO,http://data.europa.eu/esco/skill/3a2d5b45-56e4-4f5a-a55a-4a4a65afdc43,maskinlæring,exact,,1.0,
8ac9dddf-4b69-4765-b604-5b2a09d8785b,Python,Data scientist,"Forsker datavitenskap, Forsker datavitenskap, Systemanalytikere/-arkitekter",OSLO,http://data.europa.eu/esco/skill/ccd0a1d9-afda-43d9-b901-96344886e14d,Python,exact,,1.0,
eba213e1-afbb-4a1e-8eaa-bf30f5623348,ERP,"Bli vår nye nøkkelspiller innen kundeservice, innesalg og backoffice!","Backoffice medarbeider, Kontormedarbeidere, Butikkmedarbeidere, Kundeservicemedarbeider (salg), salgsassistent",DRAMMEN,http://data.europa.eu/esco/skill/09f4c52b-ac72-4f0e-a8ae-78bb1d7bffba,transportprogramvare relatert til et ERP-system,digital_consensus,0.5528852343559265,0.9972111582756042,0.9701170120388269
dd1354c9-2437-47d2-833b-c07a0d72de72,M365-arkitekt,Bli vår Microsoft 365 Fagansvarlig,"Microsoft Office 365 utvikler, Microsoft Office 365 utvikler, Programvareutviklere",HAMAR,http://data.europa.eu/esco/skill/f683ae1d-cb7c-4aa1-b9fe-205e1bd23535,bruke Microsoft Office,digital_consensus,0.5360478758811951,0.9412837624549866,0.14363765716552734
dd1354c9-2437-47d2-833b-c07a0d72de72,Microsoft 365,Bli vår Microsoft 365 Fagansvarlig,"Microsoft Office 365 utvikler, Microsoft Office 365 utvikler, Programvareutviklere",HAMAR,http://data.europa.eu/esco/skill/f683ae1d-cb7c-4aa1-b9fe-205e1bd23535,bruke Microsoft Office,digital_consensus,0.5470774173736572,0.9996776580810547,0.0003491640090942383
dd1354c9-2437-47d2-833b-c07a0d72de72,PowerShell,Bli vår Microsoft 365 Fagansvarlig,"Microsoft Office 365 utvikler, Microsoft Office 365 utvikler, Programvareutviklere",HAMAR,http://data.europa.eu/esco/skill/21d2f96d-35f7-4e3f-9745-c533d2dd6e97,PowerShell,exact,,1.0,
fcd220d4-1a9c-4396-8d45-80b8143d6c42,Data Center Technician,Join Lefdal Mine Data Centers as Data Center Technician,"Computer Technician, Computer Technician, Driftsteknikere, IKT",KJØLSDALEN,http://data.europa.eu/esco/skill/c5ed451b-ef39-47a3-aee7-8f5be0aa8431,CA Datacom/DB,digital_consensus,0.5418828129768372,0.9980249404907227,0.0024355649948120117
fcd220d4-1a9c-4396-8d45-80b8143d6c42,Datasenter,Join Lefdal Mine Data Centers as Data Center Technician,"Computer Technician, Computer Technician, Driftsteknikere, IKT",KJØLSDALEN,http://data.europa.eu/esco/skill/21d2f96d-35f7-4e3f-9745-c533d2dd6e97,dataprogrammering,digital_consensus,0.5561807155609131,0.9656215906143188,0.010419487953186035
fcd220d4-1a9c-4396-8d45-80b8143d6c42,IT-tekniker,Join Lefdal Mine Data Centers as Data Center Technician,"Computer Technician, Computer Technician, Driftsteknikere, IKT",KJØLSDALEN,http://data.europa.eu/esco/skill/21d2f96d-35f7-4e3f-9745-c533d2dd6e97,dataprogrammering,digital_consensus,0.5668003559112549,0.9945306181907654,0.0016807913780212402
9950c694-6b4b-4538-9ae4-63c099a68f04,Kundesupport,Bli en del av teamet bak Årets Nettbutikk 2026!,"Nettbutikkmedarbeider, Nettbutikkmedarbeider, Telefon- og nettselgere",TRONDHEIM,http://data.europa.eu/esco/skill/db36f7f1-5900-45bd-9ffb-f2b19c4362ac,støtte IKT-systembrukere,digital_consensus,0.5482102036476135,0.9978213310241699,0.016304969787597656
ea4cbeee-9a19-499b-8002-40f6ece6ea34,Tekniske tegninger,Poszukujemy doswiadczonych ciesli konstrukcyjnych.,"Tømrer, Tømrer, Tømrere og snekkere",TRONDHEIM,http://data.europa.eu/esco/skill/59ea80e1-463a-4dba-82c6-d0b6d577d532,tekniske tegninger,exact,,1.0,
83e68f67-24e3-4a93-b11d-aad3aa631ac8,Elektronikk,Landbruksmekaniker/servicetekniker -- Norges kanskje viktigste yrke,"Landbruksmaskinmekaniker, Anleggsmaskin- og industrimekanikere, Andre ingeniører, Servicetekniker, servicetekniker, ettersalg",JAREN,http://data.europa.eu/esco/skill/95c35c3a-035f-47c2-90cf-7e934d20fc08,elektronikk,exact,,1.0,
ad98840e-11de-4132-ad5e-94e52703eabe,Elektronikk,Elkjøp Stavanger Sentrum søker Senior Service Advisor,"Kundeservicekonsulent, Kundeservicekonsulent, Kundesentermedarbeidere",STAVANGER,http://data.europa.eu/esco/skill/95c35c3a-035f-47c2-90cf-7e934d20fc08,elektronikk,exact,,1.0,
c8443256-7d35-45d0-86be-f1f152e09aa1,Servicedesk,Onitio Solutions søker positiv og løsningsorientert Servicedeskmedarbeider!,"Kontormedarbeidere, Servicemedarbeider (kontor og administrasjon), kontormedarbeider",BARKÅKER,http://data.europa.eu/esco/skill/83218cac-3599-417e-93d2-26013cdccd98,tjenesteorientert modellering,digital_consensus,0.5875956416130066,0.9992679953575134,0.0004526972770690918
a4eb8a5a-8357-4b4c-9e6a-fcfb2dd85eb7,Automatiker,Datasenter Tekniker søkes til CBRE i Oslo,"Andre ingeniører, Driftsteknikere, IKT, IKT-tekniker, Tekniker, Datatekniker",OSLO,http://data.europa.eu/esco/skill/7a950986-27fe-4b6c-adf3-88f211e77019,robotkomponenter,digital_consensus,0.6843463182449341,0.9831464886665344,0.0006955862045288086
a4eb8a5a-8357-4b4c-9e6a-fcfb2dd85eb7,Datasenter,Datasenter Tekniker søkes til CBRE i Oslo,"Andre ingeniører, Driftsteknikere, IKT, IKT-tekniker, Tekniker, Datatekniker",OSLO,http://data.europa.eu/esco/skill/21d2f96d-35f7-4e3f-9745-c533d2dd6e97,dataprogrammering,digital_consensus,0.5561807155609131,0.9656215906143188,0.010419487953186035
f53e402b-104f-4c44-ba44-134f500a324b,ERP,Vi søker en engasjert Production Planner,"Arbeidsleder, industri, Produksjonsplanlegger, mat, Sivilingeniører (industri og produksjon);, Produksjonsplanlegger mekanisk produksjon, Logistikkmedarbeidere, Logistiker, Transportfunksjonærer, Speditører og befraktere, Import-/eksportspesialist for fisk, skalldyr og bløtdyr",ÅLESUND,http://data.europa.eu/esco/skill/09f4c52b-ac72-4f0e-a8ae-78bb1d7bffba,transportprogramvare relatert til et ERP-system,digital_consensus,0.5528852343559265,0.9972111582756042,0.9701170120388269
525090c2-d957-497f-936f-bbeb6a4e1a50,Automatiker,Er du automatiker eller elektriker og ønsker en variert og spennende arbeidshverdag?,"Automatiker, Automatikere, Elektrikere, Elektriker, elektriker",MO I RANA,http://data.europa.eu/esco/skill/7a950986-27fe-4b6c-adf3-88f211e77019,robotkomponenter,digital_consensus,0.6843463182449341,0.9831464886665344,0.0006955862045288086
461afd5c-bc96-4461-9d1b-cc2da5f01bdf,Digitalisering,Seniorrådgiver -  Digital organisasjonsutvikling og informasjonssikkerhet,"IT-sikkerhetsrådgiver, Sikkerhetsanalytikere mv., Sikkerhetsanalytikere mv., Seniorrådgiver informasjonssikkerhet, Organisasjonsrådgivere mv., Organisasjonsrådgiver, Organisasjonsrådgivere mv., Organisasjonsrådgivere mv., Organisasjonsrådgiver IKT",BODØ,http://data.europa.eu/esco/skill/aa0d8201-5a8e-417f-81f4-c04601139582,digitalisering,exact,,1.0,
461afd5c-bc96-4461-9d1b-cc2da5f01bdf,Informasjonssikkerhet,Seniorrådgiver -  Digital organisasjonsutvikling og informasjonssikkerhet,"IT-sikkerhetsrådgiver, Sikkerhetsanalytikere mv., Sikkerhetsanalytikere mv., Seniorrådgiver informasjonssikkerhet, Organisasjonsrådgivere mv., Organisasjonsrådgiver, Organisasjonsrådgivere mv., Organisasjonsrådgivere mv., Organisasjonsrådgiver IKT",BODØ,http://data.europa.eu/esco/skill/8088750d-8388-4170-a76f-48354c469c44,informasjonssikkerhet,exact,,1.0,
461afd5c-bc96-4461-9d1b-cc2da5f01bdf,Microsoft 365,Seniorrådgiver -  Digital organisasjonsutvikling og informasjonssikkerhet,"IT-sikkerhetsrådgiver, Sikkerhetsanalytikere mv., Sikkerhetsanalytikere mv., Seniorrådgiver informasjonssikkerhet, Organisasjonsrådgivere mv., Organisasjonsrådgiver, Organisasjonsrådgivere mv., Organisasjonsrådgivere mv., Organisasjonsrådgiver IKT",BODØ,http://data.europa.eu/esco/skill/f683ae1d-cb7c-4aa1-b9fe-205e1bd23535,bruke Microsoft Office,digital_consensus,0.5470774173736572,0.9996776580810547,0.0003491640090942383
b102916c-12f0-462c-b184-1a0878da4af8,Automatiker,"Brenner du for tavlemateriell, kunderelasjoner og kvalitetsarbeid?","Salgs- og markedssjefer, Elektrikere, Automatikere, automasjonsingeniør, Produktsjef, Elektriker, Automatiker",BILLINGSTAD,http://data.europa.eu/esco/skill/7a950986-27fe-4b6c-adf3-88f211e77019,robotkomponenter,digital_consensus,0.6843463182449341,0.9831464886665344,0.0006955862045288086
3910c7b3-e714-4c4d-aa0c-f2a8700eccd5,IT,Er du prosjektcontroller og vil bidra til god økonomistyring i politiet?,"Prosjektcontroller, Prosjektcontroller, Revisorer og regnskapsrådgivere",OSLO,http://data.europa.eu/esco/skill/ddc3119d-1d6e-4324-9125-a3380d299ac5,IT,exact,,1.0,
3f1dec34-ebfe-4d71-9db6-b444be4a1c86,IT,"Fremtidens folkeregister – et hjem for oss, et hjem for deg? ","IKT Løsningsarkitekt, IKT Løsningsarkitekt, Programvareutviklere",OSLO,http://data.europa.eu/esco/skill/ddc3119d-1d6e-4324-9125-a3380d299ac5,IT,exact,,1.0,
3f1dec34-ebfe-4d71-9db6-b444be4a1c86,Systemutvikling,"Fremtidens folkeregister – et hjem for oss, et hjem for deg? ","IKT Løsningsarkitekt, IKT Løsningsarkitekt, Programvareutviklere",OSLO,http://data.europa.eu/esco/skill/21d2f96d-35f7-4e3f-9745-c533d2dd6e97,dataprogrammering,digital_consensus,0.6049041152000427,0.9194501638412476,0.19810181856155396
549e7529-485e-4050-8ad8-b090e2f9d4e6,SAP,"Bli med og sikre kvaliteten på Norges  avanserte stridskjøretøy

","Overingeniør teknisk drift, Overingeniør teknisk drift, Sivilingeniører (maskin- og marinteknikk)",KOLSÅS,http://data.europa.eu/esco/skill/f8e3425c-fe44-4ffb-bafe-0e20d91dadf4,SAP,exact,,1.0,
5970c1bc-90e1-433b-a3e8-dcbc93a232f4,Dataanalyse,"1181 Senioringeniør ved FG Dyphavsfisk, hai og skalldyr","Senioringeniør, Senioringeniør, Andre ingeniører",TROMSØ,http://data.europa.eu/esco/skill/97bd1c21-66b2-4b7e-ad0f-e3cda590e378,dataanalyse,exact,,1.0,
5970c1bc-90e1-433b-a3e8-dcbc93a232f4,R,"1181 Senioringeniør ved FG Dyphavsfisk, hai og skalldyr","Senioringeniør, Senioringeniør, Andre ingeniører",TROMSØ,http://data.europa.eu/esco/skill/51586df8-1c46-4b47-8583-773cb63bf00b,R,exact,,1.0,
5f95738f-7fd2-49f2-a439-53e6e4979ad5,endringsledelse,Vil du lede teknikerne som leverer og drifter politiets infrastruktur og applikasjoner?,"Personalsjefer, Personalleder, personalsjef",OSLO,http://data.europa.eu/esco/skill/bec4359e-cb92-468f-a997-8fb28e32fba9,Metoder innen IKT-prosjektledelse,digital_consensus,0.6423553824424744,0.8403087258338928,0.002162039279937744
605c008f-a1af-4135-8c17-944ed28fdae5,IT,Vil du bidra i utvikling av internkontroll i politiet?,"Jurister og advokater, Jurist, Rådgivere/forskere, samfunnsøkonomi, Økonom, Revisorer, regnskapsrådgivere, Revisor, Systemanalytikere/-arkitekter, IT-revisor (risikokontroll), IT-kontrollør",OSLO,http://data.europa.eu/esco/skill/ddc3119d-1d6e-4324-9125-a3380d299ac5,IT,exact,,1.0,
88c6930e-01dd-4299-8514-7da76e03d0ad,Digitalisering,Vi søker rådgiver innen  dokumentforvaltning,"Arkivarer og kuratorer, Dokumentforvalter, Bibliotekarer og andre informasjonsarbeidere, Rådgiver Dokumentasjon, Høyere saksbehandlere i offentlig og privat virksomhet, Rådgiver (offentlig administrasjon), Høyere saksbehandlere i offentlig og privat virksomhet",STEINKJER,http://data.europa.eu/esco/skill/aa0d8201-5a8e-417f-81f4-c04601139582,digitalisering,exact,,1.0,
88c6930e-01dd-4299-8514-7da76e03d0ad,Dokumentforvaltning,Vi søker rådgiver innen  dokumentforvaltning,"Arkivarer og kuratorer, Dokumentforvalter, Bibliotekarer og andre informasjonsarbeidere, Rådgiver Dokumentasjon, Høyere saksbehandlere i offentlig og privat virksomhet, Rådgiver (offentlig administrasjon), Høyere saksbehandlere i offentlig og privat virksomhet",STEINKJER,http://data.europa.eu/esco/skill/bec4359e-cb92-468f-a997-8fb28e32fba9,Metoder innen IKT-prosjektledelse,digital_consensus,0.5678485035896301,0.9981982111930847,0.00032395124435424805
8fbec83b-7de7-4004-8ffe-91025a0dcbca,Dataanalyse,Nysgjerrig på verdensrommet? Bli med på utviklingen av Forsvarets romoperasjoner,"Høyere saksbehandlere i offentlig og privat virksomhet, Etterretningsanalytiker (kriminelle handlinger)",OSLO,http://data.europa.eu/esco/skill/97bd1c21-66b2-4b7e-ad0f-e3cda590e378,dataanalyse,exact,,1.0,
aeb1ca8d-debf-44cd-9102-713af1bcc8c0,Hjelpemidler,"Sosial, humørfylt jente på 17 år søker BPA-assistenter i skole / hjemme.","Brukerstyrt personlig assistent (BPA), Brukerstyrt personlig assistent (BPA), Hjemmehjelper",RANHEIM,http://data.europa.eu/esco/skill/8759c352-8b00-498f-985a-935f13e1b043,hjelpemidler,exact,,1.0,
b51d65a6-2b38-46cb-8738-509616f59f81,LIS,Lege i spesialisering,"Allmennpraktiserende leger, Lege i spesialisering, Legespesialister",ARENDAL,http://data.europa.eu/esco/skill/0cd6dcf1-5778-42a5-b685-4d01ae4a4871,Common Lisp,digital_consensus,0.6051489114761353,0.999724805355072,0.0015864968299865723
b92dfbce-ef5e-41d3-a1ef-080ecdea6517,Formidler,Ledig stilling 50 % som bibliotekar / formidler ,"Bibliotekar, Bibliotekar, Bibliotekarer og andre informasjonsarbeidere",LODDEFJORD,http://data.europa.eu/esco/skill/c1b4aa1e-bc42-49e4-952a-0cbd45f1d57b,museumsdatabaser,digital_consensus,0.5396400094032288,0.9468321204185486,0.012321650981903076
be4504b8-28b3-4102-af2e-07babdf3c1d9,Digitalisering,Seksjonsleiar - senter for kliniske fagsystem,"Ledere av helsetjenester, Avdelingsleder innen helsetjenester, Ledere av helsetjenester, Ledere av helsetjenester, Avdelingsleder ved sykehus",FØRDE,http://data.europa.eu/esco/skill/aa0d8201-5a8e-417f-81f4-c04601139582,digitalisering,exact,,1.0,
c3fbd65f-3556-4770-a128-43c1c8d83fb8,LIS3,Fast stilling for LIS3 - Nevrologi,"Allmennpraktiserende leger, Lege i spesialisering, Legespesialister",FØRDE,http://data.europa.eu/esco/skill/0cd6dcf1-5778-42a5-b685-4d01ae4a4871,Common Lisp,digital_consensus,0.5861812233924866,0.999950647354126,3.814697265625e-06
d1d51497-dd3e-4f08-9190-2bd977038d9e,Hjelpemidler,Er du glad i barn og ønsker du en meningsfull jobb? Jeg er en jente på 8 år som søker etter deg!,"Helsefagarbeider, Helsefagarbeidere, Hjemmehjelper, BPA Personlig assistent, Vernepleiere, Vernepleier, Sykepleiere, Sykepleier, Barnehage- og skolefritidsassistenter mv., Barne- og ungdomsarbeider, ungdomskonsulent",OS,http://data.europa.eu/esco/skill/8759c352-8b00-498f-985a-935f13e1b043,hjelpemidler,exact,,1.0,
d7c066e4-9651-40e7-805c-a1c1732c6d7b,Hjelpemidler,"Ergoterapeut, 100% fast stilling","Ergoterapeut, Ergoterapeut, Ergoterapeuter",HAUGESUND,http://data.europa.eu/esco/skill/8759c352-8b00-498f-985a-935f13e1b043,hjelpemidler,exact,,1.0,
ddbea419-ddcb-42fd-889a-0168961cea68,Hendelseshåndtering,Vil du lede og videreutvikle sikkerhets- og beredskapsarbeidet i ett av Norges største IT-miljøer? ,"Sikkerhetsrådgiver (helse, miljø og driftssikkerhet), Sikkerhetsrådgiver (helse, miljø og driftssikkerhet), Andre ingeniører",OSLO,http://data.europa.eu/esco/skill/8181aa4c-42bc-4036-a3d2-5cb6bbb34239,håndtere cybersikkerhetshendelser,digital_consensus,0.670574963092804,0.9964136481285095,0.011377155780792236
ddbea419-ddcb-42fd-889a-0168961cea68,IT-sikkerhet,Vil du lede og videreutvikle sikkerhets- og beredskapsarbeidet i ett av Norges største IT-miljøer? ,"Sikkerhetsrådgiver (helse, miljø og driftssikkerhet), Sikkerhetsrådgiver (helse, miljø og driftssikkerhet), Andre ingeniører",OSLO,http://data.europa.eu/esco/skill/8088750d-8388-4170-a76f-48354c469c44,IT-sikkerhet,exact,,1.0,
87747dfd-c028-47e2-9e8c-6d02cacd083f,Kundesupport,Vil du være med å utvikle fremtidens materialløsninger i en internasjonal industribedrift?,"Kvalitetsansvarlig, Andre administrative ledere, Andre administrative ledere, Annen administrativ leder, Andre administrative ledere",SUNNDALSØRA,http://data.europa.eu/esco/skill/db36f7f1-5900-45bd-9ffb-f2b19c4362ac,støtte IKT-systembrukere,digital_consensus,0.5482102036476135,0.9978213310241699,0.016304969787597656
87747dfd-c028-47e2-9e8c-6d02cacd083f,Produktutvikling,Vil du være med å utvikle fremtidens materialløsninger i en internasjonal industribedrift?,"Kvalitetsansvarlig, Andre administrative ledere, Andre administrative ledere, Annen administrativ leder, Andre administrative ledere",SUNNDALSØRA,http://data.europa.eu/esco/skill/4f6b656a-54d0-48ce-9b55-ebcac5904a14,håndtere geospatiale teknologier,digital_consensus,0.6504983901977539,0.9169093370437622,0.013612568378448486
4e65174f-cd2a-4b39-a3d0-212705379d47,Telecom,Prosjektingeniør- Telecom,"Elektronikkingeniører, Prosjektingeniør elektronikk og telekommunikasjon, Elektronikkingeniører",BLOMSTERDALEN,http://data.europa.eu/esco/skill/14764a75-3104-4875-ba1d-57c059b9b013,telekommunikasjonsteknikk,digital_consensus,0.5549701452255249,0.9992813467979431,0.0044498443603515625
a7edb991-f68c-4098-a00c-bd6eec563b18,Adobe Creative Suite,"Create content that inspires, informs and strengthens Nammo's global brand.","Web Producer, Nett- og multimediautviklere, Reklame- og markedsføringsrådgivere, Digital innholdsprodusent, Reklame- og markedsføringsrådgivere, Markedsføringskonsulent, markedsføringskonsulent",RAUFOSS,http://data.europa.eu/esco/skill/719d8699-a221-4b5a-8fc3-68a8645cbe03,adobe creative suite,exact,,1.0,
a7edb991-f68c-4098-a00c-bd6eec563b18,Grafisk design,"Create content that inspires, informs and strengthens Nammo's global brand.","Web Producer, Nett- og multimediautviklere, Reklame- og markedsføringsrådgivere, Digital innholdsprodusent, Reklame- og markedsføringsrådgivere, Markedsføringskonsulent, markedsføringskonsulent",RAUFOSS,http://data.europa.eu/esco/skill/7fb699d9-182a-430e-b7a0-6d8ed05c284b,grafisk design,exact,,1.0,
ccd1ba48-57ab-4074-93fd-39ea902fc60b,LIS3,Klar for spesialisering? Bli vår nye LIS3 i barne- og ungdomspsykiatri!,"Allmennpraktiserende leger, Lege i spesialisering, Legespesialister, Lege i spesialisering i psykiatri, spesiallege",HAUGESUND,http://data.europa.eu/esco/skill/0cd6dcf1-5778-42a5-b685-4d01ae4a4871,Common Lisp,digital_consensus,0.5861812233924866,0.999950647354126,3.814697265625e-06
9685ed5f-cb5e-4712-9c4e-38b227966728,Digitalisering,Vil du bygge digitale løsninger for Oslo kommunes eiendomsportefølje?,"PC Power User SIZ, Brukerstøttere, IKT, Systemanalytikere/-arkitekter, Utvikler av intelligente IKT-systemer, utvikler av IKT-intelligenssystemer",OSLO,http://data.europa.eu/esco/skill/aa0d8201-5a8e-417f-81f4-c04601139582,digitalisering,exact,,1.0,
9685ed5f-cb5e-4712-9c4e-38b227966728,IT,Vil du bygge digitale løsninger for Oslo kommunes eiendomsportefølje?,"PC Power User SIZ, Brukerstøttere, IKT, Systemanalytikere/-arkitekter, Utvikler av intelligente IKT-systemer, utvikler av IKT-intelligenssystemer",OSLO,http://data.europa.eu/esco/skill/ddc3119d-1d6e-4324-9125-a3380d299ac5,IT,exact,,1.0,
9685ed5f-cb5e-4712-9c4e-38b227966728,Systemutvikler,Vil du bygge digitale løsninger for Oslo kommunes eiendomsportefølje?,"PC Power User SIZ, Brukerstøttere, IKT, Systemanalytikere/-arkitekter, Utvikler av intelligente IKT-systemer, utvikler av IKT-intelligenssystemer",OSLO,http://data.europa.eu/esco/skill/21d2f96d-35f7-4e3f-9745-c533d2dd6e97,dataprogrammering,digital_consensus,0.6546458005905151,0.9988632202148438,0.002029597759246826
2e606061-633a-429a-b191-fddc3f81440a,Dataanalytiker,Vil du bruke data til å skape bedre kundeopplevelser og smartere beslutninger?,"Systemanalytikere/-arkitekter, Dataanalytiker, dataanalytiker",LYSAKER,http://data.europa.eu/esco/skill/3ec2e4d6-7000-4905-bf1a-c5b1679416de,datavarehus,digital_consensus,0.6028291583061218,0.9999380111694336,1.7881393432617188e-06
2e606061-633a-429a-b191-fddc3f81440a,Dataplattform,Vil du bruke data til å skape bedre kundeopplevelser og smartere beslutninger?,"Systemanalytikere/-arkitekter, Dataanalytiker, dataanalytiker",LYSAKER,http://data.europa.eu/esco/skill/3ec2e4d6-7000-4905-bf1a-c5b1679416de,datavarehus,digital_consensus,0.5975717306137085,0.9994984865188599,0.0007398128509521484
2e606061-633a-429a-b191-fddc3f81440a,Python,Vil du bruke data til å skape bedre kundeopplevelser og smartere beslutninger?,"Systemanalytikere/-arkitekter, Dataanalytiker, dataanalytiker",LYSAKER,http://data.europa.eu/esco/skill/ccd0a1d9-afda-43d9-b901-96344886e14d,Python,exact,,1.0,
412b1ab4-132d-4fad-9e65-737a4b3b0181,Automatiker,"Vil du jobbe tett på anlegg og prosess -- og være den som sørger for at alt går som det skal, hver dag?","Automatikere, Automatiker, automasjonsingeniør",GAMLE FREDRIKSTAD,http://data.europa.eu/esco/skill/7a950986-27fe-4b6c-adf3-88f211e77019,robotkomponenter,digital_consensus,0.6843463182449341,0.9831464886665344,0.0006955862045288086
d2e845e1-b076-422f-a7ec-0f5b0d5a5a21,Business analyst,Vil du skape innsikt gjennom tall? IKEA Forus søker Business Navigation Analyst,"Forretningsanalytiker, Forretningsanalytiker, Finansanalytikere",SANDNES,http://data.europa.eu/esco/skill/143769cb-b61e-47d8-a61e-eedfbec1016c,analyse av forretningsdata,digital_consensus,0.568411111831665,0.9990353584289551,0.0018198490142822266
fe81602a-e253-4e57-b282-d81e78dc7040,Spesialingeniør,Spesialingeniør/spesialbioingeniør med IKT fagansvar,"Programvareutvikler, Programvareutviklere, Bioingeniører, Overbioingeniør, bioingeniør",BERGEN,http://data.europa.eu/esco/skill/89f6560b-2194-45c9-9ece-d33049a73eef,datateknikk,digital_consensus,0.5135436058044434,0.9858711361885071,0.005889534950256348
738a76c8-7542-4b49-adff-3a29467945fa,Business intelligence,Vil du omsette data til innsikt som påvirker beslutninger i Storebrand?,"Dataanalytiker, Dataanalytiker, Systemanalytikere/-arkitekter",LYSAKER,http://data.europa.eu/esco/skill/143769cb-b61e-47d8-a61e-eedfbec1016c,business intelligence,exact,,1.0,
738a76c8-7542-4b49-adff-3a29467945fa,Dataanalytiker,Vil du omsette data til innsikt som påvirker beslutninger i Storebrand?,"Dataanalytiker, Dataanalytiker, Systemanalytikere/-arkitekter",LYSAKER,http://data.europa.eu/esco/skill/3ec2e4d6-7000-4905-bf1a-c5b1679416de,datavarehus,digital_consensus,0.6028291583061218,0.9999380111694336,1.7881393432617188e-06
738a76c8-7542-4b49-adff-3a29467945fa,Python,Vil du omsette data til innsikt som påvirker beslutninger i Storebrand?,"Dataanalytiker, Dataanalytiker, Systemanalytikere/-arkitekter",LYSAKER,http://data.europa.eu/esco/skill/ccd0a1d9-afda-43d9-b901-96344886e14d,Python,exact,,1.0,
738a76c8-7542-4b49-adff-3a29467945fa,R,Vil du omsette data til innsikt som påvirker beslutninger i Storebrand?,"Dataanalytiker, Dataanalytiker, Systemanalytikere/-arkitekter",LYSAKER,http://data.europa.eu/esco/skill/51586df8-1c46-4b47-8583-773cb63bf00b,R,exact,,1.0,
45de2045-f034-4b3e-b21a-3449f1dbd345,CT,Er du radiograf med interesse for CT?,"Radiograf, Radiograf, Radiografer mv.",LØRENSKOG,http://data.europa.eu/esco/skill/21d2f96d-35f7-4e3f-9745-c533d2dd6e97,cT,exact,,1.0,
0fc0f91b-d29a-4c82-808a-bc358553349c,Arkitektur,"Vil du forme teknologi, arkitektur og digitale løsninger for samfunnskritiske tjenester i helse og beredskap?","IT arkitekt, IT arkitekt, Systemanalytikere/-arkitekter",GJØVIK,http://data.europa.eu/esco/skill/c453cf81-6197-428e-84c6-70c773b63f27,Arkitektoniske IKT-rammeverk,digital_consensus,0.5593475699424744,0.9923986792564392,0.11609482765197754
0fc0f91b-d29a-4c82-808a-bc358553349c,Digitalisering,"Vil du forme teknologi, arkitektur og digitale løsninger for samfunnskritiske tjenester i helse og beredskap?","IT arkitekt, IT arkitekt, Systemanalytikere/-arkitekter",GJØVIK,http://data.europa.eu/esco/skill/aa0d8201-5a8e-417f-81f4-c04601139582,digitalisering,exact,,1.0,
0fc0f91b-d29a-4c82-808a-bc358553349c,IT-arkitekt,"Vil du forme teknologi, arkitektur og digitale løsninger for samfunnskritiske tjenester i helse og beredskap?","IT arkitekt, IT arkitekt, Systemanalytikere/-arkitekter",GJØVIK,http://data.europa.eu/esco/skill/c453cf81-6197-428e-84c6-70c773b63f27,Arkitektoniske IKT-rammeverk,digital_consensus,0.6209890842437744,0.9999566078186035,0.00011587142944335938
0fc0f91b-d29a-4c82-808a-bc358553349c,Informasjonssikkerhet,"Vil du forme teknologi, arkitektur og digitale løsninger for samfunnskritiske tjenester i helse og beredskap?","IT arkitekt, IT arkitekt, Systemanalytikere/-arkitekter",GJØVIK,http://data.europa.eu/esco/skill/8088750d-8388-4170-a76f-48354c469c44,informasjonssikkerhet,exact,,1.0,
dcfca952-a527-404c-adc3-cfb16f5c98d0,elektronikk,Elkjøp Ski søker Service Advisor i 20% og 60%,"Kundeservicekonsulent, Kundesentermedarbeidere, Butikkmedarbeidere, Butikkmedarbeider, butikkmedarbeider",SKI,http://data.europa.eu/esco/skill/95c35c3a-035f-47c2-90cf-7e934d20fc08,elektronikk,exact,,1.0,
da391254-a027-44e4-a059-99e85a6eba46,ERP,Bli vår nye innkjøper?,"Innkjøper, Innkjøper, Innkjøpere",TROMSØ,http://data.europa.eu/esco/skill/09f4c52b-ac72-4f0e-a8ae-78bb1d7bffba,transportprogramvare relatert til et ERP-system,digital_consensus,0.5528852343559265,0.9972111582756042,0.9701170120388269
4e7e7117-a1c2-4a87-b7fa-6fc26efb1e6e,AI Governance,Seniorkonsulent Data Governance og AI Governance \| Consulting \| Oslo,"Andre sivilingeniører (unntatt elektroteknologi);, Seniorkonsulent (andre sivilingeniører), Andre sivilingeniører (unntatt elektroteknologi)",OSLO,http://data.europa.eu/esco/skill/e465a154-93f7-4973-9ce1-31659fe16dd2,prinsipper for kunstig intelligens,digital_consensus,0.5793181657791138,0.9866042137145996,0.00828021764755249
4e7e7117-a1c2-4a87-b7fa-6fc26efb1e6e,Informasjonssikkerhet,Seniorkonsulent Data Governance og AI Governance \| Consulting \| Oslo,"Andre sivilingeniører (unntatt elektroteknologi);, Seniorkonsulent (andre sivilingeniører), Andre sivilingeniører (unntatt elektroteknologi)",OSLO,http://data.europa.eu/esco/skill/8088750d-8388-4170-a76f-48354c469c44,informasjonssikkerhet,exact,,1.0,
c8f0ba7c-df93-4ceb-ab0c-65d631d3006b,Kybernetikk,Vil du være med å automatisere fremtidens vann- og avløpsanlegg ?,"Elektronikkingeniører, Automasjonsingeniør, tekniker, instrumentering",OSLO,http://data.europa.eu/esco/skill/fc5818b4-66f9-498b-a1bc-ff651db2af68,kybernetikk,exact,,1.0,
89a54b5d-69ee-4f97-a255-b644f0369f60,Produktspesialist,Vil du jobbe med banebrytende teknologi og bidra til bedre pasientbehandling?,"Produktspesialist, Produktspesialist, Reklame- og markedsføringsrådgivere",LYSAKER,http://data.europa.eu/esco/skill/21d2f96d-35f7-4e3f-9745-c533d2dd6e97,dataprogrammering,digital_consensus,0.5442332625389099,0.9931126236915588,1.3828277587890625e-05
2c0d2edf-9137-4308-a86a-4361a0bbfe06,ERP,Salg- og prosjektingeniør -- Zewo Chemicals AS,"Prosjektingeniør, Prosjektingeniør, Andre sivilingeniører( unntatt elektroteknologi)",HAREID,http://data.europa.eu/esco/skill/09f4c52b-ac72-4f0e-a8ae-78bb1d7bffba,transportprogramvare relatert til et ERP-system,digital_consensus,0.5528852343559265,0.9972111582756042,0.9701170120388269
2ff6d7f8-723e-4d3b-9743-5be6a695b866,CAD,Want to turn ideas into production-ready machines?,"Senior maskiningeniør, Senior maskiningeniør, Maskiningeniører",OSLO,http://data.europa.eu/esco/skill/9ba355be-f119-42b6-a7d6-52f6ce2e4a3f,utforme kretser ved hjelp av CAD,digital_consensus,0.6348830461502075,0.9999152421951294,0.8251167237758636
2ff6d7f8-723e-4d3b-9743-5be6a695b866,Produktutvikling,Want to turn ideas into production-ready machines?,"Senior maskiningeniør, Senior maskiningeniør, Maskiningeniører",OSLO,http://data.europa.eu/esco/skill/4f6b656a-54d0-48ce-9b55-ebcac5904a14,håndtere geospatiale teknologier,digital_consensus,0.6504983901977539,0.9169093370437622,0.013612568378448486
d9ecda5f-fb3b-48bb-a801-51fd852eed68,Digitalisering,Seniorkonsulent Program Risk Management \| Consulting \| Oslo,"Finansanalytikere, Seniorkonsulent markedsanalyse, Finansanalytikere, Seniorkonsulent forretningsutvikling, Systemanalytikere/-arkitekter, Seniorkonsulent data, IKT-konsulent",OSLO,http://data.europa.eu/esco/skill/aa0d8201-5a8e-417f-81f4-c04601139582,digitalisering,exact,,1.0,
ea9ddcd6-dda7-4dc8-9532-1bbbfce0fd37,Dataplattform,Lead Data Engineer,"Dataingeniør, Dataingeniør, Sivilingeniører (elektronikk)",OSLO,http://data.europa.eu/esco/skill/3ec2e4d6-7000-4905-bf1a-c5b1679416de,datavarehus,digital_consensus,0.5975717306137085,0.9994984865188599,0.0007398128509521484
ea9ddcd6-dda7-4dc8-9532-1bbbfce0fd37,IT,Lead Data Engineer,"Dataingeniør, Dataingeniør, Sivilingeniører (elektronikk)",OSLO,http://data.europa.eu/esco/skill/ddc3119d-1d6e-4324-9125-a3380d299ac5,IT,exact,,1.0,
3761a998-28cd-46e5-ab82-a644edec813d,Automatiker,Ode Processing søker tekniker,"Tekniker, Tekniker, Andre ingeniører",VARTDAL,http://data.europa.eu/esco/skill/7a950986-27fe-4b6c-adf3-88f211e77019,robotkomponenter,digital_consensus,0.6843463182449341,0.9831464886665344,0.0006955862045288086
672ef765-cb90-4558-be43-97ff1eb474ab,Arkitektur,"Vil du jobbe med arkitektur, areal og byplanlegging?","Sivilarkitekter, Arkitekt detaljeplanlegging og byggutførelsesplanlegging",OSLO,http://data.europa.eu/esco/skill/c453cf81-6197-428e-84c6-70c773b63f27,Arkitektoniske IKT-rammeverk,digital_consensus,0.5593475699424744,0.9923986792564392,0.11609482765197754
1476cb14-e5c3-4634-80be-3d9959c2d61b,Produktutvikling,Vil du utvikle nye forretningsmuligheter?,"Salgs- og markedssjefer, Leder forretningsutvikling, marketingsjef",HAREID,http://data.europa.eu/esco/skill/4f6b656a-54d0-48ce-9b55-ebcac5904a14,håndtere geospatiale teknologier,digital_consensus,0.6504983901977539,0.9169093370437622,0.013612568378448486
295d60bd-7281-4966-9838-bb0dab9d9bc2,Elektronikk,Elkjøp Nordre Gate søker Selgere (deltid),"Sales Advisor, Andre salgsmedarbeidere",TRONDHEIM,http://data.europa.eu/esco/skill/95c35c3a-035f-47c2-90cf-7e934d20fc08,elektronikk,exact,,1.0,
2e5bb08d-84d3-4329-9f12-2e7b5fc03d3c,Datasenter,"Ønsker du å bidra i prosjekter som datasentre, akvakultur, renseanlegg, næringsmiddel og energi?","Sivilingeniører (elektronikk);, Seniorrådgiver (sivilingeniør, elektronikk), elektronikkingeniør",OSLO,http://data.europa.eu/esco/skill/21d2f96d-35f7-4e3f-9745-c533d2dd6e97,dataprogrammering,digital_consensus,0.5561807155609131,0.9656215906143188,0.010419487953186035
8b16218b-e06c-40d7-ab5d-2a0f8683417c,IT,Build your career in Enterprise Service Management by joining Deloitte’s ServiceNow Team!,"Reklame- og markedsføringsrådgivere, Konsulent (forretningsutvikling), Organisasjonsrådgivere mv., BI (Business intelligence) Consultant, sjef for virksomhetsetterretning",OSLO,http://data.europa.eu/esco/skill/ddc3119d-1d6e-4324-9125-a3380d299ac5,IT,exact,,1.0,
8b16218b-e06c-40d7-ab5d-2a0f8683417c,ServiceNow,Build your career in Enterprise Service Management by joining Deloitte’s ServiceNow Team!,"Reklame- og markedsføringsrådgivere, Konsulent (forretningsutvikling), Organisasjonsrådgivere mv., BI (Business intelligence) Consultant, sjef for virksomhetsetterretning",OSLO,http://data.europa.eu/esco/skill/83218cac-3599-417e-93d2-26013cdccd98,tjenesteorientert modellering,digital_consensus,0.6124618053436279,0.9994834661483765,0.0002288222312927246
0eeaa31c-042e-4abb-a340-2aa0439327de,ERP,Do you want to be part of the transition to cleaner energy? Join our team as a Business Controller.,"Finans- og investeringsrådgivere, Business Controller, Business Controller",TANANGER,http://data.europa.eu/esco/skill/09f4c52b-ac72-4f0e-a8ae-78bb1d7bffba,transportprogramvare relatert til et ERP-system,digital_consensus,0.5528852343559265,0.9972111582756042,0.9701170120388269
0eeaa31c-042e-4abb-a340-2aa0439327de,controller,Do you want to be part of the transition to cleaner energy? Join our team as a Business Controller.,"Finans- og investeringsrådgivere, Business Controller, Business Controller",TANANGER,http://data.europa.eu/esco/skill/bf942c60-8539-4951-83ee-63f770da1cb8,programmere en CNC-kontroller,digital_consensus,0.6273438930511475,0.9980813264846802,0.0004451274871826172
1dc69e6c-4659-4ec8-9ef7-de72dcd8dc2e,Kontrollsystemer,Project engineer subsea control systems - 28424,"Ingeniører innen petroleum, bergverk og metallurgi, Undervannsingeniør, Undervannsingeniør",STAVANGER,http://data.europa.eu/esco/skill/4ff549c3-daa5-4def-9916-301c7bdf13b8,kontrollsystemer,exact,,1.0,
60b7bb4d-d4ea-4b7a-a824-132fb2c8e94b,DevOps,Integrasjonsutvikler,"Programvareutviklere, Systemanalytikere/-arkitekter, utvikler av IKT-intelligenssystemer, DevOps-ingeniør, Utvikler av intelligente IKT-systemer",OSLO,http://data.europa.eu/esco/skill/f0de4973-0a70-4644-8fd4-3a97080476f4,DevOps,exact,,1.0,
60b7bb4d-d4ea-4b7a-a824-132fb2c8e94b,IT,Integrasjonsutvikler,"Programvareutviklere, Systemanalytikere/-arkitekter, utvikler av IKT-intelligenssystemer, DevOps-ingeniør, Utvikler av intelligente IKT-systemer",OSLO,http://data.europa.eu/esco/skill/ddc3119d-1d6e-4324-9125-a3380d299ac5,IT,exact,,1.0,
ace1b2f5-42b2-458d-beef-145aed136907,Chef,Chef in rotation 100% permanent position from 02.10.26  - På Taket Kafé AS,"A la carte Chef, Restaurantsjefer, Kokker, Kokk, kokk",SØRKJOSEN,http://data.europa.eu/esco/skill/49f85a99-086c-45b6-a6fa-eb90305af7b1,Chef (verktøy for programvarekonfigurasjonsstyring),digital_consensus,0.5692918300628662,0.9998630285263062,0.00815129280090332
3d843b91-a2a6-476b-8869-d18ab90d5346,Chef,Asian cook/chef,"Kokk restaurant, Kokk restaurant, Kokker",OSLO,http://data.europa.eu/esco/skill/49f85a99-086c-45b6-a6fa-eb90305af7b1,Chef (verktøy for programvarekonfigurasjonsstyring),digital_consensus,0.5692918300628662,0.9998630285263062,0.00815129280090332
be3ac58e-1e56-42a6-a1a9-cde94b79a04a,Elektronikk,Avdelingsleder,"Avdelingsleder, Avdelingsleder, Andre ledere av produksjon og tjenesteyting, Avdelingsansvarlig",ARENDAL,http://data.europa.eu/esco/skill/95c35c3a-035f-47c2-90cf-7e934d20fc08,elektronikk,exact,,1.0,
fb313d99-55ed-45c2-83d7-f449ce34ac98,Automatiker,Vi søker Elektrikere og Automatikere til spennende selskap i industrien!,"Elektriker, Elektrikere, Automatikere, Automatiker, automasjonsingeniør",BRYNE,http://data.europa.eu/esco/skill/7a950986-27fe-4b6c-adf3-88f211e77019,robotkomponenter,digital_consensus,0.6843463182449341,0.9831464886665344,0.0006955862045288086
01524899-aea5-49c3-9c25-9a8c90b05a7f,DevOps,Senior Infrastrukturutvikler Linux ,"Senior Linux System Administrator, Senior Linux System Administrator, Systemadministratorer",OSLO,http://data.europa.eu/esco/skill/f0de4973-0a70-4644-8fd4-3a97080476f4,DevOps,exact,,1.0,
01524899-aea5-49c3-9c25-9a8c90b05a7f,Python,Senior Infrastrukturutvikler Linux ,"Senior Linux System Administrator, Senior Linux System Administrator, Systemadministratorer",OSLO,http://data.europa.eu/esco/skill/ccd0a1d9-afda-43d9-b901-96344886e14d,Python,exact,,1.0,
126a9ac7-c087-4fa6-b271-8dca7b9a60e0,Digitalisering,Power Plattform utvikler,"Plattform Manager, Systemanalytikere/-arkitekter, Systemanalytikere/-arkitekter, Systemutvikler, IKT-systemutvikler",OSLO,http://data.europa.eu/esco/skill/aa0d8201-5a8e-417f-81f4-c04601139582,digitalisering,exact,,1.0,
126a9ac7-c087-4fa6-b271-8dca7b9a60e0,IT,Power Plattform utvikler,"Plattform Manager, Systemanalytikere/-arkitekter, Systemanalytikere/-arkitekter, Systemutvikler, IKT-systemutvikler",OSLO,http://data.europa.eu/esco/skill/ddc3119d-1d6e-4324-9125-a3380d299ac5,IT,exact,,1.0,
1e9fddfe-82e7-48f3-a478-322aae0d445d,LIS,Lege i spesialisering,"Lege i spesialisering (LIS2), Lege i spesialisering (LIS2), Allmennpraktiserende leger",ARENDAL,http://data.europa.eu/esco/skill/0cd6dcf1-5778-42a5-b685-4d01ae4a4871,Common Lisp,digital_consensus,0.6051489114761353,0.999724805355072,0.0015864968299865723
25e60acd-9d8c-4d6c-b33c-321c6e87d4af,GDPR,Vil du bli vår nye IT-rådgiver?,"IT-konsulent, IT-konsulent, Systemanalytikere/-arkitekter, Rådgiver IKT",TØNSBERG,http://data.europa.eu/esco/skill/d3e9b00a-0891-4fa8-836d-8240ec3d2758,GDPR,exact,,1.0,
25e60acd-9d8c-4d6c-b33c-321c6e87d4af,Microsoft 365,Vil du bli vår nye IT-rådgiver?,"IT-konsulent, IT-konsulent, Systemanalytikere/-arkitekter, Rådgiver IKT",TØNSBERG,http://data.europa.eu/esco/skill/f683ae1d-cb7c-4aa1-b9fe-205e1bd23535,bruke Microsoft Office,digital_consensus,0.5470774173736572,0.9996776580810547,0.0003491640090942383
25e60acd-9d8c-4d6c-b33c-321c6e87d4af,informasjonssikkerhet,Vil du bli vår nye IT-rådgiver?,"IT-konsulent, IT-konsulent, Systemanalytikere/-arkitekter, Rådgiver IKT",TØNSBERG,http://data.europa.eu/esco/skill/8088750d-8388-4170-a76f-48354c469c44,informasjonssikkerhet,exact,,1.0,
3078ccba-2676-4ec4-911c-b9acbaf375d6,Digitalisering,Produkteier integrasjoner,"Ledere av IKT-enheter, Produkteier, Produkteier",OSLO,http://data.europa.eu/esco/skill/aa0d8201-5a8e-417f-81f4-c04601139582,digitalisering,exact,,1.0,
3078ccba-2676-4ec4-911c-b9acbaf375d6,IT,Produkteier integrasjoner,"Ledere av IKT-enheter, Produkteier, Produkteier",OSLO,http://data.europa.eu/esco/skill/ddc3119d-1d6e-4324-9125-a3380d299ac5,IT,exact,,1.0,
3078ccba-2676-4ec4-911c-b9acbaf375d6,Produktutvikling,Produkteier integrasjoner,"Ledere av IKT-enheter, Produkteier, Produkteier",OSLO,http://data.europa.eu/esco/skill/4f6b656a-54d0-48ce-9b55-ebcac5904a14,håndtere geospatiale teknologier,digital_consensus,0.6504983901977539,0.9169093370437622,0.013612568378448486
3078ccba-2676-4ec4-911c-b9acbaf375d6,Smidig,Produkteier integrasjoner,"Ledere av IKT-enheter, Produkteier, Produkteier",OSLO,http://data.europa.eu/esco/skill/bec4359e-cb92-468f-a997-8fb28e32fba9,smidig,exact,,1.0,
4342cd64-5436-47ca-877d-94314c3f5492,Digitalisering,Systemansvarlig,"Systemadministrator, Systemadministrator, Systemadministratorer, Systemansvarlig",ASKER,http://data.europa.eu/esco/skill/aa0d8201-5a8e-417f-81f4-c04601139582,digitalisering,exact,,1.0,
4342cd64-5436-47ca-877d-94314c3f5492,IT,Systemansvarlig,"Systemadministrator, Systemadministrator, Systemadministratorer, Systemansvarlig",ASKER,http://data.europa.eu/esco/skill/ddc3119d-1d6e-4324-9125-a3380d299ac5,IT,exact,,1.0,
4342cd64-5436-47ca-877d-94314c3f5492,Informasjonssikkerhet,Systemansvarlig,"Systemadministrator, Systemadministrator, Systemadministratorer, Systemansvarlig",ASKER,http://data.europa.eu/esco/skill/8088750d-8388-4170-a76f-48354c469c44,informasjonssikkerhet,exact,,1.0,
5b1df527-c795-4765-99cb-08df668943a5,LIS3,Lege i spesialisering,"Lege i spesialisering (LIS2), Lege i spesialisering (LIS2), Allmennpraktiserende leger",KONGSVINGER,http://data.europa.eu/esco/skill/0cd6dcf1-5778-42a5-b685-4d01ae4a4871,Common Lisp,digital_consensus,0.5861812233924866,0.999950647354126,3.814697265625e-06
5dbd2f2c-09b2-48ba-96f5-bbb121732a8e,IT,Systemutvikler,"Systemutvikler, Systemutvikler, Systemanalytikere/-arkitekter",OSLO,http://data.europa.eu/esco/skill/ddc3119d-1d6e-4324-9125-a3380d299ac5,IT,exact,,1.0,
5dbd2f2c-09b2-48ba-96f5-bbb121732a8e,Java,Systemutvikler,"Systemutvikler, Systemutvikler, Systemanalytikere/-arkitekter",OSLO,http://data.europa.eu/esco/skill/19a8293b-8e95-4de3-983f-77484079c389,Java,exact,,1.0,
5dbd2f2c-09b2-48ba-96f5-bbb121732a8e,Programmerer,Systemutvikler,"Systemutvikler, Systemutvikler, Systemanalytikere/-arkitekter",OSLO,http://data.europa.eu/esco/skill/21d2f96d-35f7-4e3f-9745-c533d2dd6e97,dataprogrammering,digital_consensus,0.6060227751731873,0.9829521775245667,0.035317838191986084
5dbd2f2c-09b2-48ba-96f5-bbb121732a8e,Programvareutvikling,Systemutvikler,"Systemutvikler, Systemutvikler, Systemanalytikere/-arkitekter",OSLO,http://data.europa.eu/esco/skill/21d2f96d-35f7-4e3f-9745-c533d2dd6e97,dataprogrammering,digital_consensus,0.5329556465148926,0.9873233437538147,0.12117928266525269
5dbd2f2c-09b2-48ba-96f5-bbb121732a8e,Systemutvikler,Systemutvikler,"Systemutvikler, Systemutvikler, Systemanalytikere/-arkitekter",OSLO,http://data.europa.eu/esco/skill/21d2f96d-35f7-4e3f-9745-c533d2dd6e97,dataprogrammering,digital_consensus,0.6546458005905151,0.9988632202148438,0.002029597759246826
5e2bfd4e-06ec-4563-8a19-ef5102c240b8,Drone,Politioverbetjent med spisskompetanse innen elektroniske mottiltak (EMT),"Politibetjenter mv., Politioverbetjent, politibetjent",SOFIEMYR,http://data.europa.eu/esco/skill/a521903b-aa32-4954-9790-961b0df1261f,drone,exact,,1.0,
7ad61b44-ea25-463c-89ae-d0d55a66f727,Produktutvikling,Produktleder i kollektivsektoren,"Reklame- og markedsføringsrådgivere, Produktutvikler, Systemanalytikere/-arkitekter, Systemutvikler, Ledere av IKT-enheter, Prosjektledere - systemutvikling og systemforvaltning, Systemanalytikere/-arkitekter, IT-teamleder, IKT-prosjektleder",OSLO,http://data.europa.eu/esco/skill/4f6b656a-54d0-48ce-9b55-ebcac5904a14,håndtere geospatiale teknologier,digital_consensus,0.6504983901977539,0.9169093370437622,0.013612568378448486
bd2b90c1-0cbe-4956-9235-48e6c4ba3f12,Analytics,Senior Analytics Engineer,"Systemanalytikere/-arkitekter, Dataanalytiker, dataanalytiker",OSLO,http://data.europa.eu/esco/skill/97bd1c21-66b2-4b7e-ad0f-e3cda590e378,dataanalyse,digital_consensus,0.5553099513053894,0.9964907765388489,0.4390581250190735
bd2b90c1-0cbe-4956-9235-48e6c4ba3f12,Informatikk,Senior Analytics Engineer,"Systemanalytikere/-arkitekter, Dataanalytiker, dataanalytiker",OSLO,http://data.europa.eu/esco/skill/7b5cce4d-c7fe-4119-b48f-70aa05391787,informatikk,exact,,1.0,
bd2b90c1-0cbe-4956-9235-48e6c4ba3f12,Programmering,Senior Analytics Engineer,"Systemanalytikere/-arkitekter, Dataanalytiker, dataanalytiker",OSLO,http://data.europa.eu/esco/skill/21d2f96d-35f7-4e3f-9745-c533d2dd6e97,dataprogrammering,digital_consensus,0.714440643787384,0.9188328981399536,0.2761046886444092
e5a89805-97ae-4780-ad16-ef687aa17cb7,Dataanalyse,Forsker innen støy i havet,"Forsker innen utdanning, undervisning og pædagogik, Spesialister i pedagogikk, Geologer og geofysikere, Havforsker, havforsker",TROMSØ,http://data.europa.eu/esco/skill/97bd1c21-66b2-4b7e-ad0f-e3cda590e378,dataanalyse,exact,,1.0,
eb74c913-7724-4ea5-8c9b-7b5ce20ce073,Elektronisk dokumentasjon,Sykepleier - Lungepoliklinikk/Søvnenheten kombinert med Døgnområde 3 - lungemedisin,"Sykepleiere, sykepleier, Sykepleier",GRÅLUM,http://data.europa.eu/esco/skill/a46743b7-ff8c-49b6-99f7-7fa5bc241771,bruke elektroniske pasientjournaler innen sykepleie,digital_consensus,0.5932237505912781,0.994537889957428,0.9942569409322459
fdb0ee6c-0912-45dd-9b22-d0e8b6fba180,LIS,Lege i spesialisering i akutt- og mottaksmedisin,"Allmennpraktiserende leger, Lege i spesialisering, Legespesialister",TROMSØ,http://data.europa.eu/esco/skill/0cd6dcf1-5778-42a5-b685-4d01ae4a4871,Common Lisp,digital_consensus,0.6051489114761353,0.999724805355072,0.0015864968299865723
b7234d75-4ff0-4dbb-bf0f-a3cedfc221d0,IT,Drive IT Supplier Strategy \& Value Creation,"Innkjøpssjef, Ledere av logistikk og transport mv., Innkjøpere, Rådgiver anskaffelser, Ledere av IKT-enheter, Sjef for IKT-leverandørrelasjoner, sjef for IKT-leverandørrelasjoner",ASKER,http://data.europa.eu/esco/skill/ddc3119d-1d6e-4324-9125-a3380d299ac5,IT,exact,,1.0,
090f8a3c-38f4-4f5a-be1f-8cf1ae34a401,Digitale løsninger,Møtebooker og selger – IT og digitale løsninger,"Møtebooker, Resepsjonister (ekskl. hotell), Selgere (engros);, Selger (agent), Selgere (engros)",FORNEBU,http://data.europa.eu/esco/skill/21d2f96d-35f7-4e3f-9745-c533d2dd6e97,dataprogrammering,digital_consensus,0.628021776676178,0.9054232835769653,0.049161553382873535
090f8a3c-38f4-4f5a-be1f-8cf1ae34a401,IT,Møtebooker og selger – IT og digitale løsninger,"Møtebooker, Resepsjonister (ekskl. hotell), Selgere (engros);, Selger (agent), Selgere (engros)",FORNEBU,http://data.europa.eu/esco/skill/ddc3119d-1d6e-4324-9125-a3380d299ac5,IT,exact,,1.0,
74c90b7e-5c84-4383-b430-06ca9dbce85f,Produktutvikling,Vil du være med og forme den tekniske arkitekturen bak morgendagens løsninger?,"Programvareutviklere, Programvareutviklere, programvareutvikler, Programmerer, Programvareutvikler",HAUGESUND,http://data.europa.eu/esco/skill/4f6b656a-54d0-48ce-9b55-ebcac5904a14,håndtere geospatiale teknologier,digital_consensus,0.6504983901977539,0.9169093370437622,0.013612568378448486
74c90b7e-5c84-4383-b430-06ca9dbce85f,Programvareutvikling,Vil du være med og forme den tekniske arkitekturen bak morgendagens løsninger?,"Programvareutviklere, Programvareutviklere, programvareutvikler, Programmerer, Programvareutvikler",HAUGESUND,http://data.europa.eu/esco/skill/21d2f96d-35f7-4e3f-9745-c533d2dd6e97,dataprogrammering,digital_consensus,0.5329556465148926,0.9873233437538147,0.12117928266525269
74c90b7e-5c84-4383-b430-06ca9dbce85f,Systemarkitektur,Vil du være med og forme den tekniske arkitekturen bak morgendagens løsninger?,"Programvareutviklere, Programvareutviklere, programvareutvikler, Programmerer, Programvareutvikler",HAUGESUND,http://data.europa.eu/esco/skill/21d2f96d-35f7-4e3f-9745-c533d2dd6e97,dataprogrammering,digital_consensus,0.5183978080749512,0.9555255174636841,0.06058621406555176
3ced2d4d-1edc-49cc-abde-ad014fcd41bc,Telecom,Salgskonsulent - Tjen gode penger ,"Salgskonsulent feltsalg, Salgskonsulent feltsalg, Selgere (engros)",Missing location,http://data.europa.eu/esco/skill/14764a75-3104-4875-ba1d-57c059b9b013,telekommunikasjonsteknikk,digital_consensus,0.5549701452255249,0.9992813467979431,0.0044498443603515625
81ca543c-1959-4ba2-bb2b-3087b64e4fd2,IT,Lead TOMRA’s Global Application Landscape,"Ledere av IKT-enheter, IT-sjef, Ledere av IKT-enheter",ASKER,http://data.europa.eu/esco/skill/ddc3119d-1d6e-4324-9125-a3380d299ac5,IT,exact,,1.0,
498e0a17-fcb7-47c0-b455-cf81be0b6b9d,Dataanalyse,Vi søker en porteføljestyrer for privat- og partnermarkedet som skal utvikle og optimalisere forsikr,"Finansmeglere, Porteføljeforvalter, kapitalforvalter",OSLO,http://data.europa.eu/esco/skill/97bd1c21-66b2-4b7e-ad0f-e3cda590e378,dataanalyse,exact,,1.0,
498e0a17-fcb7-47c0-b455-cf81be0b6b9d,Produktutvikling,Vi søker en porteføljestyrer for privat- og partnermarkedet som skal utvikle og optimalisere forsikr,"Finansmeglere, Porteføljeforvalter, kapitalforvalter",OSLO,http://data.europa.eu/esco/skill/4f6b656a-54d0-48ce-9b55-ebcac5904a14,håndtere geospatiale teknologier,digital_consensus,0.6504983901977539,0.9169093370437622,0.013612568378448486
5d33b8c1-bde1-48dd-a360-37cb45a84d56,AI,Er du klar for å lede den digitale transformasjonen i et globalt industrieventyr? TQC søker IT Direktør,"IT-sjef, Ledere av IKT-enheter, Ledere av IKT-enheter",LYSAKER,http://data.europa.eu/esco/skill/e465a154-93f7-4973-9ce1-31659fe16dd2,prinsipper for kunstig intelligens,digital_consensus,0.5584366917610168,0.99960857629776,0.001320481300354004
5d33b8c1-bde1-48dd-a360-37cb45a84d56,cybersikkerhet,Er du klar for å lede den digitale transformasjonen i et globalt industrieventyr? TQC søker IT Direktør,"IT-sjef, Ledere av IKT-enheter, Ledere av IKT-enheter",LYSAKER,http://data.europa.eu/esco/skill/8088750d-8388-4170-a76f-48354c469c44,cybersikkerhet,exact,,1.0,
5d33b8c1-bde1-48dd-a360-37cb45a84d56,dataanalyse,Er du klar for å lede den digitale transformasjonen i et globalt industrieventyr? TQC søker IT Direktør,"IT-sjef, Ledere av IKT-enheter, Ledere av IKT-enheter",LYSAKER,http://data.europa.eu/esco/skill/97bd1c21-66b2-4b7e-ad0f-e3cda590e378,dataanalyse,exact,,1.0,
5d33b8c1-bde1-48dd-a360-37cb45a84d56,digitalisering,Er du klar for å lede den digitale transformasjonen i et globalt industrieventyr? TQC søker IT Direktør,"IT-sjef, Ledere av IKT-enheter, Ledere av IKT-enheter",LYSAKER,http://data.europa.eu/esco/skill/aa0d8201-5a8e-417f-81f4-c04601139582,digitalisering,exact,,1.0,
abcceb8a-45a9-4a4b-b1f4-7f901c6ea833,Digitalisering,Vil du være med å ta DNT Oslo og Omegn inn i en ny digital hverdag?,"Andre administrative ledere, Prosjektleder, prosjektleder",OSLO,http://data.europa.eu/esco/skill/aa0d8201-5a8e-417f-81f4-c04601139582,digitalisering,exact,,1.0,
cddd832a-cadb-428a-ad2d-9fc05065642d,.NET,Software Engineer - Fullstack and Architecture,"Programmerer, Programmerer, Programvareutviklere, Softwareingeniør, Programvareutviklere, Fullstackutvikler",BERGEN,http://data.europa.eu/esco/skill/13bdd41a-2a18-441f-96db-41252c519413,.NET,exact,,1.0,
cddd832a-cadb-428a-ad2d-9fc05065642d,Arkitektur,Software Engineer - Fullstack and Architecture,"Programmerer, Programmerer, Programvareutviklere, Softwareingeniør, Programvareutviklere, Fullstackutvikler",BERGEN,http://data.europa.eu/esco/skill/c453cf81-6197-428e-84c6-70c773b63f27,Arkitektoniske IKT-rammeverk,digital_consensus,0.5593475699424744,0.9923986792564392,0.11609482765197754
cddd832a-cadb-428a-ad2d-9fc05065642d,C#,Software Engineer - Fullstack and Architecture,"Programmerer, Programmerer, Programvareutviklere, Softwareingeniør, Programvareutviklere, Fullstackutvikler",BERGEN,http://data.europa.eu/esco/skill/4c016b68-4116-468c-9dc6-42710c239e4a,C#,exact,,1.0,
cddd832a-cadb-428a-ad2d-9fc05065642d,Industriell programvare,Software Engineer - Fullstack and Architecture,"Programmerer, Programmerer, Programvareutviklere, Softwareingeniør, Programvareutviklere, Fullstackutvikler",BERGEN,http://data.europa.eu/esco/skill/41ec47dd-08b3-464a-9c45-c706f3e74467,industriell programvare,exact,,1.0,
cddd832a-cadb-428a-ad2d-9fc05065642d,Programmering,Software Engineer - Fullstack and Architecture,"Programmerer, Programmerer, Programvareutviklere, Softwareingeniør, Programvareutviklere, Fullstackutvikler",BERGEN,http://data.europa.eu/esco/skill/21d2f96d-35f7-4e3f-9745-c533d2dd6e97,dataprogrammering,digital_consensus,0.714440643787384,0.9188328981399536,0.2761046886444092
cddd832a-cadb-428a-ad2d-9fc05065642d,Software Engineer,Software Engineer - Fullstack and Architecture,"Programmerer, Programmerer, Programvareutviklere, Softwareingeniør, Programvareutviklere, Fullstackutvikler",BERGEN,http://data.europa.eu/esco/skill/41ec47dd-08b3-464a-9c45-c706f3e74467,industriell programvare,digital_consensus,0.5739484429359436,0.9992891550064087,0.00014793872833251953
cddd832a-cadb-428a-ad2d-9fc05065642d,Systemutvikling,Software Engineer - Fullstack and Architecture,"Programmerer, Programmerer, Programvareutviklere, Softwareingeniør, Programvareutviklere, Fullstackutvikler",BERGEN,http://data.europa.eu/esco/skill/21d2f96d-35f7-4e3f-9745-c533d2dd6e97,dataprogrammering,digital_consensus,0.6049041152000427,0.9194501638412476,0.19810181856155396
409c2d80-d835-4260-9b7a-49a40062591a,BIM,Er du analytisk og nøyaktig -- og motiveres av å utvikle gode konstruksjonsløsninger?,"Konstruktør, Konstruktør, Tekniske tegnere",SANDNES,http://data.europa.eu/esco/skill/fae7e545-5114-43cc-8e83-178e2549ecb9,bim,exact,,1.0,
29e198f4-d0c5-4ced-b4dc-d1c08da72138,ERP,Bli en nøkkelressurs i Alva Industries vekstreise!,"Regnskapscontroller, Regnskapscontroller, Revisorer og regnskapsrådgivere",TRONDHEIM,http://data.europa.eu/esco/skill/09f4c52b-ac72-4f0e-a8ae-78bb1d7bffba,transportprogramvare relatert til et ERP-system,digital_consensus,0.5528852343559265,0.9972111582756042,0.9701170120388269
29e198f4-d0c5-4ced-b4dc-d1c08da72138,controller,Bli en nøkkelressurs i Alva Industries vekstreise!,"Regnskapscontroller, Regnskapscontroller, Revisorer og regnskapsrådgivere",TRONDHEIM,http://data.europa.eu/esco/skill/bf942c60-8539-4951-83ee-63f770da1cb8,programmere en CNC-kontroller,digital_consensus,0.6273438930511475,0.9980813264846802,0.0004451274871826172
1780b086-3870-4fcf-9560-ee510ed9f4f7,ERP,An exciting opportunity to join our Digital Ocean Finance team,"Prosjektcontroller, Prosjektcontroller, Revisorer og regnskapsrådgivere",KONGSBERG,http://data.europa.eu/esco/skill/09f4c52b-ac72-4f0e-a8ae-78bb1d7bffba,transportprogramvare relatert til et ERP-system,digital_consensus,0.5528852343559265,0.9972111582756042,0.9701170120388269
19dc9aa8-6212-4bdd-bdf4-9981756855d1,ERP,Project Controller,"Prosjektcontroller, Prosjektcontroller, Revisorer og regnskapsrådgivere",ÅLESUND,http://data.europa.eu/esco/skill/09f4c52b-ac72-4f0e-a8ae-78bb1d7bffba,transportprogramvare relatert til et ERP-system,digital_consensus,0.5528852343559265,0.9972111582756042,0.9701170120388269
6a7fcb2f-52c8-475a-87ac-fd948df0ccbd,Elektronikk,Systemingeniører innen elektronikk,"Prosjektingeniør (vann- og avløp), Prosjektingeniør (vann- og avløp), Sivilingeniører (bygg og anlegg)",RAUFOSS,http://data.europa.eu/esco/skill/95c35c3a-035f-47c2-90cf-7e934d20fc08,elektronikk,exact,,1.0,
6a7fcb2f-52c8-475a-87ac-fd948df0ccbd,Systemarkitektur,Systemingeniører innen elektronikk,"Prosjektingeniør (vann- og avløp), Prosjektingeniør (vann- og avløp), Sivilingeniører (bygg og anlegg)",RAUFOSS,http://data.europa.eu/esco/skill/21d2f96d-35f7-4e3f-9745-c533d2dd6e97,dataprogrammering,digital_consensus,0.5183978080749512,0.9555255174636841,0.06058621406555176
d18e8deb-c15a-44d8-bbbf-3308ea5703cd,SAP,Elektriker,"Elektriker, Elektriker, Elektrikere",SUNNDALSØRA,http://data.europa.eu/esco/skill/f8e3425c-fe44-4ffb-bafe-0e20d91dadf4,SAP,exact,,1.0,
3030a137-50df-4557-860f-2686ac332b3d,Algoritmeutvikling,Software Engineer - Signal Processing,"Programmerer, Programmerer, Programvareutviklere",BERGEN,http://data.europa.eu/esco/skill/21d2f96d-35f7-4e3f-9745-c533d2dd6e97,dataprogrammering,digital_consensus,0.595890462398529,0.8244086503982544,0.8181548155844212
3030a137-50df-4557-860f-2686ac332b3d,Embedded,Software Engineer - Signal Processing,"Programmerer, Programmerer, Programvareutviklere",BERGEN,http://data.europa.eu/esco/skill/21d2f96d-35f7-4e3f-9745-c533d2dd6e97,dataprogrammering,digital_consensus,0.6339219808578491,0.9740793704986572,0.0052509307861328125
3030a137-50df-4557-860f-2686ac332b3d,Programmering,Software Engineer - Signal Processing,"Programmerer, Programmerer, Programvareutviklere",BERGEN,http://data.europa.eu/esco/skill/21d2f96d-35f7-4e3f-9745-c533d2dd6e97,dataprogrammering,digital_consensus,0.714440643787384,0.9188328981399536,0.2761046886444092
3030a137-50df-4557-860f-2686ac332b3d,Signalbehandling,Software Engineer - Signal Processing,"Programmerer, Programmerer, Programvareutviklere",BERGEN,http://data.europa.eu/esco/skill/cfa2be0d-96d5-4017-a866-962efb9c5070,signalbehandling,exact,,1.0,
3030a137-50df-4557-860f-2686ac332b3d,Software Engineer,Software Engineer - Signal Processing,"Programmerer, Programmerer, Programvareutviklere",BERGEN,http://data.europa.eu/esco/skill/41ec47dd-08b3-464a-9c45-c706f3e74467,industriell programvare,digital_consensus,0.5739484429359436,0.9992891550064087,0.00014793872833251953
23bb1c6c-2841-47b8-91dd-63fdc39c51ea,Kommunikasjonsplanlegging,Norges største fagmiljø for endringsledelse søker kommunikasjonsansvarlig i prosjekter!,"Kommunikasjonsansvarlig, Kommunikasjonsansvarlig, Informasjonsrådgivere",OSLO,http://data.europa.eu/esco/skill/bec4359e-cb92-468f-a997-8fb28e32fba9,Metoder innen IKT-prosjektledelse,digital_consensus,0.6675364971160889,0.8187676072120667,0.3626445233821869
6156a0be-b582-428a-9781-7d5e049d07bb,Dataanalyse,Marketing Automation Specialist,"Sosial Markedsføring Praktikant, Reklame- og markedsføringsrådgivere, Reklame- og markedsføringsrådgivere, Markedsføringsekspert, markedsføringsspesialist",LØRENSKOG,http://data.europa.eu/esco/skill/97bd1c21-66b2-4b7e-ad0f-e3cda590e378,dataanalyse,exact,,1.0,
6deca558-96ea-4526-af81-0e46782fa3c7,Hardware,Utvikler med hjerte for NI LabVIEW,"Prosjektingeniør, Prosjektingeniør, Andre sivilingeniører( unntatt elektroteknologi)",KONGSBERG,http://data.europa.eu/esco/skill/bac209e9-d337-4312-9041-17c2e75fa4df,maskinvareindustrien,digital_consensus,0.6338323950767517,0.9939467310905457,0.9444455578923225
6deca558-96ea-4526-af81-0e46782fa3c7,LabVIEW,Utvikler med hjerte for NI LabVIEW,"Prosjektingeniør, Prosjektingeniør, Andre sivilingeniører( unntatt elektroteknologi)",KONGSBERG,http://data.europa.eu/esco/skill/21d2f96d-35f7-4e3f-9745-c533d2dd6e97,LabVIEW,exact,,1.0,
6deca558-96ea-4526-af81-0e46782fa3c7,Programmering,Utvikler med hjerte for NI LabVIEW,"Prosjektingeniør, Prosjektingeniør, Andre sivilingeniører( unntatt elektroteknologi)",KONGSBERG,http://data.europa.eu/esco/skill/21d2f96d-35f7-4e3f-9745-c533d2dd6e97,dataprogrammering,digital_consensus,0.714440643787384,0.9188328981399536,0.2761046886444092
6deca558-96ea-4526-af81-0e46782fa3c7,Systemutvikling,Utvikler med hjerte for NI LabVIEW,"Prosjektingeniør, Prosjektingeniør, Andre sivilingeniører( unntatt elektroteknologi)",KONGSBERG,http://data.europa.eu/esco/skill/21d2f96d-35f7-4e3f-9745-c533d2dd6e97,dataprogrammering,digital_consensus,0.6049041152000427,0.9194501638412476,0.19810181856155396
3b25ee95-e2fb-46f0-9d35-edbfd546a6fa,.NET,"Ønsker du å bli en del av et av Norges største teknologimiljøer, hvor faglig vekst er i fokus?","Full-stack-utvikler, Programvareutviklere, Applikasjonsprogrammerere, .Net Utvikler, Applikasjonsprogrammerere",STAVANGER,http://data.europa.eu/esco/skill/13bdd41a-2a18-441f-96db-41252c519413,.NET,exact,,1.0,
3b25ee95-e2fb-46f0-9d35-edbfd546a6fa,C#,"Ønsker du å bli en del av et av Norges største teknologimiljøer, hvor faglig vekst er i fokus?","Full-stack-utvikler, Programvareutviklere, Applikasjonsprogrammerere, .Net Utvikler, Applikasjonsprogrammerere",STAVANGER,http://data.europa.eu/esco/skill/4c016b68-4116-468c-9dc6-42710c239e4a,C#,exact,,1.0,
3b25ee95-e2fb-46f0-9d35-edbfd546a6fa,Programmering,"Ønsker du å bli en del av et av Norges største teknologimiljøer, hvor faglig vekst er i fokus?","Full-stack-utvikler, Programvareutviklere, Applikasjonsprogrammerere, .Net Utvikler, Applikasjonsprogrammerere",STAVANGER,http://data.europa.eu/esco/skill/21d2f96d-35f7-4e3f-9745-c533d2dd6e97,dataprogrammering,digital_consensus,0.714440643787384,0.9188328981399536,0.2761046886444092
3b25ee95-e2fb-46f0-9d35-edbfd546a6fa,Systemutvikler,"Ønsker du å bli en del av et av Norges største teknologimiljøer, hvor faglig vekst er i fokus?","Full-stack-utvikler, Programvareutviklere, Applikasjonsprogrammerere, .Net Utvikler, Applikasjonsprogrammerere",STAVANGER,http://data.europa.eu/esco/skill/21d2f96d-35f7-4e3f-9745-c533d2dd6e97,dataprogrammering,digital_consensus,0.6546458005905151,0.9988632202148438,0.002029597759246826
4e3ced3d-04f4-459b-9d5a-d020b9154052,ISMS,"Information Security Governance, Risk \& Compliance (GRC) Manager","Sikkerhetsanalytikere mv., Informasjonssikkerhetsansvarlig, sjef for IKT-sikkerhet",KONGSBERG,http://data.europa.eu/esco/skill/4918ec9a-0204-4935-8b09-b0112370daa8,etablere et styringssystem for informasjonssikkerhet,digital_consensus,0.5724762082099915,0.9988082647323608,0.4054471254348755
4e3ced3d-04f4-459b-9d5a-d020b9154052,Informasjonssikkerhet,"Information Security Governance, Risk \& Compliance (GRC) Manager","Sikkerhetsanalytikere mv., Informasjonssikkerhetsansvarlig, sjef for IKT-sikkerhet",KONGSBERG,http://data.europa.eu/esco/skill/8088750d-8388-4170-a76f-48354c469c44,informasjonssikkerhet,exact,,1.0,
5abc012f-72a2-463f-9dbe-91354de77eba,CISO,Vil du bygge vårt nye cybersikkerhetsteam?,"Sikkerhetsanalytikere mv., Cybersikkerhetsarkitekt, IKT-sikkerhetsingeniør, Sikkerhetsanalytikere mv., Cybersikkerhetsingeniør",TRONDHEIM,http://data.europa.eu/esco/skill/3ff589b7-68df-4ea5-ae41-b395bdb2378f,IKT-sikkerhetsstandarder,digital_consensus,0.6220211982727051,0.9998831748962402,5.751848220825195e-05
5abc012f-72a2-463f-9dbe-91354de77eba,Cybersikkerhet,Vil du bygge vårt nye cybersikkerhetsteam?,"Sikkerhetsanalytikere mv., Cybersikkerhetsarkitekt, IKT-sikkerhetsingeniør, Sikkerhetsanalytikere mv., Cybersikkerhetsingeniør",TRONDHEIM,http://data.europa.eu/esco/skill/8088750d-8388-4170-a76f-48354c469c44,cybersikkerhet,exact,,1.0,
5abc012f-72a2-463f-9dbe-91354de77eba,IT-sikkerhet,Vil du bygge vårt nye cybersikkerhetsteam?,"Sikkerhetsanalytikere mv., Cybersikkerhetsarkitekt, IKT-sikkerhetsingeniør, Sikkerhetsanalytikere mv., Cybersikkerhetsingeniør",TRONDHEIM,http://data.europa.eu/esco/skill/8088750d-8388-4170-a76f-48354c469c44,IT-sikkerhet,exact,,1.0,
5abc012f-72a2-463f-9dbe-91354de77eba,Informasjonssikkerhet,Vil du bygge vårt nye cybersikkerhetsteam?,"Sikkerhetsanalytikere mv., Cybersikkerhetsarkitekt, IKT-sikkerhetsingeniør, Sikkerhetsanalytikere mv., Cybersikkerhetsingeniør",TRONDHEIM,http://data.europa.eu/esco/skill/8088750d-8388-4170-a76f-48354c469c44,informasjonssikkerhet,exact,,1.0,
516aa07a-49b1-4e3d-b58f-f5b0a10df541,Dataanalyse,Can you connect market demand with manufacturing capacity?,"Finansanalytikere, Kapasitetsplanlegger, Logistikkmedarbeidere, Logistikkmedarbeidere, Forsyningsansvarlig",SKIEN,http://data.europa.eu/esco/skill/97bd1c21-66b2-4b7e-ad0f-e3cda590e378,dataanalyse,exact,,1.0,
ec1a884e-4238-42e9-887a-4b88d62bc573,IT,Bli med og bygg fremtidens løsninger med Kotlin/Java hos Skatteetaten!,"Systemanalytikere/-arkitekter, Utvikler av intelligente IKT-systemer, utvikler av IKT-intelligenssystemer",OSLO,http://data.europa.eu/esco/skill/ddc3119d-1d6e-4324-9125-a3380d299ac5,IT,exact,,1.0,
ec1a884e-4238-42e9-887a-4b88d62bc573,Java,Bli med og bygg fremtidens løsninger med Kotlin/Java hos Skatteetaten!,"Systemanalytikere/-arkitekter, Utvikler av intelligente IKT-systemer, utvikler av IKT-intelligenssystemer",OSLO,http://data.europa.eu/esco/skill/19a8293b-8e95-4de3-983f-77484079c389,Java,exact,,1.0,
ec1a884e-4238-42e9-887a-4b88d62bc573,Programmering,Bli med og bygg fremtidens løsninger med Kotlin/Java hos Skatteetaten!,"Systemanalytikere/-arkitekter, Utvikler av intelligente IKT-systemer, utvikler av IKT-intelligenssystemer",OSLO,http://data.europa.eu/esco/skill/21d2f96d-35f7-4e3f-9745-c533d2dd6e97,dataprogrammering,digital_consensus,0.714440643787384,0.9188328981399536,0.2761046886444092
ec1a884e-4238-42e9-887a-4b88d62bc573,Systemutvikler,Bli med og bygg fremtidens løsninger med Kotlin/Java hos Skatteetaten!,"Systemanalytikere/-arkitekter, Utvikler av intelligente IKT-systemer, utvikler av IKT-intelligenssystemer",OSLO,http://data.europa.eu/esco/skill/21d2f96d-35f7-4e3f-9745-c533d2dd6e97,dataprogrammering,digital_consensus,0.6546458005905151,0.9988632202148438,0.002029597759246826
03ef6753-fd53-4f9b-8c9e-5ec6f4c9f077,AI,Utvikler / teknisk ansvarlig med AI i verktøykassen,"Systemanalytikere/-arkitekter, AI-utvikler, utvikler av IKT-intelligenssystemer",ALTA,http://data.europa.eu/esco/skill/e465a154-93f7-4973-9ce1-31659fe16dd2,prinsipper for kunstig intelligens,digital_consensus,0.5584366917610168,0.99960857629776,0.001320481300354004
f3f690ea-3b45-483a-a2a4-4fc8f1781e83,SAP,Produksjonsplanlegger Støperi,"Produksjonsplanlegger, Produksjonsplanlegger, Finansanalytikere",SUNNDALSØRA,http://data.europa.eu/esco/skill/f8e3425c-fe44-4ffb-bafe-0e20d91dadf4,SAP,exact,,1.0,
406f4af9-b9ac-4526-bfa8-24b46166e581,.NET,Senior utvikler -- påvirk arkitektur og teknologivalg,"Java-utvikler, Java-utvikler, Systemanalytikere/-arkitekter",TRONDHEIM,http://data.europa.eu/esco/skill/13bdd41a-2a18-441f-96db-41252c519413,.NET,exact,,1.0,
406f4af9-b9ac-4526-bfa8-24b46166e581,AI,Senior utvikler -- påvirk arkitektur og teknologivalg,"Java-utvikler, Java-utvikler, Systemanalytikere/-arkitekter",TRONDHEIM,http://data.europa.eu/esco/skill/e465a154-93f7-4973-9ce1-31659fe16dd2,prinsipper for kunstig intelligens,digital_consensus,0.5584366917610168,0.99960857629776,0.001320481300354004
406f4af9-b9ac-4526-bfa8-24b46166e581,Arkitektur,Senior utvikler -- påvirk arkitektur og teknologivalg,"Java-utvikler, Java-utvikler, Systemanalytikere/-arkitekter",TRONDHEIM,http://data.europa.eu/esco/skill/c453cf81-6197-428e-84c6-70c773b63f27,Arkitektoniske IKT-rammeverk,digital_consensus,0.5593475699424744,0.9923986792564392,0.11609482765197754
406f4af9-b9ac-4526-bfa8-24b46166e581,Java,Senior utvikler -- påvirk arkitektur og teknologivalg,"Java-utvikler, Java-utvikler, Systemanalytikere/-arkitekter",TRONDHEIM,http://data.europa.eu/esco/skill/19a8293b-8e95-4de3-983f-77484079c389,Java,exact,,1.0,
406f4af9-b9ac-4526-bfa8-24b46166e581,Programmering,Senior utvikler -- påvirk arkitektur og teknologivalg,"Java-utvikler, Java-utvikler, Systemanalytikere/-arkitekter",TRONDHEIM,http://data.europa.eu/esco/skill/21d2f96d-35f7-4e3f-9745-c533d2dd6e97,dataprogrammering,digital_consensus,0.714440643787384,0.9188328981399536,0.2761046886444092
406f4af9-b9ac-4526-bfa8-24b46166e581,Skyteknologi,Senior utvikler -- påvirk arkitektur og teknologivalg,"Java-utvikler, Java-utvikler, Systemanalytikere/-arkitekter",TRONDHEIM,http://data.europa.eu/esco/skill/11430d93-c835-48ed-8e70-285fa69c9ae6,designe skyarkitektur,digital_consensus,0.5793797373771667,0.9726741313934326,0.3947645425796509
406f4af9-b9ac-4526-bfa8-24b46166e581,Systemutvikling,Senior utvikler -- påvirk arkitektur og teknologivalg,"Java-utvikler, Java-utvikler, Systemanalytikere/-arkitekter",TRONDHEIM,http://data.europa.eu/esco/skill/21d2f96d-35f7-4e3f-9745-c533d2dd6e97,dataprogrammering,digital_consensus,0.6049041152000427,0.9194501638412476,0.19810181856155396
92727e42-caf0-4601-a598-6d8149367ae9,Dataanalyse,Finance and Business Analyst,"Forretningsanalytiker, Forretningsanalytiker, Finansanalytikere",BERGEN,http://data.europa.eu/esco/skill/97bd1c21-66b2-4b7e-ad0f-e3cda590e378,dataanalyse,exact,,1.0,
0430f16b-1a0c-4c99-bbed-9060d4bd6d36,3D-scanning,Har du blikket som sikrer kvalitet i hver komponent?,"Sveisere, Dimensjonskontrollør, Anleggsmaskin- og industrimekanikere, Industrimekaniker, industrimekaniker",SKIEN,http://data.europa.eu/esco/skill/97965983-0da4-4902-9daf-d5cd2693ef73,3D-modellering,digital_consensus,0.6073819398880005,0.9513203501701355,0.9508842270297464
0430f16b-1a0c-4c99-bbed-9060d4bd6d36,Tekniske tegninger,Har du blikket som sikrer kvalitet i hver komponent?,"Sveisere, Dimensjonskontrollør, Anleggsmaskin- og industrimekanikere, Industrimekaniker, industrimekaniker",SKIEN,http://data.europa.eu/esco/skill/59ea80e1-463a-4dba-82c6-d0b6d577d532,tekniske tegninger,exact,,1.0,
f9cbef8a-2f03-460c-a78f-ae44b4164900,Data Engineer,Senior Data Engineer til samfunnsviktige og kommersielle oppdrag,"Senior Data Engineer, Senior Data Engineer, Databasedesignere og -administratorer, Sivilingeniører (elektronikk);, Dataingeniør",TRONDHEIM,http://data.europa.eu/esco/skill/3ec2e4d6-7000-4905-bf1a-c5b1679416de,datavarehus,digital_consensus,0.6241559386253357,0.9998835325241089,7.730722427368164e-05
f9cbef8a-2f03-460c-a78f-ae44b4164900,Dataplattform,Senior Data Engineer til samfunnsviktige og kommersielle oppdrag,"Senior Data Engineer, Senior Data Engineer, Databasedesignere og -administratorer, Sivilingeniører (elektronikk);, Dataingeniør",TRONDHEIM,http://data.europa.eu/esco/skill/3ec2e4d6-7000-4905-bf1a-c5b1679416de,datavarehus,digital_consensus,0.5975717306137085,0.9994984865188599,0.0007398128509521484
f9cbef8a-2f03-460c-a78f-ae44b4164900,Datavarehus,Senior Data Engineer til samfunnsviktige og kommersielle oppdrag,"Senior Data Engineer, Senior Data Engineer, Databasedesignere og -administratorer, Sivilingeniører (elektronikk);, Dataingeniør",TRONDHEIM,http://data.europa.eu/esco/skill/3ec2e4d6-7000-4905-bf1a-c5b1679416de,datavarehus,exact,,1.0,
f9cbef8a-2f03-460c-a78f-ae44b4164900,DevOps,Senior Data Engineer til samfunnsviktige og kommersielle oppdrag,"Senior Data Engineer, Senior Data Engineer, Databasedesignere og -administratorer, Sivilingeniører (elektronikk);, Dataingeniør",TRONDHEIM,http://data.europa.eu/esco/skill/f0de4973-0a70-4644-8fd4-3a97080476f4,DevOps,exact,,1.0,
f9cbef8a-2f03-460c-a78f-ae44b4164900,ETL,Senior Data Engineer til samfunnsviktige og kommersielle oppdrag,"Senior Data Engineer, Senior Data Engineer, Databasedesignere og -administratorer, Sivilingeniører (elektronikk);, Dataingeniør",TRONDHEIM,http://data.europa.eu/esco/skill/9d0d89be-bffa-4393-b6f6-8d05bea49051,ETL,exact,,1.0,
f9cbef8a-2f03-460c-a78f-ae44b4164900,Python,Senior Data Engineer til samfunnsviktige og kommersielle oppdrag,"Senior Data Engineer, Senior Data Engineer, Databasedesignere og -administratorer, Sivilingeniører (elektronikk);, Dataingeniør",TRONDHEIM,http://data.europa.eu/esco/skill/ccd0a1d9-afda-43d9-b901-96344886e14d,Python,exact,,1.0,
2bf962ed-2e92-4c89-b0f0-a97b4de621c0,IT-tekniker,Mapei søker IT-medarbeider!,"IT-medarbeider, IT-medarbeider, Driftsteknikere, IKT",SAGSTUA,http://data.europa.eu/esco/skill/21d2f96d-35f7-4e3f-9745-c533d2dd6e97,dataprogrammering,digital_consensus,0.5668003559112549,0.9945306181907654,0.0016807913780212402
2bf962ed-2e92-4c89-b0f0-a97b4de621c0,hardware,Mapei søker IT-medarbeider!,"IT-medarbeider, IT-medarbeider, Driftsteknikere, IKT",SAGSTUA,http://data.europa.eu/esco/skill/bac209e9-d337-4312-9041-17c2e75fa4df,maskinvareindustrien,digital_consensus,0.5604751110076904,0.9997143149375916,0.02042520046234131
2bf962ed-2e92-4c89-b0f0-a97b4de621c0,server,Mapei søker IT-medarbeider!,"IT-medarbeider, IT-medarbeider, Driftsteknikere, IKT",SAGSTUA,http://data.europa.eu/esco/skill/b105ec9b-0857-41d6-8d07-a83e58b73d90,IKT-systemprogrammering,digital_consensus,0.594815731048584,0.8113085031509399,0.7287805452942848
e00f545b-104f-498e-ade7-bd0dec860d7b,Cybersikkerhet,Vil du jobbe med sikkerhet til alle -- i Norges hyggeligste konsulenthus?,"Sikkerhetsanalytikere mv., Cybersikkerhetsarkitekt, IKT-sikkerhetsingeniør",TRONDHEIM,http://data.europa.eu/esco/skill/8088750d-8388-4170-a76f-48354c469c44,cybersikkerhet,exact,,1.0,
e00f545b-104f-498e-ade7-bd0dec860d7b,Informasjonssikkerhet,Vil du jobbe med sikkerhet til alle -- i Norges hyggeligste konsulenthus?,"Sikkerhetsanalytikere mv., Cybersikkerhetsarkitekt, IKT-sikkerhetsingeniør",TRONDHEIM,http://data.europa.eu/esco/skill/8088750d-8388-4170-a76f-48354c469c44,informasjonssikkerhet,exact,,1.0,
5d39c161-2f54-49f1-b735-cca9f507b5fd,IT,Software Konsulent -- Energy Components,"HR Software konsulent, HR Software konsulent, Programvareutviklere",SANDNES,http://data.europa.eu/esco/skill/ddc3119d-1d6e-4324-9125-a3380d299ac5,IT,exact,,1.0,
5d39c161-2f54-49f1-b735-cca9f507b5fd,Java,Software Konsulent -- Energy Components,"HR Software konsulent, HR Software konsulent, Programvareutviklere",SANDNES,http://data.europa.eu/esco/skill/19a8293b-8e95-4de3-983f-77484079c389,Java,exact,,1.0,
5d39c161-2f54-49f1-b735-cca9f507b5fd,Kundesupport,Software Konsulent -- Energy Components,"HR Software konsulent, HR Software konsulent, Programvareutviklere",SANDNES,http://data.europa.eu/esco/skill/db36f7f1-5900-45bd-9ffb-f2b19c4362ac,støtte IKT-systembrukere,digital_consensus,0.5482102036476135,0.9978213310241699,0.016304969787597656
bb6f09b0-6d38-42d1-bba9-cf2af95b71ce,BIM,Mekanisk ingeniør,"Maskiningeniør, Maskiningeniør, Maskiningeniører",TYSSEDAL,http://data.europa.eu/esco/skill/fae7e545-5114-43cc-8e83-178e2549ecb9,bim,exact,,1.0,
ad8adcd6-b6e6-4e69-af64-2f983d93e8e7,ERP,Vil du bruke data til å skape en smartere og mer effektiv forsyningskjede?,"Supply Chain Konsulent, Supply Chain Konsulent, Logistikkmedarbeidere",SKIEN,http://data.europa.eu/esco/skill/09f4c52b-ac72-4f0e-a8ae-78bb1d7bffba,transportprogramvare relatert til et ERP-system,digital_consensus,0.5528852343559265,0.9972111582756042,0.9701170120388269
2e8cf24c-4536-4d76-bbaf-1f6af1390ec5,Dataanalyse,Student Worker -- Customer Services (Data \& Process Optimization),"Kundesentermedarbeidere, Kundeservicekonsulent, kundeservicemedarbeider",OSLO,http://data.europa.eu/esco/skill/97bd1c21-66b2-4b7e-ad0f-e3cda590e378,dataanalyse,exact,,1.0,
180a8ce7-48d5-45c5-acf5-7ef6a72df03c,IT-prosjektleder,Sentral stilling i en av Norges viktigste eksportnæringer,"Administrerende direktører, Daglig leder, Daglig leder",BERGEN,http://data.europa.eu/esco/skill/bec4359e-cb92-468f-a997-8fb28e32fba9,Metoder innen IKT-prosjektledelse,digital_consensus,0.6413071751594543,0.9994590878486633,0.0006421208381652832
0355649c-7600-43f4-aa96-3d55d4b92364,Automatiker,Produksjonsmedarbeider med fagbrev,"Anleggsmaskin- og industrimekanikere, Industrimekaniker, Maskiningeniører, Produksjonstekniker, Andre ingeniører, Automasjonstekniker, Elektrikere, Elektriker, elektriker",DRAMMEN,http://data.europa.eu/esco/skill/7a950986-27fe-4b6c-adf3-88f211e77019,robotkomponenter,digital_consensus,0.6843463182449341,0.9831464886665344,0.0006955862045288086
0355649c-7600-43f4-aa96-3d55d4b92364,CNC,Produksjonsmedarbeider med fagbrev,"Anleggsmaskin- og industrimekanikere, Industrimekaniker, Maskiningeniører, Produksjonstekniker, Andre ingeniører, Automasjonstekniker, Elektrikere, Elektriker, elektriker",DRAMMEN,http://data.europa.eu/esco/skill/6f728d63-5c45-40b3-8bfd-e17c5dba28ad,håndtere CNC-slipemaskin,digital_consensus,0.5797138810157776,0.9999545812606812,0.00033664703369140625
3cd4dec2-b3d2-4b91-9019-635d8208d985,CT,Ser du det andre overser? Bli radiolog hos Randstad Care!,"Radiolog, Radiolog, Legespesialister",OSLO,http://data.europa.eu/esco/skill/21d2f96d-35f7-4e3f-9745-c533d2dd6e97,cT,exact,,1.0,
38c02d22-ff66-44d3-87f9-2b7961d7347d,IKT-infrastruktur,IT-konsulent/Senior IT-konsulent,"IT-konsulent, IT-konsulent, Systemanalytikere/-arkitekter",BODØ,http://data.europa.eu/esco/skill/d0c6d77e-cb25-4770-bf77-2073fc5f7523,IKT-infrastruktur,exact,,1.0,
39ad0e17-7b46-41bf-a71e-753748ff1567,Digitalisering,Rådgiver - seniorrådgiver,"Arkivarer og kuratorer, Dokumentforvalter, arkivassistent",TØNSBERG,http://data.europa.eu/esco/skill/aa0d8201-5a8e-417f-81f4-c04601139582,digitalisering,exact,,1.0,
39ad0e17-7b46-41bf-a71e-753748ff1567,Dokumentforvaltning,Rådgiver - seniorrådgiver,"Arkivarer og kuratorer, Dokumentforvalter, arkivassistent",TØNSBERG,http://data.europa.eu/esco/skill/bec4359e-cb92-468f-a997-8fb28e32fba9,Metoder innen IKT-prosjektledelse,digital_consensus,0.5678485035896301,0.9981982111930847,0.00032395124435424805
62a0cc46-f2a8-4dfb-a476-ae67a43db7b8,Arkitektur,Fagansvarlig byggesak,"Fagansvarlig byggesak, Fagansvarlig byggesak, Bygningsingeniører",ORKANGER,http://data.europa.eu/esco/skill/c453cf81-6197-428e-84c6-70c773b63f27,Arkitektoniske IKT-rammeverk,digital_consensus,0.5593475699424744,0.9923986792564392,0.11609482765197754
6f6376f9-87a6-443b-ba4f-09951619d526,Digital design,Produktdesigner,"Grafiske- og multimediadesignere, 3D Designer, Grafiske- og multimediadesignere",OSLO,http://data.europa.eu/esco/skill/7fb699d9-182a-430e-b7a0-6d8ed05c284b,grafisk design,digital_consensus,0.6294350624084473,0.996292233467102,0.006485402584075928
6f6376f9-87a6-443b-ba4f-09951619d526,Produktdesigner,Produktdesigner,"Grafiske- og multimediadesignere, 3D Designer, Grafiske- og multimediadesignere",OSLO,http://data.europa.eu/esco/skill/21d2f96d-35f7-4e3f-9745-c533d2dd6e97,dataprogrammering,digital_consensus,0.5694214701652527,0.9918071627616882,0.009341418743133545
6f6376f9-87a6-443b-ba4f-09951619d526,UX,Produktdesigner,"Grafiske- og multimediadesignere, 3D Designer, Grafiske- og multimediadesignere",OSLO,http://data.europa.eu/esco/skill/07dd856d-6141-48a7-a228-918f88494812,UX,exact,,1.0,
9fd3b2cf-8af9-4d3e-b8de-2874ea4a7344,Systemutvikling,Bli med å bygge en kritisk del av Norges IT-grunnmur?,"Architekt arkitektur, Architekt arkitektur, Sivilarkitekter",OSLO,http://data.europa.eu/esco/skill/21d2f96d-35f7-4e3f-9745-c533d2dd6e97,dataprogrammering,digital_consensus,0.6049041152000427,0.9194501638412476,0.19810181856155396
a2047a51-a45d-4122-a2bf-aad167894fa8,Digitalisering,Avdelingsleder Digitale Tjenester (IT),"IT-sjef, Ledere av IKT-enheter, Avdelingsleder IT, Ledere av IKT-enheter",JESSHEIM,http://data.europa.eu/esco/skill/aa0d8201-5a8e-417f-81f4-c04601139582,digitalisering,exact,,1.0,
a2047a51-a45d-4122-a2bf-aad167894fa8,IT-sikkerhet,Avdelingsleder Digitale Tjenester (IT),"IT-sjef, Ledere av IKT-enheter, Avdelingsleder IT, Ledere av IKT-enheter",JESSHEIM,http://data.europa.eu/esco/skill/8088750d-8388-4170-a76f-48354c469c44,IT-sikkerhet,exact,,1.0,
cba604de-c92f-4ac1-aa5e-d4a25f3abd31,IT,IT-Rådgiver,"IT-konsulent, IT-konsulent, Systemanalytikere/-arkitekter",BODØ,http://data.europa.eu/esco/skill/ddc3119d-1d6e-4324-9125-a3380d299ac5,IT,exact,,1.0,
cba604de-c92f-4ac1-aa5e-d4a25f3abd31,helseinformatikk,IT-Rådgiver,"IT-konsulent, IT-konsulent, Systemanalytikere/-arkitekter",BODØ,http://data.europa.eu/esco/skill/fb82ae25-b59f-43fd-aacf-a8308afbe85e,helseinformatikk,exact,,1.0,
5ae2ed02-415c-4d7e-a0f3-1a5c260292c5,Bilberger,Bilberger søkes ,"Bilberger, Bilberger, Lastebil- og trailersjåfører",Missing location,http://data.europa.eu/esco/skill/4fea6307-bdc0-423d-ad63-c61755c14522,utføre bibliografisk arbeid,digital_consensus,0.5625334978103638,0.9998169541358948,0.00016266107559204102
38aee188-3759-4732-86c6-8e4c8eafd47a,Produktutvikling,Vil du ta ansvar for produkter gjennom hele livssyklusen?,"Produkteier, Produkteier, Ledere av IKT-enheter",HAUGESUND,http://data.europa.eu/esco/skill/4f6b656a-54d0-48ce-9b55-ebcac5904a14,håndtere geospatiale teknologier,digital_consensus,0.6504983901977539,0.9169093370437622,0.013612568378448486
c0386c3f-ea40-4644-adab-a7f0c2996fa2,Digitale løsninger,VERKSTEDMEDARBEIDER/MEKANIKER,"Mekaniker, Mekaniker, Bilmekanikere",MOSJØEN,http://data.europa.eu/esco/skill/21d2f96d-35f7-4e3f-9745-c533d2dd6e97,dataprogrammering,digital_consensus,0.628021776676178,0.9054232835769653,0.049161553382873535
7c5113f9-b240-4a85-adee-69d9a5a6bd18,Hjelpemidler,Glad og sosial gutt i Asker,"Hjemmehjelper, BPA Personlig assistent, hjemmehjelp",ASKER,http://data.europa.eu/esco/skill/8759c352-8b00-498f-985a-935f13e1b043,hjelpemidler,exact,,1.0,
81b07379-7c1c-470b-95cb-0cf8266d3b9f,Dataanalyse,Senior rådgiver data og utvikling,"Rådgiver data, Systemanalytikere/-arkitekter, Sivilingeniører (elektronikk);, Dataingeniør, datavarehusutvikler",OSLO,http://data.europa.eu/esco/skill/97bd1c21-66b2-4b7e-ad0f-e3cda590e378,dataanalyse,exact,,1.0,
81b07379-7c1c-470b-95cb-0cf8266d3b9f,Produktutvikling,Senior rådgiver data og utvikling,"Rådgiver data, Systemanalytikere/-arkitekter, Sivilingeniører (elektronikk);, Dataingeniør, datavarehusutvikler",OSLO,http://data.europa.eu/esco/skill/4f6b656a-54d0-48ce-9b55-ebcac5904a14,håndtere geospatiale teknologier,digital_consensus,0.6504983901977539,0.9169093370437622,0.013612568378448486
747947d0-8ba8-4f92-bb02-a874facf687b,hjelpemidler,Vil du ha en meningsfull jobb der du virkelig kan gjøre en forskjell?,"Hjemmehjelper, Brukerstyrt personlig assistent (BPA), hjemmehjelp",ÅFJORD,http://data.europa.eu/esco/skill/8759c352-8b00-498f-985a-935f13e1b043,hjelpemidler,exact,,1.0,
2a626e8a-3e89-4c87-80cb-156ff9e8ed50,AI,Eager to make an impact through communication?,"Organisasjonsrådgivere, Finansanalytikere, Høyere saksbehandlere i offentlig og privat virksomhet, Leder for Business Intelligence, Strategirådgiver",OSLO,http://data.europa.eu/esco/skill/e465a154-93f7-4973-9ce1-31659fe16dd2,prinsipper for kunstig intelligens,digital_consensus,0.5584366917610168,0.99960857629776,0.001320481300354004
2a626e8a-3e89-4c87-80cb-156ff9e8ed50,Dataanalyse,Eager to make an impact through communication?,"Organisasjonsrådgivere, Finansanalytikere, Høyere saksbehandlere i offentlig og privat virksomhet, Leder for Business Intelligence, Strategirådgiver",OSLO,http://data.europa.eu/esco/skill/97bd1c21-66b2-4b7e-ad0f-e3cda590e378,dataanalyse,exact,,1.0,
05a7e59f-eb01-4257-9220-72ecad97689f,LIS3,Klar for spesialisering? Bli vår nye LIS3 i barne- og ungdomspsykiatri!,"Lege i spesialisering (LIS2), Allmennpraktiserende leger, Legespesialister, Legespesialist, spesiallege",HAUGESUND,http://data.europa.eu/esco/skill/0cd6dcf1-5778-42a5-b685-4d01ae4a4871,Common Lisp,digital_consensus,0.5861812233924866,0.999950647354126,3.814697265625e-06
0ae98a6a-6e0e-46a4-b5f4-bac8dbb34b09,Kvantitativ analyse,Rådgiver/seniorrådgiver innen analyse,"Høyere saksbehandlere i offentlig og privat virksomhet, Systemanalytikere/-arkitekter, dataanalytiker, Rådgiver (offentlig administrasjon), Seniorrådgiver offentlig administrasjon, Dataanalytiker",OSLO,http://data.europa.eu/esco/skill/6360a934-cc87-4954-9656-b32db20592e3,kvantitativ analyse,exact,,1.0,
0be9cd3a-219a-455f-9c54-2fded012f84d,Data governance,Seniorrådgiver Data Governance,"Seniorrådgiver datavarehus, Seniorrådgiver datavarehus, Systemanalytikere/-arkitekter",OSLO,http://data.europa.eu/esco/skill/3ec2e4d6-7000-4905-bf1a-c5b1679416de,datavarehus,digital_consensus,0.5980607867240906,0.9991195797920227,0.0002713799476623535
0be9cd3a-219a-455f-9c54-2fded012f84d,IT,Seniorrådgiver Data Governance,"Seniorrådgiver datavarehus, Seniorrådgiver datavarehus, Systemanalytikere/-arkitekter",OSLO,http://data.europa.eu/esco/skill/ddc3119d-1d6e-4324-9125-a3380d299ac5,IT,exact,,1.0,
14e973c9-b056-4c34-976b-a08498b52cfa,Arkitektur,IT arkitekt,"Systemanalytikere/-arkitekter, IT arkitekt, IT arkitekt",GJØVIK,http://data.europa.eu/esco/skill/c453cf81-6197-428e-84c6-70c773b63f27,Arkitektoniske IKT-rammeverk,digital_consensus,0.5593475699424744,0.9923986792564392,0.11609482765197754
14e973c9-b056-4c34-976b-a08498b52cfa,Digitalisering,IT arkitekt,"Systemanalytikere/-arkitekter, IT arkitekt, IT arkitekt",GJØVIK,http://data.europa.eu/esco/skill/aa0d8201-5a8e-417f-81f4-c04601139582,digitalisering,exact,,1.0,
14e973c9-b056-4c34-976b-a08498b52cfa,IT-arkitekt,IT arkitekt,"Systemanalytikere/-arkitekter, IT arkitekt, IT arkitekt",GJØVIK,http://data.europa.eu/esco/skill/c453cf81-6197-428e-84c6-70c773b63f27,Arkitektoniske IKT-rammeverk,digital_consensus,0.6209890842437744,0.9999566078186035,0.00011587142944335938
14e973c9-b056-4c34-976b-a08498b52cfa,Systemutvikling,IT arkitekt,"Systemanalytikere/-arkitekter, IT arkitekt, IT arkitekt",GJØVIK,http://data.europa.eu/esco/skill/21d2f96d-35f7-4e3f-9745-c533d2dd6e97,dataprogrammering,digital_consensus,0.6049041152000427,0.9194501638412476,0.19810181856155396
2953ac0a-4302-42ea-b74d-d66c06e66dae,BIM,"Rådgiver senior RIE, Bergen","Senior rådgiver vann og avløp, Senior rådgiver vann og avløp, Sivilingeniører (bygg og anlegg)",BERGEN,http://data.europa.eu/esco/skill/fae7e545-5114-43cc-8e83-178e2549ecb9,bim,exact,,1.0,
3c4518dc-6222-4893-bdf7-ba2a65feb315,Spesialingeniør,Spesialingeniør/spesialbioingeniør med IKT fagansvar ,"Bioingeniører, bioingeniør, Bioingeniør",BERGEN,http://data.europa.eu/esco/skill/89f6560b-2194-45c9-9ece-d33049a73eef,datateknikk,digital_consensus,0.5135436058044434,0.9858711361885071,0.005889534950256348
6e5f1123-909f-49aa-ada9-fd4db2892a44,Elektronikk,Elkjøp Kristiansund AS søker aftersalesansvarlig,"Salgs- og markedssjefer, Salgsansvarlig, salgssjef",KRISTIANSUND N,http://data.europa.eu/esco/skill/95c35c3a-035f-47c2-90cf-7e934d20fc08,elektronikk,exact,,1.0,
9502a7f8-ced0-41cb-a314-e96b75b80330,CT,Er du radiograf med interesse for CT?,"Radiograf, Radiograf, Radiografer mv.",LØRENSKOG,http://data.europa.eu/esco/skill/21d2f96d-35f7-4e3f-9745-c533d2dd6e97,cT,exact,,1.0,
f1080b4d-53e8-4367-90c1-1e07a09627ed,IT-sikkerhet,Rådgivende ingeniør sikkerhet,"Sivilingeniører (bygg og anlegg);, Rådgivende ingeniør bygg, byggingeniør",SKI,http://data.europa.eu/esco/skill/8088750d-8388-4170-a76f-48354c469c44,IT-sikkerhet,exact,,1.0,
f1ef3aa9-20bd-4354-a147-240402bc363a,Systemdesign,"Industrirådgiver prosess, Oslo/Bergen","Senior rådgiver vann og avløp, Sivilingeniører (bygg og anlegg), Andre ingeniører, Senior planleggingsingeniør øvrig teknisk virksomhet, Andre sivilingeniører (unntatt elektroteknologi);, Seniorkonsulent (andre sivilingeniører), Andre sivilingeniører (unntatt elektroteknologi)",BERGEN,http://data.europa.eu/esco/skill/fae27053-8924-4bfd-b565-c9fe502044c9,systemdesign,exact,,1.0,
f59be398-4584-4725-8359-e64da941013e,Dokumentforvaltning,Arkivansvarlig,"Arkivleder, Arkivleder, Arbeidsledere for kontorpersonell",SANDNES,http://data.europa.eu/esco/skill/bec4359e-cb92-468f-a997-8fb28e32fba9,Metoder innen IKT-prosjektledelse,digital_consensus,0.5678485035896301,0.9981982111930847,0.00032395124435424805
19eca5da-96f3-4abe-95c8-89a03437f8fc,Chef,KOKK/CHEF DØGNVILL BURGER BJØRVIKA,"Kokk, Kokk, Kokker",OSLO,http://data.europa.eu/esco/skill/49f85a99-086c-45b6-a6fa-eb90305af7b1,Chef (verktøy for programvarekonfigurasjonsstyring),digital_consensus,0.5692918300628662,0.9998630285263062,0.00815129280090332
5b4828d1-4d6b-4188-adb0-4811ed2a5adb,Kroppsøving,Ledig vikariat som aktivitetsleiar ved UWC Connect,"Aktivitetsleder, Aktivitetsleder, Andre personlige tjenesteytere",FLEKKE,http://data.europa.eu/esco/skill/21d2f96d-35f7-4e3f-9745-c533d2dd6e97,dataprogrammering,digital_consensus,0.5808157324790955,0.8279473185539246,0.013331234455108643
5dafddd9-d612-4fd5-9528-b50e7a82fdfd,Matros,Båtsmann ,"Dekks- og maskinmannskap (skip), Dekks- og maskinmannskap (skip);, matros, innlandsfart, Båtsmann, Matros",Missing location,http://data.europa.eu/esco/skill/c3a03c5a-c260-4c26-9b9a-873abb396f4d,MATLAB,digital_consensus,0.568639874458313,0.9997702240943909,0.0015523433685302734
b492b3d4-10e0-44ce-8ebb-3179724f6a5f,SAP,Vil du bli vår nye Contract \& Supply Chain Specialist?,"Supply Chain Konsulent, Logistikkmedarbeidere, Sivilingeniører (geofag, petro-leumsteknologi, metallurgi mv.);, Kontraktingeniør (olje og gass), petroleumsingeniør, Sivilingeniører (geofag, petro-leumsteknologi, metallurgi mv.);, Leverandørutviklingsrådgiver (olje og gass)",STAVANGER,http://data.europa.eu/esco/skill/f8e3425c-fe44-4ffb-bafe-0e20d91dadf4,SAP,exact,,1.0,
38fc07f9-ad03-490e-813a-aed7e6f00303,Digitalisering,Søker du det ultimate prosjektet å lede?,"IT-prosjektleder, IT-prosjektleder, Systemanalytikere/-arkitekter",TRONDHEIM,http://data.europa.eu/esco/skill/aa0d8201-5a8e-417f-81f4-c04601139582,digitalisering,exact,,1.0,
38fc07f9-ad03-490e-813a-aed7e6f00303,IT-prosjekt,Søker du det ultimate prosjektet å lede?,"IT-prosjektleder, IT-prosjektleder, Systemanalytikere/-arkitekter",TRONDHEIM,http://data.europa.eu/esco/skill/bec4359e-cb92-468f-a997-8fb28e32fba9,Metoder innen IKT-prosjektledelse,digital_consensus,0.5568580627441406,0.9992220401763916,0.0009100437164306641
38fc07f9-ad03-490e-813a-aed7e6f00303,Systemutvikling,Søker du det ultimate prosjektet å lede?,"IT-prosjektleder, IT-prosjektleder, Systemanalytikere/-arkitekter",TRONDHEIM,http://data.europa.eu/esco/skill/21d2f96d-35f7-4e3f-9745-c533d2dd6e97,dataprogrammering,digital_consensus,0.6049041152000427,0.9194501638412476,0.19810181856155396
45828800-b1ba-4543-bf4a-960f845acbb6,Digitalisering,Vil du vere med å forme framtidas digitale Noreg?,"Jurister og advokater, Jurist, Juridiske yrker",OSLO,http://data.europa.eu/esco/skill/aa0d8201-5a8e-417f-81f4-c04601139582,digitalisering,exact,,1.0,
8ca802b5-2282-4eb2-84d8-84f1feb06d28,Automatiker,"Elektriker, automatiker eller tavlemontør? Vi har spennende muligheter i Bergensområdet!","Automatiker, Automatikere, Elektrikere, Elektriker, Automatikere, Tavlemontør, installasjonselektriker",PARADIS,http://data.europa.eu/esco/skill/7a950986-27fe-4b6c-adf3-88f211e77019,robotkomponenter,digital_consensus,0.6843463182449341,0.9831464886665344,0.0006955862045288086
9586a0a7-7f95-4e40-b2ad-b53b99fcc305,Elektronikk,Kunderådgiver Elektrobutikk,"Butikkmedarbeidere, Butikkmedarbeider, Butikkmedarbeider",TILLER,http://data.europa.eu/esco/skill/95c35c3a-035f-47c2-90cf-7e934d20fc08,elektronikk,exact,,1.0,
7c941511-5758-46f8-a319-f231a4d69071,IT,Vil du utvikle programvare som brukes av verdens største energiselskaper? Oliasoft søker Fullstackutvikler (Søk uten CV og søknadsbrev),"Fullstackutvikler, Fullstackutvikler, Programvareutviklere",OSLO,http://data.europa.eu/esco/skill/ddc3119d-1d6e-4324-9125-a3380d299ac5,IT,exact,,1.0,
7c941511-5758-46f8-a319-f231a4d69071,Informatikk,Vil du utvikle programvare som brukes av verdens største energiselskaper? Oliasoft søker Fullstackutvikler (Søk uten CV og søknadsbrev),"Fullstackutvikler, Fullstackutvikler, Programvareutviklere",OSLO,http://data.europa.eu/esco/skill/7b5cce4d-c7fe-4119-b48f-70aa05391787,informatikk,exact,,1.0,
7c941511-5758-46f8-a319-f231a4d69071,Programmerer,Vil du utvikle programvare som brukes av verdens største energiselskaper? Oliasoft søker Fullstackutvikler (Søk uten CV og søknadsbrev),"Fullstackutvikler, Fullstackutvikler, Programvareutviklere",OSLO,http://data.europa.eu/esco/skill/21d2f96d-35f7-4e3f-9745-c533d2dd6e97,dataprogrammering,digital_consensus,0.6060227751731873,0.9829521775245667,0.035317838191986084
7c941511-5758-46f8-a319-f231a4d69071,Programvareutvikling,Vil du utvikle programvare som brukes av verdens største energiselskaper? Oliasoft søker Fullstackutvikler (Søk uten CV og søknadsbrev),"Fullstackutvikler, Fullstackutvikler, Programvareutviklere",OSLO,http://data.europa.eu/esco/skill/21d2f96d-35f7-4e3f-9745-c533d2dd6e97,dataprogrammering,digital_consensus,0.5329556465148926,0.9873233437538147,0.12117928266525269
7c941511-5758-46f8-a319-f231a4d69071,Systemutvikler,Vil du utvikle programvare som brukes av verdens største energiselskaper? Oliasoft søker Fullstackutvikler (Søk uten CV og søknadsbrev),"Fullstackutvikler, Fullstackutvikler, Programvareutviklere",OSLO,http://data.europa.eu/esco/skill/21d2f96d-35f7-4e3f-9745-c533d2dd6e97,dataprogrammering,digital_consensus,0.6546458005905151,0.9988632202148438,0.002029597759246826
f86575e5-3091-43b2-b084-c1abefed40d3,Digitale produkter,Bli Produktleder Abonnementsplattform i Amedia - et av Nordens største mediekonsern (Søk uten søknadsbrev),"Ledere av IKT-enheter, Produkteier, Produkteier",OSLO,http://data.europa.eu/esco/skill/e5609f89-0daf-40bb-bd6b-94f5d7498131,IKT-marked,digital_consensus,0.6573403477668762,0.97425776720047,0.10177195072174072
f86575e5-3091-43b2-b084-c1abefed40d3,Produktutvikling,Bli Produktleder Abonnementsplattform i Amedia - et av Nordens største mediekonsern (Søk uten søknadsbrev),"Ledere av IKT-enheter, Produkteier, Produkteier",OSLO,http://data.europa.eu/esco/skill/4f6b656a-54d0-48ce-9b55-ebcac5904a14,håndtere geospatiale teknologier,digital_consensus,0.6504983901977539,0.9169093370437622,0.013612568378448486
1fe57648-e845-41d2-a358-24ea58540819,Microsoft 365,Bli vår nye IT-medarbeider – bidra til en enklere digital hverdag for hele Biltema Norge,"IT Support, Brukerstøttere, IKT, Driftsteknikere, IKT, IT-Driftskonsulent, Driftsteknikere",JESSHEIM,http://data.europa.eu/esco/skill/f683ae1d-cb7c-4aa1-b9fe-205e1bd23535,bruke Microsoft Office,digital_consensus,0.5470774173736572,0.9996776580810547,0.0003491640090942383
4122cdcb-614b-49d3-98d5-085b61eee486,IT-tekniker,IT-supporttekniker,"IT Support, IT Support, Brukerstøttere, IKT",TRONDHEIM,http://data.europa.eu/esco/skill/21d2f96d-35f7-4e3f-9745-c533d2dd6e97,dataprogrammering,digital_consensus,0.5668003559112549,0.9945306181907654,0.0016807913780212402
4122cdcb-614b-49d3-98d5-085b61eee486,Microsoft 365,IT-supporttekniker,"IT Support, IT Support, Brukerstøttere, IKT",TRONDHEIM,http://data.europa.eu/esco/skill/f683ae1d-cb7c-4aa1-b9fe-205e1bd23535,bruke Microsoft Office,digital_consensus,0.5470774173736572,0.9996776580810547,0.0003491640090942383
007295ca-f497-4b00-809c-5ebc96176be9,IT,Vil du jobbe som applikasjonsforvalter og bidra til enda bedre støtteverktøy i politiet?,"Applikasjonsforvalter, Applikasjonsforvalter, Systemanalytikere/-arkitekter",OSLO,http://data.europa.eu/esco/skill/ddc3119d-1d6e-4324-9125-a3380d299ac5,IT,exact,,1.0,
09a2768f-dee6-4a28-b56e-67c3bff2fd87,CT,Radiograf,"Radiograf, Radiograf, Radiografer mv.",LEVANGER,http://data.europa.eu/esco/skill/21d2f96d-35f7-4e3f-9745-c533d2dd6e97,cT,exact,,1.0,
108fddd5-ee59-4862-bc96-4f1d65d50cce,IT,Vil du bidra til trygge bygg i Bergen kommune?,"Andre ingeniører, Sikringstekniker, Andre ingeniører",BERGEN,http://data.europa.eu/esco/skill/ddc3119d-1d6e-4324-9125-a3380d299ac5,IT,exact,,1.0,
132a2059-252e-4a5f-af7a-e08b0399776a,IT,Bli med og bygg fremtidens løsninger med Kotlin/Java hos Skatteetaten!,"Systemanalytikere/-arkitekter, Java Developer, Andre programvare- og applikasjonsutviklere, IT-utstyrsutvikler, Applikasjonsprogrammerere, Javascript utvikler, Applikasjonsprogrammerere, React utvikler, Databasedesignere og -administratorer, SQL Database Administrator, databaseadministrator",OSLO,http://data.europa.eu/esco/skill/ddc3119d-1d6e-4324-9125-a3380d299ac5,IT,exact,,1.0,
132a2059-252e-4a5f-af7a-e08b0399776a,Java,Bli med og bygg fremtidens løsninger med Kotlin/Java hos Skatteetaten!,"Systemanalytikere/-arkitekter, Java Developer, Andre programvare- og applikasjonsutviklere, IT-utstyrsutvikler, Applikasjonsprogrammerere, Javascript utvikler, Applikasjonsprogrammerere, React utvikler, Databasedesignere og -administratorer, SQL Database Administrator, databaseadministrator",OSLO,http://data.europa.eu/esco/skill/19a8293b-8e95-4de3-983f-77484079c389,Java,exact,,1.0,
132a2059-252e-4a5f-af7a-e08b0399776a,Programmering,Bli med og bygg fremtidens løsninger med Kotlin/Java hos Skatteetaten!,"Systemanalytikere/-arkitekter, Java Developer, Andre programvare- og applikasjonsutviklere, IT-utstyrsutvikler, Applikasjonsprogrammerere, Javascript utvikler, Applikasjonsprogrammerere, React utvikler, Databasedesignere og -administratorer, SQL Database Administrator, databaseadministrator",OSLO,http://data.europa.eu/esco/skill/21d2f96d-35f7-4e3f-9745-c533d2dd6e97,dataprogrammering,digital_consensus,0.714440643787384,0.9188328981399536,0.2761046886444092
132a2059-252e-4a5f-af7a-e08b0399776a,Systemutvikler,Bli med og bygg fremtidens løsninger med Kotlin/Java hos Skatteetaten!,"Systemanalytikere/-arkitekter, Java Developer, Andre programvare- og applikasjonsutviklere, IT-utstyrsutvikler, Applikasjonsprogrammerere, Javascript utvikler, Applikasjonsprogrammerere, React utvikler, Databasedesignere og -administratorer, SQL Database Administrator, databaseadministrator",OSLO,http://data.europa.eu/esco/skill/21d2f96d-35f7-4e3f-9745-c533d2dd6e97,dataprogrammering,digital_consensus,0.6546458005905151,0.9988632202148438,0.002029597759246826
18cf6283-a003-4a36-864d-60067e75362c,Digitalisering,Konsulent / spesialkonsulent til midlertidig prosjektstilling ,"Høyere saksbehandlere i offentlig og privat virksomhet, Konsulent i helsesektoren, helsekonsulent, Helsekonsulent",LILLESTRØM,http://data.europa.eu/esco/skill/aa0d8201-5a8e-417f-81f4-c04601139582,digitalisering,exact,,1.0,
1fec6262-9673-4e97-8de1-706032b2cf07,Serviceelektroniker,Er du vår nye stjerne innen teknisk sikkerhet?,"Elektrikere, Elektriker, Serviceelektronikere, Dataelektroniker, Serviceelektronikere, Serviceelektroniker, Verktøymaker, låsesmeder mv., Låsesmed, Tele- og IKT-installatører, Telekommunikasjonsmontør, Automatikere, Automatiker, automasjonsingeniør",TROMSØ,http://data.europa.eu/esco/skill/1ebc1454-b6cb-4e45-a96a-17399961ad39,administrere tekniske sikkerhetssystemer,digital_consensus,0.530051052570343,0.9971248507499695,0.013280391693115234
235a92df-4038-4562-9df6-971c88a468c6,LIS3,Lege i spesialisering i Indremedisin,"Allmennpraktiserende leger, Lege i spesialisering, indremedisin, allmennpraktiserende lege",LEVANGER,http://data.europa.eu/esco/skill/0cd6dcf1-5778-42a5-b685-4d01ae4a4871,Common Lisp,digital_consensus,0.5861812233924866,0.999950647354126,3.814697265625e-06
243b104a-6a24-481d-ad95-cb303f24bc3d,Digital kommunikasjon,Kommunikasjonsrådgiver - digitale kanaler og markedsføring,"Informasjonsrådgivere, Kommunikasjonsrådgiver, PR-konsulent",OSLO,http://data.europa.eu/esco/skill/234aeb8d-56c3-4531-9193-1c5e6a8d16cb,bruke presentasjonsprogramvare,digital_consensus,0.5378857851028442,0.9831987023353577,0.009777486324310303
2dedb774-ec65-4f75-9dca-1f541986104f,IT,Er du applikasjonstekniker og vil bidra til enda bedre IT-systemer i politiet?,"Applikasjonstekniker, Applikasjonstekniker, Applikasjonsprogrammerere",OSLO,http://data.europa.eu/esco/skill/ddc3119d-1d6e-4324-9125-a3380d299ac5,IT,exact,,1.0,
3462dc0e-11cc-4e18-8dd1-5096b8cbc3b8,Automatiker,Er du klar for å bygge eller videreutvikle din karriere innen teknisk sikkerhet?,"Systemanalytikere/-arkitekter, Systemtekniker, IKT-systemarkitekt",HARSTAD,http://data.europa.eu/esco/skill/7a950986-27fe-4b6c-adf3-88f211e77019,robotkomponenter,digital_consensus,0.6843463182449341,0.9831464886665344,0.0006955862045288086
3462dc0e-11cc-4e18-8dd1-5096b8cbc3b8,Serviceelektroniker,Er du klar for å bygge eller videreutvikle din karriere innen teknisk sikkerhet?,"Systemanalytikere/-arkitekter, Systemtekniker, IKT-systemarkitekt",HARSTAD,http://data.europa.eu/esco/skill/1ebc1454-b6cb-4e45-a96a-17399961ad39,administrere tekniske sikkerhetssystemer,digital_consensus,0.530051052570343,0.9971248507499695,0.013280391693115234
3462dc0e-11cc-4e18-8dd1-5096b8cbc3b8,Telekommunikasjonsmontør,Er du klar for å bygge eller videreutvikle din karriere innen teknisk sikkerhet?,"Systemanalytikere/-arkitekter, Systemtekniker, IKT-systemarkitekt",HARSTAD,http://data.europa.eu/esco/skill/14764a75-3104-4875-ba1d-57c059b9b013,telekommunikasjonsteknikk,digital_consensus,0.5404092669487,0.9998538494110107,0.001627504825592041
3846db0e-9860-4218-9f9b-972d74bc6be8,Digitalisering,Vi søker rådgiver innen  dokumentforvaltning,"Arkivarer og kuratorer, Dokumentforvalter, arkivassistent",LILLEHAMMER,http://data.europa.eu/esco/skill/aa0d8201-5a8e-417f-81f4-c04601139582,digitalisering,exact,,1.0,
3846db0e-9860-4218-9f9b-972d74bc6be8,Dokumentforvaltning,Vi søker rådgiver innen  dokumentforvaltning,"Arkivarer og kuratorer, Dokumentforvalter, arkivassistent",LILLEHAMMER,http://data.europa.eu/esco/skill/bec4359e-cb92-468f-a997-8fb28e32fba9,Metoder innen IKT-prosjektledelse,digital_consensus,0.5678485035896301,0.9981982111930847,0.00032395124435424805
3dfe3b1d-2d84-4254-8a22-dd221f3098ad,IKT-ferdigheter,Barnehagestyrer,"Ledere av omsorgstjenester for barn, Barnehagestyrer, styrer i førskole/barnehage",OSLO,http://data.europa.eu/esco/skill/778ca7ad-6c5d-4868-9b96-a7777dca799c,IKT-hjelpeplattformer,digital_consensus,0.5584409832954407,0.9517379999160767,0.9498681187396869
41c9027a-8520-4bf9-9c8e-02da3a8a708a,Cyberkrim,Politifaglig etterforskningsleder innen datakriminalitet (Politioverbetjent),"Etterforskningsleder, Politibetjent, Politibetjenter mv., Politibetjenter mv., Politioverbetjent",OSLO,http://data.europa.eu/esco/skill/78845d0c-e56f-4318-a9c6-bf75931dd520,innhente trusseletterretning,digital_consensus,0.548640787601471,0.8030491471290588,0.7928343089297414
41c9027a-8520-4bf9-9c8e-02da3a8a708a,Datakriminalitet,Politifaglig etterforskningsleder innen datakriminalitet (Politioverbetjent),"Etterforskningsleder, Politibetjent, Politibetjenter mv., Politibetjenter mv., Politioverbetjent",OSLO,http://data.europa.eu/esco/skill/78845d0c-e56f-4318-a9c6-bf75931dd520,innhente trusseletterretning,digital_consensus,0.6027292013168335,0.9985333681106567,0.0012303590774536133
41c9027a-8520-4bf9-9c8e-02da3a8a708a,Digital etterforskning,Politifaglig etterforskningsleder innen datakriminalitet (Politioverbetjent),"Etterforskningsleder, Politibetjent, Politibetjenter mv., Politibetjenter mv., Politioverbetjent",OSLO,http://data.europa.eu/esco/skill/118a9b27-1c5a-4214-b685-1a4d9e6365ea,dataetterforskning,digital_consensus,0.569876492023468,0.999607503414154,0.007637381553649902
48846957-c1db-4a32-ac69-56dab3a2894e,Database,Vil du jobbe med databaser i Skatteetaten? ,"Databasedesignere og -administratorer, Databaseadministrator, databaseadministrator, Databasedesignere og -administratorer, SQL Database Administrator",OSLO,http://data.europa.eu/esco/skill/43ae58b9-5e56-4524-b45a-b422777a0576,database,exact,,1.0,
48846957-c1db-4a32-ac69-56dab3a2894e,Databaseadministrator,Vil du jobbe med databaser i Skatteetaten? ,"Databasedesignere og -administratorer, Databaseadministrator, databaseadministrator, Databasedesignere og -administratorer, SQL Database Administrator",OSLO,http://data.europa.eu/esco/skill/ab1e97ed-2319-4293-a8b7-072d2648822f,systemer for databaseadministrering,digital_consensus,0.5844007134437561,0.9998764991760254,0.00015395879745483398
4d0b52d6-675d-4d11-8492-cb48e87465f1,Elektronikk,Proaktiv kvalitet i hvert steg,"Kvalitetssikringsingeniør, Kvalitetssikringsingeniør, Andre sivilingeniører( unntatt elektroteknologi)",ASKER,http://data.europa.eu/esco/skill/95c35c3a-035f-47c2-90cf-7e934d20fc08,elektronikk,exact,,1.0,
500236d7-30c7-4ff0-a48a-6908574949c3,Digitalisering,Har du hjerte for god dokumentforvaltning og er du opptatt av digitalisering og forbedring?,"Arkivfullmektig, Arkivfullmektig, Arkivassistenter",OSLO,http://data.europa.eu/esco/skill/aa0d8201-5a8e-417f-81f4-c04601139582,digitalisering,exact,,1.0,
500236d7-30c7-4ff0-a48a-6908574949c3,Dokumentforvaltning,Har du hjerte for god dokumentforvaltning og er du opptatt av digitalisering og forbedring?,"Arkivfullmektig, Arkivfullmektig, Arkivassistenter",OSLO,http://data.europa.eu/esco/skill/bec4359e-cb92-468f-a997-8fb28e32fba9,Metoder innen IKT-prosjektledelse,digital_consensus,0.5678485035896301,0.9981982111930847,0.00032395124435424805
500236d7-30c7-4ff0-a48a-6908574949c3,NOARK,Har du hjerte for god dokumentforvaltning og er du opptatt av digitalisering og forbedring?,"Arkivfullmektig, Arkivfullmektig, Arkivassistenter",OSLO,http://data.europa.eu/esco/skill/c1b4aa1e-bc42-49e4-952a-0cbd45f1d57b,museumsdatabaser,digital_consensus,0.5526581406593323,0.9563685655593872,0.019077718257904053
5e8d8b57-e4e0-4a56-9cc6-8d04b206b627,Softwareutvikling,Ønsker du en meningsfylt arbeidshverdag og vil være med på veksten i KONGSBERG?,"Ledere av IKT-enheter, Prosjektleder softwareutvikling, programvaresjef",MOSS,http://data.europa.eu/esco/skill/21d2f96d-35f7-4e3f-9745-c533d2dd6e97,dataprogrammering,digital_consensus,0.6154131889343262,0.9983090162277222,0.020649254322052002
6589a3ca-9cc5-4134-8eeb-09466e28aaf5,Dataanalyse,Rådgiver/ Seniorrådgiver utvikling og forvaltning av Helseteknologi,"Høyere saksbehandlere i offentlig og privat virksomhet, Rådgiver (offentlig administrasjon), Høyere saksbehandlere i offentlig og privat virksomhet",OSLO,http://data.europa.eu/esco/skill/97bd1c21-66b2-4b7e-ad0f-e3cda590e378,dataanalyse,exact,,1.0,
6589a3ca-9cc5-4134-8eeb-09466e28aaf5,Digitalisering,Rådgiver/ Seniorrådgiver utvikling og forvaltning av Helseteknologi,"Høyere saksbehandlere i offentlig og privat virksomhet, Rådgiver (offentlig administrasjon), Høyere saksbehandlere i offentlig og privat virksomhet",OSLO,http://data.europa.eu/esco/skill/aa0d8201-5a8e-417f-81f4-c04601139582,digitalisering,exact,,1.0,
763c0974-548b-4343-a9b2-914cf31ce327,Kroppsøving,Midlertidig stilling som kroppsøvingslærer og faglærer HO,"Kroppsøvingslærer, Grunnskolelærere, Yrkesfaglærere, Yrkesfaglærer, yrkesfaglærer",ANDENES,http://data.europa.eu/esco/skill/21d2f96d-35f7-4e3f-9745-c533d2dd6e97,dataprogrammering,digital_consensus,0.5808157324790955,0.8279473185539246,0.013331234455108643
7c5a8b0a-5f79-48b9-988d-814243ff1bf8,Dataanalyse,Senior analytiker ,"Systemanalytikere/-arkitekter, Høyere saksbehandlere i offentlig og privat virksomhet, Høyere saksbehandlere i offentlig og privat virksomhet, Brukeropplevelsesanalytiker, Seniorrådgiver offentlig administrasjon",OSLO,http://data.europa.eu/esco/skill/97bd1c21-66b2-4b7e-ad0f-e3cda590e378,dataanalyse,exact,,1.0,
840809eb-b807-45c8-af77-a1d9a826f4cc,Database,Vil du jobbe med databaser i Skatteetaten? ,"Systemanalytikere/-arkitekter, IT-ingeniør, Databasedesignere og -administratorer, Databaseadministrator, Databasedesignere og -administratorer, Databaseansvarlig, Databasedesignere og -administratorer, Databasedesigner, Databasedesignere og -administratorer, Databasespesialist Oracle, databaseutvikler",OSLO,http://data.europa.eu/esco/skill/43ae58b9-5e56-4524-b45a-b422777a0576,database,exact,,1.0,
840809eb-b807-45c8-af77-a1d9a826f4cc,Databaseadministrator,Vil du jobbe med databaser i Skatteetaten? ,"Systemanalytikere/-arkitekter, IT-ingeniør, Databasedesignere og -administratorer, Databaseadministrator, Databasedesignere og -administratorer, Databaseansvarlig, Databasedesignere og -administratorer, Databasedesigner, Databasedesignere og -administratorer, Databasespesialist Oracle, databaseutvikler",OSLO,http://data.europa.eu/esco/skill/ab1e97ed-2319-4293-a8b7-072d2648822f,systemer for databaseadministrering,digital_consensus,0.5844007134437561,0.9998764991760254,0.00015395879745483398
840809eb-b807-45c8-af77-a1d9a826f4cc,PostgreSQL,Vil du jobbe med databaser i Skatteetaten? ,"Systemanalytikere/-arkitekter, IT-ingeniør, Databasedesignere og -administratorer, Databaseadministrator, Databasedesignere og -administratorer, Databaseansvarlig, Databasedesignere og -administratorer, Databasedesigner, Databasedesignere og -administratorer, Databasespesialist Oracle, databaseutvikler",OSLO,http://data.europa.eu/esco/skill/a8d07b5a-c1a1-42c6-9d53-db9c7a2ca996,PostgreSQL,exact,,1.0,
84e716c4-b4f3-460e-8a99-ec76f6f54208,IT-sikkerhet,Fagleder sårbarhetsstyring og penetrasjonstesting,"IT-sikkerhetsrådgiver, IT-sikkerhetsrådgiver, Sikkerhetsanalytikere mv.",OSLO,http://data.europa.eu/esco/skill/8088750d-8388-4170-a76f-48354c469c44,IT-sikkerhet,exact,,1.0,
84e716c4-b4f3-460e-8a99-ec76f6f54208,Penetrasjonstesting,Fagleder sårbarhetsstyring og penetrasjonstesting,"IT-sikkerhetsrådgiver, IT-sikkerhetsrådgiver, Sikkerhetsanalytikere mv.",OSLO,http://data.europa.eu/esco/skill/de586dcf-d7e5-4340-bf5b-d59026f1b436,verktøy for penetrasjonstesting,digital_consensus,0.6025180220603943,0.9985672235488892,0.8126402646303177
87102900-292e-4c8d-a0f6-33c7459cb5e9,IT,Bli med på utviklingen av nytt Aksjonærbeskatningssytem!  ,"Andre programvare- og applikasjonsutviklere, IT Testutvikler, Systemanalytikere/-arkitekter, Utvikler av intelligente IKT-systemer, utvikler av IKT-intelligenssystemer",GRIMSTAD,http://data.europa.eu/esco/skill/ddc3119d-1d6e-4324-9125-a3380d299ac5,IT,exact,,1.0,
87102900-292e-4c8d-a0f6-33c7459cb5e9,Java,Bli med på utviklingen av nytt Aksjonærbeskatningssytem!  ,"Andre programvare- og applikasjonsutviklere, IT Testutvikler, Systemanalytikere/-arkitekter, Utvikler av intelligente IKT-systemer, utvikler av IKT-intelligenssystemer",GRIMSTAD,http://data.europa.eu/esco/skill/19a8293b-8e95-4de3-983f-77484079c389,Java,exact,,1.0,
87102900-292e-4c8d-a0f6-33c7459cb5e9,Programmering,Bli med på utviklingen av nytt Aksjonærbeskatningssytem!  ,"Andre programvare- og applikasjonsutviklere, IT Testutvikler, Systemanalytikere/-arkitekter, Utvikler av intelligente IKT-systemer, utvikler av IKT-intelligenssystemer",GRIMSTAD,http://data.europa.eu/esco/skill/21d2f96d-35f7-4e3f-9745-c533d2dd6e97,dataprogrammering,digital_consensus,0.714440643787384,0.9188328981399536,0.2761046886444092
87102900-292e-4c8d-a0f6-33c7459cb5e9,Systemutvikling,Bli med på utviklingen av nytt Aksjonærbeskatningssytem!  ,"Andre programvare- og applikasjonsutviklere, IT Testutvikler, Systemanalytikere/-arkitekter, Utvikler av intelligente IKT-systemer, utvikler av IKT-intelligenssystemer",GRIMSTAD,http://data.europa.eu/esco/skill/21d2f96d-35f7-4e3f-9745-c533d2dd6e97,dataprogrammering,digital_consensus,0.6049041152000427,0.9194501638412476,0.19810181856155396
8f76bbc2-3064-451b-b6c5-5cf6d08d40b4,IT-prosjekt,Har du lyst til å jobbe med test i et større IT-prosjekt?,"Systemanalytikere/-arkitekter, IT-ingeniør, dataingeniør",GRIMSTAD,http://data.europa.eu/esco/skill/bec4359e-cb92-468f-a997-8fb28e32fba9,Metoder innen IKT-prosjektledelse,digital_consensus,0.5568580627441406,0.9992220401763916,0.0009100437164306641
8f76bbc2-3064-451b-b6c5-5cf6d08d40b4,Systemutvikling,Har du lyst til å jobbe med test i et større IT-prosjekt?,"Systemanalytikere/-arkitekter, IT-ingeniør, dataingeniør",GRIMSTAD,http://data.europa.eu/esco/skill/21d2f96d-35f7-4e3f-9745-c533d2dd6e97,dataprogrammering,digital_consensus,0.6049041152000427,0.9194501638412476,0.19810181856155396
8f76bbc2-3064-451b-b6c5-5cf6d08d40b4,Testleder,Har du lyst til å jobbe med test i et større IT-prosjekt?,"Systemanalytikere/-arkitekter, IT-ingeniør, dataingeniør",GRIMSTAD,http://data.europa.eu/esco/skill/21d2f96d-35f7-4e3f-9745-c533d2dd6e97,dataprogrammering,digital_consensus,0.5879353880882263,0.8702048063278198,0.08961606025695801
9c583a76-52d7-4873-b991-93611650be6b,Hjelpemidler,Rådgjevar- Nasjonal Serviceteneste,"Høyere saksbehandlere i offentlig og privat virksomhet, Rådgiver (offentlig administrasjon), Høyere saksbehandlere i offentlig og privat virksomhet",FØRDE,http://data.europa.eu/esco/skill/8759c352-8b00-498f-985a-935f13e1b043,hjelpemidler,exact,,1.0,
a09b1402-2ad8-4857-af14-06b917ba7f42,GIS,Vil du jobbe med hydrologiske analyser og være med på å utvikle framtidens hydrologiske analyseverktøy i NVE?,"Hydrolog, Hydrolog, Geologer og geofysikere",OSLO,http://data.europa.eu/esco/skill/377861af-f966-4c87-a2db-7e99904312b9,gis,exact,,1.0,
a09b1402-2ad8-4857-af14-06b917ba7f42,Programmering,Vil du jobbe med hydrologiske analyser og være med på å utvikle framtidens hydrologiske analyseverktøy i NVE?,"Hydrolog, Hydrolog, Geologer og geofysikere",OSLO,http://data.europa.eu/esco/skill/21d2f96d-35f7-4e3f-9745-c533d2dd6e97,dataprogrammering,digital_consensus,0.714440643787384,0.9188328981399536,0.2761046886444092
a0c05684-ae36-4c33-b66f-b5398ec895d3,Digitalisering,Vil du være med på å utvikle og forvalte FDVU-systemet til  en av Norges mest hemmelig eiendomsportefølje?,"Systemadministratorer, IKT-systemadministrator, Systemforvalter",OSLO,http://data.europa.eu/esco/skill/aa0d8201-5a8e-417f-81f4-c04601139582,digitalisering,exact,,1.0,
b2170900-8c8b-4994-8d51-5ea2479a6ab7,Testleder,Vil du sikre kvalitet i fremtidens digitale helsetjenester? ,"IT-konsulent, IT-konsulent, Systemanalytikere/-arkitekter",BODØ,http://data.europa.eu/esco/skill/21d2f96d-35f7-4e3f-9745-c533d2dd6e97,dataprogrammering,digital_consensus,0.5879353880882263,0.8702048063278198,0.08961606025695801
b5528c95-574c-476c-8b61-f8b9ad4e6b52,UX-designer,Vil du designe løsninger for hele Norges befolkning og næringsliv? ,"UX-Designer, UX-Designer, Grafiske og multimediadesignere",OSLO,http://data.europa.eu/esco/skill/1019423b-3368-4f83-b24f-19e5fa23e816,designmønstre for brukergrensesnitt for programvare,digital_consensus,0.5588029623031616,0.9994383454322815,0.0010673999786376953
b5528c95-574c-476c-8b61-f8b9ad4e6b52,interaksjonsdesign,Vil du designe løsninger for hele Norges befolkning og næringsliv? ,"UX-Designer, UX-Designer, Grafiske og multimediadesignere",OSLO,http://data.europa.eu/esco/skill/1019423b-3368-4f83-b24f-19e5fa23e816,designmønstre for brukergrensesnitt for programvare,digital_consensus,0.6972687840461731,0.8965777158737183,0.8201393559575081
bc345727-9d19-4d75-a08b-eb1e2c10c50e,Digitalisering,Vil du bygge digitale løsninger for Oslo kommunes eiendomsportefølje?,"PC Power User SIZ, PC Power User SIZ, Brukerstøttere, IKT",OSLO,http://data.europa.eu/esco/skill/aa0d8201-5a8e-417f-81f4-c04601139582,digitalisering,exact,,1.0,
bc345727-9d19-4d75-a08b-eb1e2c10c50e,IT,Vil du bygge digitale løsninger for Oslo kommunes eiendomsportefølje?,"PC Power User SIZ, PC Power User SIZ, Brukerstøttere, IKT",OSLO,http://data.europa.eu/esco/skill/ddc3119d-1d6e-4324-9125-a3380d299ac5,IT,exact,,1.0,
bc345727-9d19-4d75-a08b-eb1e2c10c50e,Systemutvikler,Vil du bygge digitale løsninger for Oslo kommunes eiendomsportefølje?,"PC Power User SIZ, PC Power User SIZ, Brukerstøttere, IKT",OSLO,http://data.europa.eu/esco/skill/21d2f96d-35f7-4e3f-9745-c533d2dd6e97,dataprogrammering,digital_consensus,0.6546458005905151,0.9988632202148438,0.002029597759246826
bdd5e0f8-ae2a-4716-b853-947b89e3ac11,Database,Vil du jobbe med databaser i Skatteetaten? ,"Databaseadministrator SQL, Databaseadministrator SQL, Databasedesignere og -administratorer, SQL Database Administrator",GRIMSTAD,http://data.europa.eu/esco/skill/43ae58b9-5e56-4524-b45a-b422777a0576,database,exact,,1.0,
bdd5e0f8-ae2a-4716-b853-947b89e3ac11,MSSQL,Vil du jobbe med databaser i Skatteetaten? ,"Databaseadministrator SQL, Databaseadministrator SQL, Databasedesignere og -administratorer, SQL Database Administrator",GRIMSTAD,http://data.europa.eu/esco/skill/ab1e97ed-2319-4293-a8b7-072d2648822f,systemer for databaseadministrering,digital_consensus,0.6199733018875122,0.9822423458099365,0.027908504009246826
d6944e68-4b23-4f0a-984f-c61c3ac3af81,Hjelpemidler,Ergoterapeut,"Ergoterapeut, Ergoterapeut, Ergoterapeuter",HAMMERFEST,http://data.europa.eu/esco/skill/8759c352-8b00-498f-985a-935f13e1b043,hjelpemidler,exact,,1.0,
d98b4ccb-fe6e-48f9-aa62-d28b724d8f17,IT,Vil du være med og gjøre Skatteetatens løsninger enda bedre?,"Programvareutviklere, Arkitekt/utvikler, programvarearkitekt",OSLO,http://data.europa.eu/esco/skill/ddc3119d-1d6e-4324-9125-a3380d299ac5,IT,exact,,1.0,
d98b4ccb-fe6e-48f9-aa62-d28b724d8f17,Java,Vil du være med og gjøre Skatteetatens løsninger enda bedre?,"Programvareutviklere, Arkitekt/utvikler, programvarearkitekt",OSLO,http://data.europa.eu/esco/skill/19a8293b-8e95-4de3-983f-77484079c389,Java,exact,,1.0,
d98b4ccb-fe6e-48f9-aa62-d28b724d8f17,Programmerer,Vil du være med og gjøre Skatteetatens løsninger enda bedre?,"Programvareutviklere, Arkitekt/utvikler, programvarearkitekt",OSLO,http://data.europa.eu/esco/skill/21d2f96d-35f7-4e3f-9745-c533d2dd6e97,dataprogrammering,digital_consensus,0.6060227751731873,0.9829521775245667,0.035317838191986084
d98b4ccb-fe6e-48f9-aa62-d28b724d8f17,Systemutvikler,Vil du være med og gjøre Skatteetatens løsninger enda bedre?,"Programvareutviklere, Arkitekt/utvikler, programvarearkitekt",OSLO,http://data.europa.eu/esco/skill/21d2f96d-35f7-4e3f-9745-c533d2dd6e97,dataprogrammering,digital_consensus,0.6546458005905151,0.9988632202148438,0.002029597759246826
dd307d74-f1b1-44cc-b8ab-27ef936a9ceb,Hjelpemidler,Fagkonsulent for hørsel og syn,"Ergoterapeuter, Ergoterapeut, ergoterapeut",STAVANGER,http://data.europa.eu/esco/skill/8759c352-8b00-498f-985a-935f13e1b043,hjelpemidler,exact,,1.0,
e029a5dd-d8f8-4156-814a-878f5f2f6262,Java,Har du lyst til å jobbe med arkitektur i et større IT-prosjekt?,"Systemanalytikere/-arkitekter, Java Developer, mobilapputvikler",GRIMSTAD,http://data.europa.eu/esco/skill/19a8293b-8e95-4de3-983f-77484079c389,Java,exact,,1.0,
e029a5dd-d8f8-4156-814a-878f5f2f6262,Skyplattform,Har du lyst til å jobbe med arkitektur i et større IT-prosjekt?,"Systemanalytikere/-arkitekter, Java Developer, mobilapputvikler",GRIMSTAD,http://data.europa.eu/esco/skill/11430d93-c835-48ed-8e70-285fa69c9ae6,designe skyarkitektur,digital_consensus,0.5947005748748779,0.9967308044433594,0.002797067165374756
e029a5dd-d8f8-4156-814a-878f5f2f6262,Systemarkitekt,Har du lyst til å jobbe med arkitektur i et større IT-prosjekt?,"Systemanalytikere/-arkitekter, Java Developer, mobilapputvikler",GRIMSTAD,http://data.europa.eu/esco/skill/21d2f96d-35f7-4e3f-9745-c533d2dd6e97,dataprogrammering,digital_consensus,0.5813876986503601,0.986229658126831,0.0011911988258361816
e7e224dd-b413-4a4e-ad65-c13433d20a5e,Digitalisering,Vil du være med å utvikle løsninger som gjør en forskjell for hele Norge?,"IKT Løsningsarkitekt, IKT Løsningsarkitekt, Programvareutviklere",OSLO,http://data.europa.eu/esco/skill/aa0d8201-5a8e-417f-81f4-c04601139582,digitalisering,exact,,1.0,
e7e224dd-b413-4a4e-ad65-c13433d20a5e,IT-arkitekt,Vil du være med å utvikle løsninger som gjør en forskjell for hele Norge?,"IKT Løsningsarkitekt, IKT Løsningsarkitekt, Programvareutviklere",OSLO,http://data.europa.eu/esco/skill/c453cf81-6197-428e-84c6-70c773b63f27,Arkitektoniske IKT-rammeverk,digital_consensus,0.6209890842437744,0.9999566078186035,0.00011587142944335938
e7e224dd-b413-4a4e-ad65-c13433d20a5e,Systemutvikling,Vil du være med å utvikle løsninger som gjør en forskjell for hele Norge?,"IKT Løsningsarkitekt, IKT Løsningsarkitekt, Programvareutviklere",OSLO,http://data.europa.eu/esco/skill/21d2f96d-35f7-4e3f-9745-c533d2dd6e97,dataprogrammering,digital_consensus,0.6049041152000427,0.9194501638412476,0.19810181856155396
e83fa2da-fb69-4be8-9cea-f2d5ec710203,Dataanalyse,Rådgiver/Seniorrådgiver ,"Høyere saksbehandlere i offentlig og privat virksomhet, Seniorrådgiver offentlig administrasjon, Matematikere, statistikere mv., Seniorrådgivere (statistikkarbeid), Høyere saksbehandlere i offentlig og privat virksomhet",BODØ,http://data.europa.eu/esco/skill/97bd1c21-66b2-4b7e-ad0f-e3cda590e378,dataanalyse,exact,,1.0,
e8e4d65c-d20f-420d-aaa6-d2c6012f99ad,Microsoft 365,Vil du bidra til at Lånekassens IT-tjenester fungerer sømløst? Lånekassen søker erfaren IT-driftstekniker! ,"Driftstekniker IT, Driftstekniker IT, Driftsteknikere, IKT",OSLO,http://data.europa.eu/esco/skill/f683ae1d-cb7c-4aa1-b9fe-205e1bd23535,bruke Microsoft Office,digital_consensus,0.5470774173736572,0.9996776580810547,0.0003491640090942383
e99227b8-8d18-482b-b86e-802d7bb0ff55,Cybersikkerhet,Evaluator for kvalitetsordningen for hendelseshåndtering,"Representant for Employee Relocation Services, Andre yrker innen forretningstjenester, Høyere saksbehandlere i offentlig og privat virksomhet, Seniorrådgiver offentlig administrasjon, Høyere saksbehandlere i offentlig og privat virksomhet",FORNEBU,http://data.europa.eu/esco/skill/8088750d-8388-4170-a76f-48354c469c44,cybersikkerhet,exact,,1.0,
e99227b8-8d18-482b-b86e-802d7bb0ff55,Hendelseshåndtering,Evaluator for kvalitetsordningen for hendelseshåndtering,"Representant for Employee Relocation Services, Andre yrker innen forretningstjenester, Høyere saksbehandlere i offentlig og privat virksomhet, Seniorrådgiver offentlig administrasjon, Høyere saksbehandlere i offentlig og privat virksomhet",FORNEBU,http://data.europa.eu/esco/skill/8181aa4c-42bc-4036-a3d2-5cb6bbb34239,håndtere cybersikkerhetshendelser,digital_consensus,0.670574963092804,0.9964136481285095,0.011377155780792236
e99227b8-8d18-482b-b86e-802d7bb0ff55,IT-sikkerhet,Evaluator for kvalitetsordningen for hendelseshåndtering,"Representant for Employee Relocation Services, Andre yrker innen forretningstjenester, Høyere saksbehandlere i offentlig og privat virksomhet, Seniorrådgiver offentlig administrasjon, Høyere saksbehandlere i offentlig og privat virksomhet",FORNEBU,http://data.europa.eu/esco/skill/8088750d-8388-4170-a76f-48354c469c44,IT-sikkerhet,exact,,1.0,
f7a883ae-d89c-4001-a8df-45fb1f9752e9,Digital arkivering,Arkivarbeid er viktigere enn du tror,"Arkivar, Arkivar, Arkivarer og kuratorer",STAVANGER,http://data.europa.eu/esco/skill/fa3e5cec-703e-4d46-b3bb-e8a89540ab54,administrere digitale arkiver,digital_consensus,0.5844239592552185,0.9920966625213623,0.17396503686904907
f7a883ae-d89c-4001-a8df-45fb1f9752e9,Dokumentforvaltning,Arkivarbeid er viktigere enn du tror,"Arkivar, Arkivar, Arkivarer og kuratorer",STAVANGER,http://data.europa.eu/esco/skill/bec4359e-cb92-468f-a997-8fb28e32fba9,Metoder innen IKT-prosjektledelse,digital_consensus,0.5678485035896301,0.9981982111930847,0.00032395124435424805
fb36399f-4b97-4641-b8db-54c1b3623943,Dataanalyse,Laboratoriekoordinator for Europeisk referanselaboratorium (EURL) for mat og vannbårne virus,"Biologer, botanikere, zoologer mv., Molekylærbiolog, Biologer, botanikere, zoologer mv., Mikrobiolog, Sivilingeniører (kjemi);, Bioteknolog, biokjemiingeniør",OSLO,http://data.europa.eu/esco/skill/97bd1c21-66b2-4b7e-ad0f-e3cda590e378,dataanalyse,exact,,1.0,
fc9ef301-8dc5-42ca-93cb-5596be2e8d67,Hardware,Utvikler med hjerte for NI LabVIEW,"Sivilingeniører (industri og produksjon);, Prosjektingeniør automasjon og informasjonsteknologi, Elektronikkingeniører, Prosjektingeniør elektronikk og telekommunikasjon, Elektronikkingeniører, Prosjektingeniør elektroteknikk, Systemanalytikere/-arkitekter, Systemutvikler, IKT-systemutvikler",KONGSBERG,http://data.europa.eu/esco/skill/bac209e9-d337-4312-9041-17c2e75fa4df,maskinvareindustrien,digital_consensus,0.6338323950767517,0.9939467310905457,0.9444455578923225
fc9ef301-8dc5-42ca-93cb-5596be2e8d67,LabVIEW,Utvikler med hjerte for NI LabVIEW,"Sivilingeniører (industri og produksjon);, Prosjektingeniør automasjon og informasjonsteknologi, Elektronikkingeniører, Prosjektingeniør elektronikk og telekommunikasjon, Elektronikkingeniører, Prosjektingeniør elektroteknikk, Systemanalytikere/-arkitekter, Systemutvikler, IKT-systemutvikler",KONGSBERG,http://data.europa.eu/esco/skill/21d2f96d-35f7-4e3f-9745-c533d2dd6e97,LabVIEW,exact,,1.0,
fc9ef301-8dc5-42ca-93cb-5596be2e8d67,Programmering,Utvikler med hjerte for NI LabVIEW,"Sivilingeniører (industri og produksjon);, Prosjektingeniør automasjon og informasjonsteknologi, Elektronikkingeniører, Prosjektingeniør elektronikk og telekommunikasjon, Elektronikkingeniører, Prosjektingeniør elektroteknikk, Systemanalytikere/-arkitekter, Systemutvikler, IKT-systemutvikler",KONGSBERG,http://data.europa.eu/esco/skill/21d2f96d-35f7-4e3f-9745-c533d2dd6e97,dataprogrammering,digital_consensus,0.714440643787384,0.9188328981399536,0.2761046886444092
fc9ef301-8dc5-42ca-93cb-5596be2e8d67,Systemutvikling,Utvikler med hjerte for NI LabVIEW,"Sivilingeniører (industri og produksjon);, Prosjektingeniør automasjon og informasjonsteknologi, Elektronikkingeniører, Prosjektingeniør elektronikk og telekommunikasjon, Elektronikkingeniører, Prosjektingeniør elektroteknikk, Systemanalytikere/-arkitekter, Systemutvikler, IKT-systemutvikler",KONGSBERG,http://data.europa.eu/esco/skill/21d2f96d-35f7-4e3f-9745-c533d2dd6e97,dataprogrammering,digital_consensus,0.6049041152000427,0.9194501638412476,0.19810181856155396
54de645f-de67-4165-ac9b-f1077b2fef85,Dataanalytiker,Senior FP&A & Data Analyst,"Dataanalytiker, Dataanalytiker, Systemanalytikere/-arkitekter",OSLO,http://data.europa.eu/esco/skill/3ec2e4d6-7000-4905-bf1a-c5b1679416de,datavarehus,digital_consensus,0.6028291583061218,0.9999380111694336,1.7881393432617188e-06
54de645f-de67-4165-ac9b-f1077b2fef85,SaaS,Senior FP&A & Data Analyst,"Dataanalytiker, Dataanalytiker, Systemanalytikere/-arkitekter",OSLO,http://data.europa.eu/esco/skill/83218cac-3599-417e-93d2-26013cdccd98,SaaS,exact,,1.0,
20dd8160-2ddf-46ae-9b06-883c0d7a0281,Chef,Chefs wanted in Oslo,"Kokk, Kokk, Kokker",OSLO,http://data.europa.eu/esco/skill/49f85a99-086c-45b6-a6fa-eb90305af7b1,Chef (verktøy for programvarekonfigurasjonsstyring),digital_consensus,0.5692918300628662,0.9998630285263062,0.00815129280090332
896ae1f0-c4c5-430f-ade6-cd16cf08389b,Java,Bygg verktøy som gjør gode rådgivere enda bedre,"Systemanalytikere/-arkitekter, utvikler av IKT-intelligenssystemer, Utvikler av intelligente IKT-systemer",OSLO,http://data.europa.eu/esco/skill/19a8293b-8e95-4de3-983f-77484079c389,Java,exact,,1.0,
896ae1f0-c4c5-430f-ade6-cd16cf08389b,Programmerer,Bygg verktøy som gjør gode rådgivere enda bedre,"Systemanalytikere/-arkitekter, utvikler av IKT-intelligenssystemer, Utvikler av intelligente IKT-systemer",OSLO,http://data.europa.eu/esco/skill/21d2f96d-35f7-4e3f-9745-c533d2dd6e97,dataprogrammering,digital_consensus,0.6060227751731873,0.9829521775245667,0.035317838191986084
896ae1f0-c4c5-430f-ade6-cd16cf08389b,Systemutvikler,Bygg verktøy som gjør gode rådgivere enda bedre,"Systemanalytikere/-arkitekter, utvikler av IKT-intelligenssystemer, Utvikler av intelligente IKT-systemer",OSLO,http://data.europa.eu/esco/skill/21d2f96d-35f7-4e3f-9745-c533d2dd6e97,dataprogrammering,digital_consensus,0.6546458005905151,0.9988632202148438,0.002029597759246826
896ae1f0-c4c5-430f-ade6-cd16cf08389b,TypeScript,Bygg verktøy som gjør gode rådgivere enda bedre,"Systemanalytikere/-arkitekter, utvikler av IKT-intelligenssystemer, Utvikler av intelligente IKT-systemer",OSLO,http://data.europa.eu/esco/skill/867137fb-ff1b-4ca3-99f3-cb6969aa2c68,TypeScript,exact,,1.0,
ce0804f9-23b4-4562-8aa0-11a92a1d0a0b,Java,Bli med og bygg fremtidens forsikringsoppgjør sammen med oss,"Programvareutviklere, programvareutvikler, Utvikler (Frontend- og backend)",OSLO,http://data.europa.eu/esco/skill/19a8293b-8e95-4de3-983f-77484079c389,Java,exact,,1.0,
ce0804f9-23b4-4562-8aa0-11a92a1d0a0b,Programmerer,Bli med og bygg fremtidens forsikringsoppgjør sammen med oss,"Programvareutviklere, programvareutvikler, Utvikler (Frontend- og backend)",OSLO,http://data.europa.eu/esco/skill/21d2f96d-35f7-4e3f-9745-c533d2dd6e97,dataprogrammering,digital_consensus,0.6060227751731873,0.9829521775245667,0.035317838191986084
ce0804f9-23b4-4562-8aa0-11a92a1d0a0b,Systemutvikler,Bli med og bygg fremtidens forsikringsoppgjør sammen med oss,"Programvareutviklere, programvareutvikler, Utvikler (Frontend- og backend)",OSLO,http://data.europa.eu/esco/skill/21d2f96d-35f7-4e3f-9745-c533d2dd6e97,dataprogrammering,digital_consensus,0.6546458005905151,0.9988632202148438,0.002029597759246826
ce0804f9-23b4-4562-8aa0-11a92a1d0a0b,TypeScript,Bli med og bygg fremtidens forsikringsoppgjør sammen med oss,"Programvareutviklere, programvareutvikler, Utvikler (Frontend- og backend)",OSLO,http://data.europa.eu/esco/skill/867137fb-ff1b-4ca3-99f3-cb6969aa2c68,TypeScript,exact,,1.0,
2bb99567-73e3-4e17-adcb-537d048a040f,Produktdesign,Bli med og skap helhetlige kundeopplevelser på tvers av bank og forsikring!,"Grafiske og multimediadesignere, UX-Designer, UX-Designer",OSLO,http://data.europa.eu/esco/skill/e665d919-f28d-4ac4-adf0-8903ac66540e,utvikle designplaner,digital_consensus,0.5649316906929016,0.9622174501419067,0.00295257568359375
2bb99567-73e3-4e17-adcb-537d048a040f,UX,Bli med og skap helhetlige kundeopplevelser på tvers av bank og forsikring!,"Grafiske og multimediadesignere, UX-Designer, UX-Designer",OSLO,http://data.europa.eu/esco/skill/07dd856d-6141-48a7-a228-918f88494812,UX,exact,,1.0,
bd3e475a-7787-4f81-92a5-3c1decb0f0f3,Digitalisering,Vil du jobbe med utvikling av HR i Forsvaret?,"Prosjektleder, Andre administrative ledere, Personal- og karriererådgivere, HR-konsulent, Rådgivere/forskere, samfunnsøkonomi, Samfunnsøkonom, Rådgivere/forskere, samfunnsøkonomi, Økonom, Systemanalytikere/-arkitekter, IT-ingeniør, dataingeniør",HAMAR,http://data.europa.eu/esco/skill/aa0d8201-5a8e-417f-81f4-c04601139582,digitalisering,exact,,1.0,
199a9ab9-0927-4b65-bcc1-8bfb0cb06edc,Callsenter,Møtebooker for ventilasjonsrens,"Resepsjonister (ekskl. hotell), Møtebooker, Møtebooker",OSLO,http://data.europa.eu/esco/skill/e13b734a-218c-434a-a7cc-febac6d24ef3,kundesupportteknologi,digital_consensus,0.5055320858955383,0.974358856678009,0.7325244694948196
3c200545-827f-45f3-a514-8f504ba15ba6,Manikyrist,Manikyrist/ Negldesigner søkes til Trysil,"Manikyrist, Kosmetologer mv.",TRYSIL,http://data.europa.eu/esco/skill/21d2f96d-35f7-4e3f-9745-c533d2dd6e97,dataprogrammering,digital_consensus,0.5000888705253601,0.8150707483291626,0.19675719738006592
c6e558f4-daa3-4535-af7e-895749f1a9ba,Mobilutvikler,Bli vår første utvikler på innsiden,"Utvikler (Frontend- og backend), Utvikler (Frontend- og backend), Programvareutviklere",ALTA,http://data.europa.eu/esco/skill/d8829a1d-dbde-435b-b921-29d6462f35c9,Android (mobile operativsystemer),digital_consensus,0.578715443611145,0.9784018397331238,0.3865848779678345
c6e558f4-daa3-4535-af7e-895749f1a9ba,Programmerer,Bli vår første utvikler på innsiden,"Utvikler (Frontend- og backend), Utvikler (Frontend- og backend), Programvareutviklere",ALTA,http://data.europa.eu/esco/skill/21d2f96d-35f7-4e3f-9745-c533d2dd6e97,dataprogrammering,digital_consensus,0.6060227751731873,0.9829521775245667,0.035317838191986084
af2d47fc-ec6b-4311-a517-84515a5f6da7,Scrum,Vil du jobbe med design og utvikling av avanserte systemer innen Air Traffic management?,"Grafiske og multimediadesignere, Systemanalytikere/-arkitekter, brukergrensesnittutvikler, UX-Designer, Frontend systemutvikler",ASKER,http://data.europa.eu/esco/skill/bec4359e-cb92-468f-a997-8fb28e32fba9,Scrum,exact,,1.0,
af2d47fc-ec6b-4311-a517-84515a5f6da7,Systemutvikler,Vil du jobbe med design og utvikling av avanserte systemer innen Air Traffic management?,"Grafiske og multimediadesignere, Systemanalytikere/-arkitekter, brukergrensesnittutvikler, UX-Designer, Frontend systemutvikler",ASKER,http://data.europa.eu/esco/skill/21d2f96d-35f7-4e3f-9745-c533d2dd6e97,dataprogrammering,digital_consensus,0.6546458005905151,0.9988632202148438,0.002029597759246826
a06a02ef-e0df-46a8-9ffa-e8a66c068a3a,Data Engineer,Senior Data Engineer til samfunnsviktige og kommersielle oppdrag,"Databasedesignere og -administratorer, Senior Data Engineer, Senior Data Engineer",OSLO,http://data.europa.eu/esco/skill/3ec2e4d6-7000-4905-bf1a-c5b1679416de,datavarehus,digital_consensus,0.6241559386253357,0.9998835325241089,7.730722427368164e-05
a06a02ef-e0df-46a8-9ffa-e8a66c068a3a,Dataplattform,Senior Data Engineer til samfunnsviktige og kommersielle oppdrag,"Databasedesignere og -administratorer, Senior Data Engineer, Senior Data Engineer",OSLO,http://data.europa.eu/esco/skill/3ec2e4d6-7000-4905-bf1a-c5b1679416de,datavarehus,digital_consensus,0.5975717306137085,0.9994984865188599,0.0007398128509521484
a06a02ef-e0df-46a8-9ffa-e8a66c068a3a,Datavarehus,Senior Data Engineer til samfunnsviktige og kommersielle oppdrag,"Databasedesignere og -administratorer, Senior Data Engineer, Senior Data Engineer",OSLO,http://data.europa.eu/esco/skill/3ec2e4d6-7000-4905-bf1a-c5b1679416de,datavarehus,exact,,1.0,
a06a02ef-e0df-46a8-9ffa-e8a66c068a3a,DevOps,Senior Data Engineer til samfunnsviktige og kommersielle oppdrag,"Databasedesignere og -administratorer, Senior Data Engineer, Senior Data Engineer",OSLO,http://data.europa.eu/esco/skill/f0de4973-0a70-4644-8fd4-3a97080476f4,DevOps,exact,,1.0,
a06a02ef-e0df-46a8-9ffa-e8a66c068a3a,ETL,Senior Data Engineer til samfunnsviktige og kommersielle oppdrag,"Databasedesignere og -administratorer, Senior Data Engineer, Senior Data Engineer",OSLO,http://data.europa.eu/esco/skill/9d0d89be-bffa-4393-b6f6-8d05bea49051,ETL,exact,,1.0,
a06a02ef-e0df-46a8-9ffa-e8a66c068a3a,Python,Senior Data Engineer til samfunnsviktige og kommersielle oppdrag,"Databasedesignere og -administratorer, Senior Data Engineer, Senior Data Engineer",OSLO,http://data.europa.eu/esco/skill/ccd0a1d9-afda-43d9-b901-96344886e14d,Python,exact,,1.0,
117d8fcd-b7f0-43eb-b6fd-78c929f6f227,Cybersikkerhet,Vil du jobbe med cybersikkerhet i et innovativt teknologiselskap?,"Sikkerhetsanalytikere mv., IKT-sikkerhetsingeniør, IKT-sikkerhetsingeniør, Cyber Security Engineer",HAUGESUND,http://data.europa.eu/esco/skill/8088750d-8388-4170-a76f-48354c469c44,cybersikkerhet,exact,,1.0,
117d8fcd-b7f0-43eb-b6fd-78c929f6f227,IT-sikkerhet,Vil du jobbe med cybersikkerhet i et innovativt teknologiselskap?,"Sikkerhetsanalytikere mv., IKT-sikkerhetsingeniør, IKT-sikkerhetsingeniør, Cyber Security Engineer",HAUGESUND,http://data.europa.eu/esco/skill/8088750d-8388-4170-a76f-48354c469c44,IT-sikkerhet,exact,,1.0,
117d8fcd-b7f0-43eb-b6fd-78c929f6f227,Informasjonssikkerhet,Vil du jobbe med cybersikkerhet i et innovativt teknologiselskap?,"Sikkerhetsanalytikere mv., IKT-sikkerhetsingeniør, IKT-sikkerhetsingeniør, Cyber Security Engineer",HAUGESUND,http://data.europa.eu/esco/skill/8088750d-8388-4170-a76f-48354c469c44,informasjonssikkerhet,exact,,1.0,
64fda8ec-c491-4e46-8a9e-40f5e7c0a8fa,IT-sikkerhet,Vil du utvikle og drifte fremtidens IT-infrastruktur?,"Nettverksansvarlige, IKT-infrastrukturingeniør",HAUGESUND,http://data.europa.eu/esco/skill/8088750d-8388-4170-a76f-48354c469c44,IT-sikkerhet,exact,,1.0,
64fda8ec-c491-4e46-8a9e-40f5e7c0a8fa,server,Vil du utvikle og drifte fremtidens IT-infrastruktur?,"Nettverksansvarlige, IKT-infrastrukturingeniør",HAUGESUND,http://data.europa.eu/esco/skill/b105ec9b-0857-41d6-8d07-a83e58b73d90,IKT-systemprogrammering,digital_consensus,0.594815731048584,0.8113085031509399,0.7287805452942848
14612025-66a5-40a5-97a9-70172939f3b5,ERP,Vil du være med å bygge fremtidens IT-funksjon i UNIL?,"Prosjektleder, Prosjektleder, Andre administrative ledere",OSLO,http://data.europa.eu/esco/skill/09f4c52b-ac72-4f0e-a8ae-78bb1d7bffba,transportprogramvare relatert til et ERP-system,digital_consensus,0.5528852343559265,0.9972111582756042,0.9701170120388269
14612025-66a5-40a5-97a9-70172939f3b5,IT,Vil du være med å bygge fremtidens IT-funksjon i UNIL?,"Prosjektleder, Prosjektleder, Andre administrative ledere",OSLO,http://data.europa.eu/esco/skill/ddc3119d-1d6e-4324-9125-a3380d299ac5,IT,exact,,1.0,
14612025-66a5-40a5-97a9-70172939f3b5,endringsledelse,Vil du være med å bygge fremtidens IT-funksjon i UNIL?,"Prosjektleder, Prosjektleder, Andre administrative ledere",OSLO,http://data.europa.eu/esco/skill/bec4359e-cb92-468f-a997-8fb28e32fba9,Metoder innen IKT-prosjektledelse,digital_consensus,0.6423553824424744,0.8403087258338928,0.002162039279937744
f43b203a-96af-4bfb-845c-88657ed5e837,CAM,Vil du videreutvikle moderne maskinering i et sterkt fagmiljø?,"Produksjonsingeniør, Produksjonsingeniør, Sivilingeniører (industri og produksjon)",LONEVÅG,http://data.europa.eu/esco/skill/27065048-bca8-4b0a-891a-b192b9ceadfd,CAM-programvare,digital_consensus,0.5880002975463867,0.9989672899246216,0.9968805224634707
f43b203a-96af-4bfb-845c-88657ed5e837,CNC,Vil du videreutvikle moderne maskinering i et sterkt fagmiljø?,"Produksjonsingeniør, Produksjonsingeniør, Sivilingeniører (industri og produksjon)",LONEVÅG,http://data.europa.eu/esco/skill/6f728d63-5c45-40b3-8bfd-e17c5dba28ad,håndtere CNC-slipemaskin,digital_consensus,0.5797138810157776,0.9999545812606812,0.00033664703369140625
714b385b-5551-46c9-9f91-892d71d185e1,Telecom,"Commissioning Lead - Telecom, rotasjon","Sivilingeniører (telekommunikasjon);, Commissioning Engineer Telecom, oppstartstekniker",STAVANGER,http://data.europa.eu/esco/skill/14764a75-3104-4875-ba1d-57c059b9b013,telekommunikasjonsteknikk,digital_consensus,0.5549701452255249,0.9992813467979431,0.0044498443603515625
8feae6ad-2fa6-47dd-b47a-87cd3d8731c4,Elektronikk,Store Manager - Elkjøp Phonehouse City Lade,"Butikksjef, Butikksjef, Varehandelssjefer",TRONDHEIM,http://data.europa.eu/esco/skill/95c35c3a-035f-47c2-90cf-7e934d20fc08,elektronikk,exact,,1.0,
b521f54c-a565-4b10-a2d8-e100af81a522,CFD,Join us in solving global energy challenges for future generations.,"Geologer og geofysikere, Petrofysiker, Geologer og geofysikere",LYSAKER,http://data.europa.eu/esco/skill/77592603-505b-4096-97dd-d0def6bd7601,CFD,exact,,1.0,
3df3fcb0-9def-4fc8-b6a7-00bff3d34949,CNC-operatør,Vi søker verkstedarbeider til metall- og komposittbearbeiding,"Anleggsmaskin- og industrimekanikere, Verkstedarbeider (industrimekanikk), industrimekaniker",RYGGE,http://data.europa.eu/esco/skill/6f728d63-5c45-40b3-8bfd-e17c5dba28ad,håndtere CNC-slipemaskin,digital_consensus,0.5746462941169739,0.9999723434448242,6.99758529663086e-05
8e2fb18e-17e0-4e85-a0a9-d9036f55cda5,CNC,Vil du lede et sterkt fagmiljø i en moderne maskineringsavdeling?,"Metalldreiere mv., CNC-operatør, dreiemaskin, Andre ledere av produksjon og tjenesteyting, Avdelingsleder, avdelingsleder",LONEVÅG,http://data.europa.eu/esco/skill/6f728d63-5c45-40b3-8bfd-e17c5dba28ad,håndtere CNC-slipemaskin,digital_consensus,0.5797138810157776,0.9999545812606812,0.00033664703369140625
0910e6f5-8b69-4421-90fd-01630d229f8b,CNC,"Er du en dyktig CNC-operatør som motiveres av moderne teknologi, presisjon og faglige utfordringer?","CNC-operatør, CNC-operatør, Verktøymakere, låsesmeder mv.",LONEVÅG,http://data.europa.eu/esco/skill/6f728d63-5c45-40b3-8bfd-e17c5dba28ad,håndtere CNC-slipemaskin,digital_consensus,0.5797138810157776,0.9999545812606812,0.00033664703369140625
0910e6f5-8b69-4421-90fd-01630d229f8b,CNC-operatør,"Er du en dyktig CNC-operatør som motiveres av moderne teknologi, presisjon og faglige utfordringer?","CNC-operatør, CNC-operatør, Verktøymakere, låsesmeder mv.",LONEVÅG,http://data.europa.eu/esco/skill/6f728d63-5c45-40b3-8bfd-e17c5dba28ad,håndtere CNC-slipemaskin,digital_consensus,0.5746462941169739,0.9999723434448242,6.99758529663086e-05
0910e6f5-8b69-4421-90fd-01630d229f8b,fresemaskin,"Er du en dyktig CNC-operatør som motiveres av moderne teknologi, presisjon og faglige utfordringer?","CNC-operatør, CNC-operatør, Verktøymakere, låsesmeder mv.",LONEVÅG,http://data.europa.eu/esco/skill/6f728d63-5c45-40b3-8bfd-e17c5dba28ad,håndtere CNC-slipemaskin,digital_consensus,0.5587254166603088,0.873551607131958,0.8635598570108414
ca943ae5-9411-4657-b1d6-bf048db34a5d,Elektronikk,Store Manager - Elkjøp Phonehouse Solsiden,"Butikksjef, Butikksjef, Varehandelssjefer",TRONDHEIM,http://data.europa.eu/esco/skill/95c35c3a-035f-47c2-90cf-7e934d20fc08,elektronikk,exact,,1.0,
3508ef9c-ad80-4775-888f-7507196089e7,.NET,Senior utvikler -- påvirk arkitektur og teknologivalg,"Systemanalytikere/-arkitekter, Systemanalytikere/-arkitekter, IKT-systemutvikler, Java-utvikler, Systemutvikler",OSLO,http://data.europa.eu/esco/skill/13bdd41a-2a18-441f-96db-41252c519413,.NET,exact,,1.0,
3508ef9c-ad80-4775-888f-7507196089e7,AI,Senior utvikler -- påvirk arkitektur og teknologivalg,"Systemanalytikere/-arkitekter, Systemanalytikere/-arkitekter, IKT-systemutvikler, Java-utvikler, Systemutvikler",OSLO,http://data.europa.eu/esco/skill/e465a154-93f7-4973-9ce1-31659fe16dd2,prinsipper for kunstig intelligens,digital_consensus,0.5584366917610168,0.99960857629776,0.001320481300354004
3508ef9c-ad80-4775-888f-7507196089e7,Arkitektur,Senior utvikler -- påvirk arkitektur og teknologivalg,"Systemanalytikere/-arkitekter, Systemanalytikere/-arkitekter, IKT-systemutvikler, Java-utvikler, Systemutvikler",OSLO,http://data.europa.eu/esco/skill/c453cf81-6197-428e-84c6-70c773b63f27,Arkitektoniske IKT-rammeverk,digital_consensus,0.5593475699424744,0.9923986792564392,0.11609482765197754
3508ef9c-ad80-4775-888f-7507196089e7,Java,Senior utvikler -- påvirk arkitektur og teknologivalg,"Systemanalytikere/-arkitekter, Systemanalytikere/-arkitekter, IKT-systemutvikler, Java-utvikler, Systemutvikler",OSLO,http://data.europa.eu/esco/skill/19a8293b-8e95-4de3-983f-77484079c389,Java,exact,,1.0,
3508ef9c-ad80-4775-888f-7507196089e7,Programmerer,Senior utvikler -- påvirk arkitektur og teknologivalg,"Systemanalytikere/-arkitekter, Systemanalytikere/-arkitekter, IKT-systemutvikler, Java-utvikler, Systemutvikler",OSLO,http://data.europa.eu/esco/skill/21d2f96d-35f7-4e3f-9745-c533d2dd6e97,dataprogrammering,digital_consensus,0.6060227751731873,0.9829521775245667,0.035317838191986084
3508ef9c-ad80-4775-888f-7507196089e7,Skyteknologi,Senior utvikler -- påvirk arkitektur og teknologivalg,"Systemanalytikere/-arkitekter, Systemanalytikere/-arkitekter, IKT-systemutvikler, Java-utvikler, Systemutvikler",OSLO,http://data.europa.eu/esco/skill/11430d93-c835-48ed-8e70-285fa69c9ae6,designe skyarkitektur,digital_consensus,0.5793797373771667,0.9726741313934326,0.3947645425796509
3508ef9c-ad80-4775-888f-7507196089e7,Systemutvikler,Senior utvikler -- påvirk arkitektur og teknologivalg,"Systemanalytikere/-arkitekter, Systemanalytikere/-arkitekter, IKT-systemutvikler, Java-utvikler, Systemutvikler",OSLO,http://data.europa.eu/esco/skill/21d2f96d-35f7-4e3f-9745-c533d2dd6e97,dataprogrammering,digital_consensus,0.6546458005905151,0.9988632202148438,0.002029597759246826
37816085-e1a2-4ed2-bab8-eb4acc4885c6,Chef,"Chef wanted at Spanish Restaurant (Oslo, Norway)","Kokk, Kokk, Kokker",OSLO,http://data.europa.eu/esco/skill/49f85a99-086c-45b6-a6fa-eb90305af7b1,Chef (verktøy for programvarekonfigurasjonsstyring),digital_consensus,0.5692918300628662,0.9998630285263062,0.00815129280090332
020a2987-c479-4a7e-a32c-1346705567dc,Kvantitativ analyse,Revenue Analyst,"Reklame- og markedsføringsrådgivere, Markedsanalytiker, markedsanalytiker",LYSAKER,http://data.europa.eu/esco/skill/6360a934-cc87-4954-9656-b32db20592e3,kvantitativ analyse,exact,,1.0,
0a2599a2-0c01-44d6-9837-889893fe3d7a,Digitalisering,"Vil du være med å utvikle fremtidens brukerstøtte i Nav?
","Grafiske- og multimediadesignere, Tjenestedesigner, Systemanalytikere/-arkitekter, Systemutvikler, IKT-systemutvikler",STEINKJER,http://data.europa.eu/esco/skill/aa0d8201-5a8e-417f-81f4-c04601139582,digitalisering,exact,,1.0,
0a2599a2-0c01-44d6-9837-889893fe3d7a,IT,"Vil du være med å utvikle fremtidens brukerstøtte i Nav?
","Grafiske- og multimediadesignere, Tjenestedesigner, Systemanalytikere/-arkitekter, Systemutvikler, IKT-systemutvikler",STEINKJER,http://data.europa.eu/esco/skill/ddc3119d-1d6e-4324-9125-a3380d299ac5,IT,exact,,1.0,
0a2599a2-0c01-44d6-9837-889893fe3d7a,Tjenesteutvikler,"Vil du være med å utvikle fremtidens brukerstøtte i Nav?
","Grafiske- og multimediadesignere, Tjenestedesigner, Systemanalytikere/-arkitekter, Systemutvikler, IKT-systemutvikler",STEINKJER,http://data.europa.eu/esco/skill/83218cac-3599-417e-93d2-26013cdccd98,tjenesteorientert modellering,digital_consensus,0.5728818774223328,0.874816358089447,0.43134501576423645
115676ab-65d3-431a-b5e0-f7f11b8d32a9,CNC-operatør,"Ydra søker CNC-operatører
","CNC-operatør, Verktøymakere, låsesmeder mv., Verktøymaker, låsesmeder mv., Verktøymaker, verktøymaker",AKSDAL,http://data.europa.eu/esco/skill/6f728d63-5c45-40b3-8bfd-e17c5dba28ad,håndtere CNC-slipemaskin,digital_consensus,0.5746462941169739,0.9999723434448242,6.99758529663086e-05
174f8a1e-a683-43fb-8e63-67fb8e4ff68b,Digitalisering,Rådgjevar/seniorrådgjevar i Avdeling for digitaliseringspolitikk,"Juridisk rådgiver, Juridisk rådgiver, Andre juridiske yrker",OSLO,http://data.europa.eu/esco/skill/aa0d8201-5a8e-417f-81f4-c04601139582,digitalisering,exact,,1.0,
36b84c50-003f-4c36-89b5-a44307600ea5,Programvarestøtte,Vi søker Operatør til vår servicedesk -  programvarestøtte,"Driftsteknikere, IKT, Serviceingeniør data, Driftsteknikere",KOLSÅS,http://data.europa.eu/esco/skill/21d2f96d-35f7-4e3f-9745-c533d2dd6e97,dataprogrammering,digital_consensus,0.5662453770637512,0.8729550838470459,0.1499529480934143
36b84c50-003f-4c36-89b5-a44307600ea5,SAP,Vi søker Operatør til vår servicedesk -  programvarestøtte,"Driftsteknikere, IKT, Serviceingeniør data, Driftsteknikere",KOLSÅS,http://data.europa.eu/esco/skill/f8e3425c-fe44-4ffb-bafe-0e20d91dadf4,SAP,exact,,1.0,
36b84c50-003f-4c36-89b5-a44307600ea5,Servicedesk,Vi søker Operatør til vår servicedesk -  programvarestøtte,"Driftsteknikere, IKT, Serviceingeniør data, Driftsteknikere",KOLSÅS,http://data.europa.eu/esco/skill/83218cac-3599-417e-93d2-26013cdccd98,tjenesteorientert modellering,digital_consensus,0.5875956416130066,0.9992679953575134,0.0004526972770690918
37552cf4-cfb6-4a92-abdb-9697bef0c4fa,Kundesupport,?? Student i Bergen? Tjen godt og få verdifull erfaring!,"Telefon- og nettselgere, Telefonselger, Selgere (engros);, Strømselger, elsalgskonsulent",Missing location,http://data.europa.eu/esco/skill/db36f7f1-5900-45bd-9ffb-f2b19c4362ac,støtte IKT-systembrukere,digital_consensus,0.5482102036476135,0.9978213310241699,0.016304969787597656
3d137f1a-b986-480f-897f-5c8bee727dbe,Dataanalyse,Forsker,"Forsker, Andre sivilingeniører( unntatt elektroteknologi), Legespesialister, Legespesialist, Legespesialister, Medisinsk forsker, Biologer",OSLO,http://data.europa.eu/esco/skill/97bd1c21-66b2-4b7e-ad0f-e3cda590e378,dataanalyse,exact,,1.0,
77f3d579-a477-4a9f-941d-a1114775de77,Digitalisering,Vil du lede utviklingen av fremtidens helse- og omsorgstjenester?,"Ledere av helsetjenester, Enhetsleder (helsetjenester), Ledere av helsetjenester",SANDEFJORD,http://data.europa.eu/esco/skill/aa0d8201-5a8e-417f-81f4-c04601139582,digitalisering,exact,,1.0,
bbfbb46e-6f03-42d2-981b-8c9ef43c0b2c,SAP,Vil du bli en del av teamet vårt ved driftslageret på Skjold tekniske verksted?,"Lagerarbeider, Lagerarbeider, Lagermedarbeidere og materialforvaltere",ØVERBYGD,http://data.europa.eu/esco/skill/f8e3425c-fe44-4ffb-bafe-0e20d91dadf4,SAP,exact,,1.0,
c5600c31-1462-4662-830f-6c951f1bfda8,Digitalisering,Vi søker rådgiver innen dokumentforvaltning,"Arkivassistenter, arkivassistent, Dokumentasjonsansvarlig",ARENDAL,http://data.europa.eu/esco/skill/aa0d8201-5a8e-417f-81f4-c04601139582,digitalisering,exact,,1.0,
c5600c31-1462-4662-830f-6c951f1bfda8,Dokumentforvaltning,Vi søker rådgiver innen dokumentforvaltning,"Arkivassistenter, arkivassistent, Dokumentasjonsansvarlig",ARENDAL,http://data.europa.eu/esco/skill/bec4359e-cb92-468f-a997-8fb28e32fba9,Metoder innen IKT-prosjektledelse,digital_consensus,0.5678485035896301,0.9981982111930847,0.00032395124435424805
c955b16a-c7d3-4986-91dd-53295234b57f,Digitalisering,Produkteier – Kirkens lokale skrivebord,"Produkteier, Produkteier, Ledere av IKT-enheter",OSLO,http://data.europa.eu/esco/skill/aa0d8201-5a8e-417f-81f4-c04601139582,digitalisering,exact,,1.0,
c955b16a-c7d3-4986-91dd-53295234b57f,IT-prosjekt,Produkteier – Kirkens lokale skrivebord,"Produkteier, Produkteier, Ledere av IKT-enheter",OSLO,http://data.europa.eu/esco/skill/bec4359e-cb92-468f-a997-8fb28e32fba9,Metoder innen IKT-prosjektledelse,digital_consensus,0.5568580627441406,0.9992220401763916,0.0009100437164306641
c955b16a-c7d3-4986-91dd-53295234b57f,Informasjonssikkerhet,Produkteier – Kirkens lokale skrivebord,"Produkteier, Produkteier, Ledere av IKT-enheter",OSLO,http://data.europa.eu/esco/skill/8088750d-8388-4170-a76f-48354c469c44,informasjonssikkerhet,exact,,1.0,
c955b16a-c7d3-4986-91dd-53295234b57f,Microsoft 365,Produkteier – Kirkens lokale skrivebord,"Produkteier, Produkteier, Ledere av IKT-enheter",OSLO,http://data.europa.eu/esco/skill/f683ae1d-cb7c-4aa1-b9fe-205e1bd23535,bruke Microsoft Office,digital_consensus,0.5470774173736572,0.9996776580810547,0.0003491640090942383
e0924a90-2a80-4283-9a7e-e0678ab14a7a,Arkitektur,Er du vår nye virksomhetsarkitekt?,"Virksomhetsarkitekt, Virksomhetsarkitekt, Systemanalytikere/-arkitekter",OSLO,http://data.europa.eu/esco/skill/c453cf81-6197-428e-84c6-70c773b63f27,Arkitektoniske IKT-rammeverk,digital_consensus,0.5593475699424744,0.9923986792564392,0.11609482765197754
e0924a90-2a80-4283-9a7e-e0678ab14a7a,Digitalisering,Er du vår nye virksomhetsarkitekt?,"Virksomhetsarkitekt, Virksomhetsarkitekt, Systemanalytikere/-arkitekter",OSLO,http://data.europa.eu/esco/skill/aa0d8201-5a8e-417f-81f4-c04601139582,digitalisering,exact,,1.0,
e1a23d52-d209-4b04-af46-186f3fe1ce4f,Data governance,Vil du gjøre data til en strategisk ressurs for Forsvarsmateriell?,"Systemanalytikere/-arkitekter, IT-Systemarkitekt, IKT-systemarkitekt",OSLO,http://data.europa.eu/esco/skill/3ec2e4d6-7000-4905-bf1a-c5b1679416de,datavarehus,digital_consensus,0.5980607867240906,0.9991195797920227,0.0002713799476623535
e1a23d52-d209-4b04-af46-186f3fe1ce4f,Digitalisering,Vil du gjøre data til en strategisk ressurs for Forsvarsmateriell?,"Systemanalytikere/-arkitekter, IT-Systemarkitekt, IKT-systemarkitekt",OSLO,http://data.europa.eu/esco/skill/aa0d8201-5a8e-417f-81f4-c04601139582,digitalisering,exact,,1.0,
e1a23d52-d209-4b04-af46-186f3fe1ce4f,ERP,Vil du gjøre data til en strategisk ressurs for Forsvarsmateriell?,"Systemanalytikere/-arkitekter, IT-Systemarkitekt, IKT-systemarkitekt",OSLO,http://data.europa.eu/esco/skill/09f4c52b-ac72-4f0e-a8ae-78bb1d7bffba,transportprogramvare relatert til et ERP-system,digital_consensus,0.5528852343559265,0.9972111582756042,0.9701170120388269
f82be3e1-7a21-44f3-a72b-859ca27356cc,Dataanalyse,PhD Stipendiat,"Stipendiat, Stipendiat, Universitets- og høyskolelektorer/-lærere",OSLO,http://data.europa.eu/esco/skill/97bd1c21-66b2-4b7e-ad0f-e3cda590e378,dataanalyse,exact,,1.0,
4c78d27b-fa1c-449a-b4a6-110e4100e5a5,SAP,Er du vår nye Produksjonsplanlegger?,"Produksjonsplanlegger, Produksjonsplanlegger, Finansanalytikere",SUNNDALSØRA,http://data.europa.eu/esco/skill/f8e3425c-fe44-4ffb-bafe-0e20d91dadf4,SAP,exact,,1.0,
81e58875-9946-4fef-9104-e09f009f2453,Digitalisering,Nyutdannet Forretningsrådgivning 2027,"Organisasjonsrådgivere mv., Forretningsrådgiver, bedriftskonsulent",OSLO,http://data.europa.eu/esco/skill/aa0d8201-5a8e-417f-81f4-c04601139582,digitalisering,exact,,1.0,
4f4a20a1-1120-4046-8de8-cbc6e55b9865,Produktspesialist,"Produktspesialist Nestlé Health Science, region Vestland","Produktspesialist, Produktspesialist, Reklame- og markedsføringsrådgivere",BERGEN,http://data.europa.eu/esco/skill/21d2f96d-35f7-4e3f-9745-c533d2dd6e97,dataprogrammering,digital_consensus,0.5442332625389099,0.9931126236915588,1.3828277587890625e-05
21e3fdce-5057-4d40-9ec1-39388dd9259e,Dataanalyse,Vi søker en analytisk og engasjert prisanalytiker til et vikariat frem til 31.12.2026,"Reklame- og markedsføringsrådgivere, Markedsanalytiker, Revisorer, regnskapsrådgivere, Kostnadsanalytiker, Finansanalytikere, Forretningsanalytiker system- og prosessadministrasjon, Finansanalytikere, Analytiker (finans), finansanalytiker",OSLO,http://data.europa.eu/esco/skill/97bd1c21-66b2-4b7e-ad0f-e3cda590e378,dataanalyse,exact,,1.0,
229afa37-9f90-4666-93c5-7e9527eaed13,IT,"Er du analytisk, ambisiøs og nyutdannet med interesse for finans? Bli med og bygg Norge med IT!","Finans- og investeringsrådgivere, Finansrådgiver, finansplanlegger",OSLO,http://data.europa.eu/esco/skill/ddc3119d-1d6e-4324-9125-a3380d299ac5,IT,exact,,1.0,
130b27c4-e95d-48cf-8e47-1b600927bbca,Digitalisering,Vil du ha ansvar for effektive prosesser og kvalitet av inngående fakturaer?,"Regnskapsmedarbeidere, Fakturakonsulent",OSLO,http://data.europa.eu/esco/skill/aa0d8201-5a8e-417f-81f4-c04601139582,digitalisering,exact,,1.0,
53fa0f7b-b358-4b7b-a519-097f15764e07,CAD,Make an impact with Laerdal!,"Maskiningeniør, Maskiningeniør, Maskiningeniører",STAVANGER,http://data.europa.eu/esco/skill/9ba355be-f119-42b6-a7d6-52f6ce2e4a3f,utforme kretser ved hjelp av CAD,digital_consensus,0.6348830461502075,0.9999152421951294,0.8251167237758636
53fa0f7b-b358-4b7b-a519-097f15764e07,Produktutvikling,Make an impact with Laerdal!,"Maskiningeniør, Maskiningeniør, Maskiningeniører",STAVANGER,http://data.europa.eu/esco/skill/4f6b656a-54d0-48ce-9b55-ebcac5904a14,håndtere geospatiale teknologier,digital_consensus,0.6504983901977539,0.9169093370437622,0.013612568378448486
15a16d77-7663-492d-ba4d-a15148faae91,IT,"Vi søker en erfaren og løsningsorientert IT Engineer til å styrke vår IT-avdeling, i en fast stilling.","Systemanalytikere/-arkitekter, IT-ingeniør, dataingeniør",HAUGESUND,http://data.europa.eu/esco/skill/ddc3119d-1d6e-4324-9125-a3380d299ac5,IT,exact,,1.0,
4e41e9bc-e0e3-400e-bd0c-61b7a1a0d254,Elektronikk,Elkjøp Forus søker Selger (deltid) 20%,"Selger, Selger, Butikkmedarbeidere",STAVANGER,http://data.europa.eu/esco/skill/95c35c3a-035f-47c2-90cf-7e934d20fc08,elektronikk,exact,,1.0,
eec68acd-8027-410b-9550-cf9cfdf02bde,GIS,Vil du være med å utvikle fremtidens digitale løsninger for norsk skogforsikring?,"Systemadministratorer, IT-ansvarlig, IKT-systemadministrator",OSLO,http://data.europa.eu/esco/skill/377861af-f966-4c87-a2db-7e99904312b9,gis,exact,,1.0,
eec68acd-8027-410b-9550-cf9cfdf02bde,IT-ansvarlig,Vil du være med å utvikle fremtidens digitale løsninger for norsk skogforsikring?,"Systemadministratorer, IT-ansvarlig, IKT-systemadministrator",OSLO,http://data.europa.eu/esco/skill/bec4359e-cb92-468f-a997-8fb28e32fba9,Metoder innen IKT-prosjektledelse,digital_consensus,0.6857079863548279,0.9957455992698669,0.0015953779220581055
eec68acd-8027-410b-9550-cf9cfdf02bde,digitalisering,Vil du være med å utvikle fremtidens digitale løsninger for norsk skogforsikring?,"Systemadministratorer, IT-ansvarlig, IKT-systemadministrator",OSLO,http://data.europa.eu/esco/skill/aa0d8201-5a8e-417f-81f4-c04601139582,digitalisering,exact,,1.0,
4ebcf4ef-879a-4813-9893-5883382dd7d2,Business analyst,Business Analyst søkes - gjør forretningskrav om til verdifulle user stories!,"Forretningsanalytiker, Forretningsanalytiker, Finansanalytikere",TRONDHEIM,http://data.europa.eu/esco/skill/143769cb-b61e-47d8-a61e-eedfbec1016c,analyse av forretningsdata,digital_consensus,0.568411111831665,0.9990353584289551,0.0018198490142822266
4ebcf4ef-879a-4813-9893-5883382dd7d2,IT,Business Analyst søkes - gjør forretningskrav om til verdifulle user stories!,"Forretningsanalytiker, Forretningsanalytiker, Finansanalytikere",TRONDHEIM,http://data.europa.eu/esco/skill/ddc3119d-1d6e-4324-9125-a3380d299ac5,IT,exact,,1.0,
4ebcf4ef-879a-4813-9893-5883382dd7d2,Systemutvikling,Business Analyst søkes - gjør forretningskrav om til verdifulle user stories!,"Forretningsanalytiker, Forretningsanalytiker, Finansanalytikere",TRONDHEIM,http://data.europa.eu/esco/skill/21d2f96d-35f7-4e3f-9745-c533d2dd6e97,dataprogrammering,digital_consensus,0.6049041152000427,0.9194501638412476,0.19810181856155396
6915b447-453a-4e0a-bf92-c7a479e11b6f,Matros,Servicebåtmedarbeider MS Raneson,"Dekks- og maskinmannskap (skip);, Matros, Anleggsmaskin- og industrimekanikere, Motormann, skipsmekaniker",NORDFOLD,http://data.europa.eu/esco/skill/c3a03c5a-c260-4c26-9b9a-873abb396f4d,MATLAB,digital_consensus,0.568639874458313,0.9997702240943909,0.0015523433685302734
768593ac-652e-41a3-bf42-64176c1e960d,SAP,Trives du med å få alt til å flyte -- fra bestilling til levering?,"Teknisk kundebehandler, Kundesentermedarbeidere, Logistikkmedarbeidere, Logistikkmedarbeider, Transportfunksjonærer",KOKSTAD,http://data.europa.eu/esco/skill/f8e3425c-fe44-4ffb-bafe-0e20d91dadf4,SAP,exact,,1.0,
c7ab002a-31e8-4a1a-884e-4013cb64a3f4,Elektronikk,Brunvoll Mar-El AS søker Prosjektleder Elektro,"Prosjektleder elektroteknikk, Prosjektleder elektroteknikk, Sivilingeniører (elkraftteknikk)",DALEN,http://data.europa.eu/esco/skill/95c35c3a-035f-47c2-90cf-7e934d20fc08,elektronikk,exact,,1.0,
41293fcd-4e64-4420-a55a-3af71d0cfd12,Digitalisering,Vil du bidra i utviklingen av bedre tjenester for innbyggere og kommuner?,"Andre administrative ledere, Administrasjonsleder, Andre ledere av produksjon og tjenesteyting, Leder av offentlig forvaltning, Andre ledere av produksjon og tjenesteyting",TOLGA,http://data.europa.eu/esco/skill/aa0d8201-5a8e-417f-81f4-c04601139582,digitalisering,exact,,1.0,
34bbaa95-bab9-4a01-8788-391862093a5d,Automatiker,GE HealthCare Lindesnes søker automatikere til vedlikeholdsavdelingen,"Automatiker, Automatiker, Automatikere",LINDESNES,http://data.europa.eu/esco/skill/7a950986-27fe-4b6c-adf3-88f211e77019,robotkomponenter,digital_consensus,0.6843463182449341,0.9831464886665344,0.0006955862045288086
80bab0f4-a2f1-4ffb-90df-b55ef3298eb9,SAS,Senior SAS Engineer,"Senior SAS programvareingeniør, Senior SAS programvareingeniør, Programvareutviklere",STAVANGER,http://data.europa.eu/esco/skill/04f1b938-d4d4-4cb1-a863-982af76b9d93,SAS-språk,digital_consensus,0.5080873370170593,0.9999748468399048,0.00015944242477416992
80bab0f4-a2f1-4ffb-90df-b55ef3298eb9,systemdesign,Senior SAS Engineer,"Senior SAS programvareingeniør, Senior SAS programvareingeniør, Programvareutviklere",STAVANGER,http://data.europa.eu/esco/skill/fae27053-8924-4bfd-b565-c9fe502044c9,systemdesign,exact,,1.0,
8993c472-6bcb-4f64-ae9e-42d817cadd7e,Kundesupport,Deltidsvikar til Fana Sparebank,"Kundebehandler, Informasjonsskrankemedarbeidere",NESTTUN,http://data.europa.eu/esco/skill/db36f7f1-5900-45bd-9ffb-f2b19c4362ac,støtte IKT-systembrukere,digital_consensus,0.5482102036476135,0.9978213310241699,0.016304969787597656
9b3f55ea-0645-4d0e-94f5-bc795622077d,CAD,Skipsingeniør,"Skipsingeniør, Skipsingeniør, Sivilingeniører (maskin- og marinteknikk)",TROMSØ,http://data.europa.eu/esco/skill/9ba355be-f119-42b6-a7d6-52f6ce2e4a3f,utforme kretser ved hjelp av CAD,digital_consensus,0.6348830461502075,0.9999152421951294,0.8251167237758636
71a706f3-40bd-4839-8216-e5760dfce09d,AI,Bygg fundamentet for vår AI-fremtid,"Senior Data Scientist, Senior Data Scientist, Systemanalytikere/-arkitekter",OSLO,http://data.europa.eu/esco/skill/e465a154-93f7-4973-9ce1-31659fe16dd2,prinsipper for kunstig intelligens,digital_consensus,0.5584366917610168,0.99960857629776,0.001320481300354004
71a706f3-40bd-4839-8216-e5760dfce09d,Dataplattform,Bygg fundamentet for vår AI-fremtid,"Senior Data Scientist, Senior Data Scientist, Systemanalytikere/-arkitekter",OSLO,http://data.europa.eu/esco/skill/3ec2e4d6-7000-4905-bf1a-c5b1679416de,datavarehus,digital_consensus,0.5975717306137085,0.9994984865188599,0.0007398128509521484
71a706f3-40bd-4839-8216-e5760dfce09d,Informatikk,Bygg fundamentet for vår AI-fremtid,"Senior Data Scientist, Senior Data Scientist, Systemanalytikere/-arkitekter",OSLO,http://data.europa.eu/esco/skill/7b5cce4d-c7fe-4119-b48f-70aa05391787,informatikk,exact,,1.0,
71a706f3-40bd-4839-8216-e5760dfce09d,Maskinlæring,Bygg fundamentet for vår AI-fremtid,"Senior Data Scientist, Senior Data Scientist, Systemanalytikere/-arkitekter",OSLO,http://data.europa.eu/esco/skill/3a2d5b45-56e4-4f5a-a55a-4a4a65afdc43,maskinlæring,exact,,1.0,
71a706f3-40bd-4839-8216-e5760dfce09d,Python,Bygg fundamentet for vår AI-fremtid,"Senior Data Scientist, Senior Data Scientist, Systemanalytikere/-arkitekter",OSLO,http://data.europa.eu/esco/skill/ccd0a1d9-afda-43d9-b901-96344886e14d,Python,exact,,1.0,
71a706f3-40bd-4839-8216-e5760dfce09d,R,Bygg fundamentet for vår AI-fremtid,"Senior Data Scientist, Senior Data Scientist, Systemanalytikere/-arkitekter",OSLO,http://data.europa.eu/esco/skill/51586df8-1c46-4b47-8583-773cb63bf00b,R,exact,,1.0,
d42e4c3f-c320-46e4-be3b-5f2390bf9a7d,Informasjonsutvikler,Information Developer,"Applikasjonsingeniør prosessinformation, Applikasjonsingeniør prosessinformation, Applikasjonsprogrammerere",HORTEN,http://data.europa.eu/esco/skill/21d2f96d-35f7-4e3f-9745-c533d2dd6e97,dataprogrammering,digital_consensus,0.6265242695808411,0.9092937707901001,0.18967026472091675
d42e4c3f-c320-46e4-be3b-5f2390bf9a7d,Innholdsforvaltning,Information Developer,"Applikasjonsingeniør prosessinformation, Applikasjonsingeniør prosessinformation, Applikasjonsprogrammerere",HORTEN,http://data.europa.eu/esco/skill/b769f524-0f25-44d7-8538-5c46710a040e,administrere digitale dokumenter,digital_consensus,0.5224106907844543,0.8311733603477478,0.4969004988670349
64b3c709-3538-480f-8672-dbb7c4da7d30,AI,Finn de neste store AI-mulighetene -- bli med fra starten,"Forretningsutvikler, Forretningsutvikler, Reklame- og markedsføringsrådgivere",OSLO,http://data.europa.eu/esco/skill/e465a154-93f7-4973-9ce1-31659fe16dd2,prinsipper for kunstig intelligens,digital_consensus,0.5584366917610168,0.99960857629776,0.001320481300354004
f17d1ff7-253b-4cd0-812c-41e7df929175,Dataanalyse,Shape how people discover entertainment at Telenor.,"Content Manager, Content Manager, Journalister",FORNEBU,http://data.europa.eu/esco/skill/97bd1c21-66b2-4b7e-ad0f-e3cda590e378,dataanalyse,exact,,1.0,
f9fcf184-9cde-43af-bfa1-40071557b275,Elektronikk,Manager Electronics Engineering,"IKT-Leder, IKT-Leder, Ledere av IKT-enheter",RAUFOSS,http://data.europa.eu/esco/skill/95c35c3a-035f-47c2-90cf-7e934d20fc08,elektronikk,exact,,1.0,
f9fcf184-9cde-43af-bfa1-40071557b275,Produktutvikling,Manager Electronics Engineering,"IKT-Leder, IKT-Leder, Ledere av IKT-enheter",RAUFOSS,http://data.europa.eu/esco/skill/4f6b656a-54d0-48ce-9b55-ebcac5904a14,håndtere geospatiale teknologier,digital_consensus,0.6504983901977539,0.9169093370437622,0.013612568378448486
68aa62c0-1d2e-40f4-8121-0cc6d6f9bfc0,ERP,Supply Chain Specialist - 2 year engagement,"Logistikkmedarbeidere, leder, forsyningskjede, Supply Chain Konsulent",OSLO,http://data.europa.eu/esco/skill/09f4c52b-ac72-4f0e-a8ae-78bb1d7bffba,transportprogramvare relatert til et ERP-system,digital_consensus,0.5528852343559265,0.9972111582756042,0.9701170120388269
8b56a82d-bd03-4e2d-86ee-b4c071e4bc2e,Dataanalyse,Er du samfunnsengasjert og vil omsette data til innsikt?,"Rådgivere/forskere, samfunnsvitenskap, forsker i sosialarbeid, Samfunnsviter",OSLO,http://data.europa.eu/esco/skill/97bd1c21-66b2-4b7e-ad0f-e3cda590e378,dataanalyse,exact,,1.0,
a1aeefe9-4a3f-458f-ab62-c8153ab34524,Grafisk design,Medierådgiver,"Reklame- og markedsføringsrådgivere, Mediakonsulent, Mediakonsulent",OSLO,http://data.europa.eu/esco/skill/7fb699d9-182a-430e-b7a0-6d8ed05c284b,grafisk design,exact,,1.0,
9093af34-0ed0-4eed-879b-e2bd1d120360,ERP,Vil du ha ansvaret for IT i et av Norges ledende parkerings- og teknologiselskaper?,"Leder IT-controlling, Leder IT-controlling, Ledere av IKT-enheter",OSLO,http://data.europa.eu/esco/skill/09f4c52b-ac72-4f0e-a8ae-78bb1d7bffba,transportprogramvare relatert til et ERP-system,digital_consensus,0.5528852343559265,0.9972111582756042,0.9701170120388269
9093af34-0ed0-4eed-879b-e2bd1d120360,IT,Vil du ha ansvaret for IT i et av Norges ledende parkerings- og teknologiselskaper?,"Leder IT-controlling, Leder IT-controlling, Ledere av IKT-enheter",OSLO,http://data.europa.eu/esco/skill/ddc3119d-1d6e-4324-9125-a3380d299ac5,IT,exact,,1.0,
9093af34-0ed0-4eed-879b-e2bd1d120360,informasjonssikkerhet,Vil du ha ansvaret for IT i et av Norges ledende parkerings- og teknologiselskaper?,"Leder IT-controlling, Leder IT-controlling, Ledere av IKT-enheter",OSLO,http://data.europa.eu/esco/skill/8088750d-8388-4170-a76f-48354c469c44,informasjonssikkerhet,exact,,1.0,
0596380f-b0c2-4a17-ab25-fc370fe22a95,Digitalisering,"Prosjektleder omstilling, e-helse og velferdsteknologi","Høyere saksbehandlere i offentlig og privat virksomhet, Prosjektleder offentlig sektor, leder i offentlig forvaltning",FINNSNES,http://data.europa.eu/esco/skill/aa0d8201-5a8e-417f-81f4-c04601139582,digitalisering,exact,,1.0,
208e046f-c5a1-451d-9885-4d3b63a74f86,Digital design,Designer,"Grafiske- og multimediadesignere, Digital designer, formgiver, digitale medier",OSLO,http://data.europa.eu/esco/skill/7fb699d9-182a-430e-b7a0-6d8ed05c284b,grafisk design,digital_consensus,0.6294350624084473,0.996292233467102,0.006485402584075928
208e046f-c5a1-451d-9885-4d3b63a74f86,UX,Designer,"Grafiske- og multimediadesignere, Digital designer, formgiver, digitale medier",OSLO,http://data.europa.eu/esco/skill/07dd856d-6141-48a7-a228-918f88494812,UX,exact,,1.0,
742d309e-6b90-4996-96e4-6b44329e9b6e,Python,Postdoktor innan temaet turbulent nedblanding og medriving i brytande bølger,"Postdoktor, Postdoktor, Universitets- og høyskolelektorer/-lærere",BERGEN,http://data.europa.eu/esco/skill/ccd0a1d9-afda-43d9-b901-96344886e14d,Python,exact,,1.0,
9d9cbc81-378c-4b22-a5cc-f30cf6c658c2,Digitalisering,Stipendiatstilling i pedagogikk,"Professor pedagogikk, Universitets- og høyskolelektorer/-lærere, Universitets- og høyskolelektorer/-lærere, Stipendiat, Universitets- og høyskolelektorer/-lærere",TRONDHEIM,http://data.europa.eu/esco/skill/aa0d8201-5a8e-417f-81f4-c04601139582,digitalisering,exact,,1.0,
bb9fc62a-668e-48e8-863e-87ae6894a87c,LIS,"LIS i fysikalsk medisin og rehabilitering, ","Legespesialist i fysikalsk medisin og rehabilitering, Legespesialist i fysikalsk medisin og rehabilitering, Legespesialister",RÅDAL,http://data.europa.eu/esco/skill/0cd6dcf1-5778-42a5-b685-4d01ae4a4871,Common Lisp,digital_consensus,0.6051489114761353,0.999724805355072,0.0015864968299865723
c0df28b1-7841-484a-b106-401dba214e77,ERP,Vil du være med å bygge fremtidens IT-funksjon i UNIL?,"Systemanalytikere/-arkitekter, IT-konsulent, IKT-konsulent",OSLO,http://data.europa.eu/esco/skill/09f4c52b-ac72-4f0e-a8ae-78bb1d7bffba,transportprogramvare relatert til et ERP-system,digital_consensus,0.5528852343559265,0.9972111582756042,0.9701170120388269
c0df28b1-7841-484a-b106-401dba214e77,IT,Vil du være med å bygge fremtidens IT-funksjon i UNIL?,"Systemanalytikere/-arkitekter, IT-konsulent, IKT-konsulent",OSLO,http://data.europa.eu/esco/skill/ddc3119d-1d6e-4324-9125-a3380d299ac5,IT,exact,,1.0,
c0df28b1-7841-484a-b106-401dba214e77,endringsledelse,Vil du være med å bygge fremtidens IT-funksjon i UNIL?,"Systemanalytikere/-arkitekter, IT-konsulent, IKT-konsulent",OSLO,http://data.europa.eu/esco/skill/bec4359e-cb92-468f-a997-8fb28e32fba9,Metoder innen IKT-prosjektledelse,digital_consensus,0.6423553824424744,0.8403087258338928,0.002162039279937744
e03aa1c1-3bd7-40de-bbcf-c4a111ca4c6d,SAP,Vikariat som HR rådgiver ved Enhet øst,"Personalkonsulent, Personalkonsulent, Personal- og karriererådgivere, HR-rådgiver",OSLO,http://data.europa.eu/esco/skill/f8e3425c-fe44-4ffb-bafe-0e20d91dadf4,SAP,exact,,1.0,
fd3485dc-43df-4ded-baed-d6c7389f7698,Produktutvikling,Produktleder,"Systemanalytikere/-arkitekter, Produkteier IT, IKT-produktsjef",OSLO,http://data.europa.eu/esco/skill/4f6b656a-54d0-48ce-9b55-ebcac5904a14,håndtere geospatiale teknologier,digital_consensus,0.6504983901977539,0.9169093370437622,0.013612568378448486
b13062e0-1ab2-4379-9ee0-3bb4d8d95399,ERP,Konsulent ERP og Automatisering (P2P),"Systemanalytikere/-arkitekter, Systemkonsulent ICT, IKT-systemintegrasjonskonsulent",Missing location,http://data.europa.eu/esco/skill/09f4c52b-ac72-4f0e-a8ae-78bb1d7bffba,transportprogramvare relatert til et ERP-system,digital_consensus,0.5528852343559265,0.9972111582756042,0.9701170120388269
bfe106df-53a2-4377-b5c8-f272fe6b0343,CNC,Hva med å kombinere CNC-faget med opplæring og utvikling av mennesker?,"CNC-operatør, CNC-operatør, Verktøymakere, låsesmeder mv.",BERGEN,http://data.europa.eu/esco/skill/6f728d63-5c45-40b3-8bfd-e17c5dba28ad,håndtere CNC-slipemaskin,digital_consensus,0.5797138810157776,0.9999545812606812,0.00033664703369140625
87f7335e-218c-485d-8921-b74fb1342c02,AI,AI trenger mennesker som deg,"AI-utvikler, AI-utvikler, Systemanalytikere/-arkitekter",OSLO,http://data.europa.eu/esco/skill/e465a154-93f7-4973-9ce1-31659fe16dd2,prinsipper for kunstig intelligens,digital_consensus,0.5584366917610168,0.99960857629776,0.001320481300354004
87f7335e-218c-485d-8921-b74fb1342c02,endringsledelse,AI trenger mennesker som deg,"AI-utvikler, AI-utvikler, Systemanalytikere/-arkitekter",OSLO,http://data.europa.eu/esco/skill/bec4359e-cb92-468f-a997-8fb28e32fba9,Metoder innen IKT-prosjektledelse,digital_consensus,0.6423553824424744,0.8403087258338928,0.002162039279937744
74c6242e-75ee-45fe-bf9c-c14817f8c218,Kybernetikk,Prosjektingeniør Simulator - Stavanger,"Elektronikkingeniører, Automasjonsingeniør, Programvareutviklere, Kybernetiker, ingeniør, mekatronikk",STAVANGER,http://data.europa.eu/esco/skill/fc5818b4-66f9-498b-a1bc-ff651db2af68,kybernetikk,exact,,1.0,
74c6242e-75ee-45fe-bf9c-c14817f8c218,Programmering,Prosjektingeniør Simulator - Stavanger,"Elektronikkingeniører, Automasjonsingeniør, Programvareutviklere, Kybernetiker, ingeniør, mekatronikk",STAVANGER,http://data.europa.eu/esco/skill/21d2f96d-35f7-4e3f-9745-c533d2dd6e97,dataprogrammering,digital_consensus,0.714440643787384,0.9188328981399536,0.2761046886444092
d91dca85-02fd-40f5-b8a0-3ea73b2cb2e1,Tekniske tegninger,Bricklayers Wanted – Bergen – Competitive Salary,"Murer, Murer, Murere",BERGEN,http://data.europa.eu/esco/skill/59ea80e1-463a-4dba-82c6-d0b6d577d532,tekniske tegninger,exact,,1.0,
1b79f67a-22bd-4c81-acc6-b39e8540fd3f,Tekniske tegninger,Experienced Carpenters Wanted – Bergen – Join Our Team,"Tømrer, Tømrer, Tømrere og snekkere",BERGEN,http://data.europa.eu/esco/skill/59ea80e1-463a-4dba-82c6-d0b6d577d532,tekniske tegninger,exact,,1.0,
dbdee8ff-9eba-4b06-a682-123ac1a7e4ae,Datasenter,Datacenter Lead,"Teknologisk leder CRM, Teknologisk leder CRM, Ledere av IKT-enheter",SANDVIKA,http://data.europa.eu/esco/skill/21d2f96d-35f7-4e3f-9745-c533d2dd6e97,dataprogrammering,digital_consensus,0.5561807155609131,0.9656215906143188,0.010419487953186035
dbdee8ff-9eba-4b06-a682-123ac1a7e4ae,IT,Datacenter Lead,"Teknologisk leder CRM, Teknologisk leder CRM, Ledere av IKT-enheter",SANDVIKA,http://data.europa.eu/esco/skill/ddc3119d-1d6e-4324-9125-a3380d299ac5,IT,exact,,1.0,
7de3b192-39bc-4f62-9714-a6cdf18980d6,Datasenter,Prosjektleder - Datasenter Bli med på å bygge fremtidens digitale infrastruktur,"Prosjektleder, Prosjektleder, Andre administrative ledere",STAVANGER,http://data.europa.eu/esco/skill/21d2f96d-35f7-4e3f-9745-c533d2dd6e97,dataprogrammering,digital_consensus,0.5561807155609131,0.9656215906143188,0.010419487953186035
07db3abc-a819-4341-bf4f-e2f7bf097831,IT,Control SYstem Software Engineer (Subsea Tech),"Programmerer, Programvareutviklere, Sikkerhetsanalytikere mv., System Controller, Softwareingeniør, programvareutvikler",BERGEN,http://data.europa.eu/esco/skill/ddc3119d-1d6e-4324-9125-a3380d299ac5,IT,exact,,1.0,
07db3abc-a819-4341-bf4f-e2f7bf097831,Industriell programvare,Control SYstem Software Engineer (Subsea Tech),"Programmerer, Programvareutviklere, Sikkerhetsanalytikere mv., System Controller, Softwareingeniør, programvareutvikler",BERGEN,http://data.europa.eu/esco/skill/41ec47dd-08b3-464a-9c45-c706f3e74467,industriell programvare,exact,,1.0,
07db3abc-a819-4341-bf4f-e2f7bf097831,Kybernetikk,Control SYstem Software Engineer (Subsea Tech),"Programmerer, Programvareutviklere, Sikkerhetsanalytikere mv., System Controller, Softwareingeniør, programvareutvikler",BERGEN,http://data.europa.eu/esco/skill/fc5818b4-66f9-498b-a1bc-ff651db2af68,kybernetikk,exact,,1.0,
07db3abc-a819-4341-bf4f-e2f7bf097831,Programvareutvikling,Control SYstem Software Engineer (Subsea Tech),"Programmerer, Programvareutviklere, Sikkerhetsanalytikere mv., System Controller, Softwareingeniør, programvareutvikler",BERGEN,http://data.europa.eu/esco/skill/21d2f96d-35f7-4e3f-9745-c533d2dd6e97,dataprogrammering,digital_consensus,0.5329556465148926,0.9873233437538147,0.12117928266525269
2e7b4a1c-3ad6-4d9e-b2e6-cb13411042cf,AI,Graduate 2027: Finance and Strategy,"Corporate Strategy & Analysis Trainee, Organisasjonsrådgivere, Finans- og investeringsrådgivere, Trainee Finans, Organisasjonsrådgivere mv., Trainee strategi og analyse, Organisasjonsrådgivere mv.",STAVANGER,http://data.europa.eu/esco/skill/e465a154-93f7-4973-9ce1-31659fe16dd2,prinsipper for kunstig intelligens,digital_consensus,0.5584366917610168,0.99960857629776,0.001320481300354004
2e7b4a1c-3ad6-4d9e-b2e6-cb13411042cf,Digitalisering,Graduate 2027: Finance and Strategy,"Corporate Strategy & Analysis Trainee, Organisasjonsrådgivere, Finans- og investeringsrådgivere, Trainee Finans, Organisasjonsrådgivere mv., Trainee strategi og analyse, Organisasjonsrådgivere mv.",STAVANGER,http://data.europa.eu/esco/skill/aa0d8201-5a8e-417f-81f4-c04601139582,digitalisering,exact,,1.0,
e41a13b6-e1c5-4d58-ab16-49a5bf738c5b,CISO,Vil du jobbe med sikkerhet til alle -- i Norges hyggeligste konsulenthus?,"Sikkerhetsanalytikere mv., Cyber Security Engineer, IKT-sikkerhetsingeniør",OSLO,http://data.europa.eu/esco/skill/3ff589b7-68df-4ea5-ae41-b395bdb2378f,IKT-sikkerhetsstandarder,digital_consensus,0.6220211982727051,0.9998831748962402,5.751848220825195e-05
e41a13b6-e1c5-4d58-ab16-49a5bf738c5b,Cybersikkerhet,Vil du jobbe med sikkerhet til alle -- i Norges hyggeligste konsulenthus?,"Sikkerhetsanalytikere mv., Cyber Security Engineer, IKT-sikkerhetsingeniør",OSLO,http://data.europa.eu/esco/skill/8088750d-8388-4170-a76f-48354c469c44,cybersikkerhet,exact,,1.0,
e41a13b6-e1c5-4d58-ab16-49a5bf738c5b,IT-sikkerhet,Vil du jobbe med sikkerhet til alle -- i Norges hyggeligste konsulenthus?,"Sikkerhetsanalytikere mv., Cyber Security Engineer, IKT-sikkerhetsingeniør",OSLO,http://data.europa.eu/esco/skill/8088750d-8388-4170-a76f-48354c469c44,IT-sikkerhet,exact,,1.0,
e41a13b6-e1c5-4d58-ab16-49a5bf738c5b,Informasjonssikkerhet,Vil du jobbe med sikkerhet til alle -- i Norges hyggeligste konsulenthus?,"Sikkerhetsanalytikere mv., Cyber Security Engineer, IKT-sikkerhetsingeniør",OSLO,http://data.europa.eu/esco/skill/8088750d-8388-4170-a76f-48354c469c44,informasjonssikkerhet,exact,,1.0,
1d75ef50-e8c6-44a8-8d24-ae79e737cc20,SAP,Prosjektinnkjøper,"Innkjøpere, Innkjøper, innkjøper",STATHELLE,http://data.europa.eu/esco/skill/f8e3425c-fe44-4ffb-bafe-0e20d91dadf4,SAP,exact,,1.0,
d7c7a454-a340-40d1-914f-5759c3f8d0c8,Automatiker,Vil du har en variert arbeidshverdag der ingen dager er helt like?,"Elektrikere, Elektriker, Automatikere, Automatiker, Andre ingeniører, Driftstekniker bygg, Andre ingeniører",MOLDE,http://data.europa.eu/esco/skill/7a950986-27fe-4b6c-adf3-88f211e77019,robotkomponenter,digital_consensus,0.6843463182449341,0.9831464886665344,0.0006955862045288086
fea0929a-8713-49d4-8793-685ed3f33495,Microsoft 365,Er du vår nye IT-konsulent?,"IT-konsulent, IT-konsulent, Systemanalytikere/-arkitekter",OSLO,http://data.europa.eu/esco/skill/f683ae1d-cb7c-4aa1-b9fe-205e1bd23535,bruke Microsoft Office,digital_consensus,0.5470774173736572,0.9996776580810547,0.0003491640090942383
4257ab24-0d5e-4229-9a03-c8c8bcc76f5f,AI,Graduate 2027: Flow Assurance Engineer,"Flow Assurance Engineer, Flow Assurance Engineer, Ingeniører innen petroleum, bergverk og metallurgi",STAVANGER,http://data.europa.eu/esco/skill/e465a154-93f7-4973-9ce1-31659fe16dd2,prinsipper for kunstig intelligens,digital_consensus,0.5584366917610168,0.99960857629776,0.001320481300354004
900f2440-17ca-4a8a-acc8-99539bb2c096,AI,Graduate 2027: Production Chemistry Engineer,"Produksjonsingeniør, Sivilingeniører (industri og produksjon), Kjemiingeniører, Kjemiingeniør, kjemiingeniør",STAVANGER,http://data.europa.eu/esco/skill/e465a154-93f7-4973-9ce1-31659fe16dd2,prinsipper for kunstig intelligens,digital_consensus,0.5584366917610168,0.99960857629776,0.001320481300354004
900f2440-17ca-4a8a-acc8-99539bb2c096,Dataanalyse,Graduate 2027: Production Chemistry Engineer,"Produksjonsingeniør, Sivilingeniører (industri og produksjon), Kjemiingeniører, Kjemiingeniør, kjemiingeniør",STAVANGER,http://data.europa.eu/esco/skill/97bd1c21-66b2-4b7e-ad0f-e3cda590e378,dataanalyse,exact,,1.0,
dc65a3ba-1671-4f3b-b28d-ad8f99480622,AI,Graduate 2027: Drilling and Wells Engineer,"Brønningeniør olje, Ingeniører innen petroleum, bergverk og metallurgi, Ingeniører innen petroleum, bergverk og metallurgi, Drilling Systems Engineer, Sivilingeniører (geofag, petro-leumsteknologi, metallurgi mv.);, Oil Well Engineer, petroleumsingeniør",STAVANGER,http://data.europa.eu/esco/skill/e465a154-93f7-4973-9ce1-31659fe16dd2,prinsipper for kunstig intelligens,digital_consensus,0.5584366917610168,0.99960857629776,0.001320481300354004
dc65a3ba-1671-4f3b-b28d-ad8f99480622,Dataanalyse,Graduate 2027: Drilling and Wells Engineer,"Brønningeniør olje, Ingeniører innen petroleum, bergverk og metallurgi, Ingeniører innen petroleum, bergverk og metallurgi, Drilling Systems Engineer, Sivilingeniører (geofag, petro-leumsteknologi, metallurgi mv.);, Oil Well Engineer, petroleumsingeniør",STAVANGER,http://data.europa.eu/esco/skill/97bd1c21-66b2-4b7e-ad0f-e3cda590e378,dataanalyse,exact,,1.0,
75f618b0-1deb-46ee-bcd5-b753234ef1e0,datasenter,Vil du ta en sentral rolle i å etablere og utvikle DIOs forvaltning av IKT‑rom og datasentre for departementene?,"Systemutvikler, Systemutvikler, Systemanalytikere/-arkitekter",OSLO,http://data.europa.eu/esco/skill/21d2f96d-35f7-4e3f-9745-c533d2dd6e97,dataprogrammering,digital_consensus,0.5661244988441467,0.9126800298690796,0.027720093727111816
4ecd140b-a3cb-4ba3-9b4a-72b79c6eb743,Programvareutvikling,Join ABB in Shaping the Future of Industrial Simulation at ABB,"Programmerer, Programvareutviklere, Sivilingeniører (elektronikk);, Senioringeniør IT, Programvareutviklere, Kybernetiker, Andre sivilingeniører (unntatt elektroteknologi);, Senior Controls Engineer, Programvareutviklere, Software-utvikler, programvareutvikler",FORNEBU,http://data.europa.eu/esco/skill/21d2f96d-35f7-4e3f-9745-c533d2dd6e97,dataprogrammering,digital_consensus,0.5329556465148926,0.9873233437538147,0.12117928266525269
2ac65ae8-4ae6-484e-845b-f85275f7afdb,AI,Graduate 2027: Inspection Engineer,"Ingeniører innen petroleum, bergverk og metallurgi, Inspeksjonsingeniør undervanns, Andre ingeniører",STAVANGER,http://data.europa.eu/esco/skill/e465a154-93f7-4973-9ce1-31659fe16dd2,prinsipper for kunstig intelligens,digital_consensus,0.5584366917610168,0.99960857629776,0.001320481300354004
45d88254-adee-47a5-9f4d-ba3774a4cde5,Produktutvikling,Join us in developing our Defense capabilities!,"Maskiningeniør, Maskiningeniører, Andre administrative ledere, Prosjektleder til Mekanisk Verksted, Anleggsmaskin- og industrimekanikere, Leder mekanikk, industrimekaniker",TRANBY,http://data.europa.eu/esco/skill/4f6b656a-54d0-48ce-9b55-ebcac5904a14,håndtere geospatiale teknologier,digital_consensus,0.6504983901977539,0.9169093370437622,0.013612568378448486
45d88254-adee-47a5-9f4d-ba3774a4cde5,SAP,Join us in developing our Defense capabilities!,"Maskiningeniør, Maskiningeniører, Andre administrative ledere, Prosjektleder til Mekanisk Verksted, Anleggsmaskin- og industrimekanikere, Leder mekanikk, industrimekaniker",TRANBY,http://data.europa.eu/esco/skill/f8e3425c-fe44-4ffb-bafe-0e20d91dadf4,SAP,exact,,1.0,
4e948e01-dab5-48b0-933d-0512180a888b,Systemutvikling,Join us in developing our Defense capabilities!,"IT-systemingeniør, IT-systemingeniør, Systemanalytikere/-arkitekter",TRANBY,http://data.europa.eu/esco/skill/21d2f96d-35f7-4e3f-9745-c533d2dd6e97,dataprogrammering,digital_consensus,0.6049041152000427,0.9194501638412476,0.19810181856155396
a272ae26-76ac-4e79-8b3d-efc8fed449eb,AI,Graduate 2027: Data Engineer/Digital,"Dataingeniør, Dataingeniør, Sivilingeniører (elektronikk)",TRONDHEIM,http://data.europa.eu/esco/skill/e465a154-93f7-4973-9ce1-31659fe16dd2,prinsipper for kunstig intelligens,digital_consensus,0.5584366917610168,0.99960857629776,0.001320481300354004
a272ae26-76ac-4e79-8b3d-efc8fed449eb,Dataplattform,Graduate 2027: Data Engineer/Digital,"Dataingeniør, Dataingeniør, Sivilingeniører (elektronikk)",TRONDHEIM,http://data.europa.eu/esco/skill/3ec2e4d6-7000-4905-bf1a-c5b1679416de,datavarehus,digital_consensus,0.5975717306137085,0.9994984865188599,0.0007398128509521484
a272ae26-76ac-4e79-8b3d-efc8fed449eb,Programmering,Graduate 2027: Data Engineer/Digital,"Dataingeniør, Dataingeniør, Sivilingeniører (elektronikk)",TRONDHEIM,http://data.europa.eu/esco/skill/21d2f96d-35f7-4e3f-9745-c533d2dd6e97,dataprogrammering,digital_consensus,0.714440643787384,0.9188328981399536,0.2761046886444092
a272ae26-76ac-4e79-8b3d-efc8fed449eb,Python,Graduate 2027: Data Engineer/Digital,"Dataingeniør, Dataingeniør, Sivilingeniører (elektronikk)",TRONDHEIM,http://data.europa.eu/esco/skill/ccd0a1d9-afda-43d9-b901-96344886e14d,Python,exact,,1.0,
d4858a49-9ae8-4958-9ccf-7c65217514b5,AI,Graduate 2027: Life Cycle Data Services,"Sivilingeniører (elektronikk);, Dataingeniør, datavarehusutvikler, Databasedesignere og -administratorer, Junior Dataingeniør",TRONDHEIM,http://data.europa.eu/esco/skill/e465a154-93f7-4973-9ce1-31659fe16dd2,prinsipper for kunstig intelligens,digital_consensus,0.5584366917610168,0.99960857629776,0.001320481300354004
d4858a49-9ae8-4958-9ccf-7c65217514b5,Dataanalyse,Graduate 2027: Life Cycle Data Services,"Sivilingeniører (elektronikk);, Dataingeniør, datavarehusutvikler, Databasedesignere og -administratorer, Junior Dataingeniør",TRONDHEIM,http://data.europa.eu/esco/skill/97bd1c21-66b2-4b7e-ad0f-e3cda590e378,dataanalyse,exact,,1.0,
c2abafe7-30e2-46c2-a45d-d0eb0b0f0b13,Digitalisering,Prosjektleder,"Prosjektleder, Prosjektleder, Andre administrative ledere",OSLO,http://data.europa.eu/esco/skill/aa0d8201-5a8e-417f-81f4-c04601139582,digitalisering,exact,,1.0,
c2abafe7-30e2-46c2-a45d-d0eb0b0f0b13,Helseinformatikk,Prosjektleder,"Prosjektleder, Prosjektleder, Andre administrative ledere",OSLO,http://data.europa.eu/esco/skill/fb82ae25-b59f-43fd-aacf-a8308afbe85e,helseinformatikk,exact,,1.0,
83230ede-0ac3-4a8e-80bf-fd6f2b045a1a,ERP,Lyst på et spennende oppdrag innen økonomi og lønn?,"Lønnsrådgiver, Lønningsmedarbeidere, Regnskapsmedarbeidere, Økonomimedarbeider, Regnskapsførere",TRONDHEIM,http://data.europa.eu/esco/skill/09f4c52b-ac72-4f0e-a8ae-78bb1d7bffba,transportprogramvare relatert til et ERP-system,digital_consensus,0.5528852343559265,0.9972111582756042,0.9701170120388269
28bcdef3-3e1c-403b-ab80-a3790eb93cd8,Systemarkitektur,Join us in developing our Defense capabilities!,"IT-systemingeniør, IT-systemingeniør, Systemanalytikere/-arkitekter",TRANBY,http://data.europa.eu/esco/skill/21d2f96d-35f7-4e3f-9745-c533d2dd6e97,dataprogrammering,digital_consensus,0.5183978080749512,0.9555255174636841,0.06058621406555176
94d0ad3a-11c3-4afa-b81b-6daa1bb77ffb,IT-prosjekt,Vil du lede internasjonale militære IKT-prosjekter?,"Senior Prosjektleder, Senior Prosjektleder, Andre administrative ledere",LYSAKER,http://data.europa.eu/esco/skill/bec4359e-cb92-468f-a997-8fb28e32fba9,Metoder innen IKT-prosjektledelse,digital_consensus,0.5568580627441406,0.9992220401763916,0.0009100437164306641
4430231a-7473-466b-80ff-6a067bdf5dec,ERP,Are you Norrøna's next Head of Logistics?,"Ledere av logistikk og transport mv., Logistikkansvarlig, logistikk- og distribusjonssjef",OSLO,http://data.europa.eu/esco/skill/09f4c52b-ac72-4f0e-a8ae-78bb1d7bffba,transportprogramvare relatert til et ERP-system,digital_consensus,0.5528852343559265,0.9972111582756042,0.9701170120388269
dcc768b4-28b1-4a13-ab72-13293c8aa096,AI,Graduate 2027: Subsea Engineer,"Undervannsingeniør, Undervannsingeniør, Ingeniører innen petroleum, bergverk og metallurgi",STAVANGER,http://data.europa.eu/esco/skill/e465a154-93f7-4973-9ce1-31659fe16dd2,prinsipper for kunstig intelligens,digital_consensus,0.5584366917610168,0.99960857629776,0.001320481300354004
dcc768b4-28b1-4a13-ab72-13293c8aa096,Dataanalyse,Graduate 2027: Subsea Engineer,"Undervannsingeniør, Undervannsingeniør, Ingeniører innen petroleum, bergverk og metallurgi",STAVANGER,http://data.europa.eu/esco/skill/97bd1c21-66b2-4b7e-ad0f-e3cda590e378,dataanalyse,exact,,1.0,
5793bdff-8632-41dd-9ac2-3018d8a82a40,Kontrollsystemer,Join us in developing our Defense capabilities!,"Prosjektingeniør, Prosjektingeniør, Andre sivilingeniører( unntatt elektroteknologi)",TRANBY,http://data.europa.eu/esco/skill/4ff549c3-daa5-4def-9916-301c7bdf13b8,kontrollsystemer,exact,,1.0,
5793bdff-8632-41dd-9ac2-3018d8a82a40,Systemdesign,Join us in developing our Defense capabilities!,"Prosjektingeniør, Prosjektingeniør, Andre sivilingeniører( unntatt elektroteknologi)",TRANBY,http://data.europa.eu/esco/skill/fae27053-8924-4bfd-b565-c9fe502044c9,systemdesign,exact,,1.0,
74226843-5b4c-4c12-aacd-f7c1c6bbe998,Byggautomasjon,Vil du bli en del av #TeamGK?,"Salgsingeniør, Salgsingeniør, Salgskonsulenter innen tekniske og medisinske produkter",ASKER,http://data.europa.eu/esco/skill/6709e92c-7546-46a4-aa57-5e951bd4cb0f,byggautomasjon,exact,,1.0,
f0feedfc-c673-4025-9c45-7fedd2cd4627,AI,Graduate 2027: Process Engineer,"Prosessingeniør, Sivilingeniører (industri og produksjon), Kjemiingeniører, Kjemiingeniør, kjemiingeniør",STAVANGER,http://data.europa.eu/esco/skill/e465a154-93f7-4973-9ce1-31659fe16dd2,prinsipper for kunstig intelligens,digital_consensus,0.5584366917610168,0.99960857629776,0.001320481300354004
f0feedfc-c673-4025-9c45-7fedd2cd4627,Dataanalyse,Graduate 2027: Process Engineer,"Prosessingeniør, Sivilingeniører (industri og produksjon), Kjemiingeniører, Kjemiingeniør, kjemiingeniør",STAVANGER,http://data.europa.eu/esco/skill/97bd1c21-66b2-4b7e-ad0f-e3cda590e378,dataanalyse,exact,,1.0,
326f8720-9c64-4e59-bdd7-11fea1e3b596,Elektrisk design,Join us in developing our Defense capabilities!,"Andre sivilingeniører (unntatt elektroteknologi);, Senior Controls Engineer, testingeniør",TRANBY,http://data.europa.eu/esco/skill/05010f6c-0b40-4525-ac4a-057d46a2b6f4,utforme elektriske systemer,digital_consensus,0.6129065752029419,0.9914741516113281,0.9757806919515133
326f8720-9c64-4e59-bdd7-11fea1e3b596,Kontrollsystemer,Join us in developing our Defense capabilities!,"Andre sivilingeniører (unntatt elektroteknologi);, Senior Controls Engineer, testingeniør",TRANBY,http://data.europa.eu/esco/skill/4ff549c3-daa5-4def-9916-301c7bdf13b8,kontrollsystemer,exact,,1.0,
326f8720-9c64-4e59-bdd7-11fea1e3b596,Systemarkitektur,Join us in developing our Defense capabilities!,"Andre sivilingeniører (unntatt elektroteknologi);, Senior Controls Engineer, testingeniør",TRANBY,http://data.europa.eu/esco/skill/21d2f96d-35f7-4e3f-9745-c533d2dd6e97,dataprogrammering,digital_consensus,0.5183978080749512,0.9555255174636841,0.06058621406555176
63fdaa06-2430-4ae3-a346-9b4fcf5ee17b,AI,Graduate 2027: Automation Engineer,"Automasjonsingeniør, sivil, Automasjonsingeniør, sivil, Sivilingeniører (maskin- og marinteknikk)",TRONDHEIM,http://data.europa.eu/esco/skill/e465a154-93f7-4973-9ce1-31659fe16dd2,prinsipper for kunstig intelligens,digital_consensus,0.5584366917610168,0.99960857629776,0.001320481300354004
63fdaa06-2430-4ae3-a346-9b4fcf5ee17b,Digitalisering,Graduate 2027: Automation Engineer,"Automasjonsingeniør, sivil, Automasjonsingeniør, sivil, Sivilingeniører (maskin- og marinteknikk)",TRONDHEIM,http://data.europa.eu/esco/skill/aa0d8201-5a8e-417f-81f4-c04601139582,digitalisering,exact,,1.0,
63fdaa06-2430-4ae3-a346-9b4fcf5ee17b,Kybernetikk,Graduate 2027: Automation Engineer,"Automasjonsingeniør, sivil, Automasjonsingeniør, sivil, Sivilingeniører (maskin- og marinteknikk)",TRONDHEIM,http://data.europa.eu/esco/skill/fc5818b4-66f9-498b-a1bc-ff651db2af68,kybernetikk,exact,,1.0,
9572227d-26c4-4692-841f-f088488e5839,Digitalisering,Ta prosjektledererfaringen din videre i et av Nordens ledende teknologiselskaper,"Prosjektleder, Andre administrative ledere, Systemanalytikere/-arkitekter, IT-prosjektleder, IKT-prosjektleder",TRONDHEIM,http://data.europa.eu/esco/skill/aa0d8201-5a8e-417f-81f4-c04601139582,digitalisering,exact,,1.0,
9572227d-26c4-4692-841f-f088488e5839,IT-prosjekt,Ta prosjektledererfaringen din videre i et av Nordens ledende teknologiselskaper,"Prosjektleder, Andre administrative ledere, Systemanalytikere/-arkitekter, IT-prosjektleder, IKT-prosjektleder",TRONDHEIM,http://data.europa.eu/esco/skill/bec4359e-cb92-468f-a997-8fb28e32fba9,Metoder innen IKT-prosjektledelse,digital_consensus,0.5568580627441406,0.9992220401763916,0.0009100437164306641
cc1b546d-727b-431e-95d9-989317279362,CAD,Join us in developing our Defense capabilities!,"Designingeniør, Designingeniør, Andre sivilingeniører( unntatt elektroteknologi)",TRANBY,http://data.europa.eu/esco/skill/9ba355be-f119-42b6-a7d6-52f6ce2e4a3f,utforme kretser ved hjelp av CAD,digital_consensus,0.6348830461502075,0.9999152421951294,0.8251167237758636
0b3869c2-ff1c-4619-9b0e-4ddde85f4114,AI,Vil du jobbe med moderne dataplattformer og AI for å bygge Norge med IT?,"Systemanalytikere/-arkitekter, Systemutvikler, Systemanalytikere/-arkitekter, IT arkitekt, forsker innen datavitenskap, Systemanalytikere/-arkitekter, Spesialist datavitenskap",LAKSEVÅG,http://data.europa.eu/esco/skill/e465a154-93f7-4973-9ce1-31659fe16dd2,prinsipper for kunstig intelligens,digital_consensus,0.5584366917610168,0.99960857629776,0.001320481300354004
0b3869c2-ff1c-4619-9b0e-4ddde85f4114,Data governance,Vil du jobbe med moderne dataplattformer og AI for å bygge Norge med IT?,"Systemanalytikere/-arkitekter, Systemutvikler, Systemanalytikere/-arkitekter, IT arkitekt, forsker innen datavitenskap, Systemanalytikere/-arkitekter, Spesialist datavitenskap",LAKSEVÅG,http://data.europa.eu/esco/skill/3ec2e4d6-7000-4905-bf1a-c5b1679416de,datavarehus,digital_consensus,0.5980607867240906,0.9991195797920227,0.0002713799476623535
0b3869c2-ff1c-4619-9b0e-4ddde85f4114,Dataplattform,Vil du jobbe med moderne dataplattformer og AI for å bygge Norge med IT?,"Systemanalytikere/-arkitekter, Systemutvikler, Systemanalytikere/-arkitekter, IT arkitekt, forsker innen datavitenskap, Systemanalytikere/-arkitekter, Spesialist datavitenskap",LAKSEVÅG,http://data.europa.eu/esco/skill/3ec2e4d6-7000-4905-bf1a-c5b1679416de,datavarehus,digital_consensus,0.5975717306137085,0.9994984865188599,0.0007398128509521484
0b3869c2-ff1c-4619-9b0e-4ddde85f4114,IT,Vil du jobbe med moderne dataplattformer og AI for å bygge Norge med IT?,"Systemanalytikere/-arkitekter, Systemutvikler, Systemanalytikere/-arkitekter, IT arkitekt, forsker innen datavitenskap, Systemanalytikere/-arkitekter, Spesialist datavitenskap",LAKSEVÅG,http://data.europa.eu/esco/skill/ddc3119d-1d6e-4324-9125-a3380d299ac5,IT,exact,,1.0,
0b3869c2-ff1c-4619-9b0e-4ddde85f4114,Maskinlæring,Vil du jobbe med moderne dataplattformer og AI for å bygge Norge med IT?,"Systemanalytikere/-arkitekter, Systemutvikler, Systemanalytikere/-arkitekter, IT arkitekt, forsker innen datavitenskap, Systemanalytikere/-arkitekter, Spesialist datavitenskap",LAKSEVÅG,http://data.europa.eu/esco/skill/3a2d5b45-56e4-4f5a-a55a-4a4a65afdc43,maskinlæring,exact,,1.0,
4bfd0223-6e05-4c5f-8ec8-1b725eb108b5,AI,Graduate 2027: Project Engineer,"Andre sivilingeniører (unntatt elektroteknologi);, Prosjektingeniør, Andre sivilingeniører (unntatt elektroteknologi)",TRONDHEIM,http://data.europa.eu/esco/skill/e465a154-93f7-4973-9ce1-31659fe16dd2,prinsipper for kunstig intelligens,digital_consensus,0.5584366917610168,0.99960857629776,0.001320481300354004
4b1ab7d5-02c7-4384-ac5d-6aaa6b3ad972,AI,Graduate 2027: Electrical Engineer,"Elektroingeniør, Elektroingeniør, Elektronikkingeniører",TRONDHEIM,http://data.europa.eu/esco/skill/e465a154-93f7-4973-9ce1-31659fe16dd2,prinsipper for kunstig intelligens,digital_consensus,0.5584366917610168,0.99960857629776,0.001320481300354004
f156a6f8-7b35-4955-b765-f805e9d94585,Digitalisering,Join ABB Marine \& Ports and help us shape the future of digital services in the marine industry!,"Tekniker, Tekniker, Andre ingeniører",FORNEBU,http://data.europa.eu/esco/skill/aa0d8201-5a8e-417f-81f4-c04601139582,digitalisering,exact,,1.0,
e5177ed6-6e69-432f-becd-20bf389fafc5,CAD,Join a Leading Engineering Team in the Energy Sector!,"Ingeniører innen petroleum, bergverk og metallurgi, Structural Design Model Engineer, Oil and Gas, Ingeniører innen petroleum",LYSAKER,http://data.europa.eu/esco/skill/9ba355be-f119-42b6-a7d6-52f6ce2e4a3f,utforme kretser ved hjelp av CAD,digital_consensus,0.6348830461502075,0.9999152421951294,0.8251167237758636
2e6e6830-86a7-45a9-a14d-2ccb5bbb316f,ERP,Bli vår nye Order to Cash-koordinator,"Ordrebehandler, Ordrebehandler, Kontormedarbeidere",OSLO,http://data.europa.eu/esco/skill/09f4c52b-ac72-4f0e-a8ae-78bb1d7bffba,transportprogramvare relatert til et ERP-system,digital_consensus,0.5528852343559265,0.9972111582756042,0.9701170120388269
7140fe8c-5b86-4316-aa3c-47abb94dd20c,Kundesupport,Teknisk salgsingeniør -- innesalg,"Teknisk salgsrepresentant, Salgskonsulenter innen tekniske og medisinske produkter, Salgskonsulenter innen tekniske og medisinske produkter, Salgsingeniør, salgsingeniør",OSLO,http://data.europa.eu/esco/skill/db36f7f1-5900-45bd-9ffb-f2b19c4362ac,støtte IKT-systembrukere,digital_consensus,0.5482102036476135,0.9978213310241699,0.016304969787597656
8781eeaf-bdd6-4e55-9d90-4833e44a36e6,Digitalisering,"Do you have the ability to turn complex automation, safety, and digital solutions into real customer value?","Salgs- og markedssjefer, Customer Development Manager, Salgs- og markedssjefer",FORNEBU,http://data.europa.eu/esco/skill/aa0d8201-5a8e-417f-81f4-c04601139582,digitalisering,exact,,1.0,
8781eeaf-bdd6-4e55-9d90-4833e44a36e6,Industriell programvare,"Do you have the ability to turn complex automation, safety, and digital solutions into real customer value?","Salgs- og markedssjefer, Customer Development Manager, Salgs- og markedssjefer",FORNEBU,http://data.europa.eu/esco/skill/41ec47dd-08b3-464a-9c45-c706f3e74467,industriell programvare,exact,,1.0,
ae25fc42-dda3-4e6c-9d49-145b43b54fc6,Elektronikk,"Elkjøp Phonehouse Madla, Kilden og Kvadrat søker selger","Sales Advisor, Andre salgsmedarbeidere",HAFRSFJORD,http://data.europa.eu/esco/skill/95c35c3a-035f-47c2-90cf-7e934d20fc08,elektronikk,exact,,1.0,
bf9c4eb4-7981-48a5-9039-bd5358e246b8,CFD,Can you turn simulation insights into robust designs that perform in the world's toughest marine environments?,"Maskiningeniører, Maskiningeniør, maskiningeniør",FORNEBU,http://data.europa.eu/esco/skill/77592603-505b-4096-97dd-d0def6bd7601,CFD,exact,,1.0,
bf9c4eb4-7981-48a5-9039-bd5358e246b8,Produktutvikling,Can you turn simulation insights into robust designs that perform in the world's toughest marine environments?,"Maskiningeniører, Maskiningeniør, maskiningeniør",FORNEBU,http://data.europa.eu/esco/skill/4f6b656a-54d0-48ce-9b55-ebcac5904a14,håndtere geospatiale teknologier,digital_consensus,0.6504983901977539,0.9169093370437622,0.013612568378448486
dc57e550-3d91-4562-955f-1e129f927d81,AI,Graduate 2027: Mechanical Engineer,"Maskiningeniør, Maskiningeniør, Maskiningeniører",TRONDHEIM,http://data.europa.eu/esco/skill/e465a154-93f7-4973-9ce1-31659fe16dd2,prinsipper for kunstig intelligens,digital_consensus,0.5584366917610168,0.99960857629776,0.001320481300354004
dc57e550-3d91-4562-955f-1e129f927d81,Dataanalyse,Graduate 2027: Mechanical Engineer,"Maskiningeniør, Maskiningeniør, Maskiningeniører",TRONDHEIM,http://data.europa.eu/esco/skill/97bd1c21-66b2-4b7e-ad0f-e3cda590e378,dataanalyse,exact,,1.0,
e23ccabb-898f-4bd6-b546-e1a23c187fcf,AI,Graduate 2027: Reservoir Engineer,"Reservoir Engineer, Reservoir Engineer, Sivilingeniører (geofag, petroleums-teknologi, metallurgi mv.)",TRONDHEIM,http://data.europa.eu/esco/skill/e465a154-93f7-4973-9ce1-31659fe16dd2,prinsipper for kunstig intelligens,digital_consensus,0.5584366917610168,0.99960857629776,0.001320481300354004
e23ccabb-898f-4bd6-b546-e1a23c187fcf,Dataanalyse,Graduate 2027: Reservoir Engineer,"Reservoir Engineer, Reservoir Engineer, Sivilingeniører (geofag, petroleums-teknologi, metallurgi mv.)",TRONDHEIM,http://data.europa.eu/esco/skill/97bd1c21-66b2-4b7e-ad0f-e3cda590e378,dataanalyse,exact,,1.0,
e23ccabb-898f-4bd6-b546-e1a23c187fcf,Python,Graduate 2027: Reservoir Engineer,"Reservoir Engineer, Reservoir Engineer, Sivilingeniører (geofag, petroleums-teknologi, metallurgi mv.)",TRONDHEIM,http://data.europa.eu/esco/skill/ccd0a1d9-afda-43d9-b901-96344886e14d,Python,exact,,1.0,
ea18b26b-5bbd-4fc6-bc34-7b153205be22,AI,Graduate 2027: Cybersecurity,"Sikkerhetsanalytikere mv., Cyber Security Engineer, IKT-sikkerhetsingeniør",STAVANGER,http://data.europa.eu/esco/skill/e465a154-93f7-4973-9ce1-31659fe16dd2,prinsipper for kunstig intelligens,digital_consensus,0.5584366917610168,0.99960857629776,0.001320481300354004
ea18b26b-5bbd-4fc6-bc34-7b153205be22,Cybersecurity,Graduate 2027: Cybersecurity,"Sikkerhetsanalytikere mv., Cyber Security Engineer, IKT-sikkerhetsingeniør",STAVANGER,http://data.europa.eu/esco/skill/8088750d-8388-4170-a76f-48354c469c44,cybersecurity,exact,,1.0,
ea18b26b-5bbd-4fc6-bc34-7b153205be22,IT-sikkerhet,Graduate 2027: Cybersecurity,"Sikkerhetsanalytikere mv., Cyber Security Engineer, IKT-sikkerhetsingeniør",STAVANGER,http://data.europa.eu/esco/skill/8088750d-8388-4170-a76f-48354c469c44,IT-sikkerhet,exact,,1.0,
ea18b26b-5bbd-4fc6-bc34-7b153205be22,Informasjonssikkerhet,Graduate 2027: Cybersecurity,"Sikkerhetsanalytikere mv., Cyber Security Engineer, IKT-sikkerhetsingeniør",STAVANGER,http://data.europa.eu/esco/skill/8088750d-8388-4170-a76f-48354c469c44,informasjonssikkerhet,exact,,1.0,
ea18b26b-5bbd-4fc6-bc34-7b153205be22,Sikkerhetsrammeverk,Graduate 2027: Cybersecurity,"Sikkerhetsanalytikere mv., Cyber Security Engineer, IKT-sikkerhetsingeniør",STAVANGER,http://data.europa.eu/esco/skill/3ff589b7-68df-4ea5-ae41-b395bdb2378f,IKT-sikkerhetsstandarder,digital_consensus,0.5397850871086121,0.992653489112854,0.06432187557220459
ea18b26b-5bbd-4fc6-bc34-7b153205be22,Sikkerhetsstandarder,Graduate 2027: Cybersecurity,"Sikkerhetsanalytikere mv., Cyber Security Engineer, IKT-sikkerhetsingeniør",STAVANGER,http://data.europa.eu/esco/skill/3ff589b7-68df-4ea5-ae41-b395bdb2378f,IKT-sikkerhetsstandarder,digital_consensus,0.5798223614692688,0.9994593262672424,0.23400330543518066
34b7f39b-80de-4950-9029-03d12fc1a518,Informasjonssikkerhet,"Vil du ta en nøkkelrolle i å forme og videreutvikle styring og etterlevelse innen informasjonssikkerhet, risikostyrin...","Jurister og advokater, Jurist, Sikkerhetsanalytikere mv., Informasjonssikkerhetsansvarlig, Sikkerhetsanalytikere mv., Rådgiver informasjonssikkerhet, IKT-sikkerhetsingeniør",OSLO,http://data.europa.eu/esco/skill/8088750d-8388-4170-a76f-48354c469c44,informasjonssikkerhet,exact,,1.0,
fb626ee0-1656-42ab-afec-97e676657404,ERP,Start your career in logistics with a hands-on operational role,"Logistiker, Logistiker, Logistikkmedarbeidere",STAVANGER,http://data.europa.eu/esco/skill/09f4c52b-ac72-4f0e-a8ae-78bb1d7bffba,transportprogramvare relatert til et ERP-system,digital_consensus,0.5528852343559265,0.9972111582756042,0.9701170120388269
1129ba1e-f1f1-4175-865e-f7bd2dfd5b8f,Digitalisering,Lead Sales Growth as Head of Sales at Nordic Approach,"Salgs- og markedssjefer, Salgsleder, salgssjef",OSLO,http://data.europa.eu/esco/skill/aa0d8201-5a8e-417f-81f4-c04601139582,digitalisering,exact,,1.0,
0b740c3b-c115-4147-8ae2-96480a439fdd,AI,Graduate 2027: Geologist (Biostratigraphy),"Geologer og geofysikere, Biostratigraf, Geologer og geofysikere, Geolog (stratigrafi)",STAVANGER,http://data.europa.eu/esco/skill/e465a154-93f7-4973-9ce1-31659fe16dd2,prinsipper for kunstig intelligens,digital_consensus,0.5584366917610168,0.99960857629776,0.001320481300354004
c2751272-1cb8-43b9-a950-448dca2f125e,ERP,Vil du forme økonomifunksjonen i et teknologikonsern?,"Regnskapsfører, Regnskapsførere, Regnskapsansvarlig, Rådgivere/forskere, samfunnsøkonomi, Økonom, Revisorer, regnskapsrådgivere, Økonomiansvarlig, controller",AVERØY,http://data.europa.eu/esco/skill/09f4c52b-ac72-4f0e-a8ae-78bb1d7bffba,transportprogramvare relatert til et ERP-system,digital_consensus,0.5528852343559265,0.9972111582756042,0.9701170120388269
13539fa0-d904-45de-b19e-de5cb91b95b6,Hendelseshåndtering,Har du kraft til å løse utfordringer som faktisk betyr noe?,"Andre ingeniører, Helse- og miljørådgivere, beredskapskoordinator, Sikkerhetsrådgiver (helse, miljø og driftssikkerhet), Beredskapsleder",BERGEN,http://data.europa.eu/esco/skill/8181aa4c-42bc-4036-a3d2-5cb6bbb34239,håndtere cybersikkerhetshendelser,digital_consensus,0.670574963092804,0.9964136481285095,0.011377155780792236
13539fa0-d904-45de-b19e-de5cb91b95b6,Informasjonssikkerhet,Har du kraft til å løse utfordringer som faktisk betyr noe?,"Andre ingeniører, Helse- og miljørådgivere, beredskapskoordinator, Sikkerhetsrådgiver (helse, miljø og driftssikkerhet), Beredskapsleder",BERGEN,http://data.europa.eu/esco/skill/8088750d-8388-4170-a76f-48354c469c44,informasjonssikkerhet,exact,,1.0,
51f556a6-a853-4eb6-9f17-865993686bfe,AI,Har du kraft til å løse utfordringer som faktisk betyr noe?,"Elkraftingeniører, strømforsyningsingeniør, Elektroingeniør, energiteknikk",BERGEN,http://data.europa.eu/esco/skill/e465a154-93f7-4973-9ce1-31659fe16dd2,prinsipper for kunstig intelligens,digital_consensus,0.5584366917610168,0.99960857629776,0.001320481300354004
51f556a6-a853-4eb6-9f17-865993686bfe,Systemutvikling,Har du kraft til å løse utfordringer som faktisk betyr noe?,"Elkraftingeniører, strømforsyningsingeniør, Elektroingeniør, energiteknikk",BERGEN,http://data.europa.eu/esco/skill/21d2f96d-35f7-4e3f-9745-c533d2dd6e97,dataprogrammering,digital_consensus,0.6049041152000427,0.9194501638412476,0.19810181856155396
bf4e0a9d-86db-44fa-889a-36d40ee21bb4,AI-utvikler,Har du kraft til å løse utfordringer som faktisk betyr noe?,"Systemanalytikere/-arkitekter, AI-utvikler, AI-utvikler",BERGEN,http://data.europa.eu/esco/skill/e465a154-93f7-4973-9ce1-31659fe16dd2,prinsipper for kunstig intelligens,digital_consensus,0.597407341003418,0.9969987869262695,0.019451379776000977
bf4e0a9d-86db-44fa-889a-36d40ee21bb4,IT,Har du kraft til å løse utfordringer som faktisk betyr noe?,"Systemanalytikere/-arkitekter, AI-utvikler, AI-utvikler",BERGEN,http://data.europa.eu/esco/skill/ddc3119d-1d6e-4324-9125-a3380d299ac5,IT,exact,,1.0,
bf4e0a9d-86db-44fa-889a-36d40ee21bb4,digitalisering,Har du kraft til å løse utfordringer som faktisk betyr noe?,"Systemanalytikere/-arkitekter, AI-utvikler, AI-utvikler",BERGEN,http://data.europa.eu/esco/skill/aa0d8201-5a8e-417f-81f4-c04601139582,digitalisering,exact,,1.0,
eb76a3a9-7d15-43f7-8612-95785a52d977,Digitalisering,Har du kraft til å løse utfordringer som faktisk betyr noe?,"Nettverksansvarlige, IKT-nettverksingeniør",BERGEN,http://data.europa.eu/esco/skill/aa0d8201-5a8e-417f-81f4-c04601139582,digitalisering,exact,,1.0,
ee014cce-bcc3-4247-8227-9598d834e127,Digitalisering,Har du kraft til å løse utfordringer som faktisk betyr noe?,"Sivilingeniører (elkraftteknikk);, ingeniør, elkraftteknikk, Ingeniør innen elektrisk kraftproduksjon",BERGEN,http://data.europa.eu/esco/skill/aa0d8201-5a8e-417f-81f4-c04601139582,digitalisering,exact,,1.0,
ee014cce-bcc3-4247-8227-9598d834e127,IKT-sikkerhet,Har du kraft til å løse utfordringer som faktisk betyr noe?,"Sivilingeniører (elkraftteknikk);, ingeniør, elkraftteknikk, Ingeniør innen elektrisk kraftproduksjon",BERGEN,http://data.europa.eu/esco/skill/c453cf81-6197-428e-84c6-70c773b63f27,Arkitektoniske IKT-rammeverk,digital_consensus,0.5389004349708557,0.9365342855453491,0.9244071943685412
ee014cce-bcc3-4247-8227-9598d834e127,Kybernetikk,Har du kraft til å løse utfordringer som faktisk betyr noe?,"Sivilingeniører (elkraftteknikk);, ingeniør, elkraftteknikk, Ingeniør innen elektrisk kraftproduksjon",BERGEN,http://data.europa.eu/esco/skill/fc5818b4-66f9-498b-a1bc-ff651db2af68,kybernetikk,exact,,1.0,
56fe1b44-14af-4c1c-9992-b79ab1dd1346,Cybersikkerhet,"Vil du være med på å gjøre cybersikkerhet forståelig, relevant og viktig for hele finansnæringen?","Sikkerhetsanalytikere mv., Cybersikkerhetsarkitekt, Cybersikkerhetsarkitekt",OSLO,http://data.europa.eu/esco/skill/8088750d-8388-4170-a76f-48354c469c44,cybersikkerhet,exact,,1.0,
56fe1b44-14af-4c1c-9992-b79ab1dd1346,Informasjonssikkerhet,"Vil du være med på å gjøre cybersikkerhet forståelig, relevant og viktig for hele finansnæringen?","Sikkerhetsanalytikere mv., Cybersikkerhetsarkitekt, Cybersikkerhetsarkitekt",OSLO,http://data.europa.eu/esco/skill/8088750d-8388-4170-a76f-48354c469c44,informasjonssikkerhet,exact,,1.0,
de82a462-cdb7-4b4f-8443-d5c8d9b0eed3,ERP,Controller – 1 års vikariat med oppstart høsten 2026,"Controller, Controller, Revisorer og regnskapsrådgivere",SKIEN,http://data.europa.eu/esco/skill/09f4c52b-ac72-4f0e-a8ae-78bb1d7bffba,transportprogramvare relatert til et ERP-system,digital_consensus,0.5528852343559265,0.9972111582756042,0.9701170120388269
de82a462-cdb7-4b4f-8443-d5c8d9b0eed3,SAP,Controller – 1 års vikariat med oppstart høsten 2026,"Controller, Controller, Revisorer og regnskapsrådgivere",SKIEN,http://data.europa.eu/esco/skill/f8e3425c-fe44-4ffb-bafe-0e20d91dadf4,SAP,exact,,1.0,
17c49851-7863-494e-b447-97eaf320f410,Elektronikk,Elkjøp Skien søker salgsleder for en midlertidig periode,"Salgs- og markedssjefer, Salgsleder, salgssjef",SKIEN,http://data.europa.eu/esco/skill/95c35c3a-035f-47c2-90cf-7e934d20fc08,elektronikk,exact,,1.0,
339293d3-367d-4b3b-b428-620d34b7cc2a,formelle metoder,PhD Research Fellow in Formal Methods and Knowledge Representation for Engineering Information,"Stipendiat, Stipendiat, Universitets- og høyskolelektorer/-lærere",OSLO,http://data.europa.eu/esco/skill/7b5cce4d-c7fe-4119-b48f-70aa05391787,informatikk,digital_consensus,0.5502187609672546,0.920885443687439,0.033400893211364746
339293d3-367d-4b3b-b428-620d34b7cc2a,informatikk,PhD Research Fellow in Formal Methods and Knowledge Representation for Engineering Information,"Stipendiat, Stipendiat, Universitets- og høyskolelektorer/-lærere",OSLO,http://data.europa.eu/esco/skill/7b5cce4d-c7fe-4119-b48f-70aa05391787,informatikk,exact,,1.0,
489083f4-8ad3-41e3-a6a8-f75f1d440e90,Digitalisering,Fagdirektør,"Andre ledere av produksjon og tjenesteyting, Leder av offentlig forvaltning, Andre ledere av produksjon og tjenesteyting",OSLO,http://data.europa.eu/esco/skill/aa0d8201-5a8e-417f-81f4-c04601139582,digitalisering,exact,,1.0,
5caea534-f202-4c64-b752-5231f6453130,ERP,Vil du bli vår nye løsningsekspert? ,"Sikkerhetsanalytikere mv., IT sikkerhetsanalyst, IKT-sikkerhetsadministrator",OSLO,http://data.europa.eu/esco/skill/09f4c52b-ac72-4f0e-a8ae-78bb1d7bffba,transportprogramvare relatert til et ERP-system,digital_consensus,0.5528852343559265,0.9972111582756042,0.9701170120388269
5caea534-f202-4c64-b752-5231f6453130,IT-sikkerhet,Vil du bli vår nye løsningsekspert? ,"Sikkerhetsanalytikere mv., IT sikkerhetsanalyst, IKT-sikkerhetsadministrator",OSLO,http://data.europa.eu/esco/skill/8088750d-8388-4170-a76f-48354c469c44,IT-sikkerhet,exact,,1.0,
5caea534-f202-4c64-b752-5231f6453130,SAP,Vil du bli vår nye løsningsekspert? ,"Sikkerhetsanalytikere mv., IT sikkerhetsanalyst, IKT-sikkerhetsadministrator",OSLO,http://data.europa.eu/esco/skill/f8e3425c-fe44-4ffb-bafe-0e20d91dadf4,SAP,exact,,1.0,
7128660c-3699-4f5d-8618-71742caefe3d,LIS,Er du vår nye LIS3?,"Allmennpraktiserende leger, Lege i spesialisering, Legespesialister",FØRDE,http://data.europa.eu/esco/skill/0cd6dcf1-5778-42a5-b685-4d01ae4a4871,Common Lisp,digital_consensus,0.6051489114761353,0.999724805355072,0.0015864968299865723
9e9bf515-dc22-4dad-82d1-f9a56b45187f,Elektronikk,Fagarbeider Bakkeutstyr ,"Tekniker, Andre ingeniører, Bilmekanikere, Mekaniker, Anleggsmaskin- og industrimekanikere, Mekaniker (maskiner), Anleggsmaskin- og industrimekanikere",EVENES,http://data.europa.eu/esco/skill/95c35c3a-035f-47c2-90cf-7e934d20fc08,elektronikk,exact,,1.0,
a03228b6-abc9-4913-9b48-9c61230d2c35,LIS3,"Til deg med eventyrlyst, humor og stå på vilje: Har du lyst å oppleve midnattssola og nordlyset i magiske Øst-Finnmark? ","Allmennpraktiserende leger, Lege i spesialisering, Legespesialister",KIRKENES,http://data.europa.eu/esco/skill/0cd6dcf1-5778-42a5-b685-4d01ae4a4871,Common Lisp,digital_consensus,0.5861812233924866,0.999950647354126,3.814697265625e-06
a0fa8605-d11a-43a7-9a4f-8dbc01e7873a,Digitalisering,Strategisk rådgiver ,"Strategirådgiver, Finansanalytikere, Høyere saksbehandlere i offentlig og privat virksomhet, Rådgiver juridisk utredning i offentlig administrasjon, Høyere saksbehandlere i offentlig og privat virksomhet",HØNEFOSS,http://data.europa.eu/esco/skill/aa0d8201-5a8e-417f-81f4-c04601139582,digitalisering,exact,,1.0,
a7a76e49-1f5d-49e0-87d3-0de82ed690ed,Digitalisering,Vil du bidra til at vi lykkes med vårt viktige samfunnsoppdrag?,"Divisjonsdirektør, Divisjonsdirektør, Administrerende direktører",OSLO,http://data.europa.eu/esco/skill/aa0d8201-5a8e-417f-81f4-c04601139582,digitalisering,exact,,1.0,
d1cbf7c0-ae45-4bf4-8997-f6d0c31372c4,Informasjonssikkerhet,Utvikler til Tryggere Digital Læring,"Systemanalytikere/-arkitekter, Systemutvikler, IKT-systemutvikler",TRONDHEIM,http://data.europa.eu/esco/skill/8088750d-8388-4170-a76f-48354c469c44,informasjonssikkerhet,exact,,1.0,
d1cbf7c0-ae45-4bf4-8997-f6d0c31372c4,Programmerer,Utvikler til Tryggere Digital Læring,"Systemanalytikere/-arkitekter, Systemutvikler, IKT-systemutvikler",TRONDHEIM,http://data.europa.eu/esco/skill/21d2f96d-35f7-4e3f-9745-c533d2dd6e97,dataprogrammering,digital_consensus,0.6060227751731873,0.9829521775245667,0.035317838191986084
d1cbf7c0-ae45-4bf4-8997-f6d0c31372c4,Python,Utvikler til Tryggere Digital Læring,"Systemanalytikere/-arkitekter, Systemutvikler, IKT-systemutvikler",TRONDHEIM,http://data.europa.eu/esco/skill/ccd0a1d9-afda-43d9-b901-96344886e14d,Python,exact,,1.0,
d1cbf7c0-ae45-4bf4-8997-f6d0c31372c4,Systemutvikler,Utvikler til Tryggere Digital Læring,"Systemanalytikere/-arkitekter, Systemutvikler, IKT-systemutvikler",TRONDHEIM,http://data.europa.eu/esco/skill/21d2f96d-35f7-4e3f-9745-c533d2dd6e97,dataprogrammering,digital_consensus,0.6546458005905151,0.9988632202148438,0.002029597759246826
d1cbf7c0-ae45-4bf4-8997-f6d0c31372c4,Typescript,Utvikler til Tryggere Digital Læring,"Systemanalytikere/-arkitekter, Systemutvikler, IKT-systemutvikler",TRONDHEIM,http://data.europa.eu/esco/skill/867137fb-ff1b-4ca3-99f3-cb6969aa2c68,TypeScript,exact,,1.0,
d4544048-7893-4ab2-abf6-23cf3f07f854,Dataanalyse,Registeransvarlig for Norsk rehabiliteringsregister,"Andre ledere av produksjon og tjenesteyting, Registersjef, Andre ledere av produksjon og tjenesteyting",NESODDTANGEN,http://data.europa.eu/esco/skill/97bd1c21-66b2-4b7e-ad0f-e3cda590e378,dataanalyse,exact,,1.0,
d679e56c-a19d-40fe-bef5-95b561b0c8ff,informatikk,PhD Research Fellow in transport mode detection with location privacy,"Stipendiat, Stipendiat, Universitets- og høyskolelektorer/-lærere",OSLO,http://data.europa.eu/esco/skill/7b5cce4d-c7fe-4119-b48f-70aa05391787,informatikk,exact,,1.0,
d679e56c-a19d-40fe-bef5-95b561b0c8ff,maskinlæring,PhD Research Fellow in transport mode detection with location privacy,"Stipendiat, Stipendiat, Universitets- og høyskolelektorer/-lærere",OSLO,http://data.europa.eu/esco/skill/3a2d5b45-56e4-4f5a-a55a-4a4a65afdc43,maskinlæring,exact,,1.0,
d679e56c-a19d-40fe-bef5-95b561b0c8ff,programmering,PhD Research Fellow in transport mode detection with location privacy,"Stipendiat, Stipendiat, Universitets- og høyskolelektorer/-lærere",OSLO,http://data.europa.eu/esco/skill/21d2f96d-35f7-4e3f-9745-c533d2dd6e97,dataprogrammering,digital_consensus,0.5193703174591064,0.8931854367256165,0.8318698219954967
e086f859-fdd9-40f2-aad1-f1165e4789e1,BIM,Fagansvarleg FDV og teknisk dokumentasjon,"Bygningsingeniører, Fagansvarlig byggesak",BERGEN,http://data.europa.eu/esco/skill/fae7e545-5114-43cc-8e83-178e2549ecb9,bim,exact,,1.0,
98fdc1ce-bc61-4678-9aa4-eb60bcd91f98,AI,Bli med å bygge et stort AI-selskap,"Butikkmedarbeidere, Selger, Selger",DRAMMEN,http://data.europa.eu/esco/skill/e465a154-93f7-4973-9ce1-31659fe16dd2,prinsipper for kunstig intelligens,digital_consensus,0.5584366917610168,0.99960857629776,0.001320481300354004
e33d3d52-c713-4c0d-9ede-8947808a8965,Automatiker,Bli med på et av Norges største offshoreprosjekter,"Industrielektriker, Elektrikere, Automatikere, Automatiker, Energimontører, Energimontør, kraftdistribusjonstekniker",KOKSTAD,http://data.europa.eu/esco/skill/7a950986-27fe-4b6c-adf3-88f211e77019,robotkomponenter,digital_consensus,0.6843463182449341,0.9831464886665344,0.0006955862045288086
c0a206de-6506-4f3e-ad8d-da68602e088e,Digitalisering,Ønsker du erfaring fra bibliotek i høyskolesektoren?,"Bibliotekassistent, Bibliotekassistent, Bibliotekassistenter",LILLESTRØM,http://data.europa.eu/esco/skill/aa0d8201-5a8e-417f-81f4-c04601139582,digitalisering,exact,,1.0,
8f536aea-370b-41d6-b9e9-befcdf1ec36d,Telecom,Teamleder Salg – Bygg ditt eget team og skap resultater,"Salgsleder, Salgs- og markedssjefer, Dørselgere, Dørselger, dørselger",Missing location,http://data.europa.eu/esco/skill/14764a75-3104-4875-ba1d-57c059b9b013,telekommunikasjonsteknikk,digital_consensus,0.5549701452255249,0.9992813467979431,0.0044498443603515625
50b656dd-6a73-4a7a-b02c-442a05d4a499,Telecom,"Ingen salgserfaring? Vi ser etter vinnere, ikke CV-er.","Salgskonsulent feltsalg, Salgskonsulent feltsalg, Selgere (engros)",Missing location,http://data.europa.eu/esco/skill/14764a75-3104-4875-ba1d-57c059b9b013,telekommunikasjonsteknikk,digital_consensus,0.5549701452255249,0.9992813467979431,0.0044498443603515625
9d6469d0-011e-4ef5-89b9-2ace82562fec,antihvitvasking,Vil du være med å videreutvikle bankens arbeid mot økonomisk kriminalitet?,"Rådgivere/forskere, samfunnsøkonomi, Bedriftsrådgiver, Banker - Anti-Money Laundering (AML), økonomisk rådgiver",ÅLESUND,http://data.europa.eu/esco/skill/41f2f9bf-1440-49f7-bbb1-2c3c3ea93f76,analysere brukstilfeller for blokkjede,digital_consensus,0.4291705787181854,0.8468599915504456,0.07028180360794067
fafcae88-8cdf-485c-b817-03930b7d411b,Matros,Maskinkyndig matros i sambandet Skoleruta Rognsund,"Matros, Matros, Dekks- og maskinmannskap (skip)",ALTA,http://data.europa.eu/esco/skill/c3a03c5a-c260-4c26-9b9a-873abb396f4d,MATLAB,digital_consensus,0.568639874458313,0.9997702240943909,0.0015523433685302734
5ebfe2ee-af50-40fd-8022-9fb3a9ebda89,SAP,Elektriker,"Elektriker, Elektriker, Elektrikere, Elektrikere, Industrielektriker",SUNNDALSØRA,http://data.europa.eu/esco/skill/f8e3425c-fe44-4ffb-bafe-0e20d91dadf4,SAP,exact,,1.0,
69048bb2-fbd4-4b80-b442-117a74634d8f,Kundesupport,Vi søker nå Salgs- og kunderådgiver i 80% vikariat til Synsam Lillehammer!,"Selger, Butikkmedarbeidere, Butikkmedarbeidere, Salgsrådgiver briller, spesialisert selger innen briller og optisk utstyr, Selger av briller og tilbehør",LILLEHAMMER,http://data.europa.eu/esco/skill/db36f7f1-5900-45bd-9ffb-f2b19c4362ac,støtte IKT-systembrukere,digital_consensus,0.5482102036476135,0.9978213310241699,0.016304969787597656
886dc49e-3279-4ab5-be9f-09d4cb866bef,Datasenter,Vil du lede produksjonen på et av Norges mest spennende datasenterprosjekter?,"Teknisk prosjektleder, Teknisk prosjektleder, Andre administrative ledere",UNDHEIM,http://data.europa.eu/esco/skill/21d2f96d-35f7-4e3f-9745-c533d2dd6e97,dataprogrammering,digital_consensus,0.5561807155609131,0.9656215906143188,0.010419487953186035
37d6614e-b3fe-4b9f-9810-bea3a4da966b,Produktutvikling,Vil du lede produktutviklingen for skadeforsikring i Storebrand?,"Forsknings- og utviklingsledere, Produktleder industri, produktsjef",LYSAKER,http://data.europa.eu/esco/skill/4f6b656a-54d0-48ce-9b55-ebcac5904a14,håndtere geospatiale teknologier,digital_consensus,0.6504983901977539,0.9169093370437622,0.013612568378448486
79af9c56-6482-4040-994b-f0b76d4069b1,Datadrevne prosesser,Har du bred kunnskap og erfaring med digitalisering og datadrevne prosesser?,"Dataregistrere, Digitaliserer, Andre administrative ledere, Digitaliseringsansvarlig, prosjektleder",OSLO,http://data.europa.eu/esco/skill/21d2f96d-35f7-4e3f-9745-c533d2dd6e97,dataprogrammering,digital_consensus,0.6045132875442505,0.9931045174598694,0.005966842174530029
79af9c56-6482-4040-994b-f0b76d4069b1,Digitalisering,Har du bred kunnskap og erfaring med digitalisering og datadrevne prosesser?,"Dataregistrere, Digitaliserer, Andre administrative ledere, Digitaliseringsansvarlig, prosjektleder",OSLO,http://data.europa.eu/esco/skill/aa0d8201-5a8e-417f-81f4-c04601139582,digitalisering,exact,,1.0,
79af9c56-6482-4040-994b-f0b76d4069b1,SAP,Har du bred kunnskap og erfaring med digitalisering og datadrevne prosesser?,"Dataregistrere, Digitaliserer, Andre administrative ledere, Digitaliseringsansvarlig, prosjektleder",OSLO,http://data.europa.eu/esco/skill/f8e3425c-fe44-4ffb-bafe-0e20d91dadf4,SAP,exact,,1.0,
4b1588fd-6f61-475d-812e-2369e97918f4,.NET,Vil du være med å lage løsninger som hjelper 500 000 medlemmer vel frem?,"Backend-utvikler, Backend-utvikler, Programvareutviklere",OSLO,http://data.europa.eu/esco/skill/13bdd41a-2a18-441f-96db-41252c519413,.NET,exact,,1.0,
4b1588fd-6f61-475d-812e-2369e97918f4,C#,Vil du være med å lage løsninger som hjelper 500 000 medlemmer vel frem?,"Backend-utvikler, Backend-utvikler, Programvareutviklere",OSLO,http://data.europa.eu/esco/skill/4c016b68-4116-468c-9dc6-42710c239e4a,C#,exact,,1.0,
4b1588fd-6f61-475d-812e-2369e97918f4,DevOps,Vil du være med å lage løsninger som hjelper 500 000 medlemmer vel frem?,"Backend-utvikler, Backend-utvikler, Programvareutviklere",OSLO,http://data.europa.eu/esco/skill/f0de4973-0a70-4644-8fd4-3a97080476f4,DevOps,exact,,1.0,
4b1588fd-6f61-475d-812e-2369e97918f4,IT,Vil du være med å lage løsninger som hjelper 500 000 medlemmer vel frem?,"Backend-utvikler, Backend-utvikler, Programvareutviklere",OSLO,http://data.europa.eu/esco/skill/ddc3119d-1d6e-4324-9125-a3380d299ac5,IT,exact,,1.0,
4b1588fd-6f61-475d-812e-2369e97918f4,Systemutvikler,Vil du være med å lage løsninger som hjelper 500 000 medlemmer vel frem?,"Backend-utvikler, Backend-utvikler, Programvareutviklere",OSLO,http://data.europa.eu/esco/skill/21d2f96d-35f7-4e3f-9745-c533d2dd6e97,dataprogrammering,digital_consensus,0.6546458005905151,0.9988632202148438,0.002029597759246826
7f19c490-9541-442a-bf52-1913b534704e,Datasenter,Prosjektleder til et av Norges største datasenterprosjekter,"Prosjektleder elektroteknikk, Prosjektleder elektroteknikk, Sivilingeniører (elkraftteknikk)",UNDHEIM,http://data.europa.eu/esco/skill/21d2f96d-35f7-4e3f-9745-c533d2dd6e97,dataprogrammering,digital_consensus,0.5561807155609131,0.9656215906143188,0.010419487953186035
ad252f2a-c51b-4f12-84a4-89bf84f6cdb1,Elektronikk,Ready to join Eidel as our next Test Engineer and help us build reliable technology for space and defense?,"Testingeniør, Testingeniør, Andre sivilingeniører( unntatt elektroteknologi)",EIDSVOLL,http://data.europa.eu/esco/skill/95c35c3a-035f-47c2-90cf-7e934d20fc08,elektronikk,exact,,1.0,
ad252f2a-c51b-4f12-84a4-89bf84f6cdb1,Python,Ready to join Eidel as our next Test Engineer and help us build reliable technology for space and defense?,"Testingeniør, Testingeniør, Andre sivilingeniører( unntatt elektroteknologi)",EIDSVOLL,http://data.europa.eu/esco/skill/ccd0a1d9-afda-43d9-b901-96344886e14d,Python,exact,,1.0,
a0916273-2b62-41f4-b4fb-c5b966942149,Datasenter,Vil du sikre kommersiell kontroll i et av Norges mest spennende datasenterprosjekter?,"Prosjektleder, Prosjektleder, Andre administrative ledere",UNDHEIM,http://data.europa.eu/esco/skill/21d2f96d-35f7-4e3f-9745-c533d2dd6e97,dataprogrammering,digital_consensus,0.5561807155609131,0.9656215906143188,0.010419487953186035
737827f3-a459-4e4d-8a58-633f1aab36e9,Robotikk,Vil du lede prosjekter innen undervannsrobotikk?,"Prosjektleder, Prosjektleder, Andre administrative ledere, Project Manager",TRONDHEIM,http://data.europa.eu/esco/skill/e87ec79a-c9ff-46f5-84fa-7a0f394cdf40,robotikk,exact,,1.0,
db2150df-e4e1-4f03-80fe-b213b66463cf,Mekanisk industri,Maskiningeniør søkes til spennende teknologimiljø,"Maskiningeniør, Maskiningeniør, Maskiningeniører",FREDRIKSTAD,http://data.europa.eu/esco/skill/bac209e9-d337-4312-9041-17c2e75fa4df,maskinvareindustrien,digital_consensus,0.6078109741210938,0.9941967725753784,0.2517239451408386
8f83ab1f-bd54-4555-8bdf-5993b6f990cf,Datasenter,Regnskapssjef til selskap i vekst,"Accounting Manager, Accounting Manager, Finans- og økonomisjefer, Regnskapssjef",LIER,http://data.europa.eu/esco/skill/21d2f96d-35f7-4e3f-9745-c533d2dd6e97,dataprogrammering,digital_consensus,0.5561807155609131,0.9656215906143188,0.010419487953186035
ae0e329c-8e6c-43e0-8c05-277012358d19,SAP,Personellsikkerhetsansvarlig,"Helse- og miljørådgivere, Arbeidsmiljø-, helse- og sikkerhetsansvarlig, HMS-konsulent",LAKSEVÅG,http://data.europa.eu/esco/skill/f8e3425c-fe44-4ffb-bafe-0e20d91dadf4,SAP,exact,,1.0,
52187f06-00dd-48eb-a5a8-acd30f66d4c2,Dataplattform,Vil du ta eierskap til dataplattformen i et voksende fintech-selskap?,"Systemanalytikere/-arkitekter, Plattform Manager, Systemanalytikere/-arkitekter",BERGEN,http://data.europa.eu/esco/skill/3ec2e4d6-7000-4905-bf1a-c5b1679416de,datavarehus,digital_consensus,0.5975717306137085,0.9994984865188599,0.0007398128509521484
52187f06-00dd-48eb-a5a8-acd30f66d4c2,Python,Vil du ta eierskap til dataplattformen i et voksende fintech-selskap?,"Systemanalytikere/-arkitekter, Plattform Manager, Systemanalytikere/-arkitekter",BERGEN,http://data.europa.eu/esco/skill/ccd0a1d9-afda-43d9-b901-96344886e14d,Python,exact,,1.0,
ab6c444f-ea84-4525-97a5-2c96d87f604d,AI,frog søker nyutdannede til graduate-program med oppstart i september 2027,"Finansanalytikere, Strategirådgiver, Selgere (engros);, Salgsrådgiver, Selgere (engros)",OSLO,http://data.europa.eu/esco/skill/e465a154-93f7-4973-9ce1-31659fe16dd2,prinsipper for kunstig intelligens,digital_consensus,0.5584366917610168,0.99960857629776,0.001320481300354004
21b680ae-67f6-4b33-9c7c-0bc6594559e2,SAP,HR Service Specialist,"Personalkonsulent, Personalkonsulent, Personal- og karriererådgivere",PORSGRUNN,http://data.europa.eu/esco/skill/f8e3425c-fe44-4ffb-bafe-0e20d91dadf4,SAP,exact,,1.0,
c998751d-8aff-4c8c-8560-9162a3b558cf,Byggautomasjon,Vil du integrere morgendagens systemer - fra verdens nordligste arbeidsplass?,"Elektronikkingeniører, Automasjonsingeniør, tekniker, instrumentering",LONGYEARBYEN,http://data.europa.eu/esco/skill/6709e92c-7546-46a4-aa57-5e951bd4cb0f,byggautomasjon,exact,,1.0,
c998751d-8aff-4c8c-8560-9162a3b558cf,Programmering,Vil du integrere morgendagens systemer - fra verdens nordligste arbeidsplass?,"Elektronikkingeniører, Automasjonsingeniør, tekniker, instrumentering",LONGYEARBYEN,http://data.europa.eu/esco/skill/21d2f96d-35f7-4e3f-9745-c533d2dd6e97,dataprogrammering,digital_consensus,0.714440643787384,0.9188328981399536,0.2761046886444092
c998751d-8aff-4c8c-8560-9162a3b558cf,Satellitt,Vil du integrere morgendagens systemer - fra verdens nordligste arbeidsplass?,"Elektronikkingeniører, Automasjonsingeniør, tekniker, instrumentering",LONGYEARBYEN,http://data.europa.eu/esco/skill/6e8fe5de-fe6d-482c-92fe-20e56ee57324,ytelsesparametere for globalt satellittnavigeringssystem,digital_consensus,0.6092619895935059,0.9342832565307617,0.2935147285461426
df1c6f1e-b841-49fe-9248-527254abbf16,Datadrevne prosesser,Har du bred kunnskap og erfaring med digitalisering og datadrevne prosesser?,"Ledere av IKT-enheter, Digitaliseringssjef, Ledere av IKT-enheter",OSLO,http://data.europa.eu/esco/skill/21d2f96d-35f7-4e3f-9745-c533d2dd6e97,dataprogrammering,digital_consensus,0.6045132875442505,0.9931045174598694,0.005966842174530029
df1c6f1e-b841-49fe-9248-527254abbf16,Digitalisering,Har du bred kunnskap og erfaring med digitalisering og datadrevne prosesser?,"Ledere av IKT-enheter, Digitaliseringssjef, Ledere av IKT-enheter",OSLO,http://data.europa.eu/esco/skill/aa0d8201-5a8e-417f-81f4-c04601139582,digitalisering,exact,,1.0,
df1c6f1e-b841-49fe-9248-527254abbf16,ERP,Har du bred kunnskap og erfaring med digitalisering og datadrevne prosesser?,"Ledere av IKT-enheter, Digitaliseringssjef, Ledere av IKT-enheter",OSLO,http://data.europa.eu/esco/skill/09f4c52b-ac72-4f0e-a8ae-78bb1d7bffba,transportprogramvare relatert til et ERP-system,digital_consensus,0.5528852343559265,0.9972111582756042,0.9701170120388269
5fed642e-cb64-4693-adab-318e6db4276f,Digitalisering,Vil du være med å skape neste generasjon kundeopplevelse til sjøs? Vi søker kommersiell produktleder!,"Produktleder industri, Produktleder industri, Forsknings- og utviklingsledere",ARENDAL,http://data.europa.eu/esco/skill/aa0d8201-5a8e-417f-81f4-c04601139582,digitalisering,exact,,1.0,
5fed642e-cb64-4693-adab-318e6db4276f,Produktutvikling,Vil du være med å skape neste generasjon kundeopplevelse til sjøs? Vi søker kommersiell produktleder!,"Produktleder industri, Produktleder industri, Forsknings- og utviklingsledere",ARENDAL,http://data.europa.eu/esco/skill/4f6b656a-54d0-48ce-9b55-ebcac5904a14,håndtere geospatiale teknologier,digital_consensus,0.6504983901977539,0.9169093370437622,0.013612568378448486
41eedfaa-8527-4e71-9dcc-4bfac0bbb4fa,Produktutvikling,Vice President Product \& Technology,"Administrerende direktører, Visedirektør, Administrerende direktører",HAGAVIK,http://data.europa.eu/esco/skill/4f6b656a-54d0-48ce-9b55-ebcac5904a14,håndtere geospatiale teknologier,digital_consensus,0.6504983901977539,0.9169093370437622,0.013612568378448486
01692e0f-ec0f-46a3-8e8d-07de14c3539a,IT,Er du vår nye IT Project Manager?,"Prosjektleder, Prosjektleder, Andre administrative ledere",KOKSTAD,http://data.europa.eu/esco/skill/ddc3119d-1d6e-4324-9125-a3380d299ac5,IT,exact,,1.0,
01692e0f-ec0f-46a3-8e8d-07de14c3539a,cybersikkerhet,Er du vår nye IT Project Manager?,"Prosjektleder, Prosjektleder, Andre administrative ledere",KOKSTAD,http://data.europa.eu/esco/skill/8088750d-8388-4170-a76f-48354c469c44,cybersikkerhet,exact,,1.0,
01692e0f-ec0f-46a3-8e8d-07de14c3539a,digitalisering,Er du vår nye IT Project Manager?,"Prosjektleder, Prosjektleder, Andre administrative ledere",KOKSTAD,http://data.europa.eu/esco/skill/aa0d8201-5a8e-417f-81f4-c04601139582,digitalisering,exact,,1.0,
01692e0f-ec0f-46a3-8e8d-07de14c3539a,endringsledelse,Er du vår nye IT Project Manager?,"Prosjektleder, Prosjektleder, Andre administrative ledere",KOKSTAD,http://data.europa.eu/esco/skill/bec4359e-cb92-468f-a997-8fb28e32fba9,Metoder innen IKT-prosjektledelse,digital_consensus,0.6423553824424744,0.8403087258338928,0.002162039279937744
bb236262-4c83-460d-b66f-e179201aaf3b,Datasenter,Bli Technical Project Manager i en av Norges største datasentersatsinger,"Teknisk prosjektleder, Andre administrative ledere, Elektrikere, Elektrofagmann, Elkraftingeniører, Elkraftingeniør, strømforsyningsingeniør",UNDHEIM,http://data.europa.eu/esco/skill/21d2f96d-35f7-4e3f-9745-c533d2dd6e97,dataprogrammering,digital_consensus,0.5561807155609131,0.9656215906143188,0.010419487953186035
7fbca127-60e7-40a5-89e0-450aae3f681d,Datasenter,Vil du være med å bygge organisasjonen bak et større datasenterprosjekter?,"Personal- og karriererådgivere, HR-koordinator, Personal- og karriererådgivere, HR-konsulent, personalkonsulent",UNDHEIM,http://data.europa.eu/esco/skill/21d2f96d-35f7-4e3f-9745-c533d2dd6e97,dataprogrammering,digital_consensus,0.5561807155609131,0.9656215906143188,0.010419487953186035
1d327685-ca47-411e-8d3a-a1efd2e7bbaa,Kybernetikk,"Softwareingeniør PLS og SCADA, Kristiansand","PLC programmerer, PLC programmerer, Sivilingeniører (elektronikk)",KRISTIANSAND S,http://data.europa.eu/esco/skill/fc5818b4-66f9-498b-a1bc-ff651db2af68,kybernetikk,exact,,1.0,
1d327685-ca47-411e-8d3a-a1efd2e7bbaa,Programmering,"Softwareingeniør PLS og SCADA, Kristiansand","PLC programmerer, PLC programmerer, Sivilingeniører (elektronikk)",KRISTIANSAND S,http://data.europa.eu/esco/skill/21d2f96d-35f7-4e3f-9745-c533d2dd6e97,dataprogrammering,digital_consensus,0.714440643787384,0.9188328981399536,0.2761046886444092
1d327685-ca47-411e-8d3a-a1efd2e7bbaa,Softwareingeniør,"Softwareingeniør PLS og SCADA, Kristiansand","PLC programmerer, PLC programmerer, Sivilingeniører (elektronikk)",KRISTIANSAND S,http://data.europa.eu/esco/skill/21d2f96d-35f7-4e3f-9745-c533d2dd6e97,dataprogrammering,digital_consensus,0.6272469758987427,0.860740065574646,0.729375958442688
1d327685-ca47-411e-8d3a-a1efd2e7bbaa,Systemutvikling,"Softwareingeniør PLS og SCADA, Kristiansand","PLC programmerer, PLC programmerer, Sivilingeniører (elektronikk)",KRISTIANSAND S,http://data.europa.eu/esco/skill/21d2f96d-35f7-4e3f-9745-c533d2dd6e97,dataprogrammering,digital_consensus,0.6049041152000427,0.9194501638412476,0.19810181856155396
28b19dcf-fe01-47b0-980c-13b2e5e0a16c,Cyberkriminalitet,Bli en del av Nasjonalt Cyberkrimsenter! Vi søker etterretningsleder som skal bidra til å bekjempe datakriminalitet,"Høyere saksbehandlere i offentlig og privat virksomhet, Etterretningsoffiser",OSLO,http://data.europa.eu/esco/skill/5898d99a-62a4-4e10-a2e3-0d815ce44248,mottiltak mot cyberangrep,digital_consensus,0.599170446395874,0.9939985275268555,0.0075417160987854
28b19dcf-fe01-47b0-980c-13b2e5e0a16c,Datakriminalitet,Bli en del av Nasjonalt Cyberkrimsenter! Vi søker etterretningsleder som skal bidra til å bekjempe datakriminalitet,"Høyere saksbehandlere i offentlig og privat virksomhet, Etterretningsoffiser",OSLO,http://data.europa.eu/esco/skill/78845d0c-e56f-4318-a9c6-bf75931dd520,innhente trusseletterretning,digital_consensus,0.6027292013168335,0.9985333681106567,0.0012303590774536133
97692ee1-83f1-4c1e-807e-bb6e0b7aad7f,Data engineering,Are you our new Data Platform Engineer?,"Dataingeniør, Dataingeniør, Sivilingeniører (elektronikk)",KOKSTAD,http://data.europa.eu/esco/skill/48db96bf-3314-45c6-bad8-fdb6e20e5639,data engineering,exact,,1.0,
97692ee1-83f1-4c1e-807e-bb6e0b7aad7f,Dataplattform,Are you our new Data Platform Engineer?,"Dataingeniør, Dataingeniør, Sivilingeniører (elektronikk)",KOKSTAD,http://data.europa.eu/esco/skill/3ec2e4d6-7000-4905-bf1a-c5b1679416de,datavarehus,digital_consensus,0.5975717306137085,0.9994984865188599,0.0007398128509521484
97692ee1-83f1-4c1e-807e-bb6e0b7aad7f,DevOps,Are you our new Data Platform Engineer?,"Dataingeniør, Dataingeniør, Sivilingeniører (elektronikk)",KOKSTAD,http://data.europa.eu/esco/skill/f0de4973-0a70-4644-8fd4-3a97080476f4,DevOps,exact,,1.0,
97692ee1-83f1-4c1e-807e-bb6e0b7aad7f,ETL,Are you our new Data Platform Engineer?,"Dataingeniør, Dataingeniør, Sivilingeniører (elektronikk)",KOKSTAD,http://data.europa.eu/esco/skill/9d0d89be-bffa-4393-b6f6-8d05bea49051,ETL,exact,,1.0,
97692ee1-83f1-4c1e-807e-bb6e0b7aad7f,IT,Are you our new Data Platform Engineer?,"Dataingeniør, Dataingeniør, Sivilingeniører (elektronikk)",KOKSTAD,http://data.europa.eu/esco/skill/ddc3119d-1d6e-4324-9125-a3380d299ac5,IT,exact,,1.0,
32eb2993-034f-4d94-85b9-5a1be315ec38,SAP,Spennende mulighet i et internasjonalt selskap!,"Kundeservicekoordinator, Kundeservicekoordinator, Kundesentermedarbeidere",OSLO,http://data.europa.eu/esco/skill/f8e3425c-fe44-4ffb-bafe-0e20d91dadf4,SAP,exact,,1.0,
c5f22cb1-2b49-4812-a1f3-a72541930c7c,Digitalisering,Har du kraft til å løse utfordringer som faktisk betyr noe?,"Elkraftingeniører, Elkraftingeniør, Sivilingeniører (elkraftteknikk);, Nettplanlegger, ingeniør, elektro",BERGEN,http://data.europa.eu/esco/skill/aa0d8201-5a8e-417f-81f4-c04601139582,digitalisering,exact,,1.0,
6f5c59f2-12a5-44a4-be6c-d29626f0cfe2,Kontrollsystemer,"Project engineer subsea control systems - Stavanger, Bergen or Oslo","Andre sivilingeniører (unntatt elektroteknologi);, Prosjektingeniør, Ingeniører innen petroleum, bergverk og metallurgi, Undervannsingeniør, Ingeniører innen petroleum",BERGEN,http://data.europa.eu/esco/skill/4ff549c3-daa5-4def-9916-301c7bdf13b8,kontrollsystemer,exact,,1.0,
80df5041-7bb3-4ba5-87d4-c814e6770e8f,DevOps,Devops-utvikler,"DevOps-utvikler, DevOps-utvikler, Programvareutviklere",BERGEN,http://data.europa.eu/esco/skill/f0de4973-0a70-4644-8fd4-3a97080476f4,DevOps,exact,,1.0,
80df5041-7bb3-4ba5-87d4-c814e6770e8f,Digitalisering,Devops-utvikler,"DevOps-utvikler, DevOps-utvikler, Programvareutviklere",BERGEN,http://data.europa.eu/esco/skill/aa0d8201-5a8e-417f-81f4-c04601139582,digitalisering,exact,,1.0,
80df5041-7bb3-4ba5-87d4-c814e6770e8f,IT,Devops-utvikler,"DevOps-utvikler, DevOps-utvikler, Programvareutviklere",BERGEN,http://data.europa.eu/esco/skill/ddc3119d-1d6e-4324-9125-a3380d299ac5,IT,exact,,1.0,
80df5041-7bb3-4ba5-87d4-c814e6770e8f,Programmering,Devops-utvikler,"DevOps-utvikler, DevOps-utvikler, Programvareutviklere",BERGEN,http://data.europa.eu/esco/skill/21d2f96d-35f7-4e3f-9745-c533d2dd6e97,dataprogrammering,digital_consensus,0.714440643787384,0.9188328981399536,0.2761046886444092
341de60a-63cf-43a0-98f4-b473bc6bbfae,IAM,Vil du være med å bygge opp KLPs nye IAM funksjon fra grunnen av?,"Applikasjonsprogrammerere, Applikasjonsutvikler (IAM), Applikasjonsprogrammerere",OSLO,http://data.europa.eu/esco/skill/33efa504-2f26-424d-b662-cee77e6e9c93,IAM,exact,,1.0,
341de60a-63cf-43a0-98f4-b473bc6bbfae,IT-sikkerhet,Vil du være med å bygge opp KLPs nye IAM funksjon fra grunnen av?,"Applikasjonsprogrammerere, Applikasjonsutvikler (IAM), Applikasjonsprogrammerere",OSLO,http://data.europa.eu/esco/skill/8088750d-8388-4170-a76f-48354c469c44,IT-sikkerhet,exact,,1.0,
341de60a-63cf-43a0-98f4-b473bc6bbfae,Java,Vil du være med å bygge opp KLPs nye IAM funksjon fra grunnen av?,"Applikasjonsprogrammerere, Applikasjonsutvikler (IAM), Applikasjonsprogrammerere",OSLO,http://data.europa.eu/esco/skill/19a8293b-8e95-4de3-983f-77484079c389,Java,exact,,1.0,
547f95bb-d3ae-4371-89a4-49efcca2c46f,IT,Vil du jobbe med utvikling av kundar og vere med å skape verdi for små og mellomstore bedrifter?,"Account Manager Business-to Business, Salgs- og markedssjefer, Selgere (engros);, Account manager, Selgere (engros)",ÅLESUND,http://data.europa.eu/esco/skill/ddc3119d-1d6e-4324-9125-a3380d299ac5,IT,exact,,1.0,
9df974d6-b23d-4d73-86c8-cee971668afd,Datadrevne prosesser,Har du bred kunnskap og erfaring med digitalisering og datadrevne prosesser?,"Forsknings- og utviklingsledere, Programleder innovasjon og digitalisering, Forsknings- og utviklingsledere",OSLO,http://data.europa.eu/esco/skill/21d2f96d-35f7-4e3f-9745-c533d2dd6e97,dataprogrammering,digital_consensus,0.6045132875442505,0.9931045174598694,0.005966842174530029
9df974d6-b23d-4d73-86c8-cee971668afd,Digitalisering,Har du bred kunnskap og erfaring med digitalisering og datadrevne prosesser?,"Forsknings- og utviklingsledere, Programleder innovasjon og digitalisering, Forsknings- og utviklingsledere",OSLO,http://data.europa.eu/esco/skill/aa0d8201-5a8e-417f-81f4-c04601139582,digitalisering,exact,,1.0,
9df974d6-b23d-4d73-86c8-cee971668afd,SAP,Har du bred kunnskap og erfaring med digitalisering og datadrevne prosesser?,"Forsknings- og utviklingsledere, Programleder innovasjon og digitalisering, Forsknings- og utviklingsledere",OSLO,http://data.europa.eu/esco/skill/f8e3425c-fe44-4ffb-bafe-0e20d91dadf4,SAP,exact,,1.0,
04d25c1a-f94b-4b6f-a1e5-72951c42c03a,Elektronikk,Deltid Selger 30-50%,"Selger, Selger, Butikkmedarbeidere",NÆRBØ,http://data.europa.eu/esco/skill/95c35c3a-035f-47c2-90cf-7e934d20fc08,elektronikk,exact,,1.0,
00921daf-3fdf-46bc-89f1-e34e05784427,Elektronikk,Hatteland Technology søker EMC Ingeniør,"Sivilingeniører (elkraftteknikk);, Overingeniør electro magnetic compatibility (EMC), ingeniør, elektromagnetisme",AKSDAL,http://data.europa.eu/esco/skill/95c35c3a-035f-47c2-90cf-7e934d20fc08,elektronikk,exact,,1.0,
46737b85-3ab6-4ee3-9c2f-afb91c7032d2,BIM,Vil du bli en del av Norconsults bruavdeling i Bergen?,"Sivilingeniører (bygg og anlegg);, Broingeniør, byggingeniør",BERGEN,http://data.europa.eu/esco/skill/fae7e545-5114-43cc-8e83-178e2549ecb9,bim,exact,,1.0,
3dd4d5cf-a827-4c0a-aedf-bef5415ffdbd,IT,Vil du jobbe tett med kunder og Microsoft-løsninger? Vi søker Software Specialist,"Microsoft utvikler, Programvareutviklere",OSLO,http://data.europa.eu/esco/skill/ddc3119d-1d6e-4324-9125-a3380d299ac5,IT,exact,,1.0,
3dd4d5cf-a827-4c0a-aedf-bef5415ffdbd,Software,Vil du jobbe tett med kunder og Microsoft-løsninger? Vi søker Software Specialist,"Microsoft utvikler, Programvareutviklere",OSLO,http://data.europa.eu/esco/skill/cf310cff-0d28-4dbc-9dbb-cc500a3196c2,kontorprogramvare,digital_consensus,0.5294063091278076,0.9984978437423706,0.028431594371795654
54f4dd59-6e9b-4a72-9980-5bf0767a98bd,BIM,Rådgjevar vegplanlegging - Voss,"Sivilingeniør veiplanlegger, Sivilingeniør veiplanlegger, Arealplanleggere",VOSS,http://data.europa.eu/esco/skill/fae7e545-5114-43cc-8e83-178e2549ecb9,bim,exact,,1.0,
6f44e9bc-b2ce-4474-8254-c21570faecdb,Automatiker,"Er du god med elektronikk, samtidig som du digger skruing og diesel-lukt?","Energimontører, Energimontør, Elektrikere, Elektriker, Automatikere, Automatiker, automasjonsingeniør",ALTA,http://data.europa.eu/esco/skill/7a950986-27fe-4b6c-adf3-88f211e77019,robotkomponenter,digital_consensus,0.6843463182449341,0.9831464886665344,0.0006955862045288086
2c7066b7-82e5-40b9-92c5-035c4ff07a58,BIM,Rådgiver BIM og digitalisering Trondheim,"BIM-rådgiver, BIM-rådgiver, Sivilingeniører (bygg og anlegg)",TRONDHEIM,http://data.europa.eu/esco/skill/fae7e545-5114-43cc-8e83-178e2549ecb9,bim,exact,,1.0,
2c7066b7-82e5-40b9-92c5-035c4ff07a58,Digitalisering,Rådgiver BIM og digitalisering Trondheim,"BIM-rådgiver, BIM-rådgiver, Sivilingeniører (bygg og anlegg)",TRONDHEIM,http://data.europa.eu/esco/skill/aa0d8201-5a8e-417f-81f4-c04601139582,digitalisering,exact,,1.0,
cc796687-b085-4fa8-b58c-d62591554c3b,museum,Vil du bidra til å utvikle HR-arbeidet ved Kulturhistorisk museum?,"Personal- og karriererådgivere, Personalkonsulent, Personalkonsulent",OSLO,http://data.europa.eu/esco/skill/c1b4aa1e-bc42-49e4-952a-0cbd45f1d57b,museumsdatabaser,digital_consensus,0.6122664213180542,0.9985284805297852,0.004033982753753662
cde648e2-6d79-4e0b-a5ca-847ae6db5dbe,SAP,Er du den som gjør at kunden legger på litt gladere enn da de ringte?,"Reklame- og markedsføringsrådgivere, Kundesentermedarbeidere, kundeservicemedarbeider ved kontaktsenter, Customer Marketing Specialist, Kundesenter informasjonsarbeider",GARDERMOEN,http://data.europa.eu/esco/skill/f8e3425c-fe44-4ffb-bafe-0e20d91dadf4,SAP,exact,,1.0,
038ff9f6-ecca-4d2f-8028-c2af66795a73,ERP,Seniorutviklere innen Microsoft Fabric og Business Central!,"Programvareutviklere, Microsoft utvikler, Applikasjonsprogrammerere, Seniorutvikler Mobipol, mobilapputvikler",BERGEN,http://data.europa.eu/esco/skill/09f4c52b-ac72-4f0e-a8ae-78bb1d7bffba,transportprogramvare relatert til et ERP-system,digital_consensus,0.5528852343559265,0.9972111582756042,0.9701170120388269
038ff9f6-ecca-4d2f-8028-c2af66795a73,IT,Seniorutviklere innen Microsoft Fabric og Business Central!,"Programvareutviklere, Microsoft utvikler, Applikasjonsprogrammerere, Seniorutvikler Mobipol, mobilapputvikler",BERGEN,http://data.europa.eu/esco/skill/ddc3119d-1d6e-4324-9125-a3380d299ac5,IT,exact,,1.0,
038ff9f6-ecca-4d2f-8028-c2af66795a73,Microsoft Fabric,Seniorutviklere innen Microsoft Fabric og Business Central!,"Programvareutviklere, Microsoft utvikler, Applikasjonsprogrammerere, Seniorutvikler Mobipol, mobilapputvikler",BERGEN,http://data.europa.eu/esco/skill/f683ae1d-cb7c-4aa1-b9fe-205e1bd23535,bruke Microsoft Office,digital_consensus,0.5208855271339417,0.9888699054718018,0.016161203384399414
038ff9f6-ecca-4d2f-8028-c2af66795a73,Programmering,Seniorutviklere innen Microsoft Fabric og Business Central!,"Programvareutviklere, Microsoft utvikler, Applikasjonsprogrammerere, Seniorutvikler Mobipol, mobilapputvikler",BERGEN,http://data.europa.eu/esco/skill/21d2f96d-35f7-4e3f-9745-c533d2dd6e97,dataprogrammering,digital_consensus,0.714440643787384,0.9188328981399536,0.2761046886444092
05712034-800d-4fca-8416-06208b24c92e,E-læring,Seniorrådgiver - sikresiden.no,"Sikkerhetsanalytikere mv., Seniorrådgiver informasjonssikkerhet, sjef for IKT-sikkerhet",OSLO,http://data.europa.eu/esco/skill/5f5e9350-1d13-4391-b9e1-07f6b2047fc5,e-læring,exact,,1.0,
0d7a33f8-cf24-40b6-942e-161d967753c6,Datasenter,Vi søker to rådgivere/seniorrådgivere til vårt infrastruktur- og nettverksteam,"Seniorkonsulent data, Seniorkonsulent data, Systemanalytikere/-arkitekter",OSLO,http://data.europa.eu/esco/skill/21d2f96d-35f7-4e3f-9745-c533d2dd6e97,dataprogrammering,digital_consensus,0.5561807155609131,0.9656215906143188,0.010419487953186035
0d7a33f8-cf24-40b6-942e-161d967753c6,Informasjonssikkerhet,Vi søker to rådgivere/seniorrådgivere til vårt infrastruktur- og nettverksteam,"Seniorkonsulent data, Seniorkonsulent data, Systemanalytikere/-arkitekter",OSLO,http://data.europa.eu/esco/skill/8088750d-8388-4170-a76f-48354c469c44,informasjonssikkerhet,exact,,1.0,
1f5b170a-2d01-4185-8aa7-d2ff42e61d79,Digitalisering,Seniorrådgiver - utvikling av fremtidens byggeregler ,"Andre sivilingeniører (unntatt elektroteknologi);, Seniorrådgiver andre sivilingeniører, Finans- og investeringsrådgivere, Seniorrådgiver innen nyskapning og innovasjon, Høyere saksbehandlere i offentlig og privat virksomhet, Seniorrådgiver (juridisk utredning, offentlig administrasjon), Høyere saksbehandlere i offentlig og privat virksomhet",OSLO,http://data.europa.eu/esco/skill/aa0d8201-5a8e-417f-81f4-c04601139582,digitalisering,exact,,1.0,
20b3a019-b58c-4b1b-9b58-7b032cf3a137,IT,Kan du hjelpe oss å utvikle våre plattformer?,"Systemanalytikere/-arkitekter, IKT-ingeniør, Andre ingeniører, Senioringeniør, Andre sivilingeniører (unntatt elektroteknologi), Overingeniør",OSLO,http://data.europa.eu/esco/skill/ddc3119d-1d6e-4324-9125-a3380d299ac5,IT,exact,,1.0,
20b3a019-b58c-4b1b-9b58-7b032cf3a137,devops,Kan du hjelpe oss å utvikle våre plattformer?,"Systemanalytikere/-arkitekter, IKT-ingeniør, Andre ingeniører, Senioringeniør, Andre sivilingeniører (unntatt elektroteknologi), Overingeniør",OSLO,http://data.europa.eu/esco/skill/f0de4973-0a70-4644-8fd4-3a97080476f4,DevOps,exact,,1.0,
20b3a019-b58c-4b1b-9b58-7b032cf3a137,programmering,Kan du hjelpe oss å utvikle våre plattformer?,"Systemanalytikere/-arkitekter, IKT-ingeniør, Andre ingeniører, Senioringeniør, Andre sivilingeniører (unntatt elektroteknologi), Overingeniør",OSLO,http://data.europa.eu/esco/skill/21d2f96d-35f7-4e3f-9745-c533d2dd6e97,dataprogrammering,digital_consensus,0.5193703174591064,0.8931854367256165,0.8318698219954967
31389083-4b94-4144-b855-ff6fca9033a3,Direktebank,Kunderådgiver Direktebank – skap gode kundeopplevelser sammen med oss!,"Kundebehandlere lån og kreditt, Kunderådgiver i bank, bankrådgiver",RINGEBU,http://data.europa.eu/esco/skill/84f583f4-f32a-4202-9b92-e25f0c978410,kjernebankprogramvare,digital_consensus,0.5052127242088318,0.9973360896110535,0.0027229785919189453
428bba10-8dec-4592-80af-d6167c40d2ad,ILS,Er du vår nye ILS medarbeider for noen av Norges mest moderne fartøy?,"Organisasjonsrådgivere mv., Logistikkanalytiker, logistikkanalytiker",RAMSUND,http://data.europa.eu/esco/skill/e6b8f934-7f35-4dc6-9a64-f6c43acdc00b,leverandører av programvarekomponenter,digital_consensus,0.6589517593383789,0.9954543113708496,0.0011206865310668945
6396ac74-3485-4c06-9ac0-945e32293fce,Informasjonssikkerhet,Har du erfaring innen sikkerhet og risikohåndtering?,"Sikkerhetsrådgiver (helse, miljø og driftssikkerhet), Sikkerhetsrådgiver (helse, miljø og driftssikkerhet), Andre ingeniører",OSLO,http://data.europa.eu/esco/skill/8088750d-8388-4170-a76f-48354c469c44,informasjonssikkerhet,exact,,1.0,
7291eace-77cc-4bed-bbb3-77357ae96997,Matros,Matros Jektevik-Nordhuglo-Hodnanes,"Dekks- og maskinmannskap (skip), Matros, Matros",STORD,http://data.europa.eu/esco/skill/c3a03c5a-c260-4c26-9b9a-873abb396f4d,MATLAB,digital_consensus,0.568639874458313,0.9997702240943909,0.0015523433685302734
8930eb93-689d-4813-abd0-71f1abd31276,SAP,Vi søker Risk manager til Sjøforsvarets største prosjekter,"Risk Manager, Risk Manager, Strategi- og planleggingssjefer",BERGEN,http://data.europa.eu/esco/skill/f8e3425c-fe44-4ffb-bafe-0e20d91dadf4,SAP,exact,,1.0,
8c9ea40d-f916-4d17-a2de-17b94525a959,Dataanalyse,Fra signaler til innsikt – jobb med elektronisk etterretning i Vadsø ,"Høyere saksbehandlere i offentlig og privat virksomhet, Etterretningsanalytiker (kriminelle handlinger)",VADSØ,http://data.europa.eu/esco/skill/97bd1c21-66b2-4b7e-ad0f-e3cda590e378,dataanalyse,exact,,1.0,
8c9ea40d-f916-4d17-a2de-17b94525a959,Signalbehandling,Fra signaler til innsikt – jobb med elektronisk etterretning i Vadsø ,"Høyere saksbehandlere i offentlig og privat virksomhet, Etterretningsanalytiker (kriminelle handlinger)",VADSØ,http://data.europa.eu/esco/skill/cfa2be0d-96d5-4017-a866-962efb9c5070,signalbehandling,exact,,1.0,
8c9ea40d-f916-4d17-a2de-17b94525a959,Systemutvikling,Fra signaler til innsikt – jobb med elektronisk etterretning i Vadsø ,"Høyere saksbehandlere i offentlig og privat virksomhet, Etterretningsanalytiker (kriminelle handlinger)",VADSØ,http://data.europa.eu/esco/skill/21d2f96d-35f7-4e3f-9745-c533d2dd6e97,dataprogrammering,digital_consensus,0.6049041152000427,0.9194501638412476,0.19810181856155396
8e4a22f9-5b1d-402e-80e7-bd5bf8a26927,Videoteknologi,"Vi søker deg som brenner for teknologi, kvalitet og samspill i avanserte produksjonsmiljøer. ","Ledere av IKT-enheter, Leder Digital Infrastruktur, informasjonsdirektør",OSLO,http://data.europa.eu/esco/skill/440d7494-3d79-4e1f-83ba-b346e116b471,betjene videoutstyr,digital_consensus,0.529679000377655,0.9697157740592957,0.9677266154903919
93e53bfe-7d70-4927-9320-2f6545e4410f,GIS,Er du vår nye GIS-rådgiver?,"Landmålere, kartografer mv., GIS-konsulent, GIS-spesialist",SANDEFJORD,http://data.europa.eu/esco/skill/377861af-f966-4c87-a2db-7e99904312b9,gis,exact,,1.0,
93e53bfe-7d70-4927-9320-2f6545e4410f,Geodata,Er du vår nye GIS-rådgiver?,"Landmålere, kartografer mv., GIS-konsulent, GIS-spesialist",SANDEFJORD,http://data.europa.eu/esco/skill/377861af-f966-4c87-a2db-7e99904312b9,geografiske informasjonssystemer,digital_consensus,0.6458449959754944,0.9993603825569153,0.0004495978355407715
93e53bfe-7d70-4927-9320-2f6545e4410f,IT,Er du vår nye GIS-rådgiver?,"Landmålere, kartografer mv., GIS-konsulent, GIS-spesialist",SANDEFJORD,http://data.europa.eu/esco/skill/ddc3119d-1d6e-4324-9125-a3380d299ac5,IT,exact,,1.0,
cef38065-a8de-4d37-bb62-21673190722b,maskinlæring,PhD Research Fellow in Computational Nuclear Physics and Reactor Simulations,"Universitets- og høyskolelektorer/-lærere, Stipendiat, Stipendiat",OSLO,http://data.europa.eu/esco/skill/3a2d5b45-56e4-4f5a-a55a-4a4a65afdc43,maskinlæring,exact,,1.0,
cef38065-a8de-4d37-bb62-21673190722b,vitenskapelig databehandling,PhD Research Fellow in Computational Nuclear Physics and Reactor Simulations,"Universitets- og høyskolelektorer/-lærere, Stipendiat, Stipendiat",OSLO,http://data.europa.eu/esco/skill/5b26f08b-88bc-45f0-b901-530d7786466b,vitenskapelig databehandling,exact,,1.0,
d8ebe2c2-3479-4e77-b947-87255955d5c6,Dataplattform,Vil du være med å utvikle kommunens digitale plattform?,"Høyere saksbehandlere i offentlig og privat virksomhet, Rådgiver (offentlig administrasjon), Høyere saksbehandlere i offentlig og privat virksomhet",JESSHEIM,http://data.europa.eu/esco/skill/3ec2e4d6-7000-4905-bf1a-c5b1679416de,datavarehus,digital_consensus,0.5975717306137085,0.9994984865188599,0.0007398128509521484
d8ebe2c2-3479-4e77-b947-87255955d5c6,Digitalisering,Vil du være med å utvikle kommunens digitale plattform?,"Høyere saksbehandlere i offentlig og privat virksomhet, Rådgiver (offentlig administrasjon), Høyere saksbehandlere i offentlig og privat virksomhet",JESSHEIM,http://data.europa.eu/esco/skill/aa0d8201-5a8e-417f-81f4-c04601139582,digitalisering,exact,,1.0,
d8ebe2c2-3479-4e77-b947-87255955d5c6,IT,Vil du være med å utvikle kommunens digitale plattform?,"Høyere saksbehandlere i offentlig og privat virksomhet, Rådgiver (offentlig administrasjon), Høyere saksbehandlere i offentlig og privat virksomhet",JESSHEIM,http://data.europa.eu/esco/skill/ddc3119d-1d6e-4324-9125-a3380d299ac5,IT,exact,,1.0,
d8ebe2c2-3479-4e77-b947-87255955d5c6,Microsoft Fabric,Vil du være med å utvikle kommunens digitale plattform?,"Høyere saksbehandlere i offentlig og privat virksomhet, Rådgiver (offentlig administrasjon), Høyere saksbehandlere i offentlig og privat virksomhet",JESSHEIM,http://data.europa.eu/esco/skill/f683ae1d-cb7c-4aa1-b9fe-205e1bd23535,bruke Microsoft Office,digital_consensus,0.5208855271339417,0.9888699054718018,0.016161203384399414
dcfb16d8-93db-468c-836e-1f5728e8591c,LIS,Onkologi - Lege i spesialisering 2-3Fast stilling,"Legespesialister, Onkolog, Allmennpraktiserende leger, Lege i spesialisering, Legespesialister",TØNSBERG,http://data.europa.eu/esco/skill/0cd6dcf1-5778-42a5-b685-4d01ae4a4871,Common Lisp,digital_consensus,0.6051489114761353,0.999724805355072,0.0015864968299865723
d21e0034-7d08-4ddc-bffa-bca928539379,.NET,Vil du lede den tekniske utviklingen av en nasjonal digital tjeneste med stor samfunnsverdi?,"Systemutvikler, Systemanalytikere/-arkitekter, Programvareutviklere, Fullstackutvikler, programvareutvikler",TØNSBERG,http://data.europa.eu/esco/skill/13bdd41a-2a18-441f-96db-41252c519413,.NET,exact,,1.0,
d21e0034-7d08-4ddc-bffa-bca928539379,Arkitektur,Vil du lede den tekniske utviklingen av en nasjonal digital tjeneste med stor samfunnsverdi?,"Systemutvikler, Systemanalytikere/-arkitekter, Programvareutviklere, Fullstackutvikler, programvareutvikler",TØNSBERG,http://data.europa.eu/esco/skill/c453cf81-6197-428e-84c6-70c773b63f27,Arkitektoniske IKT-rammeverk,digital_consensus,0.5593475699424744,0.9923986792564392,0.11609482765197754
d21e0034-7d08-4ddc-bffa-bca928539379,C#,Vil du lede den tekniske utviklingen av en nasjonal digital tjeneste med stor samfunnsverdi?,"Systemutvikler, Systemanalytikere/-arkitekter, Programvareutviklere, Fullstackutvikler, programvareutvikler",TØNSBERG,http://data.europa.eu/esco/skill/4c016b68-4116-468c-9dc6-42710c239e4a,C#,exact,,1.0,
d21e0034-7d08-4ddc-bffa-bca928539379,IT,Vil du lede den tekniske utviklingen av en nasjonal digital tjeneste med stor samfunnsverdi?,"Systemutvikler, Systemanalytikere/-arkitekter, Programvareutviklere, Fullstackutvikler, programvareutvikler",TØNSBERG,http://data.europa.eu/esco/skill/ddc3119d-1d6e-4324-9125-a3380d299ac5,IT,exact,,1.0,
d21e0034-7d08-4ddc-bffa-bca928539379,Systemutvikler,Vil du lede den tekniske utviklingen av en nasjonal digital tjeneste med stor samfunnsverdi?,"Systemutvikler, Systemanalytikere/-arkitekter, Programvareutviklere, Fullstackutvikler, programvareutvikler",TØNSBERG,http://data.europa.eu/esco/skill/21d2f96d-35f7-4e3f-9745-c533d2dd6e97,dataprogrammering,digital_consensus,0.6546458005905151,0.9988632202148438,0.002029597759246826
d21e0034-7d08-4ddc-bffa-bca928539379,TypeScript,Vil du lede den tekniske utviklingen av en nasjonal digital tjeneste med stor samfunnsverdi?,"Systemutvikler, Systemanalytikere/-arkitekter, Programvareutviklere, Fullstackutvikler, programvareutvikler",TØNSBERG,http://data.europa.eu/esco/skill/867137fb-ff1b-4ca3-99f3-cb6969aa2c68,TypeScript,exact,,1.0,
5185a392-25ee-42f4-9945-65f7f50c9093,support,Kundeservice IT-medarbeider,"IT-medarbeider, IT-medarbeider, Driftsteknikere, IKT",BERGEN,http://data.europa.eu/esco/skill/778ca7ad-6c5d-4868-9b96-a7777dca799c,IKT-hjelpeplattformer,digital_consensus,0.5773432850837708,0.8387708067893982,0.8301173401996493
f482fe84-07e4-4438-9b10-3dac4ebf8b7a,ERP,Vil du bidra til at prosesser og systemer fungerer slik de skal?,"Systemutvikler, Systemutvikler, Systemanalytikere/-arkitekter",OSLO,http://data.europa.eu/esco/skill/09f4c52b-ac72-4f0e-a8ae-78bb1d7bffba,transportprogramvare relatert til et ERP-system,digital_consensus,0.5528852343559265,0.9972111582756042,0.9701170120388269
cede6763-2aa3-4e5b-96fe-8548a1600e89,Telekommunikasjonsmontør,Vi søker telemontører til Harstad,"Telekommunikasjonsmontør, Telekommunikasjonsmontør, Tele- og IKT-installatører",Missing location,http://data.europa.eu/esco/skill/14764a75-3104-4875-ba1d-57c059b9b013,telekommunikasjonsteknikk,digital_consensus,0.5404092669487,0.9998538494110107,0.001627504825592041
16b8df63-1998-4fa5-b5ba-4e57f066640b,Stansemaskin,Norges største tilhengerprodusent søker ny ansatt til maskinavdelingen,"Operatører innen metallurgiske prosessfag, Stansemaskinoperatør (metall), Maskiningeniører, Maskintekniker mekatronikk, Andre prosesskontrolloperatører, Industrirobotkontrollør, Andre prosesskontrolloperatører",TYSSEBOTNEN,http://data.europa.eu/esco/skill/2973b3bc-5893-4b3d-8953-22ef677a162f,kutteteknologier,digital_consensus,0.6783820390701294,0.9740189909934998,0.01800847053527832
c2aa7a24-c7ac-4129-85ae-28fa72ef361b,Kybernetikk,Vi søker signalingeniører til spennende oppgaver innen fjernstyring!,"Signalingeniør teleteknikk, Signalingeniør teleteknikk, Elektronikkingeniører",OSLO,http://data.europa.eu/esco/skill/fc5818b4-66f9-498b-a1bc-ff651db2af68,kybernetikk,exact,,1.0,
9a287a21-9e99-4622-af18-0bc3b4b6a01f,Robotikk,Ode AS søker Leder Remote Operations Center,"Ledere av industriproduksjon mv., Leder for matproduksjon, leder for matproduksjon",ÅLESUND,http://data.europa.eu/esco/skill/e87ec79a-c9ff-46f5-84fa-7a0f394cdf40,robotikk,exact,,1.0,
c89d1046-4954-42ff-937b-a8ae6ffc12c4,SAP,Operativ innkjøper søkes til et tverrfaglig og engasjerende miljø,"Innkjøper, Innkjøper, Innkjøpere",OSLO,http://data.europa.eu/esco/skill/f8e3425c-fe44-4ffb-bafe-0e20d91dadf4,SAP,exact,,1.0,
d145af34-f1a6-44cf-a8cd-2bce2adaea57,IT,Kontor- og administrasjonsmedarbeider - Hammerfest,"Kontormedarbeider, Kontormedarbeider, Kontormedarbeidere",HAMMERFEST,http://data.europa.eu/esco/skill/ddc3119d-1d6e-4324-9125-a3380d299ac5,IT,exact,,1.0,
f1343621-033a-450d-bdcc-c30df738cc7b,Digitalisering,"Vil du utvikle deg innen salg, kundeoppfølging og forretningsutvikling?","Salgskonsulent, Salgskonsulent, Selgere (engros)",NÆRBØ,http://data.europa.eu/esco/skill/aa0d8201-5a8e-417f-81f4-c04601139582,digitalisering,exact,,1.0,
c815e25b-3c22-4def-8f1a-18032b704350,Automatiker,Automasjonsingeniør / automatiker med programmeringserfaring - byggautomasjon,"Elektronikkingeniører, Automatikere, automasjonsingeniør, Automasjonsingeniør, Automatiker",Missing location,http://data.europa.eu/esco/skill/7a950986-27fe-4b6c-adf3-88f211e77019,robotkomponenter,digital_consensus,0.6843463182449341,0.9831464886665344,0.0006955862045288086
c815e25b-3c22-4def-8f1a-18032b704350,Byggautomasjon,Automasjonsingeniør / automatiker med programmeringserfaring - byggautomasjon,"Elektronikkingeniører, Automatikere, automasjonsingeniør, Automasjonsingeniør, Automatiker",Missing location,http://data.europa.eu/esco/skill/6709e92c-7546-46a4-aa57-5e951bd4cb0f,byggautomasjon,exact,,1.0,
c815e25b-3c22-4def-8f1a-18032b704350,Programmering,Automasjonsingeniør / automatiker med programmeringserfaring - byggautomasjon,"Elektronikkingeniører, Automatikere, automasjonsingeniør, Automasjonsingeniør, Automatiker",Missing location,http://data.europa.eu/esco/skill/21d2f96d-35f7-4e3f-9745-c533d2dd6e97,dataprogrammering,digital_consensus,0.714440643787384,0.9188328981399536,0.2761046886444092
6aebaff7-f659-4935-afff-8a2f824fbf8b,Automatiker,Automasjonsingeniør / automatiker med programmeringserfaring - industri,"Automasjonsingeniør, Elektronikkingeniører, Automatikere, Automatiker, automasjonsingeniør",BODØ,http://data.europa.eu/esco/skill/7a950986-27fe-4b6c-adf3-88f211e77019,robotkomponenter,digital_consensus,0.6843463182449341,0.9831464886665344,0.0006955862045288086
6aebaff7-f659-4935-afff-8a2f824fbf8b,Programmering,Automasjonsingeniør / automatiker med programmeringserfaring - industri,"Automasjonsingeniør, Elektronikkingeniører, Automatikere, Automatiker, automasjonsingeniør",BODØ,http://data.europa.eu/esco/skill/21d2f96d-35f7-4e3f-9745-c533d2dd6e97,dataprogrammering,digital_consensus,0.714440643787384,0.9188328981399536,0.2761046886444092
f1484b98-c643-4e94-9177-52c8a1621dd4,Dataanalyse,Er du student med interesse for å gjøre data om til innsikt og ønsker å sette teori ut i praksis?,"Høyere saksbehandlere i offentlig og privat virksomhet, Førstekonsulent økonomi og samfunnsvitenskap, offentlig administrasjon, Høyere saksbehandlere i offentlig og privat virksomhet",BERGEN,http://data.europa.eu/esco/skill/97bd1c21-66b2-4b7e-ad0f-e3cda590e378,dataanalyse,exact,,1.0,
f1ba3188-8dee-4b5f-800d-62caad63f580,Callsenter,Vil du utvikle deg innen salg -- og tjene godt mens du gjør det? Da kan dette være jobben for deg!,"Selger Business-to-Business, Selgere (engros), Telefon- og nettselgere, Telefonselger, Butikkmedarbeidere, Selger, salgsassistent",DRAMMEN,http://data.europa.eu/esco/skill/e13b734a-218c-434a-a7cc-febac6d24ef3,kundesupportteknologi,digital_consensus,0.5055320858955383,0.974358856678009,0.7325244694948196
9e19085a-cb64-4a75-a054-be573377d75d,.NET,En annerledes arbeidsplass sånn helt på ekte!,"Systemanalytikere/-arkitekter, Systemutvikler, Databasedesignere og -administratorer, Databaseadministrator, databaseadministrator",OSLO,http://data.europa.eu/esco/skill/13bdd41a-2a18-441f-96db-41252c519413,.NET,exact,,1.0,
9e19085a-cb64-4a75-a054-be573377d75d,Java,En annerledes arbeidsplass sånn helt på ekte!,"Systemanalytikere/-arkitekter, Systemutvikler, Databasedesignere og -administratorer, Databaseadministrator, databaseadministrator",OSLO,http://data.europa.eu/esco/skill/19a8293b-8e95-4de3-983f-77484079c389,Java,exact,,1.0,
9e19085a-cb64-4a75-a054-be573377d75d,Programmerer,En annerledes arbeidsplass sånn helt på ekte!,"Systemanalytikere/-arkitekter, Systemutvikler, Databasedesignere og -administratorer, Databaseadministrator, databaseadministrator",OSLO,http://data.europa.eu/esco/skill/21d2f96d-35f7-4e3f-9745-c533d2dd6e97,dataprogrammering,digital_consensus,0.6060227751731873,0.9829521775245667,0.035317838191986084
9e19085a-cb64-4a75-a054-be573377d75d,Sky,En annerledes arbeidsplass sånn helt på ekte!,"Systemanalytikere/-arkitekter, Systemutvikler, Databasedesignere og -administratorer, Databaseadministrator, databaseadministrator",OSLO,http://data.europa.eu/esco/skill/11430d93-c835-48ed-8e70-285fa69c9ae6,designe skyarkitektur,digital_consensus,0.6258109211921692,0.9894150495529175,0.019019901752471924
9e19085a-cb64-4a75-a054-be573377d75d,Systemutvikler,En annerledes arbeidsplass sånn helt på ekte!,"Systemanalytikere/-arkitekter, Systemutvikler, Databasedesignere og -administratorer, Databaseadministrator, databaseadministrator",OSLO,http://data.europa.eu/esco/skill/21d2f96d-35f7-4e3f-9745-c533d2dd6e97,dataprogrammering,digital_consensus,0.6546458005905151,0.9988632202148438,0.002029597759246826
146c85d9-a8be-4688-8bcf-e584e352181c,Digital innhold,Join us as Global Digital Content Responsible - one year temporary position,"Salgssjef, Salgssjef, Salgs- og markedssjefer",SANDEFJORD,http://data.europa.eu/esco/skill/a91732ce-988e-4105-9570-f425c6ffdc82,immaterielle rettigheter for digitalt innhold,digital_consensus,0.5323801636695862,0.99981290102005,0.18338525295257568
146c85d9-a8be-4688-8bcf-e584e352181c,Innholdsansvarlig,Join us as Global Digital Content Responsible - one year temporary position,"Salgssjef, Salgssjef, Salgs- og markedssjefer",SANDEFJORD,http://data.europa.eu/esco/skill/b769f524-0f25-44d7-8538-5c46710a040e,administrere digitale dokumenter,digital_consensus,0.517874002456665,0.9478751420974731,0.07621705532073975
146c85d9-a8be-4688-8bcf-e584e352181c,Innholdsforvaltning,Join us as Global Digital Content Responsible - one year temporary position,"Salgssjef, Salgssjef, Salgs- og markedssjefer",SANDEFJORD,http://data.europa.eu/esco/skill/b769f524-0f25-44d7-8538-5c46710a040e,administrere digitale dokumenter,digital_consensus,0.5224106907844543,0.8311733603477478,0.4969004988670349
146c85d9-a8be-4688-8bcf-e584e352181c,UX,Join us as Global Digital Content Responsible - one year temporary position,"Salgssjef, Salgssjef, Salgs- og markedssjefer",SANDEFJORD,http://data.europa.eu/esco/skill/07dd856d-6141-48a7-a228-918f88494812,UX,exact,,1.0,
f9fa3cbc-7311-4d22-9f51-5998749363fa,Digitalisering,Vil du være med å etablere og utvikle Selbu Økonomi \& Regnskaps nye satsing i Trondheim?,"Avdelingsleder, Andre ledere av produksjon og tjenesteyting, Regnskapsførere, Regnskapsfører, regnskapsfører",TRONDHEIM,http://data.europa.eu/esco/skill/aa0d8201-5a8e-417f-81f4-c04601139582,digitalisering,exact,,1.0,
f5806e50-99ca-4da0-88d5-30e1d68cf55d,Dataanalyse,Graduate-programmet til Capgemini Invent 2027,"Applikasjonsprogrammerere, Konsulent - IT applikasjoner, IKT-konsulent",OSLO,http://data.europa.eu/esco/skill/97bd1c21-66b2-4b7e-ad0f-e3cda590e378,dataanalyse,exact,,1.0,
23c622bc-d842-478f-ac23-e811219805ab,Digitale løsninger,Vil du bli en del av Arvo Regnskap?,"Statsautorisert regnskapsfører, Statsautorisert regnskapsfører, Regnskapsførere",STORSLETT,http://data.europa.eu/esco/skill/21d2f96d-35f7-4e3f-9745-c533d2dd6e97,dataprogrammering,digital_consensus,0.628021776676178,0.9054232835769653,0.049161553382873535
a10625ec-ad96-4a25-a9a6-3191905e74d4,Elektronikk,De mest spennende teknologivalgene er de som ennå ikke er tatt.,"Systemanalytikere/-arkitekter, Systemingeniør, Automatikere, Avioniker, flytekniker",KONGSBERG,http://data.europa.eu/esco/skill/95c35c3a-035f-47c2-90cf-7e934d20fc08,elektronikk,exact,,1.0,
a10625ec-ad96-4a25-a9a6-3191905e74d4,Systemutvikling,De mest spennende teknologivalgene er de som ennå ikke er tatt.,"Systemanalytikere/-arkitekter, Systemingeniør, Automatikere, Avioniker, flytekniker",KONGSBERG,http://data.europa.eu/esco/skill/21d2f96d-35f7-4e3f-9745-c533d2dd6e97,dataprogrammering,digital_consensus,0.6049041152000427,0.9194501638412476,0.19810181856155396
10b4d29d-4c59-41fb-8de5-1c89ae5542c0,CISO,Vil du ha ansvar for sikkerheten i teknologi som brukes når det virkelig gjelder?,"Chief Information Security Officer (CISO), Chief Information Security Officer (CISO), Sikkerhetsanalytikere mv.",BERGEN,http://data.europa.eu/esco/skill/3ff589b7-68df-4ea5-ae41-b395bdb2378f,IKT-sikkerhetsstandarder,digital_consensus,0.6220211982727051,0.9998831748962402,5.751848220825195e-05
10b4d29d-4c59-41fb-8de5-1c89ae5542c0,IT-sikkerhet,Vil du ha ansvar for sikkerheten i teknologi som brukes når det virkelig gjelder?,"Chief Information Security Officer (CISO), Chief Information Security Officer (CISO), Sikkerhetsanalytikere mv.",BERGEN,http://data.europa.eu/esco/skill/8088750d-8388-4170-a76f-48354c469c44,IT-sikkerhet,exact,,1.0,
10b4d29d-4c59-41fb-8de5-1c89ae5542c0,informasjonssikkerhet,Vil du ha ansvar for sikkerheten i teknologi som brukes når det virkelig gjelder?,"Chief Information Security Officer (CISO), Chief Information Security Officer (CISO), Sikkerhetsanalytikere mv.",BERGEN,http://data.europa.eu/esco/skill/8088750d-8388-4170-a76f-48354c469c44,informasjonssikkerhet,exact,,1.0,
3f25d757-aeec-47da-acae-b4ecc6d7bfa9,BIM,Arkitekt,"Architekt arkitektur, Architekt arkitektur, Sivilarkitekter",OSLO,http://data.europa.eu/esco/skill/fae7e545-5114-43cc-8e83-178e2549ecb9,bim,exact,,1.0,
2b78ddf3-a39d-4fc0-bd17-13ea2d3ac7ca,CNC-operatør,Teknisk sterk CNC-operatør søkes til spennende oppgaver,"CNC-operatør, CNC-operatør, Verktøymakere, låsesmeder mv.",NESTTUN,http://data.europa.eu/esco/skill/6f728d63-5c45-40b3-8bfd-e17c5dba28ad,håndtere CNC-slipemaskin,digital_consensus,0.5746462941169739,0.9999723434448242,6.99758529663086e-05
2b78ddf3-a39d-4fc0-bd17-13ea2d3ac7ca,CNC-programmering,Teknisk sterk CNC-operatør søkes til spennende oppgaver,"CNC-operatør, CNC-operatør, Verktøymakere, låsesmeder mv.",NESTTUN,http://data.europa.eu/esco/skill/6f728d63-5c45-40b3-8bfd-e17c5dba28ad,håndtere CNC-slipemaskin,digital_consensus,0.5665320158004761,0.99156254529953,0.15828388929367065
d461c59b-a04d-4424-9c30-9b7622fa3354,SAP,Ser du etter en karriere innen innkjøp og logistikk?,"Innkjøpere, Innkjøper, innkjøper",OSLO,http://data.europa.eu/esco/skill/f8e3425c-fe44-4ffb-bafe-0e20d91dadf4,SAP,exact,,1.0,
e6b6896b-ae24-4908-86ed-3ff4f26db304,Automatiker,"Vi søker Service- og vedlikeholdstekniker tog i Skien, Drammen og Oslo","Bygningsingeniører, Vedlikeholdstekniker innen jernbanearbeid",DRAMMEN,http://data.europa.eu/esco/skill/7a950986-27fe-4b6c-adf3-88f211e77019,robotkomponenter,digital_consensus,0.6843463182449341,0.9831464886665344,0.0006955862045288086
0161fd1b-5f5f-4227-b357-d6895a970e2d,Programmering,Flight Safety Engineer,"Senior sikkerhetsingeniør, Andre sivilingeniører( unntatt elektroteknologi), Andre sivilingeniører (unntatt elektroteknologi);, System Safety und Security Engineer, Sivilingeniører (maskin- og marin-teknikk);, Romteknolog, ingeniør, romfartssteknikk",ANDENES,http://data.europa.eu/esco/skill/21d2f96d-35f7-4e3f-9745-c533d2dd6e97,dataprogrammering,digital_consensus,0.714440643787384,0.9188328981399536,0.2761046886444092
023c2339-6304-49af-92b3-63f30c78a0c2,IT-ansvarlig,Fagansvarlig drift IT,"Nettverkskonsulent IT-drift, Nettverks- og systemteknikere, IKT, Ledere av IKT-enheter, Driftsleder (IT), Ledere av IKT-enheter",LOM,http://data.europa.eu/esco/skill/bec4359e-cb92-468f-a997-8fb28e32fba9,Metoder innen IKT-prosjektledelse,digital_consensus,0.6857079863548279,0.9957455992698669,0.0015953779220581055
023c2339-6304-49af-92b3-63f30c78a0c2,Informasjonssikkerhet,Fagansvarlig drift IT,"Nettverkskonsulent IT-drift, Nettverks- og systemteknikere, IKT, Ledere av IKT-enheter, Driftsleder (IT), Ledere av IKT-enheter",LOM,http://data.europa.eu/esco/skill/8088750d-8388-4170-a76f-48354c469c44,informasjonssikkerhet,exact,,1.0,
080f0b05-5d72-4fbb-8697-d88a2094c2ca,Digital designer,Har du lyst til å designe løsninger for komplekse kontekster?  ,"Grafiske- og multimediadesignere, Digital designer, Høyere saksbehandlere i offentlig og privat virksomhet, Seniorrådgiver offentlig administrasjon, Høyere saksbehandlere i offentlig og privat virksomhet, Rådgiver (offentlig administrasjon)",VADSØ,http://data.europa.eu/esco/skill/7fb699d9-182a-430e-b7a0-6d8ed05c284b,grafisk design,digital_consensus,0.5775446891784668,0.9572176933288574,0.10143566131591797
080f0b05-5d72-4fbb-8697-d88a2094c2ca,Produktdesign,Har du lyst til å designe løsninger for komplekse kontekster?  ,"Grafiske- og multimediadesignere, Digital designer, Høyere saksbehandlere i offentlig og privat virksomhet, Seniorrådgiver offentlig administrasjon, Høyere saksbehandlere i offentlig og privat virksomhet, Rådgiver (offentlig administrasjon)",VADSØ,http://data.europa.eu/esco/skill/e665d919-f28d-4ac4-adf0-8903ac66540e,utvikle designplaner,digital_consensus,0.5649316906929016,0.9622174501419067,0.00295257568359375
080f0b05-5d72-4fbb-8697-d88a2094c2ca,UX-designer,Har du lyst til å designe løsninger for komplekse kontekster?  ,"Grafiske- og multimediadesignere, Digital designer, Høyere saksbehandlere i offentlig og privat virksomhet, Seniorrådgiver offentlig administrasjon, Høyere saksbehandlere i offentlig og privat virksomhet, Rådgiver (offentlig administrasjon)",VADSØ,http://data.europa.eu/esco/skill/1019423b-3368-4f83-b24f-19e5fa23e816,designmønstre for brukergrensesnitt for programvare,digital_consensus,0.5588029623031616,0.9994383454322815,0.0010673999786376953
1d0dc91c-56cf-4d14-86fe-db3fb441aad3,IT,Fullstackutvikler,"Full-stack-utvikler, Full-stack-utvikler, Programvareutviklere",BERGEN,http://data.europa.eu/esco/skill/ddc3119d-1d6e-4324-9125-a3380d299ac5,IT,exact,,1.0,
1d0dc91c-56cf-4d14-86fe-db3fb441aad3,Java,Fullstackutvikler,"Full-stack-utvikler, Full-stack-utvikler, Programvareutviklere",BERGEN,http://data.europa.eu/esco/skill/19a8293b-8e95-4de3-983f-77484079c389,Java,exact,,1.0,
1d0dc91c-56cf-4d14-86fe-db3fb441aad3,Programmerer,Fullstackutvikler,"Full-stack-utvikler, Full-stack-utvikler, Programvareutviklere",BERGEN,http://data.europa.eu/esco/skill/21d2f96d-35f7-4e3f-9745-c533d2dd6e97,dataprogrammering,digital_consensus,0.6060227751731873,0.9829521775245667,0.035317838191986084
1d0dc91c-56cf-4d14-86fe-db3fb441aad3,Python,Fullstackutvikler,"Full-stack-utvikler, Full-stack-utvikler, Programvareutviklere",BERGEN,http://data.europa.eu/esco/skill/ccd0a1d9-afda-43d9-b901-96344886e14d,Python,exact,,1.0,
1d0dc91c-56cf-4d14-86fe-db3fb441aad3,Webutvikling,Fullstackutvikler,"Full-stack-utvikler, Full-stack-utvikler, Programvareutviklere",BERGEN,http://data.europa.eu/esco/skill/21d2f96d-35f7-4e3f-9745-c533d2dd6e97,dataprogrammering,digital_consensus,0.6107942461967468,0.8154075741767883,0.15142208337783813
26048a04-a4ee-46c1-88d4-41fa44cb7bfc,Svalbard,Project data officer - SIOS-Knowledge Centre,"Universitets- og høyskolelektorer/-lærere, Høgskolelærer, lektor",LONGYEARBYEN,http://data.europa.eu/esco/skill/21d2f96d-35f7-4e3f-9745-c533d2dd6e97,dataprogrammering,digital_consensus,0.5269129276275635,0.998896598815918,0.0007727742195129395
47da4d99-42e7-41b1-a178-34514e8e3a59,SAP,Forsyningskonsulent,"Logistikkmedarbeidere, Logistikkmedarbeider, Logistikkmedarbeidere, Forsyningsansvarlig, Logistikkmedarbeidere",SORTLAND,http://data.europa.eu/esco/skill/f8e3425c-fe44-4ffb-bafe-0e20d91dadf4,SAP,exact,,1.0,
54a5fba6-c272-40e9-8e1f-9e2babe217eb,Programmering,Signalanalyse møter systemutvikling – bli en del av vårt operative og tekniske miljø,"Systemanalytikere/-arkitekter, Systemutvikler, Sivilingeniører (elektronikk);, Elektronikkingeniør, elektronikkingeniør",VADSØ,http://data.europa.eu/esco/skill/21d2f96d-35f7-4e3f-9745-c533d2dd6e97,dataprogrammering,digital_consensus,0.714440643787384,0.9188328981399536,0.2761046886444092
54a5fba6-c272-40e9-8e1f-9e2babe217eb,Signalbehandling,Signalanalyse møter systemutvikling – bli en del av vårt operative og tekniske miljø,"Systemanalytikere/-arkitekter, Systemutvikler, Sivilingeniører (elektronikk);, Elektronikkingeniør, elektronikkingeniør",VADSØ,http://data.europa.eu/esco/skill/cfa2be0d-96d5-4017-a866-962efb9c5070,signalbehandling,exact,,1.0,
54a5fba6-c272-40e9-8e1f-9e2babe217eb,Systemutvikler,Signalanalyse møter systemutvikling – bli en del av vårt operative og tekniske miljø,"Systemanalytikere/-arkitekter, Systemutvikler, Sivilingeniører (elektronikk);, Elektronikkingeniør, elektronikkingeniør",VADSØ,http://data.europa.eu/esco/skill/21d2f96d-35f7-4e3f-9745-c533d2dd6e97,dataprogrammering,digital_consensus,0.6546458005905151,0.9988632202148438,0.002029597759246826
5be695b7-13ae-4d4e-82bb-8d9dd9002031,Digital sikkerhet,Er du vår nye seniorrådgiver/fagdirektør for digitalsikkerhetsloven? ,"Sikkerhetsanalytikere mv., IT-sikkerhetsrådgiver, IKT-sikkerhetsingeniør",FORNEBU,http://data.europa.eu/esco/skill/8088750d-8388-4170-a76f-48354c469c44,digital sikkerhet,exact,,1.0,
5be695b7-13ae-4d4e-82bb-8d9dd9002031,IT-sikkerhet,Er du vår nye seniorrådgiver/fagdirektør for digitalsikkerhetsloven? ,"Sikkerhetsanalytikere mv., IT-sikkerhetsrådgiver, IKT-sikkerhetsingeniør",FORNEBU,http://data.europa.eu/esco/skill/8088750d-8388-4170-a76f-48354c469c44,IT-sikkerhet,exact,,1.0,
5be695b7-13ae-4d4e-82bb-8d9dd9002031,Informasjonssikkerhet,Er du vår nye seniorrådgiver/fagdirektør for digitalsikkerhetsloven? ,"Sikkerhetsanalytikere mv., IT-sikkerhetsrådgiver, IKT-sikkerhetsingeniør",FORNEBU,http://data.europa.eu/esco/skill/8088750d-8388-4170-a76f-48354c469c44,informasjonssikkerhet,exact,,1.0,
61867831-213a-4468-a802-4e1822147ed0,IT,Vil du bidra i politiets digitaliseringsreise?,"Rådgivere/forskere, samfunnsvitenskap, Samfunnsviter, Rådgivere/forskere, samfunnsøkonomi, Økonom, Sjefssekretærer, Administrasjonskonsulent, Systemanalytikere/-arkitekter, IT-konsulent, IKT-konsulent",OSLO,http://data.europa.eu/esco/skill/ddc3119d-1d6e-4324-9125-a3380d299ac5,IT,exact,,1.0,
6438f5dc-de2d-4714-882a-951401fa8d1c,IKT-tekniker,IKT- tekniker/ Hjelpemiddeltekniker,"Datatekniker, Driftsteknikere, IKT, IKT-tekniker, Andre ingeniører, Tekniker, Arbeidsleder",MJØNDALEN,http://data.europa.eu/esco/skill/f9e788df-d68a-4f92-92c7-80e135fc35ff,IKT-nettverksmaskinvare,digital_consensus,0.5758163332939148,0.9988849759101868,0.06969797611236572
6438f5dc-de2d-4714-882a-951401fa8d1c,hjelpemiddeltekniker,IKT- tekniker/ Hjelpemiddeltekniker,"Datatekniker, Driftsteknikere, IKT, IKT-tekniker, Andre ingeniører, Tekniker, Arbeidsleder",MJØNDALEN,http://data.europa.eu/esco/skill/f9e788df-d68a-4f92-92c7-80e135fc35ff,IKT-nettverksmaskinvare,digital_consensus,0.5650655627250671,0.947099506855011,0.1258152723312378
6438f5dc-de2d-4714-882a-951401fa8d1c,hjelpemidler,IKT- tekniker/ Hjelpemiddeltekniker,"Datatekniker, Driftsteknikere, IKT, IKT-tekniker, Andre ingeniører, Tekniker, Arbeidsleder",MJØNDALEN,http://data.europa.eu/esco/skill/8759c352-8b00-498f-985a-935f13e1b043,hjelpemidler,exact,,1.0,
6438f5dc-de2d-4714-882a-951401fa8d1c,tekniker,IKT- tekniker/ Hjelpemiddeltekniker,"Datatekniker, Driftsteknikere, IKT, IKT-tekniker, Andre ingeniører, Tekniker, Arbeidsleder",MJØNDALEN,http://data.europa.eu/esco/skill/21d2f96d-35f7-4e3f-9745-c533d2dd6e97,dataprogrammering,digital_consensus,0.595185399055481,0.9838733077049255,0.019643127918243408
688d4102-1a68-48ff-b98a-85920860342d,Dokumentforvaltning,Seksjonsleder søkes!,"Andre administrative ledere, Seksjonsleder (offentlig administrasjon), avdelingsleder",OSLO,http://data.europa.eu/esco/skill/bec4359e-cb92-468f-a997-8fb28e32fba9,Metoder innen IKT-prosjektledelse,digital_consensus,0.5678485035896301,0.9981982111930847,0.00032395124435424805
70333ee2-c78a-4e92-bac0-175ba7a9ba0f,Dataanalyse,Vil du lede utviklingen av data- og innsiktsbasert beslutningsstøtte i Stortingets administrasjon?   ,"Matematikere, statistikere mv., Statistiker, Finans- og økonomisjefer, Økonomi- og administrasjonsansvarlig, Rådgivere/forskere, samfunnsvitenskap, Samfunnsviter, Systemanalytikere/-arkitekter, Informatiker, Systemanalytikere/-arkitekter, Forsker datavitenskap, Høyere saksbehandlere i offentlig og privat virksomhet, Fagsjef (juridisk utredning, offentlig administrasjon), Høyere saksbehandlere i offentlig og privat virksomhet",OSLO,http://data.europa.eu/esco/skill/97bd1c21-66b2-4b7e-ad0f-e3cda590e378,dataanalyse,exact,,1.0,
70333ee2-c78a-4e92-bac0-175ba7a9ba0f,Datavarehus,Vil du lede utviklingen av data- og innsiktsbasert beslutningsstøtte i Stortingets administrasjon?   ,"Matematikere, statistikere mv., Statistiker, Finans- og økonomisjefer, Økonomi- og administrasjonsansvarlig, Rådgivere/forskere, samfunnsvitenskap, Samfunnsviter, Systemanalytikere/-arkitekter, Informatiker, Systemanalytikere/-arkitekter, Forsker datavitenskap, Høyere saksbehandlere i offentlig og privat virksomhet, Fagsjef (juridisk utredning, offentlig administrasjon), Høyere saksbehandlere i offentlig og privat virksomhet",OSLO,http://data.europa.eu/esco/skill/3ec2e4d6-7000-4905-bf1a-c5b1679416de,datavarehus,exact,,1.0,
74f0dd55-7a4c-4e46-b3b7-24f0e6c39b1c,Digitalisering,Systemforvalter,"Systemadministrator, Systemadministrator, Systemadministratorer, Systemforvalter",MJØNDALEN,http://data.europa.eu/esco/skill/aa0d8201-5a8e-417f-81f4-c04601139582,digitalisering,exact,,1.0,
8c2a707f-024f-41c5-8b57-f2242597431b,Svalbard,Stilling som grunnforvalter på Svalbard,"Jurister og advokater, Jurist, Høyere saksbehandlere i offentlig og privat virksomhet, Seniorrådgiver (juridisk utredning, offentlig administrasjon), Høyere saksbehandlere i offentlig og privat virksomhet",LONGYEARBYEN,http://data.europa.eu/esco/skill/21d2f96d-35f7-4e3f-9745-c533d2dd6e97,dataprogrammering,digital_consensus,0.5269129276275635,0.998896598815918,0.0007727742195129395
a9001643-402b-4059-98a6-4ed922f03118,Digitalisering,Bibliotekassistent,"Bibliotekassistent, Bibliotekassistent, Bibliotekassistenter",LILLESTRØM,http://data.europa.eu/esco/skill/aa0d8201-5a8e-417f-81f4-c04601139582,digitalisering,exact,,1.0,
b75ff183-15b7-4c6c-87ae-fd69f2443318,Informasjonssikkerhet,Leiar for helsedata og dataflyt,"Ledere av IKT-enheter, Ledere av IKT-enheter, IKT-Leder",HAUGESUND,http://data.europa.eu/esco/skill/8088750d-8388-4170-a76f-48354c469c44,informasjonssikkerhet,exact,,1.0,
c6c69ef8-7767-4292-9a60-19655ba1a9ed,Digitalisering,Nes sykehjem,"Ledere av helsetjenester, Leder helse- og sosialtjenester, avdelingsleder innen helsesektoren",ÅRNES,http://data.europa.eu/esco/skill/aa0d8201-5a8e-417f-81f4-c04601139582,digitalisering,exact,,1.0,
cefc5b87-e0b4-4710-b7aa-2060bb14bbe9,Informasjonssikkerhet,Seniorrådgiver med gruppeansvar for datautlevering,"Høyere saksbehandlere i offentlig og privat virksomhet, Seniorrådgiver (økonomi og samfunnsvitenskap, offentlig administrasjon), Høyere saksbehandlere i offentlig og privat virksomhet, Seniorrådgiver (juridisk utredning, offentlig administrasjon), Systemanalytikere/-arkitekter, Seniorrådgiver (IT), Systemanalytikere/-arkitekter, Helseinformatiker, Systemanalytikere/-arkitekter",OSLO,http://data.europa.eu/esco/skill/8088750d-8388-4170-a76f-48354c469c44,informasjonssikkerhet,exact,,1.0,
de910404-a501-4936-b39e-bbe8fbc09b3a,LIS,Lege i spesialisering innan fødselshjelp og kvinnesjukdomar,"Lege i spesialisering (LIS2), Lege i spesialisering (LIS2), Allmennpraktiserende leger",ÅLESUND,http://data.europa.eu/esco/skill/0cd6dcf1-5778-42a5-b685-4d01ae4a4871,Common Lisp,digital_consensus,0.6051489114761353,0.999724805355072,0.0015864968299865723
ede8ec74-9f75-4961-808e-dd0574a33764,Matros,Maskinkyndig matrosi sambandet skoleruta Rognsund,"Matros, Matros, Dekks- og maskinmannskap (skip)",ALTA,http://data.europa.eu/esco/skill/c3a03c5a-c260-4c26-9b9a-873abb396f4d,MATLAB,digital_consensus,0.568639874458313,0.9997702240943909,0.0015523433685302734
28a3afb4-5c8f-4deb-82ab-2519106d89f3,BIM,Kontrollingeniør konstruksjon,"Bygningsingeniør - Sement, Bygningsingeniører, Bygningsingeniører, Kontrollingeniør bygg og anlegg, Sivilingeniører (bygg og anlegg);, Bygningsingeniør konstruksjon, byggingeniør",Missing location,http://data.europa.eu/esco/skill/fae7e545-5114-43cc-8e83-178e2549ecb9,bim,exact,,1.0,
6c0e3379-089f-49d6-a053-adf4745cde36,Dokumentforvaltning,Senior Forvaltningsinformatiker,"Systemanalytikere/-arkitekter, Informatiker, Jurister og advokater, Jurist, Arkivarer og kuratorer, IT-arkivar, arkivar",OSLO,http://data.europa.eu/esco/skill/bec4359e-cb92-468f-a997-8fb28e32fba9,Metoder innen IKT-prosjektledelse,digital_consensus,0.5678485035896301,0.9981982111930847,0.00032395124435424805
6c0e3379-089f-49d6-a053-adf4745cde36,Informasjonssikkerhet,Senior Forvaltningsinformatiker,"Systemanalytikere/-arkitekter, Informatiker, Jurister og advokater, Jurist, Arkivarer og kuratorer, IT-arkivar, arkivar",OSLO,http://data.europa.eu/esco/skill/8088750d-8388-4170-a76f-48354c469c44,informasjonssikkerhet,exact,,1.0,
e0d8607c-d57e-4263-8ec4-19809b6cd109,BIM,Vegplanlegger/ansvarlig prosjekterende vei,"Arealplanleggere, transportingeniør, Vegplanlegger",Missing location,http://data.europa.eu/esco/skill/fae7e545-5114-43cc-8e83-178e2549ecb9,bim,exact,,1.0,
e6ccbaae-c57c-4889-b7ed-3083e9a40a3d,Elektronikk,POWER Stord søker flere selgere,"Butikkmedarbeidere, Selger, Selger",STORD,http://data.europa.eu/esco/skill/95c35c3a-035f-47c2-90cf-7e934d20fc08,elektronikk,exact,,1.0,
24f4f385-9fd8-465a-a3f6-093ae3222808,Dataanalyse,Ph.d.-stipendiat i multidisiplinære geofarestudiar,"Stipendiat, Universitets- og høyskolelektorer/-lærere, Geologer og geofysikere, Forsker i geovitenskap, geolog",BERGEN,http://data.europa.eu/esco/skill/97bd1c21-66b2-4b7e-ad0f-e3cda590e378,dataanalyse,exact,,1.0,
555ddd0b-120f-480c-8963-a84ed8a85015,Elektronikk,Er du vår nye dataelektroniker som har lyst til å jobbe med ubåter?,"Elektroniker (dataelektroniker), Elektroniker (dataelektroniker), Serviceelektronikere",LAKSEVÅG,http://data.europa.eu/esco/skill/95c35c3a-035f-47c2-90cf-7e934d20fc08,elektronikk,exact,,1.0,
555ddd0b-120f-480c-8963-a84ed8a85015,Serviceelektroniker,Er du vår nye dataelektroniker som har lyst til å jobbe med ubåter?,"Elektroniker (dataelektroniker), Elektroniker (dataelektroniker), Serviceelektronikere",LAKSEVÅG,http://data.europa.eu/esco/skill/1ebc1454-b6cb-4e45-a96a-17399961ad39,administrere tekniske sikkerhetssystemer,digital_consensus,0.530051052570343,0.9971248507499695,0.013280391693115234
6fd5750d-f1f6-4108-8791-19bcf492ecf7,Digitalisering,Digitaliseringsansvarlig   100 % fast stilling,"Digitaliseringsansvarlig, Digitaliseringsansvarlig, Andre administrative ledere",LESJA,http://data.europa.eu/esco/skill/aa0d8201-5a8e-417f-81f4-c04601139582,digitalisering,exact,,1.0,
6fd5750d-f1f6-4108-8791-19bcf492ecf7,Informasjonssikkerhet,Digitaliseringsansvarlig   100 % fast stilling,"Digitaliseringsansvarlig, Digitaliseringsansvarlig, Andre administrative ledere",LESJA,http://data.europa.eu/esco/skill/8088750d-8388-4170-a76f-48354c469c44,informasjonssikkerhet,exact,,1.0,
6fd5750d-f1f6-4108-8791-19bcf492ecf7,Microsoft 365,Digitaliseringsansvarlig   100 % fast stilling,"Digitaliseringsansvarlig, Digitaliseringsansvarlig, Andre administrative ledere",LESJA,http://data.europa.eu/esco/skill/f683ae1d-cb7c-4aa1-b9fe-205e1bd23535,bruke Microsoft Office,digital_consensus,0.5470774173736572,0.9996776580810547,0.0003491640090942383
74fedf43-67c3-4632-bc54-4fab5c2c075f,IT,Manager IT Strategic Sourcing,"Innkjøpere, Anskaffelsespesialist, Anskaffelsespesialist",KONGSBERG,http://data.europa.eu/esco/skill/ddc3119d-1d6e-4324-9125-a3380d299ac5,IT,exact,,1.0,
e0ab536d-7b6b-4cdc-b93a-b527b5b54dd5,AI-utvikler,Vær med å bygge morgendagens apotek i vår AI Lab,"Systemanalytikere/-arkitekter, AI-utvikler, AI-utvikler",OSLO,http://data.europa.eu/esco/skill/e465a154-93f7-4973-9ce1-31659fe16dd2,prinsipper for kunstig intelligens,digital_consensus,0.597407341003418,0.9969987869262695,0.019451379776000977
e0ab536d-7b6b-4cdc-b93a-b527b5b54dd5,E-handel,Vær med å bygge morgendagens apotek i vår AI Lab,"Systemanalytikere/-arkitekter, AI-utvikler, AI-utvikler",OSLO,http://data.europa.eu/esco/skill/b1272de4-1f5f-408b-8b26-061f2550fc72,e-handelssystemer,digital_consensus,0.6153236627578735,0.9999244213104248,0.002346336841583252
e0ab536d-7b6b-4cdc-b93a-b527b5b54dd5,Programmering,Vær med å bygge morgendagens apotek i vår AI Lab,"Systemanalytikere/-arkitekter, AI-utvikler, AI-utvikler",OSLO,http://data.europa.eu/esco/skill/21d2f96d-35f7-4e3f-9745-c533d2dd6e97,dataprogrammering,digital_consensus,0.714440643787384,0.9188328981399536,0.2761046886444092
e0ab536d-7b6b-4cdc-b93a-b527b5b54dd5,Python,Vær med å bygge morgendagens apotek i vår AI Lab,"Systemanalytikere/-arkitekter, AI-utvikler, AI-utvikler",OSLO,http://data.europa.eu/esco/skill/ccd0a1d9-afda-43d9-b901-96344886e14d,Python,exact,,1.0,
2a89d98c-abdf-408c-a5f7-c22fdff9f505,IKT-forvaltning,Vil du ta en sentral rolle i å etablere og utvikle DIOs forvaltning av departementenes IKT‑utstyr?,"Arbeidsleder, bygg og anlegg, Byggeleder, Byggeleder",OSLO,http://data.europa.eu/esco/skill/bec4359e-cb92-468f-a997-8fb28e32fba9,Metoder innen IKT-prosjektledelse,digital_consensus,0.5985879898071289,0.9966654181480408,0.015373528003692627
2a89d98c-abdf-408c-a5f7-c22fdff9f505,ITIL,Vil du ta en sentral rolle i å etablere og utvikle DIOs forvaltning av departementenes IKT‑utstyr?,"Arbeidsleder, bygg og anlegg, Byggeleder, Byggeleder",OSLO,http://data.europa.eu/esco/skill/d12e9d68-84c5-444e-aa98-d36533bf03f6,anvende operasjoner for et ITIL-basert miljø,digital_consensus,0.5806655883789062,0.9997642636299133,0.6852640509605408
2a89d98c-abdf-408c-a5f7-c22fdff9f505,ServiceNow,Vil du ta en sentral rolle i å etablere og utvikle DIOs forvaltning av departementenes IKT‑utstyr?,"Arbeidsleder, bygg og anlegg, Byggeleder, Byggeleder",OSLO,http://data.europa.eu/esco/skill/83218cac-3599-417e-93d2-26013cdccd98,tjenesteorientert modellering,digital_consensus,0.6124618053436279,0.9994834661483765,0.0002288222312927246
43fa1d5c-61cb-4cef-9fd3-12020a3dd020,Automatiker,Vil du være med på å bygge avanserte industrimaskiner for kunder over hele verden?,"Automatikere, Automatiker, Automatiker",FREDRIKSTAD,http://data.europa.eu/esco/skill/7a950986-27fe-4b6c-adf3-88f211e77019,robotkomponenter,digital_consensus,0.6843463182449341,0.9831464886665344,0.0006955862045288086
664135ab-5328-4fe4-8886-408697b9c8c0,AI,"Vil du være med å forme fremtidens digitale kundereiser, medlemsopplevelser og produkter?","Ledere av IKT-enheter, IKT-produktsjef, Produkteier",OSLO,http://data.europa.eu/esco/skill/e465a154-93f7-4973-9ce1-31659fe16dd2,prinsipper for kunstig intelligens,digital_consensus,0.5584366917610168,0.99960857629776,0.001320481300354004
664135ab-5328-4fe4-8886-408697b9c8c0,Dataanalyse,"Vil du være med å forme fremtidens digitale kundereiser, medlemsopplevelser og produkter?","Ledere av IKT-enheter, IKT-produktsjef, Produkteier",OSLO,http://data.europa.eu/esco/skill/97bd1c21-66b2-4b7e-ad0f-e3cda590e378,dataanalyse,exact,,1.0,
664135ab-5328-4fe4-8886-408697b9c8c0,IT,"Vil du være med å forme fremtidens digitale kundereiser, medlemsopplevelser og produkter?","Ledere av IKT-enheter, IKT-produktsjef, Produkteier",OSLO,http://data.europa.eu/esco/skill/ddc3119d-1d6e-4324-9125-a3380d299ac5,IT,exact,,1.0,
9415b373-754d-4b18-af9c-efa5a186ab56,BIM,Vil du være med å bygge fremtidens strømnett?,"Prosjektstyringssjef bygg og anlegg, Ledere av bygge- og anleggsvirksomhet",OSLO,http://data.europa.eu/esco/skill/fae7e545-5114-43cc-8e83-178e2549ecb9,bim,exact,,1.0,
cb414d4f-d7d3-4ca7-b021-65ec118f1259,Anleggsmekaniker,Bli en del av NOS Service -- og jobb med avansert offshoreutstyr!,"Industrimekaniker, Industrimekaniker, Anleggsmaskin- og industrimekanikere",SANDNES,http://data.europa.eu/esco/skill/2973b3bc-5893-4b3d-8953-22ef677a162f,kutteteknologier,digital_consensus,0.6480547785758972,0.976040780544281,0.002944350242614746
54592aed-1c4b-4de8-9e69-93b27e4a279f,endringsledelse,Vil du være med å bygge fremtidens Faber?,"Personalsjefer, Personalsjef, personalsjef",STAVANGER,http://data.europa.eu/esco/skill/bec4359e-cb92-468f-a997-8fb28e32fba9,Metoder innen IKT-prosjektledelse,digital_consensus,0.6423553824424744,0.8403087258338928,0.002162039279937744
f52368a8-3530-4b85-a73c-e4a20420c1ea,AI,AI Engineer,"Applikasjonsprogrammerere, Senior Software Engineer, Reliability-Centered Maintenance (RCM), Systemanalytikere/-arkitekter, Cloud Consultant, Systemanalytikere/-arkitekter, Plattform Manager, Systemanalytikere/-arkitekter",SANDVIKA,http://data.europa.eu/esco/skill/e465a154-93f7-4973-9ce1-31659fe16dd2,prinsipper for kunstig intelligens,digital_consensus,0.5584366917610168,0.99960857629776,0.001320481300354004
f52368a8-3530-4b85-a73c-e4a20420c1ea,DevOps,AI Engineer,"Applikasjonsprogrammerere, Senior Software Engineer, Reliability-Centered Maintenance (RCM), Systemanalytikere/-arkitekter, Cloud Consultant, Systemanalytikere/-arkitekter, Plattform Manager, Systemanalytikere/-arkitekter",SANDVIKA,http://data.europa.eu/esco/skill/f0de4973-0a70-4644-8fd4-3a97080476f4,DevOps,exact,,1.0,
f52368a8-3530-4b85-a73c-e4a20420c1ea,IT,AI Engineer,"Applikasjonsprogrammerere, Senior Software Engineer, Reliability-Centered Maintenance (RCM), Systemanalytikere/-arkitekter, Cloud Consultant, Systemanalytikere/-arkitekter, Plattform Manager, Systemanalytikere/-arkitekter",SANDVIKA,http://data.europa.eu/esco/skill/ddc3119d-1d6e-4324-9125-a3380d299ac5,IT,exact,,1.0,
f52368a8-3530-4b85-a73c-e4a20420c1ea,Python,AI Engineer,"Applikasjonsprogrammerere, Senior Software Engineer, Reliability-Centered Maintenance (RCM), Systemanalytikere/-arkitekter, Cloud Consultant, Systemanalytikere/-arkitekter, Plattform Manager, Systemanalytikere/-arkitekter",SANDVIKA,http://data.europa.eu/esco/skill/ccd0a1d9-afda-43d9-b901-96344886e14d,Python,exact,,1.0,
f52368a8-3530-4b85-a73c-e4a20420c1ea,cloud engineer,AI Engineer,"Applikasjonsprogrammerere, Senior Software Engineer, Reliability-Centered Maintenance (RCM), Systemanalytikere/-arkitekter, Cloud Consultant, Systemanalytikere/-arkitekter, Plattform Manager, Systemanalytikere/-arkitekter",SANDVIKA,http://data.europa.eu/esco/skill/11430d93-c835-48ed-8e70-285fa69c9ae6,designe skyarkitektur,digital_consensus,0.5125482678413391,0.980311393737793,0.2283443808555603
f52368a8-3530-4b85-a73c-e4a20420c1ea,programmering,AI Engineer,"Applikasjonsprogrammerere, Senior Software Engineer, Reliability-Centered Maintenance (RCM), Systemanalytikere/-arkitekter, Cloud Consultant, Systemanalytikere/-arkitekter, Plattform Manager, Systemanalytikere/-arkitekter",SANDVIKA,http://data.europa.eu/esco/skill/21d2f96d-35f7-4e3f-9745-c533d2dd6e97,dataprogrammering,digital_consensus,0.5193703174591064,0.8931854367256165,0.8318698219954967
ed543694-a833-4ace-83fd-a69207f85786,Automatiker,Automatiker / Automasjonstekniker / Industrielektriker,"Industrielektriker, Elektrikere, Automatikere, Automatiker, Andre ingeniører, Automasjonstekniker, tekniker, automasjon",MOSS,http://data.europa.eu/esco/skill/7a950986-27fe-4b6c-adf3-88f211e77019,robotkomponenter,digital_consensus,0.6843463182449341,0.9831464886665344,0.0006955862045288086
66dd964f-0fe9-492f-a315-635260e1b5e5,GIS,Arealplanrådgjevar,"Arealplanlegger, Arealplanlegger, Arealplanleggere",Missing location,http://data.europa.eu/esco/skill/377861af-f966-4c87-a2db-7e99904312b9,gis,exact,,1.0,
c92b5dbe-b6a1-474f-a8de-946e50ab4795,Dataanalyse,Ingeniør tilstandskontroll - Bane NOR,"Andre ingeniører, Kontrollingeniør, Andre ingeniører",OSLO,http://data.europa.eu/esco/skill/97bd1c21-66b2-4b7e-ad0f-e3cda590e378,dataanalyse,exact,,1.0,
df8a5d5f-4299-4908-8fbc-8a0c023c258d,Automatiker,Automatiker,"Automatikere, Automatiker, Automatiker",TRETTEN,http://data.europa.eu/esco/skill/7a950986-27fe-4b6c-adf3-88f211e77019,robotkomponenter,digital_consensus,0.6843463182449341,0.9831464886665344,0.0006955862045288086
df8a5d5f-4299-4908-8fbc-8a0c023c258d,PLS programmering,Automatiker,"Automatikere, Automatiker, Automatiker",TRETTEN,http://data.europa.eu/esco/skill/6468e5fb-f3be-4025-87be-4b6556755c61,programmerbar logisk kontroller,digital_consensus,0.5773842334747314,0.9587723612785339,0.9575199654791504
9440a05b-e845-4ebf-94ea-babf1f9ce977,CNC operatør,Fagarbeider maskinarbeider / CNC operatør,"Verktøymaker, låsesmeder mv., CNC-operatør, operatør av CNC-maskin",LODDEFJORD,http://data.europa.eu/esco/skill/4cb58ef4-67a9-4bea-a743-2c83ebd60e79,håndtere CNC-fresemaskin,digital_consensus,0.5882859230041504,0.9995740056037903,0.008467435836791992
9440a05b-e845-4ebf-94ea-babf1f9ce977,Maskinarbeider,Fagarbeider maskinarbeider / CNC operatør,"Verktøymaker, låsesmeder mv., CNC-operatør, operatør av CNC-maskin",LODDEFJORD,http://data.europa.eu/esco/skill/4cb58ef4-67a9-4bea-a743-2c83ebd60e79,håndtere CNC-fresemaskin,digital_consensus,0.5809299945831299,0.9508761167526245,0.026795268058776855
a64950e3-772f-4a90-87fb-01846283bc22,DevOps,Vær med og ta tekniske beslutninger og videreutvikle plattformløsninger som alle utviklingsteamene i TV 2 bygger på,"Cloud-ingeniør, Programvareutviklere",BERGEN,http://data.europa.eu/esco/skill/f0de4973-0a70-4644-8fd4-3a97080476f4,DevOps,exact,,1.0,
a64950e3-772f-4a90-87fb-01846283bc22,GCP,Vær med og ta tekniske beslutninger og videreutvikle plattformløsninger som alle utviklingsteamene i TV 2 bygger på,"Cloud-ingeniør, Programvareutviklere",BERGEN,http://data.europa.eu/esco/skill/21d2f96d-35f7-4e3f-9745-c533d2dd6e97,dataprogrammering,digital_consensus,0.5491358041763306,0.9595730900764465,0.8468864783644676
a64950e3-772f-4a90-87fb-01846283bc22,IT,Vær med og ta tekniske beslutninger og videreutvikle plattformløsninger som alle utviklingsteamene i TV 2 bygger på,"Cloud-ingeniør, Programvareutviklere",BERGEN,http://data.europa.eu/esco/skill/ddc3119d-1d6e-4324-9125-a3380d299ac5,IT,exact,,1.0,
a64950e3-772f-4a90-87fb-01846283bc22,Skyplattform,Vær med og ta tekniske beslutninger og videreutvikle plattformløsninger som alle utviklingsteamene i TV 2 bygger på,"Cloud-ingeniør, Programvareutviklere",BERGEN,http://data.europa.eu/esco/skill/11430d93-c835-48ed-8e70-285fa69c9ae6,designe skyarkitektur,digital_consensus,0.5947005748748779,0.9967308044433594,0.002797067165374756
7938df94-3ce3-43fa-8536-400762ceeb99,Cybersikkerhet,Senior Linux DevSecOps-engineer,"Systemadministratorer, Senior Linux System Administrator, Senior Linux System Administrator",FORNEBU,http://data.europa.eu/esco/skill/8088750d-8388-4170-a76f-48354c469c44,cybersikkerhet,exact,,1.0,
78df849f-83ed-4304-a462-a04e8f5df443,Kretskort,Manufacturing and Assembly Operator,"Elektronikkingeniører, ingeniør, elektro, Ingeniør (elektroteknikk)",BERGEN,http://data.europa.eu/esco/skill/6a2bc03b-e30d-429b-9549-5784cb92ae2f,kretskort,exact,,1.0,
ae9ab5af-a6ca-477e-9af6-0bea42247405,Business analyst,Transform Data into Strategic Advantage at Heli-One,"Finansanalytikere, Forretningsanalytiker, Forretningsanalytiker",SOLA,http://data.europa.eu/esco/skill/143769cb-b61e-47d8-a61e-eedfbec1016c,analyse av forretningsdata,digital_consensus,0.568411111831665,0.9990353584289551,0.0018198490142822266
ae9ab5af-a6ca-477e-9af6-0bea42247405,ERP,Transform Data into Strategic Advantage at Heli-One,"Finansanalytikere, Forretningsanalytiker, Forretningsanalytiker",SOLA,http://data.europa.eu/esco/skill/09f4c52b-ac72-4f0e-a8ae-78bb1d7bffba,transportprogramvare relatert til et ERP-system,digital_consensus,0.5528852343559265,0.9972111582756042,0.9701170120388269
ae9ab5af-a6ca-477e-9af6-0bea42247405,Forretningsanalytiker,Transform Data into Strategic Advantage at Heli-One,"Finansanalytikere, Forretningsanalytiker, Forretningsanalytiker",SOLA,http://data.europa.eu/esco/skill/143769cb-b61e-47d8-a61e-eedfbec1016c,analyse av forretningsdata,digital_consensus,0.6012461185455322,0.9952499866485596,0.003920078277587891
4671cebe-e85e-4058-a090-4eecfcdc0102,Arkitektur,"Hvordan bygger vi robuste, sikre og fremtidsrettede digitale fellestjenester for staten?","Systemanalytikere/-arkitekter, Systemanalytikere/-arkitekter, virksomhetsarkitekt, Software arkitekt/senior utvikler, Virksomhetsarkitekt",OSLO,http://data.europa.eu/esco/skill/c453cf81-6197-428e-84c6-70c773b63f27,Arkitektoniske IKT-rammeverk,digital_consensus,0.5593475699424744,0.9923986792564392,0.11609482765197754
4671cebe-e85e-4058-a090-4eecfcdc0102,Digitalisering,"Hvordan bygger vi robuste, sikre og fremtidsrettede digitale fellestjenester for staten?","Systemanalytikere/-arkitekter, Systemanalytikere/-arkitekter, virksomhetsarkitekt, Software arkitekt/senior utvikler, Virksomhetsarkitekt",OSLO,http://data.europa.eu/esco/skill/aa0d8201-5a8e-417f-81f4-c04601139582,digitalisering,exact,,1.0,
4671cebe-e85e-4058-a090-4eecfcdc0102,IT-arkitekt,"Hvordan bygger vi robuste, sikre og fremtidsrettede digitale fellestjenester for staten?","Systemanalytikere/-arkitekter, Systemanalytikere/-arkitekter, virksomhetsarkitekt, Software arkitekt/senior utvikler, Virksomhetsarkitekt",OSLO,http://data.europa.eu/esco/skill/c453cf81-6197-428e-84c6-70c773b63f27,Arkitektoniske IKT-rammeverk,digital_consensus,0.6209890842437744,0.9999566078186035,0.00011587142944335938
4671cebe-e85e-4058-a090-4eecfcdc0102,IT-styring,"Hvordan bygger vi robuste, sikre og fremtidsrettede digitale fellestjenester for staten?","Systemanalytikere/-arkitekter, Systemanalytikere/-arkitekter, virksomhetsarkitekt, Software arkitekt/senior utvikler, Virksomhetsarkitekt",OSLO,http://data.europa.eu/esco/skill/bec4359e-cb92-468f-a997-8fb28e32fba9,Metoder innen IKT-prosjektledelse,digital_consensus,0.6575366258621216,0.9555172324180603,0.01324993371963501
a76c45b7-66af-4b08-bb9b-a8ea1495b019,Kundesupport,Klar for en deltidsjobb innen kundeservice? Vi vil høre fra deg!,"Kundekonsulent, Kundekonsulent, Kundesentermedarbeidere",OSLO,http://data.europa.eu/esco/skill/db36f7f1-5900-45bd-9ffb-f2b19c4362ac,støtte IKT-systembrukere,digital_consensus,0.5482102036476135,0.9978213310241699,0.016304969787597656
0216edc0-52c4-473d-b43b-04b55b8545d1,digitalisering,Bli vår nye IT-jurist i et spennende digitaliseringsprosjekt,"Jurist, Jurister og advokater, Høyere saksbehandlere i offentlig og privat virksomhet, Seniorrådgiver (juridisk utredning, offentlig administrasjon), Høyere saksbehandlere i offentlig og privat virksomhet, Rådgiver juridisk utredning i offentlig administrasjon",OSLO,http://data.europa.eu/esco/skill/aa0d8201-5a8e-417f-81f4-c04601139582,digitalisering,exact,,1.0,
0216edc0-52c4-473d-b43b-04b55b8545d1,prosjektarbeid,Bli vår nye IT-jurist i et spennende digitaliseringsprosjekt,"Jurist, Jurister og advokater, Høyere saksbehandlere i offentlig og privat virksomhet, Seniorrådgiver (juridisk utredning, offentlig administrasjon), Høyere saksbehandlere i offentlig og privat virksomhet, Rådgiver juridisk utredning i offentlig administrasjon",OSLO,http://data.europa.eu/esco/skill/5898d99a-62a4-4e10-a2e3-0d815ce44248,mottiltak mot cyberangrep,digital_consensus,0.47509437799453735,0.8073229193687439,0.006661772727966309
0a358b49-0c2a-4c56-a407-e942f333fa7e,Digitalisering,Produktleder - ny sikkerhetsmodell for plattformer,"Produktleder industri, Forsknings- og utviklingsledere, Ledere av IKT-enheter, IT-leder, Ledere av IKT-enheter",OSLO,http://data.europa.eu/esco/skill/aa0d8201-5a8e-417f-81f4-c04601139582,digitalisering,exact,,1.0,
0a358b49-0c2a-4c56-a407-e942f333fa7e,IT-sikkerhet,Produktleder - ny sikkerhetsmodell for plattformer,"Produktleder industri, Forsknings- og utviklingsledere, Ledere av IKT-enheter, IT-leder, Ledere av IKT-enheter",OSLO,http://data.europa.eu/esco/skill/8088750d-8388-4170-a76f-48354c469c44,IT-sikkerhet,exact,,1.0,
0afd110b-8a30-4834-be57-63f4d5bd4e9c,IKT-service,Enhetsleder IT,"Kontorsjef, Andre administrative ledere, Enhetsleder, Ledere av IKT-enheter, IT-leder, Ledere av IKT-enheter",OSLO,http://data.europa.eu/esco/skill/778ca7ad-6c5d-4868-9b96-a7777dca799c,IKT-hjelpeplattformer,digital_consensus,0.6330084800720215,0.9977733492851257,0.035173654556274414
0afd110b-8a30-4834-be57-63f4d5bd4e9c,Informasjonssikkerhet,Enhetsleder IT,"Kontorsjef, Andre administrative ledere, Enhetsleder, Ledere av IKT-enheter, IT-leder, Ledere av IKT-enheter",OSLO,http://data.europa.eu/esco/skill/8088750d-8388-4170-a76f-48354c469c44,informasjonssikkerhet,exact,,1.0,
1063563e-ea7f-4ce4-aa47-7a6a8d8a7137,ERP,Vil du være bindeleddet mellom kunden og en ledende elektronikkprodusent – og sørge for at leveransene sitter som støpt?,"Kundeservicekonsulent, Kundeservicekonsulent, Kundesentermedarbeidere",JAREN,http://data.europa.eu/esco/skill/09f4c52b-ac72-4f0e-a8ae-78bb1d7bffba,transportprogramvare relatert til et ERP-system,digital_consensus,0.5528852343559265,0.9972111582756042,0.9701170120388269
1063563e-ea7f-4ce4-aa47-7a6a8d8a7137,Elektronikk,Vil du være bindeleddet mellom kunden og en ledende elektronikkprodusent – og sørge for at leveransene sitter som støpt?,"Kundeservicekonsulent, Kundeservicekonsulent, Kundesentermedarbeidere",JAREN,http://data.europa.eu/esco/skill/95c35c3a-035f-47c2-90cf-7e934d20fc08,elektronikk,exact,,1.0,
1124b0e3-65e0-42e7-8d2a-c79e5cc4d91f,ERP,Teknisk inspektør brosystemer,"Maskiningeniører, Tekniker, marinteknikk, Andre ingeniører, Tekniker, Arbeidsleder",LODDEFJORD,http://data.europa.eu/esco/skill/09f4c52b-ac72-4f0e-a8ae-78bb1d7bffba,transportprogramvare relatert til et ERP-system,digital_consensus,0.5528852343559265,0.9972111582756042,0.9701170120388269
1124b0e3-65e0-42e7-8d2a-c79e5cc4d91f,SAP,Teknisk inspektør brosystemer,"Maskiningeniører, Tekniker, marinteknikk, Andre ingeniører, Tekniker, Arbeidsleder",LODDEFJORD,http://data.europa.eu/esco/skill/f8e3425c-fe44-4ffb-bafe-0e20d91dadf4,SAP,exact,,1.0,
12c7c37c-4116-4b96-85a8-9434b78c0165,Datadrevne prosesser,Har du bred kunnskap og erfaring med digitalisering og datadrevne prosesser? ,"Ledere av IKT-enheter, IT Prosessansvarlig, Andre administrative ledere, Digitaliseringsansvarlig, Strategi- og planleggingssjefer, Strategi- og planleggingssjefer, strategiansvarlig",OSLO,http://data.europa.eu/esco/skill/21d2f96d-35f7-4e3f-9745-c533d2dd6e97,dataprogrammering,digital_consensus,0.6045132875442505,0.9931045174598694,0.005966842174530029
12c7c37c-4116-4b96-85a8-9434b78c0165,Digitalisering,Har du bred kunnskap og erfaring med digitalisering og datadrevne prosesser? ,"Ledere av IKT-enheter, IT Prosessansvarlig, Andre administrative ledere, Digitaliseringsansvarlig, Strategi- og planleggingssjefer, Strategi- og planleggingssjefer, strategiansvarlig",OSLO,http://data.europa.eu/esco/skill/aa0d8201-5a8e-417f-81f4-c04601139582,digitalisering,exact,,1.0,
12c7c37c-4116-4b96-85a8-9434b78c0165,SAP,Har du bred kunnskap og erfaring med digitalisering og datadrevne prosesser? ,"Ledere av IKT-enheter, IT Prosessansvarlig, Andre administrative ledere, Digitaliseringsansvarlig, Strategi- og planleggingssjefer, Strategi- og planleggingssjefer, strategiansvarlig",OSLO,http://data.europa.eu/esco/skill/f8e3425c-fe44-4ffb-bafe-0e20d91dadf4,SAP,exact,,1.0,
14dc8758-4f22-480e-8954-aef8951a359e,SAP,"Seniorkonsulent/rådgjevar ved Tjenestesenter for lønn, reise og fravær","Lønningsmedarbeidere, Lønnsrådgiver",BERGEN,http://data.europa.eu/esco/skill/f8e3425c-fe44-4ffb-bafe-0e20d91dadf4,SAP,exact,,1.0,
150a83b1-807f-4030-80f7-1fe935bc7a0f,Dataanalyse,Har du bred kunnskap og erfaring med digitalisering og datadrevne prosesser? ,"Dataregistrere, Digitaliseringsmedarbeider, Organisasjonsrådgivere mv., Forretningsprosessanalytiker, Systemanalytikere/-arkitekter, Digitaliseringsrådgiver, Andre administrative ledere, Digitaliseringsansvarlig, prosjektleder",OSLO,http://data.europa.eu/esco/skill/97bd1c21-66b2-4b7e-ad0f-e3cda590e378,dataanalyse,exact,,1.0,
150a83b1-807f-4030-80f7-1fe935bc7a0f,Digitalisering,Har du bred kunnskap og erfaring med digitalisering og datadrevne prosesser? ,"Dataregistrere, Digitaliseringsmedarbeider, Organisasjonsrådgivere mv., Forretningsprosessanalytiker, Systemanalytikere/-arkitekter, Digitaliseringsrådgiver, Andre administrative ledere, Digitaliseringsansvarlig, prosjektleder",OSLO,http://data.europa.eu/esco/skill/aa0d8201-5a8e-417f-81f4-c04601139582,digitalisering,exact,,1.0,
150a83b1-807f-4030-80f7-1fe935bc7a0f,SAP,Har du bred kunnskap og erfaring med digitalisering og datadrevne prosesser? ,"Dataregistrere, Digitaliseringsmedarbeider, Organisasjonsrådgivere mv., Forretningsprosessanalytiker, Systemanalytikere/-arkitekter, Digitaliseringsrådgiver, Andre administrative ledere, Digitaliseringsansvarlig, prosjektleder",OSLO,http://data.europa.eu/esco/skill/f8e3425c-fe44-4ffb-bafe-0e20d91dadf4,SAP,exact,,1.0,
1c6b7de5-5629-42c8-8f88-66a1990453a8,Automatiker,Elektriker / automatiker,"Elektriker, Elektrikere, Automatikere, Automatiker, automasjonsingeniør",BODØ,http://data.europa.eu/esco/skill/7a950986-27fe-4b6c-adf3-88f211e77019,robotkomponenter,digital_consensus,0.6843463182449341,0.9831464886665344,0.0006955862045288086
2c70af7f-8589-48f6-9902-cc5dd13ecbe0,Digital sikkerhet,Vil du profesjonalisere og forenkle det digitale sikkerhetsarbeidet i en virksomhet med stort samfunnsansvar?,"IKT Sikkerhetsarkitekt, IKT Sikkerhetsarkitekt, Sikkerhetsanalytikere mv.",OSLO,http://data.europa.eu/esco/skill/8088750d-8388-4170-a76f-48354c469c44,digital sikkerhet,exact,,1.0,
2c70af7f-8589-48f6-9902-cc5dd13ecbe0,IT-sikkerhet,Vil du profesjonalisere og forenkle det digitale sikkerhetsarbeidet i en virksomhet med stort samfunnsansvar?,"IKT Sikkerhetsarkitekt, IKT Sikkerhetsarkitekt, Sikkerhetsanalytikere mv.",OSLO,http://data.europa.eu/esco/skill/8088750d-8388-4170-a76f-48354c469c44,IT-sikkerhet,exact,,1.0,
2c70af7f-8589-48f6-9902-cc5dd13ecbe0,Informasjonssikkerhet,Vil du profesjonalisere og forenkle det digitale sikkerhetsarbeidet i en virksomhet med stort samfunnsansvar?,"IKT Sikkerhetsarkitekt, IKT Sikkerhetsarkitekt, Sikkerhetsanalytikere mv.",OSLO,http://data.europa.eu/esco/skill/8088750d-8388-4170-a76f-48354c469c44,informasjonssikkerhet,exact,,1.0,
2e6f0579-65be-4b2c-af16-c8b567d4b622,IKT-kunnskaper,Ledig fast stilling som helsesekretær ved Senjalegen Silsand,"Helsesekretær, Helsesekretær, Helsesekretærer",SILSAND,http://data.europa.eu/esco/skill/778ca7ad-6c5d-4868-9b96-a7777dca799c,IKT-hjelpeplattformer,digital_consensus,0.5302542448043823,0.9361038208007812,0.931604131590575
31ef021a-e88d-4794-91ce-bd08c35a4b74,IT-arkitekt,"Vil du sette retning for en moderne, sikker IT-arkitektur i et av Norges mest spennende kunnskapsmiljøer?","Sjefsarkitekt IT, Sjefsarkitekt IT, Systemanalytikere/-arkitekter",KJELLER,http://data.europa.eu/esco/skill/c453cf81-6197-428e-84c6-70c773b63f27,Arkitektoniske IKT-rammeverk,digital_consensus,0.6209890842437744,0.9999566078186035,0.00011587142944335938
31ef021a-e88d-4794-91ce-bd08c35a4b74,Informasjonssikkerhet,"Vil du sette retning for en moderne, sikker IT-arkitektur i et av Norges mest spennende kunnskapsmiljøer?","Sjefsarkitekt IT, Sjefsarkitekt IT, Systemanalytikere/-arkitekter",KJELLER,http://data.europa.eu/esco/skill/8088750d-8388-4170-a76f-48354c469c44,informasjonssikkerhet,exact,,1.0,
33b46a7b-66bc-4e25-87f5-206975295761,LIS,Lege i spesialisering ,"Allmennpraktiserende leger, Lege i spesialisering, Legespesialister",NORDFJORDEID,http://data.europa.eu/esco/skill/0cd6dcf1-5778-42a5-b685-4d01ae4a4871,Common Lisp,digital_consensus,0.6051489114761353,0.999724805355072,0.0015864968299865723
33f6455f-f68d-422d-ab59-4afab0a78817,Produktutvikling,De beste systemene skapes når noen ser helheten. ,"Forretningsanalytiker, Finansanalytikere, Systemanalytikere/-arkitekter, Systemingeniør, IKT-systemarkitekt",KONGSBERG,http://data.europa.eu/esco/skill/4f6b656a-54d0-48ce-9b55-ebcac5904a14,håndtere geospatiale teknologier,digital_consensus,0.6504983901977539,0.9169093370437622,0.013612568378448486
36f1fc90-50e5-427e-8c72-40676b478d56,Cybersikkerhet,Vil du drive veksten innen cybersikkerhet i KONGSBERG?,"Business Development Manager, Business Development Manager, Salgs- og markedssjefer",ASKER,http://data.europa.eu/esco/skill/8088750d-8388-4170-a76f-48354c469c44,cybersikkerhet,exact,,1.0,
3bc4658d-1789-4149-b3ab-9e2dd8f56300,Site Engineer,"Prosjekt Nye fregatter søker Senior Site Engineer og Site Engineer til byggeverft i Glasgow, UK","Site Reliability Engineer, Site Reliability Engineer, Systemanalytikere/-arkitekter",BERGEN,http://data.europa.eu/esco/skill/6345d3a4-7d1a-40a9-9a82-6ed06beffe7b,online jobbplattformer,digital_consensus,0.5779078602790833,0.9995741248130798,0.0009093880653381348
4444171c-6873-4c88-8e47-2e3edafedba7,LIS,Lege i spesialisering,"Lege i spesialisering (LIS2), Lege i spesialisering (LIS2), Allmennpraktiserende leger",GJØVIK,http://data.europa.eu/esco/skill/0cd6dcf1-5778-42a5-b685-4d01ae4a4871,Common Lisp,digital_consensus,0.6051489114761353,0.999724805355072,0.0015864968299865723
453263f3-1857-4f98-8585-0b002c47ab5f,Datadrevne prosesser,Har du bred kunnskap og erfaring med digitalisering og datadrevne prosesser? ,"Andre administrative ledere, Digital prosjektleder, prosjektleder",OSLO,http://data.europa.eu/esco/skill/21d2f96d-35f7-4e3f-9745-c533d2dd6e97,dataprogrammering,digital_consensus,0.6045132875442505,0.9931045174598694,0.005966842174530029
453263f3-1857-4f98-8585-0b002c47ab5f,Digitalisering,Har du bred kunnskap og erfaring med digitalisering og datadrevne prosesser? ,"Andre administrative ledere, Digital prosjektleder, prosjektleder",OSLO,http://data.europa.eu/esco/skill/aa0d8201-5a8e-417f-81f4-c04601139582,digitalisering,exact,,1.0,
453263f3-1857-4f98-8585-0b002c47ab5f,SAP,Har du bred kunnskap og erfaring med digitalisering og datadrevne prosesser? ,"Andre administrative ledere, Digital prosjektleder, prosjektleder",OSLO,http://data.europa.eu/esco/skill/f8e3425c-fe44-4ffb-bafe-0e20d91dadf4,SAP,exact,,1.0,
49098405-3ae3-475d-a951-1f75a6b45e74,Elektronikk,"Elkjøp Bodø søker medarbeidere  til Salg, Service, Kasse og Lager (20–60 %)","Kassemedarbeider, Butikkmedarbeidere, Lagermedarbeidere og material-forvaltere, Lagermedarbeider, lagerkoordinator",BODØ,http://data.europa.eu/esco/skill/95c35c3a-035f-47c2-90cf-7e934d20fc08,elektronikk,exact,,1.0,
4c0c3217-1f08-4409-9e23-c9a9875a08f7,Maskinlæring,Postdoctoral Research Fellow in Quantum Machine Learning for Multimode Mechanics,"Stipendiat, Universitets- og høyskolelektorer/-lærere, Applikasjonsprogrammerere, Ingeniør maskinlæring, forsker innen datavitenskap",OSLO,http://data.europa.eu/esco/skill/3a2d5b45-56e4-4f5a-a55a-4a4a65afdc43,maskinlæring,exact,,1.0,
4c0c3217-1f08-4409-9e23-c9a9875a08f7,Programmering,Postdoctoral Research Fellow in Quantum Machine Learning for Multimode Mechanics,"Stipendiat, Universitets- og høyskolelektorer/-lærere, Applikasjonsprogrammerere, Ingeniør maskinlæring, forsker innen datavitenskap",OSLO,http://data.europa.eu/esco/skill/21d2f96d-35f7-4e3f-9745-c533d2dd6e97,dataprogrammering,digital_consensus,0.714440643787384,0.9188328981399536,0.2761046886444092
534ae7e0-7868-42b8-a744-ecf20dc81a0a,BIM,"Rådgivende ingeniør bygg (RIB), Gjøvik/Hamar","Sivilingeniører (bygg og anlegg), RIB (Rådgivende ingeniør bygg), RIB (Rådgivende ingeniør bygg)",HAMAR,http://data.europa.eu/esco/skill/fae7e545-5114-43cc-8e83-178e2549ecb9,bim,exact,,1.0,
6042dd1d-34c0-4ae0-ac0b-7d24141f5ef3,IT-prosjekt,Vil du jobbe som teknisk koordinator? ,"Andre ingeniører, Produksjonskoordinator, Teknisk, Andre ingeniører",Missing location,http://data.europa.eu/esco/skill/bec4359e-cb92-468f-a997-8fb28e32fba9,Metoder innen IKT-prosjektledelse,digital_consensus,0.5568580627441406,0.9992220401763916,0.0009100437164306641
6119ccd1-2897-4ba9-8f3d-caea018be72e,Drone,Technical Manager,"Andre ingeniører, Technical Team Manager, Andre ingeniører",KONGSBERG,http://data.europa.eu/esco/skill/a521903b-aa32-4954-9790-961b0df1261f,drone,exact,,1.0,
6119ccd1-2897-4ba9-8f3d-caea018be72e,Systemutvikling,Technical Manager,"Andre ingeniører, Technical Team Manager, Andre ingeniører",KONGSBERG,http://data.europa.eu/esco/skill/21d2f96d-35f7-4e3f-9745-c533d2dd6e97,dataprogrammering,digital_consensus,0.6049041152000427,0.9194501638412476,0.19810181856155396
642a5c41-32e2-4dfd-865b-310101363613,Systemutvikling,Du kommer inn tidlig – når de viktigste teknologivalgene fortsatt ikke er tatt.,"Weight Control Engineer, Andre ingeniører, Elektronikkingeniører, Flyingeniør, Teknikere innen luftfartssikkerhet, Flyvedlikeholdsingeniør, Sivilingeniører (elektronikk);, Satellittdataoverføringsingeniør",KONGSBERG,http://data.europa.eu/esco/skill/21d2f96d-35f7-4e3f-9745-c533d2dd6e97,dataprogrammering,digital_consensus,0.6049041152000427,0.9194501638412476,0.19810181856155396
66032b75-2bd2-4b39-9acd-1049324a9abf,LIS,LIS - vikariat ,"Lege i spesialisering (LIS2), Lege i spesialisering (LIS2), Allmennpraktiserende leger",OTTESTAD,http://data.europa.eu/esco/skill/0cd6dcf1-5778-42a5-b685-4d01ae4a4871,Common Lisp,digital_consensus,0.6051489114761353,0.999724805355072,0.0015864968299865723
6b77bca8-e73d-4b93-8017-7c8c467aa1cc,Digitalisering,Er du dokumentasjonsforvalteren vi søker til et ettårig vikariat ved UiT?,"Dokumentasjonsansvarlig, Dokumentasjonsansvarlig, Arkivassistenter",ALTA,http://data.europa.eu/esco/skill/aa0d8201-5a8e-417f-81f4-c04601139582,digitalisering,exact,,1.0,
7f444c37-7a41-433a-abf6-5aa97208ec09,ERP,Er du en av våre nye elektronikkingeniører?,"Sivilingeniører (elektronikk);, Elektronikkingeniør, elektronikkingeniør",RAMSUND,http://data.europa.eu/esco/skill/09f4c52b-ac72-4f0e-a8ae-78bb1d7bffba,transportprogramvare relatert til et ERP-system,digital_consensus,0.5528852343559265,0.9972111582756042,0.9701170120388269
7f444c37-7a41-433a-abf6-5aa97208ec09,Signalbehandling,Er du en av våre nye elektronikkingeniører?,"Sivilingeniører (elektronikk);, Elektronikkingeniør, elektronikkingeniør",RAMSUND,http://data.europa.eu/esco/skill/cfa2be0d-96d5-4017-a866-962efb9c5070,signalbehandling,exact,,1.0,
906b3a96-2905-4be8-9d1c-e57db27241af,LIS,Lege i spesialisering - radiologi,"Lege i spesialisering - Radiologi, Lege i spesialisering - Radiologi, Legespesialister",BODØ,http://data.europa.eu/esco/skill/0cd6dcf1-5778-42a5-b685-4d01ae4a4871,Common Lisp,digital_consensus,0.6051489114761353,0.999724805355072,0.0015864968299865723
936628d5-f931-4b8b-ae17-f9f28dad841e,Business intelligence,Har du bred kunnskap og erfaring med data og analyse?,"Corporate Strategy & Analysis Trainee, Corporate Strategy & Analysis Trainee, Organisasjonsrådgivere",OSLO,http://data.europa.eu/esco/skill/143769cb-b61e-47d8-a61e-eedfbec1016c,business intelligence,exact,,1.0,
936628d5-f931-4b8b-ae17-f9f28dad841e,Data engineering,Har du bred kunnskap og erfaring med data og analyse?,"Corporate Strategy & Analysis Trainee, Corporate Strategy & Analysis Trainee, Organisasjonsrådgivere",OSLO,http://data.europa.eu/esco/skill/48db96bf-3314-45c6-bad8-fdb6e20e5639,data engineering,exact,,1.0,
936628d5-f931-4b8b-ae17-f9f28dad841e,Dataprodukter,Har du bred kunnskap og erfaring med data og analyse?,"Corporate Strategy & Analysis Trainee, Corporate Strategy & Analysis Trainee, Organisasjonsrådgivere",OSLO,http://data.europa.eu/esco/skill/21d2f96d-35f7-4e3f-9745-c533d2dd6e97,dataprogrammering,digital_consensus,0.5338786840438843,0.9880436062812805,0.009160399436950684
9968cc4b-e32f-4ca8-bedd-b5d7734f5b8e,Produktutvikling,Norges viktigste teknologibedrift søker innovative ingeniører.,"Andre ingeniører, Driftsingeniør, vedlikeholdsingeniør",KONGSBERG,http://data.europa.eu/esco/skill/4f6b656a-54d0-48ce-9b55-ebcac5904a14,håndtere geospatiale teknologier,digital_consensus,0.6504983901977539,0.9169093370437622,0.013612568378448486
9968cc4b-e32f-4ca8-bedd-b5d7734f5b8e,Systemdesign,Norges viktigste teknologibedrift søker innovative ingeniører.,"Andre ingeniører, Driftsingeniør, vedlikeholdsingeniør",KONGSBERG,http://data.europa.eu/esco/skill/fae27053-8924-4bfd-b565-c9fe502044c9,systemdesign,exact,,1.0,
9968cc4b-e32f-4ca8-bedd-b5d7734f5b8e,Systemutvikling,Norges viktigste teknologibedrift søker innovative ingeniører.,"Andre ingeniører, Driftsingeniør, vedlikeholdsingeniør",KONGSBERG,http://data.europa.eu/esco/skill/21d2f96d-35f7-4e3f-9745-c533d2dd6e97,dataprogrammering,digital_consensus,0.6049041152000427,0.9194501638412476,0.19810181856155396
a56cf706-b52f-43f5-af64-2dd9896500b1,ERP,Produkteier integrerte sambandssystemer (C4IS),"Produkteier, Ledere av IKT-enheter, Driftsteknikere, IKT, Datatekniker, Sikkerhetsanalytikere mv., Cybersikkerhetsarkitekt, IKT-sikkerhetsingeniør, Sikkerhetsanalytikere mv., Cybersikkerhetsingeniør",LODDEFJORD,http://data.europa.eu/esco/skill/09f4c52b-ac72-4f0e-a8ae-78bb1d7bffba,transportprogramvare relatert til et ERP-system,digital_consensus,0.5528852343559265,0.9972111582756042,0.9701170120388269
a56cf706-b52f-43f5-af64-2dd9896500b1,IT-sikkerhet,Produkteier integrerte sambandssystemer (C4IS),"Produkteier, Ledere av IKT-enheter, Driftsteknikere, IKT, Datatekniker, Sikkerhetsanalytikere mv., Cybersikkerhetsarkitekt, IKT-sikkerhetsingeniør, Sikkerhetsanalytikere mv., Cybersikkerhetsingeniør",LODDEFJORD,http://data.europa.eu/esco/skill/8088750d-8388-4170-a76f-48354c469c44,IT-sikkerhet,exact,,1.0,
accc0803-713b-48d5-a728-d7ccdeb638f6,prosjektarbeid,Ønsker du en spennende mulighet til å utvikle deg innen HR i en organisasjon med et viktig samfunnsoppdrag?,"Personalkonsulent, Personalkonsulent, Personal- og karriererådgivere, HR-rådgiver",OSLO,http://data.europa.eu/esco/skill/5898d99a-62a4-4e10-a2e3-0d815ce44248,mottiltak mot cyberangrep,digital_consensus,0.47509437799453735,0.8073229193687439,0.006661772727966309
b07a9968-e9c5-4e3e-88e8-5e940771ea2f,Dataanalyse,Stipendiatstilling i logistikk med fokus på intelligent anskaffelse,"Stipendiat, Stipendiat, Universitets- og høyskolelektorer/-lærere",MOLDE,http://data.europa.eu/esco/skill/97bd1c21-66b2-4b7e-ad0f-e3cda590e378,dataanalyse,exact,,1.0,
b0abdaad-4020-4636-b7ad-f263a8be66a9,LIS,Lege i spesialisering valgfri medisinsk spesialitet (signeringsbonus),"Lege i spesialisering (LIS2), Lege i spesialisering (LIS2), Allmennpraktiserende leger",GJØVIK,http://data.europa.eu/esco/skill/0cd6dcf1-5778-42a5-b685-4d01ae4a4871,Common Lisp,digital_consensus,0.6051489114761353,0.999724805355072,0.0015864968299865723
b0d85eec-8315-4310-b461-b02acfe6f57e,Elektronikk,Søker superselger,"Selger, Selger, Butikkmedarbeidere",HAMMERFEST,http://data.europa.eu/esco/skill/95c35c3a-035f-47c2-90cf-7e934d20fc08,elektronikk,exact,,1.0,
b7246018-01ed-4b93-87e4-dab91f235f42,Programmering,Stipendiat i fluidmekanikk,"Universitets- og høyskolelektorer/-lærere, Stipendiat, Universitets- og høyskolelektorer/-lærere",BERGEN,http://data.europa.eu/esco/skill/21d2f96d-35f7-4e3f-9745-c533d2dd6e97,dataprogrammering,digital_consensus,0.714440643787384,0.9188328981399536,0.2761046886444092
c612a379-bd5f-404a-babc-ca0b49cb131d,Digitalisering,Produktleder for skyplattform,"Plattform Manager, Systemanalytikere/-arkitekter, Ledere av IKT-enheter, IT-leder, Ledere av IKT-enheter",OSLO,http://data.europa.eu/esco/skill/aa0d8201-5a8e-417f-81f4-c04601139582,digitalisering,exact,,1.0,
c612a379-bd5f-404a-babc-ca0b49cb131d,Skyplattform,Produktleder for skyplattform,"Plattform Manager, Systemanalytikere/-arkitekter, Ledere av IKT-enheter, IT-leder, Ledere av IKT-enheter",OSLO,http://data.europa.eu/esco/skill/11430d93-c835-48ed-8e70-285fa69c9ae6,designe skyarkitektur,digital_consensus,0.5947005748748779,0.9967308044433594,0.002797067165374756
cd5a67c2-d7a2-4ff3-a8e0-9cd402cf3c9d,Cyberkriminalitet,Etterretningsleder ved Nasjonalt Cyberkrimsenter (NC3) - Kripos,"Høyere saksbehandlere i offentlig og privat virksomhet, Etterretnings- og sikkerhetsoffiser, etterretningsoffiser",OSLO,http://data.europa.eu/esco/skill/5898d99a-62a4-4e10-a2e3-0d815ce44248,mottiltak mot cyberangrep,digital_consensus,0.599170446395874,0.9939985275268555,0.0075417160987854
cd5a67c2-d7a2-4ff3-a8e0-9cd402cf3c9d,Datakriminalitet,Etterretningsleder ved Nasjonalt Cyberkrimsenter (NC3) - Kripos,"Høyere saksbehandlere i offentlig og privat virksomhet, Etterretnings- og sikkerhetsoffiser, etterretningsoffiser",OSLO,http://data.europa.eu/esco/skill/78845d0c-e56f-4318-a9c6-bf75931dd520,innhente trusseletterretning,digital_consensus,0.6027292013168335,0.9985333681106567,0.0012303590774536133
d404dd6d-6f37-4809-9a36-d3c92bfed18b,SAP,Personellsikkerhetsansvarlig,"Andre ingeniører, Sikkerhetsrådgiver (helse, miljø og driftssikkerhet), Helse- og miljørådgivere, Arbeidsmiljø-, helse- og sikkerhetsansvarlig, HMS-konsulent",LAKSEVÅG,http://data.europa.eu/esco/skill/f8e3425c-fe44-4ffb-bafe-0e20d91dadf4,SAP,exact,,1.0,
d8e69dc2-5b35-476f-b1b1-4b2f48276102,Elektronikk,De mest spennende teknologivalgene er de som ennå ikke er tatt.,"Forretningsanalytiker, Finansanalytikere, Andre sivilingeniører (unntatt elektroteknologi);, Andre sivilingeniører unntatt elektroteknologi, Andre sivilingeniører (unntatt elektroteknologi)",KONGSBERG,http://data.europa.eu/esco/skill/95c35c3a-035f-47c2-90cf-7e934d20fc08,elektronikk,exact,,1.0,
d8e69dc2-5b35-476f-b1b1-4b2f48276102,Systemutvikling,De mest spennende teknologivalgene er de som ennå ikke er tatt.,"Forretningsanalytiker, Finansanalytikere, Andre sivilingeniører (unntatt elektroteknologi);, Andre sivilingeniører unntatt elektroteknologi, Andre sivilingeniører (unntatt elektroteknologi)",KONGSBERG,http://data.europa.eu/esco/skill/21d2f96d-35f7-4e3f-9745-c533d2dd6e97,dataprogrammering,digital_consensus,0.6049041152000427,0.9194501638412476,0.19810181856155396
d97c9473-6408-49c5-a6de-874301fa506b,Datavitenskap,"AI in Ship Design, Construction and Operation","Universitets- og høyskolelektorer/-lærere, Doktorgradsstipendiat, Universitets- og høyskolelektorer/-lærere",ÅLESUND,http://data.europa.eu/esco/skill/edebd83d-35f6-4ed5-a940-6c203d178c01,datavitenskap,exact,,1.0,
d9f4dbdd-eb03-4927-9437-e457c2936b82,Dataanalyse,"Rådgivar – Forskings- og utviklingsavdelinga/ Forsking og innovasjon, Helse Bergen HF","Organisasjonsrådgivere, Høyere saksbehandlere i offentlig og privat virksomhet, Høyere saksbehandlere i offentlig og privat virksomhet, Innovasjonsrådgiver, Rådgiver (offentlig administrasjon)",BERGEN,http://data.europa.eu/esco/skill/97bd1c21-66b2-4b7e-ad0f-e3cda590e378,dataanalyse,exact,,1.0,
ddf88d1e-1c17-41e3-b07d-cecf4745ea3c,Business intelligence,Har du bred kunnskap og erfaring med data og analyse?,"Corporate Strategy & Analysis Trainee, Corporate Strategy & Analysis Trainee, Organisasjonsrådgivere",OSLO,http://data.europa.eu/esco/skill/143769cb-b61e-47d8-a61e-eedfbec1016c,business intelligence,exact,,1.0,
ddf88d1e-1c17-41e3-b07d-cecf4745ea3c,Dataprodukter,Har du bred kunnskap og erfaring med data og analyse?,"Corporate Strategy & Analysis Trainee, Corporate Strategy & Analysis Trainee, Organisasjonsrådgivere",OSLO,http://data.europa.eu/esco/skill/21d2f96d-35f7-4e3f-9745-c533d2dd6e97,dataprogrammering,digital_consensus,0.5338786840438843,0.9880436062812805,0.009160399436950684
ddf88d1e-1c17-41e3-b07d-cecf4745ea3c,Digitalisering,Har du bred kunnskap og erfaring med data og analyse?,"Corporate Strategy & Analysis Trainee, Corporate Strategy & Analysis Trainee, Organisasjonsrådgivere",OSLO,http://data.europa.eu/esco/skill/aa0d8201-5a8e-417f-81f4-c04601139582,digitalisering,exact,,1.0,
e5b75e8a-22d0-4259-b581-1071d2ed607f,Datadrevne prosesser,Har du bred kunnskap og erfaring med digitalisering og datadrevne prosesser? ,"Forsknings- og utviklingsledere, Programleder innovasjon og digitalisering, Forsknings- og utviklingsledere",OSLO,http://data.europa.eu/esco/skill/21d2f96d-35f7-4e3f-9745-c533d2dd6e97,dataprogrammering,digital_consensus,0.6045132875442505,0.9931045174598694,0.005966842174530029
e5b75e8a-22d0-4259-b581-1071d2ed607f,Digitalisering,Har du bred kunnskap og erfaring med digitalisering og datadrevne prosesser? ,"Forsknings- og utviklingsledere, Programleder innovasjon og digitalisering, Forsknings- og utviklingsledere",OSLO,http://data.europa.eu/esco/skill/aa0d8201-5a8e-417f-81f4-c04601139582,digitalisering,exact,,1.0,
e5b75e8a-22d0-4259-b581-1071d2ed607f,ERP,Har du bred kunnskap og erfaring med digitalisering og datadrevne prosesser? ,"Forsknings- og utviklingsledere, Programleder innovasjon og digitalisering, Forsknings- og utviklingsledere",OSLO,http://data.europa.eu/esco/skill/09f4c52b-ac72-4f0e-a8ae-78bb1d7bffba,transportprogramvare relatert til et ERP-system,digital_consensus,0.5528852343559265,0.9972111582756042,0.9701170120388269
e5b75e8a-22d0-4259-b581-1071d2ed607f,SAP,Har du bred kunnskap og erfaring med digitalisering og datadrevne prosesser? ,"Forsknings- og utviklingsledere, Programleder innovasjon og digitalisering, Forsknings- og utviklingsledere",OSLO,http://data.europa.eu/esco/skill/f8e3425c-fe44-4ffb-bafe-0e20d91dadf4,SAP,exact,,1.0,
eaa585be-d49a-4f8c-a337-d0e2328cdc35,Programmering,Stipendiatstilling i logistikk med fokus på flaskehalser i petroleumssektoren,"Stipendiat, Universitets- og høyskolelektorer/-lærere, Sivilingeniører (geofag, petro-leumsteknologi, metallurgi mv.);, Petroleumsingeniør, petroleumsingeniør",MOLDE,http://data.europa.eu/esco/skill/21d2f96d-35f7-4e3f-9745-c533d2dd6e97,dataprogrammering,digital_consensus,0.714440643787384,0.9188328981399536,0.2761046886444092
f8422957-9799-4867-b5ff-2ffb8cffe9c6,Hjelpemidler,Ergoterapeut,"Ergoterapeut, Ergoterapeut, Ergoterapeuter",VALNESFJORD,http://data.europa.eu/esco/skill/8759c352-8b00-498f-985a-935f13e1b043,hjelpemidler,exact,,1.0,
faf8c9e5-4915-44d1-8a0d-39c829190b36,ERP,Er du vår nye dataingeniør?,"Sivilingeniører (elektronikk);, Dataingeniør, datavarehusutvikler",RAMSUND,http://data.europa.eu/esco/skill/09f4c52b-ac72-4f0e-a8ae-78bb1d7bffba,transportprogramvare relatert til et ERP-system,digital_consensus,0.5528852343559265,0.9972111582756042,0.9701170120388269
faf8c9e5-4915-44d1-8a0d-39c829190b36,IT-sikkerhet,Er du vår nye dataingeniør?,"Sivilingeniører (elektronikk);, Dataingeniør, datavarehusutvikler",RAMSUND,http://data.europa.eu/esco/skill/8088750d-8388-4170-a76f-48354c469c44,IT-sikkerhet,exact,,1.0,
faf8c9e5-4915-44d1-8a0d-39c829190b36,IT-tekniker,Er du vår nye dataingeniør?,"Sivilingeniører (elektronikk);, Dataingeniør, datavarehusutvikler",RAMSUND,http://data.europa.eu/esco/skill/21d2f96d-35f7-4e3f-9745-c533d2dd6e97,dataprogrammering,digital_consensus,0.5668003559112549,0.9945306181907654,0.0016807913780212402
faf8c9e5-4915-44d1-8a0d-39c829190b36,SAP,Er du vår nye dataingeniør?,"Sivilingeniører (elektronikk);, Dataingeniør, datavarehusutvikler",RAMSUND,http://data.europa.eu/esco/skill/f8e3425c-fe44-4ffb-bafe-0e20d91dadf4,SAP,exact,,1.0,
fde825b0-d36f-40a9-8e74-bc67e1e37e46,Produktutvikling,"Vil du jobbe i skjæringspunktet mellom teknologi, forretning og publikum? ","IT-sikkerhetsrådgiver, Sikkerhetsanalytikere mv., Systemanalytikere/-arkitekter, Post doc. informatikk, Systemanalytikere/-arkitekter, IKT-systemanalytiker, IKT-systemanalytiker",OSLO,http://data.europa.eu/esco/skill/4f6b656a-54d0-48ce-9b55-ebcac5904a14,håndtere geospatiale teknologier,digital_consensus,0.6504983901977539,0.9169093370437622,0.013612568378448486
0298bbb4-5449-4419-af8e-5e346ddd5375,GIS,Fagleder høyspent koblingsanlegg,"Energioperatør, kraftverkelektriker, Energikontrolloperatører, Elkraftingeniører, Sivilingeniør (elkraftteknikk), Elektronikkingeniører, Sivilingeniør / ingeniør elektroteknikk, Energikontrolloperatører, Teamleder energiverk, Sivilingeniører (maskin- og marin-teknikk);, Sivilingeniør (automasjon), automasjonsingeniør",PORSGRUNN,http://data.europa.eu/esco/skill/377861af-f966-4c87-a2db-7e99904312b9,gis,exact,,1.0,
e41f0487-7cc9-43ca-b337-8b9ede58403f,DevOps,Lead Platform Engineer – Core Automation (Tech Lead),"Ledere av olje- og gassutvinning mv., Plattformsjef, produksjonssjef, olje- og gassutvinning",TRONDHEIM,http://data.europa.eu/esco/skill/f0de4973-0a70-4644-8fd4-3a97080476f4,DevOps,exact,,1.0,
e41f0487-7cc9-43ca-b337-8b9ede58403f,IT-sikkerhet,Lead Platform Engineer – Core Automation (Tech Lead),"Ledere av olje- og gassutvinning mv., Plattformsjef, produksjonssjef, olje- og gassutvinning",TRONDHEIM,http://data.europa.eu/esco/skill/8088750d-8388-4170-a76f-48354c469c44,IT-sikkerhet,exact,,1.0,
e6648fb3-a771-46d3-8a93-c677a8e7e7f0,Dataplattform,Data Scientist - NORCE Analytics,"Forsker datavitenskap, Forsker datavitenskap, Systemanalytikere/-arkitekter",BERGEN,http://data.europa.eu/esco/skill/3ec2e4d6-7000-4905-bf1a-c5b1679416de,datavarehus,digital_consensus,0.5975717306137085,0.9994984865188599,0.0007398128509521484
e6648fb3-a771-46d3-8a93-c677a8e7e7f0,Datavitenskap,Data Scientist - NORCE Analytics,"Forsker datavitenskap, Forsker datavitenskap, Systemanalytikere/-arkitekter",BERGEN,http://data.europa.eu/esco/skill/edebd83d-35f6-4ed5-a940-6c203d178c01,datavitenskap,exact,,1.0,
e6648fb3-a771-46d3-8a93-c677a8e7e7f0,Informatikk,Data Scientist - NORCE Analytics,"Forsker datavitenskap, Forsker datavitenskap, Systemanalytikere/-arkitekter",BERGEN,http://data.europa.eu/esco/skill/7b5cce4d-c7fe-4119-b48f-70aa05391787,informatikk,exact,,1.0,
e6648fb3-a771-46d3-8a93-c677a8e7e7f0,Maskinlæring,Data Scientist - NORCE Analytics,"Forsker datavitenskap, Forsker datavitenskap, Systemanalytikere/-arkitekter",BERGEN,http://data.europa.eu/esco/skill/3a2d5b45-56e4-4f5a-a55a-4a4a65afdc43,maskinlæring,exact,,1.0,
e6648fb3-a771-46d3-8a93-c677a8e7e7f0,Python,Data Scientist - NORCE Analytics,"Forsker datavitenskap, Forsker datavitenskap, Systemanalytikere/-arkitekter",BERGEN,http://data.europa.eu/esco/skill/ccd0a1d9-afda-43d9-b901-96344886e14d,Python,exact,,1.0,
1c818e02-fdff-45a9-a47c-ab9d42423871,ERP,Regnskapsmedarbeider – spennende rolle i internasjonalt konsern,"Regnskapsmedarbeider, Regnskapsmedarbeider, Regnskapsmedarbeidere",HUNNDALEN,http://data.europa.eu/esco/skill/09f4c52b-ac72-4f0e-a8ae-78bb1d7bffba,transportprogramvare relatert til et ERP-system,digital_consensus,0.5528852343559265,0.9972111582756042,0.9701170120388269
05edca00-56f3-42e4-b3fd-53f9024a99fa,CNC,Operatør Stål- og metallindustri,"Platearbeidere, Platearbeider, Verktøymaker, låsesmeder mv., CNC-operatør, operatør av CNC-maskin",VIK I SOGN,http://data.europa.eu/esco/skill/6f728d63-5c45-40b3-8bfd-e17c5dba28ad,håndtere CNC-slipemaskin,digital_consensus,0.5797138810157776,0.9999545812606812,0.00033664703369140625
ec5f2489-691a-46fc-876b-d6ec5b0ee809,Elektronikk,Selger | Strømmen Storsenter,"Selger, Butikkmedarbeidere, Butikkmedarbeidere, Butikkmedarbeider, butikkmedarbeider",STRØMMEN,http://data.europa.eu/esco/skill/95c35c3a-035f-47c2-90cf-7e934d20fc08,elektronikk,exact,,1.0,
c7d3dcac-0497-48f0-938f-3970b29307cf,Produktutvikling,Har du kokkefaglig bakgrunn og lyst til å være med å utvikle framtidens mat fra Senja?,"Produksjonsmedarbeider andre næringsmiddelprodukter, Produksjonsmedarbeider andre næringsmiddelprodukter, Operatører innen næringsmiddelproduksjon",SILSAND,http://data.europa.eu/esco/skill/4f6b656a-54d0-48ce-9b55-ebcac5904a14,håndtere geospatiale teknologier,digital_consensus,0.6504983901977539,0.9169093370437622,0.013612568378448486
c1e5e9d4-5021-421f-90f7-ccb8219d1586,C#,Software Engineer - Embedded Systems \& Communication,"Programvareutviklere, Softwareingeniør, programvareutvikler",BERGEN,http://data.europa.eu/esco/skill/4c016b68-4116-468c-9dc6-42710c239e4a,C#,exact,,1.0,
c1e5e9d4-5021-421f-90f7-ccb8219d1586,C++,Software Engineer - Embedded Systems \& Communication,"Programvareutviklere, Softwareingeniør, programvareutvikler",BERGEN,http://data.europa.eu/esco/skill/b633eb55-8f1f-4ae6-ab4c-2022ffe2cb7f,C++,exact,,1.0,
c1e5e9d4-5021-421f-90f7-ccb8219d1586,Embedded,Software Engineer - Embedded Systems \& Communication,"Programvareutviklere, Softwareingeniør, programvareutvikler",BERGEN,http://data.europa.eu/esco/skill/21d2f96d-35f7-4e3f-9745-c533d2dd6e97,dataprogrammering,digital_consensus,0.6339219808578491,0.9740793704986572,0.0052509307861328125
c1e5e9d4-5021-421f-90f7-ccb8219d1586,Programmering,Software Engineer - Embedded Systems \& Communication,"Programvareutviklere, Softwareingeniør, programvareutvikler",BERGEN,http://data.europa.eu/esco/skill/21d2f96d-35f7-4e3f-9745-c533d2dd6e97,dataprogrammering,digital_consensus,0.714440643787384,0.9188328981399536,0.2761046886444092
c1e5e9d4-5021-421f-90f7-ccb8219d1586,Python,Software Engineer - Embedded Systems \& Communication,"Programvareutviklere, Softwareingeniør, programvareutvikler",BERGEN,http://data.europa.eu/esco/skill/ccd0a1d9-afda-43d9-b901-96344886e14d,Python,exact,,1.0,
c1e5e9d4-5021-421f-90f7-ccb8219d1586,Software Engineer,Software Engineer - Embedded Systems \& Communication,"Programvareutviklere, Softwareingeniør, programvareutvikler",BERGEN,http://data.europa.eu/esco/skill/41ec47dd-08b3-464a-9c45-c706f3e74467,industriell programvare,digital_consensus,0.5739484429359436,0.9992891550064087,0.00014793872833251953
c1e5e9d4-5021-421f-90f7-ccb8219d1586,Systemutvikling,Software Engineer - Embedded Systems \& Communication,"Programvareutviklere, Softwareingeniør, programvareutvikler",BERGEN,http://data.europa.eu/esco/skill/21d2f96d-35f7-4e3f-9745-c533d2dd6e97,dataprogrammering,digital_consensus,0.6049041152000427,0.9194501638412476,0.19810181856155396
6338f5b1-dc48-45ab-8b20-fca27a1095b2,AI,Vil du være med å forme fremtidens offentlige sektor?,"Høyere saksbehandlere i offentlig og privat virksomhet, Rådgiver juridisk utredning i offentlig administrasjon, Høyere saksbehandlere i offentlig og privat virksomhet",TRONDHEIM,http://data.europa.eu/esco/skill/e465a154-93f7-4973-9ce1-31659fe16dd2,prinsipper for kunstig intelligens,digital_consensus,0.5584366917610168,0.99960857629776,0.001320481300354004
e6ab0426-3dee-416e-8f05-5af1a7f1cbfa,endringsledelse,Vil du bidra til å forme fremtidens HR i Norsk helsenett?,"Personaldirektør personalmanagement, Personaldirektør personalmanagement, Personalsjefer, Personalsjefer, HR-ansvarlig",TRONDHEIM,http://data.europa.eu/esco/skill/bec4359e-cb92-468f-a997-8fb28e32fba9,Metoder innen IKT-prosjektledelse,digital_consensus,0.6423553824424744,0.8403087258338928,0.002162039279937744
580ac438-9aa2-4a28-86f6-f1ed069d4a8b,controller,Vi søker Business Controller til Adresseavisen og Polaris Media Midt-Norge,"Business Controller, Business Controller, Finans- og investeringsrådgivere",TRONDHEIM,http://data.europa.eu/esco/skill/bf942c60-8539-4951-83ee-63f770da1cb8,programmere en CNC-kontroller,digital_consensus,0.6273438930511475,0.9980813264846802,0.0004451274871826172
2de14c85-fc37-4f80-a184-edbf91959d39,Sky,Torghatten søker Senior Azure plattform ingeniør,".Net Utvikler, .Net Utvikler, Applikasjonsprogrammerere",TRONDHEIM,http://data.europa.eu/esco/skill/11430d93-c835-48ed-8e70-285fa69c9ae6,designe skyarkitektur,digital_consensus,0.6258109211921692,0.9894150495529175,0.019019901752471924
1d2abd0c-797f-41e0-8674-60a032beff60,Produktutvikling,Vil du være med å videreutvikle en annerledes bank?,"Salgs- og markedssjef, Salgs- og markedssjef, Salgs- og markedssjefer",OSLO,http://data.europa.eu/esco/skill/4f6b656a-54d0-48ce-9b55-ebcac5904a14,håndtere geospatiale teknologier,digital_consensus,0.6504983901977539,0.9169093370437622,0.013612568378448486
b676c953-2288-4e2e-ac34-38bb12974a51,Hjelpemidler,Vil du være med å utdanne morgendagens ortopediingeniører?,"Ortopeditekniker, Ortopeditekniker, Protese- og tannteknikere",OSLO,http://data.europa.eu/esco/skill/8759c352-8b00-498f-985a-935f13e1b043,hjelpemidler,exact,,1.0,
3b2bcd8e-36e2-41ec-9456-7c8819af3afd,Digital kommunikasjon,Hjelp! Vår flinke kollega skal ut i foreldrepermisjon,"Kommunikasjonsrådgiver, Kommunikasjonsrådgiver, Informasjonsrådgivere, Reklame- og markedsføringsrådgivere, Markedsføringsrepresentant",PORSGRUNN,http://data.europa.eu/esco/skill/234aeb8d-56c3-4531-9193-1c5e6a8d16cb,bruke presentasjonsprogramvare,digital_consensus,0.5378857851028442,0.9831987023353577,0.009777486324310303
6b9bf4f5-800d-470b-812c-6e6b30c09110,.NET,Bygg Farmasiets første interne teknologiteam,"Systemanalytikere/-arkitekter, Lead Software Architect, programvarearkitekt",OSLO,http://data.europa.eu/esco/skill/13bdd41a-2a18-441f-96db-41252c519413,.NET,exact,,1.0,
6b9bf4f5-800d-470b-812c-6e6b30c09110,Arkitektur,Bygg Farmasiets første interne teknologiteam,"Systemanalytikere/-arkitekter, Lead Software Architect, programvarearkitekt",OSLO,http://data.europa.eu/esco/skill/c453cf81-6197-428e-84c6-70c773b63f27,Arkitektoniske IKT-rammeverk,digital_consensus,0.5593475699424744,0.9923986792564392,0.11609482765197754
6b9bf4f5-800d-470b-812c-6e6b30c09110,ERP,Bygg Farmasiets første interne teknologiteam,"Systemanalytikere/-arkitekter, Lead Software Architect, programvarearkitekt",OSLO,http://data.europa.eu/esco/skill/09f4c52b-ac72-4f0e-a8ae-78bb1d7bffba,transportprogramvare relatert til et ERP-system,digital_consensus,0.5528852343559265,0.9972111582756042,0.9701170120388269
6b9bf4f5-800d-470b-812c-6e6b30c09110,Systemutvikler,Bygg Farmasiets første interne teknologiteam,"Systemanalytikere/-arkitekter, Lead Software Architect, programvarearkitekt",OSLO,http://data.europa.eu/esco/skill/21d2f96d-35f7-4e3f-9745-c533d2dd6e97,dataprogrammering,digital_consensus,0.6546458005905151,0.9988632202148438,0.002029597759246826
6b9bf4f5-800d-470b-812c-6e6b30c09110,Webutvikling,Bygg Farmasiets første interne teknologiteam,"Systemanalytikere/-arkitekter, Lead Software Architect, programvarearkitekt",OSLO,http://data.europa.eu/esco/skill/21d2f96d-35f7-4e3f-9745-c533d2dd6e97,dataprogrammering,digital_consensus,0.6107942461967468,0.8154075741767883,0.15142208337783813
3dc251f4-370e-46ce-b796-777b51d35aff,Elektronikk,Westcontrol trenger flere flinke folk!,"Andre prosesskontrolloperatører, Operatør av automatisert monteringslinje, operatør, automatisk samlebånd",TAU,http://data.europa.eu/esco/skill/95c35c3a-035f-47c2-90cf-7e934d20fc08,elektronikk,exact,,1.0,
bf715f1c-28b3-4c88-ad03-c338bafd2948,Elektronikk,Prosjektingeniør - Kommunikasjons- og informasjonssystemer,"Prosjektingeniør, Prosjektingeniør, Andre sivilingeniører( unntatt elektroteknologi)",OSLO,http://data.europa.eu/esco/skill/95c35c3a-035f-47c2-90cf-7e934d20fc08,elektronikk,exact,,1.0,
09b07591-9ae5-430a-a9ce-bd0e481181e7,Elektronikk,Prosjektingeniør,"Prosjektingeniør, Prosjektingeniør, Andre sivilingeniører( unntatt elektroteknologi)",KRISTIANSUND N,http://data.europa.eu/esco/skill/95c35c3a-035f-47c2-90cf-7e934d20fc08,elektronikk,exact,,1.0,
9163b462-ead9-4154-96ba-244f7f6f19dd,Business Intelligence,Global Finance Controller,"Regnskapscontroller, Regnskapscontroller, Revisorer og regnskapsrådgivere, Revisorer, regnskapsrådgivere, Finance Controller",KONGSBERG,http://data.europa.eu/esco/skill/143769cb-b61e-47d8-a61e-eedfbec1016c,business intelligence,exact,,1.0,
e10cc28d-29ff-419a-8f5b-6b6a897e9679,antihvitvasking,Vil du jobbe med KYC og antihvitvasking i BDO?,"Forsikringsagenter, Risikoanalytiker, Organisasjonsrådgivere mv.",TRONDHEIM,http://data.europa.eu/esco/skill/41f2f9bf-1440-49f7-bbb1-2c3c3ea93f76,analysere brukstilfeller for blokkjede,digital_consensus,0.4291705787181854,0.8468599915504456,0.07028180360794067
1db5e5f4-14b6-4467-b9fa-3920d2ef9808,IT,Application Manager,"Systemanalytikere/-arkitekter, Application Administrator, IKT-systemadministrator",STAVANGER,http://data.europa.eu/esco/skill/ddc3119d-1d6e-4324-9125-a3380d299ac5,IT,exact,,1.0,
1db5e5f4-14b6-4467-b9fa-3920d2ef9808,SAP,Application Manager,"Systemanalytikere/-arkitekter, Application Administrator, IKT-systemadministrator",STAVANGER,http://data.europa.eu/esco/skill/f8e3425c-fe44-4ffb-bafe-0e20d91dadf4,SAP,exact,,1.0,
23e20bdb-04cf-45aa-83a9-3dc70033fd80,elektronikk,Lead Zaptec’s next phase of growth,"Chief Technology Officer, Chief Technology Officer, Ledere av industriproduksjon mv.",SANDNES,http://data.europa.eu/esco/skill/95c35c3a-035f-47c2-90cf-7e934d20fc08,elektronikk,exact,,1.0,
947c418d-5e47-40c2-b05b-049e54fb39ed,Elektronikk,Driftsmedarbeider,"Lagerarbeider, Lagerarbeider, Lagermedarbeidere og materialforvaltere",OSLO,http://data.europa.eu/esco/skill/95c35c3a-035f-47c2-90cf-7e934d20fc08,elektronikk,exact,,1.0,
816e362e-4c4d-4c1a-9fd4-2f3b1049a0e1,AI,Software-utvikling er i endring. Vi er nysgjerrige på hva det betyr for hvordan vi leder team og bygger produkt.,"Sivilingeniører (maskin- og marin-teknikk);, Product Engineer, Bridge Systems, Programvareutviklere, Senior Backendutvikler, Forsknings- og utviklingsledere, Product Development Manager, produktutviklingssjef",OSLO,http://data.europa.eu/esco/skill/e465a154-93f7-4973-9ce1-31659fe16dd2,prinsipper for kunstig intelligens,digital_consensus,0.5584366917610168,0.99960857629776,0.001320481300354004
816e362e-4c4d-4c1a-9fd4-2f3b1049a0e1,Arkitektur,Software-utvikling er i endring. Vi er nysgjerrige på hva det betyr for hvordan vi leder team og bygger produkt.,"Sivilingeniører (maskin- og marin-teknikk);, Product Engineer, Bridge Systems, Programvareutviklere, Senior Backendutvikler, Forsknings- og utviklingsledere, Product Development Manager, produktutviklingssjef",OSLO,http://data.europa.eu/esco/skill/c453cf81-6197-428e-84c6-70c773b63f27,Arkitektoniske IKT-rammeverk,digital_consensus,0.5593475699424744,0.9923986792564392,0.11609482765197754
816e362e-4c4d-4c1a-9fd4-2f3b1049a0e1,Produktutvikling,Software-utvikling er i endring. Vi er nysgjerrige på hva det betyr for hvordan vi leder team og bygger produkt.,"Sivilingeniører (maskin- og marin-teknikk);, Product Engineer, Bridge Systems, Programvareutviklere, Senior Backendutvikler, Forsknings- og utviklingsledere, Product Development Manager, produktutviklingssjef",OSLO,http://data.europa.eu/esco/skill/4f6b656a-54d0-48ce-9b55-ebcac5904a14,håndtere geospatiale teknologier,digital_consensus,0.6504983901977539,0.9169093370437622,0.013612568378448486
816e362e-4c4d-4c1a-9fd4-2f3b1049a0e1,Programvareutvikling,Software-utvikling er i endring. Vi er nysgjerrige på hva det betyr for hvordan vi leder team og bygger produkt.,"Sivilingeniører (maskin- og marin-teknikk);, Product Engineer, Bridge Systems, Programvareutviklere, Senior Backendutvikler, Forsknings- og utviklingsledere, Product Development Manager, produktutviklingssjef",OSLO,http://data.europa.eu/esco/skill/21d2f96d-35f7-4e3f-9745-c533d2dd6e97,dataprogrammering,digital_consensus,0.5329556465148926,0.9873233437538147,0.12117928266525269
8d9bd3df-a6aa-4745-bb3e-03350fe498f2,.NET,Bli med å bygge de beste løsningene for våre bedriftskunder,"Systemutvikler, Systemutvikler, Systemanalytikere/-arkitekter",BERGEN,http://data.europa.eu/esco/skill/13bdd41a-2a18-441f-96db-41252c519413,.NET,exact,,1.0,
8d9bd3df-a6aa-4745-bb3e-03350fe498f2,C#,Bli med å bygge de beste løsningene for våre bedriftskunder,"Systemutvikler, Systemutvikler, Systemanalytikere/-arkitekter",BERGEN,http://data.europa.eu/esco/skill/4c016b68-4116-468c-9dc6-42710c239e4a,C#,exact,,1.0,
8d9bd3df-a6aa-4745-bb3e-03350fe498f2,IT,Bli med å bygge de beste løsningene for våre bedriftskunder,"Systemutvikler, Systemutvikler, Systemanalytikere/-arkitekter",BERGEN,http://data.europa.eu/esco/skill/ddc3119d-1d6e-4324-9125-a3380d299ac5,IT,exact,,1.0,
8d9bd3df-a6aa-4745-bb3e-03350fe498f2,Systemutvikler,Bli med å bygge de beste løsningene for våre bedriftskunder,"Systemutvikler, Systemutvikler, Systemanalytikere/-arkitekter",BERGEN,http://data.europa.eu/esco/skill/21d2f96d-35f7-4e3f-9745-c533d2dd6e97,dataprogrammering,digital_consensus,0.6546458005905151,0.9988632202148438,0.002029597759246826
90b2acbc-53a3-43c0-b3fb-1a50adcd6a98,Algoritmeutvikling,Senior Software Engineer - Signal Processing,"Senior Software Ingeniør, Senior Software Ingeniør, Programvareutviklere",BERGEN,http://data.europa.eu/esco/skill/21d2f96d-35f7-4e3f-9745-c533d2dd6e97,dataprogrammering,digital_consensus,0.595890462398529,0.8244086503982544,0.8181548155844212
90b2acbc-53a3-43c0-b3fb-1a50adcd6a98,Industriell programvare,Senior Software Engineer - Signal Processing,"Senior Software Ingeniør, Senior Software Ingeniør, Programvareutviklere",BERGEN,http://data.europa.eu/esco/skill/41ec47dd-08b3-464a-9c45-c706f3e74467,industriell programvare,exact,,1.0,
90b2acbc-53a3-43c0-b3fb-1a50adcd6a98,Programmering,Senior Software Engineer - Signal Processing,"Senior Software Ingeniør, Senior Software Ingeniør, Programvareutviklere",BERGEN,http://data.europa.eu/esco/skill/21d2f96d-35f7-4e3f-9745-c533d2dd6e97,dataprogrammering,digital_consensus,0.714440643787384,0.9188328981399536,0.2761046886444092
90b2acbc-53a3-43c0-b3fb-1a50adcd6a98,Senior softwareutvikler,Senior Software Engineer - Signal Processing,"Senior Software Ingeniør, Senior Software Ingeniør, Programvareutviklere",BERGEN,http://data.europa.eu/esco/skill/21d2f96d-35f7-4e3f-9745-c533d2dd6e97,dataprogrammering,digital_consensus,0.5265846848487854,0.9905807375907898,0.05800163745880127
90b2acbc-53a3-43c0-b3fb-1a50adcd6a98,Signalbehandling,Senior Software Engineer - Signal Processing,"Senior Software Ingeniør, Senior Software Ingeniør, Programvareutviklere",BERGEN,http://data.europa.eu/esco/skill/cfa2be0d-96d5-4017-a866-962efb9c5070,signalbehandling,exact,,1.0,
90b2acbc-53a3-43c0-b3fb-1a50adcd6a98,Systemutvikling,Senior Software Engineer - Signal Processing,"Senior Software Ingeniør, Senior Software Ingeniør, Programvareutviklere",BERGEN,http://data.europa.eu/esco/skill/21d2f96d-35f7-4e3f-9745-c533d2dd6e97,dataprogrammering,digital_consensus,0.6049041152000427,0.9194501638412476,0.19810181856155396
c61757f5-42fb-4830-af56-d4fa9554b708,Dataanalyse,Vil du drive digital utvikling hos Wonderland?,"Digital prosjektleder, Digital prosjektleder, Andre administrative ledere",ÅNDALSNES,http://data.europa.eu/esco/skill/97bd1c21-66b2-4b7e-ad0f-e3cda590e378,dataanalyse,exact,,1.0,
c61757f5-42fb-4830-af56-d4fa9554b708,Digitalisering,Vil du drive digital utvikling hos Wonderland?,"Digital prosjektleder, Digital prosjektleder, Andre administrative ledere",ÅNDALSNES,http://data.europa.eu/esco/skill/aa0d8201-5a8e-417f-81f4-c04601139582,digitalisering,exact,,1.0,
c61757f5-42fb-4830-af56-d4fa9554b708,ERP,Vil du drive digital utvikling hos Wonderland?,"Digital prosjektleder, Digital prosjektleder, Andre administrative ledere",ÅNDALSNES,http://data.europa.eu/esco/skill/09f4c52b-ac72-4f0e-a8ae-78bb1d7bffba,transportprogramvare relatert til et ERP-system,digital_consensus,0.5528852343559265,0.9972111582756042,0.9701170120388269
06302e27-ef76-4c29-ae59-c5afa17baec8,Produktutvikling,"Ønsker du å utvikle nye produkter og løsninger som brukes i krevende, operative miljøer?","Konstruktør, Tekniske tegnere, Maskiningeniører, Maskiningeniør, Andre ingeniører, Tekniker, Arbeidsleder",GJØVIK,http://data.europa.eu/esco/skill/4f6b656a-54d0-48ce-9b55-ebcac5904a14,håndtere geospatiale teknologier,digital_consensus,0.6504983901977539,0.9169093370437622,0.013612568378448486
d0d6dd33-4172-4053-98e6-b581a5f593b6,Produktutvikling,Bakerisjef søkes til populært bakeri i Trondheim,"Bakeriansvarlig, Bakeriansvarlig, Bakere, konditorer mv.",TRONDHEIM,http://data.europa.eu/esco/skill/4f6b656a-54d0-48ce-9b55-ebcac5904a14,håndtere geospatiale teknologier,digital_consensus,0.6504983901977539,0.9169093370437622,0.013612568378448486
c4fdbcbb-8ab4-4982-a824-26d4a407671e,BIM,Rådgiver / Seniorrådgiver innen Kraftlinjeprosjektering,"Sivilingeniører (elkraftteknikk);, Prosjektleder elektroteknikk, ingeniør, elektro",SANDVIKA,http://data.europa.eu/esco/skill/fae7e545-5114-43cc-8e83-178e2549ecb9,bim,exact,,1.0,
de695dcf-8d29-47fe-8e64-0c249318667f,Automatiker,Bli en del av et sterkt elektro- og automasjonsmiljø i Porsgrunn,"Automatiker, Automatiker, Automatikere",PORSGRUNN,http://data.europa.eu/esco/skill/7a950986-27fe-4b6c-adf3-88f211e77019,robotkomponenter,digital_consensus,0.6843463182449341,0.9831464886665344,0.0006955862045288086
2234572d-587d-4539-98e0-e4f213167953,Digitalisering,Leder Etterlevelse og Systemstøtte i TINE Innkjøp,"Innkjøpssjef, Ledere av logistikk og transport mv., Andre administrative ledere, Prosjektleder ettermarked, prosjektleder",OSLO,http://data.europa.eu/esco/skill/aa0d8201-5a8e-417f-81f4-c04601139582,digitalisering,exact,,1.0,
2234572d-587d-4539-98e0-e4f213167953,IT,Leder Etterlevelse og Systemstøtte i TINE Innkjøp,"Innkjøpssjef, Ledere av logistikk og transport mv., Andre administrative ledere, Prosjektleder ettermarked, prosjektleder",OSLO,http://data.europa.eu/esco/skill/ddc3119d-1d6e-4324-9125-a3380d299ac5,IT,exact,,1.0,
091fa071-c6c8-465c-85b5-c17228dc3806,Automatiker,Elektriker med sans for variasjon? Vi har jobben for deg!,"Elektriker, Elektrikere, Automatikere, Automatiker, automasjonsingeniør",PORSGRUNN,http://data.europa.eu/esco/skill/7a950986-27fe-4b6c-adf3-88f211e77019,robotkomponenter,digital_consensus,0.6843463182449341,0.9831464886665344,0.0006955862045288086
ff7a14f3-38e0-4df1-8cbc-72ce730811fc,Elektronikk,Testingeniør,"Testingeniør, Testingeniør, Andre sivilingeniører( unntatt elektroteknologi)",HØVIK,http://data.europa.eu/esco/skill/95c35c3a-035f-47c2-90cf-7e934d20fc08,elektronikk,exact,,1.0,
ff7a14f3-38e0-4df1-8cbc-72ce730811fc,Kybernetikk,Testingeniør,"Testingeniør, Testingeniør, Andre sivilingeniører( unntatt elektroteknologi)",HØVIK,http://data.europa.eu/esco/skill/fc5818b4-66f9-498b-a1bc-ff651db2af68,kybernetikk,exact,,1.0,
f3b6dbff-d664-413a-a6f0-63b5cdaf5c2c,Digital tjenesteutvikling,Vi søker en strategisk og utviklingsorientert leder for å videreutvikle digitale løsninger,"Systemanalytikere/-arkitekter, Utvikler av intelligente IKT-systemer, Ledere av IKT-enheter, Avdelingsleder IT, Andre administrative ledere, Digital prosjektleder, prosjektleder",PORSGRUNN,http://data.europa.eu/esco/skill/83218cac-3599-417e-93d2-26013cdccd98,tjenesteorientert modellering,digital_consensus,0.6161724925041199,0.9359889626502991,0.0833812952041626
79bd7fa0-8477-4a79-b1f6-36909cf84dca,Digitalisering,Vil du lede etableringen av tjenesteintegrasjon i Cyberforsvaret?,"Andre administrative ledere, Seksjonssjef militæret",FÅBERG,http://data.europa.eu/esco/skill/aa0d8201-5a8e-417f-81f4-c04601139582,digitalisering,exact,,1.0,
84240584-06c2-49e7-a039-6f0b24fd9fcc,Produktdesigner,Shape the future of debt collection,"UX-Designer, UX-Designer, Grafiske og multimediadesignere",BERGEN,http://data.europa.eu/esco/skill/21d2f96d-35f7-4e3f-9745-c533d2dd6e97,dataprogrammering,digital_consensus,0.5694214701652527,0.9918071627616882,0.009341418743133545
84240584-06c2-49e7-a039-6f0b24fd9fcc,SaaS,Shape the future of debt collection,"UX-Designer, UX-Designer, Grafiske og multimediadesignere",BERGEN,http://data.europa.eu/esco/skill/83218cac-3599-417e-93d2-26013cdccd98,SaaS,exact,,1.0,
d03a0c3a-9f01-471d-bcdf-f90d8fc18735,Programfag,57% vikariat i kinesisk programfag (nivå I og II).,"Lektorer mv. (videregående skole);, Pedagog (videregående skole), lærer i videregående skole",SANDNES,http://data.europa.eu/esco/skill/21d2f96d-35f7-4e3f-9745-c533d2dd6e97,dataprogrammering,digital_consensus,0.4712120592594147,0.9775290489196777,0.01422053575515747
5c6e33b5-dfbd-4d44-9eae-db097b82f8d1,Java,Software Konsulent -- Energy Components i Trondheim,"HR Software konsulent, HR Software konsulent, Programvareutviklere",TRONDHEIM,http://data.europa.eu/esco/skill/19a8293b-8e95-4de3-983f-77484079c389,Java,exact,,1.0,
5c6e33b5-dfbd-4d44-9eae-db097b82f8d1,Kundesupport,Software Konsulent -- Energy Components i Trondheim,"HR Software konsulent, HR Software konsulent, Programvareutviklere",TRONDHEIM,http://data.europa.eu/esco/skill/db36f7f1-5900-45bd-9ffb-f2b19c4362ac,støtte IKT-systembrukere,digital_consensus,0.5482102036476135,0.9978213310241699,0.016304969787597656
acc50131-7d38-46ed-b06d-43ccd727fe1f,ERP,Vil du være med å sikre at nye produkter går sømløst fra utvikling til produksjon?,"Produktspesialist salg, Produktspesialist salg, Selgere (engros)",TRONDHEIM,http://data.europa.eu/esco/skill/09f4c52b-ac72-4f0e-a8ae-78bb1d7bffba,transportprogramvare relatert til et ERP-system,digital_consensus,0.5528852343559265,0.9972111582756042,0.9701170120388269
461baf14-4128-4c42-981e-f0c0a6e27d22,Produktutvikling,Vil du være med å utvikle neste generasjon ladeløsninger for tungtransport?,"Produktutviklingsleder, Produktutviklingsleder, Forsknings- og utviklingsledere",TRONDHEIM,http://data.europa.eu/esco/skill/4f6b656a-54d0-48ce-9b55-ebcac5904a14,håndtere geospatiale teknologier,digital_consensus,0.6504983901977539,0.9169093370437622,0.013612568378448486
46bdd6ac-b00a-4855-9922-e7ad750f0d10,IT,Senior Konsulent / Senior Rådgiver -- Energy Components,"Systemanalytikere/-arkitekter, Seniorrådgiver (IT), IKT-konsulent",TRONDHEIM,http://data.europa.eu/esco/skill/ddc3119d-1d6e-4324-9125-a3380d299ac5,IT,exact,,1.0,
46bdd6ac-b00a-4855-9922-e7ad750f0d10,Java,Senior Konsulent / Senior Rådgiver -- Energy Components,"Systemanalytikere/-arkitekter, Seniorrådgiver (IT), IKT-konsulent",TRONDHEIM,http://data.europa.eu/esco/skill/19a8293b-8e95-4de3-983f-77484079c389,Java,exact,,1.0,
7b6fdf6e-b1e5-44f2-b90e-a21cafc3761c,ERP,Økonomiansvarlig søkes til Cala Jade,"Revisorer, regnskapsrådgivere, Økonomiansvarlig, controller",OSLO,http://data.europa.eu/esco/skill/09f4c52b-ac72-4f0e-a8ae-78bb1d7bffba,transportprogramvare relatert til et ERP-system,digital_consensus,0.5528852343559265,0.9972111582756042,0.9701170120388269
cf201dc9-0f25-4e15-8d36-5493af6122d5,Elektronikk,Elkjøp Nittedal søker Superselger,"Selger, Selger, Butikkmedarbeidere",NITTEDAL,http://data.europa.eu/esco/skill/95c35c3a-035f-47c2-90cf-7e934d20fc08,elektronikk,exact,,1.0,
5de5c6c4-d93d-4a38-853c-a08ba8d88fcc,Elektronikk,Elkjøp Fana søker Selger (deltid 20-30%),"Sales Advisor, Andre salgsmedarbeidere",RÅDAL,http://data.europa.eu/esco/skill/95c35c3a-035f-47c2-90cf-7e934d20fc08,elektronikk,exact,,1.0,
343f0c39-98f4-4d16-93a5-30494e4f7ca2,Produktutvikling,Vil du lede prosjekter som former fremtidens forsvarsteknologi?,"Andre administrative ledere, Prosjektleder, Prosjektleder",RAUFOSS,http://data.europa.eu/esco/skill/4f6b656a-54d0-48ce-9b55-ebcac5904a14,håndtere geospatiale teknologier,digital_consensus,0.6504983901977539,0.9169093370437622,0.013612568378448486
783a31bd-8d70-4750-abe4-d140e3b2cf91,IT,Utvikler,"Systemanalytikere/-arkitekter, IKT-systemutvikler, Systemutvikler",OSLO,http://data.europa.eu/esco/skill/ddc3119d-1d6e-4324-9125-a3380d299ac5,IT,exact,,1.0,
783a31bd-8d70-4750-abe4-d140e3b2cf91,Java,Utvikler,"Systemanalytikere/-arkitekter, IKT-systemutvikler, Systemutvikler",OSLO,http://data.europa.eu/esco/skill/19a8293b-8e95-4de3-983f-77484079c389,Java,exact,,1.0,
783a31bd-8d70-4750-abe4-d140e3b2cf91,PostgreSQL,Utvikler,"Systemanalytikere/-arkitekter, IKT-systemutvikler, Systemutvikler",OSLO,http://data.europa.eu/esco/skill/a8d07b5a-c1a1-42c6-9d53-db9c7a2ca996,PostgreSQL,exact,,1.0,
783a31bd-8d70-4750-abe4-d140e3b2cf91,Programmerer,Utvikler,"Systemanalytikere/-arkitekter, IKT-systemutvikler, Systemutvikler",OSLO,http://data.europa.eu/esco/skill/21d2f96d-35f7-4e3f-9745-c533d2dd6e97,dataprogrammering,digital_consensus,0.6060227751731873,0.9829521775245667,0.035317838191986084
783a31bd-8d70-4750-abe4-d140e3b2cf91,Softwareutvikling,Utvikler,"Systemanalytikere/-arkitekter, IKT-systemutvikler, Systemutvikler",OSLO,http://data.europa.eu/esco/skill/21d2f96d-35f7-4e3f-9745-c533d2dd6e97,dataprogrammering,digital_consensus,0.6154131889343262,0.9983090162277222,0.020649254322052002
2ffb21d1-fde4-49b8-8529-345e74bb9f14,Programmering,Johnson Controls søker Automasjonsingeniør!,"Elektronikkingeniører, Automatiseringselektronikkingeniør, Automatiseringselektronikkingeniør, Automasjonsingeniør",VØYENENGA,http://data.europa.eu/esco/skill/21d2f96d-35f7-4e3f-9745-c533d2dd6e97,dataprogrammering,digital_consensus,0.714440643787384,0.9188328981399536,0.2761046886444092
3bd12f77-b8d3-4ca0-bfa7-6b26d871455f,Elektronikk,Bli med på å utvikle teknologi som må fungere når det virkelig gjelder!,"Elektronikkingeniører, Utviklingsingeniør elektronikk og telekommunikasjon, Utviklingsingeniør elektronikk og telekommunikasjon",TAU,http://data.europa.eu/esco/skill/95c35c3a-035f-47c2-90cf-7e934d20fc08,elektronikk,exact,,1.0,
3bd12f77-b8d3-4ca0-bfa7-6b26d871455f,PCB-design,Bli med på å utvikle teknologi som må fungere når det virkelig gjelder!,"Elektronikkingeniører, Utviklingsingeniør elektronikk og telekommunikasjon, Utviklingsingeniør elektronikk og telekommunikasjon",TAU,http://data.europa.eu/esco/skill/6a2bc03b-e30d-429b-9549-5784cb92ae2f,kretskort,digital_consensus,0.5949772596359253,0.9811257123947144,0.008033335208892822
3bd12f77-b8d3-4ca0-bfa7-6b26d871455f,Produktutvikling,Bli med på å utvikle teknologi som må fungere når det virkelig gjelder!,"Elektronikkingeniører, Utviklingsingeniør elektronikk og telekommunikasjon, Utviklingsingeniør elektronikk og telekommunikasjon",TAU,http://data.europa.eu/esco/skill/4f6b656a-54d0-48ce-9b55-ebcac5904a14,håndtere geospatiale teknologier,digital_consensus,0.6504983901977539,0.9169093370437622,0.013612568378448486
c299cabd-d04d-4cf1-9014-ed836cce76a0,Automatiker,Er du vår nye industrimekaniker/automatiker?,"Automatikere, Anleggsmaskin- og industrimekanikere, industrimekaniker, Automatiker, Industrimekaniker",TAU,http://data.europa.eu/esco/skill/7a950986-27fe-4b6c-adf3-88f211e77019,robotkomponenter,digital_consensus,0.6843463182449341,0.9831464886665344,0.0006955862045288086
704fa46f-6d1c-4666-a56c-3b298e76d65a,SAP,Bli vår nye Business controller,"Finans- og investeringsrådgivere, Business Controller, Business Controller",STATHELLE,http://data.europa.eu/esco/skill/f8e3425c-fe44-4ffb-bafe-0e20d91dadf4,SAP,exact,,1.0,
c77f81e0-51ec-4641-a6e0-7e272b0b9a7e,Innholdsforvaltning,Vil du være med å løfte Sortere til å bli enda bedre og hjelpe folk og bedrifter til å kildesortere mer og kaste mindre?,"Systemanalytikere/-arkitekter, Digital rådgiver, Digital rådgiver",OSLO,http://data.europa.eu/esco/skill/b769f524-0f25-44d7-8538-5c46710a040e,administrere digitale dokumenter,digital_consensus,0.5224106907844543,0.8311733603477478,0.4969004988670349
9675996c-274d-4a0b-ad98-27ba9126c3fb,Digitalisering,Colosseum Tannlege søker senior regnskapskonsulent,"Regnskapsmedarbeidere, Senior regnskapskonsulent, Senior regnskapskonsulent",OSLO,http://data.europa.eu/esco/skill/aa0d8201-5a8e-417f-81f4-c04601139582,digitalisering,exact,,1.0,
223c7760-2969-4d94-ae04-ab4978101c9b,Produktutvikling,Vil du lede prosjekter og være pådriver for utvikling av øvingsammunisjon og plastkomponenter?,"Andre administrative ledere, Prosjektleder, Prosjektleder",AURSKOG,http://data.europa.eu/esco/skill/4f6b656a-54d0-48ce-9b55-ebcac5904a14,håndtere geospatiale teknologier,digital_consensus,0.6504983901977539,0.9169093370437622,0.013612568378448486
ce3725b0-1dbb-4724-b27d-88189bcf3978,UX-designer,Vi ser etter erfarne folk som vil skape verdi med teknologi,"Grafiske- og multimediadesignere, Finansanalytikere, Andre administrative ledere, Systemanalytikere/-arkitekter, virksomhetsarkitekt, UX-Designer, Strategirådgiver, Prosjektleder, Virksomhetsarkitekt",TRONDHEIM,http://data.europa.eu/esco/skill/1019423b-3368-4f83-b24f-19e5fa23e816,designmønstre for brukergrensesnitt for programvare,digital_consensus,0.5588029623031616,0.9994383454322815,0.0010673999786376953
e6d23323-f5fd-44e6-8d7e-9ad119a47cc7,Museumsarbeid,Kode søker kurator/seniorkurator kunsthåndverk og design,"Arkivarer og kuratorer, samlingsansvarlig, kunst, Kurator (kunst)",BERGEN,http://data.europa.eu/esco/skill/c1b4aa1e-bc42-49e4-952a-0cbd45f1d57b,museumsdatabaser,digital_consensus,0.616089940071106,0.999382495880127,0.8738542348146439
c5e491f2-f593-4e0c-9f8c-458916c85e6a,Softwareutvikler,Bli med på å utvikle programvare for robuste kommunikasjonsløsninger,"Programvareutviklere, programvareutvikler, Software Developer",TAU,http://data.europa.eu/esco/skill/21d2f96d-35f7-4e3f-9745-c533d2dd6e97,dataprogrammering,digital_consensus,0.6015230417251587,0.9991874098777771,0.0031703710556030273
7faefff6-2b03-4694-b222-a4c95864b4ef,Arkitektur,Løsningsarkitekt og rådgiver - Retail,"Systemanalytikere/-arkitekter, IT-konsulent, IT-konsulent",OSLO,http://data.europa.eu/esco/skill/c453cf81-6197-428e-84c6-70c773b63f27,Arkitektoniske IKT-rammeverk,digital_consensus,0.5593475699424744,0.9923986792564392,0.11609482765197754
7faefff6-2b03-4694-b222-a4c95864b4ef,E-handel,Løsningsarkitekt og rådgiver - Retail,"Systemanalytikere/-arkitekter, IT-konsulent, IT-konsulent",OSLO,http://data.europa.eu/esco/skill/b1272de4-1f5f-408b-8b26-061f2550fc72,e-handelssystemer,digital_consensus,0.6153236627578735,0.9999244213104248,0.002346336841583252
4b6192af-880b-446d-992d-feefbcde7ea3,Telekommunikasjonsmontør,"Variasjon, utvikling og moderne teknologi – vi søker telekommunikasjonsmontør!","Telekommunikasjonsmontør, Telekommunikasjonsmontør, Tele- og IKT-installatører",Missing location,http://data.europa.eu/esco/skill/14764a75-3104-4875-ba1d-57c059b9b013,telekommunikasjonsteknikk,digital_consensus,0.5404092669487,0.9998538494110107,0.001627504825592041
db9728c6-709c-4a41-aa72-d49d76ba02e8,Automatiker,Bli Automatiker i et sterkt fagmiljø - varierte oppgaver og store utviklingsmuligheter!,"Automatiker, Automatiker, Automatikere",Missing location,http://data.europa.eu/esco/skill/7a950986-27fe-4b6c-adf3-88f211e77019,robotkomponenter,digital_consensus,0.6843463182449341,0.9831464886665344,0.0006955862045288086
27be3920-5ed8-4c57-ac77-181d53207504,Callsenter,Er du Telenors nye toppselger mot bedriftsmarkedet?,"Telefon- og nettselgere, Selgere (engros);, salgsrepresentant, Bedriftsselger, Selger B2B",OSLO,http://data.europa.eu/esco/skill/e13b734a-218c-434a-a7cc-febac6d24ef3,kundesupportteknologi,digital_consensus,0.5055320858955383,0.974358856678009,0.7325244694948196
7988fb32-e1bb-44dc-9f37-4f6ff0c57004,SAP,Vil du jobbe med regnskap og analyse i et av verdens ledende teknologimiljøer innen fiberopptikk og subsea-løsninger?,"Finansrådgiver, Finansrådgiver, Finans- og investeringsrådgivere",TILLER,http://data.europa.eu/esco/skill/f8e3425c-fe44-4ffb-bafe-0e20d91dadf4,SAP,exact,,1.0,
bbb57910-83fe-4270-ad81-543f46f9a193,SAP,Innkjøper – 1 års vikariat i internasjonalt industrikonsern,"Innkjøper, Innkjøper, Innkjøpere",PORSGRUNN,http://data.europa.eu/esco/skill/f8e3425c-fe44-4ffb-bafe-0e20d91dadf4,SAP,exact,,1.0,
d0c9ff09-7edc-4de8-a984-65cddfed8f62,Boremaskin,Experienced CNC Boring Mill Operator Wanted – TOS WHQ 13,"CNC-operatør, dreiemaskin, CNC-operatør, dreiemaskin, Metalldreiere mv.",VESTBY,http://data.europa.eu/esco/skill/4cb58ef4-67a9-4bea-a743-2c83ebd60e79,håndtere CNC-fresemaskin,digital_consensus,0.528552234172821,0.974949061870575,0.07667297124862671
d0c9ff09-7edc-4de8-a984-65cddfed8f62,CNC-maskin,Experienced CNC Boring Mill Operator Wanted – TOS WHQ 13,"CNC-operatør, dreiemaskin, CNC-operatør, dreiemaskin, Metalldreiere mv.",VESTBY,http://data.europa.eu/esco/skill/4cb58ef4-67a9-4bea-a743-2c83ebd60e79,håndtere CNC-fresemaskin,digital_consensus,0.6014309525489807,0.9996335506439209,0.009933710098266602
d0c9ff09-7edc-4de8-a984-65cddfed8f62,CNC-operatør,Experienced CNC Boring Mill Operator Wanted – TOS WHQ 13,"CNC-operatør, dreiemaskin, CNC-operatør, dreiemaskin, Metalldreiere mv.",VESTBY,http://data.europa.eu/esco/skill/6f728d63-5c45-40b3-8bfd-e17c5dba28ad,håndtere CNC-slipemaskin,digital_consensus,0.5746462941169739,0.9999723434448242,6.99758529663086e-05
d0c9ff09-7edc-4de8-a984-65cddfed8f62,Tekniske tegninger,Experienced CNC Boring Mill Operator Wanted – TOS WHQ 13,"CNC-operatør, dreiemaskin, CNC-operatør, dreiemaskin, Metalldreiere mv.",VESTBY,http://data.europa.eu/esco/skill/59ea80e1-463a-4dba-82c6-d0b6d577d532,tekniske tegninger,exact,,1.0,
060a311d-cf6f-4698-8c2e-5713822401b3,Serviceelektroniker,Er du elektroniker og har lyst å jobbe i Forsvaret?,"Serviceelektronikere, Elektroniker (dataelektroniker), Serviceelektronikere",LODDEFJORD,http://data.europa.eu/esco/skill/1ebc1454-b6cb-4e45-a96a-17399961ad39,administrere tekniske sikkerhetssystemer,digital_consensus,0.530051052570343,0.9971248507499695,0.013280391693115234
1199766e-d583-4b8a-aa6d-b75dcf7cc4bb,.NET,Seniorrådgiver - digital gravferdsmelding - justis- og vergemålsavdelingen,"Programvareutviklere, Senior CMS Fullstack Developer, webutvikler, Full-stack-utvikler, Full-stack-utvikler",TØNSBERG,http://data.europa.eu/esco/skill/13bdd41a-2a18-441f-96db-41252c519413,.NET,exact,,1.0,
1199766e-d583-4b8a-aa6d-b75dcf7cc4bb,Arkitektur,Seniorrådgiver - digital gravferdsmelding - justis- og vergemålsavdelingen,"Programvareutviklere, Senior CMS Fullstack Developer, webutvikler, Full-stack-utvikler, Full-stack-utvikler",TØNSBERG,http://data.europa.eu/esco/skill/c453cf81-6197-428e-84c6-70c773b63f27,Arkitektoniske IKT-rammeverk,digital_consensus,0.5593475699424744,0.9923986792564392,0.11609482765197754
1199766e-d583-4b8a-aa6d-b75dcf7cc4bb,C#,Seniorrådgiver - digital gravferdsmelding - justis- og vergemålsavdelingen,"Programvareutviklere, Senior CMS Fullstack Developer, webutvikler, Full-stack-utvikler, Full-stack-utvikler",TØNSBERG,http://data.europa.eu/esco/skill/4c016b68-4116-468c-9dc6-42710c239e4a,C#,exact,,1.0,
1199766e-d583-4b8a-aa6d-b75dcf7cc4bb,Systemutvikling,Seniorrådgiver - digital gravferdsmelding - justis- og vergemålsavdelingen,"Programvareutviklere, Senior CMS Fullstack Developer, webutvikler, Full-stack-utvikler, Full-stack-utvikler",TØNSBERG,http://data.europa.eu/esco/skill/21d2f96d-35f7-4e3f-9745-c533d2dd6e97,dataprogrammering,digital_consensus,0.6049041152000427,0.9194501638412476,0.19810181856155396
27f29317-5125-4506-9ba2-5df0511a6f63,Digitalisering,Seniorkonsulent/prosjektledelse,"Høyere saksbehandlere i offentlig og privat virksomhet, Seniorkonsulent øvrig offentlig administrasjon, Høyere saksbehandlere i offentlig og privat virksomhet",TRONDHEIM,http://data.europa.eu/esco/skill/aa0d8201-5a8e-417f-81f4-c04601139582,digitalisering,exact,,1.0,
295b6910-06a7-440d-9f62-50c02cc4518c,CNC-operatør,Fagarbeider maskinarbeider / CNC operatør,"Metalldreiere mv., Maskinarbeider, Verktøymaker, låsesmeder mv., CNC-operatør, operatør av CNC-maskin",LODDEFJORD,http://data.europa.eu/esco/skill/6f728d63-5c45-40b3-8bfd-e17c5dba28ad,håndtere CNC-slipemaskin,digital_consensus,0.5746462941169739,0.9999723434448242,6.99758529663086e-05
295b6910-06a7-440d-9f62-50c02cc4518c,Maskinarbeider,Fagarbeider maskinarbeider / CNC operatør,"Metalldreiere mv., Maskinarbeider, Verktøymaker, låsesmeder mv., CNC-operatør, operatør av CNC-maskin",LODDEFJORD,http://data.europa.eu/esco/skill/4cb58ef4-67a9-4bea-a743-2c83ebd60e79,håndtere CNC-fresemaskin,digital_consensus,0.5809299945831299,0.9508761167526245,0.026795268058776855
3356e790-8e18-4cf7-a851-46192edefde4,ERP,Vil du jobbe med innkjøp av materiell og tjenester til Marinen?,"Førstekonsulent innkjøp, Førstekonsulent innkjøp, Innkjøpere",LODDEFJORD,http://data.europa.eu/esco/skill/09f4c52b-ac72-4f0e-a8ae-78bb1d7bffba,transportprogramvare relatert til et ERP-system,digital_consensus,0.5528852343559265,0.9972111582756042,0.9701170120388269
39c4bedd-dfb4-435a-8a0e-1813fdd4b061,Digital tjenesteutvikling,Har du blikk for gode brukeropplevelser og samfunnsnyttige tjenester?,"Tjenestedesigner, Tjenestedesigner, Grafiske og multimediadesignere",OSLO,http://data.europa.eu/esco/skill/83218cac-3599-417e-93d2-26013cdccd98,tjenesteorientert modellering,digital_consensus,0.6161724925041199,0.9359889626502991,0.0833812952041626
39c4bedd-dfb4-435a-8a0e-1813fdd4b061,IT,Har du blikk for gode brukeropplevelser og samfunnsnyttige tjenester?,"Tjenestedesigner, Tjenestedesigner, Grafiske og multimediadesignere",OSLO,http://data.europa.eu/esco/skill/ddc3119d-1d6e-4324-9125-a3380d299ac5,IT,exact,,1.0,
46c974e1-72ef-4670-9135-10f60c42e769,SAP,Forsvaret søker deg som er en erfaren og motivert teknisk saksbehandler konfigurasjonsstyring for basesystemer!,"Høyere saksbehandlere i offentlig og privat virksomhet, Saksbehandler teknisk, naturvitenskapelig utredning, off.adm, Rådgivere/forskere, samfunnsøkonomi, Økonom, økonom",LILLEHAMMER,http://data.europa.eu/esco/skill/f8e3425c-fe44-4ffb-bafe-0e20d91dadf4,SAP,exact,,1.0,
48e700df-ecc1-4631-98fe-7140712e2ee0,Digitalisering,Konsulent,"Høyere saksbehandlere i offentlig og privat virksomhet, Konsulent (juridisk utredning, offentlig administrasjon), Høyere saksbehandlere i offentlig og privat virksomhet",TRONDHEIM,http://data.europa.eu/esco/skill/aa0d8201-5a8e-417f-81f4-c04601139582,digitalisering,exact,,1.0,
4af7be77-e625-4574-9089-c0920e6af64d,Elektronikk,Er du vår nye elektromedisinske ingeniør?,"Elektronikkingeniører, ingeniør, elektro, Elektroingeniør",LILLEHAMMER,http://data.europa.eu/esco/skill/95c35c3a-035f-47c2-90cf-7e934d20fc08,elektronikk,exact,,1.0,
513b5aa9-ddb4-4f2e-bc92-58fa1dd934e9,Elektronikk,"Fagarbeider innen Chemical, Biological, Radiological and Nuclear (CBRN) utstyr i Forsvaret?","Serviceelektronikere, Dataelektroniker, Serviceelektronikere",LODDEFJORD,http://data.europa.eu/esco/skill/95c35c3a-035f-47c2-90cf-7e934d20fc08,elektronikk,exact,,1.0,
513b5aa9-ddb4-4f2e-bc92-58fa1dd934e9,Kalibrering,"Fagarbeider innen Chemical, Biological, Radiological and Nuclear (CBRN) utstyr i Forsvaret?","Serviceelektronikere, Dataelektroniker, Serviceelektronikere",LODDEFJORD,http://data.europa.eu/esco/skill/2973b3bc-5893-4b3d-8953-22ef677a162f,kutteteknologier,digital_consensus,0.5721607804298401,0.9198712110519409,0.024345755577087402
684248e0-1e8b-4fa0-bc3b-710e487b7771,GIS,Har du engasjement for å jobbe med naturforvaltning?,"Høyere saksbehandlere i offentlig og privat virksomhet, Rådgiver (offentlig administrasjon), Høyere saksbehandlere i offentlig og privat virksomhet",ARENDAL,http://data.europa.eu/esco/skill/377861af-f966-4c87-a2db-7e99904312b9,gis,exact,,1.0,
6b42db40-4095-4887-bf12-07173f7babc4,Informasjonsarkitektur,Digital redaktør,"Redaktør, Redaktør, Andre ledere av produksjon og tjenesteyting",HØNEFOSS,http://data.europa.eu/esco/skill/1bba98a7-92b9-450b-9235-e0c905f8f3c4,informasjonsarkitektur,exact,,1.0,
6b42db40-4095-4887-bf12-07173f7babc4,Innholdsforvaltning,Digital redaktør,"Redaktør, Redaktør, Andre ledere av produksjon og tjenesteyting",HØNEFOSS,http://data.europa.eu/esco/skill/b769f524-0f25-44d7-8538-5c46710a040e,administrere digitale dokumenter,digital_consensus,0.5224106907844543,0.8311733603477478,0.4969004988670349
6d549563-ec02-423d-b424-e627e1af928a,ERP,Planlegger - vedlikehold,"Maskiningeniører, Vedlikeholdsplanlegger, vedlikeholdsansvarlig, verkstedindustri",LAKSEVÅG,http://data.europa.eu/esco/skill/09f4c52b-ac72-4f0e-a8ae-78bb1d7bffba,transportprogramvare relatert til et ERP-system,digital_consensus,0.5528852343559265,0.9972111582756042,0.9701170120388269
6d549563-ec02-423d-b424-e627e1af928a,SAP,Planlegger - vedlikehold,"Maskiningeniører, Vedlikeholdsplanlegger, vedlikeholdsansvarlig, verkstedindustri",LAKSEVÅG,http://data.europa.eu/esco/skill/f8e3425c-fe44-4ffb-bafe-0e20d91dadf4,SAP,exact,,1.0,
6e956bf5-6380-4800-83f9-04ddf6543620,GIS,Geodatamedarbeidar,"Geo Data analyst, Landmålere, kartografer mv., Geologer og geofysikere, Geodataforvalter, GIS-spesialist",BERGEN,http://data.europa.eu/esco/skill/377861af-f966-4c87-a2db-7e99904312b9,gis,exact,,1.0,
6e956bf5-6380-4800-83f9-04ddf6543620,Geodata,Geodatamedarbeidar,"Geo Data analyst, Landmålere, kartografer mv., Geologer og geofysikere, Geodataforvalter, GIS-spesialist",BERGEN,http://data.europa.eu/esco/skill/377861af-f966-4c87-a2db-7e99904312b9,geografiske informasjonssystemer,digital_consensus,0.6458449959754944,0.9993603825569153,0.0004495978355407715
6e956bf5-6380-4800-83f9-04ddf6543620,Geografisk informasjon,Geodatamedarbeidar,"Geo Data analyst, Landmålere, kartografer mv., Geologer og geofysikere, Geodataforvalter, GIS-spesialist",BERGEN,http://data.europa.eu/esco/skill/377861af-f966-4c87-a2db-7e99904312b9,geografiske informasjonssystemer,digital_consensus,0.6646057963371277,0.9999499320983887,5.519390106201172e-05
7bc50349-21b2-4c2d-b51a-b0b6b1f8dc46,Dokumentforvaltning,Seksjonsleder - jurist,"Andre ledere av produksjon og tjenesteyting, Seksjonsleder, Jurister og advokater, Jurist, Juridiske yrker",BODØ,http://data.europa.eu/esco/skill/bec4359e-cb92-468f-a997-8fb28e32fba9,Metoder innen IKT-prosjektledelse,digital_consensus,0.5678485035896301,0.9981982111930847,0.00032395124435424805
7bc50349-21b2-4c2d-b51a-b0b6b1f8dc46,Informasjonssikkerhet,Seksjonsleder - jurist,"Andre ledere av produksjon og tjenesteyting, Seksjonsleder, Jurister og advokater, Jurist, Juridiske yrker",BODØ,http://data.europa.eu/esco/skill/8088750d-8388-4170-a76f-48354c469c44,informasjonssikkerhet,exact,,1.0,
9b0cb49c-4d9c-4cd4-a94c-b7933d9ef1db,Arkitektur,Systemkoordinator Taktisk datalinkseksjon,"Systemadministratorer, IKT-systemadministrator, Systemkoordinator",KOLSÅS,http://data.europa.eu/esco/skill/c453cf81-6197-428e-84c6-70c773b63f27,Arkitektoniske IKT-rammeverk,digital_consensus,0.5593475699424744,0.9923986792564392,0.11609482765197754
9b65f670-4129-4d91-8e9f-e2de0f6c4eb9,Maritime droner,Vil du lede utviklingen av fremtidens maritime dronekapasitet?,"Dronepilot, Flygere mv., Forsknings- og utviklingsledere, Utviklingsleder, forsknings- og utviklingssjef",BERGEN,http://data.europa.eu/esco/skill/63206320-8fb8-481d-b969-5ebdd33ac32e,taktekkingsdroner,digital_consensus,0.6265331506729126,0.9931402802467346,0.0009691119194030762
9b65f670-4129-4d91-8e9f-e2de0f6c4eb9,Robotikk,Vil du lede utviklingen av fremtidens maritime dronekapasitet?,"Dronepilot, Flygere mv., Forsknings- og utviklingsledere, Utviklingsleder, forsknings- og utviklingssjef",BERGEN,http://data.europa.eu/esco/skill/e87ec79a-c9ff-46f5-84fa-7a0f394cdf40,robotikk,exact,,1.0,
b38cfcde-26d5-4822-8b2e-c1da026c187b,Arkitektur,Løsningsarkitekt,"IKT Løsningsarkitekt, IKT Løsningsarkitekt, Programvareutviklere",OSLO,http://data.europa.eu/esco/skill/c453cf81-6197-428e-84c6-70c773b63f27,Arkitektoniske IKT-rammeverk,digital_consensus,0.5593475699424744,0.9923986792564392,0.11609482765197754
b38cfcde-26d5-4822-8b2e-c1da026c187b,DevOps,Løsningsarkitekt,"IKT Løsningsarkitekt, IKT Løsningsarkitekt, Programvareutviklere",OSLO,http://data.europa.eu/esco/skill/f0de4973-0a70-4644-8fd4-3a97080476f4,DevOps,exact,,1.0,
b38cfcde-26d5-4822-8b2e-c1da026c187b,Digitalisering,Løsningsarkitekt,"IKT Løsningsarkitekt, IKT Løsningsarkitekt, Programvareutviklere",OSLO,http://data.europa.eu/esco/skill/aa0d8201-5a8e-417f-81f4-c04601139582,digitalisering,exact,,1.0,
b38cfcde-26d5-4822-8b2e-c1da026c187b,IT-arkitekt,Løsningsarkitekt,"IKT Løsningsarkitekt, IKT Løsningsarkitekt, Programvareutviklere",OSLO,http://data.europa.eu/esco/skill/c453cf81-6197-428e-84c6-70c773b63f27,Arkitektoniske IKT-rammeverk,digital_consensus,0.6209890842437744,0.9999566078186035,0.00011587142944335938
b38cfcde-26d5-4822-8b2e-c1da026c187b,Systemarkitekt,Løsningsarkitekt,"IKT Løsningsarkitekt, IKT Løsningsarkitekt, Programvareutviklere",OSLO,http://data.europa.eu/esco/skill/21d2f96d-35f7-4e3f-9745-c533d2dd6e97,dataprogrammering,digital_consensus,0.5813876986503601,0.986229658126831,0.0011911988258361816
b6c8a890-b257-4e5d-b08e-bef3d8447b26,Basisinfrastruktur,Systemkoordinator Basisinfrastruktur,"Systemadministratorer, Systemkoordinator, IKT-systemadministrator",KOLSÅS,http://data.europa.eu/esco/skill/c453cf81-6197-428e-84c6-70c773b63f27,Arkitektoniske IKT-rammeverk,digital_consensus,0.5827555656433105,0.995311439037323,0.08471393585205078
d0a2b3bc-b02e-4892-8e44-06121e70da19,Hjelpemidler,Fysioterapeut - 100 % fast stilling,"Fysioterapeut, Fysioterapeut, Fysioterapeuter",RAKKESTAD,http://data.europa.eu/esco/skill/8759c352-8b00-498f-985a-935f13e1b043,hjelpemidler,exact,,1.0,
e1eacfa8-3de9-4e32-83b4-107a2980e1c4,Hendelseshåndtering,Vaktførstebetjent - oppdragsleder,"Vaktførstebetjent, Vaktførstebetjent, Vektere",OSLO,http://data.europa.eu/esco/skill/8181aa4c-42bc-4036-a3d2-5cb6bbb34239,håndtere cybersikkerhetshendelser,digital_consensus,0.670574963092804,0.9964136481285095,0.011377155780792236
eb08c86d-ad3c-43bc-8093-3109ba1a52d0,CAD,Universitetslektor i produktdesign og teknologi,"Universitetslektor i historie, Universitetslektor i historie, Universitets- og høyskolelektorer/-lærere",GJØVIK,http://data.europa.eu/esco/skill/9ba355be-f119-42b6-a7d6-52f6ce2e4a3f,utforme kretser ved hjelp av CAD,digital_consensus,0.6348830461502075,0.9999152421951294,0.8251167237758636
eb08c86d-ad3c-43bc-8093-3109ba1a52d0,Produktdesign,Universitetslektor i produktdesign og teknologi,"Universitetslektor i historie, Universitetslektor i historie, Universitets- og høyskolelektorer/-lærere",GJØVIK,http://data.europa.eu/esco/skill/e665d919-f28d-4ac4-adf0-8903ac66540e,utvikle designplaner,digital_consensus,0.5649316906929016,0.9622174501419067,0.00295257568359375
eb08c86d-ad3c-43bc-8093-3109ba1a52d0,Produktutvikling,Universitetslektor i produktdesign og teknologi,"Universitetslektor i historie, Universitetslektor i historie, Universitets- og høyskolelektorer/-lærere",GJØVIK,http://data.europa.eu/esco/skill/4f6b656a-54d0-48ce-9b55-ebcac5904a14,håndtere geospatiale teknologier,digital_consensus,0.6504983901977539,0.9169093370437622,0.013612568378448486
efab3660-d23c-44c3-ad1d-9ae5a039fdb7,Dataplattform,Utviklere - digitalisering og forsyningssikkerhet,"Digital prosjektleder, Andre administrative ledere, Applikasjonsprogrammerere, Applikasjonsutvikler, IKT-programutvikler",OSLO,http://data.europa.eu/esco/skill/3ec2e4d6-7000-4905-bf1a-c5b1679416de,datavarehus,digital_consensus,0.5975717306137085,0.9994984865188599,0.0007398128509521484
efab3660-d23c-44c3-ad1d-9ae5a039fdb7,Digitalisering,Utviklere - digitalisering og forsyningssikkerhet,"Digital prosjektleder, Andre administrative ledere, Applikasjonsprogrammerere, Applikasjonsutvikler, IKT-programutvikler",OSLO,http://data.europa.eu/esco/skill/aa0d8201-5a8e-417f-81f4-c04601139582,digitalisering,exact,,1.0,
efab3660-d23c-44c3-ad1d-9ae5a039fdb7,IT,Utviklere - digitalisering og forsyningssikkerhet,"Digital prosjektleder, Andre administrative ledere, Applikasjonsprogrammerere, Applikasjonsutvikler, IKT-programutvikler",OSLO,http://data.europa.eu/esco/skill/ddc3119d-1d6e-4324-9125-a3380d299ac5,IT,exact,,1.0,
efab3660-d23c-44c3-ad1d-9ae5a039fdb7,Programmerer,Utviklere - digitalisering og forsyningssikkerhet,"Digital prosjektleder, Andre administrative ledere, Applikasjonsprogrammerere, Applikasjonsutvikler, IKT-programutvikler",OSLO,http://data.europa.eu/esco/skill/21d2f96d-35f7-4e3f-9745-c533d2dd6e97,dataprogrammering,digital_consensus,0.6060227751731873,0.9829521775245667,0.035317838191986084
efab3660-d23c-44c3-ad1d-9ae5a039fdb7,Systemutvikler,Utviklere - digitalisering og forsyningssikkerhet,"Digital prosjektleder, Andre administrative ledere, Applikasjonsprogrammerere, Applikasjonsutvikler, IKT-programutvikler",OSLO,http://data.europa.eu/esco/skill/21d2f96d-35f7-4e3f-9745-c533d2dd6e97,dataprogrammering,digital_consensus,0.6546458005905151,0.9988632202148438,0.002029597759246826
f4bdf617-3f88-4499-aa38-5f5ac6e022d7,.NET,Seniorrådgiver - digital gravferdsmelding - justis- og vergemålsavdelingen,"Programvareutviklere, Senior Backendutvikler, webutvikler",TØNSBERG,http://data.europa.eu/esco/skill/13bdd41a-2a18-441f-96db-41252c519413,.NET,exact,,1.0,
f4bdf617-3f88-4499-aa38-5f5ac6e022d7,C#,Seniorrådgiver - digital gravferdsmelding - justis- og vergemålsavdelingen,"Programvareutviklere, Senior Backendutvikler, webutvikler",TØNSBERG,http://data.europa.eu/esco/skill/4c016b68-4116-468c-9dc6-42710c239e4a,C#,exact,,1.0,
f4bdf617-3f88-4499-aa38-5f5ac6e022d7,IT,Seniorrådgiver - digital gravferdsmelding - justis- og vergemålsavdelingen,"Programvareutviklere, Senior Backendutvikler, webutvikler",TØNSBERG,http://data.europa.eu/esco/skill/ddc3119d-1d6e-4324-9125-a3380d299ac5,IT,exact,,1.0,
f4bdf617-3f88-4499-aa38-5f5ac6e022d7,Systemutvikler,Seniorrådgiver - digital gravferdsmelding - justis- og vergemålsavdelingen,"Programvareutviklere, Senior Backendutvikler, webutvikler",TØNSBERG,http://data.europa.eu/esco/skill/21d2f96d-35f7-4e3f-9745-c533d2dd6e97,dataprogrammering,digital_consensus,0.6546458005905151,0.9988632202148438,0.002029597759246826
f577fb2a-fdc6-4e73-9de7-0035e42d4f6c,IKT-forvaltning,Prosessleder (seniorrådgiver) for utstyrs- og aktivaforvaltning i DIO,"Høyere saksbehandlere i offentlig og privat virksomhet, Høyere saksbehandlere i offentlig og privat virksomhet, Seniorrådgiver offentlig administrasjon",OSLO,http://data.europa.eu/esco/skill/bec4359e-cb92-468f-a997-8fb28e32fba9,Metoder innen IKT-prosjektledelse,digital_consensus,0.5985879898071289,0.9966654181480408,0.015373528003692627
f577fb2a-fdc6-4e73-9de7-0035e42d4f6c,ITIL,Prosessleder (seniorrådgiver) for utstyrs- og aktivaforvaltning i DIO,"Høyere saksbehandlere i offentlig og privat virksomhet, Høyere saksbehandlere i offentlig og privat virksomhet, Seniorrådgiver offentlig administrasjon",OSLO,http://data.europa.eu/esco/skill/d12e9d68-84c5-444e-aa98-d36533bf03f6,anvende operasjoner for et ITIL-basert miljø,digital_consensus,0.5806655883789062,0.9997642636299133,0.6852640509605408
f577fb2a-fdc6-4e73-9de7-0035e42d4f6c,ServiceNow,Prosessleder (seniorrådgiver) for utstyrs- og aktivaforvaltning i DIO,"Høyere saksbehandlere i offentlig og privat virksomhet, Høyere saksbehandlere i offentlig og privat virksomhet, Seniorrådgiver offentlig administrasjon",OSLO,http://data.europa.eu/esco/skill/83218cac-3599-417e-93d2-26013cdccd98,tjenesteorientert modellering,digital_consensus,0.6124618053436279,0.9994834661483765,0.0002288222312927246
f7e15a9f-4c12-450c-94b7-6a85b2b0467f,GIS,Rådgjevar plan,"Høyere saksbehandlere i offentlig og privat virksomhet, Høyere saksbehandlere i offentlig og privat virksomhet, Rådgiver (offentlig administrasjon)",BYGLAND,http://data.europa.eu/esco/skill/377861af-f966-4c87-a2db-7e99904312b9,gis,exact,,1.0,
f9e2f3b4-4a7d-435a-b0c8-082b993b7bfa,CNC,Har du bakgrunn fra CNC og liker å jobbe med ungdommer?,"Verktøymaker, låsesmeder mv., CNC-operatør, Arbeidsleder, industri, Arbeidsleder, maskinoperatører, Rådgivere innen kompetanseutvikling, Opplæringsleder i bedrifter, personalutviklingssjef",HORDVIK,http://data.europa.eu/esco/skill/6f728d63-5c45-40b3-8bfd-e17c5dba28ad,håndtere CNC-slipemaskin,digital_consensus,0.5797138810157776,0.9999545812606812,0.00033664703369140625
f9e2f3b4-4a7d-435a-b0c8-082b993b7bfa,CNC-operatør,Har du bakgrunn fra CNC og liker å jobbe med ungdommer?,"Verktøymaker, låsesmeder mv., CNC-operatør, Arbeidsleder, industri, Arbeidsleder, maskinoperatører, Rådgivere innen kompetanseutvikling, Opplæringsleder i bedrifter, personalutviklingssjef",HORDVIK,http://data.europa.eu/esco/skill/6f728d63-5c45-40b3-8bfd-e17c5dba28ad,håndtere CNC-slipemaskin,digital_consensus,0.5746462941169739,0.9999723434448242,6.99758529663086e-05
fbfdd899-dd4e-4ea6-ad77-36e1942b4f13,Dataanalyse,Strategisk analytiker - vikariat,"Høyere saksbehandlere i offentlig og privat virksomhet, Rådgiver (offentlig administrasjon), Matematikere, statistikere mv., Statistikkassistent, Matematikere, statistikere mv., Statistiker, statistiker",TRONDHEIM,http://data.europa.eu/esco/skill/97bd1c21-66b2-4b7e-ad0f-e3cda590e378,dataanalyse,exact,,1.0,
73c9aaca-1d68-499d-884c-158cb610033c,CNC-operatør,Vil du være med på å forme fremtidens maskineringsarbeid hos Framo Services AS?,"CNC-operatør, CNC-operatør, Verktøymakere, låsesmeder mv.",BERGEN,http://data.europa.eu/esco/skill/6f728d63-5c45-40b3-8bfd-e17c5dba28ad,håndtere CNC-slipemaskin,digital_consensus,0.5746462941169739,0.9999723434448242,6.99758529663086e-05
73c9aaca-1d68-499d-884c-158cb610033c,Programmering,Vil du være med på å forme fremtidens maskineringsarbeid hos Framo Services AS?,"CNC-operatør, CNC-operatør, Verktøymakere, låsesmeder mv.",BERGEN,http://data.europa.eu/esco/skill/21d2f96d-35f7-4e3f-9745-c533d2dd6e97,dataprogrammering,digital_consensus,0.714440643787384,0.9188328981399536,0.2761046886444092
7b61a1f4-0742-42fe-93f5-b2fa9e409cad,ISPS,Vekter Subsea 7 Vigra deltid,"Vektere, Vekter, sikkerhetsvakt",MOLDE,http://data.europa.eu/esco/skill/4918ec9a-0204-4935-8b09-b0112370daa8,etablere et styringssystem for informasjonssikkerhet,digital_consensus,0.5413540005683899,0.8863243460655212,0.5904344618320465
e3fc1aee-75c8-4abd-98bd-4d04086aa30c,ISPS,Vekter,"Vekter, Vekter, Vektere",MOLDE,http://data.europa.eu/esco/skill/4918ec9a-0204-4935-8b09-b0112370daa8,etablere et styringssystem for informasjonssikkerhet,digital_consensus,0.5413540005683899,0.8863243460655212,0.5904344618320465
70a8236f-5106-47a4-9176-448cc9b5a41a,Digitalisering,Vil du lede og utvikle arkivtjenesten ved Diakonhjemmet sykehus?,"Arkivleder, Arkivleder, Arbeidsledere for kontorpersonell, Arkivarer og kuratorer, Arkivar",OSLO,http://data.europa.eu/esco/skill/aa0d8201-5a8e-417f-81f4-c04601139582,digitalisering,exact,,1.0,
c5d8a01d-abbe-4b78-9614-75c2f83ecf11,Systemutvikling,Teknisk leder - system integrasjon,"Systemanalytikere/-arkitekter, IT-ingeniør, dataingeniør",KONGSBERG,http://data.europa.eu/esco/skill/21d2f96d-35f7-4e3f-9745-c533d2dd6e97,dataprogrammering,digital_consensus,0.6049041152000427,0.9194501638412476,0.19810181856155396
da1d7081-a029-4c4e-b8d7-e1e9b3297e61,Python,Research Scientist/Senior Research Scientist in Experimental Electrochemical Conversion,"Forskningsingeniør, Forskningsingeniør, Andre sivilingeniører( unntatt elektroteknologi)",OSLO,http://data.europa.eu/esco/skill/ccd0a1d9-afda-43d9-b901-96344886e14d,Python,exact,,1.0,
aea24aba-5b8b-43f4-a1b0-2fac993c677e,IT,Ønsker du å forme en av statens viktigste digitale løsninger for EØS-schengen-arbeid?,"Andre ledere av produksjon og tjenesteyting, Leder av offentlig forvaltning, Andre ledere av produksjon og tjenesteyting",OSLO,http://data.europa.eu/esco/skill/ddc3119d-1d6e-4324-9125-a3380d299ac5,IT,exact,,1.0,
1f220134-10de-4cdb-99d9-5498eeaacf55,Programvareutvikling,Vil du jobbe med softwarearkitektur og nyutvikling?,"Software arkitekt, Software arkitekt, Programvareutviklere",KONGSBERG,http://data.europa.eu/esco/skill/21d2f96d-35f7-4e3f-9745-c533d2dd6e97,dataprogrammering,digital_consensus,0.5329556465148926,0.9873233437538147,0.12117928266525269
1f220134-10de-4cdb-99d9-5498eeaacf55,Softwarearkitekt,Vil du jobbe med softwarearkitektur og nyutvikling?,"Software arkitekt, Software arkitekt, Programvareutviklere",KONGSBERG,http://data.europa.eu/esco/skill/21d2f96d-35f7-4e3f-9745-c533d2dd6e97,dataprogrammering,digital_consensus,0.5245122313499451,0.9977228045463562,0.002068817615509033
1f220134-10de-4cdb-99d9-5498eeaacf55,Softwaredesign,Vil du jobbe med softwarearkitektur og nyutvikling?,"Software arkitekt, Software arkitekt, Programvareutviklere",KONGSBERG,http://data.europa.eu/esco/skill/8ff015a0-98ea-4d80-a23e-1f68110a919e,metoder for programvaredesign,digital_consensus,0.5615556240081787,0.9998233914375305,0.12193995714187622
1f220134-10de-4cdb-99d9-5498eeaacf55,Systemarkitekt,Vil du jobbe med softwarearkitektur og nyutvikling?,"Software arkitekt, Software arkitekt, Programvareutviklere",KONGSBERG,http://data.europa.eu/esco/skill/21d2f96d-35f7-4e3f-9745-c533d2dd6e97,dataprogrammering,digital_consensus,0.5813876986503601,0.986229658126831,0.0011911988258361816
3f0f2190-7e32-4b40-9d1b-b811519d1c81,AI,Vil du være en teknisk spydspiss for AI i Columbus Norge?,"AI-utvikler, AI-utvikler, Systemanalytikere/-arkitekter",OSLO,http://data.europa.eu/esco/skill/e465a154-93f7-4973-9ce1-31659fe16dd2,prinsipper for kunstig intelligens,digital_consensus,0.5584366917610168,0.99960857629776,0.001320481300354004
3f0f2190-7e32-4b40-9d1b-b811519d1c81,IT,Vil du være en teknisk spydspiss for AI i Columbus Norge?,"AI-utvikler, AI-utvikler, Systemanalytikere/-arkitekter",OSLO,http://data.europa.eu/esco/skill/ddc3119d-1d6e-4324-9125-a3380d299ac5,IT,exact,,1.0,
3f0f2190-7e32-4b40-9d1b-b811519d1c81,dataplattform,Vil du være en teknisk spydspiss for AI i Columbus Norge?,"AI-utvikler, AI-utvikler, Systemanalytikere/-arkitekter",OSLO,http://data.europa.eu/esco/skill/c453cf81-6197-428e-84c6-70c773b63f27,Arkitektoniske IKT-rammeverk,digital_consensus,0.5622543692588806,0.8600369691848755,0.024731993675231934
a22f762e-768f-448b-9507-fd5c7de18883,Anleggsmekaniker,Er du vår nye utemekaniker på Innlandet?,"Mekaniker, Bilmekanikere, Anleggsmaskin- og industrimekanikere, Industrimekaniker, industrimekaniker",INGEBERG,http://data.europa.eu/esco/skill/2973b3bc-5893-4b3d-8953-22ef677a162f,kutteteknologier,digital_consensus,0.6480547785758972,0.976040780544281,0.002944350242614746
8768f83e-6d9b-4783-bbda-75cec6c422e9,Dataanalyse,Earth Observation Engineer,"Earth observation systems engineer, Earth observation systems engineer, Sivilingeniører (elektronikk)",KONGSBERG,http://data.europa.eu/esco/skill/97bd1c21-66b2-4b7e-ad0f-e3cda590e378,dataanalyse,exact,,1.0,
8768f83e-6d9b-4783-bbda-75cec6c422e9,Elektronikk,Earth Observation Engineer,"Earth observation systems engineer, Earth observation systems engineer, Sivilingeniører (elektronikk)",KONGSBERG,http://data.europa.eu/esco/skill/95c35c3a-035f-47c2-90cf-7e934d20fc08,elektronikk,exact,,1.0,
8768f83e-6d9b-4783-bbda-75cec6c422e9,Satellitt,Earth Observation Engineer,"Earth observation systems engineer, Earth observation systems engineer, Sivilingeniører (elektronikk)",KONGSBERG,http://data.europa.eu/esco/skill/6e8fe5de-fe6d-482c-92fe-20e56ee57324,ytelsesparametere for globalt satellittnavigeringssystem,digital_consensus,0.6092619895935059,0.9342832565307617,0.2935147285461426
88e661d6-b046-45a8-88b1-e58addddcfdd,Digitale løsninger,Vil du ha en sentral rolle med ansvar for styring og oppfølging av bankens IT-område?,"Systemadministrator, Systemadministrator, Systemadministratorer, IT-ansvarlig",STRØMMEN,http://data.europa.eu/esco/skill/21d2f96d-35f7-4e3f-9745-c533d2dd6e97,dataprogrammering,digital_consensus,0.628021776676178,0.9054232835769653,0.049161553382873535
88e661d6-b046-45a8-88b1-e58addddcfdd,IT-ansvarlig,Vil du ha en sentral rolle med ansvar for styring og oppfølging av bankens IT-område?,"Systemadministrator, Systemadministrator, Systemadministratorer, IT-ansvarlig",STRØMMEN,http://data.europa.eu/esco/skill/bec4359e-cb92-468f-a997-8fb28e32fba9,Metoder innen IKT-prosjektledelse,digital_consensus,0.6857079863548279,0.9957455992698669,0.0015953779220581055
88e661d6-b046-45a8-88b1-e58addddcfdd,IT-sikkerhet,Vil du ha en sentral rolle med ansvar for styring og oppfølging av bankens IT-område?,"Systemadministrator, Systemadministrator, Systemadministratorer, IT-ansvarlig",STRØMMEN,http://data.europa.eu/esco/skill/8088750d-8388-4170-a76f-48354c469c44,IT-sikkerhet,exact,,1.0,
88e661d6-b046-45a8-88b1-e58addddcfdd,IT-styring,Vil du ha en sentral rolle med ansvar for styring og oppfølging av bankens IT-område?,"Systemadministrator, Systemadministrator, Systemadministratorer, IT-ansvarlig",STRØMMEN,http://data.europa.eu/esco/skill/bec4359e-cb92-468f-a997-8fb28e32fba9,Metoder innen IKT-prosjektledelse,digital_consensus,0.6575366258621216,0.9555172324180603,0.01324993371963501
88e661d6-b046-45a8-88b1-e58addddcfdd,Microsoft 365,Vil du ha en sentral rolle med ansvar for styring og oppfølging av bankens IT-område?,"Systemadministrator, Systemadministrator, Systemadministratorer, IT-ansvarlig",STRØMMEN,http://data.europa.eu/esco/skill/f683ae1d-cb7c-4aa1-b9fe-205e1bd23535,bruke Microsoft Office,digital_consensus,0.5470774173736572,0.9996776580810547,0.0003491640090942383
0615c486-78e2-4b49-9e91-3b3bb101b697,Cloud engineer,"Vil du ha teknisk ansvar, jobbe tett med kunder og forvalte moderne sky- og applikasjonsløsninger?","Cloud-ingeniør, Programvareutviklere",OSLO,http://data.europa.eu/esco/skill/11430d93-c835-48ed-8e70-285fa69c9ae6,designe skyarkitektur,digital_consensus,0.5598635673522949,0.9974699020385742,0.11696887016296387
0615c486-78e2-4b49-9e91-3b3bb101b697,IT,"Vil du ha teknisk ansvar, jobbe tett med kunder og forvalte moderne sky- og applikasjonsløsninger?","Cloud-ingeniør, Programvareutviklere",OSLO,http://data.europa.eu/esco/skill/ddc3119d-1d6e-4324-9125-a3380d299ac5,IT,exact,,1.0,
0615c486-78e2-4b49-9e91-3b3bb101b697,Multicloud,"Vil du ha teknisk ansvar, jobbe tett med kunder og forvalte moderne sky- og applikasjonsløsninger?","Cloud-ingeniør, Programvareutviklere",OSLO,http://data.europa.eu/esco/skill/11430d93-c835-48ed-8e70-285fa69c9ae6,designe skyarkitektur,digital_consensus,0.5429643392562866,0.9715898633003235,0.868441216647625
0615c486-78e2-4b49-9e91-3b3bb101b697,Skyteknologi,"Vil du ha teknisk ansvar, jobbe tett med kunder og forvalte moderne sky- og applikasjonsløsninger?","Cloud-ingeniør, Programvareutviklere",OSLO,http://data.europa.eu/esco/skill/11430d93-c835-48ed-8e70-285fa69c9ae6,designe skyarkitektur,digital_consensus,0.5793797373771667,0.9726741313934326,0.3947645425796509
846149b0-0ed0-423f-b290-9690d7669d37,Microsoft 365,Bli en del av vårt innovative team! Vi søker dyktige folk til spennende oppgaver. Søk nå!,"Helsesekretær, Helsesekretær, Helsesekretærer",FETSUND,http://data.europa.eu/esco/skill/f683ae1d-cb7c-4aa1-b9fe-205e1bd23535,bruke Microsoft Office,digital_consensus,0.5470774173736572,0.9996776580810547,0.0003491640090942383
b993ff93-d53d-4a62-96fc-9f783cf1247c,Digitalisering,Led teknologiutviklingen bak fremtidens kraftproduksjon,"Andre ledere av produksjon og tjenesteyting, Seksjonsleder, avdelingsleder",BERGEN,http://data.europa.eu/esco/skill/aa0d8201-5a8e-417f-81f4-c04601139582,digitalisering,exact,,1.0,
b993ff93-d53d-4a62-96fc-9f783cf1247c,IT,Led teknologiutviklingen bak fremtidens kraftproduksjon,"Andre ledere av produksjon og tjenesteyting, Seksjonsleder, avdelingsleder",BERGEN,http://data.europa.eu/esco/skill/ddc3119d-1d6e-4324-9125-a3380d299ac5,IT,exact,,1.0,
2d7ba367-c66f-4301-a8df-7b416e38c1e8,SAS,SAS PRE - Subsea Systems,"Ingeniører innen petroleum, bergverk og metallurgi, Subsea Engineer, Ingeniører innen petroleum",STAVANGER,http://data.europa.eu/esco/skill/04f1b938-d4d4-4cb1-a863-982af76b9d93,SAS-språk,digital_consensus,0.5080873370170593,0.9999748468399048,0.00015944242477416992
5218d079-5e8f-4753-847d-eb1e0d51d48a,Automatiker,Klar for nye utfordringer? Bli en del av Team Bilfinger!,"Automatiker, Automatikere, Elektrikere, Elektriker, elektriker",PORSGRUNN,http://data.europa.eu/esco/skill/7a950986-27fe-4b6c-adf3-88f211e77019,robotkomponenter,digital_consensus,0.6843463182449341,0.9831464886665344,0.0006955862045288086
51163b32-8d28-44a9-8f47-94b59cd700c0,Dataanalyse,Join Our M\&A Analytics Team --- Deloitte Strategy \& Transaction is Looking for New Colleagues,"Analytiker, virksomhetovertakelse og -fusjon, Finansanalytikere",OSLO,http://data.europa.eu/esco/skill/97bd1c21-66b2-4b7e-ad0f-e3cda590e378,dataanalyse,exact,,1.0,
513498ad-1081-4a93-b17f-6a709d167864,Systemutvikling,Prosjektingeniør System Integrasjon,"Prosjektingeniør IT, Prosjektingeniør IT, Systemanalytikere/-arkitekter",KONGSBERG,http://data.europa.eu/esco/skill/21d2f96d-35f7-4e3f-9745-c533d2dd6e97,dataprogrammering,digital_consensus,0.6049041152000427,0.9194501638412476,0.19810181856155396
ac63360d-cc5d-4a4d-ab69-35caf3348157,Systemutvikling,Prosjektleder,"Prosjektleder, Prosjektleder, Andre administrative ledere",KONGSBERG,http://data.europa.eu/esco/skill/21d2f96d-35f7-4e3f-9745-c533d2dd6e97,dataprogrammering,digital_consensus,0.6049041152000427,0.9194501638412476,0.19810181856155396
3d542690-18d4-4860-9caf-40d316d18dc3,DevOps,Vil du jobbe med IT-systemene til dem som redder liv?,"Nettverksansvarlige, Infrastrukturkonsulent IKT, IKT-nettverksarkitekt",OSLO,http://data.europa.eu/esco/skill/f0de4973-0a70-4644-8fd4-3a97080476f4,DevOps,exact,,1.0,
3d542690-18d4-4860-9caf-40d316d18dc3,Infrastrukturarkitekt,Vil du jobbe med IT-systemene til dem som redder liv?,"Nettverksansvarlige, Infrastrukturkonsulent IKT, IKT-nettverksarkitekt",OSLO,http://data.europa.eu/esco/skill/c453cf81-6197-428e-84c6-70c773b63f27,Arkitektoniske IKT-rammeverk,digital_consensus,0.5985779166221619,0.9905914664268494,0.019106686115264893
b93821ba-6565-4e72-b692-d2eb116b7849,BIM,Sivilingeniør/Ingeniør Elektro,"Elektroingeniør, Elektroingeniør, Elektronikkingeniører",HARSTAD,http://data.europa.eu/esco/skill/fae7e545-5114-43cc-8e83-178e2549ecb9,bim,exact,,1.0,
8d5bfb2f-c6e2-497a-8970-92d3e7b36aac,Tekniske tegninger,Bli en del av PTG FrioNordica AS sitt produksjonsteam i Malmefjorden!,"Platearbeider, Platearbeidere, Sveisere, Sveiser, sveiser",MALMEFJORDEN,http://data.europa.eu/esco/skill/59ea80e1-463a-4dba-82c6-d0b6d577d532,tekniske tegninger,exact,,1.0,
82da002b-5cbb-43e6-9d8e-ea3ec8d56668,Elektronikk,Vil du være med å levere neste generasjon dynamiske posisjoneringssystemer?,"Andre sivilingeniører (unntatt elektroteknologi);, Prosjektingeniør, Andre sivilingeniører (unntatt elektroteknologi)",ÅLESUND,http://data.europa.eu/esco/skill/95c35c3a-035f-47c2-90cf-7e934d20fc08,elektronikk,exact,,1.0,
82da002b-5cbb-43e6-9d8e-ea3ec8d56668,Kybernetikk,Vil du være med å levere neste generasjon dynamiske posisjoneringssystemer?,"Andre sivilingeniører (unntatt elektroteknologi);, Prosjektingeniør, Andre sivilingeniører (unntatt elektroteknologi)",ÅLESUND,http://data.europa.eu/esco/skill/fc5818b4-66f9-498b-a1bc-ff651db2af68,kybernetikk,exact,,1.0,
d73f54c9-746b-4aa8-9d96-6c06cb2070f2,Tekniske tegninger,Skap fremtidens energiløsninger sammen med Proserv,"Mekaniker, Mekaniker, Bilmekanikere",STAVANGER,http://data.europa.eu/esco/skill/59ea80e1-463a-4dba-82c6-d0b6d577d532,tekniske tegninger,exact,,1.0,
06623300-7792-4ea0-9990-8500243c9195,ERP,Norsk Bildelsenter søker Backend-utvikler!,"Backend-utvikler, Backend-utvikler, Programvareutviklere",LIERSKOGEN,http://data.europa.eu/esco/skill/09f4c52b-ac72-4f0e-a8ae-78bb1d7bffba,transportprogramvare relatert til et ERP-system,digital_consensus,0.5528852343559265,0.9972111582756042,0.9701170120388269
06623300-7792-4ea0-9990-8500243c9195,Programmerer,Norsk Bildelsenter søker Backend-utvikler!,"Backend-utvikler, Backend-utvikler, Programvareutviklere",LIERSKOGEN,http://data.europa.eu/esco/skill/21d2f96d-35f7-4e3f-9745-c533d2dd6e97,dataprogrammering,digital_consensus,0.6060227751731873,0.9829521775245667,0.035317838191986084
06623300-7792-4ea0-9990-8500243c9195,Systemutvikling,Norsk Bildelsenter søker Backend-utvikler!,"Backend-utvikler, Backend-utvikler, Programvareutviklere",LIERSKOGEN,http://data.europa.eu/esco/skill/21d2f96d-35f7-4e3f-9745-c533d2dd6e97,dataprogrammering,digital_consensus,0.6049041152000427,0.9194501638412476,0.19810181856155396
b5bda070-b6c0-49c2-91a5-22f007eb4873,CAD,Mekanisk ingeniør med erfaring av beregning og stålkonstruksjoner ,"Konstruktør maskiningeniør, Konstruktør maskiningeniør, Maskiningeniører",SANDE I VESTFOLD,http://data.europa.eu/esco/skill/9ba355be-f119-42b6-a7d6-52f6ce2e4a3f,utforme kretser ved hjelp av CAD,digital_consensus,0.6348830461502075,0.9999152421951294,0.8251167237758636
97a2dbf9-6ae4-46c8-97ca-9e92df0d42b2,IT,Join a world leader in Air Traffic Management!,"Systemadministratorer, Configuration Manager SAP, systemkoordinator",ASKER,http://data.europa.eu/esco/skill/ddc3119d-1d6e-4324-9125-a3380d299ac5,IT,exact,,1.0,
97a2dbf9-6ae4-46c8-97ca-9e92df0d42b2,Programvareutvikling,Join a world leader in Air Traffic Management!,"Systemadministratorer, Configuration Manager SAP, systemkoordinator",ASKER,http://data.europa.eu/esco/skill/21d2f96d-35f7-4e3f-9745-c533d2dd6e97,dataprogrammering,digital_consensus,0.5329556465148926,0.9873233437538147,0.12117928266525269
97a2dbf9-6ae4-46c8-97ca-9e92df0d42b2,Systemutvikling,Join a world leader in Air Traffic Management!,"Systemadministratorer, Configuration Manager SAP, systemkoordinator",ASKER,http://data.europa.eu/esco/skill/21d2f96d-35f7-4e3f-9745-c533d2dd6e97,dataprogrammering,digital_consensus,0.6049041152000427,0.9194501638412476,0.19810181856155396
6604803e-9d3f-4c25-81c7-74f9c8bc3bc4,Produktutvikling,Er du praktisk anlagt og vil jobbe med å utvikle fremtidens båter?,"Andre hjelpearbeidere i industri, Hjelpearbeider industri, fabrikkarbeider",OSLO,http://data.europa.eu/esco/skill/4f6b656a-54d0-48ce-9b55-ebcac5904a14,håndtere geospatiale teknologier,digital_consensus,0.6504983901977539,0.9169093370437622,0.013612568378448486
2a38f298-4487-4b4e-8f2b-d64edbb1c10c,Cybersikkerhet,Rådgiver Cybersikkerhet og operasjonell teknologi,"Sikkerhetsanalytikere mv., Cybersikkerhetsingeniør, IKT-sikkerhetsingeniør",SANDVIKA,http://data.europa.eu/esco/skill/8088750d-8388-4170-a76f-48354c469c44,cybersikkerhet,exact,,1.0,
2a38f298-4487-4b4e-8f2b-d64edbb1c10c,Informasjonssikkerhet,Rådgiver Cybersikkerhet og operasjonell teknologi,"Sikkerhetsanalytikere mv., Cybersikkerhetsingeniør, IKT-sikkerhetsingeniør",SANDVIKA,http://data.europa.eu/esco/skill/8088750d-8388-4170-a76f-48354c469c44,informasjonssikkerhet,exact,,1.0,
8b1dc103-58b8-43cb-8182-addda94daa55,SaaS,Lead the growth journey of Banktech Payments,"Personalsjef, Personalsjef, Personalsjefer",FORNEBU,http://data.europa.eu/esco/skill/83218cac-3599-417e-93d2-26013cdccd98,SaaS,exact,,1.0,
f30e5359-ea3f-4259-8443-10a197789672,BIM,Brannrådgiver / Rådgivende ingeniør brannsikkerhet (RIBr),"Brannkonstabler, Brannrådgiver, Brannkonstabler",KONGSBERG,http://data.europa.eu/esco/skill/fae7e545-5114-43cc-8e83-178e2549ecb9,bim,exact,,1.0,
5e520785-2a17-4f1a-8159-91bf8d44ba83,CISO,Vil du forme cyber- og informasjonssikkerhet i Lyse?,"Chief Information Security Officer (CISO), Chief Information Security Officer (CISO), Sikkerhetsanalytikere mv.",STAVANGER,http://data.europa.eu/esco/skill/3ff589b7-68df-4ea5-ae41-b395bdb2378f,IKT-sikkerhetsstandarder,digital_consensus,0.6220211982727051,0.9998831748962402,5.751848220825195e-05
5e520785-2a17-4f1a-8159-91bf8d44ba83,IT-sikkerhet,Vil du forme cyber- og informasjonssikkerhet i Lyse?,"Chief Information Security Officer (CISO), Chief Information Security Officer (CISO), Sikkerhetsanalytikere mv.",STAVANGER,http://data.europa.eu/esco/skill/8088750d-8388-4170-a76f-48354c469c44,IT-sikkerhet,exact,,1.0,
5e520785-2a17-4f1a-8159-91bf8d44ba83,cybersikkerhet,Vil du forme cyber- og informasjonssikkerhet i Lyse?,"Chief Information Security Officer (CISO), Chief Information Security Officer (CISO), Sikkerhetsanalytikere mv.",STAVANGER,http://data.europa.eu/esco/skill/8088750d-8388-4170-a76f-48354c469c44,cybersikkerhet,exact,,1.0,
5e520785-2a17-4f1a-8159-91bf8d44ba83,informasjonssikkerhet,Vil du forme cyber- og informasjonssikkerhet i Lyse?,"Chief Information Security Officer (CISO), Chief Information Security Officer (CISO), Sikkerhetsanalytikere mv.",STAVANGER,http://data.europa.eu/esco/skill/8088750d-8388-4170-a76f-48354c469c44,informasjonssikkerhet,exact,,1.0,
ed7b6c22-18aa-49a9-a876-5a6235dae24e,NOC,"Bli med og bygg Norges nasjonale, suverene sky!","Business Operation Lead, Administrerende direktører",FORNEBU,http://data.europa.eu/esco/skill/9d2e926f-53d9-41f5-98f3-19dfaa687f3f,NOC,exact,,1.0,
7462ee1b-f732-464b-8784-08c041e5bfb0,Digitalisering,Senior Accountant med interesse for forbedring og digitalisering,"Senior regnskapsfører, Senior regnskapsfører, Regnskapsførere",OSLO,http://data.europa.eu/esco/skill/aa0d8201-5a8e-417f-81f4-c04601139582,digitalisering,exact,,1.0,
a7a0cb6a-51ca-4752-9825-dce96231eabb,ERP,Vil du bidra til sømløs drift?,"Systemadministratorer, IT-ansvarlig, IKT-systemadministrator",STRANDA,http://data.europa.eu/esco/skill/09f4c52b-ac72-4f0e-a8ae-78bb1d7bffba,transportprogramvare relatert til et ERP-system,digital_consensus,0.5528852343559265,0.9972111582756042,0.9701170120388269
a7a0cb6a-51ca-4752-9825-dce96231eabb,IT,Vil du bidra til sømløs drift?,"Systemadministratorer, IT-ansvarlig, IKT-systemadministrator",STRANDA,http://data.europa.eu/esco/skill/ddc3119d-1d6e-4324-9125-a3380d299ac5,IT,exact,,1.0,
a7a0cb6a-51ca-4752-9825-dce96231eabb,IT-ansvarlig,Vil du bidra til sømløs drift?,"Systemadministratorer, IT-ansvarlig, IKT-systemadministrator",STRANDA,http://data.europa.eu/esco/skill/bec4359e-cb92-468f-a997-8fb28e32fba9,Metoder innen IKT-prosjektledelse,digital_consensus,0.6857079863548279,0.9957455992698669,0.0015953779220581055
fffc81f1-9e75-42b1-a8c9-1f625494dd9f,Data Engineer,Lead Data Engineer i Norad,"Dataingeniør, Dataingeniør, Sivilingeniører (elektronikk)",OSLO,http://data.europa.eu/esco/skill/3ec2e4d6-7000-4905-bf1a-c5b1679416de,datavarehus,digital_consensus,0.6241559386253357,0.9998835325241089,7.730722427368164e-05
fffc81f1-9e75-42b1-a8c9-1f625494dd9f,Dataplattform,Lead Data Engineer i Norad,"Dataingeniør, Dataingeniør, Sivilingeniører (elektronikk)",OSLO,http://data.europa.eu/esco/skill/3ec2e4d6-7000-4905-bf1a-c5b1679416de,datavarehus,digital_consensus,0.5975717306137085,0.9994984865188599,0.0007398128509521484
fffc81f1-9e75-42b1-a8c9-1f625494dd9f,DevOps,Lead Data Engineer i Norad,"Dataingeniør, Dataingeniør, Sivilingeniører (elektronikk)",OSLO,http://data.europa.eu/esco/skill/f0de4973-0a70-4644-8fd4-3a97080476f4,DevOps,exact,,1.0,
fffc81f1-9e75-42b1-a8c9-1f625494dd9f,ETL,Lead Data Engineer i Norad,"Dataingeniør, Dataingeniør, Sivilingeniører (elektronikk)",OSLO,http://data.europa.eu/esco/skill/9d0d89be-bffa-4393-b6f6-8d05bea49051,ETL,exact,,1.0,
fffc81f1-9e75-42b1-a8c9-1f625494dd9f,IT,Lead Data Engineer i Norad,"Dataingeniør, Dataingeniør, Sivilingeniører (elektronikk)",OSLO,http://data.europa.eu/esco/skill/ddc3119d-1d6e-4324-9125-a3380d299ac5,IT,exact,,1.0,
bb49083c-fe7c-455c-b8cb-67e568285ab6,Data governance,Senior Technical Data Specialist - Reservoir,"Senior teknisk prosjektleder, Andre administrative ledere, Sivilingeniører (geofag, petro-leumsteknologi, metallurgi mv.);, Petroleumsingeniør, petroleumsingeniør",STAVANGER,http://data.europa.eu/esco/skill/3ec2e4d6-7000-4905-bf1a-c5b1679416de,datavarehus,digital_consensus,0.5980607867240906,0.9991195797920227,0.0002713799476623535
31cf3281-a35a-4298-8580-e9e31fd5552c,ABAP,Er du vår nye SAP konsulent? Bli med å forme fremtiden hos Coop,"SAP Konsulent, SAP Konsulent, Systemanalytikere/-arkitekter",OSLO,http://data.europa.eu/esco/skill/eb0e5615-1575-4a86-a1a2-7d39595033c5,ABAP,exact,,1.0,
31cf3281-a35a-4298-8580-e9e31fd5552c,ERP,Er du vår nye SAP konsulent? Bli med å forme fremtiden hos Coop,"SAP Konsulent, SAP Konsulent, Systemanalytikere/-arkitekter",OSLO,http://data.europa.eu/esco/skill/09f4c52b-ac72-4f0e-a8ae-78bb1d7bffba,transportprogramvare relatert til et ERP-system,digital_consensus,0.5528852343559265,0.9972111582756042,0.9701170120388269
31cf3281-a35a-4298-8580-e9e31fd5552c,IT,Er du vår nye SAP konsulent? Bli med å forme fremtiden hos Coop,"SAP Konsulent, SAP Konsulent, Systemanalytikere/-arkitekter",OSLO,http://data.europa.eu/esco/skill/ddc3119d-1d6e-4324-9125-a3380d299ac5,IT,exact,,1.0,
31cf3281-a35a-4298-8580-e9e31fd5552c,SAP,Er du vår nye SAP konsulent? Bli med å forme fremtiden hos Coop,"SAP Konsulent, SAP Konsulent, Systemanalytikere/-arkitekter",OSLO,http://data.europa.eu/esco/skill/f8e3425c-fe44-4ffb-bafe-0e20d91dadf4,SAP,exact,,1.0,
31cf3281-a35a-4298-8580-e9e31fd5552c,SAP konsulent,Er du vår nye SAP konsulent? Bli med å forme fremtiden hos Coop,"SAP Konsulent, SAP Konsulent, Systemanalytikere/-arkitekter",OSLO,http://data.europa.eu/esco/skill/bb99af26-71ff-4dca-bde7-1eb1f6194426,SAP R3,digital_consensus,0.5508111715316772,0.9992650151252747,0.0027719736099243164
388d14e5-cd0c-44f7-863c-3afca99ce0d7,AI,Trigges du av å bygge robuste AI-løsninger som faktisk tas i bruk - og samtidig gjøre andre team bedre?,"Systemanalytikere/-arkitekter, Systemutvikler, Applikasjonsprogrammerere, Python utvikler, IKT-programutvikler",OSLO,http://data.europa.eu/esco/skill/e465a154-93f7-4973-9ce1-31659fe16dd2,prinsipper for kunstig intelligens,digital_consensus,0.5584366917610168,0.99960857629776,0.001320481300354004
388d14e5-cd0c-44f7-863c-3afca99ce0d7,DevOps,Trigges du av å bygge robuste AI-løsninger som faktisk tas i bruk - og samtidig gjøre andre team bedre?,"Systemanalytikere/-arkitekter, Systemutvikler, Applikasjonsprogrammerere, Python utvikler, IKT-programutvikler",OSLO,http://data.europa.eu/esco/skill/f0de4973-0a70-4644-8fd4-3a97080476f4,DevOps,exact,,1.0,
388d14e5-cd0c-44f7-863c-3afca99ce0d7,IT,Trigges du av å bygge robuste AI-løsninger som faktisk tas i bruk - og samtidig gjøre andre team bedre?,"Systemanalytikere/-arkitekter, Systemutvikler, Applikasjonsprogrammerere, Python utvikler, IKT-programutvikler",OSLO,http://data.europa.eu/esco/skill/ddc3119d-1d6e-4324-9125-a3380d299ac5,IT,exact,,1.0,
388d14e5-cd0c-44f7-863c-3afca99ce0d7,Maskinlæring,Trigges du av å bygge robuste AI-løsninger som faktisk tas i bruk - og samtidig gjøre andre team bedre?,"Systemanalytikere/-arkitekter, Systemutvikler, Applikasjonsprogrammerere, Python utvikler, IKT-programutvikler",OSLO,http://data.europa.eu/esco/skill/3a2d5b45-56e4-4f5a-a55a-4a4a65afdc43,maskinlæring,exact,,1.0,
388d14e5-cd0c-44f7-863c-3afca99ce0d7,Programmering,Trigges du av å bygge robuste AI-løsninger som faktisk tas i bruk - og samtidig gjøre andre team bedre?,"Systemanalytikere/-arkitekter, Systemutvikler, Applikasjonsprogrammerere, Python utvikler, IKT-programutvikler",OSLO,http://data.europa.eu/esco/skill/21d2f96d-35f7-4e3f-9745-c533d2dd6e97,dataprogrammering,digital_consensus,0.714440643787384,0.9188328981399536,0.2761046886444092
388d14e5-cd0c-44f7-863c-3afca99ce0d7,Python,Trigges du av å bygge robuste AI-løsninger som faktisk tas i bruk - og samtidig gjøre andre team bedre?,"Systemanalytikere/-arkitekter, Systemutvikler, Applikasjonsprogrammerere, Python utvikler, IKT-programutvikler",OSLO,http://data.europa.eu/esco/skill/ccd0a1d9-afda-43d9-b901-96344886e14d,Python,exact,,1.0,
789839b5-a056-4956-92db-e03df64a08cf,Elektronikk,Vil du bidra til at avansert teknologi møter regulatoriske krav?,"Salgs- og markedssjefer, Produktansvarlig, produktsjef",OSLO,http://data.europa.eu/esco/skill/95c35c3a-035f-47c2-90cf-7e934d20fc08,elektronikk,exact,,1.0,
ddcca431-ff5c-47c0-ba08-b6442cedc420,GIS,Arealplanlegger / Samfunnsplanlegger,"Arealplanlegger, Arealplanlegger, Arealplanleggere",ASKIM,http://data.europa.eu/esco/skill/377861af-f966-4c87-a2db-7e99904312b9,gis,exact,,1.0,
9cee244a-77a7-497a-86e4-4e5205936253,Systemutvikling,Vil du jobbe med alderspensjon i et fagmiljø som former fremtidens offentlige tjenestepensjon?,"Finans- og investeringsrådgivere, Kundekonsulent pensjon, Forsikringsagenter, Forsikringsrådgiver, forsikringsmegler",LYSAKER,http://data.europa.eu/esco/skill/21d2f96d-35f7-4e3f-9745-c533d2dd6e97,dataprogrammering,digital_consensus,0.6049041152000427,0.9194501638412476,0.19810181856155396
2e75acdd-45ff-4c9f-b2e6-2bfc43ffc0c1,AI,Vil du hjelpe Norges ledende virksomheter realisere kraften i data?,"Sivilingeniører (elektronikk);, Dataingeniør, datavarehusutvikler",TRONDHEIM,http://data.europa.eu/esco/skill/e465a154-93f7-4973-9ce1-31659fe16dd2,prinsipper for kunstig intelligens,digital_consensus,0.5584366917610168,0.99960857629776,0.001320481300354004
2e75acdd-45ff-4c9f-b2e6-2bfc43ffc0c1,Python,Vil du hjelpe Norges ledende virksomheter realisere kraften i data?,"Sivilingeniører (elektronikk);, Dataingeniør, datavarehusutvikler",TRONDHEIM,http://data.europa.eu/esco/skill/ccd0a1d9-afda-43d9-b901-96344886e14d,Python,exact,,1.0,
cf015a42-9629-4981-b5d0-83fd6cc9b40d,IT,Ønsker du å utvikle fremtidsrettede løsninger til det beste for livet i havet?,"Systemanalytikere/-arkitekter, Systemutvikler, IKT-systemutvikler",BERGEN,http://data.europa.eu/esco/skill/ddc3119d-1d6e-4324-9125-a3380d299ac5,IT,exact,,1.0,
cf015a42-9629-4981-b5d0-83fd6cc9b40d,Java,Ønsker du å utvikle fremtidsrettede løsninger til det beste for livet i havet?,"Systemanalytikere/-arkitekter, Systemutvikler, IKT-systemutvikler",BERGEN,http://data.europa.eu/esco/skill/19a8293b-8e95-4de3-983f-77484079c389,Java,exact,,1.0,
cf015a42-9629-4981-b5d0-83fd6cc9b40d,Programmerer,Ønsker du å utvikle fremtidsrettede løsninger til det beste for livet i havet?,"Systemanalytikere/-arkitekter, Systemutvikler, IKT-systemutvikler",BERGEN,http://data.europa.eu/esco/skill/21d2f96d-35f7-4e3f-9745-c533d2dd6e97,dataprogrammering,digital_consensus,0.6060227751731873,0.9829521775245667,0.035317838191986084
cf015a42-9629-4981-b5d0-83fd6cc9b40d,Systemutvikler,Ønsker du å utvikle fremtidsrettede løsninger til det beste for livet i havet?,"Systemanalytikere/-arkitekter, Systemutvikler, IKT-systemutvikler",BERGEN,http://data.europa.eu/esco/skill/21d2f96d-35f7-4e3f-9745-c533d2dd6e97,dataprogrammering,digital_consensus,0.6546458005905151,0.9988632202148438,0.002029597759246826
aa047130-67e4-4bdf-881a-6ae1fc777470,E-handel,Vil du være med på å forme den tekniske plattformen bak en av Nordens ledende sportsaktører?,"Systemanalytikere/-arkitekter, IT arkitekt, forsker innen datavitenskap",JESSHEIM,http://data.europa.eu/esco/skill/b1272de4-1f5f-408b-8b26-061f2550fc72,e-handelssystemer,digital_consensus,0.6153236627578735,0.9999244213104248,0.002346336841583252
9cb8291b-e868-4a89-9d8a-f42b5721abad,Digitalisering,Leder for Folk og kompetanse i Norad,"Opplæringsleder, Ledere av utdanning og undervisning, Andre ledere av produksjon og tjenesteyting, Leder av offentlig forvaltning, Andre ledere av produksjon og tjenesteyting",OSLO,http://data.europa.eu/esco/skill/aa0d8201-5a8e-417f-81f4-c04601139582,digitalisering,exact,,1.0,
01bbf24a-bd48-493f-babf-4e10585ab6c2,Kybernetikk,"Har du lyst til å skape en renere, tryggere og mer bærekraftig fremtid?","Produktleder industri, Produktleder industri, Forsknings- og utviklingsledere",LYSAKER,http://data.europa.eu/esco/skill/fc5818b4-66f9-498b-a1bc-ff651db2af68,kybernetikk,exact,,1.0,
01bbf24a-bd48-493f-babf-4e10585ab6c2,Produktutvikling,"Har du lyst til å skape en renere, tryggere og mer bærekraftig fremtid?","Produktleder industri, Produktleder industri, Forsknings- og utviklingsledere",LYSAKER,http://data.europa.eu/esco/skill/4f6b656a-54d0-48ce-9b55-ebcac5904a14,håndtere geospatiale teknologier,digital_consensus,0.6504983901977539,0.9169093370437622,0.013612568378448486
01bbf24a-bd48-493f-babf-4e10585ab6c2,Scrum,"Har du lyst til å skape en renere, tryggere og mer bærekraftig fremtid?","Produktleder industri, Produktleder industri, Forsknings- og utviklingsledere",LYSAKER,http://data.europa.eu/esco/skill/bec4359e-cb92-468f-a997-8fb28e32fba9,Scrum,exact,,1.0,
5adce374-59bf-4ed7-87a3-24a220d90f2d,Robot,"Vil du jobbe med automasjon, elektro og framtidens produksjonsløsninger?","Automatiker, Automatikere, Elektrikere, Elektriker, elektriker",LEKSVIK,http://data.europa.eu/esco/skill/7a950986-27fe-4b6c-adf3-88f211e77019,robotkomponenter,digital_consensus,0.6109800338745117,0.9950515627861023,0.9857417345046997
c5f743c1-a0ce-4bba-ab6d-7d810496e7f4,Mekanisk industri,Ildfast AS søker teknisk selger til nyopprettet stilling,"Teknisk salgsrepresentant, Teknisk salgsrepresentant, Salgskonsulenter innen tekniske og medisinske produkter",VESTBY,http://data.europa.eu/esco/skill/bac209e9-d337-4312-9041-17c2e75fa4df,maskinvareindustrien,digital_consensus,0.6078109741210938,0.9941967725753784,0.2517239451408386
f0c6f2ce-114d-43df-8618-55a4e6e004ec,Produktutvikling,Ready to take ownership of packaging - from concept to customers' hands?,"Mekanisk utviklingsingeniør, Sivilingeniører (maskin- og marinteknikk), Sivilingeniører (maskin- og marin-teknikk);, Ingeniør — finmekanik, Sivilingeniører (industri og produksjon);, Produktingeniør, tekniker innen produktutvikling",OSLO,http://data.europa.eu/esco/skill/4f6b656a-54d0-48ce-9b55-ebcac5904a14,håndtere geospatiale teknologier,digital_consensus,0.6504983901977539,0.9169093370437622,0.013612568378448486
5e7c9267-1829-4a7c-9061-e3f0296e9422,.NET,We are now looking for a Senior Full Stack Developer to join our Application Network team!,"Programvareutviklere, Senior Full-Stack .NET Software utvikler, programvareutvikler",OSLO,http://data.europa.eu/esco/skill/13bdd41a-2a18-441f-96db-41252c519413,.NET,exact,,1.0,
5e7c9267-1829-4a7c-9061-e3f0296e9422,C#,We are now looking for a Senior Full Stack Developer to join our Application Network team!,"Programvareutviklere, Senior Full-Stack .NET Software utvikler, programvareutvikler",OSLO,http://data.europa.eu/esco/skill/4c016b68-4116-468c-9dc6-42710c239e4a,C#,exact,,1.0,
5e7c9267-1829-4a7c-9061-e3f0296e9422,Programmerer,We are now looking for a Senior Full Stack Developer to join our Application Network team!,"Programvareutviklere, Senior Full-Stack .NET Software utvikler, programvareutvikler",OSLO,http://data.europa.eu/esco/skill/21d2f96d-35f7-4e3f-9745-c533d2dd6e97,dataprogrammering,digital_consensus,0.6060227751731873,0.9829521775245667,0.035317838191986084
5e7c9267-1829-4a7c-9061-e3f0296e9422,Systemutvikler,We are now looking for a Senior Full Stack Developer to join our Application Network team!,"Programvareutviklere, Senior Full-Stack .NET Software utvikler, programvareutvikler",OSLO,http://data.europa.eu/esco/skill/21d2f96d-35f7-4e3f-9745-c533d2dd6e97,dataprogrammering,digital_consensus,0.6546458005905151,0.9988632202148438,0.002029597759246826
01679efb-9818-46ce-a169-929faca009af,ERP,Vil du være med å bygge et ledende digitalt infrastrukturselskap?,"Finans- og økonomisjef, Finans- og økonomisjef, Finans- og økonomisjefer, Finans- og økonomisjefer, Finance & Business Support Manager",STAVANGER,http://data.europa.eu/esco/skill/09f4c52b-ac72-4f0e-a8ae-78bb1d7bffba,transportprogramvare relatert til et ERP-system,digital_consensus,0.5528852343559265,0.9972111582756042,0.9701170120388269
55315973-bf70-4283-9755-d6f314ccf9ff,Kontrollsystemer,Project Engineer Subsea Control systems,"Undervannsingeniør, Undervannsingeniør, Ingeniører innen petroleum, bergverk og metallurgi",STAVANGER,http://data.europa.eu/esco/skill/4ff549c3-daa5-4def-9916-301c7bdf13b8,kontrollsystemer,exact,,1.0,
fc7df1f5-9e4e-471a-85f5-a6e791f7a8bf,SAP,Can you turn great designs into efficient manufacturing solutions?,"Mekanisk utviklingsingeniør, Sivilingeniører (maskin- og marinteknikk), Sivilingeniører (elektronikk);, Utviklingsingeniør (elektro), elektronikkingeniør",SKIEN,http://data.europa.eu/esco/skill/f8e3425c-fe44-4ffb-bafe-0e20d91dadf4,SAP,exact,,1.0,
367eea9a-b3b6-4a1d-a830-8905e3ca2a53,ERP,Vil du lede et team som sørger for at kritiske deler og tjenester er på rett sted til rett tid?,"Innkjøpssjef, Innkjøpssjef, Ledere av logistikk og transport mv.",OSLO,http://data.europa.eu/esco/skill/09f4c52b-ac72-4f0e-a8ae-78bb1d7bffba,transportprogramvare relatert til et ERP-system,digital_consensus,0.5528852343559265,0.9972111582756042,0.9701170120388269
2065a741-849e-412e-af26-cedf9181a4f3,CAM-programmering,Er du en operatør som trives i en stor og moderne maskinpark?,"CNC-operatør, CNC-operatør, Verktøymakere, låsesmeder mv.",SKIEN,http://data.europa.eu/esco/skill/7a757fa5-9a6f-43ab-9e66-f8f4dba1ffcb,bruke CAM-programvare,digital_consensus,0.5414552092552185,0.9999194145202637,0.9975315746851265
2065a741-849e-412e-af26-cedf9181a4f3,CNC-operatør,Er du en operatør som trives i en stor og moderne maskinpark?,"CNC-operatør, CNC-operatør, Verktøymakere, låsesmeder mv.",SKIEN,http://data.europa.eu/esco/skill/6f728d63-5c45-40b3-8bfd-e17c5dba28ad,håndtere CNC-slipemaskin,digital_consensus,0.5746462941169739,0.9999723434448242,6.99758529663086e-05
6ae2e291-e887-4bcb-889b-25fd563ab96c,BIM,Sivilingeniør/Ingeniør VVS,"Sivilingeniør VVS-teknikk, Sivilingeniør VVS-teknikk, Sivilingeniører (bygg og anlegg)",HARSTAD,http://data.europa.eu/esco/skill/fae7e545-5114-43cc-8e83-178e2549ecb9,bim,exact,,1.0,
1e1f27de-d3b2-4dc3-9d21-1d7bff78b710,ERP,IT-leder med hjerte for logistikk og prosessforbedring,"IKT-Leder, IKT-Leder, Ledere av IKT-enheter",OSLO,http://data.europa.eu/esco/skill/09f4c52b-ac72-4f0e-a8ae-78bb1d7bffba,transportprogramvare relatert til et ERP-system,digital_consensus,0.5528852343559265,0.9972111582756042,0.9701170120388269
1e1f27de-d3b2-4dc3-9d21-1d7bff78b710,endringsledelse,IT-leder med hjerte for logistikk og prosessforbedring,"IKT-Leder, IKT-Leder, Ledere av IKT-enheter",OSLO,http://data.europa.eu/esco/skill/bec4359e-cb92-468f-a997-8fb28e32fba9,Metoder innen IKT-prosjektledelse,digital_consensus,0.6423553824424744,0.8403087258338928,0.002162039279937744
1e1f27de-d3b2-4dc3-9d21-1d7bff78b710,informasjonssikkerhet,IT-leder med hjerte for logistikk og prosessforbedring,"IKT-Leder, IKT-Leder, Ledere av IKT-enheter",OSLO,http://data.europa.eu/esco/skill/8088750d-8388-4170-a76f-48354c469c44,informasjonssikkerhet,exact,,1.0,
70ca3cde-1701-4a46-b130-3542c0df21d8,digitalisering,Vil du være med å videreutvikle en av Norges mest spennende industrielle byggebedrifter?,"Chief Operations Officer, Chief Operations Officer, Administrerende direktører",STEINKJER,http://data.europa.eu/esco/skill/aa0d8201-5a8e-417f-81f4-c04601139582,digitalisering,exact,,1.0,
81c2aad2-f649-4292-8c89-47413f3daf76,BIM,Sivilingeniør/ ingeniør - Vegplanlegging,"Sivilingeniør veiplanlegger, Sivilingeniør veiplanlegger, Arealplanleggere",HARSTAD,http://data.europa.eu/esco/skill/fae7e545-5114-43cc-8e83-178e2549ecb9,bim,exact,,1.0,
fa94bb80-e125-4bbc-9b74-a3f64b89853f,GIS,GIS-rådgiver innen Fornybar Energi og Miljø,"Landmålere, kartografer mv., GIS-konsulent, GIS-spesialist",SANDVIKA,http://data.europa.eu/esco/skill/377861af-f966-4c87-a2db-7e99904312b9,gis,exact,,1.0,
fa94bb80-e125-4bbc-9b74-a3f64b89853f,Geodata,GIS-rådgiver innen Fornybar Energi og Miljø,"Landmålere, kartografer mv., GIS-konsulent, GIS-spesialist",SANDVIKA,http://data.europa.eu/esco/skill/377861af-f966-4c87-a2db-7e99904312b9,geografiske informasjonssystemer,digital_consensus,0.6458449959754944,0.9993603825569153,0.0004495978355407715
f9d5ecef-9713-4e57-af4c-79a96006d111,Robotikk,Er du vår nye Automasjonsingeniør?,"Automatiseringselektronikkingeniør, Automatiseringselektronikkingeniør, Elektronikkingeniører",HØNEFOSS,http://data.europa.eu/esco/skill/e87ec79a-c9ff-46f5-84fa-7a0f394cdf40,robotikk,exact,,1.0,
3f7e5311-2f81-46ff-91cb-27d6fe08d4c4,Dataanalyse,Research Scientist in Analytical Chemistry and Mass Spectrometry,"Andre sivilingeniører (unntatt elektroteknologi);, Forsker, forskningsassistent på universitet",TRONDHEIM,http://data.europa.eu/esco/skill/97bd1c21-66b2-4b7e-ad0f-e3cda590e378,dataanalyse,exact,,1.0,
8ee8acc3-eb02-4efb-a614-e6d88057230b,CAM-programmering,Vil du jobbe med moderne CNC i et sterkt fagmiljø?,"CNC-operatør, CNC-operatør, Verktøymakere, låsesmeder mv.",PORSGRUNN,http://data.europa.eu/esco/skill/7a757fa5-9a6f-43ab-9e66-f8f4dba1ffcb,bruke CAM-programvare,digital_consensus,0.5414552092552185,0.9999194145202637,0.9975315746851265
8ee8acc3-eb02-4efb-a614-e6d88057230b,CNC,Vil du jobbe med moderne CNC i et sterkt fagmiljø?,"CNC-operatør, CNC-operatør, Verktøymakere, låsesmeder mv.",PORSGRUNN,http://data.europa.eu/esco/skill/6f728d63-5c45-40b3-8bfd-e17c5dba28ad,håndtere CNC-slipemaskin,digital_consensus,0.5797138810157776,0.9999545812606812,0.00033664703369140625
8ee8acc3-eb02-4efb-a614-e6d88057230b,CNC-operatør,Vil du jobbe med moderne CNC i et sterkt fagmiljø?,"CNC-operatør, CNC-operatør, Verktøymakere, låsesmeder mv.",PORSGRUNN,http://data.europa.eu/esco/skill/6f728d63-5c45-40b3-8bfd-e17c5dba28ad,håndtere CNC-slipemaskin,digital_consensus,0.5746462941169739,0.9999723434448242,6.99758529663086e-05
cd619c40-00b8-4b52-89a5-ca15e157f3e9,CNC,Vil du bli en nøkkelperson i et moderne produksjonsmiljø?,"Arbeidsleder innen industri, Arbeidsleder innen industri, Arbeidsleder, industri",PORSGRUNN,http://data.europa.eu/esco/skill/6f728d63-5c45-40b3-8bfd-e17c5dba28ad,håndtere CNC-slipemaskin,digital_consensus,0.5797138810157776,0.9999545812606812,0.00033664703369140625
cd619c40-00b8-4b52-89a5-ca15e157f3e9,Produktutvikling,Vil du bli en nøkkelperson i et moderne produksjonsmiljø?,"Arbeidsleder innen industri, Arbeidsleder innen industri, Arbeidsleder, industri",PORSGRUNN,http://data.europa.eu/esco/skill/4f6b656a-54d0-48ce-9b55-ebcac5904a14,håndtere geospatiale teknologier,digital_consensus,0.6504983901977539,0.9169093370437622,0.013612568378448486
e2e82243-0050-460b-a715-0aa627f4cdc7,ERP,Indra søker innkjøper,"Innkjøpere, Innkjøper, Innkjøper",ASKER,http://data.europa.eu/esco/skill/09f4c52b-ac72-4f0e-a8ae-78bb1d7bffba,transportprogramvare relatert til et ERP-system,digital_consensus,0.5528852343559265,0.9972111582756042,0.9701170120388269
426cdb29-2ff1-4df5-9109-be765b804e7e,ERP,Service Coordinator,"Andre administrative ledere, Andre administrative ledere, Business Process Manager",HORTEN,http://data.europa.eu/esco/skill/09f4c52b-ac72-4f0e-a8ae-78bb1d7bffba,transportprogramvare relatert til et ERP-system,digital_consensus,0.5528852343559265,0.9972111582756042,0.9701170120388269
04b8794f-2fc7-4de7-9da3-c64739174fb6,IT,"Vil du jobbe i skjæringspunktet mellom infrastruktur, softwareutvikling, automasjon og sikkerhet?","Systemanalytikere/-arkitekter, Systemanalytikere/-arkitekter, Plattform Manager",OSLO,http://data.europa.eu/esco/skill/ddc3119d-1d6e-4324-9125-a3380d299ac5,IT,exact,,1.0,
8947291c-2d99-4fc9-8b5e-6eb4e13e889e,UX-designer,"Kan du forbedre digitale brukerreiser, UX og tjenestedesign for en av Norges største utdanningsinstitusjoner?","Reklame- og markedsføringsrådgivere, Markedsføringsekspert, Markedsføringsekspert",OSLO,http://data.europa.eu/esco/skill/1019423b-3368-4f83-b24f-19e5fa23e816,designmønstre for brukergrensesnitt for programvare,digital_consensus,0.5588029623031616,0.9994383454322815,0.0010673999786376953
8947291c-2d99-4fc9-8b5e-6eb4e13e889e,digital design,"Kan du forbedre digitale brukerreiser, UX og tjenestedesign for en av Norges største utdanningsinstitusjoner?","Reklame- og markedsføringsrådgivere, Markedsføringsekspert, Markedsføringsekspert",OSLO,http://data.europa.eu/esco/skill/3c1af34b-4562-4c39-a30e-0812b84a147e,bruke spesialisert designprogramvare,digital_consensus,0.687400221824646,0.9194020628929138,0.06706839799880981
f9697761-6fd5-47ec-8ca9-44ba0986f428,C#,Vil du jobbe som utvikler for et teknologiselskap i vekst?,"Programvareutviklere, Programvareutvikler, Programvareutvikler",OSLO,http://data.europa.eu/esco/skill/4c016b68-4116-468c-9dc6-42710c239e4a,C#,exact,,1.0,
f9697761-6fd5-47ec-8ca9-44ba0986f428,Informatikk,Vil du jobbe som utvikler for et teknologiselskap i vekst?,"Programvareutviklere, Programvareutvikler, Programvareutvikler",OSLO,http://data.europa.eu/esco/skill/7b5cce4d-c7fe-4119-b48f-70aa05391787,informatikk,exact,,1.0,
f9697761-6fd5-47ec-8ca9-44ba0986f428,JavaScript,Vil du jobbe som utvikler for et teknologiselskap i vekst?,"Programvareutviklere, Programvareutvikler, Programvareutvikler",OSLO,http://data.europa.eu/esco/skill/3cd569a2-4f88-4c1e-9995-8dce8c5e51a7,JavaScript,exact,,1.0,
f9697761-6fd5-47ec-8ca9-44ba0986f428,Programmerer,Vil du jobbe som utvikler for et teknologiselskap i vekst?,"Programvareutviklere, Programvareutvikler, Programvareutvikler",OSLO,http://data.europa.eu/esco/skill/21d2f96d-35f7-4e3f-9745-c533d2dd6e97,dataprogrammering,digital_consensus,0.6060227751731873,0.9829521775245667,0.035317838191986084
f9697761-6fd5-47ec-8ca9-44ba0986f428,Python,Vil du jobbe som utvikler for et teknologiselskap i vekst?,"Programvareutviklere, Programvareutvikler, Programvareutvikler",OSLO,http://data.europa.eu/esco/skill/ccd0a1d9-afda-43d9-b901-96344886e14d,Python,exact,,1.0,
f9697761-6fd5-47ec-8ca9-44ba0986f428,Software Engineer,Vil du jobbe som utvikler for et teknologiselskap i vekst?,"Programvareutviklere, Programvareutvikler, Programvareutvikler",OSLO,http://data.europa.eu/esco/skill/41ec47dd-08b3-464a-9c45-c706f3e74467,industriell programvare,digital_consensus,0.5739484429359436,0.9992891550064087,0.00014793872833251953
f9697761-6fd5-47ec-8ca9-44ba0986f428,Systemutvikler,Vil du jobbe som utvikler for et teknologiselskap i vekst?,"Programvareutviklere, Programvareutvikler, Programvareutvikler",OSLO,http://data.europa.eu/esco/skill/21d2f96d-35f7-4e3f-9745-c533d2dd6e97,dataprogrammering,digital_consensus,0.6546458005905151,0.9988632202148438,0.002029597759246826
7a1651e0-8fea-466f-900b-47a65cdb5936,Satellitt,Rådgiver Jordobservasjon og sikkerhet,"Høyere saksbehandlere i offentlig og privat virksomhet, Høyere saksbehandlere i offentlig og privat virksomhet, Systemanalytikere/-arkitekter, Høyere saksbehandlere i offentlig og privat virksomhet, IT-Systemarkitekt, Beredskapsrådgiver (samfunnssikkerhet), Rådgiver teknisk, naturvitenskap, offentlig administrasjon, IT-Systemarkitekt",OSLO,http://data.europa.eu/esco/skill/6e8fe5de-fe6d-482c-92fe-20e56ee57324,ytelsesparametere for globalt satellittnavigeringssystem,digital_consensus,0.6092619895935059,0.9342832565307617,0.2935147285461426
05847583-ec66-4bc2-b8a7-7c1981f8b46d,Digitalisering,Har du interesse for ny teknologi og vil være med å utvikle ettermarkedsløsninger hos John Deere Forestry?,"Prosjektleder ettermarked, Andre administrative ledere, Informasjonsskrankemedarbeidere, Reklamasjonsmedarbeider, kundeservicemedarbeider",KONGSVINGER,http://data.europa.eu/esco/skill/aa0d8201-5a8e-417f-81f4-c04601139582,digitalisering,exact,,1.0,
2b590dac-759f-4d13-9488-820e09e2210f,Automatiker,Vi søker elektrooperatører/fagarbeidere,"Elektrikere, Elektriker, Automatikere, Automatiker, automasjonsingeniør",SANDNES,http://data.europa.eu/esco/skill/7a950986-27fe-4b6c-adf3-88f211e77019,robotkomponenter,digital_consensus,0.6843463182449341,0.9831464886665344,0.0006955862045288086
6094dc0b-0c1a-4f6d-ab84-9a309f89dace,ERP,Butikk og lagermedarbeider,"Butikkmedarbeidere, Butikkmedarbeider, Butikkmedarbeider",HARSTAD,http://data.europa.eu/esco/skill/09f4c52b-ac72-4f0e-a8ae-78bb1d7bffba,transportprogramvare relatert til et ERP-system,digital_consensus,0.5528852343559265,0.9972111582756042,0.9701170120388269
625dde41-6815-4fdc-818e-85870a38915c,ERP,Supply Chain Manager – En sentral lederrolle i en industribedrift med store vekstambisjoner,"Forsyningsdirektør, Forsyningsdirektør, Ledere av logistikk og transport mv.",LEKSVIK,http://data.europa.eu/esco/skill/09f4c52b-ac72-4f0e-a8ae-78bb1d7bffba,transportprogramvare relatert til et ERP-system,digital_consensus,0.5528852343559265,0.9972111582756042,0.9701170120388269
056aba53-1fd2-4970-9eec-38589ad42443,Materiellplanlegger,Materiellplanlegger IKT - Etterforsyning av Forsvaret,"Logistikkmedarbeidere, Logistikkplanlegger, Logistikkmedarbeidere",LILLEHAMMER,http://data.europa.eu/esco/skill/21d2f96d-35f7-4e3f-9745-c533d2dd6e97,dataprogrammering,digital_consensus,0.6124617457389832,0.9994267225265503,0.0002968907356262207
056aba53-1fd2-4970-9eec-38589ad42443,SAP,Materiellplanlegger IKT - Etterforsyning av Forsvaret,"Logistikkmedarbeidere, Logistikkplanlegger, Logistikkmedarbeidere",LILLEHAMMER,http://data.europa.eu/esco/skill/f8e3425c-fe44-4ffb-bafe-0e20d91dadf4,SAP,exact,,1.0,
1566c209-bf44-4878-ab53-3c053e0a2a6e,LIS3,"Lege i spesialisering, medisinsk genetikk","Lege i spesialisering (LIS2), Lege i spesialisering (LIS2), Allmennpraktiserende leger",TRONDHEIM,http://data.europa.eu/esco/skill/0cd6dcf1-5778-42a5-b685-4d01ae4a4871,Common Lisp,digital_consensus,0.5861812233924866,0.999950647354126,3.814697265625e-06
21bbbf40-ba10-4f5b-8c64-e0599eb96b0b,Dataplattform,Bli med og utvikle dataplattformen bak et av Norges viktigste samfunnsoppdrag! ,"Systemanalytikere/-arkitekter, Frontend-utvikler, Programvareutviklere, Utvikler (Frontend- og backend), programvareutvikler",OSLO,http://data.europa.eu/esco/skill/3ec2e4d6-7000-4905-bf1a-c5b1679416de,datavarehus,digital_consensus,0.5975717306137085,0.9994984865188599,0.0007398128509521484
21bbbf40-ba10-4f5b-8c64-e0599eb96b0b,DevOps,Bli med og utvikle dataplattformen bak et av Norges viktigste samfunnsoppdrag! ,"Systemanalytikere/-arkitekter, Frontend-utvikler, Programvareutviklere, Utvikler (Frontend- og backend), programvareutvikler",OSLO,http://data.europa.eu/esco/skill/f0de4973-0a70-4644-8fd4-3a97080476f4,DevOps,exact,,1.0,
2a6e8e5b-892f-4584-845c-285b28d3c2fe,Dataplattform,Prosjektstilling Data- og infrastrukturingeniør ,"Nettverksansvarlige, Nettverksansvarlige, Systemanalytikere/-arkitekter, Systemanalytikere/-arkitekter, Driftsteknikere, IKT, IKT-tekniker, Infrastrukturkonsulent IKT, IKT-infrastrukturingeniør, Systemutvikler, Informatiker, Datatekniker",KJELLER,http://data.europa.eu/esco/skill/3ec2e4d6-7000-4905-bf1a-c5b1679416de,datavarehus,digital_consensus,0.5975717306137085,0.9994984865188599,0.0007398128509521484
2a6e8e5b-892f-4584-845c-285b28d3c2fe,DevOps,Prosjektstilling Data- og infrastrukturingeniør ,"Nettverksansvarlige, Nettverksansvarlige, Systemanalytikere/-arkitekter, Systemanalytikere/-arkitekter, Driftsteknikere, IKT, IKT-tekniker, Infrastrukturkonsulent IKT, IKT-infrastrukturingeniør, Systemutvikler, Informatiker, Datatekniker",KJELLER,http://data.europa.eu/esco/skill/f0de4973-0a70-4644-8fd4-3a97080476f4,DevOps,exact,,1.0,
2a6e8e5b-892f-4584-845c-285b28d3c2fe,IT,Prosjektstilling Data- og infrastrukturingeniør ,"Nettverksansvarlige, Nettverksansvarlige, Systemanalytikere/-arkitekter, Systemanalytikere/-arkitekter, Driftsteknikere, IKT, IKT-tekniker, Infrastrukturkonsulent IKT, IKT-infrastrukturingeniør, Systemutvikler, Informatiker, Datatekniker",KJELLER,http://data.europa.eu/esco/skill/ddc3119d-1d6e-4324-9125-a3380d299ac5,IT,exact,,1.0,
2a6e8e5b-892f-4584-845c-285b28d3c2fe,Python,Prosjektstilling Data- og infrastrukturingeniør ,"Nettverksansvarlige, Nettverksansvarlige, Systemanalytikere/-arkitekter, Systemanalytikere/-arkitekter, Driftsteknikere, IKT, IKT-tekniker, Infrastrukturkonsulent IKT, IKT-infrastrukturingeniør, Systemutvikler, Informatiker, Datatekniker",KJELLER,http://data.europa.eu/esco/skill/ccd0a1d9-afda-43d9-b901-96344886e14d,Python,exact,,1.0,
2a6e8e5b-892f-4584-845c-285b28d3c2fe,Skyplattform,Prosjektstilling Data- og infrastrukturingeniør ,"Nettverksansvarlige, Nettverksansvarlige, Systemanalytikere/-arkitekter, Systemanalytikere/-arkitekter, Driftsteknikere, IKT, IKT-tekniker, Infrastrukturkonsulent IKT, IKT-infrastrukturingeniør, Systemutvikler, Informatiker, Datatekniker",KJELLER,http://data.europa.eu/esco/skill/11430d93-c835-48ed-8e70-285fa69c9ae6,designe skyarkitektur,digital_consensus,0.5947005748748779,0.9967308044433594,0.002797067165374756
2a6e8e5b-892f-4584-845c-285b28d3c2fe,Systemutvikling,Prosjektstilling Data- og infrastrukturingeniør ,"Nettverksansvarlige, Nettverksansvarlige, Systemanalytikere/-arkitekter, Systemanalytikere/-arkitekter, Driftsteknikere, IKT, IKT-tekniker, Infrastrukturkonsulent IKT, IKT-infrastrukturingeniør, Systemutvikler, Informatiker, Datatekniker",KJELLER,http://data.europa.eu/esco/skill/21d2f96d-35f7-4e3f-9745-c533d2dd6e97,dataprogrammering,digital_consensus,0.6049041152000427,0.9194501638412476,0.19810181856155396
30b4efa2-345c-426a-a5c0-df060cd8d91a,Digital etterforskning,Avsnittsleder Digitalt politiarbeid i Øst politidistrikt (politioverbetjent),"Politibetjenter mv., Avsnittsleder (politi)",LILLESTRØM,http://data.europa.eu/esco/skill/118a9b27-1c5a-4214-b685-1a4d9e6365ea,dataetterforskning,digital_consensus,0.569876492023468,0.999607503414154,0.007637381553649902
30b4efa2-345c-426a-a5c0-df060cd8d91a,IT-sikkerhet,Avsnittsleder Digitalt politiarbeid i Øst politidistrikt (politioverbetjent),"Politibetjenter mv., Avsnittsleder (politi)",LILLESTRØM,http://data.europa.eu/esco/skill/8088750d-8388-4170-a76f-48354c469c44,IT-sikkerhet,exact,,1.0,
3c936e61-c661-445e-b4de-cabf97aeb2f7,Digitalisering,Fagansvarlig lisensforvaltning,"Systemanalytikere/-arkitekter, IKT-konsulent, IT-konsulent",BORRE,http://data.europa.eu/esco/skill/aa0d8201-5a8e-417f-81f4-c04601139582,digitalisering,exact,,1.0,
561383d1-0e51-417f-b9e3-21f20b5f8c56,Digitalisering,"Seniorrådgiver - Styringsdata, 30038283","Regnskapsmedarbeidere, Regnskapsførere, Økonomiarbeider",OSLO,http://data.europa.eu/esco/skill/aa0d8201-5a8e-417f-81f4-c04601139582,digitalisering,exact,,1.0,
561383d1-0e51-417f-b9e3-21f20b5f8c56,ERP,"Seniorrådgiver - Styringsdata, 30038283","Regnskapsmedarbeidere, Regnskapsførere, Økonomiarbeider",OSLO,http://data.europa.eu/esco/skill/09f4c52b-ac72-4f0e-a8ae-78bb1d7bffba,transportprogramvare relatert til et ERP-system,digital_consensus,0.5528852343559265,0.9972111582756042,0.9701170120388269
561383d1-0e51-417f-b9e3-21f20b5f8c56,SAP,"Seniorrådgiver - Styringsdata, 30038283","Regnskapsmedarbeidere, Regnskapsførere, Økonomiarbeider",OSLO,http://data.europa.eu/esco/skill/f8e3425c-fe44-4ffb-bafe-0e20d91dadf4,SAP,exact,,1.0,
63642aad-58d2-4c2d-9aaf-8b548da6aa2d,Matros,Tilkallingsvikarar til våre ferjesamband i Vestland ,"Dekks- og maskinmannskap (skip);, Matros, Dekksoffiserer og loser, Navigatør (skip), Skipsmaskinister, Maskinist (skip), skipsmaskinist",BERGEN,http://data.europa.eu/esco/skill/c3a03c5a-c260-4c26-9b9a-873abb396f4d,MATLAB,digital_consensus,0.568639874458313,0.9997702240943909,0.0015523433685302734
663746d5-4cb6-411a-a4b0-957cf3221898,Hjelpemidler,Har du lyst til å jobbe som min personlige assistent?,"Brukerstyrt personlig assistent (BPA), Brukerstyrt personlig assistent (BPA), Hjemmehjelper",TYNSET,http://data.europa.eu/esco/skill/8759c352-8b00-498f-985a-935f13e1b043,hjelpemidler,exact,,1.0,
74114fb0-24af-4be8-9d70-ec7bbab79964,Sanering,Anleggsarbeider - Kommunalteknisk drift,"Grunnarbeider, Grunnarbeider, Anleggsmaskinførere",BJØRKELANGEN,http://data.europa.eu/esco/skill/2973b3bc-5893-4b3d-8953-22ef677a162f,kutteteknologier,digital_consensus,0.5255371332168579,0.9839547872543335,0.03993338346481323
7beba216-5ea1-43e8-9580-df03cef8162f,IT,Tjenesteansvarlig arbeidsflate og samhandling - senioringeniør,"Digital rådgiver, Digital rådgiver, Systemanalytikere/-arkitekter",OSLO,http://data.europa.eu/esco/skill/ddc3119d-1d6e-4324-9125-a3380d299ac5,IT,exact,,1.0,
7beba216-5ea1-43e8-9580-df03cef8162f,Microsoft 365,Tjenesteansvarlig arbeidsflate og samhandling - senioringeniør,"Digital rådgiver, Digital rådgiver, Systemanalytikere/-arkitekter",OSLO,http://data.europa.eu/esco/skill/f683ae1d-cb7c-4aa1-b9fe-205e1bd23535,bruke Microsoft Office,digital_consensus,0.5470774173736572,0.9996776580810547,0.0003491640090942383
8380099f-e3e7-499e-aabf-5be30aa058cc,IT-tekniker,Har du interesse for IT-support og trives med å hjelpe brukere i hverdagen?,"IT Support, IT Support, Brukerstøttere, IKT",KONGSBERG,http://data.europa.eu/esco/skill/21d2f96d-35f7-4e3f-9745-c533d2dd6e97,dataprogrammering,digital_consensus,0.5668003559112549,0.9945306181907654,0.0016807913780212402
8d5f1112-0a38-4051-b1ed-5dac6b7531fc,Dataanalyse,Stipendiat (postdoktor),"Postdoktor, Postdoktor, Universitets- og høyskolelektorer/-lærere",TØNSBERG,http://data.europa.eu/esco/skill/97bd1c21-66b2-4b7e-ad0f-e3cda590e378,dataanalyse,exact,,1.0,
9c130496-69a8-42ae-a920-97fa722e3db9,GIS,100% stilling som samfunnsplanleggjar ved Samfunnsutvikling og plan,"Høyere saksbehandlere i offentlig og privat virksomhet, Samfunnsplanlegger, kommunal planlegger",ODDA,http://data.europa.eu/esco/skill/377861af-f966-4c87-a2db-7e99904312b9,gis,exact,,1.0,
a16558b7-d96b-4382-9ce7-f66d5e6719b9,CT,Radiograf – 100 % fast stilling ved Bildediagnostikk Lillehammer,"Radiografer mv., radiograf, Radiograf",LILLEHAMMER,http://data.europa.eu/esco/skill/21d2f96d-35f7-4e3f-9745-c533d2dd6e97,cT,exact,,1.0,
a2ea9496-fbef-421f-802b-36208d4c6622,KI-ingeniør,Prosjektstilling KI-ingeniør data scientist ,"Systemanalytikere/-arkitekter, AI educational specialist, utdannelsesforsker, Forsker datavitenskap, Forsker datavitenskap",KJELLER,http://data.europa.eu/esco/skill/21d2f96d-35f7-4e3f-9745-c533d2dd6e97,dataprogrammering,digital_consensus,0.5774126648902893,0.9981750249862671,0.0016790032386779785
a2ea9496-fbef-421f-802b-36208d4c6622,Python,Prosjektstilling KI-ingeniør data scientist ,"Systemanalytikere/-arkitekter, AI educational specialist, utdannelsesforsker, Forsker datavitenskap, Forsker datavitenskap",KJELLER,http://data.europa.eu/esco/skill/ccd0a1d9-afda-43d9-b901-96344886e14d,Python,exact,,1.0,
a2ea9496-fbef-421f-802b-36208d4c6622,data scientist,Prosjektstilling KI-ingeniør data scientist ,"Systemanalytikere/-arkitekter, AI educational specialist, utdannelsesforsker, Forsker datavitenskap, Forsker datavitenskap",KJELLER,http://data.europa.eu/esco/skill/21d2f96d-35f7-4e3f-9745-c533d2dd6e97,dataprogrammering,digital_consensus,0.566138744354248,0.9962918758392334,0.008830726146697998
a2ea9496-fbef-421f-802b-36208d4c6622,maskinlæring,Prosjektstilling KI-ingeniør data scientist ,"Systemanalytikere/-arkitekter, AI educational specialist, utdannelsesforsker, Forsker datavitenskap, Forsker datavitenskap",KJELLER,http://data.europa.eu/esco/skill/3a2d5b45-56e4-4f5a-a55a-4a4a65afdc43,maskinlæring,exact,,1.0,
a2ea9496-fbef-421f-802b-36208d4c6622,programmering,Prosjektstilling KI-ingeniør data scientist ,"Systemanalytikere/-arkitekter, AI educational specialist, utdannelsesforsker, Forsker datavitenskap, Forsker datavitenskap",KJELLER,http://data.europa.eu/esco/skill/21d2f96d-35f7-4e3f-9745-c533d2dd6e97,dataprogrammering,digital_consensus,0.5193703174591064,0.8931854367256165,0.8318698219954967
a8a0d345-0b77-48a0-aa44-945da7532885,Signalbehandling,PhD Candidate in Vocal Biomarkers: Acoustics of the Voice for Health Applications,"Stipendiat, Stipendiat, Universitets- og høyskolelektorer/-lærere",TRONDHEIM,http://data.europa.eu/esco/skill/cfa2be0d-96d5-4017-a866-962efb9c5070,signalbehandling,exact,,1.0,
b22acba8-f261-4fc1-9814-31669502d80e,Digitalisering,Ingeniør med erfaring fra byggeprosesser,"Senioringeniør, Senioringeniør, Andre ingeniører",OSLO,http://data.europa.eu/esco/skill/aa0d8201-5a8e-417f-81f4-c04601139582,digitalisering,exact,,1.0,
b46cef41-e8b5-4ca9-8e61-e834601c26dd,SAP,Erfaren teknisk saksbehandler søkes til Forsvarets basesystemer,"Høyere saksbehandlere i offentlig og privat virksomhet, Høyere saksbehandlere i offentlig og privat virksomhet, Saksbehandler teknisk, naturvitenskapelig utredning, off.adm",LILLEHAMMER,http://data.europa.eu/esco/skill/f8e3425c-fe44-4ffb-bafe-0e20d91dadf4,SAP,exact,,1.0,
b79caba1-c8ec-45bb-912a-7b973c849d12,Cybersikkerhet,Senioringeniør IT-sikkerhet,"Overingeniør IT, Sivilingeniører (elektronikk), Andre ingeniører, Sikkerhetsingeniør, Sikkerhetsanalytikere mv., Cybersikkerhetsingeniør, IKT-sikkerhetsingeniør",OSLO,http://data.europa.eu/esco/skill/8088750d-8388-4170-a76f-48354c469c44,cybersikkerhet,exact,,1.0,
b79caba1-c8ec-45bb-912a-7b973c849d12,Hendelseshåndtering,Senioringeniør IT-sikkerhet,"Overingeniør IT, Sivilingeniører (elektronikk), Andre ingeniører, Sikkerhetsingeniør, Sikkerhetsanalytikere mv., Cybersikkerhetsingeniør, IKT-sikkerhetsingeniør",OSLO,http://data.europa.eu/esco/skill/8181aa4c-42bc-4036-a3d2-5cb6bbb34239,håndtere cybersikkerhetshendelser,digital_consensus,0.670574963092804,0.9964136481285095,0.011377155780792236
b79caba1-c8ec-45bb-912a-7b973c849d12,IT-sikkerhet,Senioringeniør IT-sikkerhet,"Overingeniør IT, Sivilingeniører (elektronikk), Andre ingeniører, Sikkerhetsingeniør, Sikkerhetsanalytikere mv., Cybersikkerhetsingeniør, IKT-sikkerhetsingeniør",OSLO,http://data.europa.eu/esco/skill/8088750d-8388-4170-a76f-48354c469c44,IT-sikkerhet,exact,,1.0,
b79caba1-c8ec-45bb-912a-7b973c849d12,Informasjonssikkerhet,Senioringeniør IT-sikkerhet,"Overingeniør IT, Sivilingeniører (elektronikk), Andre ingeniører, Sikkerhetsingeniør, Sikkerhetsanalytikere mv., Cybersikkerhetsingeniør, IKT-sikkerhetsingeniør",OSLO,http://data.europa.eu/esco/skill/8088750d-8388-4170-a76f-48354c469c44,informasjonssikkerhet,exact,,1.0,
b7afe266-b104-4c6f-bfc1-cf7dd4655fff,IT,Er du vår nye Seniorrådgiver som ønsker å jobbe med utvikling av kommunikasjonstjenester?,"Systemanalytikere/-arkitekter, Seniorrådgiver (IT), IKT-konsulent",FÅBERG,http://data.europa.eu/esco/skill/ddc3119d-1d6e-4324-9125-a3380d299ac5,IT,exact,,1.0,
d624924c-461a-41b3-99a0-99eeb89b1a7f,Cybersikkerhet,Avsnittsleder Digitalt politiarbeid i Øst politidistrikt (sivil stilling),"Politibetjenter mv., Avsnittsleder (politi), Ledere av IKT-enheter, IT-leder, Ledere av IKT-enheter",LILLESTRØM,http://data.europa.eu/esco/skill/8088750d-8388-4170-a76f-48354c469c44,cybersikkerhet,exact,,1.0,
d624924c-461a-41b3-99a0-99eeb89b1a7f,Digital etterforskning,Avsnittsleder Digitalt politiarbeid i Øst politidistrikt (sivil stilling),"Politibetjenter mv., Avsnittsleder (politi), Ledere av IKT-enheter, IT-leder, Ledere av IKT-enheter",LILLESTRØM,http://data.europa.eu/esco/skill/118a9b27-1c5a-4214-b685-1a4d9e6365ea,dataetterforskning,digital_consensus,0.569876492023468,0.999607503414154,0.007637381553649902
d624924c-461a-41b3-99a0-99eeb89b1a7f,Informasjonssikkerhet,Avsnittsleder Digitalt politiarbeid i Øst politidistrikt (sivil stilling),"Politibetjenter mv., Avsnittsleder (politi), Ledere av IKT-enheter, IT-leder, Ledere av IKT-enheter",LILLESTRØM,http://data.europa.eu/esco/skill/8088750d-8388-4170-a76f-48354c469c44,informasjonssikkerhet,exact,,1.0,
dd667623-274d-493f-96cb-0cabfcbca86d,Telekommunikasjonsmontør,Tekniker svakstrøm,"Serviceelektronikere, Svakstrømstekniker, Serviceelektronikere",BODØ,http://data.europa.eu/esco/skill/14764a75-3104-4875-ba1d-57c059b9b013,telekommunikasjonsteknikk,digital_consensus,0.5404092669487,0.9998538494110107,0.001627504825592041
e55ea43e-a3e4-4f66-b639-046119f90d10,Arkitektur,Byggesaksbehandler – fast 100 % stilling ,"Byggesaksbehandler, Byggesaksbehandler, Bygningsingeniører",SANDE I VESTFOLD,http://data.europa.eu/esco/skill/c453cf81-6197-428e-84c6-70c773b63f27,Arkitektoniske IKT-rammeverk,digital_consensus,0.5593475699424744,0.9923986792564392,0.11609482765197754
ebe2ce26-040b-46a0-a5d0-cf9d09ce510c,Arkitektur,Vil du bidra til utviklingen av en kommune i vekst?,"Byggesaksbehandler, Byggesaksbehandler, Bygningsingeniører",GJERDRUM,http://data.europa.eu/esco/skill/c453cf81-6197-428e-84c6-70c773b63f27,Arkitektoniske IKT-rammeverk,digital_consensus,0.5593475699424744,0.9923986792564392,0.11609482765197754
ed2b34d3-aa27-4859-aa55-1c76f577421b,Dataanalyse,Leder for digital transformasjon av utenrikstjenesten,"Andre administrative ledere, Digitaliseringsansvarlig, prosjektleder",OSLO,http://data.europa.eu/esco/skill/97bd1c21-66b2-4b7e-ad0f-e3cda590e378,dataanalyse,exact,,1.0,
ed2b34d3-aa27-4859-aa55-1c76f577421b,Digitalisering,Leder for digital transformasjon av utenrikstjenesten,"Andre administrative ledere, Digitaliseringsansvarlig, prosjektleder",OSLO,http://data.europa.eu/esco/skill/aa0d8201-5a8e-417f-81f4-c04601139582,digitalisering,exact,,1.0,
f34ee64e-c60e-4378-bf2e-08f4ea2325b6,Arkitektur,Prosjektstilling Sjefsingeniør KI,"Programvareutviklere, Programvareutvikler, Systemanalytikere/-arkitekter, Dataanalytiker, Systemanalytikere/-arkitekter, Spesialist kunstig intelligens, utvikler av IKT-intelligenssystemer",KJELLER,http://data.europa.eu/esco/skill/c453cf81-6197-428e-84c6-70c773b63f27,Arkitektoniske IKT-rammeverk,digital_consensus,0.5593475699424744,0.9923986792564392,0.11609482765197754
f34ee64e-c60e-4378-bf2e-08f4ea2325b6,Dataanalyse,Prosjektstilling Sjefsingeniør KI,"Programvareutviklere, Programvareutvikler, Systemanalytikere/-arkitekter, Dataanalytiker, Systemanalytikere/-arkitekter, Spesialist kunstig intelligens, utvikler av IKT-intelligenssystemer",KJELLER,http://data.europa.eu/esco/skill/97bd1c21-66b2-4b7e-ad0f-e3cda590e378,dataanalyse,exact,,1.0,
f34ee64e-c60e-4378-bf2e-08f4ea2325b6,Maskinlæring,Prosjektstilling Sjefsingeniør KI,"Programvareutviklere, Programvareutvikler, Systemanalytikere/-arkitekter, Dataanalytiker, Systemanalytikere/-arkitekter, Spesialist kunstig intelligens, utvikler av IKT-intelligenssystemer",KJELLER,http://data.europa.eu/esco/skill/3a2d5b45-56e4-4f5a-a55a-4a4a65afdc43,maskinlæring,exact,,1.0,
f34ee64e-c60e-4378-bf2e-08f4ea2325b6,Programvareutvikling,Prosjektstilling Sjefsingeniør KI,"Programvareutviklere, Programvareutvikler, Systemanalytikere/-arkitekter, Dataanalytiker, Systemanalytikere/-arkitekter, Spesialist kunstig intelligens, utvikler av IKT-intelligenssystemer",KJELLER,http://data.europa.eu/esco/skill/21d2f96d-35f7-4e3f-9745-c533d2dd6e97,dataprogrammering,digital_consensus,0.5329556465148926,0.9873233437538147,0.12117928266525269
afdfdde9-6ec1-43fe-bdff-c2fbbbcc1e1f,Dataplattform,Senior Data Scientist,"Senior Data Scientist, Senior Data Scientist, Systemanalytikere/-arkitekter",OSLO,http://data.europa.eu/esco/skill/3ec2e4d6-7000-4905-bf1a-c5b1679416de,datavarehus,digital_consensus,0.5975717306137085,0.9994984865188599,0.0007398128509521484
afdfdde9-6ec1-43fe-bdff-c2fbbbcc1e1f,Maskinlæring,Senior Data Scientist,"Senior Data Scientist, Senior Data Scientist, Systemanalytikere/-arkitekter",OSLO,http://data.europa.eu/esco/skill/3a2d5b45-56e4-4f5a-a55a-4a4a65afdc43,maskinlæring,exact,,1.0,
afdfdde9-6ec1-43fe-bdff-c2fbbbcc1e1f,Senior Data Scientist,Senior Data Scientist,"Senior Data Scientist, Senior Data Scientist, Systemanalytikere/-arkitekter",OSLO,http://data.europa.eu/esco/skill/c1b4aa1e-bc42-49e4-952a-0cbd45f1d57b,museumsdatabaser,digital_consensus,0.5129095911979675,0.9994685053825378,0.0016829371452331543
d4e7ac74-a9df-49d8-a66d-c99d208cf7e0,Arkitektur,Tech Lead – Microsoft 365,"Ledere av IKT-enheter, IT-leder, Ledere av IKT-enheter",TRONDHEIM,http://data.europa.eu/esco/skill/c453cf81-6197-428e-84c6-70c773b63f27,Arkitektoniske IKT-rammeverk,digital_consensus,0.5593475699424744,0.9923986792564392,0.11609482765197754
d4e7ac74-a9df-49d8-a66d-c99d208cf7e0,IT,Tech Lead – Microsoft 365,"Ledere av IKT-enheter, IT-leder, Ledere av IKT-enheter",TRONDHEIM,http://data.europa.eu/esco/skill/ddc3119d-1d6e-4324-9125-a3380d299ac5,IT,exact,,1.0,
d4e7ac74-a9df-49d8-a66d-c99d208cf7e0,Informasjonssikkerhet,Tech Lead – Microsoft 365,"Ledere av IKT-enheter, IT-leder, Ledere av IKT-enheter",TRONDHEIM,http://data.europa.eu/esco/skill/8088750d-8388-4170-a76f-48354c469c44,informasjonssikkerhet,exact,,1.0,
d4e7ac74-a9df-49d8-a66d-c99d208cf7e0,Microsoft 365,Tech Lead – Microsoft 365,"Ledere av IKT-enheter, IT-leder, Ledere av IKT-enheter",TRONDHEIM,http://data.europa.eu/esco/skill/f683ae1d-cb7c-4aa1-b9fe-205e1bd23535,bruke Microsoft Office,digital_consensus,0.5470774173736572,0.9996776580810547,0.0003491640090942383
abc9af47-f4fe-4ce6-9749-723f5cceceba,BIM,Seniorrådgiver Elektro Trondheim,"Elektroingeniør, Elektronikkingeniører, Sivilingeniører (maskin- og marin-teknikk);, Sivilingeniør (automasjon), Sivilingeniører (elektronikk);, Senior konsulent (sivilingeniør, elektronikk), elektronikkingeniør",TRONDHEIM,http://data.europa.eu/esco/skill/fae7e545-5114-43cc-8e83-178e2549ecb9,bim,exact,,1.0,
3635799e-168f-45a9-8a4f-363bce7aab5a,Dataanalyse,Publicis søker Dynamic Ads Specialist med sterkt teknologifokus,"Reklame- og markedsføringsrådgivere, Digital markedsfører, markedsføringsspesialist",OSLO,http://data.europa.eu/esco/skill/97bd1c21-66b2-4b7e-ad0f-e3cda590e378,dataanalyse,exact,,1.0,
1d5bda54-fc86-406d-ba18-450c1f9add11,Dokumentforvaltning,Seniorrådgiver dokumentforvaltning,"Arkivarer og kuratorer, Dokumentforvalter, arkivassistent",OSLO,http://data.europa.eu/esco/skill/bec4359e-cb92-468f-a997-8fb28e32fba9,Metoder innen IKT-prosjektledelse,digital_consensus,0.5678485035896301,0.9981982111930847,0.00032395124435424805
c26321e1-304b-4fa7-a3cb-178ccc021587,Elektronikk,"SENIOR PROJECT ENGINEER Elektromekanikk, avionikk \& test","Elektronikkingeniører, Elektroingeniør, ingeniør, elektro",KONGSBERG,http://data.europa.eu/esco/skill/95c35c3a-035f-47c2-90cf-7e934d20fc08,elektronikk,exact,,1.0,
864fe85d-a5b1-4c54-9a10-aac9364d6e86,Digitalisering,Senior fagrådgiver dokumentforvaltning,"Bedriftsrådgiver, Banker - Anti-Money Laundering (AML), Bedriftsrådgiver, Banker - Anti-Money Laundering (AML), Rådgivere/forskere, samfunnsøkonomi",OSLO,http://data.europa.eu/esco/skill/aa0d8201-5a8e-417f-81f4-c04601139582,digitalisering,exact,,1.0,
864fe85d-a5b1-4c54-9a10-aac9364d6e86,Dokumentforvaltning,Senior fagrådgiver dokumentforvaltning,"Bedriftsrådgiver, Banker - Anti-Money Laundering (AML), Bedriftsrådgiver, Banker - Anti-Money Laundering (AML), Rådgivere/forskere, samfunnsøkonomi",OSLO,http://data.europa.eu/esco/skill/bec4359e-cb92-468f-a997-8fb28e32fba9,Metoder innen IKT-prosjektledelse,digital_consensus,0.5678485035896301,0.9981982111930847,0.00032395124435424805
6e8d0513-982d-45b0-bd95-c8e060949f05,Python,Vil du bli del av vårt anerkjente fagmiljø innenfor mobilitet?,"Arealplanleggere, Mobilitetsplanlegger, ruteplanlegger",OSLO,http://data.europa.eu/esco/skill/ccd0a1d9-afda-43d9-b901-96344886e14d,Python,exact,,1.0,
f71f22d5-9e2d-49ad-a23d-1bd8d02902a9,IT,Vil du bidra til å bygge fremtidens økonomistyring for IT og skytjenester?,"IKT-systemanalytiker, Systemanalytikere/-arkitekter, Applikasjonsprogrammerere, Azure .Net Utvikler, Applikasjonsprogrammerere",OSLO,http://data.europa.eu/esco/skill/ddc3119d-1d6e-4324-9125-a3380d299ac5,IT,exact,,1.0,
f71f22d5-9e2d-49ad-a23d-1bd8d02902a9,Sky,Vil du bidra til å bygge fremtidens økonomistyring for IT og skytjenester?,"IKT-systemanalytiker, Systemanalytikere/-arkitekter, Applikasjonsprogrammerere, Azure .Net Utvikler, Applikasjonsprogrammerere",OSLO,http://data.europa.eu/esco/skill/11430d93-c835-48ed-8e70-285fa69c9ae6,designe skyarkitektur,digital_consensus,0.6258109211921692,0.9894150495529175,0.019019901752471924
6b4b496c-7d4c-4602-8c8c-5bfa0b1856a1,IT,Ønsker du å bidra til utvikling i vårt unike krafthandelsmiljø i Nord-Norge?,"Kontormedarbeidere, Kontormedarbeider, Administrasjonsmedarbeider, Systemadministratorer, IT Coordinator, Regnskapsmedarbeidere, Økonomikonsulent, Andre sivilingeniører (unntatt elektroteknologi);, Sivilingeniører (energirådgivning), energiingeniør",FAUSKE,http://data.europa.eu/esco/skill/ddc3119d-1d6e-4324-9125-a3380d299ac5,IT,exact,,1.0,
6b4b496c-7d4c-4602-8c8c-5bfa0b1856a1,Python,Ønsker du å bidra til utvikling i vårt unike krafthandelsmiljø i Nord-Norge?,"Kontormedarbeidere, Kontormedarbeider, Administrasjonsmedarbeider, Systemadministratorer, IT Coordinator, Regnskapsmedarbeidere, Økonomikonsulent, Andre sivilingeniører (unntatt elektroteknologi);, Sivilingeniører (energirådgivning), energiingeniør",FAUSKE,http://data.europa.eu/esco/skill/ccd0a1d9-afda-43d9-b901-96344886e14d,Python,exact,,1.0,
e3bc01e1-89f1-44b0-848c-5281265dd1e2,Elektronikk,Klar for å holde oversikt i leveransene?,"Andre administrative ledere, Project Manager, prosjektleder",HORTEN,http://data.europa.eu/esco/skill/95c35c3a-035f-47c2-90cf-7e934d20fc08,elektronikk,exact,,1.0,
483a6ec5-e7e5-4e89-a2c5-91a43503eb84,Digitalisering,Vil du forme produkter som gjør en forskjell?,"Produktleder industri, Produktleder industri, Forsknings- og utviklingsledere",OSLO,http://data.europa.eu/esco/skill/aa0d8201-5a8e-417f-81f4-c04601139582,digitalisering,exact,,1.0,
483a6ec5-e7e5-4e89-a2c5-91a43503eb84,Produktutvikling,Vil du forme produkter som gjør en forskjell?,"Produktleder industri, Produktleder industri, Forsknings- og utviklingsledere",OSLO,http://data.europa.eu/esco/skill/4f6b656a-54d0-48ce-9b55-ebcac5904a14,håndtere geospatiale teknologier,digital_consensus,0.6504983901977539,0.9169093370437622,0.013612568378448486
8871a49c-80a2-4d92-8916-b195f6308fef,Business analyst,Vil du være med å videreutvikle KLPs digitale forsikringsløsninger?,"Forretningsanalytiker, Forretningsanalytiker, Finansanalytikere, Business analyst",OSLO,http://data.europa.eu/esco/skill/143769cb-b61e-47d8-a61e-eedfbec1016c,analyse av forretningsdata,digital_consensus,0.568411111831665,0.9990353584289551,0.0018198490142822266
8871a49c-80a2-4d92-8916-b195f6308fef,DevOps,Vil du være med å videreutvikle KLPs digitale forsikringsløsninger?,"Forretningsanalytiker, Forretningsanalytiker, Finansanalytikere, Business analyst",OSLO,http://data.europa.eu/esco/skill/f0de4973-0a70-4644-8fd4-3a97080476f4,DevOps,exact,,1.0,
8871a49c-80a2-4d92-8916-b195f6308fef,IT,Vil du være med å videreutvikle KLPs digitale forsikringsløsninger?,"Forretningsanalytiker, Forretningsanalytiker, Finansanalytikere, Business analyst",OSLO,http://data.europa.eu/esco/skill/ddc3119d-1d6e-4324-9125-a3380d299ac5,IT,exact,,1.0,
09fcd039-7c6d-4638-a05f-e27ae5f57e64,AI,Prosjektleder med AI kompetanse,"Andre administrative ledere, Prosjektleder, prosjektleder",BERGEN,http://data.europa.eu/esco/skill/e465a154-93f7-4973-9ce1-31659fe16dd2,prinsipper for kunstig intelligens,digital_consensus,0.5584366917610168,0.99960857629776,0.001320481300354004
09fcd039-7c6d-4638-a05f-e27ae5f57e64,Digitalisering,Prosjektleder med AI kompetanse,"Andre administrative ledere, Prosjektleder, prosjektleder",BERGEN,http://data.europa.eu/esco/skill/aa0d8201-5a8e-417f-81f4-c04601139582,digitalisering,exact,,1.0,
be379526-698a-499a-8d34-041d4253aadf,IT,Vil du være med å bygge en bærekraftig fremtid hos Storebrand?,"Senior Backendutvikler, Senior Backendutvikler, Programvareutviklere",TRONDHEIM,http://data.europa.eu/esco/skill/ddc3119d-1d6e-4324-9125-a3380d299ac5,IT,exact,,1.0,
be379526-698a-499a-8d34-041d4253aadf,Java,Vil du være med å bygge en bærekraftig fremtid hos Storebrand?,"Senior Backendutvikler, Senior Backendutvikler, Programvareutviklere",TRONDHEIM,http://data.europa.eu/esco/skill/19a8293b-8e95-4de3-983f-77484079c389,Java,exact,,1.0,
be379526-698a-499a-8d34-041d4253aadf,Programmering,Vil du være med å bygge en bærekraftig fremtid hos Storebrand?,"Senior Backendutvikler, Senior Backendutvikler, Programvareutviklere",TRONDHEIM,http://data.europa.eu/esco/skill/21d2f96d-35f7-4e3f-9745-c533d2dd6e97,dataprogrammering,digital_consensus,0.714440643787384,0.9188328981399536,0.2761046886444092
be379526-698a-499a-8d34-041d4253aadf,Systemutvikling,Vil du være med å bygge en bærekraftig fremtid hos Storebrand?,"Senior Backendutvikler, Senior Backendutvikler, Programvareutviklere",TRONDHEIM,http://data.europa.eu/esco/skill/21d2f96d-35f7-4e3f-9745-c533d2dd6e97,dataprogrammering,digital_consensus,0.6049041152000427,0.9194501638412476,0.19810181856155396
790c221f-e950-423a-bbe7-0b7921ad18ed,IT,Senior Bid Manager,"Bid Manager Systems, Bid Manager Systems, Andre administrative ledere",OSLO,http://data.europa.eu/esco/skill/ddc3119d-1d6e-4324-9125-a3380d299ac5,IT,exact,,1.0,
ae6f37e6-ba22-4349-8770-3a98a305ae26,SAP,Maskinoperatør -- støperiet,"Operatører innen produksjon av gummiprodukter, Maskinoperatør, blanding av skumgummi",FETSUND,http://data.europa.eu/esco/skill/f8e3425c-fe44-4ffb-bafe-0e20d91dadf4,SAP,exact,,1.0,
2c1e3388-dcc8-4e59-b628-a99fc98c8ac2,Digitalisering,Vil du være med å bygge og utvikle økonomifunksjonen i et selskap i vekst?,"Økonomiarbeider, Økonomiarbeider, Regnskapsmedarbeidere",OSLO,http://data.europa.eu/esco/skill/aa0d8201-5a8e-417f-81f4-c04601139582,digitalisering,exact,,1.0,
c81651a5-29bd-45ad-8629-f9dff5ec6520,IT,"Teknisk lederrolle med ansvar, koordinering og høy reiseaktivitet","Brukerstøtte, IKT, Driftsteknikere, IKT, Brukerstøtte, IKT, Brukerstøtte, IT-brukersupporttekniker, IKT - medarbeider, IT-supporttekniker",HAUGESUND,http://data.europa.eu/esco/skill/ddc3119d-1d6e-4324-9125-a3380d299ac5,IT,exact,,1.0,
c81651a5-29bd-45ad-8629-f9dff5ec6520,IT-tekniker,"Teknisk lederrolle med ansvar, koordinering og høy reiseaktivitet","Brukerstøtte, IKT, Driftsteknikere, IKT, Brukerstøtte, IKT, Brukerstøtte, IT-brukersupporttekniker, IKT - medarbeider, IT-supporttekniker",HAUGESUND,http://data.europa.eu/esco/skill/21d2f96d-35f7-4e3f-9745-c533d2dd6e97,dataprogrammering,digital_consensus,0.5668003559112549,0.9945306181907654,0.0016807913780212402
1c30012c-83df-4e98-822b-126a5574a5da,Digitalisering,Økonomi- og administrasjonssjef i Atlas-alliansen,"Finans- og økonomisjef, Finans- og økonomisjefer, Finans- og økonomisjefer, Økonomi- og administrasjonsansvarlig, Finans- og økonomisjefer",OSLO,http://data.europa.eu/esco/skill/aa0d8201-5a8e-417f-81f4-c04601139582,digitalisering,exact,,1.0,
92d1af3f-114b-48d0-ad6a-9b3487953aec,Digital forretningsutvikling,Vil du være med å forme fremtidens digitale kundeopplevelser?,"Digital forretningsutvikler, Digital forretningsutvikler, Reklame- og markedsføringsrådgivere",LYSAKER,http://data.europa.eu/esco/skill/736ef286-fbd3-4e5c-a4b4-d1e2008c9898,planlegge digital markedsføring,digital_consensus,0.5846993923187256,0.9994471669197083,0.16454589366912842
92d1af3f-114b-48d0-ad6a-9b3487953aec,Digitale løsninger,Vil du være med å forme fremtidens digitale kundeopplevelser?,"Digital forretningsutvikler, Digital forretningsutvikler, Reklame- og markedsføringsrådgivere",LYSAKER,http://data.europa.eu/esco/skill/21d2f96d-35f7-4e3f-9745-c533d2dd6e97,dataprogrammering,digital_consensus,0.628021776676178,0.9054232835769653,0.049161553382873535
92d1af3f-114b-48d0-ad6a-9b3487953aec,Produktutvikling,Vil du være med å forme fremtidens digitale kundeopplevelser?,"Digital forretningsutvikler, Digital forretningsutvikler, Reklame- og markedsføringsrådgivere",LYSAKER,http://data.europa.eu/esco/skill/4f6b656a-54d0-48ce-9b55-ebcac5904a14,håndtere geospatiale teknologier,digital_consensus,0.6504983901977539,0.9169093370437622,0.013612568378448486
db1bfe9b-2ef6-4627-a699-72c0c572855d,Drone,Fagarbeider,"Overflatebehandlere og lakkerere, Lakkerer, sprøytelakkerer",HØNEFOSS,http://data.europa.eu/esco/skill/a521903b-aa32-4954-9790-961b0df1261f,drone,exact,,1.0,
4c9e351a-1682-491b-9b15-2c39231c75cb,ERP,Key Account Manager søkes til Inission Halden,"Key Account Manager, Key Account Manager, Selgere (engros)",HALDEN,http://data.europa.eu/esco/skill/09f4c52b-ac72-4f0e-a8ae-78bb1d7bffba,transportprogramvare relatert til et ERP-system,digital_consensus,0.5528852343559265,0.9972111582756042,0.9701170120388269
4c9e351a-1682-491b-9b15-2c39231c75cb,Elektronikk,Key Account Manager søkes til Inission Halden,"Key Account Manager, Key Account Manager, Selgere (engros)",HALDEN,http://data.europa.eu/esco/skill/95c35c3a-035f-47c2-90cf-7e934d20fc08,elektronikk,exact,,1.0,
9aadb0ff-827d-48e4-900b-461522795818,Dataplattform,Ready to shape the data products powering every customer journey in Salesforce?,"Senior Data Engineer, Senior Data Engineer, Databasedesignere og -administratorer, Sivilingeniører (elektronikk);, Dataingeniør",LYSAKER,http://data.europa.eu/esco/skill/3ec2e4d6-7000-4905-bf1a-c5b1679416de,datavarehus,digital_consensus,0.5975717306137085,0.9994984865188599,0.0007398128509521484
9aadb0ff-827d-48e4-900b-461522795818,Dataprodukter,Ready to shape the data products powering every customer journey in Salesforce?,"Senior Data Engineer, Senior Data Engineer, Databasedesignere og -administratorer, Sivilingeniører (elektronikk);, Dataingeniør",LYSAKER,http://data.europa.eu/esco/skill/21d2f96d-35f7-4e3f-9745-c533d2dd6e97,dataprogrammering,digital_consensus,0.5338786840438843,0.9880436062812805,0.009160399436950684
9e292b8f-211c-41de-b8c5-131e6601cb45,Elektronikk,Play a key role in shaping the future of our test capabilities aligned with future R\&D and manufacturing needs,"Elektronikkingeniører, Testingeniør elektronikk og telekommunikasjon, Elektronikkingeniører",DRAMMEN,http://data.europa.eu/esco/skill/95c35c3a-035f-47c2-90cf-7e934d20fc08,elektronikk,exact,,1.0,
01666d5a-6945-4aaf-8c04-706d477f1448,Programmering,NRG-U søker realfagslærere -- drømmestillingen for deg som realfagslærer!,"Grunnskolelærere, Ungdomsskolelærer, lærer i videregående skole",SANDVIKA,http://data.europa.eu/esco/skill/21d2f96d-35f7-4e3f-9745-c533d2dd6e97,dataprogrammering,digital_consensus,0.714440643787384,0.9188328981399536,0.2761046886444092
919eb6e1-c193-4f41-8065-93169f56c5de,Elektronikk,Eplehuset Storgata -- Tekniker heltid,"Tekniker, Tekniker, Andre ingeniører",OSLO,http://data.europa.eu/esco/skill/95c35c3a-035f-47c2-90cf-7e934d20fc08,elektronikk,exact,,1.0,
abb67817-e3da-48df-a54c-75f8b7b7cf5f,Robotikk,"Vi søker medarbeidere med sterk interesse for design, bygging og feilsøking","Elektronikkingeniører, Mekatronikkingeniør, Operatører innen metallurgiske prosessfag, Kabelbygger",KONGSBERG,http://data.europa.eu/esco/skill/e87ec79a-c9ff-46f5-84fa-7a0f394cdf40,robotikk,exact,,1.0,
edfb0e5d-4bad-455e-b877-520f50230e3f,Cyber security,CSIRT Security Operations Analyst,"Sikkerhetsanalytikere mv., IT Security Operation Manager, Nettverksansvarlige, Cisco Certified Design Professional, IKT-nettverksarkitekt",OSLO,http://data.europa.eu/esco/skill/8088750d-8388-4170-a76f-48354c469c44,cyber security,exact,,1.0,
edfb0e5d-4bad-455e-b877-520f50230e3f,IT-sikkerhet,CSIRT Security Operations Analyst,"Sikkerhetsanalytikere mv., IT Security Operation Manager, Nettverksansvarlige, Cisco Certified Design Professional, IKT-nettverksarkitekt",OSLO,http://data.europa.eu/esco/skill/8088750d-8388-4170-a76f-48354c469c44,IT-sikkerhet,exact,,1.0,
179674df-2392-4880-b7a3-6c3263da2c4d,Elektronikk,Robotics Engineer - Winterleap,"Systemanalytikere/-arkitekter, Robotic Process Automation and Artificial Intelligence Developer, Programvareutviklere, Robotic Process Automation (RPA) Utvikler, programvareutvikler",OSLO,http://data.europa.eu/esco/skill/95c35c3a-035f-47c2-90cf-7e934d20fc08,elektronikk,exact,,1.0,
179674df-2392-4880-b7a3-6c3263da2c4d,Innebygde systemer,Robotics Engineer - Winterleap,"Systemanalytikere/-arkitekter, Robotic Process Automation and Artificial Intelligence Developer, Programvareutviklere, Robotic Process Automation (RPA) Utvikler, programvareutvikler",OSLO,http://data.europa.eu/esco/skill/2180bd8c-86de-4889-8165-adac902eee9d,innebygde systemer,exact,,1.0,
179674df-2392-4880-b7a3-6c3263da2c4d,Kontrollsystemer,Robotics Engineer - Winterleap,"Systemanalytikere/-arkitekter, Robotic Process Automation and Artificial Intelligence Developer, Programvareutviklere, Robotic Process Automation (RPA) Utvikler, programvareutvikler",OSLO,http://data.europa.eu/esco/skill/4ff549c3-daa5-4def-9916-301c7bdf13b8,kontrollsystemer,exact,,1.0,
179674df-2392-4880-b7a3-6c3263da2c4d,Kybernetikk,Robotics Engineer - Winterleap,"Systemanalytikere/-arkitekter, Robotic Process Automation and Artificial Intelligence Developer, Programvareutviklere, Robotic Process Automation (RPA) Utvikler, programvareutvikler",OSLO,http://data.europa.eu/esco/skill/fc5818b4-66f9-498b-a1bc-ff651db2af68,kybernetikk,exact,,1.0,
179674df-2392-4880-b7a3-6c3263da2c4d,Robotics engineer,Robotics Engineer - Winterleap,"Systemanalytikere/-arkitekter, Robotic Process Automation and Artificial Intelligence Developer, Programvareutviklere, Robotic Process Automation (RPA) Utvikler, programvareutvikler",OSLO,http://data.europa.eu/esco/skill/7a950986-27fe-4b6c-adf3-88f211e77019,robotkomponenter,digital_consensus,0.6468111276626587,0.9982010126113892,0.06355029344558716
179674df-2392-4880-b7a3-6c3263da2c4d,Robotikk,Robotics Engineer - Winterleap,"Systemanalytikere/-arkitekter, Robotic Process Automation and Artificial Intelligence Developer, Programvareutviklere, Robotic Process Automation (RPA) Utvikler, programvareutvikler",OSLO,http://data.europa.eu/esco/skill/e87ec79a-c9ff-46f5-84fa-7a0f394cdf40,robotikk,exact,,1.0,
aedf8576-5e87-4691-8bad-eea85e570f0b,dataanalyse,Quote to Cash Coordinator - Finance,"Regnskapscontroller, Regnskapscontroller, Revisorer og regnskapsrådgivere",SANDNES,http://data.europa.eu/esco/skill/97bd1c21-66b2-4b7e-ad0f-e3cda590e378,dataanalyse,exact,,1.0,
2c8cb30b-d8bb-4c7e-bc57-9df078f4c05a,ERP,Play a key role in shaping how one of the world's leading semiconductor companies plans for global demand.,"Business planner, Business planner, Strategi- og planleggingssjefer",OSLO,http://data.europa.eu/esco/skill/09f4c52b-ac72-4f0e-a8ae-78bb1d7bffba,transportprogramvare relatert til et ERP-system,digital_consensus,0.5528852343559265,0.9972111582756042,0.9701170120388269
2c8cb30b-d8bb-4c7e-bc57-9df078f4c05a,Elektronikk,Play a key role in shaping how one of the world's leading semiconductor companies plans for global demand.,"Business planner, Business planner, Strategi- og planleggingssjefer",OSLO,http://data.europa.eu/esco/skill/95c35c3a-035f-47c2-90cf-7e934d20fc08,elektronikk,exact,,1.0,
ec089863-8ed7-4c1a-92f7-cfae7f5ff166,Dataplattform,Erfaren Data Engineer? Bli en del av Bouvet Bergen,"Databasedesignere og -administratorer, Senior Data Engineer, datavarehusutvikler",BERGEN,http://data.europa.eu/esco/skill/3ec2e4d6-7000-4905-bf1a-c5b1679416de,datavarehus,digital_consensus,0.5975717306137085,0.9994984865188599,0.0007398128509521484
ec089863-8ed7-4c1a-92f7-cfae7f5ff166,Datavarehus,Erfaren Data Engineer? Bli en del av Bouvet Bergen,"Databasedesignere og -administratorer, Senior Data Engineer, datavarehusutvikler",BERGEN,http://data.europa.eu/esco/skill/3ec2e4d6-7000-4905-bf1a-c5b1679416de,datavarehus,exact,,1.0,
ec089863-8ed7-4c1a-92f7-cfae7f5ff166,IT,Erfaren Data Engineer? Bli en del av Bouvet Bergen,"Databasedesignere og -administratorer, Senior Data Engineer, datavarehusutvikler",BERGEN,http://data.europa.eu/esco/skill/ddc3119d-1d6e-4324-9125-a3380d299ac5,IT,exact,,1.0,
ec089863-8ed7-4c1a-92f7-cfae7f5ff166,Python,Erfaren Data Engineer? Bli en del av Bouvet Bergen,"Databasedesignere og -administratorer, Senior Data Engineer, datavarehusutvikler",BERGEN,http://data.europa.eu/esco/skill/ccd0a1d9-afda-43d9-b901-96344886e14d,Python,exact,,1.0,
ec089863-8ed7-4c1a-92f7-cfae7f5ff166,Skyplattform,Erfaren Data Engineer? Bli en del av Bouvet Bergen,"Databasedesignere og -administratorer, Senior Data Engineer, datavarehusutvikler",BERGEN,http://data.europa.eu/esco/skill/11430d93-c835-48ed-8e70-285fa69c9ae6,designe skyarkitektur,digital_consensus,0.5947005748748779,0.9967308044433594,0.002797067165374756
8ebd319b-0203-414d-984e-4dd507699b11,ERP,Nexans is looking for a new Material Controller Supply Chain!,"Forsyningskontroller, Revisorer og regnskapsrådgivere, Innkjøpere, Innkjøper, innkjøper",HALDEN,http://data.europa.eu/esco/skill/09f4c52b-ac72-4f0e-a8ae-78bb1d7bffba,transportprogramvare relatert til et ERP-system,digital_consensus,0.5528852343559265,0.9972111582756042,0.9701170120388269
8ebd319b-0203-414d-984e-4dd507699b11,SAP,Nexans is looking for a new Material Controller Supply Chain!,"Forsyningskontroller, Revisorer og regnskapsrådgivere, Innkjøpere, Innkjøper, innkjøper",HALDEN,http://data.europa.eu/esco/skill/f8e3425c-fe44-4ffb-bafe-0e20d91dadf4,SAP,exact,,1.0,
a97679d8-b5f6-42c9-92c7-1b4fefb23d4f,Automatiker,Vi søker testingeniør innen automasjon og elektro - Bli med på laget!,"Testingeniør, Testingeniør, Andre sivilingeniører( unntatt elektroteknologi)",FUSA,http://data.europa.eu/esco/skill/7a950986-27fe-4b6c-adf3-88f211e77019,robotkomponenter,digital_consensus,0.6843463182449341,0.9831464886665344,0.0006955862045288086
386e381d-57aa-4be6-90d1-654f0a82d3fb,Produktutvikling,Do you want to expand the frontiers of energy for a sustainable future?,"Prosjektingeniør, Prosjektingeniør, Andre sivilingeniører( unntatt elektroteknologi)",LYSAKER,http://data.europa.eu/esco/skill/4f6b656a-54d0-48ce-9b55-ebcac5904a14,håndtere geospatiale teknologier,digital_consensus,0.6504983901977539,0.9169093370437622,0.013612568378448486
d1e38d85-edac-436f-b251-c9f6884c9df7,GIS,Fagansvarlig analyse og soneovervåking,"Leder for arbeidsdagsrapportering og analyse, Matematikere, statistikere mv., Sivilingeniører (miljøteknikk);, Sivilingeniør vann- og miljøteknikk, miljøingeniør, Bygningsingeniører, Tekniker innen vann- og miljøteknikk, vannforvaltning",DRAMMEN,http://data.europa.eu/esco/skill/377861af-f966-4c87-a2db-7e99904312b9,gis,exact,,1.0,
86bd4e63-6e4e-4441-8333-92c234960959,Arkitektur,"Cappelen Damm søker Engineering Manager, Forlag og Netthandel","Nett- og multimediautviklere, Webutvikler, webutvikler",OSLO,http://data.europa.eu/esco/skill/c453cf81-6197-428e-84c6-70c773b63f27,Arkitektoniske IKT-rammeverk,digital_consensus,0.5593475699424744,0.9923986792564392,0.11609482765197754
86bd4e63-6e4e-4441-8333-92c234960959,Systemutvikling,"Cappelen Damm søker Engineering Manager, Forlag og Netthandel","Nett- og multimediautviklere, Webutvikler, webutvikler",OSLO,http://data.europa.eu/esco/skill/21d2f96d-35f7-4e3f-9745-c533d2dd6e97,dataprogrammering,digital_consensus,0.6049041152000427,0.9194501638412476,0.19810181856155396
86bd4e63-6e4e-4441-8333-92c234960959,Webutvikling,"Cappelen Damm søker Engineering Manager, Forlag og Netthandel","Nett- og multimediautviklere, Webutvikler, webutvikler",OSLO,http://data.europa.eu/esco/skill/21d2f96d-35f7-4e3f-9745-c533d2dd6e97,dataprogrammering,digital_consensus,0.6107942461967468,0.8154075741767883,0.15142208337783813
705cac4c-e89c-4cb9-a0c3-993db2edf132,Dataanalyse,Fjøssystemer søker Rådgiver Team iFMS,"Sivilagronomer mv., Husdyrkonsulent, Melke- og husdyrprodusenter, Husdyrrøkter, Andre ingeniører, Teknisk rådgiver, Brukerstøtte, IKT, Brukerstøtte IT, IKT-tekniker",VARHAUG,http://data.europa.eu/esco/skill/97bd1c21-66b2-4b7e-ad0f-e3cda590e378,dataanalyse,exact,,1.0,
3caa828d-aaf2-41ba-a2b6-e0cb01964be2,Automatiker,Vi søker deg som har interesse for elektrofaget,"Energimontører, Energimontør, Elektrikere, Elektriker, elektriker",KRISTIANSAND S,http://data.europa.eu/esco/skill/7a950986-27fe-4b6c-adf3-88f211e77019,robotkomponenter,digital_consensus,0.6843463182449341,0.9831464886665344,0.0006955862045288086
455be1b6-bf81-4683-9568-ca28bfb02eef,Elektronikk,Passionate about quality and eager to make a real impact? - We'd love to hear from you!,"Leder forskning og utvikling, Forsknings- og utviklingsledere, Andre administrative ledere, Kvalitetsansvarlig, kvalitetssjef",DRAMMEN,http://data.europa.eu/esco/skill/95c35c3a-035f-47c2-90cf-7e934d20fc08,elektronikk,exact,,1.0,
455be1b6-bf81-4683-9568-ca28bfb02eef,Produktutvikling,Passionate about quality and eager to make a real impact? - We'd love to hear from you!,"Leder forskning og utvikling, Forsknings- og utviklingsledere, Andre administrative ledere, Kvalitetsansvarlig, kvalitetssjef",DRAMMEN,http://data.europa.eu/esco/skill/4f6b656a-54d0-48ce-9b55-ebcac5904a14,håndtere geospatiale teknologier,digital_consensus,0.6504983901977539,0.9169093370437622,0.013612568378448486
5afd10ff-e518-4d76-a00a-c33b1243c02d,Arkitektur,Vil du omsette strategi til løsninger som faktisk fungerer i kommuner og fylkeskommuner?,"Virksomhetsarkitekt, Virksomhetsarkitekt, Systemanalytikere/-arkitekter",BERGEN,http://data.europa.eu/esco/skill/c453cf81-6197-428e-84c6-70c773b63f27,Arkitektoniske IKT-rammeverk,digital_consensus,0.5593475699424744,0.9923986792564392,0.11609482765197754
5afd10ff-e518-4d76-a00a-c33b1243c02d,Digitalisering,Vil du omsette strategi til løsninger som faktisk fungerer i kommuner og fylkeskommuner?,"Virksomhetsarkitekt, Virksomhetsarkitekt, Systemanalytikere/-arkitekter",BERGEN,http://data.europa.eu/esco/skill/aa0d8201-5a8e-417f-81f4-c04601139582,digitalisering,exact,,1.0,
94443f9f-2ad1-4978-bd76-4661e052b0b9,Kalibrering,Ingeniør eller Tekniker -- Kalibrering og Måleteknikk,"Elektronikkingeniører, Elektroingeniør, ingeniør, elektro",ÅGOTNES,http://data.europa.eu/esco/skill/2973b3bc-5893-4b3d-8953-22ef677a162f,kutteteknologier,digital_consensus,0.5721607804298401,0.9198712110519409,0.024345755577087402
35453839-c41c-43f8-bae0-228a240bc58c,Digitalisering,Vi søker Leder Innkjøp og Logistikk,"Innkjøpssjef, Innkjøpssjef, Ledere av logistikk og transport mv.",MO I RANA,http://data.europa.eu/esco/skill/aa0d8201-5a8e-417f-81f4-c04601139582,digitalisering,exact,,1.0,
a37c3092-a19a-4053-8c74-fe4c5ff02918,Dataplattform,Brenner du for data og infrastruktur?,"Dataingeniør, Dataingeniør, Sivilingeniører (elektronikk)",OSLO,http://data.europa.eu/esco/skill/3ec2e4d6-7000-4905-bf1a-c5b1679416de,datavarehus,digital_consensus,0.5975717306137085,0.9994984865188599,0.0007398128509521484
a37c3092-a19a-4053-8c74-fe4c5ff02918,IT,Brenner du for data og infrastruktur?,"Dataingeniør, Dataingeniør, Sivilingeniører (elektronikk)",OSLO,http://data.europa.eu/esco/skill/ddc3119d-1d6e-4324-9125-a3380d299ac5,IT,exact,,1.0,
eed6241d-fab6-429a-a9b3-91962f907da8,E-handel,"Do you want to drive commercial strategy for Finn, Blocket \& other Nordic marketplaces?","Tech lead Consumer Product and Retail, Tech lead Consumer Product and Retail, Ledere av industriproduksjon mv.",OSLO,http://data.europa.eu/esco/skill/b1272de4-1f5f-408b-8b26-061f2550fc72,e-handelssystemer,digital_consensus,0.6153236627578735,0.9999244213104248,0.002346336841583252
61c1d254-ba3d-4bd5-a8c7-06d79b4bfdce,ERP,Vil du utvikle prosjektstyringen bak fremtidens strømnett?,"Sivilingeniører (elkraftteknikk);, Prosjektleder elektroteknikk, ingeniør, elektro",Missing location,http://data.europa.eu/esco/skill/09f4c52b-ac72-4f0e-a8ae-78bb1d7bffba,transportprogramvare relatert til et ERP-system,digital_consensus,0.5528852343559265,0.9972111582756042,0.9701170120388269
71f86692-4000-4308-b489-67299b60aa91,CAD,Er du klar for å bli en del av et fremtidsrettet team?,"Brukerstøtte, IKT, Teknisk support medarbeider, IKT-tekniker",ÅLESUND,http://data.europa.eu/esco/skill/9ba355be-f119-42b6-a7d6-52f6ce2e4a3f,utforme kretser ved hjelp av CAD,digital_consensus,0.6348830461502075,0.9999152421951294,0.8251167237758636
71f86692-4000-4308-b489-67299b60aa91,Elektronikk,Er du klar for å bli en del av et fremtidsrettet team?,"Brukerstøtte, IKT, Teknisk support medarbeider, IKT-tekniker",ÅLESUND,http://data.europa.eu/esco/skill/95c35c3a-035f-47c2-90cf-7e934d20fc08,elektronikk,exact,,1.0,
71f86692-4000-4308-b489-67299b60aa91,Python,Er du klar for å bli en del av et fremtidsrettet team?,"Brukerstøtte, IKT, Teknisk support medarbeider, IKT-tekniker",ÅLESUND,http://data.europa.eu/esco/skill/ccd0a1d9-afda-43d9-b901-96344886e14d,Python,exact,,1.0,
556061ea-05d2-428b-a8ae-ec7bcdded057,Fullstack utvikler,Cappelen Damm søker Engineering manager - utdanning og helse,"Systemanalytikere/-arkitekter, IT-ingeniør, dataingeniør",OSLO,http://data.europa.eu/esco/skill/21d2f96d-35f7-4e3f-9745-c533d2dd6e97,dataprogrammering,digital_consensus,0.60097736120224,0.9972906708717346,0.0015881061553955078
556061ea-05d2-428b-a8ae-ec7bcdded057,Systemarkitektur,Cappelen Damm søker Engineering manager - utdanning og helse,"Systemanalytikere/-arkitekter, IT-ingeniør, dataingeniør",OSLO,http://data.europa.eu/esco/skill/21d2f96d-35f7-4e3f-9745-c533d2dd6e97,dataprogrammering,digital_consensus,0.5183978080749512,0.9555255174636841,0.06058621406555176
556061ea-05d2-428b-a8ae-ec7bcdded057,Webutvikling,Cappelen Damm søker Engineering manager - utdanning og helse,"Systemanalytikere/-arkitekter, IT-ingeniør, dataingeniør",OSLO,http://data.europa.eu/esco/skill/21d2f96d-35f7-4e3f-9745-c533d2dd6e97,dataprogrammering,digital_consensus,0.6107942461967468,0.8154075741767883,0.15142208337783813
34eb3f01-d7f3-455c-80d0-436832f3d07c,Automatiker,Har du lyst å styre arbeidsdagene dine selv og være en del av et positivt arbeidsmiljø?,"Andre sivilingeniører (unntatt elektroteknologi);, Alternativt drivstoffingeniør, Automatikere, Elektroarbeider, Andre ingeniører, Automasjonstekniker, Bilmekanikere, Mekaniker, Mekanikere og reparatører",ØVRE VATS,http://data.europa.eu/esco/skill/7a950986-27fe-4b6c-adf3-88f211e77019,robotkomponenter,digital_consensus,0.6843463182449341,0.9831464886665344,0.0006955862045288086
5d30eb21-b8f8-4062-ad4f-c33057a99797,Elektronikk,Technical Support Engineer,"Elektronikkingeniører, Teknisk konsulent elektronikk og telekommunikasjon, Elektronikkingeniører",ÅLESUND,http://data.europa.eu/esco/skill/95c35c3a-035f-47c2-90cf-7e934d20fc08,elektronikk,exact,,1.0,
68587481-c7c2-4f1b-a866-664699915ff7,Tekniske tegninger,Ventilasjonsmontør,"Ventilasjonsmontør, Ventilasjonsmontør, Kuldemontører mv.",ALTA,http://data.europa.eu/esco/skill/59ea80e1-463a-4dba-82c6-d0b6d577d532,tekniske tegninger,exact,,1.0,
abc88d8a-5e7f-4a06-a5fe-f8c73fdeb7ea,Microsoft 365,Produktleder digital arbeidsplass,"Produktleder industri, Produktleder industri, Forsknings- og utviklingsledere",OSLO,http://data.europa.eu/esco/skill/f683ae1d-cb7c-4aa1-b9fe-205e1bd23535,bruke Microsoft Office,digital_consensus,0.5470774173736572,0.9996776580810547,0.0003491640090942383
3f5782ec-b63d-4b23-ae78-2927cb0b9fc1,IT,Vil du forvalte et av Thons viktigste systemer? Nå søker vi en applikasjonsforvalter til Opera Cloud,"Applikasjonsforvalter, Applikasjonsforvalter, Systemanalytikere/-arkitekter",OSLO,http://data.europa.eu/esco/skill/ddc3119d-1d6e-4324-9125-a3380d299ac5,IT,exact,,1.0,
c1fc50ec-eec3-4c56-8a8d-7dc46a427e63,Angular,Vil du forme fremtidens digitale kundeopplevelser som Senior Fullstack Developer i Storebrand?,"Programvareutviklere, Senior CMS Fullstack Developer, webutvikler",TRONDHEIM,http://data.europa.eu/esco/skill/1ffac4ac-fda7-407d-8ed1-ca8f4a8dc146,Angular,exact,,1.0,
c1fc50ec-eec3-4c56-8a8d-7dc46a427e63,Fullstack utvikler,Vil du forme fremtidens digitale kundeopplevelser som Senior Fullstack Developer i Storebrand?,"Programvareutviklere, Senior CMS Fullstack Developer, webutvikler",TRONDHEIM,http://data.europa.eu/esco/skill/21d2f96d-35f7-4e3f-9745-c533d2dd6e97,dataprogrammering,digital_consensus,0.60097736120224,0.9972906708717346,0.0015881061553955078
c1fc50ec-eec3-4c56-8a8d-7dc46a427e63,IT,Vil du forme fremtidens digitale kundeopplevelser som Senior Fullstack Developer i Storebrand?,"Programvareutviklere, Senior CMS Fullstack Developer, webutvikler",TRONDHEIM,http://data.europa.eu/esco/skill/ddc3119d-1d6e-4324-9125-a3380d299ac5,IT,exact,,1.0,
c1fc50ec-eec3-4c56-8a8d-7dc46a427e63,Java,Vil du forme fremtidens digitale kundeopplevelser som Senior Fullstack Developer i Storebrand?,"Programvareutviklere, Senior CMS Fullstack Developer, webutvikler",TRONDHEIM,http://data.europa.eu/esco/skill/19a8293b-8e95-4de3-983f-77484079c389,Java,exact,,1.0,
c1fc50ec-eec3-4c56-8a8d-7dc46a427e63,Programmerer,Vil du forme fremtidens digitale kundeopplevelser som Senior Fullstack Developer i Storebrand?,"Programvareutviklere, Senior CMS Fullstack Developer, webutvikler",TRONDHEIM,http://data.europa.eu/esco/skill/21d2f96d-35f7-4e3f-9745-c533d2dd6e97,dataprogrammering,digital_consensus,0.6060227751731873,0.9829521775245667,0.035317838191986084
f70f088b-652f-4922-b7c7-2c3931b22a08,Digitale produkter,Cappelen Damm søker en initiativrik innholdsprodusent til avd. for digitale produkter og tjenester,"Reklameprodusent, Reklame- og markedsføringsrådgivere, Reklame- og markedsføringsrådgivere, Digital innholdsprodusent, markedsføringsspesialist",OSLO,http://data.europa.eu/esco/skill/e5609f89-0daf-40bb-bd6b-94f5d7498131,IKT-marked,digital_consensus,0.6573403477668762,0.97425776720047,0.10177195072174072
a53ca8a5-58db-42af-bd33-dc45d00d1648,Digitalisering,Vil du bruke utviklererfaringen din til å forme moderne digitale løsninger for landbruket?,"Systemutvikler, Systemutvikler, Systemanalytikere/-arkitekter",OSLO,http://data.europa.eu/esco/skill/aa0d8201-5a8e-417f-81f4-c04601139582,digitalisering,exact,,1.0,
a53ca8a5-58db-42af-bd33-dc45d00d1648,IT-arkitekt,Vil du bruke utviklererfaringen din til å forme moderne digitale løsninger for landbruket?,"Systemutvikler, Systemutvikler, Systemanalytikere/-arkitekter",OSLO,http://data.europa.eu/esco/skill/c453cf81-6197-428e-84c6-70c773b63f27,Arkitektoniske IKT-rammeverk,digital_consensus,0.6209890842437744,0.9999566078186035,0.00011587142944335938
a53ca8a5-58db-42af-bd33-dc45d00d1648,IT-sikkerhet,Vil du bruke utviklererfaringen din til å forme moderne digitale løsninger for landbruket?,"Systemutvikler, Systemutvikler, Systemanalytikere/-arkitekter",OSLO,http://data.europa.eu/esco/skill/8088750d-8388-4170-a76f-48354c469c44,IT-sikkerhet,exact,,1.0,
a53ca8a5-58db-42af-bd33-dc45d00d1648,Programmering,Vil du bruke utviklererfaringen din til å forme moderne digitale løsninger for landbruket?,"Systemutvikler, Systemutvikler, Systemanalytikere/-arkitekter",OSLO,http://data.europa.eu/esco/skill/21d2f96d-35f7-4e3f-9745-c533d2dd6e97,dataprogrammering,digital_consensus,0.714440643787384,0.9188328981399536,0.2761046886444092
a53ca8a5-58db-42af-bd33-dc45d00d1648,Skyteknologi,Vil du bruke utviklererfaringen din til å forme moderne digitale løsninger for landbruket?,"Systemutvikler, Systemutvikler, Systemanalytikere/-arkitekter",OSLO,http://data.europa.eu/esco/skill/11430d93-c835-48ed-8e70-285fa69c9ae6,designe skyarkitektur,digital_consensus,0.5793797373771667,0.9726741313934326,0.3947645425796509
a53ca8a5-58db-42af-bd33-dc45d00d1648,Systemutvikler,Vil du bruke utviklererfaringen din til å forme moderne digitale løsninger for landbruket?,"Systemutvikler, Systemutvikler, Systemanalytikere/-arkitekter",OSLO,http://data.europa.eu/esco/skill/21d2f96d-35f7-4e3f-9745-c533d2dd6e97,dataprogrammering,digital_consensus,0.6546458005905151,0.9988632202148438,0.002029597759246826
339bdc28-1ba3-4c92-99f4-52df073e35de,Produktutvikling,FCC Products søker Grillekspert/Kokk,"Kokk, Kokk, Kokker",KJELLER,http://data.europa.eu/esco/skill/4f6b656a-54d0-48ce-9b55-ebcac5904a14,håndtere geospatiale teknologier,digital_consensus,0.6504983901977539,0.9169093370437622,0.013612568378448486
fbdcab7f-a03e-4cd0-b771-7d5c4d17ed35,Automatiker,"Ønsker du et karriereskifte, og er klar for å bli med Solwr på sin spennende fremtid?","Automatiker, Automatiker, Automatikere",ÅLESUND,http://data.europa.eu/esco/skill/7a950986-27fe-4b6c-adf3-88f211e77019,robotkomponenter,digital_consensus,0.6843463182449341,0.9831464886665344,0.0006955862045288086
fbdcab7f-a03e-4cd0-b771-7d5c4d17ed35,Robot,"Ønsker du et karriereskifte, og er klar for å bli med Solwr på sin spennende fremtid?","Automatiker, Automatiker, Automatikere",ÅLESUND,http://data.europa.eu/esco/skill/7a950986-27fe-4b6c-adf3-88f211e77019,robotkomponenter,digital_consensus,0.6109800338745117,0.9950515627861023,0.9857417345046997
0f263afc-7792-49cc-b723-00a61ef4da13,AI,"Vil du ta AI fra idé til produksjon, ikke bare pilot?","Forsker datavitenskap, Forsker datavitenskap, Systemanalytikere/-arkitekter",OSLO,http://data.europa.eu/esco/skill/e465a154-93f7-4973-9ce1-31659fe16dd2,prinsipper for kunstig intelligens,digital_consensus,0.5584366917610168,0.99960857629776,0.001320481300354004
0f263afc-7792-49cc-b723-00a61ef4da13,Maskinlæring,"Vil du ta AI fra idé til produksjon, ikke bare pilot?","Forsker datavitenskap, Forsker datavitenskap, Systemanalytikere/-arkitekter",OSLO,http://data.europa.eu/esco/skill/3a2d5b45-56e4-4f5a-a55a-4a4a65afdc43,maskinlæring,exact,,1.0,
0f263afc-7792-49cc-b723-00a61ef4da13,Python,"Vil du ta AI fra idé til produksjon, ikke bare pilot?","Forsker datavitenskap, Forsker datavitenskap, Systemanalytikere/-arkitekter",OSLO,http://data.europa.eu/esco/skill/ccd0a1d9-afda-43d9-b901-96344886e14d,Python,exact,,1.0,
3131fa78-3c04-4299-b297-e24d27dc7360,Dataanalyse,Kategorianalytiker - Orkla Health Norge,"Revisorer, regnskapsrådgivere, Kostnadsanalytiker, Reklame- og markedsføringsrådgivere, Kategorikoordinator, Reklame- og markedsføringsrådgivere",OSLO,http://data.europa.eu/esco/skill/97bd1c21-66b2-4b7e-ad0f-e3cda590e378,dataanalyse,exact,,1.0,
34149884-0dbd-4f30-8f1e-d1540225adbe,Digital kommunikasjon,Internal Communication Manager,"Salgs/ kommunikasjon- og markedssjefer, Salgs- og markedssjefer, PR- og informasjonssjefer, Markeds- og Kommunikasjonssjef, PR- og informasjonssjefer",OSLO,http://data.europa.eu/esco/skill/234aeb8d-56c3-4531-9193-1c5e6a8d16cb,bruke presentasjonsprogramvare,digital_consensus,0.5378857851028442,0.9831987023353577,0.009777486324310303
7cc5aba2-009a-4d81-8acc-95eb69843800,Dataanalyse,Help build the commercial engine behind Europe's leading charging experience,"CRM Application Engineer, CRM Application Engineer, Applikasjonsprogrammerere",OSLO,http://data.europa.eu/esco/skill/97bd1c21-66b2-4b7e-ad0f-e3cda590e378,dataanalyse,exact,,1.0,
e2a20169-3e15-45f3-8cdf-396ede9c6043,IT,Vi søker Senior Systems Engineer,"Systemanalytikere/-arkitekter, Systemingeniør, IKT-systemarkitekt",KONGSBERG,http://data.europa.eu/esco/skill/ddc3119d-1d6e-4324-9125-a3380d299ac5,IT,exact,,1.0,
e2a20169-3e15-45f3-8cdf-396ede9c6043,Systemdesign,Vi søker Senior Systems Engineer,"Systemanalytikere/-arkitekter, Systemingeniør, IKT-systemarkitekt",KONGSBERG,http://data.europa.eu/esco/skill/fae27053-8924-4bfd-b565-c9fe502044c9,systemdesign,exact,,1.0,
e2a20169-3e15-45f3-8cdf-396ede9c6043,Systemutvikling,Vi søker Senior Systems Engineer,"Systemanalytikere/-arkitekter, Systemingeniør, IKT-systemarkitekt",KONGSBERG,http://data.europa.eu/esco/skill/21d2f96d-35f7-4e3f-9745-c533d2dd6e97,dataprogrammering,digital_consensus,0.6049041152000427,0.9194501638412476,0.19810181856155396
55c17021-1ca2-45a0-bd66-2c64a1973f71,Elektronikk,Noen ser et kretskort. Du ser fem ting du vil teste før du er fornøyd.,"Sivilingeniører (industri og produksjon);, Produktingeniør, tekniker innen produktutvikling",TRONDHEIM,http://data.europa.eu/esco/skill/95c35c3a-035f-47c2-90cf-7e934d20fc08,elektronikk,exact,,1.0,
55c17021-1ca2-45a0-bd66-2c64a1973f71,Produktutvikling,Noen ser et kretskort. Du ser fem ting du vil teste før du er fornøyd.,"Sivilingeniører (industri og produksjon);, Produktingeniør, tekniker innen produktutvikling",TRONDHEIM,http://data.europa.eu/esco/skill/4f6b656a-54d0-48ce-9b55-ebcac5904a14,håndtere geospatiale teknologier,digital_consensus,0.6504983901977539,0.9169093370437622,0.013612568378448486
55c17021-1ca2-45a0-bd66-2c64a1973f71,Python,Noen ser et kretskort. Du ser fem ting du vil teste før du er fornøyd.,"Sivilingeniører (industri og produksjon);, Produktingeniør, tekniker innen produktutvikling",TRONDHEIM,http://data.europa.eu/esco/skill/ccd0a1d9-afda-43d9-b901-96344886e14d,Python,exact,,1.0,
0cf2d8e1-257c-46c5-8150-b6f20b4cac99,AI Engineer,Bli med og få AI-løsninger helt ut i produksjon,"Systemanalytikere/-arkitekter, Spesialist kunstig intelligens, utvikler av IKT-intelligenssystemer",OSLO,http://data.europa.eu/esco/skill/e465a154-93f7-4973-9ce1-31659fe16dd2,prinsipper for kunstig intelligens,digital_consensus,0.624720573425293,0.9044782519340515,0.06515902280807495
0cf2d8e1-257c-46c5-8150-b6f20b4cac99,Python,Bli med og få AI-løsninger helt ut i produksjon,"Systemanalytikere/-arkitekter, Spesialist kunstig intelligens, utvikler av IKT-intelligenssystemer",OSLO,http://data.europa.eu/esco/skill/ccd0a1d9-afda-43d9-b901-96344886e14d,Python,exact,,1.0,
0cf2d8e1-257c-46c5-8150-b6f20b4cac99,data science,Bli med og få AI-løsninger helt ut i produksjon,"Systemanalytikere/-arkitekter, Spesialist kunstig intelligens, utvikler av IKT-intelligenssystemer",OSLO,http://data.europa.eu/esco/skill/edebd83d-35f6-4ed5-a940-6c203d178c01,data science,exact,,1.0,
0cf2d8e1-257c-46c5-8150-b6f20b4cac99,maskinlæring,Bli med og få AI-løsninger helt ut i produksjon,"Systemanalytikere/-arkitekter, Spesialist kunstig intelligens, utvikler av IKT-intelligenssystemer",OSLO,http://data.europa.eu/esco/skill/3a2d5b45-56e4-4f5a-a55a-4a4a65afdc43,maskinlæring,exact,,1.0,
567d541e-ca50-4079-b255-5b73e5f42713,Dataanalyse,Total Rewards Specialist,"Selgere (engros), Service Manager, Service Manager",OSLO,http://data.europa.eu/esco/skill/97bd1c21-66b2-4b7e-ad0f-e3cda590e378,dataanalyse,exact,,1.0,
6fa037ee-4610-48d9-9560-43a1f6f87079,Produktspesialist,MILWAUKEE® søker selger/produktspesialist for byggebransjen på Østlandet!,"Salgskonsulenter innen tekniske og medisinske produkter, teknisk selger innen jernvare- og VVS-utstyr, Selger bygg og anlegg",SANDEFJORD,http://data.europa.eu/esco/skill/21d2f96d-35f7-4e3f-9745-c533d2dd6e97,dataprogrammering,digital_consensus,0.5442332625389099,0.9931126236915588,1.3828277587890625e-05
a8980aac-4588-465f-8f35-940d76157a7d,Digitalisering,Shape the future of customer intelligence at scale!,"Salgs- og markedssjefer, Salgs- og markedssjefer, Leder kunderettet virksomhet",OSLO,http://data.europa.eu/esco/skill/aa0d8201-5a8e-417f-81f4-c04601139582,digitalisering,exact,,1.0,
018e8c64-bdaa-45fe-a1a6-93a93387e18d,Digitalisering,"Vil du jobbe i skjæringspunktet mellom teknologi, logistikk og forretningsutvikling?","Systemanalytikere/-arkitekter, Produktansvarlig IT, IKT-produktsjef, IT-Systemarkitekt, IT-Systemarkitekt",OSLO,http://data.europa.eu/esco/skill/aa0d8201-5a8e-417f-81f4-c04601139582,digitalisering,exact,,1.0,
018e8c64-bdaa-45fe-a1a6-93a93387e18d,ERP,"Vil du jobbe i skjæringspunktet mellom teknologi, logistikk og forretningsutvikling?","Systemanalytikere/-arkitekter, Produktansvarlig IT, IKT-produktsjef, IT-Systemarkitekt, IT-Systemarkitekt",OSLO,http://data.europa.eu/esco/skill/09f4c52b-ac72-4f0e-a8ae-78bb1d7bffba,transportprogramvare relatert til et ERP-system,digital_consensus,0.5528852343559265,0.9972111582756042,0.9701170120388269
018e8c64-bdaa-45fe-a1a6-93a93387e18d,IT,"Vil du jobbe i skjæringspunktet mellom teknologi, logistikk og forretningsutvikling?","Systemanalytikere/-arkitekter, Produktansvarlig IT, IKT-produktsjef, IT-Systemarkitekt, IT-Systemarkitekt",OSLO,http://data.europa.eu/esco/skill/ddc3119d-1d6e-4324-9125-a3380d299ac5,IT,exact,,1.0,
018e8c64-bdaa-45fe-a1a6-93a93387e18d,SAP,"Vil du jobbe i skjæringspunktet mellom teknologi, logistikk og forretningsutvikling?","Systemanalytikere/-arkitekter, Produktansvarlig IT, IKT-produktsjef, IT-Systemarkitekt, IT-Systemarkitekt",OSLO,http://data.europa.eu/esco/skill/f8e3425c-fe44-4ffb-bafe-0e20d91dadf4,SAP,exact,,1.0,
48816fd0-84bd-43ab-a025-d950292c850c,Kundesupport,"Kan du snakke vietnamesisk, og ser etter en stilling med utviklingsmuligheter og gode kolleger?","Kundesentermedarbeidere, Supportmedarbeider, Kontormedarbeidere, Ordrebehandler, ordrebehandler",OSLO,http://data.europa.eu/esco/skill/db36f7f1-5900-45bd-9ffb-f2b19c4362ac,støtte IKT-systembrukere,digital_consensus,0.5482102036476135,0.9978213310241699,0.016304969787597656
f87c5a05-deb3-4509-a75c-510df0f5f432,Automatiker,"Maritim elektriker – elektro, automasjon og commissioning","Elektroingeniør, Elektronikkingeniører, Automatikere, Maritim elektriker, skipselektriker",OSLO,http://data.europa.eu/esco/skill/7a950986-27fe-4b6c-adf3-88f211e77019,robotkomponenter,digital_consensus,0.6843463182449341,0.9831464886665344,0.0006955862045288086
f87c5a05-deb3-4509-a75c-510df0f5f432,Kontrollsystemer,"Maritim elektriker – elektro, automasjon og commissioning","Elektroingeniør, Elektronikkingeniører, Automatikere, Maritim elektriker, skipselektriker",OSLO,http://data.europa.eu/esco/skill/4ff549c3-daa5-4def-9916-301c7bdf13b8,kontrollsystemer,exact,,1.0,
0689457b-713f-49f1-a394-9017322f8265,Data science,Utvikler kryptoforsering ,"Andre ingeniører, Andre sivilingeniører (unntatt elektroteknologi), Overingeniør",OSLO,http://data.europa.eu/esco/skill/edebd83d-35f6-4ed5-a940-6c203d178c01,data science,exact,,1.0,
0689457b-713f-49f1-a394-9017322f8265,Informasjonssikkerhet,Utvikler kryptoforsering ,"Andre ingeniører, Andre sivilingeniører (unntatt elektroteknologi), Overingeniør",OSLO,http://data.europa.eu/esco/skill/8088750d-8388-4170-a76f-48354c469c44,informasjonssikkerhet,exact,,1.0,
0689457b-713f-49f1-a394-9017322f8265,Kryptoforsering,Utvikler kryptoforsering ,"Andre ingeniører, Andre sivilingeniører (unntatt elektroteknologi), Overingeniør",OSLO,http://data.europa.eu/esco/skill/2973b3bc-5893-4b3d-8953-22ef677a162f,kutteteknologier,digital_consensus,0.5860759615898132,0.8028904795646667,0.09490203857421875
0689457b-713f-49f1-a394-9017322f8265,Maskinlæring,Utvikler kryptoforsering ,"Andre ingeniører, Andre sivilingeniører (unntatt elektroteknologi), Overingeniør",OSLO,http://data.europa.eu/esco/skill/3a2d5b45-56e4-4f5a-a55a-4a4a65afdc43,maskinlæring,exact,,1.0,
0689457b-713f-49f1-a394-9017322f8265,Programmering,Utvikler kryptoforsering ,"Andre ingeniører, Andre sivilingeniører (unntatt elektroteknologi), Overingeniør",OSLO,http://data.europa.eu/esco/skill/21d2f96d-35f7-4e3f-9745-c533d2dd6e97,dataprogrammering,digital_consensus,0.714440643787384,0.9188328981399536,0.2761046886444092
0a4f88d0-9384-4a5d-a79e-9ceb8412edf1,IT,Utvikler/arkitekt,"Applikasjonsprogrammerere, Linux-ingeniør, Systemanalytikere/-arkitekter, Utvikler av intelligente IKT-systemer, utvikler av IKT-intelligenssystemer, DevOps-ingeniør, DevOps-ingeniør, Programvareutviklere",KONGSBERG,http://data.europa.eu/esco/skill/ddc3119d-1d6e-4324-9125-a3380d299ac5,IT,exact,,1.0,
0a4f88d0-9384-4a5d-a79e-9ceb8412edf1,Programvareutvikling,Utvikler/arkitekt,"Applikasjonsprogrammerere, Linux-ingeniør, Systemanalytikere/-arkitekter, Utvikler av intelligente IKT-systemer, utvikler av IKT-intelligenssystemer, DevOps-ingeniør, DevOps-ingeniør, Programvareutviklere",KONGSBERG,http://data.europa.eu/esco/skill/21d2f96d-35f7-4e3f-9745-c533d2dd6e97,dataprogrammering,digital_consensus,0.5329556465148926,0.9873233437538147,0.12117928266525269
0a4f88d0-9384-4a5d-a79e-9ceb8412edf1,Systemarkitektur,Utvikler/arkitekt,"Applikasjonsprogrammerere, Linux-ingeniør, Systemanalytikere/-arkitekter, Utvikler av intelligente IKT-systemer, utvikler av IKT-intelligenssystemer, DevOps-ingeniør, DevOps-ingeniør, Programvareutviklere",KONGSBERG,http://data.europa.eu/esco/skill/21d2f96d-35f7-4e3f-9745-c533d2dd6e97,dataprogrammering,digital_consensus,0.5183978080749512,0.9555255174636841,0.06058621406555176
0a4f88d0-9384-4a5d-a79e-9ceb8412edf1,Systemutvikler,Utvikler/arkitekt,"Applikasjonsprogrammerere, Linux-ingeniør, Systemanalytikere/-arkitekter, Utvikler av intelligente IKT-systemer, utvikler av IKT-intelligenssystemer, DevOps-ingeniør, DevOps-ingeniør, Programvareutviklere",KONGSBERG,http://data.europa.eu/esco/skill/21d2f96d-35f7-4e3f-9745-c533d2dd6e97,dataprogrammering,digital_consensus,0.6546458005905151,0.9988632202148438,0.002029597759246826
0fe77349-b840-4c2b-b90a-96e8de7bad0a,Elektronikk,Overingeniør Elektromagnetisk Miljø,"Senioringeniør, Andre ingeniører, Sivilingeniører (elektronikk);, Overingeniør, sivil elektronikk, Elektronikkingeniører, Automasjonsingeniør, Sivilingeniører (elkraftteknikk);, Ingeniør, elektromagnetisme, ingeniør, elektromagnetisme",BERGEN,http://data.europa.eu/esco/skill/95c35c3a-035f-47c2-90cf-7e934d20fc08,elektronikk,exact,,1.0,
131af92f-f010-4c88-b678-4017f5215f9d,Digitalisering,Personvernombud Kongsbergregionen,"Sikkerhetsanalytikere mv., Personvernombud, IKT-sikkerhetsadministrator",KONGSBERG,http://data.europa.eu/esco/skill/aa0d8201-5a8e-417f-81f4-c04601139582,digitalisering,exact,,1.0,
131af92f-f010-4c88-b678-4017f5215f9d,GDPR,Personvernombud Kongsbergregionen,"Sikkerhetsanalytikere mv., Personvernombud, IKT-sikkerhetsadministrator",KONGSBERG,http://data.europa.eu/esco/skill/d3e9b00a-0891-4fa8-836d-8240ec3d2758,GDPR,exact,,1.0,
13585ce8-ddbb-4fe0-bfc5-afa9e913f46b,Hjelpemidler,"Fysioterapeut, 100% svangerskapvikariat","Fysioterapeut, Fysioterapeut, Fysioterapeuter",HALDEN,http://data.europa.eu/esco/skill/8759c352-8b00-498f-985a-935f13e1b043,hjelpemidler,exact,,1.0,
195ba7db-94a5-4d1a-a7fe-1dca619a6b5d,PDM,Liker du å sette deg inn i detaljer og forstå hvordan duppeditter fungerer og brukes? ,"Anleggsmaskin- og industrimekanikere, Mekaniker (industri), industrimekaniker, Maskiningeniører, Maskintekniker mekatronikk, Pipe support Engineer, Pipe support Engineer, Ingeniører innen petroleum, bergverk og metallurgi",KONGSBERG,http://data.europa.eu/esco/skill/7d913551-e17a-40ba-baf7-48d0c3b12e50,PdM,exact,,1.0,
195ba7db-94a5-4d1a-a7fe-1dca619a6b5d,Produktutvikling,Liker du å sette deg inn i detaljer og forstå hvordan duppeditter fungerer og brukes? ,"Anleggsmaskin- og industrimekanikere, Mekaniker (industri), industrimekaniker, Maskiningeniører, Maskintekniker mekatronikk, Pipe support Engineer, Pipe support Engineer, Ingeniører innen petroleum, bergverk og metallurgi",KONGSBERG,http://data.europa.eu/esco/skill/4f6b656a-54d0-48ce-9b55-ebcac5904a14,håndtere geospatiale teknologier,digital_consensus,0.6504983901977539,0.9169093370437622,0.013612568378448486
1d7b2d7b-b010-4788-8159-356bc5413ef1,LIS,LIS 2 - 3,"Lege i spesialisering (LIS2), Lege i spesialisering (LIS2), Allmennpraktiserende leger",SKIEN,http://data.europa.eu/esco/skill/0cd6dcf1-5778-42a5-b685-4d01ae4a4871,Common Lisp,digital_consensus,0.6051489114761353,0.999724805355072,0.0015864968299865723
20ff4f7d-575d-4c58-b57c-1060a1725905,SAP,Vikariat som rådgiver innenfor økonomi ved Riksadvokatembetet,"Revisorer, regnskapsrådgivere, Revisor, regnskapsfører",OSLO,http://data.europa.eu/esco/skill/f8e3425c-fe44-4ffb-bafe-0e20d91dadf4,SAP,exact,,1.0,
27096eed-f259-4bd3-b1d3-df67cac3da46,ERP,Lyst til å jobbe med økonomi i Forsvaret?,"Revisorer, regnskapsrådgivere, regnskapsfører, Controller",BERGEN,http://data.europa.eu/esco/skill/09f4c52b-ac72-4f0e-a8ae-78bb1d7bffba,transportprogramvare relatert til et ERP-system,digital_consensus,0.5528852343559265,0.9972111582756042,0.9701170120388269
27096eed-f259-4bd3-b1d3-df67cac3da46,SAP,Lyst til å jobbe med økonomi i Forsvaret?,"Revisorer, regnskapsrådgivere, regnskapsfører, Controller",BERGEN,http://data.europa.eu/esco/skill/f8e3425c-fe44-4ffb-bafe-0e20d91dadf4,SAP,exact,,1.0,
283d5475-6e03-4731-bda3-5af1906fbed6,Programfag,Vikariat innenfor studiespesialisering i kinesisk programfag,"Lektorer mv. (videregående skole);, Lærer i videregående skole, lærer i videregående skole",SANDNES,http://data.europa.eu/esco/skill/21d2f96d-35f7-4e3f-9745-c533d2dd6e97,dataprogrammering,digital_consensus,0.4712120592594147,0.9775290489196777,0.01422053575515747
30872abb-e764-489b-b1bd-b9ebee15efb6,ERP,Lyst til å jobbe med systemforvaltning i Forsvaret?,"Systemadministratorer, Systemforvalter, IKT-systemadministrator",BERGEN,http://data.europa.eu/esco/skill/09f4c52b-ac72-4f0e-a8ae-78bb1d7bffba,transportprogramvare relatert til et ERP-system,digital_consensus,0.5528852343559265,0.9972111582756042,0.9701170120388269
30872abb-e764-489b-b1bd-b9ebee15efb6,SAP,Lyst til å jobbe med systemforvaltning i Forsvaret?,"Systemadministratorer, Systemforvalter, IKT-systemadministrator",BERGEN,http://data.europa.eu/esco/skill/f8e3425c-fe44-4ffb-bafe-0e20d91dadf4,SAP,exact,,1.0,
3454c393-ed90-41e0-a657-50f2b4cdb712,Digitalisering,Teknisk ansvarlig for registertjenester,"Høyere saksbehandlere i offentlig og privat virksomhet, Rådgiver (offentlig administrasjon), Høyere saksbehandlere i offentlig og privat virksomhet",OSLO,http://data.europa.eu/esco/skill/aa0d8201-5a8e-417f-81f4-c04601139582,digitalisering,exact,,1.0,
3454c393-ed90-41e0-a657-50f2b4cdb712,IT,Teknisk ansvarlig for registertjenester,"Høyere saksbehandlere i offentlig og privat virksomhet, Rådgiver (offentlig administrasjon), Høyere saksbehandlere i offentlig og privat virksomhet",OSLO,http://data.europa.eu/esco/skill/ddc3119d-1d6e-4324-9125-a3380d299ac5,IT,exact,,1.0,
3454c393-ed90-41e0-a657-50f2b4cdb712,Systemarkitektur,Teknisk ansvarlig for registertjenester,"Høyere saksbehandlere i offentlig og privat virksomhet, Rådgiver (offentlig administrasjon), Høyere saksbehandlere i offentlig og privat virksomhet",OSLO,http://data.europa.eu/esco/skill/21d2f96d-35f7-4e3f-9745-c533d2dd6e97,dataprogrammering,digital_consensus,0.5183978080749512,0.9555255174636841,0.06058621406555176
43ef2ab2-02f5-491e-b959-25df35031a4e,Digitalisering,Fagansvarlig teknologi og løsningsdesign,"Systemanalytikere/-arkitekter, Teknologikonsulent, IKT-konsulent",BJØRNEMYR,http://data.europa.eu/esco/skill/aa0d8201-5a8e-417f-81f4-c04601139582,digitalisering,exact,,1.0,
43ef2ab2-02f5-491e-b959-25df35031a4e,Informasjonssikkerhet,Fagansvarlig teknologi og løsningsdesign,"Systemanalytikere/-arkitekter, Teknologikonsulent, IKT-konsulent",BJØRNEMYR,http://data.europa.eu/esco/skill/8088750d-8388-4170-a76f-48354c469c44,informasjonssikkerhet,exact,,1.0,
45273074-ba56-43b2-88b7-036523f64a64,Digital kommunikasjon,Rådgiver kommunikasjon,"Kommunikasjonsrådgiver, Kommunikasjonsrådgiver, Informasjonsrådgivere",TRONDHEIM,http://data.europa.eu/esco/skill/234aeb8d-56c3-4531-9193-1c5e6a8d16cb,bruke presentasjonsprogramvare,digital_consensus,0.5378857851028442,0.9831987023353577,0.009777486324310303
453f18a3-d307-4ff4-b3aa-c7badd3689e9,informatikk,PhD Research Fellow in computer science/AI for energy informatics,"Universitets- og høyskolelektorer/-lærere, Yrkesfaglærere, lektor, IKT-lærer, Universitets- og høgskolelektor/-lærer, IKT-lærer",OSLO,http://data.europa.eu/esco/skill/7b5cce4d-c7fe-4119-b48f-70aa05391787,informatikk,exact,,1.0,
453f18a3-d307-4ff4-b3aa-c7badd3689e9,maskinlæring,PhD Research Fellow in computer science/AI for energy informatics,"Universitets- og høyskolelektorer/-lærere, Yrkesfaglærere, lektor, IKT-lærer, Universitets- og høgskolelektor/-lærer, IKT-lærer",OSLO,http://data.europa.eu/esco/skill/3a2d5b45-56e4-4f5a-a55a-4a4a65afdc43,maskinlæring,exact,,1.0,
4c6b4241-dc31-47f0-b4fe-09fec50086da,ERP,Lyst til å jobbe med økonomi i Forsvaret?,"Revisorer, regnskapsrådgivere, controller, Senior controller",BERGEN,http://data.europa.eu/esco/skill/09f4c52b-ac72-4f0e-a8ae-78bb1d7bffba,transportprogramvare relatert til et ERP-system,digital_consensus,0.5528852343559265,0.9972111582756042,0.9701170120388269
4c6b4241-dc31-47f0-b4fe-09fec50086da,SAP,Lyst til å jobbe med økonomi i Forsvaret?,"Revisorer, regnskapsrådgivere, controller, Senior controller",BERGEN,http://data.europa.eu/esco/skill/f8e3425c-fe44-4ffb-bafe-0e20d91dadf4,SAP,exact,,1.0,
57f36fe4-772e-413d-803f-781c6146d5bc,GDPR,Seniorrådgiver jurist - Datatilsynet,"Juridisk rådgiver, Juridisk rådgiver, Andre juridiske yrker",OSLO,http://data.europa.eu/esco/skill/d3e9b00a-0891-4fa8-836d-8240ec3d2758,GDPR,exact,,1.0,
6040ae61-1f64-4b73-ae73-eec5f127ad34,Elektronikk,Elkjøp Nittedal søker Superselger,"Selger, Selger, Butikkmedarbeidere",NITTEDAL,http://data.europa.eu/esco/skill/95c35c3a-035f-47c2-90cf-7e934d20fc08,elektronikk,exact,,1.0,
6c4d48e3-0e6d-4bc2-b0a6-1f2d0d91d161,Programvareutvikling,Vil du jobbe med softwarearkitektur og nyutvikling?,"Software arkitekt, Software arkitekt, Programvareutviklere",KONGSBERG,http://data.europa.eu/esco/skill/21d2f96d-35f7-4e3f-9745-c533d2dd6e97,dataprogrammering,digital_consensus,0.5329556465148926,0.9873233437538147,0.12117928266525269
6c4d48e3-0e6d-4bc2-b0a6-1f2d0d91d161,Software design,Vil du jobbe med softwarearkitektur og nyutvikling?,"Software arkitekt, Software arkitekt, Programvareutviklere",KONGSBERG,http://data.europa.eu/esco/skill/89f6560b-2194-45c9-9ece-d33049a73eef,software design,exact,,1.0,
6c4d48e3-0e6d-4bc2-b0a6-1f2d0d91d161,Softwarearkitekt,Vil du jobbe med softwarearkitektur og nyutvikling?,"Software arkitekt, Software arkitekt, Programvareutviklere",KONGSBERG,http://data.europa.eu/esco/skill/21d2f96d-35f7-4e3f-9745-c533d2dd6e97,dataprogrammering,digital_consensus,0.5245122313499451,0.9977228045463562,0.002068817615509033
6c4d48e3-0e6d-4bc2-b0a6-1f2d0d91d161,Systemarkitekt,Vil du jobbe med softwarearkitektur og nyutvikling?,"Software arkitekt, Software arkitekt, Programvareutviklere",KONGSBERG,http://data.europa.eu/esco/skill/21d2f96d-35f7-4e3f-9745-c533d2dd6e97,dataprogrammering,digital_consensus,0.5813876986503601,0.986229658126831,0.0011911988258361816
6fafe27d-9b91-4afd-96c6-053d3c690b3c,DevOps,Vi søker plattformingeniør,"Systemanalytikere/-arkitekter, IT-ingeniør, dataingeniør",BRØNNØYSUND,http://data.europa.eu/esco/skill/f0de4973-0a70-4644-8fd4-3a97080476f4,DevOps,exact,,1.0,
6fafe27d-9b91-4afd-96c6-053d3c690b3c,IT,Vi søker plattformingeniør,"Systemanalytikere/-arkitekter, IT-ingeniør, dataingeniør",BRØNNØYSUND,http://data.europa.eu/esco/skill/ddc3119d-1d6e-4324-9125-a3380d299ac5,IT,exact,,1.0,
7b8ce05a-af7a-4a44-b125-c61a6eb15c99,ERP,"Vil du være med å bidra i videreutvikling
av internkontroll innenfor
økonomiområdet i Forsvaret?","Høyere saksbehandlere i offentlig og privat virksomhet, Seniorkonsulent økonomi og samfunnsvitenskap, offentlig administrasjon, Høyere saksbehandlere i offentlig og privat virksomhet",BERGEN,http://data.europa.eu/esco/skill/09f4c52b-ac72-4f0e-a8ae-78bb1d7bffba,transportprogramvare relatert til et ERP-system,digital_consensus,0.5528852343559265,0.9972111582756042,0.9701170120388269
7b8ce05a-af7a-4a44-b125-c61a6eb15c99,SAP,"Vil du være med å bidra i videreutvikling
av internkontroll innenfor
økonomiområdet i Forsvaret?","Høyere saksbehandlere i offentlig og privat virksomhet, Seniorkonsulent økonomi og samfunnsvitenskap, offentlig administrasjon, Høyere saksbehandlere i offentlig og privat virksomhet",BERGEN,http://data.europa.eu/esco/skill/f8e3425c-fe44-4ffb-bafe-0e20d91dadf4,SAP,exact,,1.0,
8412bfea-47b0-430c-946d-cd173c2d3411,Dataanalyse,Overingeniør fangstteknologi,"Andre ingeniører, Senioringeniør, Senioringeniør",TROMSØ,http://data.europa.eu/esco/skill/97bd1c21-66b2-4b7e-ad0f-e3cda590e378,dataanalyse,exact,,1.0,
89b905e7-f29c-4ebc-b97e-ec7754dfa3b4,Digitalisering,Kontorleder - informasjons- og dokumentsenter,"Arbeidsledere for kontorpersonell, Kontorleder, kontorsjef",EVENSKJER,http://data.europa.eu/esco/skill/aa0d8201-5a8e-417f-81f4-c04601139582,digitalisering,exact,,1.0,
89b905e7-f29c-4ebc-b97e-ec7754dfa3b4,Dokumentforvaltning,Kontorleder - informasjons- og dokumentsenter,"Arbeidsledere for kontorpersonell, Kontorleder, kontorsjef",EVENSKJER,http://data.europa.eu/esco/skill/bec4359e-cb92-468f-a997-8fb28e32fba9,Metoder innen IKT-prosjektledelse,digital_consensus,0.5678485035896301,0.9981982111930847,0.00032395124435424805
89d941e0-f627-42ae-ae2c-708c46d44f7e,GIS,"Er du glad i både kart, matrikkel og folk? Kanskje du er den me søker etter?","Landmålere, kartografer mv., Geomatikkingeniør, matrikkel, Landmålere, kartografer mv., Geodataanalytiker, kartograf",VARHAUG,http://data.europa.eu/esco/skill/377861af-f966-4c87-a2db-7e99904312b9,gis,exact,,1.0,
89d941e0-f627-42ae-ae2c-708c46d44f7e,Geodata,"Er du glad i både kart, matrikkel og folk? Kanskje du er den me søker etter?","Landmålere, kartografer mv., Geomatikkingeniør, matrikkel, Landmålere, kartografer mv., Geodataanalytiker, kartograf",VARHAUG,http://data.europa.eu/esco/skill/377861af-f966-4c87-a2db-7e99904312b9,geografiske informasjonssystemer,digital_consensus,0.6458449959754944,0.9993603825569153,0.0004495978355407715
89d941e0-f627-42ae-ae2c-708c46d44f7e,Landmåling,"Er du glad i både kart, matrikkel og folk? Kanskje du er den me søker etter?","Landmålere, kartografer mv., Geomatikkingeniør, matrikkel, Landmålere, kartografer mv., Geodataanalytiker, kartograf",VARHAUG,http://data.europa.eu/esco/skill/377861af-f966-4c87-a2db-7e99904312b9,geografiske informasjonssystemer,digital_consensus,0.5751031637191772,0.8627081513404846,0.013857901096343994
8da806fc-66e4-43c0-b002-625d1942ad61,ISMS,Informasjonssikkerhetskoordinator EHDS,"Sikkerhetsanalytikere mv., Informasjonssikkerhetsansvarlig, sjef for IKT-sikkerhet",OSLO,http://data.europa.eu/esco/skill/4918ec9a-0204-4935-8b09-b0112370daa8,etablere et styringssystem for informasjonssikkerhet,digital_consensus,0.5724762082099915,0.9988082647323608,0.4054471254348755
8da806fc-66e4-43c0-b002-625d1942ad61,Informasjonssikkerhet,Informasjonssikkerhetskoordinator EHDS,"Sikkerhetsanalytikere mv., Informasjonssikkerhetsansvarlig, sjef for IKT-sikkerhet",OSLO,http://data.europa.eu/esco/skill/8088750d-8388-4170-a76f-48354c469c44,informasjonssikkerhet,exact,,1.0,
91b6f757-3c15-48b6-8fda-87e15978880c,Elektronikk,Elkjøp Molde søker Butikkmedarbeider,"Butikkmedarbeidere, Butikkmedarbeider, butikkmedarbeider",MOLDE,http://data.europa.eu/esco/skill/95c35c3a-035f-47c2-90cf-7e934d20fc08,elektronikk,exact,,1.0,
92c14060-4ed1-4397-897c-bc99bd67286e,Systemutvikling,Teknisk leder - system integrasjon ,"Sivilingeniører (industri og produksjon);, Prosjektingeniør robotikk, Prosjektingeniør automasjon og informasjonsteknologi, Ledere av industriproduksjon mv., Teknisk leder, verksted, Ledere av industriproduksjon mv.",KONGSBERG,http://data.europa.eu/esco/skill/21d2f96d-35f7-4e3f-9745-c533d2dd6e97,dataprogrammering,digital_consensus,0.6049041152000427,0.9194501638412476,0.19810181856155396
96c1f36d-322e-4a8d-bb89-a9d38ca87165,Automatiker,Driftsoperatør VAO,"Vaktmester, Vaktmester, Vaktmestere",NORDFJORDEID,http://data.europa.eu/esco/skill/7a950986-27fe-4b6c-adf3-88f211e77019,robotkomponenter,digital_consensus,0.6843463182449341,0.9831464886665344,0.0006955862045288086
974ceae8-5f08-4a0d-8d61-d1d7ec7f1675,KI-ingeniør,Prosjektstilling KI-ingeniør data scientist - overingeniør,"Systemanalytikere/-arkitekter, Spesialist kunstig intelligens, Systemanalytikere/-arkitekter, IT-ingeniør, dataingeniør",KJELLER,http://data.europa.eu/esco/skill/21d2f96d-35f7-4e3f-9745-c533d2dd6e97,dataprogrammering,digital_consensus,0.5774126648902893,0.9981750249862671,0.0016790032386779785
974ceae8-5f08-4a0d-8d61-d1d7ec7f1675,Python,Prosjektstilling KI-ingeniør data scientist - overingeniør,"Systemanalytikere/-arkitekter, Spesialist kunstig intelligens, Systemanalytikere/-arkitekter, IT-ingeniør, dataingeniør",KJELLER,http://data.europa.eu/esco/skill/ccd0a1d9-afda-43d9-b901-96344886e14d,Python,exact,,1.0,
974ceae8-5f08-4a0d-8d61-d1d7ec7f1675,data scientist,Prosjektstilling KI-ingeniør data scientist - overingeniør,"Systemanalytikere/-arkitekter, Spesialist kunstig intelligens, Systemanalytikere/-arkitekter, IT-ingeniør, dataingeniør",KJELLER,http://data.europa.eu/esco/skill/21d2f96d-35f7-4e3f-9745-c533d2dd6e97,dataprogrammering,digital_consensus,0.566138744354248,0.9962918758392334,0.008830726146697998
974ceae8-5f08-4a0d-8d61-d1d7ec7f1675,maskinlæring,Prosjektstilling KI-ingeniør data scientist - overingeniør,"Systemanalytikere/-arkitekter, Spesialist kunstig intelligens, Systemanalytikere/-arkitekter, IT-ingeniør, dataingeniør",KJELLER,http://data.europa.eu/esco/skill/3a2d5b45-56e4-4f5a-a55a-4a4a65afdc43,maskinlæring,exact,,1.0,
974ceae8-5f08-4a0d-8d61-d1d7ec7f1675,programmering,Prosjektstilling KI-ingeniør data scientist - overingeniør,"Systemanalytikere/-arkitekter, Spesialist kunstig intelligens, Systemanalytikere/-arkitekter, IT-ingeniør, dataingeniør",KJELLER,http://data.europa.eu/esco/skill/21d2f96d-35f7-4e3f-9745-c533d2dd6e97,dataprogrammering,digital_consensus,0.5193703174591064,0.8931854367256165,0.8318698219954967
a2d7aee5-870e-4fe2-8e22-e8dc1e4b5e71,Digitalisering,Rådgiver/seniorrådgiver – digitalisering av det byggtekniske regelverket,"Bygningsingeniører, Rådgiver Kvalitet (bygg og anlegg), tekniker, byggteknikk",OSLO,http://data.europa.eu/esco/skill/aa0d8201-5a8e-417f-81f4-c04601139582,digitalisering,exact,,1.0,
a2d7aee5-870e-4fe2-8e22-e8dc1e4b5e71,IT,Rådgiver/seniorrådgiver – digitalisering av det byggtekniske regelverket,"Bygningsingeniører, Rådgiver Kvalitet (bygg og anlegg), tekniker, byggteknikk",OSLO,http://data.europa.eu/esco/skill/ddc3119d-1d6e-4324-9125-a3380d299ac5,IT,exact,,1.0,
a825eb9e-e44f-4648-ab14-6eed61a98982,Systemutvikling,Prosjektleder,"Prosjektleder, Prosjektleder, Andre administrative ledere",KONGSBERG,http://data.europa.eu/esco/skill/21d2f96d-35f7-4e3f-9745-c533d2dd6e97,dataprogrammering,digital_consensus,0.6049041152000427,0.9194501638412476,0.19810181856155396
b003a5c6-6639-45e4-943e-3e1c7ab63bda,Digitalisering,"Rådgiver, Prosjektleder","Høyere saksbehandlere i offentlig og privat virksomhet, Prosjektleder offentlig sektor, Systemanalytikere/-arkitekter, Digitaliseringsrådgiver, IKT-rådgivere, Friluftsfaglig rådgiver/ prosjektleder, Friluftsfaglig rådgiver/ prosjektleder, Sports- og aktivitetsinstruktører",SARPSBORG,http://data.europa.eu/esco/skill/aa0d8201-5a8e-417f-81f4-c04601139582,digitalisering,exact,,1.0,
c52f460d-f780-472f-a738-404168ee8219,ERP,Lyst til å jobbe med økonomi i Forsvaret?,"Revisorer, regnskapsrådgivere, Controller, Finans- og investeringsrådgivere, Økonomisk rådgiver, økonomisk rådgiver",BODØ,http://data.europa.eu/esco/skill/09f4c52b-ac72-4f0e-a8ae-78bb1d7bffba,transportprogramvare relatert til et ERP-system,digital_consensus,0.5528852343559265,0.9972111582756042,0.9701170120388269
c52f460d-f780-472f-a738-404168ee8219,SAP,Lyst til å jobbe med økonomi i Forsvaret?,"Revisorer, regnskapsrådgivere, Controller, Finans- og investeringsrådgivere, Økonomisk rådgiver, økonomisk rådgiver",BODØ,http://data.europa.eu/esco/skill/f8e3425c-fe44-4ffb-bafe-0e20d91dadf4,SAP,exact,,1.0,
da5318a9-1845-405d-9526-19ba7a5631a5,ERP,Lyst til å jobbe med økonomi i Forsvaret?,"Rådgivere/forskere, samfunnsøkonomi, Siviløkonom, økonom",BARDUFOSS,http://data.europa.eu/esco/skill/09f4c52b-ac72-4f0e-a8ae-78bb1d7bffba,transportprogramvare relatert til et ERP-system,digital_consensus,0.5528852343559265,0.9972111582756042,0.9701170120388269
da5318a9-1845-405d-9526-19ba7a5631a5,SAP,Lyst til å jobbe med økonomi i Forsvaret?,"Rådgivere/forskere, samfunnsøkonomi, Siviløkonom, økonom",BARDUFOSS,http://data.europa.eu/esco/skill/f8e3425c-fe44-4ffb-bafe-0e20d91dadf4,SAP,exact,,1.0,
e2791a61-fdea-48b3-b34a-ece1c18edd44,Business analytics,Motiveres du av å gjøre ting litt bedre – hver dag? ,"Supply Chain Konsulent, Supply Chain Konsulent, Logistikkmedarbeidere",KONGSBERG,http://data.europa.eu/esco/skill/143769cb-b61e-47d8-a61e-eedfbec1016c,analyse av forretningsdata,digital_consensus,0.5423995852470398,0.9987637996673584,0.996292854193598
e2791a61-fdea-48b3-b34a-ece1c18edd44,ERP,Motiveres du av å gjøre ting litt bedre – hver dag? ,"Supply Chain Konsulent, Supply Chain Konsulent, Logistikkmedarbeidere",KONGSBERG,http://data.europa.eu/esco/skill/09f4c52b-ac72-4f0e-a8ae-78bb1d7bffba,transportprogramvare relatert til et ERP-system,digital_consensus,0.5528852343559265,0.9972111582756042,0.9701170120388269
e418b5d8-ecd2-482b-a591-fc2111b72913,IT,Vil du bli med på vårt lag å utvikle løsninger som skal sikre at vi håndterer dagens/morgendags utfordringer?,"Høyere saksbehandlere i offentlig og privat virksomhet, Rådgiver (offentlig administrasjon), Høyere saksbehandlere i offentlig og privat virksomhet",OSLO,http://data.europa.eu/esco/skill/ddc3119d-1d6e-4324-9125-a3380d299ac5,IT,exact,,1.0,
e418b5d8-ecd2-482b-a591-fc2111b72913,Produktutvikling,Vil du bli med på vårt lag å utvikle løsninger som skal sikre at vi håndterer dagens/morgendags utfordringer?,"Høyere saksbehandlere i offentlig og privat virksomhet, Rådgiver (offentlig administrasjon), Høyere saksbehandlere i offentlig og privat virksomhet",OSLO,http://data.europa.eu/esco/skill/4f6b656a-54d0-48ce-9b55-ebcac5904a14,håndtere geospatiale teknologier,digital_consensus,0.6504983901977539,0.9169093370437622,0.013612568378448486
e6f8d111-4c9c-4d73-8bc4-e3c90539bf32,DevOps,Teknolog med erfaring innenfor Azure og Microsoft-teknologi,"Systemanalytikere/-arkitekter, Teknologikonsulent, IKT-konsulent",OSLO,http://data.europa.eu/esco/skill/f0de4973-0a70-4644-8fd4-3a97080476f4,DevOps,exact,,1.0,
e6f8d111-4c9c-4d73-8bc4-e3c90539bf32,Digitalisering,Teknolog med erfaring innenfor Azure og Microsoft-teknologi,"Systemanalytikere/-arkitekter, Teknologikonsulent, IKT-konsulent",OSLO,http://data.europa.eu/esco/skill/aa0d8201-5a8e-417f-81f4-c04601139582,digitalisering,exact,,1.0,
e719ec9f-68f9-4ce9-8056-35182b2ec4d7,Hjelpemidler,Ergoterapeut barn og unge,"Ergoterapeut, Ergoterapeut, Ergoterapeuter",DRØBAK,http://data.europa.eu/esco/skill/8759c352-8b00-498f-985a-935f13e1b043,hjelpemidler,exact,,1.0,
e94b3967-64f1-430a-ba97-5a88aece5023,Digitalisering,Prosjektleder EHDS,"Prosjektleder, Prosjektleder, Andre administrative ledere",OSLO,http://data.europa.eu/esco/skill/aa0d8201-5a8e-417f-81f4-c04601139582,digitalisering,exact,,1.0,
ebaf767d-5087-422a-b0a2-c1ea19272a47,Systemutvikling,Prosjektingeniør System Integrasjon,"Andre sivilingeniører (unntatt elektroteknologi);, Prosjektingeniør, Systemanalytikere/-arkitekter, Systemingeniør, IKT-systemarkitekt, Prosjektingeniør IT, Prosjektingeniør IT",KONGSBERG,http://data.europa.eu/esco/skill/21d2f96d-35f7-4e3f-9745-c533d2dd6e97,dataprogrammering,digital_consensus,0.6049041152000427,0.9194501638412476,0.19810181856155396
f12fc620-1c62-4bdc-9220-163b95982616,Adobe Creative Cloud,Trigges du av merkevarebygging?,"Reklame- og markedsføringsrådgivere, Brand Manager, varemerkesjef",TROLLÅSEN,http://data.europa.eu/esco/skill/719d8699-a221-4b5a-8fc3-68a8645cbe03,Adobe Creative Cloud,exact,,1.0,
f12fc620-1c62-4bdc-9220-163b95982616,Grafisk designer,Trigges du av merkevarebygging?,"Reklame- og markedsføringsrådgivere, Brand Manager, varemerkesjef",TROLLÅSEN,http://data.europa.eu/esco/skill/7fb699d9-182a-430e-b7a0-6d8ed05c284b,grafisk design,digital_consensus,0.5649178624153137,0.9999366998672485,5.328655242919922e-05
f5614f81-01ff-4fed-b91b-112a605bf753,Informatikk,Vil du jobbe med kvalitet i software?,"Andre programvare- og applikasjonsutviklere, Software Quality Assurance Analyst, spesialist i datakvalitet, Kvalitetsleder programvare, Kvalitetsleder programvare",KONGSBERG,http://data.europa.eu/esco/skill/7b5cce4d-c7fe-4119-b48f-70aa05391787,informatikk,exact,,1.0,
f5614f81-01ff-4fed-b91b-112a605bf753,Kybernetikk,Vil du jobbe med kvalitet i software?,"Andre programvare- og applikasjonsutviklere, Software Quality Assurance Analyst, spesialist i datakvalitet, Kvalitetsleder programvare, Kvalitetsleder programvare",KONGSBERG,http://data.europa.eu/esco/skill/fc5818b4-66f9-498b-a1bc-ff651db2af68,kybernetikk,exact,,1.0,
f5614f81-01ff-4fed-b91b-112a605bf753,Softwareutvikling,Vil du jobbe med kvalitet i software?,"Andre programvare- og applikasjonsutviklere, Software Quality Assurance Analyst, spesialist i datakvalitet, Kvalitetsleder programvare, Kvalitetsleder programvare",KONGSBERG,http://data.europa.eu/esco/skill/21d2f96d-35f7-4e3f-9745-c533d2dd6e97,dataprogrammering,digital_consensus,0.6154131889343262,0.9983090162277222,0.020649254322052002
f7777de4-308c-41b1-beb6-5b61b3bca278,CAD,Additive Manufacturing (Metallprinting) innen Forsvar og Aerospace,"Andre sivilingeniører (unntatt elektroteknologi);, Prosjektingeniør, Maskiningeniører, Sivilingeniør (maskinteknikk), maskiningeniør, Prosjektingeniør",KONGSBERG,http://data.europa.eu/esco/skill/9ba355be-f119-42b6-a7d6-52f6ce2e4a3f,utforme kretser ved hjelp av CAD,digital_consensus,0.6348830461502075,0.9999152421951294,0.8251167237758636
e8e7e33a-e301-48bf-9864-3cbdfbaf4d44,AI,Graduate 2027 - Operations Improvement Engineer,"Driftstekniker, Driftstekniker, Andre ingeniører",SANDNES,http://data.europa.eu/esco/skill/e465a154-93f7-4973-9ce1-31659fe16dd2,prinsipper for kunstig intelligens,digital_consensus,0.5584366917610168,0.99960857629776,0.001320481300354004
e8e7e33a-e301-48bf-9864-3cbdfbaf4d44,Dataanalyse,Graduate 2027 - Operations Improvement Engineer,"Driftstekniker, Driftstekniker, Andre ingeniører",SANDNES,http://data.europa.eu/esco/skill/97bd1c21-66b2-4b7e-ad0f-e3cda590e378,dataanalyse,exact,,1.0,
e8e7e33a-e301-48bf-9864-3cbdfbaf4d44,Digitalisering,Graduate 2027 - Operations Improvement Engineer,"Driftstekniker, Driftstekniker, Andre ingeniører",SANDNES,http://data.europa.eu/esco/skill/aa0d8201-5a8e-417f-81f4-c04601139582,digitalisering,exact,,1.0,
79c49770-7ce4-47d0-9922-ab6d1b29a3a9,Digitalisering,Strategisk lederstilling i Bergen - toårig vikariat med internasjonalt tilsnitt,"Avdelingsleder, Avdelingsleder, Andre ledere av produksjon og tjenesteyting, Andre administrative ledere, Seksjonssjef (offentlig administrasjon)",BERGEN,http://data.europa.eu/esco/skill/aa0d8201-5a8e-417f-81f4-c04601139582,digitalisering,exact,,1.0,
3a6e5ca1-f6e9-4a3d-9e27-5ae2003422dd,UI-designer,Vi søker UX/UI-designere som ønsker å bygge fagmiljø innen industriell teknologi og profesjonelle brukergrensesnitt,"Brukergrensesnittdesigner, Brukergrensesnittdesigner, Nett- og multimediautviklere, Grafiske- og multimediadesignere, UX-Designer",OSLO,http://data.europa.eu/esco/skill/1019423b-3368-4f83-b24f-19e5fa23e816,designmønstre for brukergrensesnitt for programvare,digital_consensus,0.5925659537315369,0.999833345413208,0.0035600662231445312
3a6e5ca1-f6e9-4a3d-9e27-5ae2003422dd,UX-designer,Vi søker UX/UI-designere som ønsker å bygge fagmiljø innen industriell teknologi og profesjonelle brukergrensesnitt,"Brukergrensesnittdesigner, Brukergrensesnittdesigner, Nett- og multimediautviklere, Grafiske- og multimediadesignere, UX-Designer",OSLO,http://data.europa.eu/esco/skill/1019423b-3368-4f83-b24f-19e5fa23e816,designmønstre for brukergrensesnitt for programvare,digital_consensus,0.5588029623031616,0.9994383454322815,0.0010673999786376953
3a6e5ca1-f6e9-4a3d-9e27-5ae2003422dd,brukergrensesnitt,Vi søker UX/UI-designere som ønsker å bygge fagmiljø innen industriell teknologi og profesjonelle brukergrensesnitt,"Brukergrensesnittdesigner, Brukergrensesnittdesigner, Nett- og multimediautviklere, Grafiske- og multimediadesignere, UX-Designer",OSLO,http://data.europa.eu/esco/skill/1019423b-3368-4f83-b24f-19e5fa23e816,designmønstre for brukergrensesnitt for programvare,digital_consensus,0.5821434259414673,0.9996922016143799,0.00822979211807251
3a6e5ca1-f6e9-4a3d-9e27-5ae2003422dd,digital design,Vi søker UX/UI-designere som ønsker å bygge fagmiljø innen industriell teknologi og profesjonelle brukergrensesnitt,"Brukergrensesnittdesigner, Brukergrensesnittdesigner, Nett- og multimediautviklere, Grafiske- og multimediadesignere, UX-Designer",OSLO,http://data.europa.eu/esco/skill/3c1af34b-4562-4c39-a30e-0812b84a147e,bruke spesialisert designprogramvare,digital_consensus,0.687400221824646,0.9194020628929138,0.06706839799880981
3a6e5ca1-f6e9-4a3d-9e27-5ae2003422dd,interaksjonsdesign,Vi søker UX/UI-designere som ønsker å bygge fagmiljø innen industriell teknologi og profesjonelle brukergrensesnitt,"Brukergrensesnittdesigner, Brukergrensesnittdesigner, Nett- og multimediautviklere, Grafiske- og multimediadesignere, UX-Designer",OSLO,http://data.europa.eu/esco/skill/1019423b-3368-4f83-b24f-19e5fa23e816,designmønstre for brukergrensesnitt for programvare,digital_consensus,0.6972687840461731,0.8965777158737183,0.8201393559575081
f6665e0c-3728-4d15-bb55-48332106ec1e,Datavarehus,Ønsker du å arbeide med informasjonssikkerhet og IKT i en Lokal Sparebank,"Sikkerhetsleder, Andre ledere av produksjon og tjenesteyting, Sikkerhetsanalytikere mv., Informasjonssikkerhetsmedarbeider, Driftsteknikere, IKT, IKT - medarbeider, Driftsteknikere",ASKIM,http://data.europa.eu/esco/skill/3ec2e4d6-7000-4905-bf1a-c5b1679416de,datavarehus,exact,,1.0,
f6665e0c-3728-4d15-bb55-48332106ec1e,IT-sikkerhet,Ønsker du å arbeide med informasjonssikkerhet og IKT i en Lokal Sparebank,"Sikkerhetsleder, Andre ledere av produksjon og tjenesteyting, Sikkerhetsanalytikere mv., Informasjonssikkerhetsmedarbeider, Driftsteknikere, IKT, IKT - medarbeider, Driftsteknikere",ASKIM,http://data.europa.eu/esco/skill/8088750d-8388-4170-a76f-48354c469c44,IT-sikkerhet,exact,,1.0,
f6665e0c-3728-4d15-bb55-48332106ec1e,Informasjonssikkerhet,Ønsker du å arbeide med informasjonssikkerhet og IKT i en Lokal Sparebank,"Sikkerhetsleder, Andre ledere av produksjon og tjenesteyting, Sikkerhetsanalytikere mv., Informasjonssikkerhetsmedarbeider, Driftsteknikere, IKT, IKT - medarbeider, Driftsteknikere",ASKIM,http://data.europa.eu/esco/skill/8088750d-8388-4170-a76f-48354c469c44,informasjonssikkerhet,exact,,1.0,
f6665e0c-3728-4d15-bb55-48332106ec1e,Microsoft 365,Ønsker du å arbeide med informasjonssikkerhet og IKT i en Lokal Sparebank,"Sikkerhetsleder, Andre ledere av produksjon og tjenesteyting, Sikkerhetsanalytikere mv., Informasjonssikkerhetsmedarbeider, Driftsteknikere, IKT, IKT - medarbeider, Driftsteknikere",ASKIM,http://data.europa.eu/esco/skill/f683ae1d-cb7c-4aa1-b9fe-205e1bd23535,bruke Microsoft Office,digital_consensus,0.5470774173736572,0.9996776580810547,0.0003491640090942383
18852824-d583-4268-a3ec-9fcedf795377,Digitalisering,Vil du gjøre det komplekse enkelt?,"Systemanalytikere/-arkitekter, Prosjektkonsulent, Systemanalytikere/-arkitekter, Virksomhetsarkitekt, virksomhetsarkitekt",OSLO,http://data.europa.eu/esco/skill/aa0d8201-5a8e-417f-81f4-c04601139582,digitalisering,exact,,1.0,
18b963ea-9bcf-4cb2-8f9d-0e743c618707,Digital sikkerhet,Vil du være med å forme fremtidens sikkerhetsarbeid i KS Digital?,"Sikkerhetsanalytikere mv., Informasjonssikkerhetskonsulent, IKT-sikkerhetsingeniør",OSLO,http://data.europa.eu/esco/skill/8088750d-8388-4170-a76f-48354c469c44,digital sikkerhet,exact,,1.0,
18b963ea-9bcf-4cb2-8f9d-0e743c618707,Informasjonssikkerhet,Vil du være med å forme fremtidens sikkerhetsarbeid i KS Digital?,"Sikkerhetsanalytikere mv., Informasjonssikkerhetskonsulent, IKT-sikkerhetsingeniør",OSLO,http://data.europa.eu/esco/skill/8088750d-8388-4170-a76f-48354c469c44,informasjonssikkerhet,exact,,1.0,
e94b485e-6c26-481f-b25f-758aba676d18,ERP,Lønn og regnskaps medarbeider,"Lønningsansvarlig, Lønningsmedarbeidere, Regnskapsmedarbeidere, Regnskapsmedarbeider, bokholder",HARØY,http://data.europa.eu/esco/skill/09f4c52b-ac72-4f0e-a8ae-78bb1d7bffba,transportprogramvare relatert til et ERP-system,digital_consensus,0.5528852343559265,0.9972111582756042,0.9701170120388269
df0375e8-2bc6-4071-b92b-8ceee33ee49e,Hjelpemidler,Distriktsansvarlig selger,"Bilglass-/ruteskifter, Bilglass-/ruteskifter, Glassarbeidere",LILLEHAMMER,http://data.europa.eu/esco/skill/8759c352-8b00-498f-985a-935f13e1b043,hjelpemidler,exact,,1.0,
c01ea040-a0d0-4aa1-ae83-6e4bdbbd2ad0,Digitalisering,Business Innovation Partner,"HR Business Partner, HR Business Partner, Personalsjefer",SKEDSMOKORSET,http://data.europa.eu/esco/skill/aa0d8201-5a8e-417f-81f4-c04601139582,digitalisering,exact,,1.0,
add3d79f-04a7-44c7-ac61-475db5de504d,Elektronikk,"Har du erfaring med elektronikkproduksjon, testing og feilsøking?","Testingeniør elektronikk og telekommunikasjon, Testingeniør elektronikk og telekommunikasjon, Elektronikkingeniører",VETTRE,http://data.europa.eu/esco/skill/95c35c3a-035f-47c2-90cf-7e934d20fc08,elektronikk,exact,,1.0,
add3d79f-04a7-44c7-ac61-475db5de504d,Kretskort,"Har du erfaring med elektronikkproduksjon, testing og feilsøking?","Testingeniør elektronikk og telekommunikasjon, Testingeniør elektronikk og telekommunikasjon, Elektronikkingeniører",VETTRE,http://data.europa.eu/esco/skill/6a2bc03b-e30d-429b-9549-5784cb92ae2f,kretskort,exact,,1.0,
f29e9e80-f5bf-42e1-810e-95f10a03edd8,Digitalisering,Graduate 2027 - Commercial Analyst,"Organisasjonsrådgivere mv., Forvaltning- og finansanalytiker",SANDNES,http://data.europa.eu/esco/skill/aa0d8201-5a8e-417f-81f4-c04601139582,digitalisering,exact,,1.0,
daa03c8c-7943-4ef7-8c8c-a7231966cb02,Tekniske tegninger,Industrimekaniker,"Industrimekaniker, Industrimekaniker, Anleggsmaskin- og industrimekanikere",STATHELLE,http://data.europa.eu/esco/skill/59ea80e1-463a-4dba-82c6-d0b6d577d532,tekniske tegninger,exact,,1.0,
01f1b757-e45d-45df-8a3c-75d59650015c,Designstrategi,Senior Designer (Strategic \& Creative),"Produkt- og klesdesignere, Designer av tilbehør, Høyere saksbehandlere i offentlig og privat virksomhet, Senior Strategirådgiver, Høyere saksbehandlere i offentlig og privat virksomhet",LYSAKER,http://data.europa.eu/esco/skill/7fb699d9-182a-430e-b7a0-6d8ed05c284b,grafisk design,digital_consensus,0.5688585638999939,0.959513247013092,0.014245688915252686
01f1b757-e45d-45df-8a3c-75d59650015c,Grafisk design,Senior Designer (Strategic \& Creative),"Produkt- og klesdesignere, Designer av tilbehør, Høyere saksbehandlere i offentlig og privat virksomhet, Senior Strategirådgiver, Høyere saksbehandlere i offentlig og privat virksomhet",LYSAKER,http://data.europa.eu/esco/skill/7fb699d9-182a-430e-b7a0-6d8ed05c284b,grafisk design,exact,,1.0,
b66d3ec0-6aaf-436d-8fd5-77e1923baed6,Python,Vi søker Platform Engineer,"Systemanalytikere/-arkitekter, Plattform Manager, Systemanalytikere/-arkitekter",KONGSBERG,http://data.europa.eu/esco/skill/ccd0a1d9-afda-43d9-b901-96344886e14d,Python,exact,,1.0,
b66d3ec0-6aaf-436d-8fd5-77e1923baed6,data engineering,Vi søker Platform Engineer,"Systemanalytikere/-arkitekter, Plattform Manager, Systemanalytikere/-arkitekter",KONGSBERG,http://data.europa.eu/esco/skill/48db96bf-3314-45c6-bad8-fdb6e20e5639,data engineering,exact,,1.0,
b66d3ec0-6aaf-436d-8fd5-77e1923baed6,dataplattform,Vi søker Platform Engineer,"Systemanalytikere/-arkitekter, Plattform Manager, Systemanalytikere/-arkitekter",KONGSBERG,http://data.europa.eu/esco/skill/c453cf81-6197-428e-84c6-70c773b63f27,Arkitektoniske IKT-rammeverk,digital_consensus,0.5622543692588806,0.8600369691848755,0.024731993675231934
7ec7ca44-49f2-4cea-a928-ae7b386a8265,Tekniske tegninger,Vil du kombinere studiene med relevant arbeidserfaring innen teknisk dokumentasjon og fornybar energi? Region Midt-No...,"Teknisk tegner, Tekniske tegnere, Forfattere mv., Teknisk dokumentkontroller, teknisk kommunikatør",TRONDHEIM,http://data.europa.eu/esco/skill/59ea80e1-463a-4dba-82c6-d0b6d577d532,tekniske tegninger,exact,,1.0,
e4421eba-a930-4647-903b-c23a6309a5dc,Datasystemer,Tømmermåler ved Sørli eller Vestmo tømmerterminal,"Tømmermåler, Tømmermåler, Takstmenn",ELVERUM,http://data.europa.eu/esco/skill/3ec2e4d6-7000-4905-bf1a-c5b1679416de,datavarehus,digital_consensus,0.5866695046424866,0.965560793876648,0.9559132428839803
a47111a0-6112-40e3-b174-2fbced23e22a,ITIL,Vil du være en nøkkelperson som sikrer rask og strukturert håndtering av IT-hendelser?,"IT Hendelsesleder, IT Hendelsesleder, Andre programvare- og applikasjonsutviklere",OSLO,http://data.europa.eu/esco/skill/d12e9d68-84c5-444e-aa98-d36533bf03f6,anvende operasjoner for et ITIL-basert miljø,digital_consensus,0.5806655883789062,0.9997642636299133,0.6852640509605408
5adebb6a-4455-468b-a447-7be44074a30b,Business Intelligence,Vil du påvirke beslutninger i et internasjonalt konsern?,"Forretningsanalytiker, Forretningsanalytiker, Finansanalytikere",OSLO,http://data.europa.eu/esco/skill/143769cb-b61e-47d8-a61e-eedfbec1016c,business intelligence,exact,,1.0,
5adebb6a-4455-468b-a447-7be44074a30b,Forretningsanalytiker,Vil du påvirke beslutninger i et internasjonalt konsern?,"Forretningsanalytiker, Forretningsanalytiker, Finansanalytikere",OSLO,http://data.europa.eu/esco/skill/143769cb-b61e-47d8-a61e-eedfbec1016c,analyse av forretningsdata,digital_consensus,0.6012461185455322,0.9952499866485596,0.003920078277587891
f46787c0-b203-48e6-89b2-af0ef2c7baed,Maskinlæring,Vil du jobbe med modeller som faktisk betyr noe i praksis?,"Forsker datavitenskap, Forsker datavitenskap, Systemanalytikere/-arkitekter",OSLO,http://data.europa.eu/esco/skill/3a2d5b45-56e4-4f5a-a55a-4a4a65afdc43,maskinlæring,exact,,1.0,
f46787c0-b203-48e6-89b2-af0ef2c7baed,Python,Vil du jobbe med modeller som faktisk betyr noe i praksis?,"Forsker datavitenskap, Forsker datavitenskap, Systemanalytikere/-arkitekter",OSLO,http://data.europa.eu/esco/skill/ccd0a1d9-afda-43d9-b901-96344886e14d,Python,exact,,1.0,
d352092d-de77-4012-a497-e3b364f73620,Produktutvikling,Develop technology that performs where failure is not an option,"Designingeniør, Designingeniør, Andre sivilingeniører( unntatt elektroteknologi)",STAVANGER,http://data.europa.eu/esco/skill/4f6b656a-54d0-48ce-9b55-ebcac5904a14,håndtere geospatiale teknologier,digital_consensus,0.6504983901977539,0.9169093370437622,0.013612568378448486
75ed2810-d783-4070-a5b6-a07ef20ffdd7,Hardware Security Engineer,Hardware Security Engineer,"Andre ingeniører, Sikkerhetsingeniør, Sikkerhetsanalytikere mv., Cybersikkerhetsingeniør, IKT-sikkerhetsingeniør",KONGSBERG,http://data.europa.eu/esco/skill/bac209e9-d337-4312-9041-17c2e75fa4df,maskinvareindustrien,digital_consensus,0.5178207755088806,0.9992746710777283,0.013330280780792236
75ed2810-d783-4070-a5b6-a07ef20ffdd7,cybersikkerhet,Hardware Security Engineer,"Andre ingeniører, Sikkerhetsingeniør, Sikkerhetsanalytikere mv., Cybersikkerhetsingeniør, IKT-sikkerhetsingeniør",KONGSBERG,http://data.europa.eu/esco/skill/8088750d-8388-4170-a76f-48354c469c44,cybersikkerhet,exact,,1.0,
75ed2810-d783-4070-a5b6-a07ef20ffdd7,elektronikk,Hardware Security Engineer,"Andre ingeniører, Sikkerhetsingeniør, Sikkerhetsanalytikere mv., Cybersikkerhetsingeniør, IKT-sikkerhetsingeniør",KONGSBERG,http://data.europa.eu/esco/skill/95c35c3a-035f-47c2-90cf-7e934d20fc08,elektronikk,exact,,1.0,
75ed2810-d783-4070-a5b6-a07ef20ffdd7,hardware,Hardware Security Engineer,"Andre ingeniører, Sikkerhetsingeniør, Sikkerhetsanalytikere mv., Cybersikkerhetsingeniør, IKT-sikkerhetsingeniør",KONGSBERG,http://data.europa.eu/esco/skill/bac209e9-d337-4312-9041-17c2e75fa4df,maskinvareindustrien,digital_consensus,0.5604751110076904,0.9997143149375916,0.02042520046234131
7d0ac51a-d584-4126-a2bd-4ae90344c814,Elektronikk,Driftsteknikker,"Driftstekniker, Driftstekniker, Andre ingeniører",KONGSBERG,http://data.europa.eu/esco/skill/95c35c3a-035f-47c2-90cf-7e934d20fc08,elektronikk,exact,,1.0,
7d0ac51a-d584-4126-a2bd-4ae90344c814,Kalibrering,Driftsteknikker,"Driftstekniker, Driftstekniker, Andre ingeniører",KONGSBERG,http://data.europa.eu/esco/skill/2973b3bc-5893-4b3d-8953-22ef677a162f,kutteteknologier,digital_consensus,0.5721607804298401,0.9198712110519409,0.024345755577087402
46eb2ec3-4f6f-498b-af26-f815018ed558,Elektronikk,Brunvoll Mar-El AS søker Serviceteknikere/ingeniører,"Servicetekniker, Servicetekniker, Andre ingeniører",DALEN,http://data.europa.eu/esco/skill/95c35c3a-035f-47c2-90cf-7e934d20fc08,elektronikk,exact,,1.0,
51af9a3d-0206-45bd-8c2e-24c2616c76da,Adobe Illustrator,Vil du være med og utvikle fremtidens grafiske produksjon? Da kan dette være stillingen for deg.,"Førtrykkere, Grafiker førtrykk, førtrykkstekniker",KRISTIANSAND S,http://data.europa.eu/esco/skill/27b913f0-3c52-448b-ad27-fc6ef08fb326,Adobe Illustrator,exact,,1.0,
51af9a3d-0206-45bd-8c2e-24c2616c76da,Trykkeri,Vil du være med og utvikle fremtidens grafiske produksjon? Da kan dette være stillingen for deg.,"Førtrykkere, Grafiker førtrykk, førtrykkstekniker",KRISTIANSAND S,http://data.europa.eu/esco/skill/094ef6aa-844f-44ce-8456-fdc49276bf58,digitaltrykk,digital_consensus,0.5366935133934021,0.9465936422348022,0.0019971728324890137
1bdbe4be-0b08-4430-98c2-1a0252bda7c6,ERP,Rådgiver - regnskap,"Revisorer og regnskapsrådgivere, Revisorer, regnskapsrådgivere, Revisor, Revisor, Regnskapsrådgiver",STAVANGER,http://data.europa.eu/esco/skill/09f4c52b-ac72-4f0e-a8ae-78bb1d7bffba,transportprogramvare relatert til et ERP-system,digital_consensus,0.5528852343559265,0.9972111582756042,0.9701170120388269
7b14260e-0b5a-44e5-afb4-7eccbf9628d1,C++,Jr/Sr Engineer Inertial Solutions,"Systemanalytikere/-arkitekter, dataingeniør, IT-ingeniør",TRONDHEIM,http://data.europa.eu/esco/skill/b633eb55-8f1f-4ae6-ab4c-2022ffe2cb7f,C++,exact,,1.0,
7b14260e-0b5a-44e5-afb4-7eccbf9628d1,Produktutvikling,Jr/Sr Engineer Inertial Solutions,"Systemanalytikere/-arkitekter, dataingeniør, IT-ingeniør",TRONDHEIM,http://data.europa.eu/esco/skill/4f6b656a-54d0-48ce-9b55-ebcac5904a14,håndtere geospatiale teknologier,digital_consensus,0.6504983901977539,0.9169093370437622,0.013612568378448486
7b14260e-0b5a-44e5-afb4-7eccbf9628d1,Programmering,Jr/Sr Engineer Inertial Solutions,"Systemanalytikere/-arkitekter, dataingeniør, IT-ingeniør",TRONDHEIM,http://data.europa.eu/esco/skill/21d2f96d-35f7-4e3f-9745-c533d2dd6e97,dataprogrammering,digital_consensus,0.714440643787384,0.9188328981399536,0.2761046886444092
7b14260e-0b5a-44e5-afb4-7eccbf9628d1,Python,Jr/Sr Engineer Inertial Solutions,"Systemanalytikere/-arkitekter, dataingeniør, IT-ingeniør",TRONDHEIM,http://data.europa.eu/esco/skill/ccd0a1d9-afda-43d9-b901-96344886e14d,Python,exact,,1.0,
4b8306dd-74d8-40d9-9a9c-19dc2002ca3c,BIM,Vil du styre varierte byggeprosjekter i Hardanger?,"Prosjektleder bygg og anlegg, Prosjektleder bygg og anlegg, Sivilingeniører (bygg og anlegg)",ODDA,http://data.europa.eu/esco/skill/fae7e545-5114-43cc-8e83-178e2549ecb9,bim,exact,,1.0,
24e7aca6-1c66-4112-b7ac-7ff7301a1bbf,Elektronikk,Teknisk interessert?,"Andre ingeniører, Servicetekniker, Servicetekniker",SKUI,http://data.europa.eu/esco/skill/95c35c3a-035f-47c2-90cf-7e934d20fc08,elektronikk,exact,,1.0,
ebf5827c-11c6-4537-8888-19b392f5289a,ERP,Trives du best når du kan gjøre det lille ekstra for kundene?,"Salgskoordinator, Salgskoordinator, Selgere (engros)",OSLO,http://data.europa.eu/esco/skill/09f4c52b-ac72-4f0e-a8ae-78bb1d7bffba,transportprogramvare relatert til et ERP-system,digital_consensus,0.5528852343559265,0.9972111582756042,0.9701170120388269
ebf5827c-11c6-4537-8888-19b392f5289a,Kundesupport,Trives du best når du kan gjøre det lille ekstra for kundene?,"Salgskoordinator, Salgskoordinator, Selgere (engros)",OSLO,http://data.europa.eu/esco/skill/db36f7f1-5900-45bd-9ffb-f2b19c4362ac,støtte IKT-systembrukere,digital_consensus,0.5482102036476135,0.9978213310241699,0.016304969787597656
16b9e69f-d839-4052-8aa5-074909c414c9,Dataanalyse,Research assistants at MediaFutures,"Universitets- og høyskolelektorer/-lærere, Stipendiat, Universitets- og høyskolelektorer/-lærere",BERGEN,http://data.europa.eu/esco/skill/97bd1c21-66b2-4b7e-ad0f-e3cda590e378,dataanalyse,exact,,1.0,
16b9e69f-d839-4052-8aa5-074909c414c9,Programmering,Research assistants at MediaFutures,"Universitets- og høyskolelektorer/-lærere, Stipendiat, Universitets- og høyskolelektorer/-lærere",BERGEN,http://data.europa.eu/esco/skill/21d2f96d-35f7-4e3f-9745-c533d2dd6e97,dataprogrammering,digital_consensus,0.714440643787384,0.9188328981399536,0.2761046886444092
1f1a9cea-c247-4c62-8eca-7762b63a92a6,Digitalisering,Applikasjonsforvalter,"Applikasjonsforvalter, Systemanalytikere/-arkitekter, Høyere saksbehandlere i offentlig og privat virksomhet, Seniorkonsulent øvrig offentlig administrasjon, Høyere saksbehandlere i offentlig og privat virksomhet",OSLO,http://data.europa.eu/esco/skill/aa0d8201-5a8e-417f-81f4-c04601139582,digitalisering,exact,,1.0,
1f1a9cea-c247-4c62-8eca-7762b63a92a6,IT,Applikasjonsforvalter,"Applikasjonsforvalter, Systemanalytikere/-arkitekter, Høyere saksbehandlere i offentlig og privat virksomhet, Seniorkonsulent øvrig offentlig administrasjon, Høyere saksbehandlere i offentlig og privat virksomhet",OSLO,http://data.europa.eu/esco/skill/ddc3119d-1d6e-4324-9125-a3380d299ac5,IT,exact,,1.0,
1fdfebf8-0d19-498f-9373-1e87ada13770,Active Directory,Er du interessert i sikker sertifikathåndtering og ønsker å jobbe med et unikt samfunnsoppdrag?,"Sikkerhetsingeniør, Sikkerhetsingeniør, Andre ingeniører",OSLO,http://data.europa.eu/esco/skill/d1e954cd-d290-4d80-97c0-7969960d2928,active directory,exact,,1.0,
1fdfebf8-0d19-498f-9373-1e87ada13770,Digital identitet,Er du interessert i sikker sertifikathåndtering og ønsker å jobbe med et unikt samfunnsoppdrag?,"Sikkerhetsingeniør, Sikkerhetsingeniør, Andre ingeniører",OSLO,http://data.europa.eu/esco/skill/33efa504-2f26-424d-b662-cee77e6e9c93,digital identitetsstyring,digital_consensus,0.581413984298706,0.9999001026153564,0.017556846141815186
1fdfebf8-0d19-498f-9373-1e87ada13770,IAM,Er du interessert i sikker sertifikathåndtering og ønsker å jobbe med et unikt samfunnsoppdrag?,"Sikkerhetsingeniør, Sikkerhetsingeniør, Andre ingeniører",OSLO,http://data.europa.eu/esco/skill/33efa504-2f26-424d-b662-cee77e6e9c93,IAM,exact,,1.0,
1fdfebf8-0d19-498f-9373-1e87ada13770,IT-sikkerhet,Er du interessert i sikker sertifikathåndtering og ønsker å jobbe med et unikt samfunnsoppdrag?,"Sikkerhetsingeniør, Sikkerhetsingeniør, Andre ingeniører",OSLO,http://data.europa.eu/esco/skill/8088750d-8388-4170-a76f-48354c469c44,IT-sikkerhet,exact,,1.0,
1fdfebf8-0d19-498f-9373-1e87ada13770,PowerShell,Er du interessert i sikker sertifikathåndtering og ønsker å jobbe med et unikt samfunnsoppdrag?,"Sikkerhetsingeniør, Sikkerhetsingeniør, Andre ingeniører",OSLO,http://data.europa.eu/esco/skill/21d2f96d-35f7-4e3f-9745-c533d2dd6e97,PowerShell,exact,,1.0,
2c7264b7-9766-4eb2-bb1a-a6f5fc00a05a,Arkitektur,Løsningsarkitekt,"IKT Løsningsarkitekt, IKT Løsningsarkitekt, Programvareutviklere",RYGGE,http://data.europa.eu/esco/skill/c453cf81-6197-428e-84c6-70c773b63f27,Arkitektoniske IKT-rammeverk,digital_consensus,0.5593475699424744,0.9923986792564392,0.11609482765197754
2c7264b7-9766-4eb2-bb1a-a6f5fc00a05a,Digitalisering,Løsningsarkitekt,"IKT Løsningsarkitekt, IKT Løsningsarkitekt, Programvareutviklere",RYGGE,http://data.europa.eu/esco/skill/aa0d8201-5a8e-417f-81f4-c04601139582,digitalisering,exact,,1.0,
2c7264b7-9766-4eb2-bb1a-a6f5fc00a05a,Systemutvikling,Løsningsarkitekt,"IKT Løsningsarkitekt, IKT Løsningsarkitekt, Programvareutviklere",RYGGE,http://data.europa.eu/esco/skill/21d2f96d-35f7-4e3f-9745-c533d2dd6e97,dataprogrammering,digital_consensus,0.6049041152000427,0.9194501638412476,0.19810181856155396
3e7c2018-df6d-45de-87c1-714d67477da8,Cybersikkerhet,Flerkildeanalytiker,"Menige, Etterretningsanalytiker i førstegangstjeneste, Høyere saksbehandlere i offentlig og privat virksomhet, Rådgiver (offentlig administrasjon), Høyere saksbehandlere i offentlig og privat virksomhet",FORNEBU,http://data.europa.eu/esco/skill/8088750d-8388-4170-a76f-48354c469c44,cybersikkerhet,exact,,1.0,
42d2a81e-d8e3-4a7b-95f3-585ddca0f999,Hjelpemidler,Ergoterapeut - 100 % vikariat,"Ergoterapeut, Ergoterapeut, Ergoterapeuter",MANDAL,http://data.europa.eu/esco/skill/8759c352-8b00-498f-985a-935f13e1b043,hjelpemidler,exact,,1.0,
4844f5e9-ae1a-46af-a17c-0aa1dc53635c,Digital identitet,Er du interessert i digital identitet og ønsker å jobbe med et høyaktuelt og unikt samfunnsoppdrag?,"Høyere saksbehandlere i offentlig og privat virksomhet, Etterretnings- og sikkerhetsoffiser, etterretningsoffiser",OSLO,http://data.europa.eu/esco/skill/33efa504-2f26-424d-b662-cee77e6e9c93,digital identitetsstyring,digital_consensus,0.581413984298706,0.9999001026153564,0.017556846141815186
4844f5e9-ae1a-46af-a17c-0aa1dc53635c,IAM,Er du interessert i digital identitet og ønsker å jobbe med et høyaktuelt og unikt samfunnsoppdrag?,"Høyere saksbehandlere i offentlig og privat virksomhet, Etterretnings- og sikkerhetsoffiser, etterretningsoffiser",OSLO,http://data.europa.eu/esco/skill/33efa504-2f26-424d-b662-cee77e6e9c93,IAM,exact,,1.0,
4844f5e9-ae1a-46af-a17c-0aa1dc53635c,IT-sikkerhet,Er du interessert i digital identitet og ønsker å jobbe med et høyaktuelt og unikt samfunnsoppdrag?,"Høyere saksbehandlere i offentlig og privat virksomhet, Etterretnings- og sikkerhetsoffiser, etterretningsoffiser",OSLO,http://data.europa.eu/esco/skill/8088750d-8388-4170-a76f-48354c469c44,IT-sikkerhet,exact,,1.0,
4844f5e9-ae1a-46af-a17c-0aa1dc53635c,Produktspesialist,Er du interessert i digital identitet og ønsker å jobbe med et høyaktuelt og unikt samfunnsoppdrag?,"Høyere saksbehandlere i offentlig og privat virksomhet, Etterretnings- og sikkerhetsoffiser, etterretningsoffiser",OSLO,http://data.europa.eu/esco/skill/21d2f96d-35f7-4e3f-9745-c533d2dd6e97,dataprogrammering,digital_consensus,0.5442332625389099,0.9931126236915588,1.3828277587890625e-05
52491deb-0a81-4abd-b3f3-5a662c881b21,Digitalisering,IAM Utvikler,"Applikasjonsprogrammerere, Applikasjonsutvikler IAM - Identity & Access Management, Applikasjonsprogrammerere",OSLO,http://data.europa.eu/esco/skill/aa0d8201-5a8e-417f-81f4-c04601139582,digitalisering,exact,,1.0,
52491deb-0a81-4abd-b3f3-5a662c881b21,IAM,IAM Utvikler,"Applikasjonsprogrammerere, Applikasjonsutvikler IAM - Identity & Access Management, Applikasjonsprogrammerere",OSLO,http://data.europa.eu/esco/skill/33efa504-2f26-424d-b662-cee77e6e9c93,IAM,exact,,1.0,
52491deb-0a81-4abd-b3f3-5a662c881b21,IT-sikkerhet,IAM Utvikler,"Applikasjonsprogrammerere, Applikasjonsutvikler IAM - Identity & Access Management, Applikasjonsprogrammerere",OSLO,http://data.europa.eu/esco/skill/8088750d-8388-4170-a76f-48354c469c44,IT-sikkerhet,exact,,1.0,
52491deb-0a81-4abd-b3f3-5a662c881b21,Systemutvikling,IAM Utvikler,"Applikasjonsprogrammerere, Applikasjonsutvikler IAM - Identity & Access Management, Applikasjonsprogrammerere",OSLO,http://data.europa.eu/esco/skill/21d2f96d-35f7-4e3f-9745-c533d2dd6e97,dataprogrammering,digital_consensus,0.6049041152000427,0.9194501638412476,0.19810181856155396
5597cd44-0da5-4fff-b119-d6c58f60612e,ERP,Ønsker du å jobbe i et stort fagmiljø innen regnskap og rådgivning? ,"Regnskapsmedarbeider, Regnskapsmedarbeider, Regnskapsmedarbeidere",KONGSVINGER,http://data.europa.eu/esco/skill/09f4c52b-ac72-4f0e-a8ae-78bb1d7bffba,transportprogramvare relatert til et ERP-system,digital_consensus,0.5528852343559265,0.9972111582756042,0.9701170120388269
6196df1f-f86c-4006-80ee-f50098bc9ed3,IT,Vi søker systemutviklere,"Systemutvikler, Systemutvikler, Systemanalytikere/-arkitekter",BRØNNØYSUND,http://data.europa.eu/esco/skill/ddc3119d-1d6e-4324-9125-a3380d299ac5,IT,exact,,1.0,
6196df1f-f86c-4006-80ee-f50098bc9ed3,Java,Vi søker systemutviklere,"Systemutvikler, Systemutvikler, Systemanalytikere/-arkitekter",BRØNNØYSUND,http://data.europa.eu/esco/skill/19a8293b-8e95-4de3-983f-77484079c389,Java,exact,,1.0,
6196df1f-f86c-4006-80ee-f50098bc9ed3,Programmerer,Vi søker systemutviklere,"Systemutvikler, Systemutvikler, Systemanalytikere/-arkitekter",BRØNNØYSUND,http://data.europa.eu/esco/skill/21d2f96d-35f7-4e3f-9745-c533d2dd6e97,dataprogrammering,digital_consensus,0.6060227751731873,0.9829521775245667,0.035317838191986084
6196df1f-f86c-4006-80ee-f50098bc9ed3,Systemutvikler,Vi søker systemutviklere,"Systemutvikler, Systemutvikler, Systemanalytikere/-arkitekter",BRØNNØYSUND,http://data.europa.eu/esco/skill/21d2f96d-35f7-4e3f-9745-c533d2dd6e97,dataprogrammering,digital_consensus,0.6546458005905151,0.9988632202148438,0.002029597759246826
664c8890-2c45-4241-8d2f-7e1f7833c8b7,GIS,Rådgiver plan/arealplanlegger ,"Arealplanlegger, Arealplanleggere, Høyere saksbehandlere i offentlig og privat virksomhet, Rådgiver (offentlig administrasjon), Høyere saksbehandlere i offentlig og privat virksomhet",JAREN,http://data.europa.eu/esco/skill/377861af-f966-4c87-a2db-7e99904312b9,gis,exact,,1.0,
701d9d19-f684-4f03-b26e-69e85ad1b074,Cybersikkerhet,Systemforvalter/rådgiver,"Systemadministrator, Systemadministrator, Systemadministratorer, Systemforvalter",BODØ,http://data.europa.eu/esco/skill/8088750d-8388-4170-a76f-48354c469c44,cybersikkerhet,exact,,1.0,
701d9d19-f684-4f03-b26e-69e85ad1b074,IT,Systemforvalter/rådgiver,"Systemadministrator, Systemadministrator, Systemadministratorer, Systemforvalter",BODØ,http://data.europa.eu/esco/skill/ddc3119d-1d6e-4324-9125-a3380d299ac5,IT,exact,,1.0,
701d9d19-f684-4f03-b26e-69e85ad1b074,Informasjonssikkerhet,Systemforvalter/rådgiver,"Systemadministrator, Systemadministrator, Systemadministratorer, Systemforvalter",BODØ,http://data.europa.eu/esco/skill/8088750d-8388-4170-a76f-48354c469c44,informasjonssikkerhet,exact,,1.0,
74c78d02-864d-438f-a1cf-14f8d3e9a9e3,Dataanalyse,Rådgiver/seniorrådgiver innen smittevernovervåking og helsedata ,"Helse- og miljørådgivere, Rådgiver folkehelse, Høyere saksbehandlere i offentlig og privat virksomhet, Helsefaglig rådgiver, helsefagarbeider",OSLO,http://data.europa.eu/esco/skill/97bd1c21-66b2-4b7e-ad0f-e3cda590e378,dataanalyse,exact,,1.0,
87b9372f-b9b5-4faa-9588-fd7a7e4f2b38,Digitalisering,"Management trainee - ledelse, teknologi og økonomi","Høyere saksbehandlere i offentlig og privat virksomhet, Rådgiver økonomi og samfunnsvitenskap, offentlig administrasjon, Rådgivere/forskere, samfunnsvitenskap, Statsviter, Høyere saksbehandlere i offentlig og privat virksomhet, Rådgiver teknisk, naturvitenskap, offentlig administrasjon, Andre ingeniører, Teknisk rådgiver, Andre ingeniører",SANDVIKA,http://data.europa.eu/esco/skill/aa0d8201-5a8e-417f-81f4-c04601139582,digitalisering,exact,,1.0,
91717efe-6fb9-48c6-af09-c7de89555d50,Arkitektur,Sikkerhetsarkitekt – bygg trygg sky sammen med oss,"IKT Sikkerhetsarkitekt, IKT Sikkerhetsarkitekt, Sikkerhetsanalytikere mv.",DRAMMEN,http://data.europa.eu/esco/skill/c453cf81-6197-428e-84c6-70c773b63f27,Arkitektoniske IKT-rammeverk,digital_consensus,0.5593475699424744,0.9923986792564392,0.11609482765197754
91717efe-6fb9-48c6-af09-c7de89555d50,Digital sikkerhet,Sikkerhetsarkitekt – bygg trygg sky sammen med oss,"IKT Sikkerhetsarkitekt, IKT Sikkerhetsarkitekt, Sikkerhetsanalytikere mv.",DRAMMEN,http://data.europa.eu/esco/skill/8088750d-8388-4170-a76f-48354c469c44,digital sikkerhet,exact,,1.0,
91717efe-6fb9-48c6-af09-c7de89555d50,IT,Sikkerhetsarkitekt – bygg trygg sky sammen med oss,"IKT Sikkerhetsarkitekt, IKT Sikkerhetsarkitekt, Sikkerhetsanalytikere mv.",DRAMMEN,http://data.europa.eu/esco/skill/ddc3119d-1d6e-4324-9125-a3380d299ac5,IT,exact,,1.0,
91717efe-6fb9-48c6-af09-c7de89555d50,IT-sikkerhet,Sikkerhetsarkitekt – bygg trygg sky sammen med oss,"IKT Sikkerhetsarkitekt, IKT Sikkerhetsarkitekt, Sikkerhetsanalytikere mv.",DRAMMEN,http://data.europa.eu/esco/skill/8088750d-8388-4170-a76f-48354c469c44,IT-sikkerhet,exact,,1.0,
91717efe-6fb9-48c6-af09-c7de89555d50,Informasjonssikkerhet,Sikkerhetsarkitekt – bygg trygg sky sammen med oss,"IKT Sikkerhetsarkitekt, IKT Sikkerhetsarkitekt, Sikkerhetsanalytikere mv.",DRAMMEN,http://data.europa.eu/esco/skill/8088750d-8388-4170-a76f-48354c469c44,informasjonssikkerhet,exact,,1.0,
92d12a03-bfca-4bfa-a22d-ce798d582065,Arkitektur,Er du opptatt av pasientsikkerhet og fremtidens e-helseløsninger?,"Webmaster, Internett-teknikere, Systemanalytikere/-arkitekter, Helseinformatiker, Systemanalytikere/-arkitekter",TRONDHEIM,http://data.europa.eu/esco/skill/c453cf81-6197-428e-84c6-70c773b63f27,Arkitektoniske IKT-rammeverk,digital_consensus,0.5593475699424744,0.9923986792564392,0.11609482765197754
92d12a03-bfca-4bfa-a22d-ce798d582065,Helseinformatikk,Er du opptatt av pasientsikkerhet og fremtidens e-helseløsninger?,"Webmaster, Internett-teknikere, Systemanalytikere/-arkitekter, Helseinformatiker, Systemanalytikere/-arkitekter",TRONDHEIM,http://data.europa.eu/esco/skill/fb82ae25-b59f-43fd-aacf-a8308afbe85e,helseinformatikk,exact,,1.0,
92d12a03-bfca-4bfa-a22d-ce798d582065,IT,Er du opptatt av pasientsikkerhet og fremtidens e-helseløsninger?,"Webmaster, Internett-teknikere, Systemanalytikere/-arkitekter, Helseinformatiker, Systemanalytikere/-arkitekter",TRONDHEIM,http://data.europa.eu/esco/skill/ddc3119d-1d6e-4324-9125-a3380d299ac5,IT,exact,,1.0,
92d12a03-bfca-4bfa-a22d-ce798d582065,Masterdata,Er du opptatt av pasientsikkerhet og fremtidens e-helseløsninger?,"Webmaster, Internett-teknikere, Systemanalytikere/-arkitekter, Helseinformatiker, Systemanalytikere/-arkitekter",TRONDHEIM,http://data.europa.eu/esco/skill/21d2f96d-35f7-4e3f-9745-c533d2dd6e97,dataprogrammering,digital_consensus,0.5863476991653442,0.968960165977478,0.016461968421936035
a2cdd151-bffe-4104-a558-bd7bfd7bfefb,GIS,Geodataingeniør/-rådgiver,"Geodataingeniør, Sivilingeniører (geofag, petroleums-teknologi, metallurgi mv.), Landmålere, kartografer mv., Geodataanalytiker, Geologer og geofysikere, Geodataforvalter, GIS-spesialist, Landmålere, kartografer mv., GIS-konsulent",KIRKENES,http://data.europa.eu/esco/skill/377861af-f966-4c87-a2db-7e99904312b9,gis,exact,,1.0,
a2cdd151-bffe-4104-a558-bd7bfd7bfefb,Geodata,Geodataingeniør/-rådgiver,"Geodataingeniør, Sivilingeniører (geofag, petroleums-teknologi, metallurgi mv.), Landmålere, kartografer mv., Geodataanalytiker, Geologer og geofysikere, Geodataforvalter, GIS-spesialist, Landmålere, kartografer mv., GIS-konsulent",KIRKENES,http://data.europa.eu/esco/skill/377861af-f966-4c87-a2db-7e99904312b9,geografiske informasjonssystemer,digital_consensus,0.6458449959754944,0.9993603825569153,0.0004495978355407715
a2cdd151-bffe-4104-a558-bd7bfd7bfefb,Geografiske informasjonssystemer,Geodataingeniør/-rådgiver,"Geodataingeniør, Sivilingeniører (geofag, petroleums-teknologi, metallurgi mv.), Landmålere, kartografer mv., Geodataanalytiker, Geologer og geofysikere, Geodataforvalter, GIS-spesialist, Landmålere, kartografer mv., GIS-konsulent",KIRKENES,http://data.europa.eu/esco/skill/377861af-f966-4c87-a2db-7e99904312b9,geografiske informasjonssystemer,exact,,1.0,
aa8509bf-f7aa-496d-862e-0052a06f4100,Cisco,Vil du jobbe med nettverksdrift med et kritisk samfunnsoppdrag?,"IT-konsulent, IT-konsulent, Systemanalytikere/-arkitekter",TRONDHEIM,http://data.europa.eu/esco/skill/709ef32a-7435-48e2-8fa2-16e389ecab8a,Cisco,exact,,1.0,
aa8509bf-f7aa-496d-862e-0052a06f4100,IT,Vil du jobbe med nettverksdrift med et kritisk samfunnsoppdrag?,"IT-konsulent, IT-konsulent, Systemanalytikere/-arkitekter",TRONDHEIM,http://data.europa.eu/esco/skill/ddc3119d-1d6e-4324-9125-a3380d299ac5,IT,exact,,1.0,
ac5a1596-eb16-4f96-8c7a-cb65d396bfc1,Datadrevet analyse,Vil du sette strategisk retning for Husbankens førstelinje?,"Seniorkonsulent data, Seniorkonsulent data, Systemanalytikere/-arkitekter",DRAMMEN,http://data.europa.eu/esco/skill/97bd1c21-66b2-4b7e-ad0f-e3cda590e378,dataanalyse,digital_consensus,0.5400297045707703,0.9645852446556091,0.569351464509964
aea7b29f-d4f7-424f-9205-0a509d90ebea,Arkitektur,Vil du være med å utvikle Kongsvingersamfunnet? Vi søker etter rådgiver plan/arealplanlegger,"Arealplanlegger, Arealplanlegger, Arealplanleggere",KONGSVINGER,http://data.europa.eu/esco/skill/c453cf81-6197-428e-84c6-70c773b63f27,Arkitektoniske IKT-rammeverk,digital_consensus,0.5593475699424744,0.9923986792564392,0.11609482765197754
aecb649b-e1e9-43bb-a33d-5aae4e2f12da,IT,Product Lead - SeaQ Communications ,"Salgs/ kommunikasjon- og markedssjefer, Salgs/ kommunikasjon- og markedssjefer, Salgs- og markedssjefer",TENNFJORD,http://data.europa.eu/esco/skill/ddc3119d-1d6e-4324-9125-a3380d299ac5,IT,exact,,1.0,
aecb649b-e1e9-43bb-a33d-5aae4e2f12da,Produktutvikling,Product Lead - SeaQ Communications ,"Salgs/ kommunikasjon- og markedssjefer, Salgs/ kommunikasjon- og markedssjefer, Salgs- og markedssjefer",TENNFJORD,http://data.europa.eu/esco/skill/4f6b656a-54d0-48ce-9b55-ebcac5904a14,håndtere geospatiale teknologier,digital_consensus,0.6504983901977539,0.9169093370437622,0.013612568378448486
aecb649b-e1e9-43bb-a33d-5aae4e2f12da,Systemutvikling,Product Lead - SeaQ Communications ,"Salgs/ kommunikasjon- og markedssjefer, Salgs/ kommunikasjon- og markedssjefer, Salgs- og markedssjefer",TENNFJORD,http://data.europa.eu/esco/skill/21d2f96d-35f7-4e3f-9745-c533d2dd6e97,dataprogrammering,digital_consensus,0.6049041152000427,0.9194501638412476,0.19810181856155396
b847d258-58f6-4c40-9468-ab6f349d6859,Digitalisering,Vil du være pådriver til å utvikle fremtidsrettede og sikre samhandlingsløsninger?,"Ledere av IKT-enheter, IT-leder, Ledere av IKT-enheter",TRONDHEIM,http://data.europa.eu/esco/skill/aa0d8201-5a8e-417f-81f4-c04601139582,digitalisering,exact,,1.0,
b847d258-58f6-4c40-9468-ab6f349d6859,Informasjonssikkerhet,Vil du være pådriver til å utvikle fremtidsrettede og sikre samhandlingsløsninger?,"Ledere av IKT-enheter, IT-leder, Ledere av IKT-enheter",TRONDHEIM,http://data.europa.eu/esco/skill/8088750d-8388-4170-a76f-48354c469c44,informasjonssikkerhet,exact,,1.0,
b847d258-58f6-4c40-9468-ab6f349d6859,Microsoft 365,Vil du være pådriver til å utvikle fremtidsrettede og sikre samhandlingsløsninger?,"Ledere av IKT-enheter, IT-leder, Ledere av IKT-enheter",TRONDHEIM,http://data.europa.eu/esco/skill/f683ae1d-cb7c-4aa1-b9fe-205e1bd23535,bruke Microsoft Office,digital_consensus,0.5470774173736572,0.9996776580810547,0.0003491640090942383
be46c3a3-51cd-4bab-b854-4a961a976670,Elektronikk,Åpen søknad: Telemontør,"Tele- og IKT-installatører, Telemontør, ansvarlig for kommunikasjonsinfrastruktur",EIDSVÅG I ÅSANE,http://data.europa.eu/esco/skill/95c35c3a-035f-47c2-90cf-7e934d20fc08,elektronikk,exact,,1.0,
c4e8903d-2ce8-4d15-8463-edee473fe49e,IT,IKT rådgiver,"IT-konsulent, IT-konsulent, Systemanalytikere/-arkitekter, Rådgiver IKT",RYGGE,http://data.europa.eu/esco/skill/ddc3119d-1d6e-4324-9125-a3380d299ac5,IT,exact,,1.0,
c5b302d9-93a2-40e9-8306-1dd7fe2b0682,Digitalisering,"Blue Ctrl søker Area Sales Manager
","Distriktsansvarlig selger, Distriktsansvarlig selger, Selgere (engros)",ÅLESUND,http://data.europa.eu/esco/skill/aa0d8201-5a8e-417f-81f4-c04601139582,digitalisering,exact,,1.0,
cd98cf35-670d-4691-9de1-63db9293602c,LIS3,Lege i spesialisering (LIS3),"Lege i spesialisering (LIS2), Lege i spesialisering (LIS2), Allmennpraktiserende leger",MO I RANA,http://data.europa.eu/esco/skill/0cd6dcf1-5778-42a5-b685-4d01ae4a4871,Common Lisp,digital_consensus,0.5861812233924866,0.999950647354126,3.814697265625e-06
dc8c1d5e-b023-4ceb-b062-f3350061743d,LIS3,Lege i spesialisering ,"Lege i spesialisering (LIS2), Lege i spesialisering (LIS2), Allmennpraktiserende leger",MOSJØEN,http://data.europa.eu/esco/skill/0cd6dcf1-5778-42a5-b685-4d01ae4a4871,Common Lisp,digital_consensus,0.5861812233924866,0.999950647354126,3.814697265625e-06
df6ce740-e5e8-49f1-8b6e-539bf0356f37,Digitalisering,Seniorrådgiver effekt- og gevinststyring,"Senior dokumentasjonsforvalter, Kontormedarbeidere, Finansanalytikere, Analytiker (finans), finansanalytiker",OSLO,http://data.europa.eu/esco/skill/aa0d8201-5a8e-417f-81f4-c04601139582,digitalisering,exact,,1.0,
e29110a9-7962-4f41-9475-64d3331edf45,LIS,Lege i spesialisering indremedisin,"Allmennpraktiserende leger, Allmennpraktiserende leger, Legespesialister, Assistentlege i indremedisin, Lege i spesialisering",ÅLESUND,http://data.europa.eu/esco/skill/0cd6dcf1-5778-42a5-b685-4d01ae4a4871,Common Lisp,digital_consensus,0.6051489114761353,0.999724805355072,0.0015864968299865723
f9f94215-827a-47ea-a0b3-e1b98c421263,GIS,Vil du jobbe med innhenting av geografiske data for etterretningsbruk fra både åpne og skjermede kilder?,"Sivilingeniører (elektronikk), Dataingeniør, Dataingeniør",OSLO,http://data.europa.eu/esco/skill/377861af-f966-4c87-a2db-7e99904312b9,gis,exact,,1.0,
f9f94215-827a-47ea-a0b3-e1b98c421263,Geografisk informasjon,Vil du jobbe med innhenting av geografiske data for etterretningsbruk fra både åpne og skjermede kilder?,"Sivilingeniører (elektronikk), Dataingeniør, Dataingeniør",OSLO,http://data.europa.eu/esco/skill/377861af-f966-4c87-a2db-7e99904312b9,geografiske informasjonssystemer,digital_consensus,0.6646057963371277,0.9999499320983887,5.519390106201172e-05
f9f94215-827a-47ea-a0b3-e1b98c421263,Python,Vil du jobbe med innhenting av geografiske data for etterretningsbruk fra både åpne og skjermede kilder?,"Sivilingeniører (elektronikk), Dataingeniør, Dataingeniør",OSLO,http://data.europa.eu/esco/skill/ccd0a1d9-afda-43d9-b901-96344886e14d,Python,exact,,1.0,
9a69ea6c-8751-4adf-abfe-30bee5214409,ERP,Leder operativt innkjøp og lager,"Innkjøpssjef, Innkjøpssjef, Ledere av logistikk og transport mv.",OSLO,http://data.europa.eu/esco/skill/09f4c52b-ac72-4f0e-a8ae-78bb1d7bffba,transportprogramvare relatert til et ERP-system,digital_consensus,0.5528852343559265,0.9972111582756042,0.9701170120388269
5d124852-8ad0-4d58-8180-43dd6f937f53,Digitalisering,"Prosjektmedarbeider – kommunikasjon, arrangementer og prosjektadministrasjon","Prosjektmedarbeider PMO, Prosjektmedarbeider PMO, Andre administrative ledere",GRIMSTAD,http://data.europa.eu/esco/skill/aa0d8201-5a8e-417f-81f4-c04601139582,digitalisering,exact,,1.0,
4fa731d7-5c6a-4291-a4df-c7a1ecb6f72a,AI,"Utvikler til nasjonalt AI senter: AI, AI-agenter og digitale plattformer","Utvikler av intelligente IKT-systemer, Utvikler av intelligente IKT-systemer, Systemanalytikere/-arkitekter",GRIMSTAD,http://data.europa.eu/esco/skill/e465a154-93f7-4973-9ce1-31659fe16dd2,prinsipper for kunstig intelligens,digital_consensus,0.5584366917610168,0.99960857629776,0.001320481300354004
4fa731d7-5c6a-4291-a4df-c7a1ecb6f72a,Programmerer,"Utvikler til nasjonalt AI senter: AI, AI-agenter og digitale plattformer","Utvikler av intelligente IKT-systemer, Utvikler av intelligente IKT-systemer, Systemanalytikere/-arkitekter",GRIMSTAD,http://data.europa.eu/esco/skill/21d2f96d-35f7-4e3f-9745-c533d2dd6e97,dataprogrammering,digital_consensus,0.6060227751731873,0.9829521775245667,0.035317838191986084
4fa731d7-5c6a-4291-a4df-c7a1ecb6f72a,Programvareutvikling,"Utvikler til nasjonalt AI senter: AI, AI-agenter og digitale plattformer","Utvikler av intelligente IKT-systemer, Utvikler av intelligente IKT-systemer, Systemanalytikere/-arkitekter",GRIMSTAD,http://data.europa.eu/esco/skill/21d2f96d-35f7-4e3f-9745-c533d2dd6e97,dataprogrammering,digital_consensus,0.5329556465148926,0.9873233437538147,0.12117928266525269
4fa731d7-5c6a-4291-a4df-c7a1ecb6f72a,Robotikk,"Utvikler til nasjonalt AI senter: AI, AI-agenter og digitale plattformer","Utvikler av intelligente IKT-systemer, Utvikler av intelligente IKT-systemer, Systemanalytikere/-arkitekter",GRIMSTAD,http://data.europa.eu/esco/skill/e87ec79a-c9ff-46f5-84fa-7a0f394cdf40,robotikk,exact,,1.0,
0165083c-08b1-4001-ad22-74d93de9d3f7,Systemutvikling,Vil du være med å bygge et nytt og strategisk viktig segment i forsvarsmarkedet? ,"Systemanalytikere/-arkitekter, Systemutvikler, Sivilingeniører (industri og produksjon);, Produksjonsingeniør for missilproduksjon, produksjonsingeniør",KONGSBERG,http://data.europa.eu/esco/skill/21d2f96d-35f7-4e3f-9745-c533d2dd6e97,dataprogrammering,digital_consensus,0.6049041152000427,0.9194501638412476,0.19810181856155396
49e369b3-9f92-4c0b-a636-73b333beae99,Elektronikk,"SENIOR PROJECT ENGINEER – Elektromekanikk, avionikk & test","Automatikere, Elektromekaniker, Automatikere, Avioniker, Programvareutviklere, Kybernetiker, Maskiningeniører, Produksjonstekniker, tekniker, produksjonsorganisering",KONGSBERG,http://data.europa.eu/esco/skill/95c35c3a-035f-47c2-90cf-7e934d20fc08,elektronikk,exact,,1.0,
64c7e2bd-cc38-48f9-a9c8-b7b8b2dabcc4,IT,Avregningskonsulent i SKS Handel,"Systemanalytikere/-arkitekter, IT-konsulent, Andre sivilingeniører (unntatt elektroteknologi);, Energianalytiker, Rådgivere/forskere, samfunnsøkonomi, Økonom, økonom",FAUSKE,http://data.europa.eu/esco/skill/ddc3119d-1d6e-4324-9125-a3380d299ac5,IT,exact,,1.0,
64c7e2bd-cc38-48f9-a9c8-b7b8b2dabcc4,Python,Avregningskonsulent i SKS Handel,"Systemanalytikere/-arkitekter, IT-konsulent, Andre sivilingeniører (unntatt elektroteknologi);, Energianalytiker, Rådgivere/forskere, samfunnsøkonomi, Økonom, økonom",FAUSKE,http://data.europa.eu/esco/skill/ccd0a1d9-afda-43d9-b901-96344886e14d,Python,exact,,1.0,
4e321e4b-3866-440d-b0d1-90d3146287a3,AI,Head of AI Strategy & Transformation,"Personalsjef, Personalsjef, Personalsjefer",OSLO,http://data.europa.eu/esco/skill/e465a154-93f7-4973-9ce1-31659fe16dd2,prinsipper for kunstig intelligens,digital_consensus,0.5584366917610168,0.99960857629776,0.001320481300354004
ab4b3407-b4de-4ddf-8586-78ac52b9a141,Satellitt,Key Account Manager,"Selgere (engros), Key Account Manager, Key Account Manager",OSLO,http://data.europa.eu/esco/skill/6e8fe5de-fe6d-482c-92fe-20e56ee57324,ytelsesparametere for globalt satellittnavigeringssystem,digital_consensus,0.6092619895935059,0.9342832565307617,0.2935147285461426
c6f8491b-b237-429e-b1b8-fb4a89664350,BIM,Vil du jobbe med konstruksjonsteknikk i en av Rambølls mest tverrfaglige og samfunnsbyggende avdelinger?,"Bygningsingeniører, Byggingeniør, Byggingeniør",TRONDHEIM,http://data.europa.eu/esco/skill/fae7e545-5114-43cc-8e83-178e2549ecb9,bim,exact,,1.0,
f2f5f671-489a-4bda-a156-7a1ed066e0ab,ERP,Kick-start your career in global logistics with Mowi Nutrition,"Logistikkmedarbeidere, Logistiker, Logistiker",BERGEN,http://data.europa.eu/esco/skill/09f4c52b-ac72-4f0e-a8ae-78bb1d7bffba,transportprogramvare relatert til et ERP-system,digital_consensus,0.5528852343559265,0.9972111582756042,0.9701170120388269
afbc3430-725c-4733-97aa-dce5def5c609,PDM,Vil du ta eierskap til Configuration Management hos Nammo Raufoss?,"Systemadministratorer, Configuration Engineer SAP, Configuration Engineer SAP",RAUFOSS,http://data.europa.eu/esco/skill/7d913551-e17a-40ba-baf7-48d0c3b12e50,PdM,exact,,1.0,
ec13517e-7e90-4186-9622-8c37679f9fd3,controller,Vil du jobbe i Nord-Europas hurtigst voksende IT-selskap?,"Finans- og investeringsrådgivere, Business Controller, Business Controller",OSLO,http://data.europa.eu/esco/skill/bf942c60-8539-4951-83ee-63f770da1cb8,programmere en CNC-kontroller,digital_consensus,0.6273438930511475,0.9980813264846802,0.0004451274871826172
f3fcd0da-2b92-4ba1-b30a-e0c039b4ed67,IKT-system,Du kan faget. No kan du også forme korleis det blir gjort.,"Andre ingeniører, Elsikkerhetsingeniør, Elsikkerhetsingeniør",VIK I SOGN,http://data.europa.eu/esco/skill/32428b21-514b-42c2-81b5-244a7804ea74,anskaffelse av IKT-nettverksutstyr,digital_consensus,0.5621440410614014,0.9033512473106384,0.902169888257049
a9b322e7-c779-41b7-bdfb-be2c6fe0c9f4,DevOps,Vi søker en DevOps-ingeniør,"Programvareutviklere, DevOps-ingeniør, DevOps-ingeniør",TRONDHEIM,http://data.europa.eu/esco/skill/f0de4973-0a70-4644-8fd4-3a97080476f4,DevOps,exact,,1.0,
a9b322e7-c779-41b7-bdfb-be2c6fe0c9f4,IT,Vi søker en DevOps-ingeniør,"Programvareutviklere, DevOps-ingeniør, DevOps-ingeniør",TRONDHEIM,http://data.europa.eu/esco/skill/ddc3119d-1d6e-4324-9125-a3380d299ac5,IT,exact,,1.0,
970dc1b2-1407-422e-b0be-160da668d10c,Programmering,Litt lei etter å ha laget din femte adminportal? Bli fullstack-utvikler i Mediafarm,"Programvareutviklere, Full-stack-utvikler, Full-stack-utvikler",STAVANGER,http://data.europa.eu/esco/skill/21d2f96d-35f7-4e3f-9745-c533d2dd6e97,dataprogrammering,digital_consensus,0.714440643787384,0.9188328981399536,0.2761046886444092
970dc1b2-1407-422e-b0be-160da668d10c,Unity,Litt lei etter å ha laget din femte adminportal? Bli fullstack-utvikler i Mediafarm,"Programvareutviklere, Full-stack-utvikler, Full-stack-utvikler",STAVANGER,http://data.europa.eu/esco/skill/d1a86399-24d8-415f-98b9-e8cbb6b04a26,Unity,exact,,1.0,
d0fa0081-4ada-4758-a149-c2212a9e3a7a,ERP,Sales \& Sales Support,"Telefon- og nettselgere, Salgssupport, Salgssupport",RISSA,http://data.europa.eu/esco/skill/09f4c52b-ac72-4f0e-a8ae-78bb1d7bffba,transportprogramvare relatert til et ERP-system,digital_consensus,0.5528852343559265,0.9972111582756042,0.9701170120388269
18323baf-6aa4-4d78-9eea-b2a01e338b83,IT,Teknisk rådgiver,"Teknisk rådgiver, Teknisk rådgiver, Andre ingeniører",TRONDHEIM,http://data.europa.eu/esco/skill/ddc3119d-1d6e-4324-9125-a3380d299ac5,IT,exact,,1.0,
b237f30c-f5cb-4ee9-9368-521a6b6d8219,Arkitektur,"Vi trenger byplanleggere til Fjordbyen, sentrum og indre by","Sivilarkitekter, Seniorarkitekt arkitektur, arkitekt",OSLO,http://data.europa.eu/esco/skill/c453cf81-6197-428e-84c6-70c773b63f27,Arkitektoniske IKT-rammeverk,digital_consensus,0.5593475699424744,0.9923986792564392,0.11609482765197754
c382e066-f272-43f1-95c8-78fb4102ddcb,Dokumentforvaltning,Konsulent lederstøtte,"Rådgivere innen kompetanseutvikling, Konsulent lederutvikling, Sjefssekretærer, Administrasjonskonsulent, Sjefssekretærer",OSLO,http://data.europa.eu/esco/skill/bec4359e-cb92-468f-a997-8fb28e32fba9,Metoder innen IKT-prosjektledelse,digital_consensus,0.5678485035896301,0.9981982111930847,0.00032395124435424805
f8d1dbee-3c56-4ac8-9cad-aff3a086399d,Microsoft 365,IT-konsulent - Praktisk problemløser i felt og kontor - Sortland,"IT-konsulent, IT-konsulent, Systemanalytikere/-arkitekter",SORTLAND,http://data.europa.eu/esco/skill/f683ae1d-cb7c-4aa1-b9fe-205e1bd23535,bruke Microsoft Office,digital_consensus,0.5470774173736572,0.9996776580810547,0.0003491640090942383
d73c422c-83d8-45fa-8d54-cf90e44a4399,C#,Vi søker senior fullstackutviklere,"Programvareutviklere, Fullstackutvikler, programvareutvikler",KONGSBERG,http://data.europa.eu/esco/skill/4c016b68-4116-468c-9dc6-42710c239e4a,C#,exact,,1.0,
d73c422c-83d8-45fa-8d54-cf90e44a4399,DevOps,Vi søker senior fullstackutviklere,"Programvareutviklere, Fullstackutvikler, programvareutvikler",KONGSBERG,http://data.europa.eu/esco/skill/f0de4973-0a70-4644-8fd4-3a97080476f4,DevOps,exact,,1.0,
d73c422c-83d8-45fa-8d54-cf90e44a4399,Java,Vi søker senior fullstackutviklere,"Programvareutviklere, Fullstackutvikler, programvareutvikler",KONGSBERG,http://data.europa.eu/esco/skill/19a8293b-8e95-4de3-983f-77484079c389,Java,exact,,1.0,
d73c422c-83d8-45fa-8d54-cf90e44a4399,Programmerer,Vi søker senior fullstackutviklere,"Programvareutviklere, Fullstackutvikler, programvareutvikler",KONGSBERG,http://data.europa.eu/esco/skill/21d2f96d-35f7-4e3f-9745-c533d2dd6e97,dataprogrammering,digital_consensus,0.6060227751731873,0.9829521775245667,0.035317838191986084
d73c422c-83d8-45fa-8d54-cf90e44a4399,Systemutvikler,Vi søker senior fullstackutviklere,"Programvareutviklere, Fullstackutvikler, programvareutvikler",KONGSBERG,http://data.europa.eu/esco/skill/21d2f96d-35f7-4e3f-9745-c533d2dd6e97,dataprogrammering,digital_consensus,0.6546458005905151,0.9988632202148438,0.002029597759246826
cc47c05f-9bec-4fae-b382-70838bf29b27,Elektronikk,Avdelingsleder salg,"Butikkavdelingssjefer, Avdelingsleder butikk, avdelingsleder, butikk",RÅDAL,http://data.europa.eu/esco/skill/95c35c3a-035f-47c2-90cf-7e934d20fc08,elektronikk,exact,,1.0,
7e1f37d7-8872-4815-97c5-bce5161fe722,GIS,Vil du bidra til å sikre Norges mest verdifulle natur?,"Andre sivilingeniører (unntatt elektroteknologi);, Seniorrådgiver andre sivilingeniører, Høyere saksbehandlere i offentlig og privat virksomhet, Konsulent (teknisk, naturvitenskap, offentlig administrasjon), Høyere saksbehandlere i offentlig og privat virksomhet",TRONDHEIM,http://data.europa.eu/esco/skill/377861af-f966-4c87-a2db-7e99904312b9,gis,exact,,1.0,
7e1f37d7-8872-4815-97c5-bce5161fe722,Miljøforvaltning,Vil du bidra til å sikre Norges mest verdifulle natur?,"Andre sivilingeniører (unntatt elektroteknologi);, Seniorrådgiver andre sivilingeniører, Høyere saksbehandlere i offentlig og privat virksomhet, Konsulent (teknisk, naturvitenskap, offentlig administrasjon), Høyere saksbehandlere i offentlig og privat virksomhet",TRONDHEIM,http://data.europa.eu/esco/skill/b13e0689-636d-42d0-86c3-df9d6f85a882,forvalte miljøstyringssystem,digital_consensus,0.6628037095069885,0.9973756074905396,0.011500298976898193
1263a921-834c-4bff-a381-26c2c12d1183,AI,Løsningsarkitekt kunstig intelligens,"Spesialist kunstig intelligens, Systemanalytikere/-arkitekter, Programvareutviklere, IT Løsningsarkitekt, programvarearkitekt, IKT Løsningsarkitekt",LILLESTRØM,http://data.europa.eu/esco/skill/e465a154-93f7-4973-9ce1-31659fe16dd2,prinsipper for kunstig intelligens,digital_consensus,0.5584366917610168,0.99960857629776,0.001320481300354004
759ff278-d491-4063-9fae-6d02a49cef65,Kundesupport,Vi søker nå optikerassistent 70% til Synsam Bodø Hunstadsenteret!,"Salgsrådgiver briller, Butikkmedarbeidere, Butikkmedarbeidere, Optikerassistent, butikkmedarbeider",BODØ,http://data.europa.eu/esco/skill/db36f7f1-5900-45bd-9ffb-f2b19c4362ac,støtte IKT-systembrukere,digital_consensus,0.5482102036476135,0.9978213310241699,0.016304969787597656
bc042610-9cb4-4e7a-aecd-58cff8c80328,Arkitektur,Vil du forme hvordan hjernen i fremtidens missilsystemer fungerer? Les videre!,"Systemanalytikere/-arkitekter, Systemingeniør, IKT-systemarkitekt",KONGSBERG,http://data.europa.eu/esco/skill/c453cf81-6197-428e-84c6-70c773b63f27,Arkitektoniske IKT-rammeverk,digital_consensus,0.5593475699424744,0.9923986792564392,0.11609482765197754
bc042610-9cb4-4e7a-aecd-58cff8c80328,Missilsystem,Vil du forme hvordan hjernen i fremtidens missilsystemer fungerer? Les videre!,"Systemanalytikere/-arkitekter, Systemingeniør, IKT-systemarkitekt",KONGSBERG,http://data.europa.eu/esco/skill/05010f6c-0b40-4525-ac4a-057d46a2b6f4,utforme elektriske systemer,digital_consensus,0.5435894131660461,0.934803307056427,0.07907593250274658
bc042610-9cb4-4e7a-aecd-58cff8c80328,Softwarearkitekt,Vil du forme hvordan hjernen i fremtidens missilsystemer fungerer? Les videre!,"Systemanalytikere/-arkitekter, Systemingeniør, IKT-systemarkitekt",KONGSBERG,http://data.europa.eu/esco/skill/21d2f96d-35f7-4e3f-9745-c533d2dd6e97,dataprogrammering,digital_consensus,0.5245122313499451,0.9977228045463562,0.002068817615509033
bc042610-9cb4-4e7a-aecd-58cff8c80328,Systemarkitekt,Vil du forme hvordan hjernen i fremtidens missilsystemer fungerer? Les videre!,"Systemanalytikere/-arkitekter, Systemingeniør, IKT-systemarkitekt",KONGSBERG,http://data.europa.eu/esco/skill/21d2f96d-35f7-4e3f-9745-c533d2dd6e97,dataprogrammering,digital_consensus,0.5813876986503601,0.986229658126831,0.0011911988258361816
bc042610-9cb4-4e7a-aecd-58cff8c80328,Systemdesign,Vil du forme hvordan hjernen i fremtidens missilsystemer fungerer? Les videre!,"Systemanalytikere/-arkitekter, Systemingeniør, IKT-systemarkitekt",KONGSBERG,http://data.europa.eu/esco/skill/fae27053-8924-4bfd-b565-c9fe502044c9,systemdesign,exact,,1.0,
bc042610-9cb4-4e7a-aecd-58cff8c80328,Systemutvikling,Vil du forme hvordan hjernen i fremtidens missilsystemer fungerer? Les videre!,"Systemanalytikere/-arkitekter, Systemingeniør, IKT-systemarkitekt",KONGSBERG,http://data.europa.eu/esco/skill/21d2f96d-35f7-4e3f-9745-c533d2dd6e97,dataprogrammering,digital_consensus,0.6049041152000427,0.9194501638412476,0.19810181856155396
fb759879-7f8c-4f0a-8772-c8b415cc7458,Digitalisering,Vil du jobbe på spennende digitaliseringsprosjekter hos ledende virksomheter?,"Friluftsfaglig rådgiver/ prosjektleder, Friluftsfaglig rådgiver/ prosjektleder, Sports- og aktivitetsinstruktører",OSLO,http://data.europa.eu/esco/skill/aa0d8201-5a8e-417f-81f4-c04601139582,digitalisering,exact,,1.0,
fb759879-7f8c-4f0a-8772-c8b415cc7458,ERP,Vil du jobbe på spennende digitaliseringsprosjekter hos ledende virksomheter?,"Friluftsfaglig rådgiver/ prosjektleder, Friluftsfaglig rådgiver/ prosjektleder, Sports- og aktivitetsinstruktører",OSLO,http://data.europa.eu/esco/skill/09f4c52b-ac72-4f0e-a8ae-78bb1d7bffba,transportprogramvare relatert til et ERP-system,digital_consensus,0.5528852343559265,0.9972111582756042,0.9701170120388269
fb759879-7f8c-4f0a-8772-c8b415cc7458,IT-prosjektleder,Vil du jobbe på spennende digitaliseringsprosjekter hos ledende virksomheter?,"Friluftsfaglig rådgiver/ prosjektleder, Friluftsfaglig rådgiver/ prosjektleder, Sports- og aktivitetsinstruktører",OSLO,http://data.europa.eu/esco/skill/bec4359e-cb92-468f-a997-8fb28e32fba9,Metoder innen IKT-prosjektledelse,digital_consensus,0.6413071751594543,0.9994590878486633,0.0006421208381652832
737a759b-87ef-4278-8530-4b73f7605f74,Digitalisering,HRIS Manager - Join us in shaping the future of People Tech at Strawberry,"Personalkonsulent, Personalkonsulent, Personal- og karriererådgivere",OSLO,http://data.europa.eu/esco/skill/aa0d8201-5a8e-417f-81f4-c04601139582,digitalisering,exact,,1.0,
de9ecca2-3e23-4dbc-9202-45a244f66894,DevOps,Are you curious and would like to explore the latest technology in cloud?,"Senior Software Ingeniør, Senior Software Ingeniør, Programvareutviklere",OSLO,http://data.europa.eu/esco/skill/f0de4973-0a70-4644-8fd4-3a97080476f4,DevOps,exact,,1.0,
de9ecca2-3e23-4dbc-9202-45a244f66894,IT,Are you curious and would like to explore the latest technology in cloud?,"Senior Software Ingeniør, Senior Software Ingeniør, Programvareutviklere",OSLO,http://data.europa.eu/esco/skill/ddc3119d-1d6e-4324-9125-a3380d299ac5,IT,exact,,1.0,
de9ecca2-3e23-4dbc-9202-45a244f66894,Programmerer,Are you curious and would like to explore the latest technology in cloud?,"Senior Software Ingeniør, Senior Software Ingeniør, Programvareutviklere",OSLO,http://data.europa.eu/esco/skill/21d2f96d-35f7-4e3f-9745-c533d2dd6e97,dataprogrammering,digital_consensus,0.6060227751731873,0.9829521775245667,0.035317838191986084
de9ecca2-3e23-4dbc-9202-45a244f66894,Systemutvikling,Are you curious and would like to explore the latest technology in cloud?,"Senior Software Ingeniør, Senior Software Ingeniør, Programvareutviklere",OSLO,http://data.europa.eu/esco/skill/21d2f96d-35f7-4e3f-9745-c533d2dd6e97,dataprogrammering,digital_consensus,0.6049041152000427,0.9194501638412476,0.19810181856155396
68f70115-e7a4-4c82-b101-7be90562fdd5,GPS,Vil du eie GPS-porteføljen i noen av Norges mest avanserte produkter?,"Andre sivilingeniører (unntatt elektroteknologi);, Prosjektingeniør, Andre sivilingeniører (unntatt elektroteknologi);, Senior Prosjektingeniør Energi og prosess, energiingeniør",KONGSBERG,http://data.europa.eu/esco/skill/377861af-f966-4c87-a2db-7e99904312b9,GPS,exact,,1.0,
68f70115-e7a4-4c82-b101-7be90562fdd5,Produktutvikling,Vil du eie GPS-porteføljen i noen av Norges mest avanserte produkter?,"Andre sivilingeniører (unntatt elektroteknologi);, Prosjektingeniør, Andre sivilingeniører (unntatt elektroteknologi);, Senior Prosjektingeniør Energi og prosess, energiingeniør",KONGSBERG,http://data.europa.eu/esco/skill/4f6b656a-54d0-48ce-9b55-ebcac5904a14,håndtere geospatiale teknologier,digital_consensus,0.6504983901977539,0.9169093370437622,0.013612568378448486
68f70115-e7a4-4c82-b101-7be90562fdd5,Systemtenkning,Vil du eie GPS-porteføljen i noen av Norges mest avanserte produkter?,"Andre sivilingeniører (unntatt elektroteknologi);, Prosjektingeniør, Andre sivilingeniører (unntatt elektroteknologi);, Senior Prosjektingeniør Energi og prosess, energiingeniør",KONGSBERG,http://data.europa.eu/esco/skill/0f9958d2-f700-4f62-b90b-a5873cb5ae4c,systemtenkning,exact,,1.0,
68f70115-e7a4-4c82-b101-7be90562fdd5,Systemutvikling,Vil du eie GPS-porteføljen i noen av Norges mest avanserte produkter?,"Andre sivilingeniører (unntatt elektroteknologi);, Prosjektingeniør, Andre sivilingeniører (unntatt elektroteknologi);, Senior Prosjektingeniør Energi og prosess, energiingeniør",KONGSBERG,http://data.europa.eu/esco/skill/21d2f96d-35f7-4e3f-9745-c533d2dd6e97,dataprogrammering,digital_consensus,0.6049041152000427,0.9194501638412476,0.19810181856155396
3260d09e-5e98-4d05-bfd3-341d652fc206,SaaS,Vil du bygge Procores vekst i Norden?,"Selgere (engros);, Selger B2B, salgsrepresentant",STAVANGER,http://data.europa.eu/esco/skill/83218cac-3599-417e-93d2-26013cdccd98,SaaS,exact,,1.0,
de0d8df4-a0d3-4c2f-9471-787049e3e813,Callsenter,Lyst til å bli en del av et selskap i vekst? Vi søker flere salgskonsulenter!,"Salgskonsulent, Salgskonsulent, Selgere (engros)",OSLO,http://data.europa.eu/esco/skill/e13b734a-218c-434a-a7cc-febac6d24ef3,kundesupportteknologi,digital_consensus,0.5055320858955383,0.974358856678009,0.7325244694948196
f0d85506-90ca-4085-a9c6-7e6121eb1c50,Dataanalyse,Vil du lede et sterkt analysemiljø tett på bedriftsmarkedet?,"Finansanalytikere, Bankanalytiker siviløkonom, Finansanalytikere",STAVANGER,http://data.europa.eu/esco/skill/97bd1c21-66b2-4b7e-ad0f-e3cda590e378,dataanalyse,exact,,1.0,
8cb1bc93-4a90-490c-88d0-bbf711cf9f7a,DevOps,Vil du være med å drifte og utvikle kritiske IT- løsninger i Norsk helsevesen?,"IT-systemingeniør, IT-systemingeniør, Systemanalytikere/-arkitekter",TROMSØ,http://data.europa.eu/esco/skill/f0de4973-0a70-4644-8fd4-3a97080476f4,DevOps,exact,,1.0,
8cb1bc93-4a90-490c-88d0-bbf711cf9f7a,IT,Vil du være med å drifte og utvikle kritiske IT- løsninger i Norsk helsevesen?,"IT-systemingeniør, IT-systemingeniør, Systemanalytikere/-arkitekter",TROMSØ,http://data.europa.eu/esco/skill/ddc3119d-1d6e-4324-9125-a3380d299ac5,IT,exact,,1.0,
8cb1bc93-4a90-490c-88d0-bbf711cf9f7a,digitalisering,Vil du være med å drifte og utvikle kritiske IT- løsninger i Norsk helsevesen?,"IT-systemingeniør, IT-systemingeniør, Systemanalytikere/-arkitekter",TROMSØ,http://data.europa.eu/esco/skill/aa0d8201-5a8e-417f-81f4-c04601139582,digitalisering,exact,,1.0,
dab98ca8-6c08-46b8-a662-53d54dae6715,IT,Fløyen søker leder for økonomi og virksomhetsstyring,"Finans- og økonomisjef, Finans- og økonomisjef, Finans- og økonomisjefer, Finans- og økonomisjefer, Økonomisjef (CFO)",BERGEN,http://data.europa.eu/esco/skill/ddc3119d-1d6e-4324-9125-a3380d299ac5,IT,exact,,1.0,
8c1e52a3-ccf9-4f80-986e-6aa3958e5179,Digitale løsninger,Leder for kundesenter og produktansvarlig for vår digitale kundeportal,"Kundebehandler, Informasjonsskrankemedarbeidere, Andre ledere av produksjon og tjenesteyting, Avdelingsleder, avdelingsleder",OSLO,http://data.europa.eu/esco/skill/21d2f96d-35f7-4e3f-9745-c533d2dd6e97,dataprogrammering,digital_consensus,0.628021776676178,0.9054232835769653,0.049161553382873535
28db3b40-238e-4cda-a9cb-caad7b215009,Automatiker,"Servicetekniker, damp- og energisystemer","Andre ingeniører, Servicetekniker, servicetekniker, ettersalg",Missing location,http://data.europa.eu/esco/skill/7a950986-27fe-4b6c-adf3-88f211e77019,robotkomponenter,digital_consensus,0.6843463182449341,0.9831464886665344,0.0006955862045288086
238048c9-38ac-4674-b40d-58a06e095a52,Produktspesialist,Ansvarlig for klinisk salg og rådgiving,"Salgssjef, Salgssjef, Salgs- og markedssjefer",HØNEFOSS,http://data.europa.eu/esco/skill/21d2f96d-35f7-4e3f-9745-c533d2dd6e97,dataprogrammering,digital_consensus,0.5442332625389099,0.9931126236915588,1.3828277587890625e-05
09427df1-f459-4333-853b-97a080e60394,ERP,Ta eierskap til SAP i Nordens ledende e-handelsaktør innen friluftsliv!,"Produktsjef, Produktsjef, Salgs- og markedssjefer",SANDEFJORD,http://data.europa.eu/esco/skill/09f4c52b-ac72-4f0e-a8ae-78bb1d7bffba,transportprogramvare relatert til et ERP-system,digital_consensus,0.5528852343559265,0.9972111582756042,0.9701170120388269
09427df1-f459-4333-853b-97a080e60394,SAP,Ta eierskap til SAP i Nordens ledende e-handelsaktør innen friluftsliv!,"Produktsjef, Produktsjef, Salgs- og markedssjefer",SANDEFJORD,http://data.europa.eu/esco/skill/f8e3425c-fe44-4ffb-bafe-0e20d91dadf4,SAP,exact,,1.0,
09427df1-f459-4333-853b-97a080e60394,endringsledelse,Ta eierskap til SAP i Nordens ledende e-handelsaktør innen friluftsliv!,"Produktsjef, Produktsjef, Salgs- og markedssjefer",SANDEFJORD,http://data.europa.eu/esco/skill/bec4359e-cb92-468f-a997-8fb28e32fba9,Metoder innen IKT-prosjektledelse,digital_consensus,0.6423553824424744,0.8403087258338928,0.002162039279937744
d55631aa-86ca-4009-b7f8-9e307542d679,IT-arkitekt,"Vi søker utviklere, arkitekter og tech leads til vårt Vestfold-kontor","Software arkitekt, Programvareutviklere, Programvareutviklere, Programvareutvikler, programvareutvikler",SANDEFJORD,http://data.europa.eu/esco/skill/c453cf81-6197-428e-84c6-70c773b63f27,Arkitektoniske IKT-rammeverk,digital_consensus,0.6209890842437744,0.9999566078186035,0.00011587142944335938
d55631aa-86ca-4009-b7f8-9e307542d679,Java,"Vi søker utviklere, arkitekter og tech leads til vårt Vestfold-kontor","Software arkitekt, Programvareutviklere, Programvareutviklere, Programvareutvikler, programvareutvikler",SANDEFJORD,http://data.europa.eu/esco/skill/19a8293b-8e95-4de3-983f-77484079c389,Java,exact,,1.0,
d55631aa-86ca-4009-b7f8-9e307542d679,Maskinlæring,"Vi søker utviklere, arkitekter og tech leads til vårt Vestfold-kontor","Software arkitekt, Programvareutviklere, Programvareutviklere, Programvareutvikler, programvareutvikler",SANDEFJORD,http://data.europa.eu/esco/skill/3a2d5b45-56e4-4f5a-a55a-4a4a65afdc43,maskinlæring,exact,,1.0,
d55631aa-86ca-4009-b7f8-9e307542d679,Programmerer,"Vi søker utviklere, arkitekter og tech leads til vårt Vestfold-kontor","Software arkitekt, Programvareutviklere, Programvareutviklere, Programvareutvikler, programvareutvikler",SANDEFJORD,http://data.europa.eu/esco/skill/21d2f96d-35f7-4e3f-9745-c533d2dd6e97,dataprogrammering,digital_consensus,0.6060227751731873,0.9829521775245667,0.035317838191986084
d55631aa-86ca-4009-b7f8-9e307542d679,Python,"Vi søker utviklere, arkitekter og tech leads til vårt Vestfold-kontor","Software arkitekt, Programvareutviklere, Programvareutviklere, Programvareutvikler, programvareutvikler",SANDEFJORD,http://data.europa.eu/esco/skill/ccd0a1d9-afda-43d9-b901-96344886e14d,Python,exact,,1.0,
d55631aa-86ca-4009-b7f8-9e307542d679,Systemutvikler,"Vi søker utviklere, arkitekter og tech leads til vårt Vestfold-kontor","Software arkitekt, Programvareutviklere, Programvareutviklere, Programvareutvikler, programvareutvikler",SANDEFJORD,http://data.europa.eu/esco/skill/21d2f96d-35f7-4e3f-9745-c533d2dd6e97,dataprogrammering,digital_consensus,0.6546458005905151,0.9988632202148438,0.002029597759246826
9c5a33f7-df58-421b-b3c6-20fa0b222eff,Digitalisering,Vil du være med å bygge fremtidens organisasjon for betaling og inntektssikring i Lyse?,"Avdelingsleder, Avdelingsleder, Andre ledere av produksjon og tjenesteyting",STAVANGER,http://data.europa.eu/esco/skill/aa0d8201-5a8e-417f-81f4-c04601139582,digitalisering,exact,,1.0,
a865f162-a3f3-48ef-95b3-53253150c070,Dataanalyse,Vil du være med å forme fremtidens modellrisikostyring i en av Norges største sparebanker?,"Finansanalytikere, Analytiker (finans), finansanalytiker",STAVANGER,http://data.europa.eu/esco/skill/97bd1c21-66b2-4b7e-ad0f-e3cda590e378,dataanalyse,exact,,1.0,
a865f162-a3f3-48ef-95b3-53253150c070,Kvantitativ analyse,Vil du være med å forme fremtidens modellrisikostyring i en av Norges største sparebanker?,"Finansanalytikere, Analytiker (finans), finansanalytiker",STAVANGER,http://data.europa.eu/esco/skill/6360a934-cc87-4954-9656-b32db20592e3,kvantitativ analyse,exact,,1.0,
a865f162-a3f3-48ef-95b3-53253150c070,Python,Vil du være med å forme fremtidens modellrisikostyring i en av Norges største sparebanker?,"Finansanalytikere, Analytiker (finans), finansanalytiker",STAVANGER,http://data.europa.eu/esco/skill/ccd0a1d9-afda-43d9-b901-96344886e14d,Python,exact,,1.0,
cfd8103a-5fde-4a7e-9f43-3e6273125440,Elektronikk,Vil du være teknisk ansvarlig i våre utviklingsprosjekter innen rakettmotorteknologi?,"Systemanalytikere/-arkitekter, Systemingeniør - Stridshode, utvikler av IKT-intelligenssystemer",RAUFOSS,http://data.europa.eu/esco/skill/95c35c3a-035f-47c2-90cf-7e934d20fc08,elektronikk,exact,,1.0,
cfd8103a-5fde-4a7e-9f43-3e6273125440,Systemarkitektur,Vil du være teknisk ansvarlig i våre utviklingsprosjekter innen rakettmotorteknologi?,"Systemanalytikere/-arkitekter, Systemingeniør - Stridshode, utvikler av IKT-intelligenssystemer",RAUFOSS,http://data.europa.eu/esco/skill/21d2f96d-35f7-4e3f-9745-c533d2dd6e97,dataprogrammering,digital_consensus,0.5183978080749512,0.9555255174636841,0.06058621406555176
3e7dbc5c-9d27-430e-a5a8-a84b1f8e4f6e,CAD,Nasta søker konstruktør i Larvik!,"Konstruktør, Konstruktør, Tekniske tegnere",LARVIK,http://data.europa.eu/esco/skill/9ba355be-f119-42b6-a7d6-52f6ce2e4a3f,utforme kretser ved hjelp av CAD,digital_consensus,0.6348830461502075,0.9999152421951294,0.8251167237758636
ccd94b42-ab89-4acf-9dec-653b8bc71c4f,prosjektarbeid,Pipeline installation and system engineer,"Sivilingeniører (geofag, petro-leumsteknologi, metallurgi mv.);, Pipeline Analysis Engineer, ingeniør, rørledninger",STAVANGER,http://data.europa.eu/esco/skill/5898d99a-62a4-4e10-a2e3-0d815ce44248,mottiltak mot cyberangrep,digital_consensus,0.47509437799453735,0.8073229193687439,0.006661772727966309
f7e67609-3020-4d98-90bf-afd6dcd8037a,Telecom,Vil du jobbe med salg der du eier hele prosessen fra første kontakt til signert avtale?,"Key Account Manager, Key Account Manager, Selgere (engros)",FORNEBU,http://data.europa.eu/esco/skill/14764a75-3104-4875-ba1d-57c059b9b013,telekommunikasjonsteknikk,digital_consensus,0.5549701452255249,0.9992813467979431,0.0044498443603515625
1f6fabb7-5df4-4a57-b069-85e91b37ec44,Maskinlæring,PhD Research Fellowship in Safety and Security Evaluation of Deployed AI Systems,"Universitets- og høyskolelektorer/-lærere, Postdoktor, Universitets- og høyskolelektorer/-lærere",OSLO,http://data.europa.eu/esco/skill/3a2d5b45-56e4-4f5a-a55a-4a4a65afdc43,maskinlæring,exact,,1.0,
1f6fabb7-5df4-4a57-b069-85e91b37ec44,Programmering,PhD Research Fellowship in Safety and Security Evaluation of Deployed AI Systems,"Universitets- og høyskolelektorer/-lærere, Postdoktor, Universitets- og høyskolelektorer/-lærere",OSLO,http://data.europa.eu/esco/skill/21d2f96d-35f7-4e3f-9745-c533d2dd6e97,dataprogrammering,digital_consensus,0.714440643787384,0.9188328981399536,0.2761046886444092
247cb603-adb6-451f-886f-9cb350050dbd,Produktdesigner,Vi søker en erfaren og engasjert innholdsdesigner til Skade-triben!,"Reklame- og markedsføringsrådgivere, Digital innholdsprodusent, markedsføringsspesialist",OSLO,http://data.europa.eu/esco/skill/21d2f96d-35f7-4e3f-9745-c533d2dd6e97,dataprogrammering,digital_consensus,0.5694214701652527,0.9918071627616882,0.009341418743133545
247cb603-adb6-451f-886f-9cb350050dbd,UX,Vi søker en erfaren og engasjert innholdsdesigner til Skade-triben!,"Reklame- og markedsføringsrådgivere, Digital innholdsprodusent, markedsføringsspesialist",OSLO,http://data.europa.eu/esco/skill/07dd856d-6141-48a7-a228-918f88494812,UX,exact,,1.0,
0d31502a-6185-4bac-9597-036f0857fc68,Cloud Architect,Cloud Architect,"Sky-arkitekt, Programvareutviklere",LYSAKER,http://data.europa.eu/esco/skill/11430d93-c835-48ed-8e70-285fa69c9ae6,designe skyarkitektur,digital_consensus,0.6050010323524475,0.9875774383544922,0.8001605570316315
0d31502a-6185-4bac-9597-036f0857fc68,DevOps,Cloud Architect,"Sky-arkitekt, Programvareutviklere",LYSAKER,http://data.europa.eu/esco/skill/f0de4973-0a70-4644-8fd4-3a97080476f4,DevOps,exact,,1.0,
0d31502a-6185-4bac-9597-036f0857fc68,GCP,Cloud Architect,"Sky-arkitekt, Programvareutviklere",LYSAKER,http://data.europa.eu/esco/skill/21d2f96d-35f7-4e3f-9745-c533d2dd6e97,dataprogrammering,digital_consensus,0.5491358041763306,0.9595730900764465,0.8468864783644676
0d31502a-6185-4bac-9597-036f0857fc68,Google Cloud Platform,Cloud Architect,"Sky-arkitekt, Programvareutviklere",LYSAKER,http://data.europa.eu/esco/skill/11430d93-c835-48ed-8e70-285fa69c9ae6,designe skyarkitektur,digital_consensus,0.5757374167442322,0.8536052107810974,0.8431652635335922
0d31502a-6185-4bac-9597-036f0857fc68,IT,Cloud Architect,"Sky-arkitekt, Programvareutviklere",LYSAKER,http://data.europa.eu/esco/skill/ddc3119d-1d6e-4324-9125-a3380d299ac5,IT,exact,,1.0,
0d31502a-6185-4bac-9597-036f0857fc68,programmering,Cloud Architect,"Sky-arkitekt, Programvareutviklere",LYSAKER,http://data.europa.eu/esco/skill/21d2f96d-35f7-4e3f-9745-c533d2dd6e97,dataprogrammering,digital_consensus,0.5193703174591064,0.8931854367256165,0.8318698219954967
0d31502a-6185-4bac-9597-036f0857fc68,skyarkitekt,Cloud Architect,"Sky-arkitekt, Programvareutviklere",LYSAKER,http://data.europa.eu/esco/skill/11430d93-c835-48ed-8e70-285fa69c9ae6,designe skyarkitektur,digital_consensus,0.6077194213867188,0.9834486842155457,0.8798319175839424
28f1c3fa-ce3f-402c-9d4b-0f2633505914,ERP,Vil du bidra til å sikre Forsvarets operative evne?,"Innkjøper, Innkjøper, Innkjøpere",RENA,http://data.europa.eu/esco/skill/09f4c52b-ac72-4f0e-a8ae-78bb1d7bffba,transportprogramvare relatert til et ERP-system,digital_consensus,0.5528852343559265,0.9972111582756042,0.9701170120388269
28f1c3fa-ce3f-402c-9d4b-0f2633505914,SAP,Vil du bidra til å sikre Forsvarets operative evne?,"Innkjøper, Innkjøper, Innkjøpere",RENA,http://data.europa.eu/esco/skill/f8e3425c-fe44-4ffb-bafe-0e20d91dadf4,SAP,exact,,1.0,
54441a4d-22ea-40f4-a509-fff6fb6bf1d8,ERP,Områdearkitekt for stabsområdet,"Systemanalytikere/-arkitekter, IT arkitekt, forsker innen datavitenskap",OSLO,http://data.europa.eu/esco/skill/09f4c52b-ac72-4f0e-a8ae-78bb1d7bffba,transportprogramvare relatert til et ERP-system,digital_consensus,0.5528852343559265,0.9972111582756042,0.9701170120388269
54441a4d-22ea-40f4-a509-fff6fb6bf1d8,IT-arkitekt,Områdearkitekt for stabsområdet,"Systemanalytikere/-arkitekter, IT arkitekt, forsker innen datavitenskap",OSLO,http://data.europa.eu/esco/skill/c453cf81-6197-428e-84c6-70c773b63f27,Arkitektoniske IKT-rammeverk,digital_consensus,0.6209890842437744,0.9999566078186035,0.00011587142944335938
54441a4d-22ea-40f4-a509-fff6fb6bf1d8,Områdearkitekt,Områdearkitekt for stabsområdet,"Systemanalytikere/-arkitekter, IT arkitekt, forsker innen datavitenskap",OSLO,http://data.europa.eu/esco/skill/c453cf81-6197-428e-84c6-70c773b63f27,Arkitektoniske IKT-rammeverk,digital_consensus,0.5687673687934875,0.9911196827888489,0.13421428203582764
54441a4d-22ea-40f4-a509-fff6fb6bf1d8,SaaS,Områdearkitekt for stabsområdet,"Systemanalytikere/-arkitekter, IT arkitekt, forsker innen datavitenskap",OSLO,http://data.europa.eu/esco/skill/83218cac-3599-417e-93d2-26013cdccd98,SaaS,exact,,1.0,
54441a4d-22ea-40f4-a509-fff6fb6bf1d8,Systemarkitektur,Områdearkitekt for stabsområdet,"Systemanalytikere/-arkitekter, IT arkitekt, forsker innen datavitenskap",OSLO,http://data.europa.eu/esco/skill/21d2f96d-35f7-4e3f-9745-c533d2dd6e97,dataprogrammering,digital_consensus,0.5183978080749512,0.9555255174636841,0.06058621406555176
6e913a43-863d-4b6c-ade1-c223fa341f8e,Tekniske tegninger,Stålmontør/sveiser søkes,"Stålmontør, Stålmontør, Platearbeidere",TRONDHEIM,http://data.europa.eu/esco/skill/59ea80e1-463a-4dba-82c6-d0b6d577d532,tekniske tegninger,exact,,1.0,
9b45de71-f8c5-474f-8957-11a215d76d03,Arkitektur,Sett retningen for fremtidens Azure-plattform i BDO,"Systemanalytikere/-arkitekter, IT-teamleder, IT-teamleder",OSLO,http://data.europa.eu/esco/skill/c453cf81-6197-428e-84c6-70c773b63f27,Arkitektoniske IKT-rammeverk,digital_consensus,0.5593475699424744,0.9923986792564392,0.11609482765197754
2b900c99-e14b-4d02-92b1-81a371127c90,IT-sikkerhet,Security \& Compliance Consultant,"Sikkerhetsanalytikere mv., Andre juridiske yrker, juridisk konsulent, IT-sikkerhetsrådgiver, IT Compliance Officer",OSLO,http://data.europa.eu/esco/skill/8088750d-8388-4170-a76f-48354c469c44,IT-sikkerhet,exact,,1.0,
4056fc7c-8b18-41b7-92d6-1cdd19e26a5a,Active Directory,ASKO OSLOFJORD søker en IT-koordinator til Norges råeste automasjonslager!,"Systemadministratorer, IKT-kapasitetsplanlegger, IT-koordinator",SANDE I VESTFOLD,http://data.europa.eu/esco/skill/d1e954cd-d290-4d80-97c0-7969960d2928,active directory,exact,,1.0,
4056fc7c-8b18-41b7-92d6-1cdd19e26a5a,IT-sikkerhet,ASKO OSLOFJORD søker en IT-koordinator til Norges råeste automasjonslager!,"Systemadministratorer, IKT-kapasitetsplanlegger, IT-koordinator",SANDE I VESTFOLD,http://data.europa.eu/esco/skill/8088750d-8388-4170-a76f-48354c469c44,IT-sikkerhet,exact,,1.0,
4056fc7c-8b18-41b7-92d6-1cdd19e26a5a,Microsoft 365,ASKO OSLOFJORD søker en IT-koordinator til Norges råeste automasjonslager!,"Systemadministratorer, IKT-kapasitetsplanlegger, IT-koordinator",SANDE I VESTFOLD,http://data.europa.eu/esco/skill/f683ae1d-cb7c-4aa1-b9fe-205e1bd23535,bruke Microsoft Office,digital_consensus,0.5470774173736572,0.9996776580810547,0.0003491640090942383
bf021744-3ce6-4172-813d-3fc5809ad838,Arkitektur,Join DNB as a Tech Lead and set the standard for Engineering Excellence!,"Ledere av forsikring og finansvirksomhet, Systemanalytikere/-arkitekter, IKT-systemarkitekt, Avdelingsleder i bank, Software arkitekt/senior utvikler",OSLO,http://data.europa.eu/esco/skill/c453cf81-6197-428e-84c6-70c773b63f27,Arkitektoniske IKT-rammeverk,digital_consensus,0.5593475699424744,0.9923986792564392,0.11609482765197754
bf021744-3ce6-4172-813d-3fc5809ad838,Programmerer,Join DNB as a Tech Lead and set the standard for Engineering Excellence!,"Ledere av forsikring og finansvirksomhet, Systemanalytikere/-arkitekter, IKT-systemarkitekt, Avdelingsleder i bank, Software arkitekt/senior utvikler",OSLO,http://data.europa.eu/esco/skill/21d2f96d-35f7-4e3f-9745-c533d2dd6e97,dataprogrammering,digital_consensus,0.6060227751731873,0.9829521775245667,0.035317838191986084
bf021744-3ce6-4172-813d-3fc5809ad838,Typescript,Join DNB as a Tech Lead and set the standard for Engineering Excellence!,"Ledere av forsikring og finansvirksomhet, Systemanalytikere/-arkitekter, IKT-systemarkitekt, Avdelingsleder i bank, Software arkitekt/senior utvikler",OSLO,http://data.europa.eu/esco/skill/867137fb-ff1b-4ca3-99f3-cb6969aa2c68,TypeScript,exact,,1.0,
21dcf934-3077-4014-8ac2-ae153bf92ab4,AI,AI Engineer \& AI Solution Consultant,"Systemanalytikere/-arkitekter, Prosjektkonsulent, Prosjektkonsulent",OSLO,http://data.europa.eu/esco/skill/e465a154-93f7-4973-9ce1-31659fe16dd2,prinsipper for kunstig intelligens,digital_consensus,0.5584366917610168,0.99960857629776,0.001320481300354004
21dcf934-3077-4014-8ac2-ae153bf92ab4,AI konsulent,AI Engineer \& AI Solution Consultant,"Systemanalytikere/-arkitekter, Prosjektkonsulent, Prosjektkonsulent",OSLO,http://data.europa.eu/esco/skill/e465a154-93f7-4973-9ce1-31659fe16dd2,prinsipper for kunstig intelligens,digital_consensus,0.5411095023155212,0.9970965385437012,0.05164909362792969
21dcf934-3077-4014-8ac2-ae153bf92ab4,AI utvikler,AI Engineer \& AI Solution Consultant,"Systemanalytikere/-arkitekter, Prosjektkonsulent, Prosjektkonsulent",OSLO,http://data.europa.eu/esco/skill/e465a154-93f7-4973-9ce1-31659fe16dd2,prinsipper for kunstig intelligens,digital_consensus,0.5482016205787659,0.9020602107048035,0.7552273720502853
21dcf934-3077-4014-8ac2-ae153bf92ab4,Dataplattform,AI Engineer \& AI Solution Consultant,"Systemanalytikere/-arkitekter, Prosjektkonsulent, Prosjektkonsulent",OSLO,http://data.europa.eu/esco/skill/3ec2e4d6-7000-4905-bf1a-c5b1679416de,datavarehus,digital_consensus,0.5975717306137085,0.9994984865188599,0.0007398128509521484
21dcf934-3077-4014-8ac2-ae153bf92ab4,IT,AI Engineer \& AI Solution Consultant,"Systemanalytikere/-arkitekter, Prosjektkonsulent, Prosjektkonsulent",OSLO,http://data.europa.eu/esco/skill/ddc3119d-1d6e-4324-9125-a3380d299ac5,IT,exact,,1.0,
5ee55d39-d742-476b-9bad-add7c28ba102,BIM,Er du en engasjert og nytenkende BIM-koordinator som ønsker å jobbe i et tverrfaglig miljø?,"Sivilingeniører (bygg og anlegg), BIM koordinator, BIM koordinator",STAVANGER,http://data.europa.eu/esco/skill/fae7e545-5114-43cc-8e83-178e2549ecb9,bim,exact,,1.0,
5ee55d39-d742-476b-9bad-add7c28ba102,BIM-koordinator,Er du en engasjert og nytenkende BIM-koordinator som ønsker å jobbe i et tverrfaglig miljø?,"Sivilingeniører (bygg og anlegg), BIM koordinator, BIM koordinator",STAVANGER,http://data.europa.eu/esco/skill/fae7e545-5114-43cc-8e83-178e2549ecb9,modellering av bygningsinformasjon,digital_consensus,0.531703531742096,0.9985871315002441,0.002896606922149658
5ee55d39-d742-476b-9bad-add7c28ba102,Modellbasert prosjektering,Er du en engasjert og nytenkende BIM-koordinator som ønsker å jobbe i et tverrfaglig miljø?,"Sivilingeniører (bygg og anlegg), BIM koordinator, BIM koordinator",STAVANGER,http://data.europa.eu/esco/skill/fae7e545-5114-43cc-8e83-178e2549ecb9,modellering av bygningsinformasjon,digital_consensus,0.5886561870574951,0.8997898697853088,0.8732680827379227
90209217-283c-4ec5-9737-bb55e0fdca01,Produktutvikling,Unil+ søker kategorisjef,"Salgs- og markedssjefer, Kategorisjef, Kategorisjef",OSLO,http://data.europa.eu/esco/skill/4f6b656a-54d0-48ce-9b55-ebcac5904a14,håndtere geospatiale teknologier,digital_consensus,0.6504983901977539,0.9169093370437622,0.013612568378448486
372ace56-652b-4c72-a3dd-700de6c45880,IT-arkitekt,Shape technology. Drive business development. Influence how Norway saves and invests!,"Systemanalytikere/-arkitekter, forsker innen datavitenskap, IT arkitekt",OSLO,http://data.europa.eu/esco/skill/c453cf81-6197-428e-84c6-70c773b63f27,Arkitektoniske IKT-rammeverk,digital_consensus,0.6209890842437744,0.9999566078186035,0.00011587142944335938
372ace56-652b-4c72-a3dd-700de6c45880,Systemutvikling,Shape technology. Drive business development. Influence how Norway saves and invests!,"Systemanalytikere/-arkitekter, forsker innen datavitenskap, IT arkitekt",OSLO,http://data.europa.eu/esco/skill/21d2f96d-35f7-4e3f-9745-c533d2dd6e97,dataprogrammering,digital_consensus,0.6049041152000427,0.9194501638412476,0.19810181856155396
88fc3a80-cef4-4b8b-aef4-00df1e6ca8b1,IT,Power Platform-utvikler,"Brukerstøttere, IKT, Programvareutviklere, programvareutvikler, PC Power User SIZ, Client Platform Delivery Engineer",OSLO,http://data.europa.eu/esco/skill/ddc3119d-1d6e-4324-9125-a3380d299ac5,IT,exact,,1.0,
c2891c06-a0eb-42f5-9b32-8476fc7805d3,AI,Vil du være med på å videreutvikle Amilis viktigste kundeportefølje?,"Selgere (engros), Key Account Manager, Key Account Manager",OSLO,http://data.europa.eu/esco/skill/e465a154-93f7-4973-9ce1-31659fe16dd2,prinsipper for kunstig intelligens,digital_consensus,0.5584366917610168,0.99960857629776,0.001320481300354004
a3cc5c1f-3370-40cb-b80d-322432307984,Hjelpemidler,Ergoterapeut,"Ergoterapeuter, Ergoterapeut, Ergoterapeut",HAGAN,http://data.europa.eu/esco/skill/8759c352-8b00-498f-985a-935f13e1b043,hjelpemidler,exact,,1.0,
5ac32e2d-0043-4a69-8182-adbe49693eb9,ITIL,Service Process Manager -- Nordic Managed Services,"Selgere (engros);, Sivilingeniører (industri og produksjon);, prosessingeniør, Serviceleder, Prosessingeniør",FORNEBU,http://data.europa.eu/esco/skill/d12e9d68-84c5-444e-aa98-d36533bf03f6,anvende operasjoner for et ITIL-basert miljø,digital_consensus,0.5806655883789062,0.9997642636299133,0.6852640509605408
5ac32e2d-0043-4a69-8182-adbe49693eb9,ServiceNow,Service Process Manager -- Nordic Managed Services,"Selgere (engros);, Sivilingeniører (industri og produksjon);, prosessingeniør, Serviceleder, Prosessingeniør",FORNEBU,http://data.europa.eu/esco/skill/83218cac-3599-417e-93d2-26013cdccd98,tjenesteorientert modellering,digital_consensus,0.6124618053436279,0.9994834661483765,0.0002288222312927246
4ab5caf1-bc78-4052-aa0f-06ff426984cf,IT,Shape the Future of Customer Experience as a Senior Engineer in Our Contact Centre Team!,"Programvareutviklere, Programmerer, Programmerer",OSLO,http://data.europa.eu/esco/skill/ddc3119d-1d6e-4324-9125-a3380d299ac5,IT,exact,,1.0,
6a66a150-24f0-4773-924f-c47c88342597,Automatiker,Dyktig og engasjert automatiker søkes til Øveraasen,"Automatiker, Automatikere, Elektrikere, Industrielektriker, Automatikkmekaniker, automasjonsingeniør",GJØVIK,http://data.europa.eu/esco/skill/7a950986-27fe-4b6c-adf3-88f211e77019,robotkomponenter,digital_consensus,0.6843463182449341,0.9831464886665344,0.0006955862045288086
6a66a150-24f0-4773-924f-c47c88342597,Elektronikk,Dyktig og engasjert automatiker søkes til Øveraasen,"Automatiker, Automatikere, Elektrikere, Industrielektriker, Automatikkmekaniker, automasjonsingeniør",GJØVIK,http://data.europa.eu/esco/skill/95c35c3a-035f-47c2-90cf-7e934d20fc08,elektronikk,exact,,1.0,
cbda3e56-2c98-483f-b7cd-d44ad02809f4,Chef,Kokker med bakgrunn fra det argentinske kjøkken søkes,"Kokker, Kokk, Kokk",OSLO,http://data.europa.eu/esco/skill/49f85a99-086c-45b6-a6fa-eb90305af7b1,Chef (verktøy for programvarekonfigurasjonsstyring),digital_consensus,0.5692918300628662,0.9998630285263062,0.00815129280090332
00ae12c1-9c73-4887-ae60-67ce31dbb88e,Adobe Illustrator,Teknisk Forfatter,"Teknisk forfatter, Teknisk forfatter, Forfattere mv.",ASKER,http://data.europa.eu/esco/skill/27b913f0-3c52-448b-ad27-fc6ef08fb326,Adobe Illustrator,exact,,1.0,
0c0b47f6-a46c-4fa4-8d6a-918bd95108e0,Adobe Creative Cloud,Brand Manager / Senior Grafisk designer,"Senior Brand Manager, Reklame- og markedsføringsrådgivere, Grafiske- og multimediadesignere, Senior grafisk designer, grafisk designer",TROLLÅSEN,http://data.europa.eu/esco/skill/719d8699-a221-4b5a-8fc3-68a8645cbe03,Adobe Creative Cloud,exact,,1.0,
0c0b47f6-a46c-4fa4-8d6a-918bd95108e0,Grafisk designer,Brand Manager / Senior Grafisk designer,"Senior Brand Manager, Reklame- og markedsføringsrådgivere, Grafiske- og multimediadesignere, Senior grafisk designer, grafisk designer",TROLLÅSEN,http://data.europa.eu/esco/skill/7fb699d9-182a-430e-b7a0-6d8ed05c284b,grafisk design,digital_consensus,0.5649178624153137,0.9999366998672485,5.328655242919922e-05
0e3a2bc3-60f4-439e-9975-f62b2efb3632,ERP,Controller,"Controller, Controller, Revisorer og regnskapsrådgivere",TROMSØ,http://data.europa.eu/esco/skill/09f4c52b-ac72-4f0e-a8ae-78bb1d7bffba,transportprogramvare relatert til et ERP-system,digital_consensus,0.5528852343559265,0.9972111582756042,0.9701170120388269
0f3734a7-2a5e-4247-86a4-ac26458eda3b,AI,Postdoctoral Research Fellow in Statistics and Data Science,"Universitets- og høyskolelektorer/-lærere, Postdoktor, Universitets- og høyskolelektorer/-lærere",OSLO,http://data.europa.eu/esco/skill/e465a154-93f7-4973-9ce1-31659fe16dd2,prinsipper for kunstig intelligens,digital_consensus,0.5584366917610168,0.99960857629776,0.001320481300354004
0f3734a7-2a5e-4247-86a4-ac26458eda3b,Data science,Postdoctoral Research Fellow in Statistics and Data Science,"Universitets- og høyskolelektorer/-lærere, Postdoktor, Universitets- og høyskolelektorer/-lærere",OSLO,http://data.europa.eu/esco/skill/edebd83d-35f6-4ed5-a940-6c203d178c01,data science,exact,,1.0,
0f3734a7-2a5e-4247-86a4-ac26458eda3b,Maskinlæring,Postdoctoral Research Fellow in Statistics and Data Science,"Universitets- og høyskolelektorer/-lærere, Postdoktor, Universitets- og høyskolelektorer/-lærere",OSLO,http://data.europa.eu/esco/skill/3a2d5b45-56e4-4f5a-a55a-4a4a65afdc43,maskinlæring,exact,,1.0,
0f3734a7-2a5e-4247-86a4-ac26458eda3b,Python,Postdoctoral Research Fellow in Statistics and Data Science,"Universitets- og høyskolelektorer/-lærere, Postdoktor, Universitets- og høyskolelektorer/-lærere",OSLO,http://data.europa.eu/esco/skill/ccd0a1d9-afda-43d9-b901-96344886e14d,Python,exact,,1.0,
1881bb91-7094-4295-ad74-0f6ad316f257,3D modellering,Samferdsel - Elektroingeniør/prosjekterende/byggeleder,"Elektroingeniør, Elektroingeniør, Elektronikkingeniører",LILLEHAMMER,http://data.europa.eu/esco/skill/97965983-0da4-4902-9daf-d5cd2693ef73,3D-modellering,digital_consensus,0.6517032980918884,0.9990673661231995,0.2718338370323181
19e46bfd-cdf3-4555-9956-99ebcc05c62d,Missilsystem,Vil du forme hvordan hjernen i fremtidens missilsystemer fungerer? Les videre!,"Andre sivilingeniører (unntatt elektroteknologi);, Senior Prosjektingeniør Energi og prosess, energiingeniør",KONGSBERG,http://data.europa.eu/esco/skill/05010f6c-0b40-4525-ac4a-057d46a2b6f4,utforme elektriske systemer,digital_consensus,0.5435894131660461,0.934803307056427,0.07907593250274658
19e46bfd-cdf3-4555-9956-99ebcc05c62d,Softwarearkitekt,Vil du forme hvordan hjernen i fremtidens missilsystemer fungerer? Les videre!,"Andre sivilingeniører (unntatt elektroteknologi);, Senior Prosjektingeniør Energi og prosess, energiingeniør",KONGSBERG,http://data.europa.eu/esco/skill/21d2f96d-35f7-4e3f-9745-c533d2dd6e97,dataprogrammering,digital_consensus,0.5245122313499451,0.9977228045463562,0.002068817615509033
19e46bfd-cdf3-4555-9956-99ebcc05c62d,Systemarkitekt,Vil du forme hvordan hjernen i fremtidens missilsystemer fungerer? Les videre!,"Andre sivilingeniører (unntatt elektroteknologi);, Senior Prosjektingeniør Energi og prosess, energiingeniør",KONGSBERG,http://data.europa.eu/esco/skill/21d2f96d-35f7-4e3f-9745-c533d2dd6e97,dataprogrammering,digital_consensus,0.5813876986503601,0.986229658126831,0.0011911988258361816
19e46bfd-cdf3-4555-9956-99ebcc05c62d,Systemdesign,Vil du forme hvordan hjernen i fremtidens missilsystemer fungerer? Les videre!,"Andre sivilingeniører (unntatt elektroteknologi);, Senior Prosjektingeniør Energi og prosess, energiingeniør",KONGSBERG,http://data.europa.eu/esco/skill/fae27053-8924-4bfd-b565-c9fe502044c9,systemdesign,exact,,1.0,
19e46bfd-cdf3-4555-9956-99ebcc05c62d,Systems Engineering,Vil du forme hvordan hjernen i fremtidens missilsystemer fungerer? Les videre!,"Andre sivilingeniører (unntatt elektroteknologi);, Senior Prosjektingeniør Energi og prosess, energiingeniør",KONGSBERG,http://data.europa.eu/esco/skill/05010f6c-0b40-4525-ac4a-057d46a2b6f4,utforme elektriske systemer,digital_consensus,0.5344252586364746,0.9833030104637146,0.01125556230545044
19e46bfd-cdf3-4555-9956-99ebcc05c62d,Systemutvikling,Vil du forme hvordan hjernen i fremtidens missilsystemer fungerer? Les videre!,"Andre sivilingeniører (unntatt elektroteknologi);, Senior Prosjektingeniør Energi og prosess, energiingeniør",KONGSBERG,http://data.europa.eu/esco/skill/21d2f96d-35f7-4e3f-9745-c533d2dd6e97,dataprogrammering,digital_consensus,0.6049041152000427,0.9194501638412476,0.19810181856155396
1beb07ba-40df-4088-af62-394eff4b0ecd,Digitale løsninger,Vil du videreutvikle IT-løsninger innen laboratorie- og smittevern?,"Applikasjonsprogrammerere, Applikasjonsarkitekt, IKT-programutvikler",TRONDHEIM,http://data.europa.eu/esco/skill/21d2f96d-35f7-4e3f-9745-c533d2dd6e97,dataprogrammering,digital_consensus,0.628021776676178,0.9054232835769653,0.049161553382873535
1beb07ba-40df-4088-af62-394eff4b0ecd,IT,Vil du videreutvikle IT-løsninger innen laboratorie- og smittevern?,"Applikasjonsprogrammerere, Applikasjonsarkitekt, IKT-programutvikler",TRONDHEIM,http://data.europa.eu/esco/skill/ddc3119d-1d6e-4324-9125-a3380d299ac5,IT,exact,,1.0,
1d79d5b7-ab9e-451a-aeb9-5c48bb7d467f,Hjelpemidler,Ergoterapeut,"Ergoterapeuter, Ergoterapeut, Ergoterapeut",HØNEFOSS,http://data.europa.eu/esco/skill/8759c352-8b00-498f-985a-935f13e1b043,hjelpemidler,exact,,1.0,
1ef3ba76-231e-4b6a-b9e1-17fdc5478e7b,endringsledelse,Seniorrådgiver HR–utvikling,"Seniorrådgiver personalarbeid, Seniorrådgiver personalarbeid, Personal- og karriererådgivere",TRONDHEIM,http://data.europa.eu/esco/skill/bec4359e-cb92-468f-a997-8fb28e32fba9,Metoder innen IKT-prosjektledelse,digital_consensus,0.6423553824424744,0.8403087258338928,0.002162039279937744
21db05a4-1edb-4205-bc3e-a65c27158ff8,LIS,Ledig rotasjonsstilling i radiologi for LIS 2/3.,"Lege i spesialisering (LIS2), Lege i spesialisering (LIS2), Allmennpraktiserende leger",STAVANGER,http://data.europa.eu/esco/skill/0cd6dcf1-5778-42a5-b685-4d01ae4a4871,Common Lisp,digital_consensus,0.6051489114761353,0.999724805355072,0.0015864968299865723
33ffeec2-6afc-43fd-950e-90b3d100433f,Digitalisering,Ledig stilling som fagansvarlig for dokumentasjonsforvaltning/ dokumentasjonsforvalter,"Arkivarer og kuratorer, Dokumentforvalter, Arbeidsledere for kontorpersonell, Arkivsjef, arkivar",BERGEN,http://data.europa.eu/esco/skill/aa0d8201-5a8e-417f-81f4-c04601139582,digitalisering,exact,,1.0,
3b96b750-845e-4b43-8783-78fa0ad210d7,BI-utvikler,Er du en dyktig BI-utvikler som ønsker å bli en del av vårt dynamiske og energiske miljø?,"Business Intelligence Utvikler, Business Intelligence Utvikler, Systemanalytikere/-arkitekter",TRONDHEIM,http://data.europa.eu/esco/skill/fae7e545-5114-43cc-8e83-178e2549ecb9,modellering av bygningsinformasjon,digital_consensus,0.5314183235168457,0.9763386845588684,0.014790177345275879
3b96b750-845e-4b43-8783-78fa0ad210d7,Business Intelligence,Er du en dyktig BI-utvikler som ønsker å bli en del av vårt dynamiske og energiske miljø?,"Business Intelligence Utvikler, Business Intelligence Utvikler, Systemanalytikere/-arkitekter",TRONDHEIM,http://data.europa.eu/esco/skill/143769cb-b61e-47d8-a61e-eedfbec1016c,business intelligence,exact,,1.0,
3b96b750-845e-4b43-8783-78fa0ad210d7,Datavarehus,Er du en dyktig BI-utvikler som ønsker å bli en del av vårt dynamiske og energiske miljø?,"Business Intelligence Utvikler, Business Intelligence Utvikler, Systemanalytikere/-arkitekter",TRONDHEIM,http://data.europa.eu/esco/skill/3ec2e4d6-7000-4905-bf1a-c5b1679416de,datavarehus,exact,,1.0,
3b96b750-845e-4b43-8783-78fa0ad210d7,IT,Er du en dyktig BI-utvikler som ønsker å bli en del av vårt dynamiske og energiske miljø?,"Business Intelligence Utvikler, Business Intelligence Utvikler, Systemanalytikere/-arkitekter",TRONDHEIM,http://data.europa.eu/esco/skill/ddc3119d-1d6e-4324-9125-a3380d299ac5,IT,exact,,1.0,
3bcb58ad-e819-40e6-8bbf-2be90840b449,Prosjektkonsulent,Vil du forhandle gode avtaler for kommunale prosjekter?,"Systemanalytikere/-arkitekter, Prosjektkonsulent, IKT-konsulent",VIKERSUND,http://data.europa.eu/esco/skill/bec4359e-cb92-468f-a997-8fb28e32fba9,Metoder innen IKT-prosjektledelse,digital_consensus,0.6462624073028564,0.9935935139656067,0.008811891078948975
41e619d1-35dc-4867-a578-b313cd91d555,Robotikk,"Vi søker medarbeidere med sterk interesse for design, bygging og feilsøking","Andre sivilingeniører (unntatt elektroteknologi);, Prosjektingeniør, Andre sivilingeniører (unntatt elektroteknologi);, Senior Prosjektingeniør Energi og prosess, energiingeniør",KONGSBERG,http://data.europa.eu/esco/skill/e87ec79a-c9ff-46f5-84fa-7a0f394cdf40,robotikk,exact,,1.0,
4980a17d-62e8-4783-a3f7-9834a876a4e4,hjelpemidler,Sporty syklist ønskes som BPA på Hinna.,"Brukerstyrt personlig assistent (BPA), Brukerstyrt personlig assistent (BPA), Hjemmehjelper",STAVANGER,http://data.europa.eu/esco/skill/8759c352-8b00-498f-985a-935f13e1b043,hjelpemidler,exact,,1.0,
4fd1f878-c00f-41b1-9f2b-36eace63e1e1,Hjelpemidler,Ergoterapeut 50% fast stilling. ,"Ergoterapeut, Ergoterapeut, Ergoterapeuter",TYDAL,http://data.europa.eu/esco/skill/8759c352-8b00-498f-985a-935f13e1b043,hjelpemidler,exact,,1.0,
5dbdaf4c-926a-4f89-9fac-8e544bb7bf4a,Digitalisering,Rana Gruber søker Financial Controller,"Regnskapscontroller, Regnskapscontroller, Revisorer og regnskapsrådgivere",MO I RANA,http://data.europa.eu/esco/skill/aa0d8201-5a8e-417f-81f4-c04601139582,digitalisering,exact,,1.0,
621d71f8-7a06-49e6-9c0f-4d406db30e55,IT,Ønsker du en meningsfylt arbeidshverdag og vil være med på veksten i KONGSBERG?,"Andre ingeniører, Technical Team Manager, Programvareutviklere, Senior Software Ingeniør, Programvareutviklere",KONGSBERG,http://data.europa.eu/esco/skill/ddc3119d-1d6e-4324-9125-a3380d299ac5,IT,exact,,1.0,
621d71f8-7a06-49e6-9c0f-4d406db30e55,Software,Ønsker du en meningsfylt arbeidshverdag og vil være med på veksten i KONGSBERG?,"Andre ingeniører, Technical Team Manager, Programvareutviklere, Senior Software Ingeniør, Programvareutviklere",KONGSBERG,http://data.europa.eu/esco/skill/cf310cff-0d28-4dbc-9dbb-cc500a3196c2,kontorprogramvare,digital_consensus,0.5294063091278076,0.9984978437423706,0.028431594371795654
6302f506-8640-4987-a9f9-f3ca21a9f794,LMS,Læringsdesigner (rådgiver/seniorrådgiver),"Programvareutviklere, Læringsdesigner",OSLO,http://data.europa.eu/esco/skill/6c80d53c-d8c9-41fe-998f-091fca208834,LMS,exact,,1.0,
710cae29-30da-404d-a939-0c7553d2c381,Elektronikk,Hardware Security Engineer,"Andre sivilingeniører (unntatt elektroteknologi);, Prosjektingeniør, Andre sivilingeniører (unntatt elektroteknologi)",KONGSBERG,http://data.europa.eu/esco/skill/95c35c3a-035f-47c2-90cf-7e934d20fc08,elektronikk,exact,,1.0,
710cae29-30da-404d-a939-0c7553d2c381,Hardware Security Engineer,Hardware Security Engineer,"Andre sivilingeniører (unntatt elektroteknologi);, Prosjektingeniør, Andre sivilingeniører (unntatt elektroteknologi)",KONGSBERG,http://data.europa.eu/esco/skill/bac209e9-d337-4312-9041-17c2e75fa4df,maskinvareindustrien,digital_consensus,0.5178207755088806,0.9992746710777283,0.013330280780792236
710cae29-30da-404d-a939-0c7553d2c381,Informasjonssikkerhet,Hardware Security Engineer,"Andre sivilingeniører (unntatt elektroteknologi);, Prosjektingeniør, Andre sivilingeniører (unntatt elektroteknologi)",KONGSBERG,http://data.europa.eu/esco/skill/8088750d-8388-4170-a76f-48354c469c44,informasjonssikkerhet,exact,,1.0,
710cae29-30da-404d-a939-0c7553d2c381,Systemutvikling,Hardware Security Engineer,"Andre sivilingeniører (unntatt elektroteknologi);, Prosjektingeniør, Andre sivilingeniører (unntatt elektroteknologi)",KONGSBERG,http://data.europa.eu/esco/skill/21d2f96d-35f7-4e3f-9745-c533d2dd6e97,dataprogrammering,digital_consensus,0.6049041152000427,0.9194501638412476,0.19810181856155396
75805e5b-b850-4424-aec5-86e2d2f655d8,Arkitektur,Prosjektarkitekt - saksbehandler innsendte reguleringsplanforslag,"Architekt arkitektur, Architekt arkitektur, Sivilarkitekter",OSLO,http://data.europa.eu/esco/skill/c453cf81-6197-428e-84c6-70c773b63f27,Arkitektoniske IKT-rammeverk,digital_consensus,0.5593475699424744,0.9923986792564392,0.11609482765197754
79dc463c-98db-4ed6-b171-09e9dcaab3d2,Digitalisering,Vil du være med å påvirke rammene for digitaliseringen av Norge?,"Systemanalytikere/-arkitekter, Teknologikonsulent, IKT-konsulent",OSLO,http://data.europa.eu/esco/skill/aa0d8201-5a8e-417f-81f4-c04601139582,digitalisering,exact,,1.0,
7a4c5464-5502-4ac9-b8fd-28da7055113a,Cybersikkerhet, Analytiker,"Gummiteknolog, Gummiteknolog, Sivilingeniører (kjemi)",FORNEBU,http://data.europa.eu/esco/skill/8088750d-8388-4170-a76f-48354c469c44,cybersikkerhet,exact,,1.0,
7a4c5464-5502-4ac9-b8fd-28da7055113a,Digital sikkerhet, Analytiker,"Gummiteknolog, Gummiteknolog, Sivilingeniører (kjemi)",FORNEBU,http://data.europa.eu/esco/skill/8088750d-8388-4170-a76f-48354c469c44,digital sikkerhet,exact,,1.0,
7a4c5464-5502-4ac9-b8fd-28da7055113a,Informasjonssikkerhet, Analytiker,"Gummiteknolog, Gummiteknolog, Sivilingeniører (kjemi)",FORNEBU,http://data.europa.eu/esco/skill/8088750d-8388-4170-a76f-48354c469c44,informasjonssikkerhet,exact,,1.0,
7b78a872-6ba8-46a3-a6fa-5b5b240eafd9,Dataanalyse,Rådgiver - datahåndtering og analyse,"Systemanalytikere/-arkitekter, Dataanalytiker, Systemanalytikere/-arkitekter, IT-konsulent, Systemanalytikere/-arkitekter, Informatiker, Matematikere, statistikere mv., Statistiker, statistiker",BRUMUNDDAL,http://data.europa.eu/esco/skill/97bd1c21-66b2-4b7e-ad0f-e3cda590e378,dataanalyse,exact,,1.0,
7b78a872-6ba8-46a3-a6fa-5b5b240eafd9,Informatikk,Rådgiver - datahåndtering og analyse,"Systemanalytikere/-arkitekter, Dataanalytiker, Systemanalytikere/-arkitekter, IT-konsulent, Systemanalytikere/-arkitekter, Informatiker, Matematikere, statistikere mv., Statistiker, statistiker",BRUMUNDDAL,http://data.europa.eu/esco/skill/7b5cce4d-c7fe-4119-b48f-70aa05391787,informatikk,exact,,1.0,
7b78a872-6ba8-46a3-a6fa-5b5b240eafd9,Programmering,Rådgiver - datahåndtering og analyse,"Systemanalytikere/-arkitekter, Dataanalytiker, Systemanalytikere/-arkitekter, IT-konsulent, Systemanalytikere/-arkitekter, Informatiker, Matematikere, statistikere mv., Statistiker, statistiker",BRUMUNDDAL,http://data.europa.eu/esco/skill/21d2f96d-35f7-4e3f-9745-c533d2dd6e97,dataprogrammering,digital_consensus,0.714440643787384,0.9188328981399536,0.2761046886444092
7b9550aa-5777-4733-904b-ab8900e13da3,Museumsforvaltning,Seniorrådgiver kulturarv og museum,"Museums- og galleriutstillingstekniker, Tekniske konservatorer, Høyere saksbehandlere i offentlig og privat virksomhet, Kulturrådgiver, Arkivarer og kuratorer, Museumsekspert, museumstekniker",BODØ,http://data.europa.eu/esco/skill/c1b4aa1e-bc42-49e4-952a-0cbd45f1d57b,museumsdatabaser,digital_consensus,0.671587347984314,0.9923480749130249,0.007598161697387695
7ddfca28-41c2-4604-983d-401dcadd3faa,Arkitektur,Saksbehandlere til innsendte reguleringsplaner – vær med å utvikle fremtidens Oslo,"Høyere saksbehandlere i offentlig og privat virksomhet, Saksbehandler offentlig administrasjon, Arealplanleggere, Byplanlegger, Sivilarkitekter, Arkitekt byggesaksbehandler, arkitekt",OSLO,http://data.europa.eu/esco/skill/c453cf81-6197-428e-84c6-70c773b63f27,Arkitektoniske IKT-rammeverk,digital_consensus,0.5593475699424744,0.9923986792564392,0.11609482765197754
7e20d924-2cd1-431c-ac97-c9cbb8c793bb,Dataanalyse,Kryptoanalytiker ,"Finansanalytikere, finansanalytiker, Analytiker (finans)",OSLO,http://data.europa.eu/esco/skill/97bd1c21-66b2-4b7e-ad0f-e3cda590e378,dataanalyse,exact,,1.0,
7e20d924-2cd1-431c-ac97-c9cbb8c793bb,Informasjonssikkerhet,Kryptoanalytiker ,"Finansanalytikere, finansanalytiker, Analytiker (finans)",OSLO,http://data.europa.eu/esco/skill/8088750d-8388-4170-a76f-48354c469c44,informasjonssikkerhet,exact,,1.0,
7e20d924-2cd1-431c-ac97-c9cbb8c793bb,Programmering,Kryptoanalytiker ,"Finansanalytikere, finansanalytiker, Analytiker (finans)",OSLO,http://data.europa.eu/esco/skill/21d2f96d-35f7-4e3f-9745-c533d2dd6e97,dataprogrammering,digital_consensus,0.714440643787384,0.9188328981399536,0.2761046886444092
7e20d924-2cd1-431c-ac97-c9cbb8c793bb,Python,Kryptoanalytiker ,"Finansanalytikere, finansanalytiker, Analytiker (finans)",OSLO,http://data.europa.eu/esco/skill/ccd0a1d9-afda-43d9-b901-96344886e14d,Python,exact,,1.0,
8447117e-c971-4274-9969-87078369e84f,Digital sikkerhet,Rådgiver/seniorrådgiver beredskap og øvelser,"Helse- og miljørådgivere, Beredskapskonsulent",OSLO,http://data.europa.eu/esco/skill/8088750d-8388-4170-a76f-48354c469c44,digital sikkerhet,exact,,1.0,
8d50ddf9-cc5c-4a57-a922-ff845a11c5ba,IT,"Vil du jobbe med IT som faktisk betyr noe – for ansatte, innbyggere og våre tjenester?","IT-konsulent, IT-konsulent, Systemanalytikere/-arkitekter",OPPDAL,http://data.europa.eu/esco/skill/ddc3119d-1d6e-4324-9125-a3380d299ac5,IT,exact,,1.0,
9116a3fa-e092-47bd-9c9c-05ed26c2806b,Automatiker,Vil du få industrien til å gå rundt?,"Automatikere, Automatiker, automasjonsingeniør",DRAG,http://data.europa.eu/esco/skill/7a950986-27fe-4b6c-adf3-88f211e77019,robotkomponenter,digital_consensus,0.6843463182449341,0.9831464886665344,0.0006955862045288086
9298cef2-ebb5-426e-8237-6062ca12ba82,Systems Engineering,Lyst til å jobbe med Systems Engineering og Forsvarets flysystemer?,"Elektroingeniør, Elektroingeniør, Elektronikkingeniører",KJELLER,http://data.europa.eu/esco/skill/05010f6c-0b40-4525-ac4a-057d46a2b6f4,utforme elektriske systemer,digital_consensus,0.5344252586364746,0.9833030104637146,0.01125556230545044
9e8aac7f-8957-452d-abe0-3a4446b8972a,Robotikk,"Postdoctoral Research Fellow in actively driven surfaces: sensing, soft robotics and flow control","Universitets- og høyskolelektorer/-lærere, Postdoktor, Universitets- og høyskolelektorer/-lærere",OSLO,http://data.europa.eu/esco/skill/e87ec79a-c9ff-46f5-84fa-7a0f394cdf40,robotikk,exact,,1.0,
a086393f-831d-4136-b45d-7ae0aa07c6c2,ERP,Global Logistics Officer,"Logistikk controller, Logistikk controller, Finans- og investeringsrådgivere",KONGSBERG,http://data.europa.eu/esco/skill/09f4c52b-ac72-4f0e-a8ae-78bb1d7bffba,transportprogramvare relatert til et ERP-system,digital_consensus,0.5528852343559265,0.9972111582756042,0.9701170120388269
ad65d44f-d9fa-4fb3-8e08-3cb659855603,GPS,Vil du eie GPS-porteføljen i noen av Norges mest avanserte produkter?,"Systemanalytikere/-arkitekter, Systemingeniør, IKT-systemarkitekt",KONGSBERG,http://data.europa.eu/esco/skill/377861af-f966-4c87-a2db-7e99904312b9,GPS,exact,,1.0,
ad65d44f-d9fa-4fb3-8e08-3cb659855603,Produktutvikling,Vil du eie GPS-porteføljen i noen av Norges mest avanserte produkter?,"Systemanalytikere/-arkitekter, Systemingeniør, IKT-systemarkitekt",KONGSBERG,http://data.europa.eu/esco/skill/4f6b656a-54d0-48ce-9b55-ebcac5904a14,håndtere geospatiale teknologier,digital_consensus,0.6504983901977539,0.9169093370437622,0.013612568378448486
ad65d44f-d9fa-4fb3-8e08-3cb659855603,Systemtenkning,Vil du eie GPS-porteføljen i noen av Norges mest avanserte produkter?,"Systemanalytikere/-arkitekter, Systemingeniør, IKT-systemarkitekt",KONGSBERG,http://data.europa.eu/esco/skill/0f9958d2-f700-4f62-b90b-a5873cb5ae4c,systemtenkning,exact,,1.0,
ad65d44f-d9fa-4fb3-8e08-3cb659855603,Systemutvikling,Vil du eie GPS-porteføljen i noen av Norges mest avanserte produkter?,"Systemanalytikere/-arkitekter, Systemingeniør, IKT-systemarkitekt",KONGSBERG,http://data.europa.eu/esco/skill/21d2f96d-35f7-4e3f-9745-c533d2dd6e97,dataprogrammering,digital_consensus,0.6049041152000427,0.9194501638412476,0.19810181856155396
ae985dc1-8282-4e0b-8478-82fae3ee8507,Automatiker,Ønsker du å bygge en karriere i fronten av sikkerhetsteknologi?,"Systemanalytikere/-arkitekter, Systemtekniker, Elektrikere, Elektriker, Serviceelektronikere, Dataelektroniker, Verktøymaker, låsesmeder mv., Låsesmed, Tele- og IKT-installatører, Telekommunikasjonsmontør, Automatikere, Automatiker, automasjonsingeniør",BRUMUNDDAL,http://data.europa.eu/esco/skill/7a950986-27fe-4b6c-adf3-88f211e77019,robotkomponenter,digital_consensus,0.6843463182449341,0.9831464886665344,0.0006955862045288086
ae985dc1-8282-4e0b-8478-82fae3ee8507,Serviceelektroniker,Ønsker du å bygge en karriere i fronten av sikkerhetsteknologi?,"Systemanalytikere/-arkitekter, Systemtekniker, Elektrikere, Elektriker, Serviceelektronikere, Dataelektroniker, Verktøymaker, låsesmeder mv., Låsesmed, Tele- og IKT-installatører, Telekommunikasjonsmontør, Automatikere, Automatiker, automasjonsingeniør",BRUMUNDDAL,http://data.europa.eu/esco/skill/1ebc1454-b6cb-4e45-a96a-17399961ad39,administrere tekniske sikkerhetssystemer,digital_consensus,0.530051052570343,0.9971248507499695,0.013280391693115234
ae985dc1-8282-4e0b-8478-82fae3ee8507,Sikkerhetssystemer,Ønsker du å bygge en karriere i fronten av sikkerhetsteknologi?,"Systemanalytikere/-arkitekter, Systemtekniker, Elektrikere, Elektriker, Serviceelektronikere, Dataelektroniker, Verktøymaker, låsesmeder mv., Låsesmed, Tele- og IKT-installatører, Telekommunikasjonsmontør, Automatikere, Automatiker, automasjonsingeniør",BRUMUNDDAL,http://data.europa.eu/esco/skill/3ff589b7-68df-4ea5-ae41-b395bdb2378f,IKT-sikkerhetsstandarder,digital_consensus,0.6262314915657043,0.9908666610717773,0.005051910877227783
ae985dc1-8282-4e0b-8478-82fae3ee8507,Telekommunikasjonsmontør,Ønsker du å bygge en karriere i fronten av sikkerhetsteknologi?,"Systemanalytikere/-arkitekter, Systemtekniker, Elektrikere, Elektriker, Serviceelektronikere, Dataelektroniker, Verktøymaker, låsesmeder mv., Låsesmed, Tele- og IKT-installatører, Telekommunikasjonsmontør, Automatikere, Automatiker, automasjonsingeniør",BRUMUNDDAL,http://data.europa.eu/esco/skill/14764a75-3104-4875-ba1d-57c059b9b013,telekommunikasjonsteknikk,digital_consensus,0.5404092669487,0.9998538494110107,0.001627504825592041
afd82f34-0679-4de0-9863-10ae422bbea3,GIS,Geodatamedarbeider,"Høyere saksbehandlere i offentlig og privat virksomhet, Rådgiver (offentlig administrasjon), Høyere saksbehandlere i offentlig og privat virksomhet",RØYSE,http://data.europa.eu/esco/skill/377861af-f966-4c87-a2db-7e99904312b9,gis,exact,,1.0,
afd82f34-0679-4de0-9863-10ae422bbea3,Geodata,Geodatamedarbeider,"Høyere saksbehandlere i offentlig og privat virksomhet, Rådgiver (offentlig administrasjon), Høyere saksbehandlere i offentlig og privat virksomhet",RØYSE,http://data.europa.eu/esco/skill/377861af-f966-4c87-a2db-7e99904312b9,geografiske informasjonssystemer,digital_consensus,0.6458449959754944,0.9993603825569153,0.0004495978355407715
b55149c6-c026-44a5-9763-572639b8167c,Informasjonssikkerhet,Tjenesteforvalter,"Systemadministratorer, Systemforvalter, IKT-systemadministrator",TRONDHEIM,http://data.europa.eu/esco/skill/8088750d-8388-4170-a76f-48354c469c44,informasjonssikkerhet,exact,,1.0,
b777cc74-0c4f-4316-bf8d-68e239098f0c,Digitalisering,Avdelingsleder Byarkivet,"Andre ledere av produksjon og tjenesteyting, Avdelingsleder, Avdelingsleder",TRONDHEIM,http://data.europa.eu/esco/skill/aa0d8201-5a8e-417f-81f4-c04601139582,digitalisering,exact,,1.0,
c11d9d74-2744-48e5-b288-fef008d162a8,Gravlund,Fagarbeider utemiljø/anleggsgartner gravlund,"Gartnere, Anleggsgartner, landskapsgartner",EGERSUND,http://data.europa.eu/esco/skill/52cf3037-ab53-4806-85ed-7fd21ea7f6a1,Groovy,digital_consensus,0.5650251507759094,0.986156165599823,0.21776068210601807
c13af2fb-b3f0-40b2-be56-478c4373b2ee,Digital sikkerhet,Vil du være med å styrke digital sikkerhet og beredskap i samfunnets førstelinje?,"IT-sikkerhetsrådgiver, IT-sikkerhetsrådgiver, Sikkerhetsanalytikere mv.",OSLO,http://data.europa.eu/esco/skill/8088750d-8388-4170-a76f-48354c469c44,digital sikkerhet,exact,,1.0,
c13af2fb-b3f0-40b2-be56-478c4373b2ee,Informasjonssikkerhet,Vil du være med å styrke digital sikkerhet og beredskap i samfunnets førstelinje?,"IT-sikkerhetsrådgiver, IT-sikkerhetsrådgiver, Sikkerhetsanalytikere mv.",OSLO,http://data.europa.eu/esco/skill/8088750d-8388-4170-a76f-48354c469c44,informasjonssikkerhet,exact,,1.0,
c5d7c331-2690-4b34-a406-a12ee573756c,E-læring,Vil du være med å sikre trygg kommunikasjon for våre allierte?,"Informasjonsrådgivere, Kommunikasjonsansvarlig, talsperson",ASKER,http://data.europa.eu/esco/skill/5f5e9350-1d13-4391-b9e1-07f6b2047fc5,e-læring,exact,,1.0,
c5d7c331-2690-4b34-a406-a12ee573756c,Elektronikk,Vil du være med å sikre trygg kommunikasjon for våre allierte?,"Informasjonsrådgivere, Kommunikasjonsansvarlig, talsperson",ASKER,http://data.europa.eu/esco/skill/95c35c3a-035f-47c2-90cf-7e934d20fc08,elektronikk,exact,,1.0,
c91bbbac-9421-47d2-928c-bd362bfa391a,data science,PhD position within Causal Machine Learning ,"Stipendiat, Stipendiat, Universitets- og høyskolelektorer/-lærere",ÅS,http://data.europa.eu/esco/skill/edebd83d-35f6-4ed5-a940-6c203d178c01,data science,exact,,1.0,
c91bbbac-9421-47d2-928c-bd362bfa391a,maskinlæring,PhD position within Causal Machine Learning ,"Stipendiat, Stipendiat, Universitets- og høyskolelektorer/-lærere",ÅS,http://data.europa.eu/esco/skill/3a2d5b45-56e4-4f5a-a55a-4a4a65afdc43,maskinlæring,exact,,1.0,
cdca137f-2b2b-4ff0-b243-46fe9fd7dd4f,Digitalisering,Hovedprosjektleder for modernisering og transformasjon av overvåking og styring av kraftsystemet (EMS),"Andre administrative ledere, Prosjektleder, prosjektleder",OSLO,http://data.europa.eu/esco/skill/aa0d8201-5a8e-417f-81f4-c04601139582,digitalisering,exact,,1.0,
cdca137f-2b2b-4ff0-b243-46fe9fd7dd4f,IT-prosjekt,Hovedprosjektleder for modernisering og transformasjon av overvåking og styring av kraftsystemet (EMS),"Andre administrative ledere, Prosjektleder, prosjektleder",OSLO,http://data.europa.eu/esco/skill/bec4359e-cb92-468f-a997-8fb28e32fba9,Metoder innen IKT-prosjektledelse,digital_consensus,0.5568580627441406,0.9992220401763916,0.0009100437164306641
ce1cb699-1007-464d-8aa6-c0ef35171407,Grafisk designer,Har du lyst å prøve deg som grafisk formgiver hos Forsvaret ?,"Grafiker førtrykk, Grafiker førtrykk, Førtrykkere",RENA,http://data.europa.eu/esco/skill/7fb699d9-182a-430e-b7a0-6d8ed05c284b,grafisk design,digital_consensus,0.5649178624153137,0.9999366998672485,5.328655242919922e-05
d5b0eda2-0304-4d4a-ae92-0f9163db701c,LIS,Ledig 1 års vikariat som LIS 2/3 i radiologi!  ,"Lege i spesialisering (LIS2), Allmennpraktiserende leger, Legespesialister, Lege i spesialisering - Radiologi, spesiallege",STAVANGER,http://data.europa.eu/esco/skill/0cd6dcf1-5778-42a5-b685-4d01ae4a4871,Common Lisp,digital_consensus,0.6051489114761353,0.999724805355072,0.0015864968299865723
dd2d35c1-5929-4cab-ad52-089899f108af,Digitalisering,Rådgivar - digitalisering og utvikling,"Systemanalytikere/-arkitekter, Digitaliseringsrådgiver, IKT-rådgivere",ULSTEINVIK,http://data.europa.eu/esco/skill/aa0d8201-5a8e-417f-81f4-c04601139582,digitalisering,exact,,1.0,
dd2d35c1-5929-4cab-ad52-089899f108af,Informasjonssikkerhet,Rådgivar - digitalisering og utvikling,"Systemanalytikere/-arkitekter, Digitaliseringsrådgiver, IKT-rådgivere",ULSTEINVIK,http://data.europa.eu/esco/skill/8088750d-8388-4170-a76f-48354c469c44,informasjonssikkerhet,exact,,1.0,
e6acbd54-a4f6-473a-b549-9f612d249b85,Informasjonssikkerhet,Vil du være med og bygge en sterk sikkerhetskultur?,"Transportfunksjonærer, Sikkerhetsrådgiver for transport av farlig gods",OSLO,http://data.europa.eu/esco/skill/8088750d-8388-4170-a76f-48354c469c44,informasjonssikkerhet,exact,,1.0,
ea017710-4cd7-4083-85f0-5c3106e3a45c,Digitalisering,Vil du bidra til et tryggere Norge gjennom smartere logistikk?,"Avdelingsleder, Andre ledere av produksjon og tjenesteyting, Andre administrative ledere, Seksjonssjef (offentlig administrasjon), Andre administrative ledere, Seksjonssjef militæret, Ledere av logistikk og transport mv., Logistikkansvarlig, Ledere av IKT-enheter, IT-leder, Revisorer, regnskapsrådgivere, Økonomiansvarlig, Finans- og økonomisjefer, Finans- og økonomisjef, økonomisjef",KJELLER,http://data.europa.eu/esco/skill/aa0d8201-5a8e-417f-81f4-c04601139582,digitalisering,exact,,1.0,
ea017710-4cd7-4083-85f0-5c3106e3a45c,ERP,Vil du bidra til et tryggere Norge gjennom smartere logistikk?,"Avdelingsleder, Andre ledere av produksjon og tjenesteyting, Andre administrative ledere, Seksjonssjef (offentlig administrasjon), Andre administrative ledere, Seksjonssjef militæret, Ledere av logistikk og transport mv., Logistikkansvarlig, Ledere av IKT-enheter, IT-leder, Revisorer, regnskapsrådgivere, Økonomiansvarlig, Finans- og økonomisjefer, Finans- og økonomisjef, økonomisjef",KJELLER,http://data.europa.eu/esco/skill/09f4c52b-ac72-4f0e-a8ae-78bb1d7bffba,transportprogramvare relatert til et ERP-system,digital_consensus,0.5528852343559265,0.9972111582756042,0.9701170120388269
ea017710-4cd7-4083-85f0-5c3106e3a45c,SAP,Vil du bidra til et tryggere Norge gjennom smartere logistikk?,"Avdelingsleder, Andre ledere av produksjon og tjenesteyting, Andre administrative ledere, Seksjonssjef (offentlig administrasjon), Andre administrative ledere, Seksjonssjef militæret, Ledere av logistikk og transport mv., Logistikkansvarlig, Ledere av IKT-enheter, IT-leder, Revisorer, regnskapsrådgivere, Økonomiansvarlig, Finans- og økonomisjefer, Finans- og økonomisjef, økonomisjef",KJELLER,http://data.europa.eu/esco/skill/f8e3425c-fe44-4ffb-bafe-0e20d91dadf4,SAP,exact,,1.0,
ee1099fc-3251-4829-aaf9-674051841a63,LIS,Lege i spesialisering innan psykiatri,"Lege i spesialisering (LIS2), Lege i spesialisering (LIS2), Allmennpraktiserende leger",HJELSET,http://data.europa.eu/esco/skill/0cd6dcf1-5778-42a5-b685-4d01ae4a4871,Common Lisp,digital_consensus,0.6051489114761353,0.999724805355072,0.0015864968299865723
f9c9596a-fc06-4f82-b7cb-6440fd67fc8b,Applikasjonsutvikling,Fullstack webutvikler,"Nett- og multimediautviklere, Webutvikler, Programvareutviklere, Fullstackutvikler, programvareutvikler",TROMSØ,http://data.europa.eu/esco/skill/21d2f96d-35f7-4e3f-9745-c533d2dd6e97,dataprogrammering,digital_consensus,0.5943239331245422,0.9518090486526489,0.7352614402770996
f9c9596a-fc06-4f82-b7cb-6440fd67fc8b,Fullstack utvikler,Fullstack webutvikler,"Nett- og multimediautviklere, Webutvikler, Programvareutviklere, Fullstackutvikler, programvareutvikler",TROMSØ,http://data.europa.eu/esco/skill/21d2f96d-35f7-4e3f-9745-c533d2dd6e97,dataprogrammering,digital_consensus,0.60097736120224,0.9972906708717346,0.0015881061553955078
f9c9596a-fc06-4f82-b7cb-6440fd67fc8b,IT,Fullstack webutvikler,"Nett- og multimediautviklere, Webutvikler, Programvareutviklere, Fullstackutvikler, programvareutvikler",TROMSØ,http://data.europa.eu/esco/skill/ddc3119d-1d6e-4324-9125-a3380d299ac5,IT,exact,,1.0,
f9c9596a-fc06-4f82-b7cb-6440fd67fc8b,Programmerer,Fullstack webutvikler,"Nett- og multimediautviklere, Webutvikler, Programvareutviklere, Fullstackutvikler, programvareutvikler",TROMSØ,http://data.europa.eu/esco/skill/21d2f96d-35f7-4e3f-9745-c533d2dd6e97,dataprogrammering,digital_consensus,0.6060227751731873,0.9829521775245667,0.035317838191986084
f9c9596a-fc06-4f82-b7cb-6440fd67fc8b,Systemutvikling,Fullstack webutvikler,"Nett- og multimediautviklere, Webutvikler, Programvareutviklere, Fullstackutvikler, programvareutvikler",TROMSØ,http://data.europa.eu/esco/skill/21d2f96d-35f7-4e3f-9745-c533d2dd6e97,dataprogrammering,digital_consensus,0.6049041152000427,0.9194501638412476,0.19810181856155396
fb93de4c-a19a-4d99-bd96-5d7e0b863d60,Digital samlingsdatabase,Samlingsansvarlig/konservator (seniorrådgiver),"Konservator, Konservator, Arkivarer og kuratorer",HAMAR,http://data.europa.eu/esco/skill/c1b4aa1e-bc42-49e4-952a-0cbd45f1d57b,museumsdatabaser,digital_consensus,0.6144946217536926,0.9910736680030823,0.96199238486588
3caefa6f-7200-4ba7-a118-62585bedc209,Sikkerhetssystemer,Montør av sikkerhetssystemer i Oslo,"Montører av elektriske og elektroniske produkter, Montør av elektriske og elektroniske produkter, Montør av elektriske og elektroniske produkter",OSLO,http://data.europa.eu/esco/skill/3ff589b7-68df-4ea5-ae41-b395bdb2378f,IKT-sikkerhetsstandarder,digital_consensus,0.6262314915657043,0.9908666610717773,0.005051910877227783
1b72df68-c517-406a-ab95-dd262c1ae1bc,influencer marketing,Social Media Manager,"Salgs- og markedssjefer, Social Media Manager",OSLO,http://data.europa.eu/esco/skill/64e09849-a7db-4d6b-a932-66264420eb97,anvende markedsføring i sosiale medier,digital_consensus,0.6015551686286926,0.8036714196205139,0.6639225482940674
1b72df68-c517-406a-ab95-dd262c1ae1bc,innholdsstrategi,Social Media Manager,"Salgs- og markedssjefer, Social Media Manager",OSLO,http://data.europa.eu/esco/skill/5303169c-75d6-4751-9136-a4b88343388c,administrasjon knyttet til sosiale medier,digital_consensus,0.538343071937561,0.8560186624526978,0.8504668530076742
b655d332-f975-4b4c-8acf-f6b54a0dfd93,Kroppsøving,Lærer i norsk i kombinasjon med historie og/eller kroppsøving  - Røyken videregående skole,"Lektorer mv. (videregående skole);, Lærer i videregående skole, lærer i videregående skole",Missing location,http://data.europa.eu/esco/skill/21d2f96d-35f7-4e3f-9745-c533d2dd6e97,dataprogrammering,digital_consensus,0.5808157324790955,0.8279473185539246,0.013331234455108643
eaa13fe0-2c68-41d6-91c0-1524ad9cb007,Kundesupport,"Er du serviceinnstilt, lærevillig og liker en praktisk og variert hverdag?","Kundebehandler, Informasjonsskrankemedarbeidere, Kontormedarbeidere, Kundeservicemedarbeider helsesektor, medisinsk resepsjonist",KOPERVIK,http://data.europa.eu/esco/skill/db36f7f1-5900-45bd-9ffb-f2b19c4362ac,støtte IKT-systembrukere,digital_consensus,0.5482102036476135,0.9978213310241699,0.016304969787597656
9f8e79b7-162a-42eb-a8df-e8128eb9b33d,Produktutvikling,Bli med å skape morgendagens produkt- og marketingkonsepter i dagligvarebransjen,"Prosjektleder, Prosjektleder, Andre administrative ledere",OSLO,http://data.europa.eu/esco/skill/4f6b656a-54d0-48ce-9b55-ebcac5904a14,håndtere geospatiale teknologier,digital_consensus,0.6504983901977539,0.9169093370437622,0.013612568378448486
9934e872-b5db-4eac-9d6c-41f533db034d,Datasenter,Vil du selge kritisk digital infrastruktur i et marked i sterk vekst?,"Salgssjef, Salgssjef, Salgs- og markedssjefer",TRONDHEIM,http://data.europa.eu/esco/skill/21d2f96d-35f7-4e3f-9745-c533d2dd6e97,dataprogrammering,digital_consensus,0.5561807155609131,0.9656215906143188,0.010419487953186035
9934e872-b5db-4eac-9d6c-41f533db034d,Digital infrastruktur,Vil du selge kritisk digital infrastruktur i et marked i sterk vekst?,"Salgssjef, Salgssjef, Salgs- og markedssjefer",TRONDHEIM,http://data.europa.eu/esco/skill/e5609f89-0daf-40bb-bd6b-94f5d7498131,IKT-marked,digital_consensus,0.5383697748184204,0.9958081245422363,0.3866400718688965
9934e872-b5db-4eac-9d6c-41f533db034d,IT,Vil du selge kritisk digital infrastruktur i et marked i sterk vekst?,"Salgssjef, Salgssjef, Salgs- og markedssjefer",TRONDHEIM,http://data.europa.eu/esco/skill/ddc3119d-1d6e-4324-9125-a3380d299ac5,IT,exact,,1.0,
3047656c-875a-47d0-bac6-88442ebf6de1,Digital kommunikasjon,Seniorrådgiver - digitale kanaler,"Personal- og karriererådgivere, Seniorrådgiver (HR), Personal- og karriererådgivere",TRONDHEIM,http://data.europa.eu/esco/skill/234aeb8d-56c3-4531-9193-1c5e6a8d16cb,bruke presentasjonsprogramvare,digital_consensus,0.5378857851028442,0.9831987023353577,0.009777486324310303
3047656c-875a-47d0-bac6-88442ebf6de1,UX,Seniorrådgiver - digitale kanaler,"Personal- og karriererådgivere, Seniorrådgiver (HR), Personal- og karriererådgivere",TRONDHEIM,http://data.europa.eu/esco/skill/07dd856d-6141-48a7-a228-918f88494812,UX,exact,,1.0,
8cfeb76f-578f-4ed4-96ea-3d194bb8b3b3,GDPR,Group Compliance Specialist,"Senior Compliance Specialist, Senior Compliance Specialist, Andre administrative ledere",SANDVIKA,http://data.europa.eu/esco/skill/d3e9b00a-0891-4fa8-836d-8240ec3d2758,GDPR,exact,,1.0,
0f884e25-5058-4b2d-acf3-abd80612d4df,Tekniske tegninger,Ventilasjonsmontører søkes,"Ventilasjonsmontør, Ventilasjonsmontør, Kuldemontører mv.",STRAUME,http://data.europa.eu/esco/skill/59ea80e1-463a-4dba-82c6-d0b6d577d532,tekniske tegninger,exact,,1.0,
909e8012-b91c-4b7e-99c2-211261351519,Embedded,Vil du utvikle teknologi som bidrar til trygghet når det virkelig gjelder?,"Junior systemutvikler, Junior systemutvikler, Systemanalytikere/-arkitekter",BØNES,http://data.europa.eu/esco/skill/21d2f96d-35f7-4e3f-9745-c533d2dd6e97,dataprogrammering,digital_consensus,0.6339219808578491,0.9740793704986572,0.0052509307861328125
909e8012-b91c-4b7e-99c2-211261351519,Programmerer,Vil du utvikle teknologi som bidrar til trygghet når det virkelig gjelder?,"Junior systemutvikler, Junior systemutvikler, Systemanalytikere/-arkitekter",BØNES,http://data.europa.eu/esco/skill/21d2f96d-35f7-4e3f-9745-c533d2dd6e97,dataprogrammering,digital_consensus,0.6060227751731873,0.9829521775245667,0.035317838191986084
909e8012-b91c-4b7e-99c2-211261351519,Systemutvikler,Vil du utvikle teknologi som bidrar til trygghet når det virkelig gjelder?,"Junior systemutvikler, Junior systemutvikler, Systemanalytikere/-arkitekter",BØNES,http://data.europa.eu/esco/skill/21d2f96d-35f7-4e3f-9745-c533d2dd6e97,dataprogrammering,digital_consensus,0.6546458005905151,0.9988632202148438,0.002029597759246826
7a81712f-c5b4-422c-9328-9e0c7db1cecc,.NET,Seniorutviklere,"Programvareutviklere, Arkitekt/utvikler, programvarearkitekt",TRONDHEIM,http://data.europa.eu/esco/skill/13bdd41a-2a18-441f-96db-41252c519413,.NET,exact,,1.0,
7a81712f-c5b4-422c-9328-9e0c7db1cecc,C#,Seniorutviklere,"Programvareutviklere, Arkitekt/utvikler, programvarearkitekt",TRONDHEIM,http://data.europa.eu/esco/skill/4c016b68-4116-468c-9dc6-42710c239e4a,C#,exact,,1.0,
7a81712f-c5b4-422c-9328-9e0c7db1cecc,IT,Seniorutviklere,"Programvareutviklere, Arkitekt/utvikler, programvarearkitekt",TRONDHEIM,http://data.europa.eu/esco/skill/ddc3119d-1d6e-4324-9125-a3380d299ac5,IT,exact,,1.0,
7a81712f-c5b4-422c-9328-9e0c7db1cecc,JavaScript,Seniorutviklere,"Programvareutviklere, Arkitekt/utvikler, programvarearkitekt",TRONDHEIM,http://data.europa.eu/esco/skill/3cd569a2-4f88-4c1e-9995-8dce8c5e51a7,JavaScript,exact,,1.0,
7a81712f-c5b4-422c-9328-9e0c7db1cecc,Programmerer,Seniorutviklere,"Programvareutviklere, Arkitekt/utvikler, programvarearkitekt",TRONDHEIM,http://data.europa.eu/esco/skill/21d2f96d-35f7-4e3f-9745-c533d2dd6e97,dataprogrammering,digital_consensus,0.6060227751731873,0.9829521775245667,0.035317838191986084
7a81712f-c5b4-422c-9328-9e0c7db1cecc,Systemutvikling,Seniorutviklere,"Programvareutviklere, Arkitekt/utvikler, programvarearkitekt",TRONDHEIM,http://data.europa.eu/esco/skill/21d2f96d-35f7-4e3f-9745-c533d2dd6e97,dataprogrammering,digital_consensus,0.6049041152000427,0.9194501638412476,0.19810181856155396
7a81712f-c5b4-422c-9328-9e0c7db1cecc,TypeScript,Seniorutviklere,"Programvareutviklere, Arkitekt/utvikler, programvarearkitekt",TRONDHEIM,http://data.europa.eu/esco/skill/867137fb-ff1b-4ca3-99f3-cb6969aa2c68,TypeScript,exact,,1.0,
004c9993-df5e-43c2-a5e5-52f671391c5b,Chef,"Chef, Grotto","Kokker, Kokk, kokk",OSLO,http://data.europa.eu/esco/skill/49f85a99-086c-45b6-a6fa-eb90305af7b1,Chef (verktøy for programvarekonfigurasjonsstyring),digital_consensus,0.5692918300628662,0.9998630285263062,0.00815129280090332
ba17c446-4065-465e-8166-d4e43ecb2352,Scrum,Vil du lede utviklingen av Norges viktigste fagverktøy for elektrobransjen?,"Produktleder industri, Produktleder industri, Forsknings- og utviklingsledere",OSLO,http://data.europa.eu/esco/skill/bec4359e-cb92-468f-a997-8fb28e32fba9,Scrum,exact,,1.0,
1971a607-5960-452d-b915-00240ddb1df7,Byggautomasjon,Prosjektleder Automasjon Caverion Trondheim,"Prosjektleder automasjon, Prosjektleder automasjon, Sivilingeniører (maskin- og marinteknikk)",TRONDHEIM,http://data.europa.eu/esco/skill/6709e92c-7546-46a4-aa57-5e951bd4cb0f,byggautomasjon,exact,,1.0,
f7854fb3-61bc-4096-ae7a-dc48d15c9679,Dataanalyse,Senior Analyst - Strategic Market Analysis Europe,"Reklame- og markedsføringsrådgivere, Markedsanalytiker, markedsanalytiker",OSLO,http://data.europa.eu/esco/skill/97bd1c21-66b2-4b7e-ad0f-e3cda590e378,dataanalyse,exact,,1.0,
f7854fb3-61bc-4096-ae7a-dc48d15c9679,Python,Senior Analyst - Strategic Market Analysis Europe,"Reklame- og markedsføringsrådgivere, Markedsanalytiker, markedsanalytiker",OSLO,http://data.europa.eu/esco/skill/ccd0a1d9-afda-43d9-b901-96344886e14d,Python,exact,,1.0,
bfe9370e-85eb-40b0-842c-deb6a37bc832,ERP,Vil du bli med og styrke vårt voksende innkjøpsteam?,"Innkjøper, Innkjøper, Innkjøpere",KONGSBERG,http://data.europa.eu/esco/skill/09f4c52b-ac72-4f0e-a8ae-78bb1d7bffba,transportprogramvare relatert til et ERP-system,digital_consensus,0.5528852343559265,0.9972111582756042,0.9701170120388269
d551dd38-17b1-4e8c-9b3b-87839b2c14a9,Digital kommunikasjon,Senior kommunikasjonsrådgiver,"Kommunikasjonsrådgiver, Kommunikasjonsrådgiver, Informasjonsrådgivere",OSLO,http://data.europa.eu/esco/skill/234aeb8d-56c3-4531-9193-1c5e6a8d16cb,bruke presentasjonsprogramvare,digital_consensus,0.5378857851028442,0.9831987023353577,0.009777486324310303
7cb072b7-8f02-4840-a636-5ff61d38a0b3,Elektronikk,"Stabil jobb, godt miljø og spennende maskiner - bli en del av Liebherr-Norge på Ranheim!","Anleggsmekaniker, Anleggsmekaniker, Anleggsmaskin- og industrimekanikere",RANHEIM,http://data.europa.eu/esco/skill/95c35c3a-035f-47c2-90cf-7e934d20fc08,elektronikk,exact,,1.0,
bb34049a-22e1-4085-91d2-86552dafc450,E-læring,Kurs- og kompetanseansvarlig,"Personalsjefer, Kursansvarlig, Personalsjefer",OSLO,http://data.europa.eu/esco/skill/5f5e9350-1d13-4391-b9e1-07f6b2047fc5,e-læring,exact,,1.0,
bb34049a-22e1-4085-91d2-86552dafc450,LMS,Kurs- og kompetanseansvarlig,"Personalsjefer, Kursansvarlig, Personalsjefer",OSLO,http://data.europa.eu/esco/skill/6c80d53c-d8c9-41fe-998f-091fca208834,LMS,exact,,1.0,
ecbfb030-477b-4a4f-8653-18f524e114b9,.net,"Ønsker du å bli en del av et av Norges største teknologimiljøer, hvor faglig vekst er i fokus?","Full-stack-utvikler, Full-stack-utvikler, Programvareutviklere",OSLO,http://data.europa.eu/esco/skill/13bdd41a-2a18-441f-96db-41252c519413,.NET,exact,,1.0,
ecbfb030-477b-4a4f-8653-18f524e114b9,IT,"Ønsker du å bli en del av et av Norges største teknologimiljøer, hvor faglig vekst er i fokus?","Full-stack-utvikler, Full-stack-utvikler, Programvareutviklere",OSLO,http://data.europa.eu/esco/skill/ddc3119d-1d6e-4324-9125-a3380d299ac5,IT,exact,,1.0,
ecbfb030-477b-4a4f-8653-18f524e114b9,Programmerer,"Ønsker du å bli en del av et av Norges største teknologimiljøer, hvor faglig vekst er i fokus?","Full-stack-utvikler, Full-stack-utvikler, Programvareutviklere",OSLO,http://data.europa.eu/esco/skill/21d2f96d-35f7-4e3f-9745-c533d2dd6e97,dataprogrammering,digital_consensus,0.6060227751731873,0.9829521775245667,0.035317838191986084
ecbfb030-477b-4a4f-8653-18f524e114b9,Typescript,"Ønsker du å bli en del av et av Norges største teknologimiljøer, hvor faglig vekst er i fokus?","Full-stack-utvikler, Full-stack-utvikler, Programvareutviklere",OSLO,http://data.europa.eu/esco/skill/867137fb-ff1b-4ca3-99f3-cb6969aa2c68,TypeScript,exact,,1.0,
694cbb66-74b1-45a5-807e-0d709a343f2f,Industrimekanikk,Servicetekniker til bærekraftig industri,"Servicetekniker, Andre ingeniører, Anleggsmaskin- og industrimekanikere, Verkstedarbeider (industrimekanikk), industrimekaniker, Mekaniker (industri)",KRISTIANSAND S,http://data.europa.eu/esco/skill/bac209e9-d337-4312-9041-17c2e75fa4df,maskinvareindustrien,digital_consensus,0.5886555314064026,0.9892078042030334,0.060278475284576416
98f73d58-4d2d-4e32-a9f7-342c4029a65b,controller,Business Controller,"Business Controller, Business Controller, Finans- og investeringsrådgivere",OSLO,http://data.europa.eu/esco/skill/bf942c60-8539-4951-83ee-63f770da1cb8,programmere en CNC-kontroller,digital_consensus,0.6273438930511475,0.9980813264846802,0.0004451274871826172
4d60bd15-dfcf-4ec5-b3a6-7b5b36411031,Digitalisering,Fagkonsulent økonomistyring - Norconsult Digital,"Business Controller, Finans- og investeringsrådgivere, Revisorer, regnskapsrådgivere, Økonomiansvarlig, controller",SANDVIKA,http://data.europa.eu/esco/skill/aa0d8201-5a8e-417f-81f4-c04601139582,digitalisering,exact,,1.0,
4d60bd15-dfcf-4ec5-b3a6-7b5b36411031,ERP,Fagkonsulent økonomistyring - Norconsult Digital,"Business Controller, Finans- og investeringsrådgivere, Revisorer, regnskapsrådgivere, Økonomiansvarlig, controller",SANDVIKA,http://data.europa.eu/esco/skill/09f4c52b-ac72-4f0e-a8ae-78bb1d7bffba,transportprogramvare relatert til et ERP-system,digital_consensus,0.5528852343559265,0.9972111582756042,0.9701170120388269
268a6b26-5a9f-49e4-8210-2b678ca5bd56,AI,"Senior utvikler / Data Scientist -- Analyseplattform, data og AI","Forsker datavitenskap, Forsker datavitenskap, Systemanalytikere/-arkitekter",OSLO,http://data.europa.eu/esco/skill/e465a154-93f7-4973-9ce1-31659fe16dd2,prinsipper for kunstig intelligens,digital_consensus,0.5584366917610168,0.99960857629776,0.001320481300354004
268a6b26-5a9f-49e4-8210-2b678ca5bd56,Analyseplattform,"Senior utvikler / Data Scientist -- Analyseplattform, data og AI","Forsker datavitenskap, Forsker datavitenskap, Systemanalytikere/-arkitekter",OSLO,http://data.europa.eu/esco/skill/21d2f96d-35f7-4e3f-9745-c533d2dd6e97,dataprogrammering,digital_consensus,0.6034082174301147,0.8237837553024292,0.04812115430831909
268a6b26-5a9f-49e4-8210-2b678ca5bd56,Dataplattform,"Senior utvikler / Data Scientist -- Analyseplattform, data og AI","Forsker datavitenskap, Forsker datavitenskap, Systemanalytikere/-arkitekter",OSLO,http://data.europa.eu/esco/skill/3ec2e4d6-7000-4905-bf1a-c5b1679416de,datavarehus,digital_consensus,0.5975717306137085,0.9994984865188599,0.0007398128509521484
268a6b26-5a9f-49e4-8210-2b678ca5bd56,Informatikk,"Senior utvikler / Data Scientist -- Analyseplattform, data og AI","Forsker datavitenskap, Forsker datavitenskap, Systemanalytikere/-arkitekter",OSLO,http://data.europa.eu/esco/skill/7b5cce4d-c7fe-4119-b48f-70aa05391787,informatikk,exact,,1.0,
268a6b26-5a9f-49e4-8210-2b678ca5bd56,Maskinlæring,"Senior utvikler / Data Scientist -- Analyseplattform, data og AI","Forsker datavitenskap, Forsker datavitenskap, Systemanalytikere/-arkitekter",OSLO,http://data.europa.eu/esco/skill/3a2d5b45-56e4-4f5a-a55a-4a4a65afdc43,maskinlæring,exact,,1.0,
268a6b26-5a9f-49e4-8210-2b678ca5bd56,Python,"Senior utvikler / Data Scientist -- Analyseplattform, data og AI","Forsker datavitenskap, Forsker datavitenskap, Systemanalytikere/-arkitekter",OSLO,http://data.europa.eu/esco/skill/ccd0a1d9-afda-43d9-b901-96344886e14d,Python,exact,,1.0,
268a6b26-5a9f-49e4-8210-2b678ca5bd56,Sky,"Senior utvikler / Data Scientist -- Analyseplattform, data og AI","Forsker datavitenskap, Forsker datavitenskap, Systemanalytikere/-arkitekter",OSLO,http://data.europa.eu/esco/skill/11430d93-c835-48ed-8e70-285fa69c9ae6,designe skyarkitektur,digital_consensus,0.6258109211921692,0.9894150495529175,0.019019901752471924
be1a2e93-ff10-479b-8b87-75f820435718,.Net,Vi søker erfaren .Net fullstackutvikler,".Net Utvikler, .Net Utvikler, Applikasjonsprogrammerere",DRAMMEN,http://data.europa.eu/esco/skill/13bdd41a-2a18-441f-96db-41252c519413,.NET,exact,,1.0,
be1a2e93-ff10-479b-8b87-75f820435718,C#,Vi søker erfaren .Net fullstackutvikler,".Net Utvikler, .Net Utvikler, Applikasjonsprogrammerere",DRAMMEN,http://data.europa.eu/esco/skill/4c016b68-4116-468c-9dc6-42710c239e4a,C#,exact,,1.0,
be1a2e93-ff10-479b-8b87-75f820435718,DevOps,Vi søker erfaren .Net fullstackutvikler,".Net Utvikler, .Net Utvikler, Applikasjonsprogrammerere",DRAMMEN,http://data.europa.eu/esco/skill/f0de4973-0a70-4644-8fd4-3a97080476f4,DevOps,exact,,1.0,
be1a2e93-ff10-479b-8b87-75f820435718,Systemutvikler,Vi søker erfaren .Net fullstackutvikler,".Net Utvikler, .Net Utvikler, Applikasjonsprogrammerere",DRAMMEN,http://data.europa.eu/esco/skill/21d2f96d-35f7-4e3f-9745-c533d2dd6e97,dataprogrammering,digital_consensus,0.6546458005905151,0.9988632202148438,0.002029597759246826
521cce44-3da3-42e6-8c6c-f0f492490c40,Digitalisering,Rådgiver administrasjon - utviklingsrådgiver,"Organisasjonsrådgivere mv., Organisasjonsrådgiver, Organisasjonsrådgivere mv.",OSLO,http://data.europa.eu/esco/skill/aa0d8201-5a8e-417f-81f4-c04601139582,digitalisering,exact,,1.0,
9b863c92-6fd0-41a9-b117-6f094b2a6db8,Java,"Ønsker du å bli en del av et av Norges største teknologimiljøer, hvor faglig vekst er i fokus?","Full-stack-utvikler, Programvareutviklere, Programvareutviklere, Backend-utvikler, webutvikler",OSLO,http://data.europa.eu/esco/skill/19a8293b-8e95-4de3-983f-77484079c389,Java,exact,,1.0,
9b863c92-6fd0-41a9-b117-6f094b2a6db8,Programmering,"Ønsker du å bli en del av et av Norges største teknologimiljøer, hvor faglig vekst er i fokus?","Full-stack-utvikler, Programvareutviklere, Programvareutviklere, Backend-utvikler, webutvikler",OSLO,http://data.europa.eu/esco/skill/21d2f96d-35f7-4e3f-9745-c533d2dd6e97,dataprogrammering,digital_consensus,0.714440643787384,0.9188328981399536,0.2761046886444092
9b863c92-6fd0-41a9-b117-6f094b2a6db8,TypeScript,"Ønsker du å bli en del av et av Norges største teknologimiljøer, hvor faglig vekst er i fokus?","Full-stack-utvikler, Programvareutviklere, Programvareutviklere, Backend-utvikler, webutvikler",OSLO,http://data.europa.eu/esco/skill/867137fb-ff1b-4ca3-99f3-cb6969aa2c68,TypeScript,exact,,1.0,
39104211-99e2-4140-ae21-260799e3e865,.NET,Cappelen Damm søker .NET-utvikler med bred erfaring innen utvikling og løsningsarkitektur,".Net Utvikler, .Net Utvikler, Applikasjonsprogrammerere",OSLO,http://data.europa.eu/esco/skill/13bdd41a-2a18-441f-96db-41252c519413,.NET,exact,,1.0,
39104211-99e2-4140-ae21-260799e3e865,C#,Cappelen Damm søker .NET-utvikler med bred erfaring innen utvikling og løsningsarkitektur,".Net Utvikler, .Net Utvikler, Applikasjonsprogrammerere",OSLO,http://data.europa.eu/esco/skill/4c016b68-4116-468c-9dc6-42710c239e4a,C#,exact,,1.0,
39104211-99e2-4140-ae21-260799e3e865,IT,Cappelen Damm søker .NET-utvikler med bred erfaring innen utvikling og løsningsarkitektur,".Net Utvikler, .Net Utvikler, Applikasjonsprogrammerere",OSLO,http://data.europa.eu/esco/skill/ddc3119d-1d6e-4324-9125-a3380d299ac5,IT,exact,,1.0,
39104211-99e2-4140-ae21-260799e3e865,Programmerer,Cappelen Damm søker .NET-utvikler med bred erfaring innen utvikling og løsningsarkitektur,".Net Utvikler, .Net Utvikler, Applikasjonsprogrammerere",OSLO,http://data.europa.eu/esco/skill/21d2f96d-35f7-4e3f-9745-c533d2dd6e97,dataprogrammering,digital_consensus,0.6060227751731873,0.9829521775245667,0.035317838191986084
39104211-99e2-4140-ae21-260799e3e865,Webutvikling,Cappelen Damm søker .NET-utvikler med bred erfaring innen utvikling og løsningsarkitektur,".Net Utvikler, .Net Utvikler, Applikasjonsprogrammerere",OSLO,http://data.europa.eu/esco/skill/21d2f96d-35f7-4e3f-9745-c533d2dd6e97,dataprogrammering,digital_consensus,0.6107942461967468,0.8154075741767883,0.15142208337783813
90a67c61-8c6c-49ba-9b45-01177705db05,Arkitektur,"Vil du kickstarte karrieren din midt i Bergen sentrum -- i et sterkt, tverrfaglig miljø?","Architekt arkitektur, Architekt arkitektur, Sivilarkitekter",BERGEN,http://data.europa.eu/esco/skill/c453cf81-6197-428e-84c6-70c773b63f27,Arkitektoniske IKT-rammeverk,digital_consensus,0.5593475699424744,0.9923986792564392,0.11609482765197754
6f2ffe1f-634f-4470-b181-1b5421627779,.NET,Senior .NET-utvikler -- Integrasjoner og kjerneprosesser (Team Eksamen og semesterplan),".Net Utvikler, .Net Utvikler, Applikasjonsprogrammerere",OSLO,http://data.europa.eu/esco/skill/13bdd41a-2a18-441f-96db-41252c519413,.NET,exact,,1.0,
6f2ffe1f-634f-4470-b181-1b5421627779,C#,Senior .NET-utvikler -- Integrasjoner og kjerneprosesser (Team Eksamen og semesterplan),".Net Utvikler, .Net Utvikler, Applikasjonsprogrammerere",OSLO,http://data.europa.eu/esco/skill/4c016b68-4116-468c-9dc6-42710c239e4a,C#,exact,,1.0,
6f2ffe1f-634f-4470-b181-1b5421627779,IT,Senior .NET-utvikler -- Integrasjoner og kjerneprosesser (Team Eksamen og semesterplan),".Net Utvikler, .Net Utvikler, Applikasjonsprogrammerere",OSLO,http://data.europa.eu/esco/skill/ddc3119d-1d6e-4324-9125-a3380d299ac5,IT,exact,,1.0,
6f2ffe1f-634f-4470-b181-1b5421627779,Programmering,Senior .NET-utvikler -- Integrasjoner og kjerneprosesser (Team Eksamen og semesterplan),".Net Utvikler, .Net Utvikler, Applikasjonsprogrammerere",OSLO,http://data.europa.eu/esco/skill/21d2f96d-35f7-4e3f-9745-c533d2dd6e97,dataprogrammering,digital_consensus,0.714440643787384,0.9188328981399536,0.2761046886444092
6f2ffe1f-634f-4470-b181-1b5421627779,SaaS,Senior .NET-utvikler -- Integrasjoner og kjerneprosesser (Team Eksamen og semesterplan),".Net Utvikler, .Net Utvikler, Applikasjonsprogrammerere",OSLO,http://data.europa.eu/esco/skill/83218cac-3599-417e-93d2-26013cdccd98,SaaS,exact,,1.0,
6f2ffe1f-634f-4470-b181-1b5421627779,Systemutvikling,Senior .NET-utvikler -- Integrasjoner og kjerneprosesser (Team Eksamen og semesterplan),".Net Utvikler, .Net Utvikler, Applikasjonsprogrammerere",OSLO,http://data.europa.eu/esco/skill/21d2f96d-35f7-4e3f-9745-c533d2dd6e97,dataprogrammering,digital_consensus,0.6049041152000427,0.9194501638412476,0.19810181856155396
e4a24fd7-1970-4ba8-9c4d-0d4dabc92316,AI,"Principal Architect, SaaS Platform \& AI","Principal Software Architect, Principal Software Architect, Systemanalytikere/-arkitekter",KRÅKERØY,http://data.europa.eu/esco/skill/e465a154-93f7-4973-9ce1-31659fe16dd2,prinsipper for kunstig intelligens,digital_consensus,0.5584366917610168,0.99960857629776,0.001320481300354004
e4a24fd7-1970-4ba8-9c4d-0d4dabc92316,C#,"Principal Architect, SaaS Platform \& AI","Principal Software Architect, Principal Software Architect, Systemanalytikere/-arkitekter",KRÅKERØY,http://data.europa.eu/esco/skill/4c016b68-4116-468c-9dc6-42710c239e4a,C#,exact,,1.0,
e4a24fd7-1970-4ba8-9c4d-0d4dabc92316,Dataplattform,"Principal Architect, SaaS Platform \& AI","Principal Software Architect, Principal Software Architect, Systemanalytikere/-arkitekter",KRÅKERØY,http://data.europa.eu/esco/skill/3ec2e4d6-7000-4905-bf1a-c5b1679416de,datavarehus,digital_consensus,0.5975717306137085,0.9994984865188599,0.0007398128509521484
e4a24fd7-1970-4ba8-9c4d-0d4dabc92316,SaaS,"Principal Architect, SaaS Platform \& AI","Principal Software Architect, Principal Software Architect, Systemanalytikere/-arkitekter",KRÅKERØY,http://data.europa.eu/esco/skill/83218cac-3599-417e-93d2-26013cdccd98,SaaS,exact,,1.0,
e4a24fd7-1970-4ba8-9c4d-0d4dabc92316,Skyplattform,"Principal Architect, SaaS Platform \& AI","Principal Software Architect, Principal Software Architect, Systemanalytikere/-arkitekter",KRÅKERØY,http://data.europa.eu/esco/skill/11430d93-c835-48ed-8e70-285fa69c9ae6,designe skyarkitektur,digital_consensus,0.5947005748748779,0.9967308044433594,0.002797067165374756
2083bf55-ee9e-4955-b37d-219a3ccb6f5e,Agile,Produktsjef / Product Manager,"Salgs- og markedssjefer, Produktsjef, produktsjef",ROLVSØY,http://data.europa.eu/esco/skill/bec4359e-cb92-468f-a997-8fb28e32fba9,Agile,exact,,1.0,
2083bf55-ee9e-4955-b37d-219a3ccb6f5e,Digitale produkter,Produktsjef / Product Manager,"Salgs- og markedssjefer, Produktsjef, produktsjef",ROLVSØY,http://data.europa.eu/esco/skill/e5609f89-0daf-40bb-bd6b-94f5d7498131,IKT-marked,digital_consensus,0.6573403477668762,0.97425776720047,0.10177195072174072
2083bf55-ee9e-4955-b37d-219a3ccb6f5e,SaaS,Produktsjef / Product Manager,"Salgs- og markedssjefer, Produktsjef, produktsjef",ROLVSØY,http://data.europa.eu/esco/skill/83218cac-3599-417e-93d2-26013cdccd98,SaaS,exact,,1.0,
2083bf55-ee9e-4955-b37d-219a3ccb6f5e,Scrum,Produktsjef / Product Manager,"Salgs- og markedssjefer, Produktsjef, produktsjef",ROLVSØY,http://data.europa.eu/esco/skill/bec4359e-cb92-468f-a997-8fb28e32fba9,Scrum,exact,,1.0,
0460ab40-2367-4c12-adbc-a72d0c31fa6e,ITIL,Vil du styrke Forsvarets digitale leveranser og operative effekt?,"Andre sivilingeniører (unntatt elektroteknologi);, Seniorrådgiver andre sivilingeniører, Andre sivilingeniører (unntatt elektroteknologi)",LILLEHAMMER,http://data.europa.eu/esco/skill/d12e9d68-84c5-444e-aa98-d36533bf03f6,anvende operasjoner for et ITIL-basert miljø,digital_consensus,0.5806655883789062,0.9997642636299133,0.6852640509605408
127da708-db28-4138-ac2c-cc2923546b84,Programmerer,Kron by Storebrand is Norway’s most-loved savings app. Ready to help take it to the next level as a senior developer?,"Backend-utvikler, Backend-utvikler, Programvareutviklere, Programvareutviklere, Senior Backendutvikler",LYSAKER,http://data.europa.eu/esco/skill/21d2f96d-35f7-4e3f-9745-c533d2dd6e97,dataprogrammering,digital_consensus,0.6060227751731873,0.9829521775245667,0.035317838191986084
127da708-db28-4138-ac2c-cc2923546b84,Python,Kron by Storebrand is Norway’s most-loved savings app. Ready to help take it to the next level as a senior developer?,"Backend-utvikler, Backend-utvikler, Programvareutviklere, Programvareutviklere, Senior Backendutvikler",LYSAKER,http://data.europa.eu/esco/skill/ccd0a1d9-afda-43d9-b901-96344886e14d,Python,exact,,1.0,
09ab7ecc-4d48-4096-902a-9600f0817230,Java,Vi søker erfaren Java fullstackutvikler,"Fullstack JAVA utvikler, Fullstack JAVA utvikler, Andre programvare- og applikasjonsutviklere",DRAMMEN,http://data.europa.eu/esco/skill/19a8293b-8e95-4de3-983f-77484079c389,Java,exact,,1.0,
09ab7ecc-4d48-4096-902a-9600f0817230,Programmering,Vi søker erfaren Java fullstackutvikler,"Fullstack JAVA utvikler, Fullstack JAVA utvikler, Andre programvare- og applikasjonsutviklere",DRAMMEN,http://data.europa.eu/esco/skill/21d2f96d-35f7-4e3f-9745-c533d2dd6e97,dataprogrammering,digital_consensus,0.714440643787384,0.9188328981399536,0.2761046886444092
09ab7ecc-4d48-4096-902a-9600f0817230,Systemutvikler,Vi søker erfaren Java fullstackutvikler,"Fullstack JAVA utvikler, Fullstack JAVA utvikler, Andre programvare- og applikasjonsutviklere",DRAMMEN,http://data.europa.eu/esco/skill/21d2f96d-35f7-4e3f-9745-c533d2dd6e97,dataprogrammering,digital_consensus,0.6546458005905151,0.9988632202148438,0.002029597759246826
2d66e7bd-707f-4b2c-a37e-2f8d5bbded7c,IT-sikkerhet,Globetech trenger flere skarpe hoder innenfor IKT Drift og Skytjenester!,"Teknisk rådgiver, Andre ingeniører, Systemanalytikere/-arkitekter, IT-konsulent, IKT-konsulent",KRISTIANSAND S,http://data.europa.eu/esco/skill/8088750d-8388-4170-a76f-48354c469c44,IT-sikkerhet,exact,,1.0,
2d66e7bd-707f-4b2c-a37e-2f8d5bbded7c,Servicedesk,Globetech trenger flere skarpe hoder innenfor IKT Drift og Skytjenester!,"Teknisk rådgiver, Andre ingeniører, Systemanalytikere/-arkitekter, IT-konsulent, IKT-konsulent",KRISTIANSAND S,http://data.europa.eu/esco/skill/83218cac-3599-417e-93d2-26013cdccd98,tjenesteorientert modellering,digital_consensus,0.5875956416130066,0.9992679953575134,0.0004526972770690918
ba867355-a99f-417a-a20a-618aa2db9e9e,E-handel,"We're looking for an energetic, driven person to join our marketing team and help continue building the Dæhlie brand.","Trade Marketing konsulent, Trade Marketing konsulent, Reklame- og markedsføringsrådgivere",OSLO,http://data.europa.eu/esco/skill/b1272de4-1f5f-408b-8b26-061f2550fc72,e-handelssystemer,digital_consensus,0.6153236627578735,0.9999244213104248,0.002346336841583252
aae99f5c-2dd8-417d-a5a5-16d1c38cea37,AI-utvikler,Handelshøyskolen BI søker AI-utviklere!,"AI-utvikler, AI-utvikler, Systemanalytikere/-arkitekter",OSLO,http://data.europa.eu/esco/skill/e465a154-93f7-4973-9ce1-31659fe16dd2,prinsipper for kunstig intelligens,digital_consensus,0.597407341003418,0.9969987869262695,0.019451379776000977
aae99f5c-2dd8-417d-a5a5-16d1c38cea37,C#,Handelshøyskolen BI søker AI-utviklere!,"AI-utvikler, AI-utvikler, Systemanalytikere/-arkitekter",OSLO,http://data.europa.eu/esco/skill/4c016b68-4116-468c-9dc6-42710c239e4a,C#,exact,,1.0,
aae99f5c-2dd8-417d-a5a5-16d1c38cea37,IT,Handelshøyskolen BI søker AI-utviklere!,"AI-utvikler, AI-utvikler, Systemanalytikere/-arkitekter",OSLO,http://data.europa.eu/esco/skill/ddc3119d-1d6e-4324-9125-a3380d299ac5,IT,exact,,1.0,
aae99f5c-2dd8-417d-a5a5-16d1c38cea37,Programmerer,Handelshøyskolen BI søker AI-utviklere!,"AI-utvikler, AI-utvikler, Systemanalytikere/-arkitekter",OSLO,http://data.europa.eu/esco/skill/21d2f96d-35f7-4e3f-9745-c533d2dd6e97,dataprogrammering,digital_consensus,0.6060227751731873,0.9829521775245667,0.035317838191986084
ce692217-d67b-41f3-a29a-2d562411c309,Anleggsmekaniker,Reisende servicetekniker for borerigger - flere lokasjoner,"Servicetekniker, Servicetekniker, Andre ingeniører",VESTBY,http://data.europa.eu/esco/skill/2973b3bc-5893-4b3d-8953-22ef677a162f,kutteteknologier,digital_consensus,0.6480547785758972,0.976040780544281,0.002944350242614746
a8acfba4-1544-4ef7-ab7d-1f4b0445f824,ERP,Erfaring med teknologi og et ønske om å jobbe med strategi og transformasjon i energibransjen? Bli med og sett retning,"Rådgivere/forskere, samfunnsøkonomi, Økonom, Systemanalytikere/-arkitekter, Strategy Consultant IT, Reklame- og markedsføringsrådgivere, Forretningsutvikler, forretningsutvikler",STAVANGER,http://data.europa.eu/esco/skill/09f4c52b-ac72-4f0e-a8ae-78bb1d7bffba,transportprogramvare relatert til et ERP-system,digital_consensus,0.5528852343559265,0.9972111582756042,0.9701170120388269
524b19b5-4731-45ca-bbbd-72d5c17c14e7,ERP,Vil du sette retningen for innkjøp i Skjæveland Gruppen?,"Innkjøper, Innkjøper, Innkjøpere",SANDNES,http://data.europa.eu/esco/skill/09f4c52b-ac72-4f0e-a8ae-78bb1d7bffba,transportprogramvare relatert til et ERP-system,digital_consensus,0.5528852343559265,0.9972111582756042,0.9701170120388269
8468cc0d-697f-4180-816b-5224e963cbc6,Dataplattform,Data Lead/ Tech Lead Data -- Bli med å bygge fundamentet for Coops personaliseringsplattform,"Systemanalytikere/-arkitekter, Lead Data Scientist, Andre ingeniører, Technical Team Leader, Andre ingeniører",OSLO,http://data.europa.eu/esco/skill/3ec2e4d6-7000-4905-bf1a-c5b1679416de,datavarehus,digital_consensus,0.5975717306137085,0.9994984865188599,0.0007398128509521484
8468cc0d-697f-4180-816b-5224e963cbc6,Dataprodukter,Data Lead/ Tech Lead Data -- Bli med å bygge fundamentet for Coops personaliseringsplattform,"Systemanalytikere/-arkitekter, Lead Data Scientist, Andre ingeniører, Technical Team Leader, Andre ingeniører",OSLO,http://data.europa.eu/esco/skill/21d2f96d-35f7-4e3f-9745-c533d2dd6e97,dataprogrammering,digital_consensus,0.5338786840438843,0.9880436062812805,0.009160399436950684
8468cc0d-697f-4180-816b-5224e963cbc6,Python,Data Lead/ Tech Lead Data -- Bli med å bygge fundamentet for Coops personaliseringsplattform,"Systemanalytikere/-arkitekter, Lead Data Scientist, Andre ingeniører, Technical Team Leader, Andre ingeniører",OSLO,http://data.europa.eu/esco/skill/ccd0a1d9-afda-43d9-b901-96344886e14d,Python,exact,,1.0,
1362e9ca-39a5-4fb0-803e-c805a4aadc8c,Informasjonssikkerhet,Vil du styrke informasjonsflyt og samhandling i Forsvarets luftoperasjoner?,"BIM-informasjonssjef, BIM-informasjonssjef, Bibliotekarer og andre informasjonsarbeidere, PR- og informasjonssjefer, Informasjonsleder",BODØ,http://data.europa.eu/esco/skill/8088750d-8388-4170-a76f-48354c469c44,informasjonssikkerhet,exact,,1.0,
e8ac38a7-9518-4162-b73e-3adf0c06e675,Informatikk,Bli med å sikre løsninger verden trenger Softwareutviklere,"Programvareutvikler, Programvareutviklere, Programvareutviklere, Softwareutvikler, Samferdselssystemer, Programvareutviklere",KONGSBERG,http://data.europa.eu/esco/skill/7b5cce4d-c7fe-4119-b48f-70aa05391787,informatikk,exact,,1.0,
e8ac38a7-9518-4162-b73e-3adf0c06e675,Kybernetikk,Bli med å sikre løsninger verden trenger Softwareutviklere,"Programvareutvikler, Programvareutviklere, Programvareutviklere, Softwareutvikler, Samferdselssystemer, Programvareutviklere",KONGSBERG,http://data.europa.eu/esco/skill/fc5818b4-66f9-498b-a1bc-ff651db2af68,kybernetikk,exact,,1.0,
e8ac38a7-9518-4162-b73e-3adf0c06e675,Programmerer,Bli med å sikre løsninger verden trenger Softwareutviklere,"Programvareutvikler, Programvareutviklere, Programvareutviklere, Softwareutvikler, Samferdselssystemer, Programvareutviklere",KONGSBERG,http://data.europa.eu/esco/skill/21d2f96d-35f7-4e3f-9745-c533d2dd6e97,dataprogrammering,digital_consensus,0.6060227751731873,0.9829521775245667,0.035317838191986084
e8ac38a7-9518-4162-b73e-3adf0c06e675,Softwareutvikler,Bli med å sikre løsninger verden trenger Softwareutviklere,"Programvareutvikler, Programvareutviklere, Programvareutviklere, Softwareutvikler, Samferdselssystemer, Programvareutviklere",KONGSBERG,http://data.europa.eu/esco/skill/21d2f96d-35f7-4e3f-9745-c533d2dd6e97,dataprogrammering,digital_consensus,0.6015230417251587,0.9991874098777771,0.0031703710556030273
24cda85b-35d2-4412-aa79-12dfc1db0fa7,Tele,Rådgiver innen elektro/data/tele-alarm/automatisering/smartteknologi,"Elektronikkingeniører, Elektroingeniør, Sivilingeniører (bygg og anlegg);, ITB-rådgiver, prosjekteringsingeniør, bygg og anlegg",MO I RANA,http://data.europa.eu/esco/skill/14764a75-3104-4875-ba1d-57c059b9b013,telekommunikasjonsteknikk,digital_consensus,0.5509594082832336,0.9977632761001587,0.820565328001976
84afc7f7-2e24-457a-a31b-03195f57174a,Dataplattform,Vil du realisere dataambisjonene i Storebrand?,"Senior Data Scientist, Senior Data Scientist, Systemanalytikere/-arkitekter",LYSAKER,http://data.europa.eu/esco/skill/3ec2e4d6-7000-4905-bf1a-c5b1679416de,datavarehus,digital_consensus,0.5975717306137085,0.9994984865188599,0.0007398128509521484
84afc7f7-2e24-457a-a31b-03195f57174a,Python,Vil du realisere dataambisjonene i Storebrand?,"Senior Data Scientist, Senior Data Scientist, Systemanalytikere/-arkitekter",LYSAKER,http://data.europa.eu/esco/skill/ccd0a1d9-afda-43d9-b901-96344886e14d,Python,exact,,1.0,
d8fffe23-188b-4bee-bc94-155e96dcdab6,dataanalyse,Vil du være med å forme fremtidens kundeopplevelser i Gjensidige?,"Reklame- og markedsføringsrådgivere, Senior salgs- og markedsføringspesialist, Reklame- og markedsføringsrådgivere, Markedsfører kundeopplevelse / CRM, markedsføringsspesialist",OSLO,http://data.europa.eu/esco/skill/97bd1c21-66b2-4b7e-ad0f-e3cda590e378,dataanalyse,exact,,1.0,
afe486f3-7cb4-4a5d-8c6d-1a854a1c3bf4,Produktutvikling,Vil du lede utviklingen av tekniske løsninger?,"Senioringeniør Elektro, Senioringeniør Elektro, Sivilingeniører (elkraftteknikk)",OSLO,http://data.europa.eu/esco/skill/4f6b656a-54d0-48ce-9b55-ebcac5904a14,håndtere geospatiale teknologier,digital_consensus,0.6504983901977539,0.9169093370437622,0.013612568378448486
c97c8030-9ecc-4d22-94a8-bd7a63c4fd64,Produktutvikling,To ingeniører søkes -- bli en del av et sterkt fagmiljø og et fantastisk fellesskap,"Sivilingeniører (maskin- og marin-teknikk);, Ingeniør, sivil (maskin- og marin-teknikk), Maskiningeniører, Maskiningeniør, maskiningeniør",TØNSBERG,http://data.europa.eu/esco/skill/4f6b656a-54d0-48ce-9b55-ebcac5904a14,håndtere geospatiale teknologier,digital_consensus,0.6504983901977539,0.9169093370437622,0.013612568378448486
b494cb8f-d202-4ec4-8546-93d1110c7c69,BIM,Vil du jobbe i front av samferdsel og bærekraft? Vi trenger deg!,"Vegplanlegger, Vegplanlegger, Arealplanleggere",BERGEN,http://data.europa.eu/esco/skill/fae7e545-5114-43cc-8e83-178e2549ecb9,bim,exact,,1.0,
790c31d7-482d-4f9b-a2d1-bb762898c2bc,Digital design,Inventas Asker søker senior utviklere,"Embedded Softwareutvikler, Embedded Softwareutvikler, Programvareutviklere",ASKER,http://data.europa.eu/esco/skill/7fb699d9-182a-430e-b7a0-6d8ed05c284b,grafisk design,digital_consensus,0.6294350624084473,0.996292233467102,0.006485402584075928
790c31d7-482d-4f9b-a2d1-bb762898c2bc,Elektronikk,Inventas Asker søker senior utviklere,"Embedded Softwareutvikler, Embedded Softwareutvikler, Programvareutviklere",ASKER,http://data.europa.eu/esco/skill/95c35c3a-035f-47c2-90cf-7e934d20fc08,elektronikk,exact,,1.0,
790c31d7-482d-4f9b-a2d1-bb762898c2bc,Embedded,Inventas Asker søker senior utviklere,"Embedded Softwareutvikler, Embedded Softwareutvikler, Programvareutviklere",ASKER,http://data.europa.eu/esco/skill/21d2f96d-35f7-4e3f-9745-c533d2dd6e97,dataprogrammering,digital_consensus,0.6339219808578491,0.9740793704986572,0.0052509307861328125
790c31d7-482d-4f9b-a2d1-bb762898c2bc,FPGA,Inventas Asker søker senior utviklere,"Embedded Softwareutvikler, Embedded Softwareutvikler, Programvareutviklere",ASKER,http://data.europa.eu/esco/skill/fb601189-afa9-4a7b-8430-21a906483072,FPGA,exact,,1.0,
790c31d7-482d-4f9b-a2d1-bb762898c2bc,Produktutvikling,Inventas Asker søker senior utviklere,"Embedded Softwareutvikler, Embedded Softwareutvikler, Programvareutviklere",ASKER,http://data.europa.eu/esco/skill/4f6b656a-54d0-48ce-9b55-ebcac5904a14,håndtere geospatiale teknologier,digital_consensus,0.6504983901977539,0.9169093370437622,0.013612568378448486
790c31d7-482d-4f9b-a2d1-bb762898c2bc,Softwareutvikling,Inventas Asker søker senior utviklere,"Embedded Softwareutvikler, Embedded Softwareutvikler, Programvareutviklere",ASKER,http://data.europa.eu/esco/skill/21d2f96d-35f7-4e3f-9745-c533d2dd6e97,dataprogrammering,digital_consensus,0.6154131889343262,0.9983090162277222,0.020649254322052002
790c31d7-482d-4f9b-a2d1-bb762898c2bc,Systemutvikling,Inventas Asker søker senior utviklere,"Embedded Softwareutvikler, Embedded Softwareutvikler, Programvareutviklere",ASKER,http://data.europa.eu/esco/skill/21d2f96d-35f7-4e3f-9745-c533d2dd6e97,dataprogrammering,digital_consensus,0.6049041152000427,0.9194501638412476,0.19810181856155396
2f679a06-8557-4b7b-a789-f1d5b932a52e,controller,Bli med å bygge fremtidens infrastruktur i Vestland,"Business Controller, Business Controller, Finans- og investeringsrådgivere",STRAUME,http://data.europa.eu/esco/skill/bf942c60-8539-4951-83ee-63f770da1cb8,programmere en CNC-kontroller,digital_consensus,0.6273438930511475,0.9980813264846802,0.0004451274871826172
258a849e-d2b4-4bbf-a49e-4e193bc9c6df,Digitalisering,Kvalitets og risikorådgiver,"Andre ingeniører, Kvalitetsrådgiver",OSLO,http://data.europa.eu/esco/skill/aa0d8201-5a8e-417f-81f4-c04601139582,digitalisering,exact,,1.0,
1304794d-c7fd-4974-baef-ce5cfbf4197d,IT,Engineering Manager BankID App,"Andre sivilingeniører (unntatt elektroteknologi);, Applikasjonsingeniør",OSLO,http://data.europa.eu/esco/skill/ddc3119d-1d6e-4324-9125-a3380d299ac5,IT,exact,,1.0,
5079dfcc-03c4-42c0-9a3e-6de3973e4b58,Dataanalytiker,Vil du være med å utvikle moderne dataprodukter og et enda sterkere beslutningsgrunnlag?,"Systemanalytikere/-arkitekter, Dataanalytiker, Dataanalytiker",OSLO,http://data.europa.eu/esco/skill/3ec2e4d6-7000-4905-bf1a-c5b1679416de,datavarehus,digital_consensus,0.6028291583061218,0.9999380111694336,1.7881393432617188e-06
5079dfcc-03c4-42c0-9a3e-6de3973e4b58,Dataplattform,Vil du være med å utvikle moderne dataprodukter og et enda sterkere beslutningsgrunnlag?,"Systemanalytikere/-arkitekter, Dataanalytiker, Dataanalytiker",OSLO,http://data.europa.eu/esco/skill/3ec2e4d6-7000-4905-bf1a-c5b1679416de,datavarehus,digital_consensus,0.5975717306137085,0.9994984865188599,0.0007398128509521484
5079dfcc-03c4-42c0-9a3e-6de3973e4b58,Python,Vil du være med å utvikle moderne dataprodukter og et enda sterkere beslutningsgrunnlag?,"Systemanalytikere/-arkitekter, Dataanalytiker, Dataanalytiker",OSLO,http://data.europa.eu/esco/skill/ccd0a1d9-afda-43d9-b901-96344886e14d,Python,exact,,1.0,
4388773b-9ad0-40e3-a6a0-0e7445502e79,Elektronikk,Variert stilling som salgs- og serviceingeniør - medisinteknisk utstyr,"Andre ingeniører, Andre ingeniører, Serviceingeniør",OSLO,http://data.europa.eu/esco/skill/95c35c3a-035f-47c2-90cf-7e934d20fc08,elektronikk,exact,,1.0,
4388773b-9ad0-40e3-a6a0-0e7445502e79,Kundesupport,Variert stilling som salgs- og serviceingeniør - medisinteknisk utstyr,"Andre ingeniører, Andre ingeniører, Serviceingeniør",OSLO,http://data.europa.eu/esco/skill/db36f7f1-5900-45bd-9ffb-f2b19c4362ac,støtte IKT-systembrukere,digital_consensus,0.5482102036476135,0.9978213310241699,0.016304969787597656
31c385af-859d-44b9-9fd2-7013504c0874,AI,Analyst in NBIM (temp one-year),"Finansanalytikere, Finansanalytikere, Bankanalytiker siviløkonom",OSLO,http://data.europa.eu/esco/skill/e465a154-93f7-4973-9ce1-31659fe16dd2,prinsipper for kunstig intelligens,digital_consensus,0.5584366917610168,0.99960857629776,0.001320481300354004
31c385af-859d-44b9-9fd2-7013504c0874,IT,Analyst in NBIM (temp one-year),"Finansanalytikere, Finansanalytikere, Bankanalytiker siviløkonom",OSLO,http://data.europa.eu/esco/skill/ddc3119d-1d6e-4324-9125-a3380d299ac5,IT,exact,,1.0,
31c385af-859d-44b9-9fd2-7013504c0874,Python,Analyst in NBIM (temp one-year),"Finansanalytikere, Finansanalytikere, Bankanalytiker siviløkonom",OSLO,http://data.europa.eu/esco/skill/ccd0a1d9-afda-43d9-b901-96344886e14d,Python,exact,,1.0,
a438925d-50b8-44da-ba55-8679165fe93c,Business Intelligence,Bli vår nye Prosjekt Controller i høyteknologisk miljø,"Revisorer og regnskapsrådgivere, Prosjektcontroller, Prosjektcontroller",MANDAL,http://data.europa.eu/esco/skill/143769cb-b61e-47d8-a61e-eedfbec1016c,business intelligence,exact,,1.0,
a438925d-50b8-44da-ba55-8679165fe93c,ERP,Bli vår nye Prosjekt Controller i høyteknologisk miljø,"Revisorer og regnskapsrådgivere, Prosjektcontroller, Prosjektcontroller",MANDAL,http://data.europa.eu/esco/skill/09f4c52b-ac72-4f0e-a8ae-78bb1d7bffba,transportprogramvare relatert til et ERP-system,digital_consensus,0.5528852343559265,0.9972111582756042,0.9701170120388269
df30ec50-efd1-4879-94ee-dba69b148db6,SAP,Har du erfaring med SAP og prosjektøkonomi?,"Sjefssekretærer, Kontormedarbeidere, Regnskapsmedarbeidere, Revisorer og regnskapsrådgivere, Regnskapsførere, Controller, Administrasjonskonsulent, Administrasjonskonsulent kontorarbeid, Økonomikonsulent, Controller",SANDNES,http://data.europa.eu/esco/skill/f8e3425c-fe44-4ffb-bafe-0e20d91dadf4,SAP,exact,,1.0,
001903b6-c738-42b0-b70c-a9d13d1cbc85,CNC-operatør,CNC-Operatør,"CNC-operatør, CNC-operatør, Verktøymakere, låsesmeder mv.",KONGSBERG,http://data.europa.eu/esco/skill/6f728d63-5c45-40b3-8bfd-e17c5dba28ad,håndtere CNC-slipemaskin,digital_consensus,0.5746462941169739,0.9999723434448242,6.99758529663086e-05
01521159-53c4-449e-b0d4-82c6551701e3,E-ressurser,Forvaltning av e-ressurser og leverandøroppfølging,"Bibliotekarer og andre informasjonsarbeidere, Bibliotekkonsulent, Innkjøpere, Innkjøper, Informasjonsrådgivere, Informasjonskoordinator, Bibliotekarer og andre informasjonsarbeidere",TRONDHEIM,http://data.europa.eu/esco/skill/b1272de4-1f5f-408b-8b26-061f2550fc72,e-handelssystemer,digital_consensus,0.5390568375587463,0.993101954460144,0.34581810235977173
0d488fba-ae0e-4166-b9e5-568cfd427aa0,Hjelpemidler,"Ergoterapeutvikar, 100%","Ergoterapeuter, Ergoterapeut, ergoterapeut",RANDABERG,http://data.europa.eu/esco/skill/8759c352-8b00-498f-985a-935f13e1b043,hjelpemidler,exact,,1.0,
13763a75-4a75-4ee2-90ef-fac2e2eb6e89,Elektronikk,Driftsteknikker,"Elektronikkingeniører, Driftstekniker elektronikk og telekommunikasjon, Elektronikkingeniører, Driftstekniker, Driftstekniker, Andre ingeniører",KONGSBERG,http://data.europa.eu/esco/skill/95c35c3a-035f-47c2-90cf-7e934d20fc08,elektronikk,exact,,1.0,
13763a75-4a75-4ee2-90ef-fac2e2eb6e89,Kalibrering,Driftsteknikker,"Elektronikkingeniører, Driftstekniker elektronikk og telekommunikasjon, Elektronikkingeniører, Driftstekniker, Driftstekniker, Andre ingeniører",KONGSBERG,http://data.europa.eu/esco/skill/2973b3bc-5893-4b3d-8953-22ef677a162f,kutteteknologier,digital_consensus,0.5721607804298401,0.9198712110519409,0.024345755577087402
1d80f835-8564-4504-b041-42f5d5d8b71d,Dataanalyse,Seniorforsker innen miljøkjemi og arktisk miljø,"Kjemikere, kjemiker, Kjemiforsker",TROMSØ,http://data.europa.eu/esco/skill/97bd1c21-66b2-4b7e-ad0f-e3cda590e378,dataanalyse,exact,,1.0,
27f71fe4-fcf7-478b-83c3-64e533299c9b,ITIL,Junior IT Asset Manager,"Systemanalytikere/-arkitekter, IT-konsulent, IKT-konsulent",HARSTAD,http://data.europa.eu/esco/skill/d12e9d68-84c5-444e-aa98-d36533bf03f6,anvende operasjoner for et ITIL-basert miljø,digital_consensus,0.5806655883789062,0.9997642636299133,0.6852640509605408
35f77ac5-f533-4abc-bf19-b3e612cc74f1,Miljøforvaltning,Vil du arbeide med forvaltning av vannmiljø i jordbruket?,"Kontormedarbeidere, Konsulent offentlig forvaltning, Kontormedarbeidere",OSLO,http://data.europa.eu/esco/skill/b13e0689-636d-42d0-86c3-df9d6f85a882,forvalte miljøstyringssystem,digital_consensus,0.6628037095069885,0.9973756074905396,0.011500298976898193
39948d1f-a95e-4930-91f8-878c6b777395,ERP,Kombiner kommersiell teft og maritim kompetanse i en sentral rolle,"Andre juridiske yrker, Avtaleforvalter, Innkjøpere",ÅLESUND,http://data.europa.eu/esco/skill/09f4c52b-ac72-4f0e-a8ae-78bb1d7bffba,transportprogramvare relatert til et ERP-system,digital_consensus,0.5528852343559265,0.9972111582756042,0.9701170120388269
433ef2e5-b0f6-40f2-9a2d-e9a0dedfa418,SEM,Digital markedsfører,"Content marketer, Content marketer, Reklame- og markedsføringsrådgivere, Digital markedsfører",KRISTIANSAND S,http://data.europa.eu/esco/skill/eda4d727-4374-49af-ace4-118c7c906835,SEM,exact,,1.0,
47a308fb-9351-4069-aabc-6585d59517da,Digitalisering,Teknisk rådgiver / seniorrådgiver – arkitektur og modernisering,"Andre ingeniører, Teknisk rådgiver, Systemanalytikere/-arkitekter, Seniorrådgiver - databaser/applikasjoner, IKT-konsulent",OSLO,http://data.europa.eu/esco/skill/aa0d8201-5a8e-417f-81f4-c04601139582,digitalisering,exact,,1.0,
47a308fb-9351-4069-aabc-6585d59517da,Java,Teknisk rådgiver / seniorrådgiver – arkitektur og modernisering,"Andre ingeniører, Teknisk rådgiver, Systemanalytikere/-arkitekter, Seniorrådgiver - databaser/applikasjoner, IKT-konsulent",OSLO,http://data.europa.eu/esco/skill/19a8293b-8e95-4de3-983f-77484079c389,Java,exact,,1.0,
47a308fb-9351-4069-aabc-6585d59517da,Skyteknologi,Teknisk rådgiver / seniorrådgiver – arkitektur og modernisering,"Andre ingeniører, Teknisk rådgiver, Systemanalytikere/-arkitekter, Seniorrådgiver - databaser/applikasjoner, IKT-konsulent",OSLO,http://data.europa.eu/esco/skill/11430d93-c835-48ed-8e70-285fa69c9ae6,designe skyarkitektur,digital_consensus,0.5793797373771667,0.9726741313934326,0.3947645425796509
47a308fb-9351-4069-aabc-6585d59517da,Systemutvikler,Teknisk rådgiver / seniorrådgiver – arkitektur og modernisering,"Andre ingeniører, Teknisk rådgiver, Systemanalytikere/-arkitekter, Seniorrådgiver - databaser/applikasjoner, IKT-konsulent",OSLO,http://data.europa.eu/esco/skill/21d2f96d-35f7-4e3f-9745-c533d2dd6e97,dataprogrammering,digital_consensus,0.6546458005905151,0.9988632202148438,0.002029597759246826
4a1fddd4-00d8-4589-9377-42db80f5828c,Algoritmer,"Postdoctoral Research Fellow in ""Mathematical Foundations of Artifical Intelligence""","Stipendiat, Stipendiat, Universitets- og høyskolelektorer/-lærere",TROMSØ,http://data.europa.eu/esco/skill/54924a2c-daca-40d3-9716-4b38ceb04f38,algoritmer,exact,,1.0,
4a1fddd4-00d8-4589-9377-42db80f5828c,Maskinlæring,"Postdoctoral Research Fellow in ""Mathematical Foundations of Artifical Intelligence""","Stipendiat, Stipendiat, Universitets- og høyskolelektorer/-lærere",TROMSØ,http://data.europa.eu/esco/skill/3a2d5b45-56e4-4f5a-a55a-4a4a65afdc43,maskinlæring,exact,,1.0,
540b96c6-e735-41d7-b735-cb3dc055bf0b,IT,Overingeniør i Microsoft 365 og intergrasjoner,"Microsoft Office 365 utvikler, Microsoft Office 365 utvikler, Programvareutviklere",MOLDE,http://data.europa.eu/esco/skill/ddc3119d-1d6e-4324-9125-a3380d299ac5,IT,exact,,1.0,
540b96c6-e735-41d7-b735-cb3dc055bf0b,IT-sikkerhet,Overingeniør i Microsoft 365 og intergrasjoner,"Microsoft Office 365 utvikler, Microsoft Office 365 utvikler, Programvareutviklere",MOLDE,http://data.europa.eu/esco/skill/8088750d-8388-4170-a76f-48354c469c44,IT-sikkerhet,exact,,1.0,
540b96c6-e735-41d7-b735-cb3dc055bf0b,Microsoft 365,Overingeniør i Microsoft 365 og intergrasjoner,"Microsoft Office 365 utvikler, Microsoft Office 365 utvikler, Programvareutviklere",MOLDE,http://data.europa.eu/esco/skill/f683ae1d-cb7c-4aa1-b9fe-205e1bd23535,bruke Microsoft Office,digital_consensus,0.5470774173736572,0.9996776580810547,0.0003491640090942383
55781464-cf11-4347-826c-954de08c0e34,Digitalisering,Seksjonssjef for bærekraft og innovasjon,"Andre administrative ledere, Seksjonssjef (offentlig administrasjon), avdelingsleder",LILLESAND,http://data.europa.eu/esco/skill/aa0d8201-5a8e-417f-81f4-c04601139582,digitalisering,exact,,1.0,
61d65886-fc21-46fd-85ba-e8e8d8a7a55b,Elektronikk,Ønsker du å bidra til at Forsvarets fly kan løse sine oppdrag? ,"Testleder (digitalisering og programvare), Andre programvare- og applikasjonsutviklere, Andre ingeniører, Dronetekniker, Systemanalytikere/-arkitekter, Integrasjonsarkitekt IT, Programvareutviklere, Softwareingeniør, Elkraftingeniører, Elkraftingeniør, strømforsyningsingeniør",KJELLER,http://data.europa.eu/esco/skill/95c35c3a-035f-47c2-90cf-7e934d20fc08,elektronikk,exact,,1.0,
61d65886-fc21-46fd-85ba-e8e8d8a7a55b,Kybernetikk,Ønsker du å bidra til at Forsvarets fly kan løse sine oppdrag? ,"Testleder (digitalisering og programvare), Andre programvare- og applikasjonsutviklere, Andre ingeniører, Dronetekniker, Systemanalytikere/-arkitekter, Integrasjonsarkitekt IT, Programvareutviklere, Softwareingeniør, Elkraftingeniører, Elkraftingeniør, strømforsyningsingeniør",KJELLER,http://data.europa.eu/esco/skill/fc5818b4-66f9-498b-a1bc-ff651db2af68,kybernetikk,exact,,1.0,
61d65886-fc21-46fd-85ba-e8e8d8a7a55b,Programvareutvikling,Ønsker du å bidra til at Forsvarets fly kan løse sine oppdrag? ,"Testleder (digitalisering og programvare), Andre programvare- og applikasjonsutviklere, Andre ingeniører, Dronetekniker, Systemanalytikere/-arkitekter, Integrasjonsarkitekt IT, Programvareutviklere, Softwareingeniør, Elkraftingeniører, Elkraftingeniør, strømforsyningsingeniør",KJELLER,http://data.europa.eu/esco/skill/21d2f96d-35f7-4e3f-9745-c533d2dd6e97,dataprogrammering,digital_consensus,0.5329556465148926,0.9873233437538147,0.12117928266525269
6d415699-cf2b-4253-87cb-1f9839755c4b,Digitalisering,Prosjektleder IT ,"IT-prosjektleder, IT-prosjektleder, Systemanalytikere/-arkitekter",OSLO,http://data.europa.eu/esco/skill/aa0d8201-5a8e-417f-81f4-c04601139582,digitalisering,exact,,1.0,
6d415699-cf2b-4253-87cb-1f9839755c4b,IT-prosjektleder,Prosjektleder IT ,"IT-prosjektleder, IT-prosjektleder, Systemanalytikere/-arkitekter",OSLO,http://data.europa.eu/esco/skill/bec4359e-cb92-468f-a997-8fb28e32fba9,Metoder innen IKT-prosjektledelse,digital_consensus,0.6413071751594543,0.9994590878486633,0.0006421208381652832
77cb4c7f-4bda-4530-8de9-36f4a9f182a8,Digital kommunikasjon,Communication Officer - SIOS-Knowledge Centre,"Informasjonsrådgivere, PR- og informasjonssjefer, talsperson, Informasjonsdirektør, Kommunikasjonsansvarlig, Informasjonsdirektør",LONGYEARBYEN,http://data.europa.eu/esco/skill/234aeb8d-56c3-4531-9193-1c5e6a8d16cb,bruke presentasjonsprogramvare,digital_consensus,0.5378857851028442,0.9831987023353577,0.009777486324310303
78174517-5352-4e56-9c2b-7d8e358581a2,Produktdesign,Studieleder ved bachelor i produktdesign,"Studieleder ved universitet og høyskole, Studieleder ved universitet og høyskole, Universitets- og høyskolelektorer/-lærere",KJELLER,http://data.europa.eu/esco/skill/e665d919-f28d-4ac4-adf0-8903ac66540e,utvikle designplaner,digital_consensus,0.5649316906929016,0.9622174501419067,0.00295257568359375
86a4d992-18ae-4742-9825-647e14383db2,Informasjonssikkerhet,"Rådgiver utskrift, fil og skanning","Driftsteknikere, IKT, Lærling IT-drift, Driftsteknikere, IKT, IT-assistent, Driftsteknikere, IKT, Driftstekniker IT, Driftsteknikere, IT-konsulent, IT-konsulent, Systemanalytikere/-arkitekter",OSLO,http://data.europa.eu/esco/skill/8088750d-8388-4170-a76f-48354c469c44,informasjonssikkerhet,exact,,1.0,
87e0cc7a-869d-4101-88a9-7d69235e8609,Systemutvikling,Teamleder Plattform,"Systemanalytikere/-arkitekter, Systemanalytikere/-arkitekter, IKT-prosjektleder, Systemutvikler, IT-teamleder",OSLO,http://data.europa.eu/esco/skill/21d2f96d-35f7-4e3f-9745-c533d2dd6e97,dataprogrammering,digital_consensus,0.6049041152000427,0.9194501638412476,0.19810181856155396
94f95a38-26a9-48b9-b74c-e7a628b87158,GIS,PhD Research Fellow in Ecology ,"Stipendiat, Stipendiat, Universitets- og høyskolelektorer/-lærere",BØ I TELEMARK,http://data.europa.eu/esco/skill/377861af-f966-4c87-a2db-7e99904312b9,gis,exact,,1.0,
a1ee5422-6824-4398-922b-a84a344ab9e1,Digitalisering,Digitaliseringsrådgiver,"Systemanalytikere/-arkitekter, Digitaliseringsrådgiver, IKT-rådgivere, Digital rådgiver",VESTBY,http://data.europa.eu/esco/skill/aa0d8201-5a8e-417f-81f4-c04601139582,digitalisering,exact,,1.0,
a1ee5422-6824-4398-922b-a84a344ab9e1,IT,Digitaliseringsrådgiver,"Systemanalytikere/-arkitekter, Digitaliseringsrådgiver, IKT-rådgivere, Digital rådgiver",VESTBY,http://data.europa.eu/esco/skill/ddc3119d-1d6e-4324-9125-a3380d299ac5,IT,exact,,1.0,
a67bc626-99d0-435d-a71b-e33f3832ae92,Digitalisering,Vil du bidra til å utvikle framtidens vann- og avløpstjenester i Tysvær kommune?,"Rådgiver vann og avløp, Rådgiver vann og avløp, Bygningsingeniører",AKSDAL,http://data.europa.eu/esco/skill/aa0d8201-5a8e-417f-81f4-c04601139582,digitalisering,exact,,1.0,
a8daa717-8df7-44f1-a53b-bfe7d46b3696,LIS,Lege i spesialisering/legevikar,"Lege i spesialisering (LIS2), Lege i spesialisering (LIS2), Allmennpraktiserende leger",DRAMMEN,http://data.europa.eu/esco/skill/0cd6dcf1-5778-42a5-b685-4d01ae4a4871,Common Lisp,digital_consensus,0.6051489114761353,0.999724805355072,0.0015864968299865723
ad1c4829-2fde-400d-b8e5-e4a6cf0219f1,Digitalisering,Rådgiver dokumentasjonsforvaltning,"Høyere saksbehandlere i offentlig og privat virksomhet, Rådgiver økonomi og samfunnsvitenskap, offentlig administrasjon, Arkivarer og kuratorer, Rådgiver arkiv, arkivar",HAMAR,http://data.europa.eu/esco/skill/aa0d8201-5a8e-417f-81f4-c04601139582,digitalisering,exact,,1.0,
c01995b3-c27e-43e3-b395-cd003e2d3c92,Dataanalyse,Research Assistants at MediaFutures,"Universitets- og høyskolelektorer/-lærere, Forskningsassistent, forskningsassistent på universitet",BERGEN,http://data.europa.eu/esco/skill/97bd1c21-66b2-4b7e-ad0f-e3cda590e378,dataanalyse,exact,,1.0,
c01995b3-c27e-43e3-b395-cd003e2d3c92,Programmering,Research Assistants at MediaFutures,"Universitets- og høyskolelektorer/-lærere, Forskningsassistent, forskningsassistent på universitet",BERGEN,http://data.europa.eu/esco/skill/21d2f96d-35f7-4e3f-9745-c533d2dd6e97,dataprogrammering,digital_consensus,0.714440643787384,0.9188328981399536,0.2761046886444092
c01995b3-c27e-43e3-b395-cd003e2d3c92,Python,Research Assistants at MediaFutures,"Universitets- og høyskolelektorer/-lærere, Forskningsassistent, forskningsassistent på universitet",BERGEN,http://data.europa.eu/esco/skill/ccd0a1d9-afda-43d9-b901-96344886e14d,Python,exact,,1.0,
c0bc8d8c-0ccb-4313-81b3-8b7ba5d2eeec,Digitalisering,Spennende stilling som kommunikasjonsmedarbeider ,"Informasjonsrådgivere, Kommunikasjonsmedarbeider, talsperson",TYNSET,http://data.europa.eu/esco/skill/aa0d8201-5a8e-417f-81f4-c04601139582,digitalisering,exact,,1.0,
c7973920-50f5-4aae-a62e-32f14779ce9c,Museumsarbeid,Arrangementscrew - deltid,"Konferanse- og arrangementsplanleggere mv., Arrangementkoordinator, Konferanse- og arrangementsplanleggere mv., Arrangementsplanlegger, arrangementsjef",OSLO,http://data.europa.eu/esco/skill/c1b4aa1e-bc42-49e4-952a-0cbd45f1d57b,museumsdatabaser,digital_consensus,0.616089940071106,0.999382495880127,0.8738542348146439
c9de02b6-ae25-4812-a1a8-57aeb5e7bf2c,IT,Anvendt KI rådgiver og utvikler,"IT-konsulent, IT-konsulent, Systemanalytikere/-arkitekter",OSLO,http://data.europa.eu/esco/skill/ddc3119d-1d6e-4324-9125-a3380d299ac5,IT,exact,,1.0,
c9de02b6-ae25-4812-a1a8-57aeb5e7bf2c,dataanalyse,Anvendt KI rådgiver og utvikler,"IT-konsulent, IT-konsulent, Systemanalytikere/-arkitekter",OSLO,http://data.europa.eu/esco/skill/97bd1c21-66b2-4b7e-ad0f-e3cda590e378,dataanalyse,exact,,1.0,
c9de02b6-ae25-4812-a1a8-57aeb5e7bf2c,digitalisering,Anvendt KI rådgiver og utvikler,"IT-konsulent, IT-konsulent, Systemanalytikere/-arkitekter",OSLO,http://data.europa.eu/esco/skill/aa0d8201-5a8e-417f-81f4-c04601139582,digitalisering,exact,,1.0,
cb76f5b9-b0df-451d-bc2e-4ca9df511568,GIS,Rådgiver/seniorrådgiver - nytt vern og forvaltning,"Høyere saksbehandlere i offentlig og privat virksomhet, Seniorrådgiver offentlig administrasjon, Høyere saksbehandlere i offentlig og privat virksomhet, Rådgiver (offentlig administrasjon)",TRONDHEIM,http://data.europa.eu/esco/skill/377861af-f966-4c87-a2db-7e99904312b9,gis,exact,,1.0,
cf60f822-515e-4471-a041-38640d81a023,ERP,"Er du strukturert, analytisk og klar for neste steg?","Controller, Controller, Revisorer og regnskapsrådgivere",KONGSBERG,http://data.europa.eu/esco/skill/09f4c52b-ac72-4f0e-a8ae-78bb1d7bffba,transportprogramvare relatert til et ERP-system,digital_consensus,0.5528852343559265,0.9972111582756042,0.9701170120388269
d7a9f11b-66ec-4309-b769-97072bcb926e,GIS,Rådgiver/seniorrådgiver naturrestaurering og verneområdeforvaltning,"Høyere saksbehandlere i offentlig og privat virksomhet, Seniorrådgiver (teknisk, naturvitenskapelig utredning, off.adm), Høyere saksbehandlere i offentlig og privat virksomhet, Høyere saksbehandlere i offentlig og privat virksomhet, Rådgiver (naturvitenskap, offentlig administrasjon)",TRONDHEIM,http://data.europa.eu/esco/skill/377861af-f966-4c87-a2db-7e99904312b9,gis,exact,,1.0,
db6beb05-a597-4bb7-b81b-75b319fe0803,Museumsarbeid,Mekaniker/vedlikeholdsarbeider,"Vaktmestere, Anleggsmaskin- og industrimekanikere, Anleggsmaskin- og industrimekanikere, Vedlikeholdsarbeider, Togmekaniker",LØKKEN VERK,http://data.europa.eu/esco/skill/c1b4aa1e-bc42-49e4-952a-0cbd45f1d57b,museumsdatabaser,digital_consensus,0.616089940071106,0.999382495880127,0.8738542348146439
e974d355-2be5-4b69-aeaa-83a3109e7fd8,IT,Er du vår nye lisensforvalter?,"Driftsteknikere, IKT, IT-medarbeider, Driftsteknikere",HARSTAD,http://data.europa.eu/esco/skill/ddc3119d-1d6e-4324-9125-a3380d299ac5,IT,exact,,1.0,
e974d355-2be5-4b69-aeaa-83a3109e7fd8,ITIL,Er du vår nye lisensforvalter?,"Driftsteknikere, IKT, IT-medarbeider, Driftsteknikere",HARSTAD,http://data.europa.eu/esco/skill/d12e9d68-84c5-444e-aa98-d36533bf03f6,anvende operasjoner for et ITIL-basert miljø,digital_consensus,0.5806655883789062,0.9997642636299133,0.6852640509605408
ea998c93-b323-495d-a934-2394ac1f53a2,algoritmer,Ph.d.-stipendiat i algoritmar,"Stipendiat, Stipendiat, Universitets- og høyskolelektorer/-lærere",BERGEN,http://data.europa.eu/esco/skill/54924a2c-daca-40d3-9716-4b38ceb04f38,algoritmer,exact,,1.0,
ea998c93-b323-495d-a934-2394ac1f53a2,datavitenskap,Ph.d.-stipendiat i algoritmar,"Stipendiat, Stipendiat, Universitets- og høyskolelektorer/-lærere",BERGEN,http://data.europa.eu/esco/skill/edebd83d-35f6-4ed5-a940-6c203d178c01,datavitenskap,exact,,1.0,
ea998c93-b323-495d-a934-2394ac1f53a2,informatikk,Ph.d.-stipendiat i algoritmar,"Stipendiat, Stipendiat, Universitets- og høyskolelektorer/-lærere",BERGEN,http://data.europa.eu/esco/skill/7b5cce4d-c7fe-4119-b48f-70aa05391787,informatikk,exact,,1.0,
ea998c93-b323-495d-a934-2394ac1f53a2,teoretisk informatikk,Ph.d.-stipendiat i algoritmar,"Stipendiat, Stipendiat, Universitets- og høyskolelektorer/-lærere",BERGEN,http://data.europa.eu/esco/skill/7b5cce4d-c7fe-4119-b48f-70aa05391787,informatikk,digital_consensus,0.5725560784339905,0.8439817428588867,0.8435316740069538
d7629fae-c372-4180-b9d1-8dd1a554a358,Vippetekniker,"Vippetekniker søkes – The Look, Oslo sentrum","Vippetekniker, Kosmetologer mv.",OSLO,http://data.europa.eu/esco/skill/a71577b2-7550-4222-88ee-dcbd2d881516,programvare for redigering av grafikk,digital_consensus,0.6075460910797119,0.9138217568397522,0.05492115020751953
09674ed5-afc6-46a8-92c1-eda700cb0cac,Data Engineer,Senior Data Engineer in Data Product Engineering,"Senior Data Engineer, Senior Data Engineer, Databasedesignere og -administratorer",OSLO,http://data.europa.eu/esco/skill/3ec2e4d6-7000-4905-bf1a-c5b1679416de,datavarehus,digital_consensus,0.6241559386253357,0.9998835325241089,7.730722427368164e-05
09674ed5-afc6-46a8-92c1-eda700cb0cac,Dataanalyse,Senior Data Engineer in Data Product Engineering,"Senior Data Engineer, Senior Data Engineer, Databasedesignere og -administratorer",OSLO,http://data.europa.eu/esco/skill/97bd1c21-66b2-4b7e-ad0f-e3cda590e378,dataanalyse,exact,,1.0,
09674ed5-afc6-46a8-92c1-eda700cb0cac,Dataplattform,Senior Data Engineer in Data Product Engineering,"Senior Data Engineer, Senior Data Engineer, Databasedesignere og -administratorer",OSLO,http://data.europa.eu/esco/skill/3ec2e4d6-7000-4905-bf1a-c5b1679416de,datavarehus,digital_consensus,0.5975717306137085,0.9994984865188599,0.0007398128509521484
09674ed5-afc6-46a8-92c1-eda700cb0cac,Datateknologi,Senior Data Engineer in Data Product Engineering,"Senior Data Engineer, Senior Data Engineer, Databasedesignere og -administratorer",OSLO,http://data.europa.eu/esco/skill/ddc3119d-1d6e-4324-9125-a3380d299ac5,datateknologi,exact,,1.0,
ed4618f0-c2b5-4090-b8c1-db4c8d6e37e2,Data Engineer,Data Engineer in Data Product Engineering,"Dataingeniør, Dataingeniør, Sivilingeniører (elektronikk)",OSLO,http://data.europa.eu/esco/skill/3ec2e4d6-7000-4905-bf1a-c5b1679416de,datavarehus,digital_consensus,0.6241559386253357,0.9998835325241089,7.730722427368164e-05
ed4618f0-c2b5-4090-b8c1-db4c8d6e37e2,Dataanalyse,Data Engineer in Data Product Engineering,"Dataingeniør, Dataingeniør, Sivilingeniører (elektronikk)",OSLO,http://data.europa.eu/esco/skill/97bd1c21-66b2-4b7e-ad0f-e3cda590e378,dataanalyse,exact,,1.0,
ed4618f0-c2b5-4090-b8c1-db4c8d6e37e2,Dataplattform,Data Engineer in Data Product Engineering,"Dataingeniør, Dataingeniør, Sivilingeniører (elektronikk)",OSLO,http://data.europa.eu/esco/skill/3ec2e4d6-7000-4905-bf1a-c5b1679416de,datavarehus,digital_consensus,0.5975717306137085,0.9994984865188599,0.0007398128509521484
ed4618f0-c2b5-4090-b8c1-db4c8d6e37e2,Datavarehus,Data Engineer in Data Product Engineering,"Dataingeniør, Dataingeniør, Sivilingeniører (elektronikk)",OSLO,http://data.europa.eu/esco/skill/3ec2e4d6-7000-4905-bf1a-c5b1679416de,datavarehus,exact,,1.0,
ed4618f0-c2b5-4090-b8c1-db4c8d6e37e2,IT,Data Engineer in Data Product Engineering,"Dataingeniør, Dataingeniør, Sivilingeniører (elektronikk)",OSLO,http://data.europa.eu/esco/skill/ddc3119d-1d6e-4324-9125-a3380d299ac5,IT,exact,,1.0,
9939d893-a1a1-40e1-96c8-9c25bcfbf8eb,UX-designer,Vil du forme digitale tjenester som styrker forvaltningen av livet i havet?,"UX-Designer, UX-Designer, Grafiske og multimediadesignere",BERGEN,http://data.europa.eu/esco/skill/1019423b-3368-4f83-b24f-19e5fa23e816,designmønstre for brukergrensesnitt for programvare,digital_consensus,0.5588029623031616,0.9994383454322815,0.0010673999786376953
67df5e02-9826-4bef-a381-053c10d026d1,DevOps,Vil du være med på å bygge den digitale grunnmuren for forvaltningen av livet i havet?,"Programvareutviklere, DevOps-utvikler, programvareutvikler",BERGEN,http://data.europa.eu/esco/skill/f0de4973-0a70-4644-8fd4-3a97080476f4,DevOps,exact,,1.0,
67df5e02-9826-4bef-a381-053c10d026d1,IT,Vil du være med på å bygge den digitale grunnmuren for forvaltningen av livet i havet?,"Programvareutviklere, DevOps-utvikler, programvareutvikler",BERGEN,http://data.europa.eu/esco/skill/ddc3119d-1d6e-4324-9125-a3380d299ac5,IT,exact,,1.0,
67df5e02-9826-4bef-a381-053c10d026d1,Systemutvikling,Vil du være med på å bygge den digitale grunnmuren for forvaltningen av livet i havet?,"Programvareutviklere, DevOps-utvikler, programvareutvikler",BERGEN,http://data.europa.eu/esco/skill/21d2f96d-35f7-4e3f-9745-c533d2dd6e97,dataprogrammering,digital_consensus,0.6049041152000427,0.9194501638412476,0.19810181856155396
fcd1ea9a-e10e-4c8c-8408-1dbe3be86f02,BI,Analytical Lead – Customer & Growth to Oslo Taxi,"Andre administrative ledere, Analysesjef, Organisasjonsrådgivere mv., Business Intelligence Analytiker, sjef for virksomhetsetterretning",OSLO,http://data.europa.eu/esco/skill/143769cb-b61e-47d8-a61e-eedfbec1016c,BI,exact,,1.0,
fcd1ea9a-e10e-4c8c-8408-1dbe3be86f02,Dataanalyse,Analytical Lead – Customer & Growth to Oslo Taxi,"Andre administrative ledere, Analysesjef, Organisasjonsrådgivere mv., Business Intelligence Analytiker, sjef for virksomhetsetterretning",OSLO,http://data.europa.eu/esco/skill/97bd1c21-66b2-4b7e-ad0f-e3cda590e378,dataanalyse,exact,,1.0,
b248c088-44a5-4aed-9208-6981e8a21409,Digitalisering,Vil du lede prosjekter som bidrar til et tryggere og mer robust samfunn?,"Prosjektleder, Prosjektleder, Andre administrative ledere",TØNSBERG,http://data.europa.eu/esco/skill/aa0d8201-5a8e-417f-81f4-c04601139582,digitalisering,exact,,1.0,
c4c5eb6a-8fa7-49fb-af8d-e1006e381820,SaaS,Salgsrådgiver – Hjelp butikker med å lykkes,"Salgsrepresentant, Selgere (engros), Selgere (engros);, Salgsrådgiver, Selgere (engros)",TROMSØ,http://data.europa.eu/esco/skill/83218cac-3599-417e-93d2-26013cdccd98,SaaS,exact,,1.0,
bc3c4c50-06d8-4ed6-8628-8c90befaf7f3,E-handel,Head of Growth Platform to Oslo Taxi,"PR- og informasjonssjefer, Kommunikasjons- og markedssjef, PR- og informasjonssjefer",OSLO,http://data.europa.eu/esco/skill/b1272de4-1f5f-408b-8b26-061f2550fc72,e-handelssystemer,digital_consensus,0.6153236627578735,0.9999244213104248,0.002346336841583252
4d4d7ce2-c509-4d0a-ab16-1123dabdba1b,Dataanalyse,Bli med på vekstreisen til Euro Accident -- vi søker Pricing Analyst til vårt Underwriting \& Analytics-team!,"Product & Pricing Specialist, Product & Pricing Specialist, Reklame- og markedsføringsrådgivere",OSLO,http://data.europa.eu/esco/skill/97bd1c21-66b2-4b7e-ad0f-e3cda590e378,dataanalyse,exact,,1.0,
4d4d7ce2-c509-4d0a-ab16-1123dabdba1b,Produktutvikling,Bli med på vekstreisen til Euro Accident -- vi søker Pricing Analyst til vårt Underwriting \& Analytics-team!,"Product & Pricing Specialist, Product & Pricing Specialist, Reklame- og markedsføringsrådgivere",OSLO,http://data.europa.eu/esco/skill/4f6b656a-54d0-48ce-9b55-ebcac5904a14,håndtere geospatiale teknologier,digital_consensus,0.6504983901977539,0.9169093370437622,0.013612568378448486
a03ffd76-4d0e-4912-828a-1951ce674b10,CNC,Vi ønsker å styrke vårt vedlikeholdsteam og søker industrimekaniker.,"Industrimekaniker, Industrimekaniker, Anleggsmaskin- og industrimekanikere",KONGSBERG,http://data.europa.eu/esco/skill/6f728d63-5c45-40b3-8bfd-e17c5dba28ad,håndtere CNC-slipemaskin,digital_consensus,0.5797138810157776,0.9999545812606812,0.00033664703369140625
cdd9e50d-d194-4f9e-970e-1e25cb90c85f,BIM,Vil du ta en sentral rolle i spennende veg- og samferdselsprosjekter?,"Vegplanlegger, Vegplanlegger, Arealplanleggere",TRONDHEIM,http://data.europa.eu/esco/skill/fae7e545-5114-43cc-8e83-178e2549ecb9,bim,exact,,1.0,
4c2dcefe-99e4-452d-87da-07b6d0051ebb,ERP,Vil du jobbe tett på et komplekst byggeprosjekt i Kongsberg?,"Bygningsingeniører, Prosjektkoordinator - bygg og anlegg, arbeidsleder, bygg og anlegg",KONGSBERG,http://data.europa.eu/esco/skill/09f4c52b-ac72-4f0e-a8ae-78bb1d7bffba,transportprogramvare relatert til et ERP-system,digital_consensus,0.5528852343559265,0.9972111582756042,0.9701170120388269
3cbf6d89-fc25-42a9-8553-ef0ccc3cac63,Elektronikk,Vil du jobbe med integrasjoner i komplekse systemer?,"IT-systemingeniør, IT-systemingeniør, Systemanalytikere/-arkitekter",KONGSBERG,http://data.europa.eu/esco/skill/95c35c3a-035f-47c2-90cf-7e934d20fc08,elektronikk,exact,,1.0,
3cbf6d89-fc25-42a9-8553-ef0ccc3cac63,Systemutvikling,Vil du jobbe med integrasjoner i komplekse systemer?,"IT-systemingeniør, IT-systemingeniør, Systemanalytikere/-arkitekter",KONGSBERG,http://data.europa.eu/esco/skill/21d2f96d-35f7-4e3f-9745-c533d2dd6e97,dataprogrammering,digital_consensus,0.6049041152000427,0.9194501638412476,0.19810181856155396
a725c178-224d-4bd2-8adb-87c47d717ce6,ISPS,Vi søker sikkerhetsrådgiver med erfaring innen havnesikring!,"Sikkerhetsrådgiver (helse, miljø og driftssikkerhet), Sikkerhetsrådgiver (helse, miljø og driftssikkerhet), Andre ingeniører",OSLO,http://data.europa.eu/esco/skill/4918ec9a-0204-4935-8b09-b0112370daa8,etablere et styringssystem for informasjonssikkerhet,digital_consensus,0.5413540005683899,0.8863243460655212,0.5904344618320465
2df8311e-6eb7-4bf2-a99c-d9d6050fda2c,Digitale løsninger,Produktdesigner (UX/UI),"Grafiske- og multimediadesignere, UX-Designer, brukergrensesnittdesigner",OSLO,http://data.europa.eu/esco/skill/21d2f96d-35f7-4e3f-9745-c533d2dd6e97,dataprogrammering,digital_consensus,0.628021776676178,0.9054232835769653,0.049161553382873535
2df8311e-6eb7-4bf2-a99c-d9d6050fda2c,IT,Produktdesigner (UX/UI),"Grafiske- og multimediadesignere, UX-Designer, brukergrensesnittdesigner",OSLO,http://data.europa.eu/esco/skill/ddc3119d-1d6e-4324-9125-a3380d299ac5,IT,exact,,1.0,
2df8311e-6eb7-4bf2-a99c-d9d6050fda2c,Produktdesigner,Produktdesigner (UX/UI),"Grafiske- og multimediadesignere, UX-Designer, brukergrensesnittdesigner",OSLO,http://data.europa.eu/esco/skill/21d2f96d-35f7-4e3f-9745-c533d2dd6e97,dataprogrammering,digital_consensus,0.5694214701652527,0.9918071627616882,0.009341418743133545
2df8311e-6eb7-4bf2-a99c-d9d6050fda2c,UI,Produktdesigner (UX/UI),"Grafiske- og multimediadesignere, UX-Designer, brukergrensesnittdesigner",OSLO,http://data.europa.eu/esco/skill/1019423b-3368-4f83-b24f-19e5fa23e816,designmønstre for brukergrensesnitt for programvare,digital_consensus,0.5992202162742615,0.9985635876655579,0.03585779666900635
2df8311e-6eb7-4bf2-a99c-d9d6050fda2c,UX,Produktdesigner (UX/UI),"Grafiske- og multimediadesignere, UX-Designer, brukergrensesnittdesigner",OSLO,http://data.europa.eu/esco/skill/07dd856d-6141-48a7-a228-918f88494812,UX,exact,,1.0,
fb98d223-9688-40ca-ad4f-fe2592a0e233,Robot,Operatør termisk sprøyting til produksjon av verdensledende flykomponenter,"Operatører innen metallflatebehandling, Maskinoperatør, overflatesliping, maskinoperatør, overflatesliping",KONGSBERG,http://data.europa.eu/esco/skill/7a950986-27fe-4b6c-adf3-88f211e77019,robotkomponenter,digital_consensus,0.6109800338745117,0.9950515627861023,0.9857417345046997
9df30ea1-5af5-4cd3-b180-0f67ddebcc65,Kundesupport,Customer Service Consultant -- bli en del av vårt nye team på Lysaker,"Kundebehandler, Informasjonsskrankemedarbeidere",LYSAKER,http://data.europa.eu/esco/skill/db36f7f1-5900-45bd-9ffb-f2b19c4362ac,støtte IKT-systembrukere,digital_consensus,0.5482102036476135,0.9978213310241699,0.016304969787597656
6805a6d0-e7c6-4449-a939-065739608e96,SaaS,Bli vår Customer Success Manager i Lawai,"Customer Success Manager, Customer Success Manager, Salgs- og markedssjefer",OSLO,http://data.europa.eu/esco/skill/83218cac-3599-417e-93d2-26013cdccd98,SaaS,exact,,1.0,
07ff1051-38b9-438e-88e5-4521343f247e,CAD,Vil du være der avansert teknologi møter produksjon?,"Fabrikasjonsingeniør, Fabrikasjonsingeniør, Sivilingeniører (industri og produksjon)",KONGSBERG,http://data.europa.eu/esco/skill/9ba355be-f119-42b6-a7d6-52f6ce2e4a3f,utforme kretser ved hjelp av CAD,digital_consensus,0.6348830461502075,0.9999152421951294,0.8251167237758636
f7c18351-3fc4-459b-818f-e57fd1e4cc0d,Testleder,Vil du lede arbeidet som sikrer at teknologi i verdensklasse faktisk fungerer når det virkelig gjelder?,"Elektronikkingeniører, Testingeniør elektronikk og telekommunikasjon, Elektronikkingeniører",KONGSBERG,http://data.europa.eu/esco/skill/21d2f96d-35f7-4e3f-9745-c533d2dd6e97,dataprogrammering,digital_consensus,0.5879353880882263,0.8702048063278198,0.08961606025695801
f7c18351-3fc4-459b-818f-e57fd1e4cc0d,Verifikasjon,Vil du lede arbeidet som sikrer at teknologi i verdensklasse faktisk fungerer når det virkelig gjelder?,"Elektronikkingeniører, Testingeniør elektronikk og telekommunikasjon, Elektronikkingeniører",KONGSBERG,http://data.europa.eu/esco/skill/3ff589b7-68df-4ea5-ae41-b395bdb2378f,IKT-sikkerhetsstandarder,digital_consensus,0.5315025448799133,0.9802625775337219,0.3087189793586731
95a8bfa2-f8ad-46d7-aceb-a06696703dc3,Dataanalyse,"Trives du med tall, liker å finne mønstre i data -- og kan forklare det du finner på en enkel måte?","Personal- og karriererådgivere, HR-rådgiver, personalkonsulent",OSLO,http://data.europa.eu/esco/skill/97bd1c21-66b2-4b7e-ad0f-e3cda590e378,dataanalyse,exact,,1.0,
587fd70e-bec0-45be-b94a-cd9fa6ab9270,Automatiker,Er du vår nye Test operatør?,"Montører av elektriske og elektroniske produkter, Produksjonselektroniker, Automatikere, Automatiker, Automatikere, Avioniker, flytekniker",KONGSBERG,http://data.europa.eu/esco/skill/7a950986-27fe-4b6c-adf3-88f211e77019,robotkomponenter,digital_consensus,0.6843463182449341,0.9831464886665344,0.0006955862045288086
587fd70e-bec0-45be-b94a-cd9fa6ab9270,Elektronikk,Er du vår nye Test operatør?,"Montører av elektriske og elektroniske produkter, Produksjonselektroniker, Automatikere, Automatiker, Automatikere, Avioniker, flytekniker",KONGSBERG,http://data.europa.eu/esco/skill/95c35c3a-035f-47c2-90cf-7e934d20fc08,elektronikk,exact,,1.0,
5b693a29-03f8-4b58-9922-c9949ca8ab9e,Elektronikk,Vil du jobbe med elektronikk og bidra til å utvikle løsninger som gjør en forskjell?,"Utviklingsingeniør elektronikk og telekommunikasjon, Elektronikkingeniører, Elektronikkingeniører, Elektronikktekniker, tekniker, mikroelektronikk",KONGSBERG,http://data.europa.eu/esco/skill/95c35c3a-035f-47c2-90cf-7e934d20fc08,elektronikk,exact,,1.0,
5b693a29-03f8-4b58-9922-c9949ca8ab9e,FPGA,Vil du jobbe med elektronikk og bidra til å utvikle løsninger som gjør en forskjell?,"Utviklingsingeniør elektronikk og telekommunikasjon, Elektronikkingeniører, Elektronikkingeniører, Elektronikktekniker, tekniker, mikroelektronikk",KONGSBERG,http://data.europa.eu/esco/skill/fb601189-afa9-4a7b-8430-21a906483072,FPGA,exact,,1.0,
5b693a29-03f8-4b58-9922-c9949ca8ab9e,Produktutvikling,Vil du jobbe med elektronikk og bidra til å utvikle løsninger som gjør en forskjell?,"Utviklingsingeniør elektronikk og telekommunikasjon, Elektronikkingeniører, Elektronikkingeniører, Elektronikktekniker, tekniker, mikroelektronikk",KONGSBERG,http://data.europa.eu/esco/skill/4f6b656a-54d0-48ce-9b55-ebcac5904a14,håndtere geospatiale teknologier,digital_consensus,0.6504983901977539,0.9169093370437622,0.013612568378448486
5b693a29-03f8-4b58-9922-c9949ca8ab9e,Systemdesign,Vil du jobbe med elektronikk og bidra til å utvikle løsninger som gjør en forskjell?,"Utviklingsingeniør elektronikk og telekommunikasjon, Elektronikkingeniører, Elektronikkingeniører, Elektronikktekniker, tekniker, mikroelektronikk",KONGSBERG,http://data.europa.eu/esco/skill/fae27053-8924-4bfd-b565-c9fe502044c9,systemdesign,exact,,1.0,
7ed18ec4-889e-4e56-88b7-76ca08fd09d3,Digitalisering,Rådgiver faktura,"Revisorer, regnskapsrådgivere, regnskapsfører, Regnskapsrådgiver",STAVANGER,http://data.europa.eu/esco/skill/aa0d8201-5a8e-417f-81f4-c04601139582,digitalisering,exact,,1.0,
7ed18ec4-889e-4e56-88b7-76ca08fd09d3,ERP,Rådgiver faktura,"Revisorer, regnskapsrådgivere, regnskapsfører, Regnskapsrådgiver",STAVANGER,http://data.europa.eu/esco/skill/09f4c52b-ac72-4f0e-a8ae-78bb1d7bffba,transportprogramvare relatert til et ERP-system,digital_consensus,0.5528852343559265,0.9972111582756042,0.9701170120388269
d1cd5ad2-362c-4a55-889e-17948c80c190,ERP,"Ledererfaring fra lager, logistikk, produksjon?","Lagermedarbeidere og materialforvaltere, Lagerformann",MOLDE,http://data.europa.eu/esco/skill/09f4c52b-ac72-4f0e-a8ae-78bb1d7bffba,transportprogramvare relatert til et ERP-system,digital_consensus,0.5528852343559265,0.9972111582756042,0.9701170120388269
4fa105d8-ac95-4b7d-a1dd-42c1a30e9374,UI,Vil du jobbe med brukeropplevelse fra der du er?,"Grafiske og multimediadesignere, UX-Designer, UX-Designer",ØLENSVÅG,http://data.europa.eu/esco/skill/1019423b-3368-4f83-b24f-19e5fa23e816,designmønstre for brukergrensesnitt for programvare,digital_consensus,0.5992202162742615,0.9985635876655579,0.03585779666900635
4fa105d8-ac95-4b7d-a1dd-42c1a30e9374,UX-designer,Vil du jobbe med brukeropplevelse fra der du er?,"Grafiske og multimediadesignere, UX-Designer, UX-Designer",ØLENSVÅG,http://data.europa.eu/esco/skill/1019423b-3368-4f83-b24f-19e5fa23e816,designmønstre for brukergrensesnitt for programvare,digital_consensus,0.5588029623031616,0.9994383454322815,0.0010673999786376953
4fa105d8-ac95-4b7d-a1dd-42c1a30e9374,mobilapplikasjon,Vil du jobbe med brukeropplevelse fra der du er?,"Grafiske og multimediadesignere, UX-Designer, UX-Designer",ØLENSVÅG,http://data.europa.eu/esco/skill/b8c01891-e3df-4a4b-948d-95b45e1788f5,programvarerammeverk for mobile enheter,digital_consensus,0.5824528932571411,0.9593137502670288,0.8147287219762802
ef0f6423-718d-48ca-bde3-287557b6e1c0,Sanering,Are you tough enough to demolish buildings?,"Andre bygningsarbeidere, Rivingsarbeider, byggarbeider",OSLO,http://data.europa.eu/esco/skill/2973b3bc-5893-4b3d-8953-22ef677a162f,kutteteknologier,digital_consensus,0.5255371332168579,0.9839547872543335,0.03993338346481323
02077652-7807-4dcf-9969-8090997d7c9b,Digitalisering,Avdelingsleder tjenesteforvaltning og infrastruktur,"Avdelingsleder, Avdelingsleder, Andre ledere av produksjon og tjenesteyting",SANDNES,http://data.europa.eu/esco/skill/aa0d8201-5a8e-417f-81f4-c04601139582,digitalisering,exact,,1.0,
02077652-7807-4dcf-9969-8090997d7c9b,Informasjonssikkerhet,Avdelingsleder tjenesteforvaltning og infrastruktur,"Avdelingsleder, Avdelingsleder, Andre ledere av produksjon og tjenesteyting",SANDNES,http://data.europa.eu/esco/skill/8088750d-8388-4170-a76f-48354c469c44,informasjonssikkerhet,exact,,1.0,
06793437-25e7-4333-8de9-e14635773e8d,Digitalisering,Vil du videreutvikle Norges KI-politikk? ,"Høyere saksbehandlere i offentlig og privat virksomhet, Høyere saksbehandlere i offentlig og privat virksomhet, Høyere saksbehandlere i offentlig og privat virksomhet, Utredningsleder juridisk utredning, offentlig administrasjon, Seniorrådgiver offentlig administrasjon",OSLO,http://data.europa.eu/esco/skill/aa0d8201-5a8e-417f-81f4-c04601139582,digitalisering,exact,,1.0,
0ed34362-9a7d-4507-ab75-5297692d6600,AI,PhD Candidate in Artic Maritime Operations AI-Enabled Forecasting and Decision Support,"Universitets- og høyskolelektorer/-lærere, Postdoktor, Universitets- og høyskolelektorer/-lærere",TRONDHEIM,http://data.europa.eu/esco/skill/e465a154-93f7-4973-9ce1-31659fe16dd2,prinsipper for kunstig intelligens,digital_consensus,0.5584366917610168,0.99960857629776,0.001320481300354004
0ed34362-9a7d-4507-ab75-5297692d6600,Maskinlæring,PhD Candidate in Artic Maritime Operations AI-Enabled Forecasting and Decision Support,"Universitets- og høyskolelektorer/-lærere, Postdoktor, Universitets- og høyskolelektorer/-lærere",TRONDHEIM,http://data.europa.eu/esco/skill/3a2d5b45-56e4-4f5a-a55a-4a4a65afdc43,maskinlæring,exact,,1.0,
12376080-7fe2-461a-87dc-3c3cc47ced83,Digitalisering,IAM Spesialist,"Applikasjonsutvikler (IAM), Applikasjonsutvikler (IAM), Applikasjonsprogrammerere",OSLO,http://data.europa.eu/esco/skill/aa0d8201-5a8e-417f-81f4-c04601139582,digitalisering,exact,,1.0,
12376080-7fe2-461a-87dc-3c3cc47ced83,IAM,IAM Spesialist,"Applikasjonsutvikler (IAM), Applikasjonsutvikler (IAM), Applikasjonsprogrammerere",OSLO,http://data.europa.eu/esco/skill/33efa504-2f26-424d-b662-cee77e6e9c93,IAM,exact,,1.0,
12376080-7fe2-461a-87dc-3c3cc47ced83,IT-sikkerhet,IAM Spesialist,"Applikasjonsutvikler (IAM), Applikasjonsutvikler (IAM), Applikasjonsprogrammerere",OSLO,http://data.europa.eu/esco/skill/8088750d-8388-4170-a76f-48354c469c44,IT-sikkerhet,exact,,1.0,
1537927f-0afa-4dd9-9b5b-f7d121cf32b1,.NET,Systemutvikler,"Systemutvikler, Systemutvikler, Systemanalytikere/-arkitekter",TRONDHEIM,http://data.europa.eu/esco/skill/13bdd41a-2a18-441f-96db-41252c519413,.NET,exact,,1.0,
1537927f-0afa-4dd9-9b5b-f7d121cf32b1,Applikasjonsutvikling,Systemutvikler,"Systemutvikler, Systemutvikler, Systemanalytikere/-arkitekter",TRONDHEIM,http://data.europa.eu/esco/skill/21d2f96d-35f7-4e3f-9745-c533d2dd6e97,dataprogrammering,digital_consensus,0.5943239331245422,0.9518090486526489,0.7352614402770996
1537927f-0afa-4dd9-9b5b-f7d121cf32b1,C#,Systemutvikler,"Systemutvikler, Systemutvikler, Systemanalytikere/-arkitekter",TRONDHEIM,http://data.europa.eu/esco/skill/4c016b68-4116-468c-9dc6-42710c239e4a,C#,exact,,1.0,
1537927f-0afa-4dd9-9b5b-f7d121cf32b1,IT,Systemutvikler,"Systemutvikler, Systemutvikler, Systemanalytikere/-arkitekter",TRONDHEIM,http://data.europa.eu/esco/skill/ddc3119d-1d6e-4324-9125-a3380d299ac5,IT,exact,,1.0,
1537927f-0afa-4dd9-9b5b-f7d121cf32b1,Programmerer,Systemutvikler,"Systemutvikler, Systemutvikler, Systemanalytikere/-arkitekter",TRONDHEIM,http://data.europa.eu/esco/skill/21d2f96d-35f7-4e3f-9745-c533d2dd6e97,dataprogrammering,digital_consensus,0.6060227751731873,0.9829521775245667,0.035317838191986084
1537927f-0afa-4dd9-9b5b-f7d121cf32b1,Systemutvikler,Systemutvikler,"Systemutvikler, Systemutvikler, Systemanalytikere/-arkitekter",TRONDHEIM,http://data.europa.eu/esco/skill/21d2f96d-35f7-4e3f-9745-c533d2dd6e97,dataprogrammering,digital_consensus,0.6546458005905151,0.9988632202148438,0.002029597759246826
169f590f-1e99-421f-815d-e5c8bab458cb,GIS,Ingeniør GIS og geodata,"Landmålere, kartografer mv., GIS spesialist, GIS-spesialist, Sivilingeniører (geofag, petro-leumsteknologi, metallurgi mv.);, Geodataingeniør",LØRENSKOG,http://data.europa.eu/esco/skill/377861af-f966-4c87-a2db-7e99904312b9,gis,exact,,1.0,
169f590f-1e99-421f-815d-e5c8bab458cb,Geodata,Ingeniør GIS og geodata,"Landmålere, kartografer mv., GIS spesialist, GIS-spesialist, Sivilingeniører (geofag, petro-leumsteknologi, metallurgi mv.);, Geodataingeniør",LØRENSKOG,http://data.europa.eu/esco/skill/377861af-f966-4c87-a2db-7e99904312b9,geografiske informasjonssystemer,digital_consensus,0.6458449959754944,0.9993603825569153,0.0004495978355407715
169f590f-1e99-421f-815d-e5c8bab458cb,Landmåling,Ingeniør GIS og geodata,"Landmålere, kartografer mv., GIS spesialist, GIS-spesialist, Sivilingeniører (geofag, petro-leumsteknologi, metallurgi mv.);, Geodataingeniør",LØRENSKOG,http://data.europa.eu/esco/skill/377861af-f966-4c87-a2db-7e99904312b9,geografiske informasjonssystemer,digital_consensus,0.5751031637191772,0.8627081513404846,0.013857901096343994
1fb23b93-92c0-4bc2-b25e-54dcf1fcaff5,ERP,"Strukturert, ansvarsfull og god på kommunikasjon? Bli med i vårt voksende innkjøpsteam!","Innkjøper, Innkjøper, Innkjøpere",KONGSBERG,http://data.europa.eu/esco/skill/09f4c52b-ac72-4f0e-a8ae-78bb1d7bffba,transportprogramvare relatert til et ERP-system,digital_consensus,0.5528852343559265,0.9972111582756042,0.9701170120388269
4fcb2d64-2db0-41e2-95b2-1ca310554ab5,Kroppsøving,Universitetslektor i kroppsøving og idrettsfag (50 % stilling),"Universitets- og høyskolelektorer/-lærere, Universitetslektor, Universitets- og høyskolelektorer/-lærere",OSLO,http://data.europa.eu/esco/skill/21d2f96d-35f7-4e3f-9745-c533d2dd6e97,dataprogrammering,digital_consensus,0.5808157324790955,0.8279473185539246,0.013331234455108643
4fecacee-affc-43dc-a2ab-6237b6f9f7cd,.NET,Vil du være med å utvikle viktige digitale løsninger?,"Systemanalytikere/-arkitekter, Systemutvikler, Systemanalytikere/-arkitekter, Rådgiver digital samhandling, Systemanalytikere/-arkitekter, Rådgiver data, IKT-konsulent",OSLO,http://data.europa.eu/esco/skill/13bdd41a-2a18-441f-96db-41252c519413,.NET,exact,,1.0,
4fecacee-affc-43dc-a2ab-6237b6f9f7cd,C#,Vil du være med å utvikle viktige digitale løsninger?,"Systemanalytikere/-arkitekter, Systemutvikler, Systemanalytikere/-arkitekter, Rådgiver digital samhandling, Systemanalytikere/-arkitekter, Rådgiver data, IKT-konsulent",OSLO,http://data.europa.eu/esco/skill/4c016b68-4116-468c-9dc6-42710c239e4a,C#,exact,,1.0,
4fecacee-affc-43dc-a2ab-6237b6f9f7cd,Digitalisering,Vil du være med å utvikle viktige digitale løsninger?,"Systemanalytikere/-arkitekter, Systemutvikler, Systemanalytikere/-arkitekter, Rådgiver digital samhandling, Systemanalytikere/-arkitekter, Rådgiver data, IKT-konsulent",OSLO,http://data.europa.eu/esco/skill/aa0d8201-5a8e-417f-81f4-c04601139582,digitalisering,exact,,1.0,
4fecacee-affc-43dc-a2ab-6237b6f9f7cd,IT,Vil du være med å utvikle viktige digitale løsninger?,"Systemanalytikere/-arkitekter, Systemutvikler, Systemanalytikere/-arkitekter, Rådgiver digital samhandling, Systemanalytikere/-arkitekter, Rådgiver data, IKT-konsulent",OSLO,http://data.europa.eu/esco/skill/ddc3119d-1d6e-4324-9125-a3380d299ac5,IT,exact,,1.0,
4fecacee-affc-43dc-a2ab-6237b6f9f7cd,Programmerer,Vil du være med å utvikle viktige digitale løsninger?,"Systemanalytikere/-arkitekter, Systemutvikler, Systemanalytikere/-arkitekter, Rådgiver digital samhandling, Systemanalytikere/-arkitekter, Rådgiver data, IKT-konsulent",OSLO,http://data.europa.eu/esco/skill/21d2f96d-35f7-4e3f-9745-c533d2dd6e97,dataprogrammering,digital_consensus,0.6060227751731873,0.9829521775245667,0.035317838191986084
4fecacee-affc-43dc-a2ab-6237b6f9f7cd,Systemutvikler,Vil du være med å utvikle viktige digitale løsninger?,"Systemanalytikere/-arkitekter, Systemutvikler, Systemanalytikere/-arkitekter, Rådgiver digital samhandling, Systemanalytikere/-arkitekter, Rådgiver data, IKT-konsulent",OSLO,http://data.europa.eu/esco/skill/21d2f96d-35f7-4e3f-9745-c533d2dd6e97,dataprogrammering,digital_consensus,0.6546458005905151,0.9988632202148438,0.002029597759246826
55e14807-8a63-4c3e-ad73-156112680d4d,Hjelpemidler,Ergoterapeut i mestringsteam,"Ergoterapeuter, Ergoterapeut",SAGSTUA,http://data.europa.eu/esco/skill/8759c352-8b00-498f-985a-935f13e1b043,hjelpemidler,exact,,1.0,
5d7181bd-c99e-4a85-8776-9a7d55d0bd6d,Digitalisering,Rådgiver (IT-arkivar),"Høyere saksbehandlere i offentlig og privat virksomhet, Rådgiver (offentlig administrasjon), Høyere saksbehandlere i offentlig og privat virksomhet, IT-arkivar, IT-arkivar, Arkivarer og kuratorer",HOMMELVIK,http://data.europa.eu/esco/skill/aa0d8201-5a8e-417f-81f4-c04601139582,digitalisering,exact,,1.0,
66dae329-fbfe-4ab3-b96d-718bce79143f,DevOps,Vil du bygge sky for graderte plattformer? Vi søker  plattformingeniører,"Sivilingeniører (geofag, petro-leumsteknologi, metallurgi mv.);, Sivilingeniører (geofag, petro-leumsteknologi, metallurgi mv.);, Applikasjonsprogrammerere, Andre programvare- og applikasjonsutviklere, programvaretester, Sivilingeniør (offshoreteknologi), Offshore boreingeniør, Linux-ingeniør, Automatiseringsingeniør kontroll og testing",OSLO,http://data.europa.eu/esco/skill/f0de4973-0a70-4644-8fd4-3a97080476f4,DevOps,exact,,1.0,
6867bef0-bfde-48fb-b702-8b034a6f5f67,IT, RPA Engineer,"Robotic Process Automation (RPA) Utvikler, Robotic Process Automation (RPA) Utvikler, Programvareutviklere",OSLO,http://data.europa.eu/esco/skill/ddc3119d-1d6e-4324-9125-a3380d299ac5,IT,exact,,1.0,
6867bef0-bfde-48fb-b702-8b034a6f5f67,Programmering, RPA Engineer,"Robotic Process Automation (RPA) Utvikler, Robotic Process Automation (RPA) Utvikler, Programvareutviklere",OSLO,http://data.europa.eu/esco/skill/21d2f96d-35f7-4e3f-9745-c533d2dd6e97,dataprogrammering,digital_consensus,0.714440643787384,0.9188328981399536,0.2761046886444092
6f2183d7-a137-4f4e-8c25-b7e977d61d5d,LIS,Lege i spesialisering med forløp mot ortopedisk kirurgi,"Allmennpraktiserende leger, Lege i spesialisering, Legespesialister",BODØ,http://data.europa.eu/esco/skill/0cd6dcf1-5778-42a5-b685-4d01ae4a4871,Common Lisp,digital_consensus,0.6051489114761353,0.999724805355072,0.0015864968299865723
70dc3ba4-3ea0-4959-a10d-1c803782a26d,Produktutvikling,Er du en erfaren teamlead som vil lede et av våre produktteam?,"Kundebehandlere lån og kreditt, Miljøarbeidere innen sosiale fagfelt, sosialarbeider, Teamleder (bank), Miljøarbeider sosiale fagfelt",DRAMMEN,http://data.europa.eu/esco/skill/4f6b656a-54d0-48ce-9b55-ebcac5904a14,håndtere geospatiale teknologier,digital_consensus,0.6504983901977539,0.9169093370437622,0.013612568378448486
71ce38ca-0c08-451b-9764-9badf27c819b,Angular,Vil du forme fremtiden? Bli med som Fullstackutvikler og skap trygge og gode hjem!,"Programvareutviklere, Fullstackutvikler, programvareutvikler",BODØ,http://data.europa.eu/esco/skill/1ffac4ac-fda7-407d-8ed1-ca8f4a8dc146,Angular,exact,,1.0,
71ce38ca-0c08-451b-9764-9badf27c819b,IT,Vil du forme fremtiden? Bli med som Fullstackutvikler og skap trygge og gode hjem!,"Programvareutviklere, Fullstackutvikler, programvareutvikler",BODØ,http://data.europa.eu/esco/skill/ddc3119d-1d6e-4324-9125-a3380d299ac5,IT,exact,,1.0,
71ce38ca-0c08-451b-9764-9badf27c819b,Java,Vil du forme fremtiden? Bli med som Fullstackutvikler og skap trygge og gode hjem!,"Programvareutviklere, Fullstackutvikler, programvareutvikler",BODØ,http://data.europa.eu/esco/skill/19a8293b-8e95-4de3-983f-77484079c389,Java,exact,,1.0,
71ce38ca-0c08-451b-9764-9badf27c819b,Programmerer,Vil du forme fremtiden? Bli med som Fullstackutvikler og skap trygge og gode hjem!,"Programvareutviklere, Fullstackutvikler, programvareutvikler",BODØ,http://data.europa.eu/esco/skill/21d2f96d-35f7-4e3f-9745-c533d2dd6e97,dataprogrammering,digital_consensus,0.6060227751731873,0.9829521775245667,0.035317838191986084
73c75995-476d-4ff6-a6a5-81767be11972,CAE,Strukturanalytiker,"Systemanalytikere/-arkitekter, IT-ingeniør, dataingeniør",KONGSBERG,http://data.europa.eu/esco/skill/9ab0a456-e4f6-4070-a360-46e1009b6c0d,bruke CAE-programvare,digital_consensus,0.6209384799003601,0.9994140863418579,0.9986907638376579
8249c779-dce8-46a0-bda7-f008d3ed7f4f,Medieteknikk,Lydtekniker ,"Lydtekniker, Lydtekniker, Teknikere innen radio og tv",JESSHEIM,http://data.europa.eu/esco/skill/a520b743-8f40-43ac-a2d5-755899120844,lydteknologi,digital_consensus,0.5588957667350769,0.84284508228302,0.1687045693397522
84116f51-d144-4f54-8c7c-0d696cb774bc,Digitalisering,Kommunalsjef - Personal og organisasjon,"Toppledere i offentlig administrasjon, Personalsjefer, Toppledere i interesseorganisasjoner, Andre administrative ledere, Kommunalsjef, Kommunalsjef (HR), Organisasjonssjef",ULSTEINVIK,http://data.europa.eu/esco/skill/aa0d8201-5a8e-417f-81f4-c04601139582,digitalisering,exact,,1.0,
8eefe1af-2271-4fca-bdd0-6340e1dd72b6,Digitalisering,Rådgiver,"Sykepleiere, Sykepleier, sykepleier",BODØ,http://data.europa.eu/esco/skill/aa0d8201-5a8e-417f-81f4-c04601139582,digitalisering,exact,,1.0,
929441b6-1545-408f-85b1-95af26aa3bbc,ERP,Er du vår nye rådgiver med sans for analyse og rådgivning?,"Revisorer, regnskapsrådgivere, Regnskapsrådgiver, regnskapsfører",TRONDHEIM,http://data.europa.eu/esco/skill/09f4c52b-ac72-4f0e-a8ae-78bb1d7bffba,transportprogramvare relatert til et ERP-system,digital_consensus,0.5528852343559265,0.9972111582756042,0.9701170120388269
a8716dd2-3a3b-4637-976a-2c5575fd9fed,LIS3,Vil du bli psykiater?                              Vi søker LIS3 til UNN Tromsø,"Lege i spesialisering i psykiatri, Lege i spesialisering i psykiatri, Legespesialister",TROMSØ,http://data.europa.eu/esco/skill/0cd6dcf1-5778-42a5-b685-4d01ae4a4871,Common Lisp,digital_consensus,0.5861812233924866,0.999950647354126,3.814697265625e-06
bbfe85d2-fe49-49aa-9839-1d37ab4ed2d4,Digitalisering,Statsautorisert regnskapsfører,"Statsautorisert regnskapsfører, Statsautorisert regnskapsfører, Regnskapsførere",BODØ,http://data.europa.eu/esco/skill/aa0d8201-5a8e-417f-81f4-c04601139582,digitalisering,exact,,1.0,
c989538d-2c07-4542-8e9f-a821515a79f2,Programmering,Er du vår nye lærer i matematikk og naturfag?,"Lærer, Lærer, Grunnskolelærere",FJELLHAMAR,http://data.europa.eu/esco/skill/21d2f96d-35f7-4e3f-9745-c533d2dd6e97,dataprogrammering,digital_consensus,0.714440643787384,0.9188328981399536,0.2761046886444092
dfffa994-eb44-4224-b802-a4fcbcaf38ea,Formidler,Formidler/Museumspedagog ,"Arkivarer og kuratorer, Museumsformidler, turistguide",SALHUS,http://data.europa.eu/esco/skill/c1b4aa1e-bc42-49e4-952a-0cbd45f1d57b,museumsdatabaser,digital_consensus,0.5396400094032288,0.9468321204185486,0.012321650981903076
dfffa994-eb44-4224-b802-a4fcbcaf38ea,Museumspedagog,Formidler/Museumspedagog ,"Arkivarer og kuratorer, Museumsformidler, turistguide",SALHUS,http://data.europa.eu/esco/skill/c1b4aa1e-bc42-49e4-952a-0cbd45f1d57b,museumsdatabaser,digital_consensus,0.6700812578201294,0.9929260015487671,0.0005102157592773438
e0f8ebf7-a41c-4753-b83d-de5eddc5ba8c,Angular,Er du en dyktig frontendutvikler som vil bidra til at alle skal bo godt og trygt?,"Frontend-utvikler, Frontend-utvikler, Systemanalytikere/-arkitekter",DRAMMEN,http://data.europa.eu/esco/skill/1ffac4ac-fda7-407d-8ed1-ca8f4a8dc146,Angular,exact,,1.0,
e0f8ebf7-a41c-4753-b83d-de5eddc5ba8c,IT,Er du en dyktig frontendutvikler som vil bidra til at alle skal bo godt og trygt?,"Frontend-utvikler, Frontend-utvikler, Systemanalytikere/-arkitekter",DRAMMEN,http://data.europa.eu/esco/skill/ddc3119d-1d6e-4324-9125-a3380d299ac5,IT,exact,,1.0,
e0f8ebf7-a41c-4753-b83d-de5eddc5ba8c,Programmerer,Er du en dyktig frontendutvikler som vil bidra til at alle skal bo godt og trygt?,"Frontend-utvikler, Frontend-utvikler, Systemanalytikere/-arkitekter",DRAMMEN,http://data.europa.eu/esco/skill/21d2f96d-35f7-4e3f-9745-c533d2dd6e97,dataprogrammering,digital_consensus,0.6060227751731873,0.9829521775245667,0.035317838191986084
e0f8ebf7-a41c-4753-b83d-de5eddc5ba8c,TypeScript,Er du en dyktig frontendutvikler som vil bidra til at alle skal bo godt og trygt?,"Frontend-utvikler, Frontend-utvikler, Systemanalytikere/-arkitekter",DRAMMEN,http://data.europa.eu/esco/skill/867137fb-ff1b-4ca3-99f3-cb6969aa2c68,TypeScript,exact,,1.0,
e1a07046-b212-40ff-add0-0c7de32b4c0e,Digital sikkerhet,Førsteamanuensis/førstelektor/universitetslektor/høyskolelærer i datasikkerhet,"Førsteamanuensis, Førsteamanuensis, Universitets- og høyskolelektorer/-lærere",NARVIK,http://data.europa.eu/esco/skill/8088750d-8388-4170-a76f-48354c469c44,digital sikkerhet,exact,,1.0,
e1a07046-b212-40ff-add0-0c7de32b4c0e,IT-sikkerhet,Førsteamanuensis/førstelektor/universitetslektor/høyskolelærer i datasikkerhet,"Førsteamanuensis, Førsteamanuensis, Universitets- og høyskolelektorer/-lærere",NARVIK,http://data.europa.eu/esco/skill/8088750d-8388-4170-a76f-48354c469c44,IT-sikkerhet,exact,,1.0,
e581f800-d893-4caa-a1cb-312112c99d97,elektronikk,PhD Candidate in direct-write nanopatterning of functional materials,"Universitets- og høyskolelektorer/-lærere, Stipendiat, Universitets- og høyskolelektorer/-lærere, Stipendiat",TRONDHEIM,http://data.europa.eu/esco/skill/95c35c3a-035f-47c2-90cf-7e934d20fc08,elektronikk,exact,,1.0,
f9834c16-a4d2-4b37-909f-d87449e511d1,Digitalisering,"Vil du lede anskaffelsen av vårt nye FDV-system?
","Høyere saksbehandlere i offentlig og privat virksomhet, Prosjektleder offentlig sektor, leder i offentlig forvaltning",HARSTAD,http://data.europa.eu/esco/skill/aa0d8201-5a8e-417f-81f4-c04601139582,digitalisering,exact,,1.0,
f9834c16-a4d2-4b37-909f-d87449e511d1,IT-prosjekt,"Vil du lede anskaffelsen av vårt nye FDV-system?
","Høyere saksbehandlere i offentlig og privat virksomhet, Prosjektleder offentlig sektor, leder i offentlig forvaltning",HARSTAD,http://data.europa.eu/esco/skill/bec4359e-cb92-468f-a997-8fb28e32fba9,Metoder innen IKT-prosjektledelse,digital_consensus,0.5568580627441406,0.9992220401763916,0.0009100437164306641
fa4a66e0-0822-4ea7-b7d3-2d210f62ff15,Kvanteteknologi,Associate Professor in theoretical or computational quantum technology,"Universitets- og høyskolelektorer/-lærere, Universitets- og høyskolelektorer/-lærere, Førsteamanuensis, Førsteamanuensis, Professor",OSLO,http://data.europa.eu/esco/skill/89839842-a111-411f-b64a-94354d6118e0,kvanteteknologi,exact,,1.0,
fa4a66e0-0822-4ea7-b7d3-2d210f62ff15,Programmering,Associate Professor in theoretical or computational quantum technology,"Universitets- og høyskolelektorer/-lærere, Universitets- og høyskolelektorer/-lærere, Førsteamanuensis, Førsteamanuensis, Professor",OSLO,http://data.europa.eu/esco/skill/21d2f96d-35f7-4e3f-9745-c533d2dd6e97,dataprogrammering,digital_consensus,0.714440643787384,0.9188328981399536,0.2761046886444092
fba27cfd-2e82-4c62-8849-136651636d3b,Dokumentforvaltning,To-årig stilling som prosjektleiar,"Andre administrative ledere, prosjektleder, Prosjektleder",OSLO,http://data.europa.eu/esco/skill/bec4359e-cb92-468f-a997-8fb28e32fba9,Metoder innen IKT-prosjektledelse,digital_consensus,0.5678485035896301,0.9981982111930847,0.00032395124435424805
1ad2bad2-1e53-4aee-b914-dc960a1befff,Programfag,"Lærer til programfag på Salg, service og reiseliv","Yrkesfaglærer, Yrkesfaglærer, Yrkesfaglærere",Missing location,http://data.europa.eu/esco/skill/21d2f96d-35f7-4e3f-9745-c533d2dd6e97,dataprogrammering,digital_consensus,0.4712120592594147,0.9775290489196777,0.01422053575515747
19d223a6-09af-47c0-9805-ecb2f59756bf,C++,Brenner du for ledelse og teknologi?,"Programvareutvikler, Programvareutvikler, Programvareutviklere",KONGSBERG,http://data.europa.eu/esco/skill/b633eb55-8f1f-4ae6-ab4c-2022ffe2cb7f,C++,exact,,1.0,
19d223a6-09af-47c0-9805-ecb2f59756bf,Scrum,Brenner du for ledelse og teknologi?,"Programvareutvikler, Programvareutvikler, Programvareutviklere",KONGSBERG,http://data.europa.eu/esco/skill/bec4359e-cb92-468f-a997-8fb28e32fba9,Scrum,exact,,1.0,
d9ac5b87-79bc-4008-bb61-effd8b985c50,Datateknikk,Avdelingsleder - Medisinsk teknisk avdeling,"Elektronikkingeniører, Tekniker for maskinvare- og datateknikk, Elektronikkingeniører, Datatekniker, maskinvaretester, Sivilingeniører (elektronikk);, Avdelingsingeniør - Medisinsk teknisk seksjon, ingeniør, medisinsk teknologi",BODØ,http://data.europa.eu/esco/skill/21d2f96d-35f7-4e3f-9745-c533d2dd6e97,dataprogrammering,digital_consensus,0.59114009141922,0.9577919244766235,0.358096182346344
77146623-50e6-42f9-b913-d59b15f8da96,Elektronikk,Vil du jobbe med komplekse systemer og bidra til å trygge nasjonens sikkerhet?,"Prosjektingeniør, Andre sivilingeniører( unntatt elektroteknologi), Serviceelektronikere, Elektroniker (dataelektroniker), Serviceelektronikere",KONGSBERG,http://data.europa.eu/esco/skill/95c35c3a-035f-47c2-90cf-7e934d20fc08,elektronikk,exact,,1.0,
8e3cfa41-6e58-4927-a4dc-db5ba17a5dd7,Visuell design,UI/UX designer,"Nett- og multimediautviklere, Grafiske- og multimediadesignere, Brukergrensesnittdesigner, Brukergrensesnittdesigner, UX-Designer",OSLO,http://data.europa.eu/esco/skill/7fb699d9-182a-430e-b7a0-6d8ed05c284b,grafisk design,digital_consensus,0.729133129119873,0.9825819730758667,0.4967925548553467
