skill,job_count
Omsorg,1471
Kundeservice,1396
Helse,1106
Butikk,1057
Salg,981
Leder,895
Service,839
Kontor,808
Sykepleier,716
Kasse,636
Butikkmedarbeider,632
Personalansvar,618
Administrasjon,571
Sykehus,565
Assistent,543
Veiledning,533
Barn,519
Tverrfaglig samarbeid,476
Ledelse,475
Rådgiver,472
Vedlikehold,471
Teamarbeid,470
Barnehage,469
Prosjektledelse,446
Helsefagarbeider,441
Industri,433
Pleie,411
HMS,402
Kundebehandling,402
Renhold,382
Pasientbehandling,381
Bygg,377
Vernepleier,368
Analyse,367
Saksbehandling,359
Ingeniør,356
Varepåfylling,353
Matlaging,351
Offentlig forvaltning,337
Lager,329
Økonomi,325
Logistikk,321
Restaurant,315
Psykisk helse,309
Offentlig sektor,304
Miljøterapeut,301
Hjemmetjeneste,295
Skole,272
Rehabilitering,269
Produksjon,268
Sikkerhet,265
Servering,262
Sykehjem,256
BPA,246
Prosjektleder,243
Fagbrev,243
Selger,238
Lek,238
Dagligvare,229
Kjøkken,225
Pedagogikk,224
Regnskap,222
Personlig assistent,214
Undervisning,211
Miljøarbeid,210
Salgsmedarbeider,209
Pasientkontakt,203
Elektro,198
Lege,196
Relasjonsbygging,194
Verksted,192
Strategi,192
Planlegging,191
Digitalisering,186
Barnehagelærer,184
Avdelingsleder,182
Kantine,181
Transport,179
Dokumentasjon,177
Miljøarbeider,175
Pedagogisk arbeid,174
Kommunikasjon,174
IT,174
Beredskap,173
Rådgivning,173
Seniorrådgiver,172
Kokk,171
Helsefag,171
Prosjektarbeid,169
Økonomistyring,169
Barnevern,166
Feilsøking,165
Teknologi,164
Barne- og ungdomsarbeider,157
Pasientoppfølging,157
Sjåfør,156
Forvaltning,155
Autorisasjon,155
Teamleder,155
Reparasjon,155
Forretningsutvikling,151
HR,151
Bolig,150
Bygg og anlegg,150
Pedagogisk leder,150
Bofellesskap,146
Byggeplass,145
Fagarbeider,145
Butikkselger,144
Prosjektering,144
Rapportering,142
Eldreomsorg,142
Fysisk arbeid,141
Praktisk bistand,139
Mekaniker,139
Turnus,137
Poliklinikk,135
Kommunal helse,134
Elektriker,132
Rengjøring,128
Servitør,124
Drift,124
Forskning,123
Barn og unge,123
Endringsledelse,122
Innkjøp,122
Politi,121
Universitet,121
Ekstrahjelp,121
Kvalitetssikring,121
Anlegg,120
Sosialfag,119
Renholder,119
Finans,118
Behandling,117
Koordinering,117
Montering,115
Maritim,115
Sosialt arbeid,115
Hotell,114
Stell,114
Brukeroppfølging,112
Institusjon,111
ERP,110
Kvalitetskontroll,109
Butikkleder,109
Utredning,109
Teamledelse,108
Konsulent,108
Nattevakt,107
Sosionom,106
Barnehageassistent,106
Hygiene,105
Håndverker,104
Barnepass,104
Infrastruktur,103
Medikamenthåndtering,103
Elektronikk,101
Detaljhandel,101
Offshore,100
Teknisk leder,100
Matproduksjon,100
Varemottak,99
Varepåfyller,99
Legemiddelhåndtering,98
Prosjektstyring,97
Husarbeid,95
Serviceinnstilt,95
Butikksjef,95
Forsvar,94
Pedagog,94
Matservering,93
Automatisering,92
Laboratorium,91
Resepsjon,91
Hjelpepleier,91
Veileder,90
Teknisk drift,90
Utvikler,90
Nattarbeid,89
Vikar,89
Saksbehandler,88
B2B,88
Akuttmedisin,87
Hjemmehjelp,86
Hjemmesykepleie,86
Barnevernspedagog,86
Budsjettansvar,86
Sengepost,86
Arrangement,85
Tømrer,85
Forsvaret,84
Utviklingshemming,84
Ungdom,83
Arkiv,83
Organisasjonsutvikling,82
Automasjon,82
Markedsføring,82
Brukerstøtte,81
Økonomiansvar,81
Psykiatri,80
NAV,80
kontor,79
Tilsyn,79
Produktutvikling,79
Dataanalyse,79
Produksjonsmedarbeider,78
Forhandling,78
Spesialisthelsetjeneste,78
Kundeoppfølging,78
Revisjon,78
Opplæring,75
Oppfølging,74
Bærekraft,74
SAP,74
Gjestebehandling,74
Turnusarbeid,73
Klinisk arbeid,73
Omsorgsbolig,73
Lærer,73
Fabrikk,73
Salgsleder,72
Klinikk,71
Vann og avløp,71
Installasjon,71
Energi,71
Olje og gass,70
Virksomhetsstyring,70
IKT,70
Helsepersonell,70
Brukerstyrt personlig assistent,70
Excel,69
Habilitering,69
Forsikring,68
assistent,68
Bilverksted,68
Eiendom,68
Kafé,68
Internkontroll,67
Bil,67
Sosiale medier,67
Teknisk dokumentasjon,67
Varehåndtering,66
Python,66
Systemutvikling,66
CRM,66
Tannklinikk,66
Bank,65
omsorg,65
Tilkallingsvikar,65
Daglig leder,65
Mote,64
Jurist,64
Bilmekaniker,64
Varehandel,64
Avlastning,64
Ungdomsarbeid,63
Bar,63
Ordrebehandling,63
Miljø,63
Resultatansvar,63
Salgskonsulent,63
Risikovurdering,63
Laboratoriearbeid,63
Kvalitet,62
Relasjonskompetanse,62
Servicemedarbeider,62
Kirke,62
Teknisk salg,62
personlig assistent,62
Etterforskning,62
Rydding,61
Koordinator,60
Bistand,60
Pakking,60
Friluftsliv,60
Journalføring,60
Tverrfaglig team,59
Kundekontakt,59
Skiftarbeid,59
Serviceinnstilling,59
Programmering,59
Montør,59
Maskinfører,59
Informasjonssikkerhet,58
Kvalitetsarbeid,58
Vakt,58
Telefon,57
AI,57
Driftsleder,57
Demens,57
Miljøterapi,56
Kommunal sektor,56
Budsjett,56
Overlege,56
Rusbehandling,56
Elkraft,56
Legekontor,56
Velferdsteknologi,56
Rus,56
Gjesteservice,55
Servicetekniker,55
BPA-assistent,55
Forebyggende arbeid,55
Primærkontakt,55
Kundeopplevelse,55
Snekker,55
Tekniker,54
Prosjektingeniør,54
Inkludering,54
Autisme,54
Legevakt,54
Landbruk,53
Sjøfart,53
Teknisk arbeid,53
Psykolog,53
Entreprenør,53
Lønn,53
Beboeroppfølging,53
Operatør,52
Etterretning,52
Butikkarbeid,52
Bakeri,52
VVS,52
Helsesekretær,51
Kundesenter,51
Medisin,51
Azure,50
Utvikling,50
Interiør,50
Samferdsel,49
SFO,49
Demensomsorg,49
brukerstyrt personlig assistent,49
Tilrettelegging,48
Salgsarbeid,48
Kontorarbeid,48
Fagansvarlig,48
Forbedringsarbeid,47
Spesialpedagogikk,47
Seksjonsleder,47
Vaskehjelp,47
Offentlige anskaffelser,47
Oppsøkende salg,47
Truckfører,46
Barne- og ungdomsarbeid,46
IT-drift,46
Mat og drikke,46
Rådhus,46
Prosessforbedring,46
Tannhelse,46
Feltarbeid,46
Utviklingsarbeid,46
Rørlegger,46
IT-sikkerhet,45
B2B-salg,45
Rekruttering,45
Allmennmedisin,45
Aktivitetsleder,44
Formidling,44
Teknisk tegning,44
Observasjon,44
Fysioterapeut,44
Retail,44
Statistikk,44
Systemutvikler,43
Foreldresamarbeid,43
Spesialsykepleier,42
Strategisk ledelse,42
Controller,42
Automatiker,42
Kontrakt,42
Persontransport,42
Hjelpepleie,42
Læring,42
Førstekonsulent,42
Frisør,41
Helseledelse,41
Analytiker,41
analyse,41
Kunstig intelligens,41
Flyplass,41
Innholdsproduksjon,41
Juridisk,41
Aktiviteter,41
Subsea,41
Konstruksjon,40
Programmerer,40
Støtte,40
PhD,40
rådgiver,40
Teknisk forståelse,40
Risikostyring,40
Brukermedvirkning,40
IK-mat,40
VA,40
Industrimekaniker,40
Familie,40
organisasjonsutvikling,39
Helsehus,39
SQL,39
administrasjon,39
personal,39
Eiendomsforvaltning,39
Sekretær,39
Salong,39
Rusarbeid,39
Teknisk support,39
Bioingeniør,39
Lagermedarbeider,39
Prosessindustri,39
Arkitektur,38
Dataplattform,38
Akuttmottak,38
Regnskapsfører,38
Personvern,38
Praktisk arbeid,38
HR-rådgiver,38
Trygghet,38
Deltidsjobb,38
Innovasjon,38
Enhetsleder,38
Fastlege,38
Driftstekniker,37
Teknisk,37
Senioringeniør,37
Fakturering,37
Datamodellering,37
Spesialist,36
Gudstjeneste,36
Barnehagemedarbeider,36
Kunderådgiver,36
Ernæring,36
Teknisk rådgivning,36
rekruttering,35
Kultur,35
Risikoanalyse,35
Kommunalteknikk,35
Omsorgsarbeid,35
Sterilisering,35
Tannhelsesekretær,35
Palliasjon,35
Psykisk helsevern,35
Selvstendig arbeid,34
Fagansvar,34
Ergoterapeut,34
prosjektledelse,34
arbeidsmiljø,34
arbeidsrett,34
Java,34
Byggdrift,34
Telefonsalg,34
Bibliotek,34
Geriatri,34
Juridisk rådgivning,34
Testing,34
Vekter,34
Kompetanseutvikling,34
Vask,34
Storkjøkken,33
Samfunnssikkerhet,33
Pedagogisk assistent,33
Vaktmester,33
Prest,33
Compliance,33
praktisk bistand,33
Design,32
Familiearbeid,32
Bartender,32
Backend,32
ASK,32
Ferskvare,32
Tekstil,32
Samfunnsutvikling,32
IT-support,32
Håndverk,32
Båt,32
Helseadministrasjon,32
Byggeprosjekt,32
Omsorgssenter,32
Korttidsavdeling,32
Bilkjøring,32
Helsestasjon,32
Pizza,31
Hjemmebasert omsorg,31
Juridisk rådgiver,31
Grunnskole,31
Plan- og bygningsloven,31
Instruktør,31
Relasjonsarbeid,31
hjemmehjelp,31
Oppvask,31
DevOps,31
Helsevesen,31
Psykiater,31
Lagerstyring,31
Samarbeid,31
Distribusjon,31
Kjemi,31
Musikk,31
Budsjettering,31
Tannlege,30
Resepsjonist,30
Helse og omsorg,30
Catering,30
Pasientarbeid,30
Ekspeditør,30
Jernbane,30
Fengsel,30
Medisinhåndtering,30
Barista,30
Aktivitetsassistent,30
Seniorkonsulent,30
Lastebilsjåfør,30
Lagerarbeid,30
Krisehåndtering,30
Systemforvaltning,30
Hydraulikk,30
Kundeansvarlig,30
BIM,30
Forsker,30
Forebygging,29
Barneskole,29
Kommunal forvaltning,29
hjemmetjeneste,29
Kiosk,29
Videregående skole,29
Ventilasjon,29
Arbeidsinkludering,29
Oppvekst,29
Reiseliv,29
Organisasjon,29
Kundeansvar,29
Samfunnsvitenskap,29
Mekanisk arbeid,29
Vaktordning,29
Digital markedsføring,28
Booking,28
Key Account Manager,28
Folkehelse,28
Ferge,28
Kommunal tjeneste,28
Engineering,28
Energimontør,28
Turnusplanlegging,28
Brukerstyrt personlig assistanse,28
Psykologspesialist,28
Sesongarbeid,27
økonomi,27
Akvakultur,27
Vertskap,27
Teknisk service,27
Barnearbeid,27
hjelpepleie,27
Kommune,27
Fagleder,27
Event,27
Kundeportefølje,27
Mersalg,27
Butikkdrift,27
Maskinlæring,27
Vareeksponering,27
Nybygg,27
Sykepleierstudent,27
Havbruk,27
Årsoppgjør,27
Fritidsaktiviteter,26
Betong,26
Bensinstasjon,26
Departement,26
Direktør,26
Naturforvaltning,26
Arkitekt,26
Kjøkkenmedarbeider,26
Fagbrev kokk,26
Fartøy,26
Klesbutikk,26
Anleggsarbeid,26
Assisterende butikksjef,26
Luftfart,26
Informasjonsforvaltning,26
Teknisk rådgiver,26
Førskolelærer,25
GIS,25
Renovering,25
Lærling,25
Optikk,25
Omsorgsarbeider,25
Arealplanlegging,25
Elektroingeniør,25
Salgsrådgiver,25
Ansvarsvakt,25
Ansvar,25
Teknisk analyse,25
LIS,25
Pedagogisk medarbeider,25
Matematikk,25
Prosjekt,25
Trosopplæring,25
Klasseleder,25
Kirurgi,25
IT-leder,25
Hårklipp,25
Systemintegrasjon,25
Hjelpemidler,25
Helgejobb,25
Pizzabaker,24
Serviceoppdrag,24
Anleggsleder,24
Prøvetaking,24
Pasientsikkerhet,24
Kommunikasjonsrådgiver,24
Konferanse,24
Førstehjelp,24
Personaladministrasjon,24
Organisasjonsarbeid,24
Tjenesteutvikling,24
Museum,24
Mat,24
Graduate,24
Sivilingeniør,24
Microsoft 365,23
Menighet,23
Driftsansvar,23
Førerkort,23
Diagnostikk,23
Deltid,23
Mattrygghet,23
Mekanisk ingeniør,23
Diagnostisering,23
Supply chain,23
C#,23
Helsesykepleier,23
Produksjonsleder,23
Power BI,23
Prosessledelse,23
Fritidsklubb,23
Servicearbeid,23
Brannvern,23
Forvaltningsrett,23
Frontend,23
Kundebehandler,23
Vikariat,23
Lege i spesialisering,23
Fagutvikling,23
Medisinering,22
Byggesak,22
Varehus,22
Utendørsarbeid,22
Maskinsjef,22
Stipendiat,22
Svømmehall,22
universitet,22
Leverandøroppfølging,22
Samfunnsfag,22
Prosessanlegg,22
Systemingeniør,22
AutoCAD,22
Ortopedi,22
Lasting,22
Lossing,22
Kjøkkensjef,22
Skip,22
Mekanisk,22
Utearbeid,22
Operasjon,22
Utleie,22
Industriarbeider,22
Isbil,22
strategi,21
Helsearbeid,21
Skoleleder,21
Forsvarsindustri,21
Journalsystem,21
Kjøkkenassistent,21
Kartlegging,21
Innkjøper,21
Pleiemedarbeider,21
Trening,21
finans,21
Lufthavn,21
Taxi,21
Kraftverk,21
Kundesalg,21
.NET,21
Supply Chain,21
Tekniske tegninger,21
Resultatorientert,21
Geoteknikk,21
Sykepleie,21
Spesialpedagog,21
HACCP,21
Tilkallingshjelp,21
Baker,21
Revit,21
Avfallshåndtering,21
Kundesupport,21
API,20
Produktleder,20
Idrett,20
Sortering,20
Brannvesen,20
Fagkonsulent,20
Kundeveiledning,20
Salgsansvarlig,20
Klasseledelse,20
Lastebil,20
Overingeniør,20
Taxisjåfør,20
leder,20
Styling,20
Bedriftssalg,20
Digital kompetanse,20
Arbeidsmiljø,20
Renholdsoperatør,20
Befaring,20
industri,20
Indremedisin,20
Serviceleder,20
lederstøtte,20
Barnevernsinstitusjon,20
Ambulanse,20
Kontaktlærer,20
Blodprøvetaking,19
Etterforsker,19
Datasenter,19
Jus,19
Avlastningsbolig,19
Hjemmekontor,19
Teknisk kompetanse,19
Integrasjoner,19
IT-konsulent,19
Regnskapsmedarbeider,19
Driftsoperatør,19
Butikkansatt,19
Dokumentforvaltning,19
Bemanning,19
Helgestilling,19
Arbeidsrett,19
Veg,19
Maskinoperatør,19
Strømnett,19
Ledererfaring,19
Teknisk støtte,19
Planarbeid,19
Regelverk,19
PLS,19
Maritim industri,19
Ryddighet,19
IT-arkitektur,19
Vei,18
Maskin,18
ERP-system,18
Verft,18
Renseanlegg,18
Byggevare,18
Montasje,18
Nettverk,18
Gruppeleder,18
Sveiser,18
Prosessutvikling,18
Reguleringsplan,18
SaaS,18
Kveldsarbeid,18
Trafikk,18
Boveileder,18
Konflikthåndtering,18
Kontroll,18
Trafikkdirigent,18
Bokføring,18
Jordmor,18
Kjøkkenleder,18
Allmennlege,18
Høyere utdanning,18
Postdoktor,18
Programvareutvikling,18
Prosjektkoordinator,18
Avstemming,18
Privatmarked,18
Advokat,18
3D-modellering,18
Bedriftsmarked,17
Revisor,17
Restaurantmedarbeider,17
Brukerrettet arbeid,17
ledelse,17
Video,17
Maskinist,17
Maskinering,17
Kreativitet,17
Bilutleie,17
Blomster,17
stipendiat,17
Bud,17
Salgssjef,17
offentlig sektor,17
Strategisk kommunikasjon,17
Grunnarbeid,17
Prosjektstøtte,17
Sport,17
Akuttpsykiatri,17
Prosessingeniør,17
Traktor,17
Kirurgisk avdeling,17
Karriereveiledning,17
Varepåfyll,17
Arbeidsmarked,17
Cybersikkerhet,17
Praktisk hjelp,17
Skolehelsetjeneste,17
Bemanningsplanlegging,17
Kulturhus,17
Næringsbygg,17
Vaktarbeid,17
Fagskole,17
Anskaffelser,17
Sikkerhetskurs,17
Barneverntjeneste,17
Dagsenter,17
Tannlegeassistent,17
Kommunale bygg,17
Anleggsmaskin,17
Kubernetes,17
Romfart,17
Buss,17
Intensivsykepleier,16
Sokneprest,16
Kundepleie,16
Smittevern,16
Nevrologi,16
Prosjektøkonomi,16
Prosessleder,16
CNC,16
Drosjesjåfør,16
Klima,16
Prosjektoppfølging,16
IKT-kompetanse,16
Politibetjent,16
Akademia,16
Politikk,16
Betongarbeider,16
Rapportskriving,16
Internasjonalt samarbeid,16
Juridisk saksbehandling,16
Brukeropplevelse,16
Lederansvar,16
Badevakt,16
Fullstack,16
Alarm,16
Marked,16
Medisinsk avdeling,16
Levering,16
Styrer,16
Prototyping,16
Overflatebehandling,16
Skiftleder,16
risikovurdering,16
Næringsmiddelindustri,16
Bilvask,16
FDV,16
Kreativ,16
Konfirmantarbeid,16
Paramedisiner,16
Fagbrev elektriker,16
Yrkessjåfør,16
Direktesalg,16
Mikrobiologi,16
Personalledelse,16
Sjømat,16
Rådgivende ingeniør,15
Terminal,15
ADL,15
Fysisk aktivitet,15
matlaging,15
Salgsingeniør,15
Teknisk prosjekt,15
Maskinteknikk,15
CNC-operatør,15
Fengselsbetjent,15
Barne- og ungdomspsykiatri,15
Barneassistent,15
Renovasjon,15
Prosjektutvikling,15
Teknisk avdeling,15
Samfunnsøkonomi,15
DIPS,15
Politiattest,15
Politistasjon,15
Høyspent,15
Kjøreseddel,15
CAD,15
Prosjektmedarbeider,15
ingeniør,15
Frivillighet,15
Kybernetikk,15
Kvalitetssystem,15
Dokumenthåndtering,15
Kommersiell,15
Teater,15
forskning,15
Passasjertransport,15
Kundeutvikling,15
Dirigering,15
Fagbrev renhold,15
Adgangskontroll,15
Motivasjon,15
Kurs,15
Epilepsi,15
Kontraktsoppfølging,15
Oppdrett,15
Operativ ledelse,15
Overvåkning,15
Helseleder,15
Kotlin,15
Næringsmiddel,15
Burger,15
Maler,15
Teknisk vedlikehold,14
Førsteamanuensis,14
Flislegger,14
Funksjonsnedsettelse,14
Barn og ungdom,14
Utlevering,14
Uteliv,14
Utrykning,14
Fundraiser,14
Bussjåfør,14
Vakthold,14
Digital utvikling,14
Somatisk avdeling,14
Optiker,14
Salgsledelse,14
Sikkerhetsrådgiver,14
Ungdomsarbeider,14
Sikkerhetsstyring,14
Simulering,14
Dekk,14
Kriminalomsorg,14
Biologi,14
brukerstyrt personlig assistanse,14
Kontraktsrett,14
Oppussing,14
Innsamling,14
No skills listed,14
Onboarding,14
teknologi,14
Kjøretøy,14
Familieterapi,14
Serviceledelse,14
Lede bil,14
Mekatronikk,14
Landbruksmekaniker,14
Lasting og lossing,14
Kassearbeid,14
Brannsikkerhet,14
Prosessoperatør,14
Inspektør,14
Support,14
Gynekologi,14
Lederstøtte,14
Dyrebutikk,14
Rusomsorg,14
Løsningsarkitekt,14
Kafemedarbeider,14
React,14
regnskap,14
Cloud,14
Forflytning,14
Sentralbord,14
Kalkulasjon,14
Personal,14
Matinteresse,14
Strategisk innkjøp,14
Byggeledelse,14
Byggeleder,14
Læringsmiljø,14
Sveising,14
Hårpleie,14
Investering,14
Møbler,14
Barnebolig,14
Svennebrev,14
Utviklingsprosjekt,13
Ungdomsskole,13
Sjukehus,13
Ekspedering,13
Røntgen,13
Økonomiavdeling,13
Butikk på hjul,13
Molekylærbiologi,13
Dataingeniør,13
Digital kommunikasjon,13
SCADA,13
Frukt og grønt,13
Rettsvitenskap,13
Konstruksjonsteknikk,13
Helsesenter,13
Bilsjåfør,13
offentlig forvaltning,13
Testingeniør,13
Sales Manager,13
brukerstøtte,13
Operativ leder,13
Slakteri,13
Bioteknologi,13
Vernepleierstudent,13
Materialteknologi,13
Matbutikk,13
Fosterhjem,13
Gjesteopplevelse,13
Ekstrajobb,13
Godstransport,13
Gravemaskin,13
Straffesak,13
Maskiningeniør,13
Stab,13
Samfunnsplanlegging,13
Inspeksjon,13
Integrasjon,13
Menighetsarbeid,13
Statsautorisert regnskapsfører,13
Mekanikk,13
Vareflyt,13
Avdelingsdirektør,13
Klargjøring,13
hjemmebasert omsorg,13
Alderspsykiatri,13
Lakkering,13
Toppleder,13
infrastruktur,13
Ambulant team,13
Lagerarbeider,13
Redning,13
Kommunal,13
Databaser,13
Sparkling,13
Miljøtjeneste,13
Kvalitetsleder,13
Faktura,13
Sårstell,13
Medisinsk biokjemi,13
Helse- og sosialfag,13
Helseassistent,13
Anbud,13
Kulturskole,13
Barnehageleder,13
Teknisk ansvar,13
Plukk og pakk,13
Plukk,13
Platearbeider,13
Tannpleier,13
Høgskole,13
Lean,13
Politioverbetjent,13
Politiarbeid,13
Salgserfaring,13
Byggesaksbehandler,13
Bibliotekar,13
Menyutvikling,13
Kampanje,13
Samfunnsanalyse,13
Byggteknikk,13
Barnehagestyrer,13
Kaffebar,13
Kunderelasjoner,13
A la carte,12
Økonomisk rådgivning,12
Fundraising,12
Fysioterapi,12
Risiko,12
Norsk,12
Bilsalg,12
Kriminalitet,12
sikkerhet,12
Konseptutvikling,12
Virksomhetsleder,12
Kunst,12
HR-leder,12
E-post,12
Juss,12
Digital sikkerhet,12
Vaskeri,12
Operativ tjeneste,12
Kriminalitetsforebygging,12
Dekksoffiser,12
Ordenssans,12
endringsledelse,12
Sosiale tjenester,12
Sosialfaglig arbeid,12
Skipsfører,12
Informasjonsarbeid,12
Operativ drift,12
Omsorgstjeneste,12
Småbarnsavdeling,12
Sko,12
Utstilling,12
Publikumsmottak,12
Konditor,12
Byggherre,12
Tunnel,12
Psykisk utviklingshemming,12
Hjullaster,12
Vannkraft,12
Vaktleder,12
Miljøveileder,12
Kommunalsjef,12
Porteføljeforvaltning,12
Kollektivtransport,12
Servicebil,12
B2C,12
Psykisk helsearbeid,12
Dyrevelferd,12
Fullstackutvikler,12
Fornybar energi,12
Forsikringsrådgiver,12
Sikkerhetsklarering,12
Takeaway,12
Langtidsavdeling,12
Kjøring,12
Byutvikling,12
Publikumsservice,12
Trainee,12
Trafikksikkerhet,12
Brannstasjon,12
Voksenopplæring,12
Varebil,12
Guide,12
Dørsalg,12
Avsnittsleder,12
Institusjonskokk,12
Veiarbeid,12
Teknisk prosjektledelse,12
Terapeut,12
Telekommunikasjon,12
Arbeidsleder,12
Leverandørstyring,12
Lønnsmedarbeider,12
Eiendomsdrift,11
Linux,11
Restaurantleder,11
Informatikk,11
Innholdsprodusent,11
Låseansvarlig,11
Støttekontakt,11
Løsningssalg,11
Dyr,11
Kart,11
Forebyggende helsearbeid,11
IT-arkitekt,11
Primærhelsetjeneste,11
Seksjonssjef,11
Selskapsservering,11
Varebestilling,11
Arealplanlegger,11
Prosess,11
Prosjektadministrasjon,11
personalansvar,11
personaladministrasjon,11
pleie,11
Anleggsgartner,11
Produksjonsanlegg,11
Chat,11
Trelast,11
Klinisk erfaring,11
Teknisk ansvarlig,11
Klær,11
rapportering,11
Familieveiledning,11
Postoperativ,11
KAM,11
Tjenestedesign,11
IT-infrastruktur,11
helse,11
Hurtigbåt,11
Drift og vedlikehold,11
HMS-rådgiver,11
Merkantil,11
Turisme,11
Automasjonsingeniør,11
Fakturabehandling,11
Forretningsanalyse,11
Truck,11
Pedagogisk støtte,11
Test,11
Interaksjonsdesign,11
Internkommunikasjon,11
Journalistikk,11
Teknisk forvaltning,11
Aerospace,11
Kursleder,11
Murer,11
Dokumentasjonsforvaltning,11
Sosial kompetanse,11
Bilbransje,11
Bilhold,11
Pasientadministrasjon,11
Passasjerhåndtering,11
saksbehandling,11
Navigasjon,11
Digital transformasjon,11
Immunologi,11
SD-anlegg,11
Brøyting,11
Salgsjobb,11
Medisinadministrasjon,11
Vareplassering,11
Skoleadministrasjon,11
PPT,11
Kraftnett,11
Utdanning,11
Kran,11
Kreftsykepleier,11
Kreftbehandling,11
Oppsøkende arbeid,11
service,11
Smidig utvikling,11
Teologi,11
Integrering,11
Offentlig tannhelsetjeneste,11
Foto,11
Helsefaglig leder,11
Systemarkitektur,11
Næringseiendom,11
Ekspedisjon,11
Gjenvinning,11
Maling,11
Patrulje,10
Robotikk,10
Livredning,10
Business Controller,10
Fiskeri,10
Rotasjonsarbeid,10
Byggdrifter,10
Behandler,10
rådgivning,10
Ressursstyring,10
Logistikkmedarbeider,10
Instrumentering,10
Strategisk rådgivning,10
Datakvalitet,10
Ventilasjonsmontør,10
GMP,10
Jordbruk,10
Betongarbeid,10
Skilt,10
Elektrofag,10
Kommunehelsetjeneste,10
Sikkerhetsarbeid,10
E-handel,10
Beslutningsstøtte,10
Renholdsbetjent,10
Ledsager,10
Tilbudsarbeid,10
Datavarehus,10
Verver,10
SHA,10
Materiellforvaltning,10
Flyktningarbeid,10
SEO,10
Fiskeoppdrett,10
controller,10
digitalisering,10
Truckkjøring,10
Trygg voksen,10
Avfall,10
Plattform,10
UX-designer,10
Stand,10
Ledergruppe,10
Kommunal saksbehandling,10
Byggfag,10
Språkutvikling,10
Planlegger,10
Medisinsk utstyr,10
Dyrestell,10
Næringsutvikling,10
Energibransje,10
Motivasjonsarbeid,10
ISO 27001,10
Prosjekteringsleder,10
Sensor,10
Nettbutikk,10
Tverrfaglig,10
Brannkonstabel,10
Konsert,10
Sikkerhetspsykiatri,10
Verkstedleder,10
Nettverksbygging,10
Billakkerer,10
Sekretariat,10
Biloppretter,10
Chef,10
Klagebehandling,10
Commissioning,10
Produksjonsplanlegging,10
Kundeservicemedarbeider,10
Ambulant arbeid,10
Avdelingsingeniør,10
Kulturformidling,10
Kvalitetsutvikling,10
Ambulansearbeider,10
LIS3,10
Psykologi,10
Systemdesign,10
Bilbransjen,10
Miljørådgiver,10
Utkjøring,10
Helsefremmende arbeid,10
Modellering,10
Onkologi,10
Bedriftshelsetjeneste,10
Operasjonssentral,10
Porteføljestyring,10
Radiograf,10
Skoleassistent,10
Blikkenslager,10
Samfunnsmedisin,10
Brillebutikk,10
Barneavdeling,10
Raskt tempo,10
Merkevarebygging,10
Lagerleder,10
Regelverksutvikling,10
Varetelling,10
Forretningsutvikler,10
Formann,10
Hudpleie,10
Humanitært arbeid,10
Fastfood,10
Smidig metodikk,10
Briller,10
Plukking,9
Finansiell rapportering,9
Hjelpearbeider,9
Lavspent,9
Ansvarlig,9
Teknisk prosjektleder,9
Teknisk fagskole,9
Bruktbil,9
Renholdsleder,9
Lederstilling,9
Elektromekanikk,9
Salgsstøtte,9
Oslo,9
Rektor,9
Kontraktsforvaltning,9
Matsikkerhet,9
Pakkelevering,9
Bokollektiv,9
Juridisk kompetanse,9
Bo- og aktivitetssenter,9
Flislegging,9
nettverk,9
Intensiv,9
Hovedkontor,9
Grunnskolelærer,9
Finansiell analyse,9
Varmepumpe,9
Overvåking,9
risikostyring,9
Tekstforfatter,9
Institusjonskjøkken,9
Tekniske anlegg,9
Studentjobb,9
Straffegjennomføring,9
Gravemaskinfører,9
Teknisk utstyr,9
Teknologiutvikling,9
Bad,9
Sykehjemslege,9
Tvisteløsning,9
Velferd,9
Fysikk,9
Geodata,9
Faglig ledelse,9
Stålkonstruksjon,9
Industrirørlegger,9
Media,9
Bankett,9
Bakst,9
Maskinrom,9
forretningsutvikling,9
doktorgrad,9
drift,9
IT-kompetanse,9
Barnehjem,9
Botiltak,9
Redaktør,9
Kolonial,9
Kraftsystem,9
Mentor,9
Spesialrådgiver,9
IT-prosjekt,9
Kantinemedarbeider,9
produksjon,9
Tegningslesing,9
Kassemedarbeider,9
Toll,9
Operasjonssykepleier,9
budsjett,9
Kritisk infrastruktur,9
barnepass,9
Kaptein,9
Kapellan,9
Spesialkonsulent,9
Synsundersøkelse,9
Skolekjøring,9
Serviceelektriker,9
Microsoft,9
Kvinnehelse,9
Driftskoordinator,9
Aktivitør,9
Rask mat,9
Byggteknisk,9
Barnevernkonsulent,9
Barnevernskonsulent,9
Kommunal helsearbeid,9
Hovmester,9
Kliniske studier,9
Mobilitet,9
Kulturarbeid,9
sykepleier,9
Vold i nære relasjoner,9
Helseforetak,9
Anleggsarbeider,9
Fasade,9
Transformatorstasjon,9
Prosjektkoordinering,9
Møtebooking,9
Smykker,9
Billettsalg,9
Ernæringskokk,9
Avlaster,9
Produkteier,9
Bilselger,9
Energisystem,9
barn,9
kompetanseutvikling,9
Bilskade,9
SolidWorks,9
Tverrfaglig arbeid,9
Nestleder,9
Helse- og omsorgstjenester,9
Pedagogisk kompetanse,9
Fagdirektør,9
Advokatfullmektig,9
Forskningsadministrasjon,9
Teknologiledelse,9
Vernepleie,9
Økonomisystem,9
Stål,9
Geotekniker,9
Geomatikk,9
Markedsansvarlig,9
Pasienttransport,9
Sushikokk,9
Økonomirådgiver,8
Økonomisjef,8
Hjemmebesøk,8
Økonomisk kriminalitet,8
AKS,8
Lønnssystem,8
Verktøy,8
Rollemodell,8
Risikoledelse,8
Sikkerhetstjeneste,8
Dataanalytiker,8
Databricks,8
Asylmottak,8
ADL-trening,8
Digitale løsninger,8
Natur,8
Naturfag,8
automatisering,8
Brannrådgiver,8
Programvare,8
Somatikk,8
Hagearbeid,8
HR-system,8
Kundekonsulent,8
kasse,8
B2B salg,8
Café,8
Småbarn,8
Armering,8
Feier,8
Campus,8
teknisk support,8
Anleggsmaskinfører,8
Utviklingsprosjekter,8
Samtaleterapi,8
Kjæledyr,8
Karosseri,8
Engelsk,8
Brannforebygger,8
Borettslag,8
Hytte,8
Trener,8
Skyplattform,8
Helsefaglig arbeid,8
Uteservering,8
Offentlig virksomhet,8
Kalkulatør,8
Teknisk anlegg,8
CFO,8
Driftsansvarlig,8
Kvalitetsforbedring,8
Kvalitetsledelse,8
Kvalitetssjef,8
beredskap,8
Diagnose,8
Senior prosjektleder,8
Farging,8
Presentasjon,8
husarbeid,8
Sky,8
RIB,8
Basseng,8
Spesialkost,8
Prosjektutvikler,8
Festival,8
Fiber,8
Militæranlegg,8
Frivillig arbeid,8
Bildediagnostikk,8
Brukerkontakt,8
Optimalisering,8
Kriseledelse,8
Blodbank,8
Trusselvurdering,8
Politiinspektør,8
Familieveileder,8
Kreftomsorg,8
Universitetslektor,8
Universell utforming,8
Spiseforstyrrelser,8
Spesialisering,8
Bildebehandling,8
Gårdsarbeid,8
Grøntanlegg,8
Menighetspedagog,8
ROV,8
R&D,8
kundebehandling,8
Kranfører,8
Forskningsledelse,8
Shipping,8
Sesongjobb,8
Serviceingeniør,8
DPS,8
Vitenskapelig publisering,8
Mekanisk verksted,8
Medisinteknisk utstyr,8
Backendutvikler,8
Tjenesteyting,8
Jobbspesialist,8
Sportsbutikk,8
Forskalingssnekker,8
Kontrollsystemer,8
Kontrakter,8
UX,8
Personalrestaurant,8
Kommunal økonomi,8
Kommunalt arbeid,8
Aktivisering,8
Teknisk koordinator,8
ITIL,8
Renholdsmedarbeider,8
Medisinsk sengepost,8
Ordensvakt,8
Kontraktsforhandling,8
Kontorleder,8
Kontormedarbeider,8
Kontorrenhold,8
Overstyrmann,8
Faglærer,8
Personlig assistanse,8
Personlig hygiene,8
Atferdsanalyse,8
Vin,8
Fisk,8
logistikk,8
Medisinansvar,8
Medisinsk ansvar,8
Legesenter,8
Gruppetrening,8
Svangerskapsomsorg,8
ETL,8
onboarding,8
Telekom,8
Bufellesskap,8
Virksomhetsarkitektur,8
Visma,8
Sjelesorg,8
Forretningsforståelse,8
Housekeeping,8
seniorrådgiver,8
renhold,8
Strafferett,8
Straffesaker,8
Maskinutleie,8
Maskinoffiser,8
Maskinreparasjon,8
Individuell plan,8
Matlevering,8
Garderobe,8
Innredning,8
Tekniske installasjoner,8
Teknisk saksbehandler,8
Pasientforløp,8
Maskinførerbevis,8
Maskiner,8
Elektriske anlegg,8
Rutebuss,8
Business controller,8
Avdeling,8
Dataforvaltning,8
Bedriftsrådgiver,8
Fødeavdeling,7
vann og avløp,7
Fleksibel jobb,7
Studio,7
Grensekontroll,7
Markedssjef,7
Eksport,7
Førstelinje,7
Gartner,7
Strategisk arbeid,7
Konditori,7
Bas,7
Barselomsorg,7
Signalbehandling,7
Sikkerhetsleder,7
Faglig utvikling,7
Kontaktlinser,7
McDonald's,7
Eiendomsutvikling,7
Bo- og miljøtjeneste,7
feilsøking,7
forsker,7
Data governance,7
Data engineer,7
Data Engineer,7
Trondheim,7
Tunge kjøretøy,7
Dataelektroniker,7
Pedagogisk ledelse,7
Fagmiljø,7
Behandlingssenter,7
Terminalarbeider,7
Baking,7
Restaurantarbeid,7
Restaurantsjef,7
Fleksibel arbeidstid,7
Rør,7
Lette kjøretøy,7
Dekkmontør,7
PLS-programmering,7
Park,7
Underholdning,7
Personlig stell,7
Personlig pleie,7
Piano,7
Ph.d.,7
Forskaling,7
salg,7
Anskaffelse,7
Buffet,7
Teknisk selger,7
Telecom,7
Akuttsykepleie,7
opplæring,7
Matindustri,7
Matros,7
Frokost,7
Arealforvaltning,7
Organist,7
Analysearbeid,7
Kommunal administrasjon,7
Personellsikkerhet,7
FDVU,7
offshore,7
Aktivitetsskole,7
maskinlæring,7
Renholdsarbeid,7
Tilpasset opplæring,7
Jeans,7
Fintech,7
Vasking,7
EKG,7
Statlig virksomhet,7
Hematologi,7
Helsetjeneste,7
Historie,7
Plattformingeniør,7
Humanitær,7
Depot,7
Utendørs arbeid,7
Kreditt,7
Takarbeid,7
Stell av blomster,7
Gruppeterapi,7
Gulvlegging,7
Gulvlegger,7
Dør-til-dør,7
Medisinsk behandling,7
Arealplan,7
Mekanisk design,7
systemforvaltning,7
Ski,7
Bosenter,7
Administrerende direktør,7
Politikkutvikling,7
Treningssenter,7
Skipsbygging,7
Medisinsk sekretær,7
Medisinsk teknisk utstyr,7
Reklame,7
Byggingeniør,7
IT-tekniker,7
Teknisk ledelse,7
Teknisk interesse,7
Medleverturnus,7
ROS-analyse,7
Oppmåling,7
Skranke,7
Post i butikk,7
Farmasi,7
prosjektering,7
sykehus,7
Voksenpsykiatri,7
Vareplukk,7
Språk,7
Idrettsanlegg,7
KI,7
Byplanlegging,7
Regnskapssjef,7
Mestring,7
Dialyse,7
Onshore,7
Kristendom,7
bilkjøring,7
brukeropplevelse,7
Utredningsarbeid,7
Helsearbeider,7
Skjønnhet,7
Voksne,7
Bagasjehåndtering,7
Tjenesteansvarlig,7
kundeservice,7
Pub,7
Foreldreveiledning,7
Tegn til tale,7
Barneomsorg,7
Brann,7
helsesykepleier,7
Systemarkitekt,7
Systemansvarlig,7
Diakoni,7
Næringsmiddelproduksjon,7
LEAN,7
Synstest,7
Systemdrift,7
Redaksjon,7
Realfag,7
Samfunnsoppdrag,7
Samfunnskontakt,7
Etterforskningsleder,7
Nettside,7
Digital produktutvikling,7
Cocktail,7
Produksjonsutstyr,7
Utviklingshemmede,7
CE-førerkort,7
Tjenestesalg,7
Samhandling,7
Kafémedarbeider,7
Psykiatrisk sykepleier,7
Bilklargjører,7
Spedisjon,7
Account Manager,7
Kvalitetsstyring,7
Kvalitetsrådgiver,7
Miljøterapeutisk arbeid,7
Domstol,7
Workshop,7
Kundemottak,7
Scripting,7
Selvstendig,7
Utviklingsteam,7
Karriereveileder,7
Kjemiprosess,7
IAM,7
ISO 9001,7
Anleggsprosjekt,7
teamarbeid,7
internkontroll,7
Yrkesjåfør,7
Nattvakt,7
Møteplanlegging,7
Brannforebygging,7
Sanitær,7
Avvikshåndtering,7
Kundemottaker,7
Kundeveileder,7
HSE,7
Arrangementsplanlegging,7
Moteklær,7
Mottak,7
Windows,7
Webutvikling,7
Seminar,7
Gastronomi,7
Funksjonsvariasjon,7
Manikyr,7
Lønnsarbeid,7
Flerkulturelt arbeid,7
Lindrende behandling,7
Student,7
Studieadministrasjon,7
Riving,7
Fødselshjelp,7
Følge til aktiviteter,6
GDPR,6
Informasjon,6
Rullestol,6
Teknologiselskap,6
Barn med spesielle behov,6
Rettssak,6
Intensivavdeling,6
Innkjøpssjef,6
Burger King,6
Betjening,6
Inneklima,6
Data scientist,6
Patologi,6
M&A,6
Lønnskjøring,6
Maritim sektor,6
Maritim teknologi,6
Lønnskonsulent,6
Funksjonshemmede,6
Fysikalsk medisin,6
Geofag,6
Selvstendig næringsdrivende,6
Våtrom,6
Musikklærer,6
Bilpleie,6
Sommerjobb,6
Frisørsalong,6
HMS-koordinator,6
Kunderådgivning,6
Kundemøter,6
informasjonssikkerhet,6
Avtaleforvaltning,6
Avhør,6
Branningeniør,6
Scene,6
Digitale verktøy,6
Naturvitenskap,6
aktivitetshjelp,6
innholdsproduksjon,6
Anleggsmaskinmekaniker,6
ISO,6
Forebyggende helse,6
Forebyggende sikkerhet,6
Prosjektcontroller,6
Prosjektgjennomføring,6
Kjemiingeniør,6
Evaluering,6
Analytisk kjemi,6
Selskapsmat,6
Brannmann,6
Promotør,6
CT,6
Produktspesialist,6
Produktansvarlig,6
Helgevakt,6
Heimeteneste,6
Snowflake,6
Sosial støtte,6
Erstatningsrett,6
YSK,6
Minibuss,6
Miljøbehandling,6
Miljøbevisst,6
Kvalitetskoordinator,6
AWS,6
Spesialfysioterapeut,6
Sosialkonsulent,6
Bilforhandler,6
teknologiledelse,6
Publikumskontakt,6
Kantor,6
Tegnspråk,6
Samisk,6
Samfunnsengasjement,6
IT-ledelse,6
planlegging,6
personalsaker,6
Flyttebyrå,6
Traumebevisst omsorg,6
Helsefaglig,6
Transfusjonsmedisin,6
Kjøkkenutstyr,6
Coaching,6
ID-kontroll,6
IFRS,6
Assistere tannlege,6
Digital markedsfører,6
Kundedialog,6
Vannbehandling,6
Dokumentkontroll,6
IT-rådgiver,6
Kake,6
Sykkel,6
Svinnkontroll,6
LIS1,6
LAR,6
Påtale,6
Forsyningskjede,6
Sertifisering,6
Systemadministrasjon,6
Tegningsforståelse,6
Hår,6
Farmasøytisk industri,6
Transportplanlegging,6
Publisering,6
koordinator,6
Baderom,6
Redningstjeneste,6
Byggevarer,6
Vitenskapelig arbeid,6
Elsikkerhet,6
Laboratorietekniker,6
Mikrotjenester,6
Driftsmedarbeider,6
Merkevare,6
Kredittvurdering,6
Helseforvaltning,6
Assistanse,6
Observasjonspost,6
bemanning,6
Detaljorientert,6
Diagnoseverktøy,6
skolehelsetjeneste,6
Laboratorie,6
Medisinutdeling,6
Regnskapskonsulent,6
Redningsarbeid,6
Bygningsfysikk,6
Journalist,6
Gård,6
Driftsingeniør,6
sosiale medier,6
Sertifikat,6
programmering,6
Klipp,6
Klinisk forskning,6
Preoperativ,6
hurtigmat,6
Forskningsprosjekt,6
Systemforståelse,6
Systemkoordinator,6
kunstig intelligens,6
Lederteam,6
Lederutvikling,6
Bygging,6
Byggmester,6
Medisinsk-teknisk utstyr,6
Medisinsk rådgiver,6
FMCG,6
FDV-system,6
Skipsdesign,6
Avdelingssjef,6
Postoperativ pleie,6
Power Platform,6
ServiceNow,6
Botilbud,6
Administrativ leder,6
Landbruksmaskin,6
Døgnbehandling,6
Mediehåndtering,6
Leilighet,6
Stortinget,6
Sterilforsyning,6
Stiftelse,6
Stell og pleie,6
Ungdomsklubb,6
stell,6
Barnekoordinator,6
Kommunal omsorg,6
Historiefortelling,6
Hendelseshåndtering,6
Skiltarbeid,6
Straffesaksbehandling,6
E-helse,6
Firmabil,6
Tiltaksplan,6
Tilrettelagte tjenester,6
lønn,6
Dekkskift,6
cybersikkerhet,6
Data,6
Trivsel,6
Avionikk,6
Daglig renhold,6
Plan- og bygningsrett,6
Familiehjem,6
Ultralyd,6
Kontorbygg,6
Ambulant,6
Varelevering,6
lederutvikling,6
Fine dining,6
Materialhåndtering,6
Apotek,6
Virksomhetsutvikling,6
restaurant,6
Sikkerhetskontroll,6
Hjemmebaserte tjenester,6
Kommunedirektør,6
Dans,6
PR,6
Veterinær,6
Brødbaking,6
Aktivitetssenter,6
Restaurering,6
Ressursplanlegging,6
Begravelse,6
Sykefraværsoppfølging,6
Sveisearbeid,6
TypeScript,6
Sjøtransport,6
Turguide,6
Trygghetsalarm,6
Bokhandel,6
Pasientjournal,6
Datadrevne prosesser,6
Hjemmet,6
Ambulerende tjenester,6
Dataarkitektur,6
Konsernregnskap,6
Konsolidering,6
Graving,6
økonomisjef,6
À la carte,6
Øyehelse,6
Økonomikonsulent,6
Sushi,6
Økonomisk forståelse,6
Livsmestring,6
Bedriftsrenhold,6
Øre-nese-hals,6
økonomistyring,5
Gerica,5
Gjenoppbygging,5
Funksjonsnedsettelser,5
Strategisk planlegging,5
Studentveiledning,5
Governance,5
Grafisk designer,5
Låsesmed,5
Lærervikar,5
Lærerutdanning,5
MR,5
Maritim drift,5
Marine operasjoner,5
Eksamen,5
Arbeidsledelse,5
Gruppebehandling,5
Sveis,5
Svømmeinstruktør,5
Stasjonsmedarbeider,5
Stasjon,5
Stedfortreder,5
Stillas,5
Storhusholdning,5
Lindrende enhet,5
Litteratur,5
Elbil,5
Lovarbeid,5
Velvære,5
Veldedighet,5
Arbeidsliv,5
Lunsj,5
Fritid,5
Spesialist i psykiatri,5
Spisested,5
Betjent,5
HMS-leder,5
Leverandørkontakt,5
Masterdata,5
Maskinvedlikehold,5
Effektiv,5
Leksehjelp,5
teknologiselskap,5
tilrettelegging,5
Soussjef,5
Sourcing,5
Sosialtjeneste,5
Spesialbioingeniør,5
HVAC,5
Frakt,5
Frisørlærling,5
SoMe,5
Billettkontroll,5
Sårbehandling,5
Smertebehandling,5
Softwareutvikling,5
Software Engineer,5
Havn,5
Elektromontør,5
Døgnpost,5
Helse miljø sikkerhet,5
Helgearbeid,5
Heldøgnstjeneste,5
Helse- og oppvekstfag,5
Helse- og omsorg,5
Helsedata,5
Helseberedskap,5
Forsvarssystemer,5
Helseforskning,5
Helsefagarbeid,5
Mentorordning,5
Vurdering,5
Landbruksmaskiner,5
Lavspenning,5
Medisinsk oppfølging,5
Medisinstudent,5
Medisinsk vurdering,5
Dyrehelse,5
Medisinsk teknologi,5
Elektroteknikk,5
Skyutvikling,5
Skyteknologi,5
Bilreparasjon,5
Systemarbeid,5
Skolefritidsordning,5
skole,5
Virksomhetsarkitekt,5
Visual merchandising,5
Menneskerettigheter,5
Drikke,5
Driftssjef,5
Mekaniske fag,5
Skipsfart,5
Skogbruk,5
Skjønnhetssalong,5
Skadeoppgjør,5
Skadebehandling,5
Skadebegrensning,5
Skatteetaten,5
Varehusmedarbeider,5
Energibransjen,5
Lab,5
Laboratoriemedisin,5
Metallarbeid,5
Middag,5
Lagerdrift,5
Skiftestue,5
Bistro,5
Bo- og habilitering,5
Bo- og aktivitetstilbud,5
Helsevitenskap,5
Forskningsstøtte,5
revisjon,5
restaurantmedarbeider,5
Kvantitativ analyse,5
Employer branding,5
Mise en place,5
Drama,5
Miljøkriminalitet,5
Arkivar,5
servering,5
Sikkerhetsanalyse,5
Sikkerhetsledelse,5
Sikkerhetsvakt,5
Hjem,5
Forsendelse,5
Sikkerhetsarkitekt,5
TV,5
Taktekker,5
Hjerte,5
Forhandlinger,5
Forretningsprosesser,5
Energisystemer,5
Energisektoren,5
Anskaffelsesrådgiver,5
Yrkesfaglærer,5
Morgenjobb,5
Doktorgradsstipendiat,5
Doktorgrad,5
Vaktkoordinator,5
Anleggsmekaniker,5
Humaniora,5
Teamutvikling,5
Servicesenter,5
Hurtigmat,5
produktutvikling,5
prosjektarbeid,5
Serveringssted,5
Serviceelektroniker,5
Servicemekaniker,5
Adobe,5
Husøkonom,5
Håndarbeid,5
Hyllerydding,5
bank,5
Vaksinering,5
Myndighetsutøvelse,5
Distriktsansvarlig,5
Energiberegning,5
Høyspenning,5
Seniorutvikler,5
Barnemedisin,5
Tech lead,5
Scrum,5
Forebyggende vedlikehold,5
ISO 14001,5
aktivitet,5
Negletekniker,5
Måleteknikk,5
Møbelsnekker,5
Møtevert,5
IT-avdeling,5
Sammenstilling,5
Samtalearbeid,5
Flyttemedarbeider,5
organisasjon,5
Brannteknikk,5
Salgsprosess,5
Samfunnskritisk infrastruktur,5
IT-kunnskaper,5
IT-sjef,5
Kulturarbeider,5
Ettermarked,5
Nettsider,5
Utrykningskjøring,5
Utviklingshemning,5
Ideell organisasjon,5
FoU,5
Flyttevask,5
Idriftsettelse,5
Teknisk innsikt,5
Salgsdirektør,5
Industriell automasjon,5
Industriell IT,5
brukertesting,5
Utemiljø,5
Utleierepresentant,5
Novapoint,5
Norsk autorisasjon,5
Næring,5
Næringspolitikk,5
Digital etterforskning,5
Akutt,5
offboarding,5
nattevakt,5
SHA-koordinator,5
Salgsansvar,5
Salesforce,5
Infeksjonsmedisin,5
Informasjonsarkitekt,5
Teknisk produksjon,5
Teknisk sikkerhet,5
Teknisk saksbehandling,5
Fleksibel,5
Fiskevelferd,5
Kravspesifikasjon,5
Oppfølging barn,5
Oppfølging av elever,5
Designer,5
Opus,5
Omsorgstjenester,5
Omsorgsteam,5
Tekniske fag,5
Tekniske tjenester,5
Barn og familie,5
Ringevikar,5
Bussmekaniker,5
Innsjekking,5
Fjøs,5
Rettssikkerhet,5
Kostnadskontroll,5
Kosthold,5
Kosmetikk,5
Demontering,5
Ungdomsjobb,5
Ungdomsinstitusjon,5
Uniform,5
Uteområder,5
Utendørsaktiviteter,5
Ordreplukk,5
Ringehjelp,5
Byggautomasjon,5
Reservedeler,5
Butikksalg,5
Byggebransjen,5
Teppelegging,5
elektronikk,5
Kontorfaglig,5
Orden,5
Umbilical,5
Undertøy,5
Telekommunikasjonsmontør,5
markedsføring,5
medarbeiderutvikling,5
Testutstyr,5
Tilkalling,5
Reparatør,5
Internasjonalt arbeid,5
energi,5
Dekksarbeid,5
Parkdrift,5
Atferdsutfordringer,5
Underdirektør,5
Internasjonal handel,5
Intervjuer,5
Internrevisjon,5
Byggvedlikehold,5
Reise,5
Figma,5
Kabel,5
Redigering,5
Regnskapskontor,5
Regnskapsbyrå,5
Byrå,5
Tog,5
koordinering,5
Konsekvensutredning,5
Kontinuerlig forbedring,5
Partnerskap,5
Pasientpleie,5
Pasientmottak,5
Dataprodukter,5
Kontaktperson,5
Kontaktbetjent,5
Konstruktør,5
butikk,5
dataanalyse,5
R,5
Radiologi,5
Båtmekaniker,5
Kapitalforvaltning,5
B2B-selger,5
Ambulerende tjeneste,5
Fagutviklingssykepleier,5
Kommunalt helsearbeid,5
Kommuneregnskap,5
Kompetanseheving,5
Autocad,5
Fagrådgiver,5
Konfigurasjonsstyring,5
Konsern,5
Psykosebehandling,5
CE-sjåfør,5
Katalogisering,5
Kino,5
Kirkeverge,5
Kirkemusiker,5
forflytning,5
forebyggende arbeid,5
forbedringsarbeid,5
forsvar,5
Personalforvaltning,5
Data Scientist,5
Pensjon,5
Pedikyr,5
Prosjektplanlegging,5
Traktorkjøring,5
Avhengighet,5
Fellestjenester,5
Fellesområder,5
Profilering,5
Proffselger,5
CMS,5
Avløp,5
Produksjonslinje,5
Produksjonsledelse,5
Produksjonsingeniør,5
Produktledelse,5
Kommunal planlegging,5
Piping,5
Planter,5
Automasjonstekniker,5
Personalutvikling,5
Personaloppfølging,5
Ammunisjon,5
Kjøpesenter,5
Kjøling,5
Klargjører,5
Produksjonsarbeider,5
Produksjonsarbeid,5
Traumebehandling,5
Klagesaksbehandling,5
hjem,5
Kollektivtrafikk,5
Kokkefag,5
Politiførstebetjent,5
Plattformutvikling,5
Kommunal ledelse,5
Familiens hus,5
helsestasjon,5
helsesekretær,5
Privat renhold,5
Økonomiforståelse,5
Belysning,5
GAT,5
Garn,5
Gaming,5
Styrmann,5
Styringssystem,5
Styring,5
Støperi,5
Subway,5
Supervisor,5
Vert,5
Fødsel,5
Gatekjøkken,5
Økonom,5
Årsregnskap,5
ADL-ferdigheter,5
Økonomimedarbeider,4
ADR,4
Økonomisk analyse,4
Geofysikk,4
Gastrokirurgi,4
Fysisk test,4
Økonomileder,4
Lystekniker,4
Elektrikerfag,4
Løfteutstyr,4
Mammografi,4
Marinen,4
Markedskoordinator,4
M3-sertifikat,4
Arbeidsgiverkontakt,4
Grafisk design,4
Grill,4
Gravplass,4
Fullstack utvikler,4
Strategisk analyse,4
Standardisering,4
Statlig,4
Grunnarbeider,4
Familieterapeut,4
Klinisk kjemi,4
Kommersiell ledelse,4
Pneumatikk,4
Portør,4
Politisk påvirkning,4
Container,4
Dagkirurgi,4
Plattformutvikler,4
Politiadvokat,4
Familieoppfølging,4
hjelpemidler,4
hund,4
Postbud,4
Presentasjoner,4
Preoperativ pleie,4
Avisbud,4
Avis,4
Triage,4
Trevare,4
Avgiftning,4
Autismespekter,4
Dameklær,4
Pizzaiolo,4
Faglig veiledning,4
Kjøleteknikk,4
Kjøttskjærer,4
Kjøtt,4
Klarspråk,4
Traumeteam,4
Trappevask,4
Avløser,4
Camping,4
Callsenter,4
Traktorfører,4
Transformasjon,4
informatikk,4
innkjøp,4
interaksjonsdesign,4
kommunikasjon,4
Professor,4
Programvareutvikler,4
CISO,4
CI/CD,4
Produksjonsteknikk,4
Produktdesigner,4
Produktdesign,4
Kjøkkenhjelp,4
Tollbetjent,4
Avrusning,4
BI-verktøy,4
BAS,4
Kirkemusikk,4
forsikring,4
Trygghet og sikkerhet,4
Datadrevet,4
Databehandling,4
Database,4
Pedagogisk-psykologisk tjeneste,4
Pedagogisk-psykologisk rådgiver,4
helsefremmende arbeid,4
Prosjektsalg,4
C++,4
COO,4
Financial Controller,4
Kampanjeoptimalisering,4
Kalibrering,4
Kandidatoppfølging,4
Kommunikasjonsevner,4
Kommuneoverlege,4
Kommunikasjonssjef,4
Kompositt,4
Pasientveiledning,4
Fagsykepleier,4
Fagsjef,4
Publikumshåndtering,4
Bæring,4
Bærekraftig mat,4
Tollinspektør,4
Toller,4
Ferievikar,4
konsulent,4
kundeansvar,4
krisehåndtering,4
Paramedisinstudent,4
Pasientomsorg,4
Pasientkoordinering,4
Pasientkoordinator,4
Pass,4
laboratorium,4
kurs,4
Akustikk,4
Aldershjem,4
QA,4
Radio,4
Recovery,4
Datasikkerhet,4
Isolatør,4
Byggvask,4
Reisejobb,4
Reiseassistent,4
Byggforvaltning,4
Juridisk forskning,4
Finansrådgiver,4
KAD,4
Bachelor,4
Bygningsingeniør,4
Regnskapsrådgiver,4
Tjenesteleder,4
Tjenesteforvaltning,4
Tjenestedesigner,4
Kaffe,4
Terapi,4
Testleder,4
Tilkalingsvikar,4
Renovasjonsbil,4
Aktiviteter med barn,4
Internat,4
digital markedsføring,4
Dekkhotell,4
PAS,4
PKK,4
Palliativ pleie,4
Datautvikler,4
Orgel,4
Overnatting,4
Overflatebehandler,4
Overvann,4
Telefonhenvendelser,4
Teleoptometri,4
Dataregistrering,4
fakturering,4
finansdirektør,4
Kontorvask,4
Organisering,4
Organisasjonssjef,4
Ortoped,4
Undervisningsinspektør,4
Underviser,4
Undersøkelse,4
Atferdsvansker,4
Integrasjonsutvikler,4
maritim,4
Byggeteknikk,4
Fjernvarme,4
Fjell,4
FEA,4
Facility management,4
Kontrollsystem,4
Kor,4
Kostnadsberegning,4
Ordrehåndtering,4
Rigging,4
Business Intelligence,4
Tekniske systemer,4
Barberer,4
Banksjef,4
Butikkansvarlig,4
Reservoar,4
Byggebransje,4
Innholdsforvaltning,4
Kreftforskning,4
Kriminalitetsbekjempelse,4
Oppdrettsanlegg,4
Oppdragsleder,4
Utstyrshåndtering,4
Utrykningsleder,4
Områdeleder,4
Krisesenter,4
Etikk,4
Innholdsdesigner,4
Budbil,4
Business analyst,4
Rute,4
Rusproblematikk,4
Innhentingsoperatør,4
Akuttberedskap,4
SAS,4
SMB,4
Sakshandsaming,4
Aktivitetsplanlegging,4
Industrimaler,4
Industriell programvare,4
Informasjonsmodellering,4
Informasjonsinnhenting,4
Informasjonshåndtering,4
Barn med særskilte behov,4
Teknisk planlegging,4
Barne- og ungdomsskole,4
Ingeniørgeolog,4
Infusjon,4
Infrastructure as Code,4
Idrettspedagog,4
Brukertesting,4
Teknisk inspektør,4
Barnefamilier,4
Salgsteam,4
Import,4
budsjettansvar,4
Obstetrikk,4
Offentlige bygg,4
Assisterende enhetsleder,4
Uteselger,4
VA-ingeniør,4
Nukleærmedisin,4
Norsklærer,4
Industrielektriker,4
Akuttinstitusjon,4
Brille,4
Salongleder,4
IT-prosjektleder,4
Kroppsøving,4
Kulturarrangement,4
Etterlevelse,4
Etterbehandling,4
Kulturminne,4
Assistanse tannlege,4
Utrykningskompetanse,4
Armaflex,4
Asiatisk mat,4
Asfaltarbeider,4
Anleggsmaskiner,4
IT-medarbeider,4
Immunhistokjemi,4
Scenekunst,4
Satellitt,4
Bredbånd,4
Sanitæranlegg,4
IT-ansvarlig,4
Aktivitetshus,4
personalforvaltning,4
plattformutvikling,4
personvern,4
Samfunnsviter,4
Barneavlastning,4
Barneidrett,4
Barnehus,4
Salgsrepresentant,4
Sameie,4
Samband,4
IPS,4
IOP,4
anlegg,4
barn og unge,4
Naturbarnehage,4
Navigatør,4
Musikkundervisning,4
Musikkterapi,4
Musikkterapeut,4
Møtebooker,4
NDT,4
Dimensjonering,4
Nattjeneste,4
Samfunnsplanlegger,4
Samlingsforvaltning,4
Sanering,4
Kunsthistorie,4
Kvalitativ metode,4
Modifikasjon,4
Motebevisst,4
Munnhelse,4
Myndighetskontakt,4
Digitale produkter,4
Distribusjonsnett,4
Engineering Manager,4
IK-Mat,4
Barneveileder,4
Barnekor,4
Tech Lead,4
Brann og redning,4
Seksuallovbrudd,4
Folkehøgskole,4
Bordservering,4
Tapetsering,4
Sesonghjelp,4
Servicetorg,4
Hvitevarer,4
Hverdagsmestring,4
prosessforbedring,4
prototyping,4
prosjektøkonomi,4
prosjektleder,4
Senior innkjøper,4
Seremoni,4
Boligutvikling,4
Hydrologi,4
Naturmangfold,4
Kunderelasjon,4
Sikkerhetsarkitektur,4
Tak,4
Tableau,4
Barnesykepleie,4
Kursansvarlig,4
VA-arbeid,4
VA-anlegg,4
Vaktansvarlig,4
Zero Trust,4
Anestesi,4
Kursadministrasjon,4
Forretningsjus,4
Forretningsanalytiker,4
Hotellresepsjon,4
Hotelldrift,4
Servicekoordinator,4
Bo- og omsorgssenter,4
Sivil rettspleie,4
Sjukeheim,4
Sjømann,4
Blomsterdekoratør,4
Bobil,4
Bo- og omsorgstjenester,4
Barsel,4
Boenhet,4
Boligoppfølging,4
Sikkerhetskultur,4
Hest,4
Forskalingsarbeid,4
Hjemmebehandling,4
Sikkerhetsingeniør,4
Sikkerhetsfag,4
Helsetun,4
Helsetjenester,4
Histologi,4
Forretningssystemer,4
Forskningsformidling,4
Forskningsassistent,4
Miljøteknikk,4
Miljøpark,4
Miljøvern,4
Distriktssjef,4
Miljøforvaltning,4
Vaktsentral,4
Vaktplan,4
Vannforsyning,4
Arktis,4
Varehussjef,4
Skipsingeniør,4
Biomedisin,4
Bo- og omsorgstilbud,4
Skadedyrbekjemper,4
Skatt,4
Energieffektivisering,4
Endringsarbeid,4
Endokrinologi,4
Drikkeservering,4
Mellomtrinn,4
Merchandising,4
Metodeutvikling,4
Lageransvarlig,4
Embedded,4
Bo- og behandlingssenter,4
Herrefrisør,4
Forurensning,4
Advokatfirma,4
Vitenskapelig assistent,4
Visuell kommunikasjon,4
Visualisering,4
Varebilsjåfør,4
Vareutlevering,4
Mengdeberegning,4
Medlever,4
Medlemsservice,4
Mekanisk produksjon,4
Melking,4
statistikk,4
støtte,4
strategisk ledelse,4
Skianlegg,4
Forsvarsteknologi,4
Fotball,4
Mekanisk vedlikehold,4
Landmåler,4
Landskapsarkitektur,4
Lastebilmekaniker,4
Medisinske prosedyrer,4
Meieri,4
Biobank,4
Systemadministrator,4
Systemimplementering,4
Skjønnhetsprodukter,4
Bistand i hjemmet,4
Skyarkitektur,4
Skuespiller,4
Slakter,4
Legemiddelproduksjon,4
Legespesialist,4
Mediehus,4
Medisinrom,4
Medisiner,4
Matvarer,4
Medier,4
Medieproduksjon,4
Arbeidsveileder,4
Varmepumpemontør,4
Varmeanlegg,4
Legemidler,4
Handel,4
Helikopterpilot,4
Helse- og velferdssenter,4
Forsyning,4
Souschef,4
Sous chef,4
Spesialergoterapeut,4
Account manager,4
HR-systemer,4
HR-koordinator,4
Hagesenter,4
Frisørfaget,4
Bilteknisk,4
Sorgarbeid,4
Systemtekniker,4
Snøbrøyting,4
Softwarearkitekt,4
Hardware,4
Elektriske kjøretøy,4
Elektriske installasjoner,4
teknisk dokumentasjon,4
teamleder,4
systemutvikling,4
Vinbar,4
Vintervedlikehold,4
EPJ,4
Matsvinn,4
EU-rett,4
Maskinpasser,4
Masseforflytning,4
ELT,4
Effektivisering,4
Leveranseprosjekt,4
Linoleum,4
tjenestedesign,4
AI-utvikler,4
Litteraturformidling,4
Markedsanalyse,4
Vegplanlegging,4
Vegplanlegger,4
Veiledningskompetanse,4
Vekterkurs,4
Logoped,4
Lydtekniker,4
Gruppeledelse,4
Gulv,4
HMSK,4
Sprinkleranlegg,4
Spring Boot,4
Sparing,4
Sykepleiestudent,4
Bedrift,4
Ørepropper,4
AV-tekniker,4
universell utforming,4
undervisning,4
veiledning,4
vedlikehold,4
Økonomiforvaltning,4
Superbruker,4
Økonomidirektør,4
Geovitenskap,4
Gjenvinningsstasjon,4
Funksjonsassistent,4
Strukturanalyse,4
Strategisk rådgiver,4
Bergen,4
Grafisk produksjon,4
Prehospital,4
Controlling,4
Presse,4
Prising,4
Privatlærer,4
Produksjonsassistent,4
Aluminium,4
Farmasøyt,4
Førerkort klasse B,4
Studieleder,4
Styringsdata,4
Beredskapshjem,4
Støtteperson,4
Verksmester,4
Verksbetjent,4
Ekstravakt,4
7-Eleven,3
Mangfold,3
Management consulting,3
Marine,3
Marin ingeniør,3
Elektrisk anlegg,3
Eiendomsforvalter,3
vaksinasjon,3
virksomhetsstyring,3
Førerkort C,3
Følge til avtaler,3
GCP,3
Førstelinjetjeneste,3
Økologi,3
ADHD,3
API-integrasjon,3
Maritim leder,3
Maritim ledelse,3
Lån,3
Lys,3
Læringsstøtte,3
Maritimt miljø,3
Account Executive,3
Funksjonsvurdering,3
Følge på aktiviteter,3
varehandel,3
Maskinbruk,3
Maskinbetjening,3
Lunge,3
EU-prosjekt,3
Maskinpark,3
Massasje,3
Lufthavnbetjent,3
Materiellhåndtering,3
Matfiskproduksjon,3
EU-kontroll,3
ESG,3
Lobby,3
Lovverk,3
EPCI,3
Matfag,3
teknisk drift,3
teamledelse,3
tekstforfatter,3
GRC,3
Gastromedisin,3
Matutkjøring,3
Mediearbeid,3
Logistikkoperatør,3
Loggføring,3
Medieteknologi,3
Døgnavdeling,3
Dåp,3
sykefraværsoppfølging,3
systemadministrasjon,3
Administrativ støtte,3
Administrasjonssjef,3
Gassanlegg,3
Administrasjonsmedarbeider,3
E-læring,3
Døgnenhet,3
Medisinsk kompetanse,3
Medisinsk klinikk,3
Dyrepasser,3
Dyrehold,3
Linjearbeid,3
Mekanisk montering,3
Adobe Illustrator,3
Adobe Creative Cloud,3
servicedesk,3
Geologi,3
Geolog,3
Dynamics 365,3
Drosje,3
Melkeproduksjon,3
Elektroinstallasjon,3
Likviditetsstyring,3
Likestilling,3
Drone,3
Membranarbeid,3
Merverdiavgift,3
Metodevurdering,3
Drenering,3
Driftssikkerhet,3
Elektrokjemi,3
Gjeldsordning,3
Miljøanalyse,3
Militærteknologi,3
Miljøorganisasjon,3
Miljøledelse,3
Missilteknologi,3
Ledningsnett,3
Mobilteknologi,3
Elektronikkutvikling,3
Ledelsesstøtte,3
Dokumentbehandling,3
Layout,3
Lavterskeltilbud,3
Motebransje,3
Administrativt arbeid,3
Akademisk ledelse,3
Akademisk arbeid,3
risikoanalyse,3
samfunnsvitenskap,3
Glass,3
Mottaksmedisin,3
Elevoppfølging,3
Elements,3
Museumsarbeid,3
Måltidsplanlegging,3
Måling,3
Måleverktøy,3
Møtekoordinering,3
Møbelproduksjon,3
NOC,3
Landbruksforvaltning,3
Langvakter,3
Langtransport,3
Digitalt innhold,3
Møter,3
produksjonsbedrift,3
prosjektstyring,3
relasjonsbygging,3
Natt,3
Naturrestaurering,3
Naturbruk,3
Digital tvilling,3
Digital tjeneste,3
Netthandel,3
Nettdrift,3
Nettbrett,3
Nettanlegg,3
Negledesigner,3
Laks,3
personlig stell,3
porteføljeforvaltning,3
Gravferdskonsulent,3
Gravearbeid,3
Aksjeanalyse,3
Akkreditering,3
prosjekt,3
Nevropsykologi,3
Digital design,3
Digital publisering,3
Digital plattform,3
Digital læring,3
Nevrokirurgi,3
Norsk som andrespråk,3
Lagerkontroll,3
Nyfødtintensiv,3
Akuttarbeid,3
pasientkontakt,3
Grensekontrollør,3
Frivilligsentral,3
Aktivitetsmedarbeider,3
Numerisk modellering,3
Nysalg,3
Nynorsk,3
Laboratorieleder,3
Laboratorieingeniør,3
Laborant,3
Nødnett,3
Nødetat,3
Grunnleggende ferdigheter,3
Diakon,3
Digital historiefortelling,3
Objektsikring,3
Objektorientert programmering,3
Kveldsvakt,3
Office 365,3
Ombruk,3
Energieffektivitet,3
Dietter,3
Dieselmotor,3
Omstilling,3
Energiløsninger,3
Operasjonsleder,3
Operasjonsavdeling,3
kundekontakt,3
kvalitetssikring,3
kvalitet,3
kunstnerisk utviklingsarbeid,3
Gruppeundervisning,3
Operasjonell ledelse,3
Operative fag,3
Energiselskap,3
Kvalitetsingeniør,3
Kveldsjobb,3
Operativ,3
Opplæringsansvarlig,3
Oppgjør,3
Designsystem,3
Kunstfag,3
Kunst og kultur,3
Kursutvikling,3
Kurskoordinator,3
Energianlegg,3
konflikthåndtering,3
Akuttpost,3
Algoritmeutvikling,3
Gullsmed,3
Front desk,3
kontorarbeid,3
Dekkssjef,3
Ordremottak,3
Eplan,3
Entreprenørskap,3
Kundestøtte,3
Kunstnerisk utviklingsarbeid,3
Organisasjonsliv,3
informasjons­sikkerhet,3
høgskole,3
innovasjon,3
Frokostkokk,3
Grøntområder,3
HMI,3
Gårdsdrift,3
Gårdsbutikk,3
Gårdsarbeider,3
Gynekolog,3
jurist,3
Organisasjonsledelse,3
Oseanografi,3
Delikatesse,3
Deler,3
Dekkverksted,3
PIMS,3
Kundeinnsikt,3
Kundeserviceferdigheter,3
Kundesamtale,3
Ambulerende team,3
gård,3
Frivillighetsarbeid,3
Altmuligmann,3
PLM,3
PKK kontrollør,3
Pakk,3
Datakriminalitet,3
Datastyring,3
Pasientansvar,3
Partnerutvikling,3
Partneransvarlig,3
Pasientlogistikk,3
Etterforskningsledelse,3
gjesteservice,3
fysisk arbeid,3
Frivillig oppfølging,3
Fritidskontakt,3
HR-sjef,3
HR-seniorrådgiver,3
HR-konsulent,3
helseadministrasjon,3
helse miljø sikkerhet,3
Kulturarv,3
Datainnsamling,3
Datahåndtering,3
Databaseadministrator,3
Pediatri,3
Kulturbygging,3
Pedagogiske evner,3
feltarbeid,3
HR-generalist,3
Fotterapeut,3
Fotpleie,3
forretningsforståelse,3
Data engineering,3
Personell,3
Personskade,3
Personsentrert omsorg,3
DSB-godkjenning,3
Petroleumsingeniør,3
Pizzakokk,3
Kro,3
Kristent arbeid,3
entreprenør,3
employer branding,3
Frisklivssentral,3
familie,3
Planleggingsleder,3
Platform Engineer,3
Dagligliv,3
Dagaktivitet,3
Pleieassistent,3
Polering,3
DAK,3
Kreftsykepleie,3
Kreft,3
FACT-team,3
EØS-rett,3
Politisk sekretariat,3
Postoperativ sykepleie,3
Kravspesifisering,3
dokumentasjon,3
digital transformasjon,3
Heimehjelp,3
dyrestell,3
Prefab,3
Praktiske oppgaver,3
PowerBI,3
Preoperativ sykepleie,3
Kranbil,3
Prevensjonsveiledning,3
Kraftforsyning,3
Kraftbransje,3
Eventselger,3
Privatøkonomi,3
Privat praksis,3
Product Manager,3
Kostnadsanalyse,3
Korttidsopphold,3
Procurement,3
Problemløsning,3
Produksjonsplanlegger,3
Produksjonslokale,3
bygg og anlegg,3
bygg,3
Produksjonstesting,3
Korarbeid,3
Koordinerende sykepleier,3
Chef de Partie,3
Produsent,3
Fabrikksjef,3
Kontrollrom,3
Kontrollingeniør,3
Kontrollarbeid,3
Kontrollanlegg,3
Produktstrategi,3
Produktsjef,3
Programleder,3
Anleggsbransjen,3
Angular,3
bedriftshelsetjeneste,3
Programfaglærer,3
Programfag,3
Prognoser,3
Prognose,3
Programutvikling,3
Kontraktshåndtering,3
Prosessanalytiker,3
Prosedyre,3
akuttmedisin,3
applikasjonsforvaltning,3
Franchise,3
Helsebygg,3
autisme,3
Cellekultur,3
Case manager,3
Prosessteknologi,3
Kontorsjef,3
Camp,3
Cafémedarbeider,3
Prosjektinnkjøper,3
Prosjektselger,3
Fagkoordinator,3
Webutvikler,3
Forvaltningsrevisor,3
Webredaktør,3
Prøvemottak,3
Publikum,3
Public 360,3
Psykososialt miljø,3
Konsernrapportering,3
Faglig veileder,3
Faglig ansvarlig,3
Faglig ansvar,3
Pumpestasjon,3
Bøker,3
Konferansevert,3
Pålitelighet,3
ROP,3
Bygningsfysiker,3
Helsekontroll,3
Helseinstitusjon,3
Fortolling,3
Båtfører,3
Kommunikasjonssystemer,3
Regelverksarbeid,3
Regi,3
Regnskapscontroller,3
Kommunalt barnevern,3
Kommunikasjonsleder,3
Reindrift,3
Byggteknisk rådgiver,3
Regulatoriske krav,3
Reisebyrå,3
Kommuneadvokat,3
Vielse,3
Vinterjobb,3
Vinterdrift,3
Vindusvask,3
Apple,3
Forsyningsportør,3
Helsehuset,3
Rekrutteringsrådgiver,3
Rekrutterer,3
Reklamasjon,3
Kommunale tjenester,3
Byggarbeider,3
Kommunal helsetjeneste,3
Kommunal eiendom,3
Fagutvikler,3
Renovatør,3
Reservasjoner,3
Kommersiell utvikling,3
Kommersiell leder,3
Familieassistent,3
Farge hår,3
Researcher,3
Ressurskoordinator,3
Videregående opplæring,3
Helseplattformen,3
Henting,3
Helseøkonomi,3
Respirator,3
Resultatoppfølging,3
Kokekyndig,3
Rettvitenskap,3
Risikohåndtering,3
Klinisk observasjon,3
Klinisk kompetanse,3
Klokker,3
Business intelligence,3
Robot,3
Rus og psykiatri,3
Velferdssenter,3
Vekterutdanning,3
Applikasjonsforvaltning,3
Applikasjonsforvalter,3
Arbeidsklær,3
Hjelp i hjemmet,3
Verneområder,3
Rullestoltransport,3
Romteknologi,3
Rustfritt stål,3
Rusmedisin,3
Ruskonsulent,3
Business Development,3
Farlig avfall,3
Klinikkassistent,3
Klinisk vurdering,3
Klinisk psykologi,3
Bunad,3
Vegprosjekt,3
Veivedlikehold,3
Veimester,3
Forskningsfinansiering,3
Herreklær,3
Hjemmearbeid,3
Hjelpeyrke,3
Veidrift,3
Vedtak,3
Hjelpemiddelformidling,3
Fornebu,3
Arbeidsordre,3
Arbeidsmedisin,3
Rus og psykisk helse,3
Rådgivende salg,3
Rådgivende ingeniør bygg,3
Klinikkleder,3
Klinikkdrift,3
Familiesenter,3
Ryddehjelp,3
Rutiner,3
Klinisk ernæringsfysiolog,3
Sakkyndig vurdering,3
Brønn,3
Salgsassistent,3
Sakshåndtering,3
Salgskoordinator,3
Salgskompetanse,3
Salgsfaget,3
Vaske,3
Vedlikeholdsingeniør,3
Vegforvaltning,3
Forsikringsrett,3
Hjertemedisin,3
Bryggeri,3
Brukerveiledning,3
Salgsavdeling,3
Salgsutvikling,3
Salgsstrategi,3
Fargebehandling,3
Brukerinnsikt,3
Valg,3
Vaktplanlegging,3
Vannverk,3
Arkivleder,3
Varetransport,3
Samfunnsbeskyttelse,3
Samfunnsarbeid,3
Samfunnsansvar,3
Bru,3
Broarbeid,3
Samspill,3
Samisk kultur,3
Fellesareal,3
Kjøkkenrådgiver,3
Kjøkkenarbeid,3
Brand Manager,3
VA-teknikk,3
VA-prosess,3
Arkitektkontor,3
Forkynner,3
Vaksinasjon,3
Vann,3
Selskapsrett,3
Kirkearbeid,3
Kjede,3
Kirurgisk sengepost,3
Seniorforsker,3
Brannalarmanlegg,3
Service Advisor,3
Serverdrift,3
Feltservice,3
Kelner,3
Servicedesk,3
Utlendingskontroll,3
Utlendingsforvaltning,3
Assistansetjeneste,3
Hund,3
Servicebåt,3
Serviceavdeling,3
Boligtilpasning,3
Boveiledning,3
Botjeneste,3
Boring,3
Boligforvaltning,3
Kinesisk,3
Key Account,3
Bolt,3
Asset management,3
Hudpleier,3
Husholdning,3
Husdyr,3
Servitørleder,3
Kategoristyring,3
Kasserer,3
Kioskmedarbeider,3
Shop Assistant,3
Boligsalg,3
Boligprosjekt,3
Ferskvaremedarbeider,3
Ferskvareansvarlig,3
Kartforvaltning,3
Kebab,3
Sikkerhetspost,3
Sikkerhetskoordinator,3
Karbonfangst,3
Kapitalvaresalg,3
Kapitalvarer,3
Ferskvaresjef,3
Universitetssykehus,3
Hverdagsrehabilitering,3
Forefallende arbeid,3
Formidler,3
Sirkulær økonomi,3
Sjokolade,3
Bo-oppfølging,3
Kampanjeplanlegging,3
Sjøforsvaret,3
Skattemelding,3
Skadestue,3
Atferd,3
Forliksråd,3
Husmannskost,3
Ungdomsveileder,3
Ungdomspsykiatri,3
Skipselektriker,3
Kabelanlegg,3
Skjeggtrim,3
Skiutleie,3
Skog,3
Skoleutvikling,3
Kabeltrekking,3
Ferje,3
Skribent,3
Skyvemasttruck,3
KPI,3
Biogass,3
Uber,3
Håndverktøy,3
UX designer,3
Bilklargjøring,3
Biltekniker,3
Solcelle,3
Jobbklubb,3
Juridisk assistent,3
Billettering,3
Spa,3
Sosiologi,3
Sosialtjenesteloven,3
Spesialingeniør,3
Journalarbeid,3
Spesialistgodkjenning,3
Tungbilmekaniker,3
Typescript,3
Bilbutikk,3
Spesialist i allmennmedisin,3
Språkstimulering,3
Finansiell kontroll,3
Fiske,3
Bid Manager,3
Biblioteksjef,3
Stabsarbeid,3
Stabilitetsberegning,3
Italiensk mat,3
Isolering,3
Statlig sektor,3
Statsforvalter,3
Inventor,3
Tripletex,3
Trucksertifikat,3
Høreapparat,3
Høgskolelektor,3
ICDP,3
Stedsutvikling,3
Sterkstrøm,3
Sterilt arbeid,3
Steril,3
Fiskehelse,3
Fiskeforedling,3
Interessepolitikk,3
Interesseorganisasjon,3
Internett,3
Internasjonalt salg,3
Beredskapsvakt,3
Bestilling,3
Struktur,3
Strikking,3
Avtalehåndtering,3
Traverskran,3
Avdelingsassistent,3
Høyteknologi,3
Trearbeid,3
Instituttleder,3
Institutt,3
Intensivsykepleie,3
Integrasjonsarkitektur,3
Internasjonal,3
Strålevern,3
Strukturingeniør,3
Studentstilling,3
Transaksjon,3
Foliering,3
ISMS,3
Traktormekaniker,3
Avhengighetsbehandling,3
Bemanningskoordinator,3
Innvendig arbeid,3
Instruksjon,3
Studiekonsulent,3
Styringsprosesser,3
Innkjøpsrådgiver,3
Innkjøpsleder,3
Institusjonsarbeid,3
Beredskapsleder,3
Stålmontør,3
Subsurface,3
Innhold,3
Innsyn,3
Innsikt,3
Innsatsleder,3
Svakstrøm,3
Tollbehandling,3
ISPS,3
ISO 45001,3
Svømming,3
Svømmetrener,3
Svømmeopplæring,3
Beboeromsorg,3
Innholdsutvikling,3
Begynneropplæring,3
Sykkelmekaniker,3
Sykestue,3
Basesystemer,3
Informasjonsteknologi,3
Bedriftskunde,3
Systemansvar,3
Tingsrett,3
BMW,3
Badebetjent,3
Badeanlegg,3
Flyttehjelp,3
Systemforvalter,3
Systemtesting,3
Søm,3
Fly,3
Ingeniørfag,3
Informasjonsvitenskap,3
Batteri,3
Tilgangsstyring,3
Tilbudsleder,3
Tilbud,3
Tilsynslege,3
IT-innkjøp,3
Tilskuddsordninger,3
Taksering,3
Take-away,3
TSB,3
Informasjonsarkitektur,3
Baseområde,3
Takstmann,3
Tannbehandling,3
Industrimontør,3
Tariff,3
Teamkoordinator,3
Tavlemontør,3
Tegning,3
Barnepsykiatri,3
Terminaldrift,3
Backoffice,3
Bakketjeneste,3
Terraform,3
Barnepsykiater,3
Flytekniker,3
Industriell økonomi,3
Teknisk assistent,3
Teknisk arkitektur,3
Teknisk innkjøp,3
Teknisk infrastruktur,3
Teknisk fag,3
Teknisk koordinering,3
Teknisk kontroll,3
Teknisk konsulent,3
Industribedrift,3
Flyttearbeid,3
Telemontør,3
Termografering,3
Identitets- og tilgangsstyring,3
Barnegruppe,3
Barnefamilie,3
Teknisk installasjon,3
Teknisk problemløsning,3
Indisk mat,3
Improvisasjon,3
Teknisk sjef,3
Barne- og ungdomspsykologi,3
Teknisk vurdering,3
Flytting,3
Flytteprosjekt,3
IT-styring,3
Teknologi og industrifag,3
Make-up,3
Eldrehelse,3
Eldre,3
Lærlinger,3
AML,3
AMK-operatør,3
AMK,3
Øl,3
Førerkort klasse C,3
AI-verktøy,3
Økonomisk rådgiver,3
Økonomioppfølging,3
110-sentral,2
Øyeblikkelig hjelp,2
AKS-assistent,2
Førerkort klasse D,2
Førskole,2
Fysisk makt,2
Fysisk sikring,2
Øre nese hals,2
ALIS,2
Mannskap,2
Manuell dirigering,2
Lærlingveiledning,2
Majorstuen,2
Marinbiolog,2
Marin industri,2
Læringsplattform,2
Eksportkontroll,2
Elektrisk,2
Maritim kultur,2
Maritim kontroll,2
Maritim elektriker,2
utøvende kunst,2
Ålesund,2
virksomhetsutvikling,2
videoredigering,2
GPS,2
Økonomiansvarlig,2
ADK,2
Eksplosiver,2
IT-verktøy,2
IT-utvikling,2
IT-team,2
Flyplasstransport,2
Flåtestyring,2
Terminalpleie,2
Barnefaglig ansvarlig,2
Individualterapi,2
Incident management,2
InSchool,2
Teknisk oppfølging,2
Teknisk spesifikasjon,2
Teknisk skriving,2
Barception,2
Barbershop,2
Barbering,2
Teknisk informasjon,2
Teknisk forvalter,2
Teknisk forfatter,2
Teknisk medarbeider,2
Industriarbeid,2
Industrianlegg,2
Flyttebilsjåfør,2
Flyttearbeider,2
Barnehabilitering,2
Tekniske løsninger,2
Bankavstemming,2
BankID,2
Telefonmøter,2
Teleskoptruckfører,2
ITSM,2
ITB,2
TestStand,2
Tilberedning,2
IT-forvaltning,2
Identitetsstyring,2
Testplanlegging,2
Tilhenger,2
Teiknspråk,2
Tegnspåk,2
Teknisk evaluering,2
Teknisk direktør,2
Teknisk byggeledelse,2
Barnebibliotekar,2
Flystasjon,2
Individuelt tilrettelagt opplæring,2
Barneinstruktør,2
Barnehagerenhold,2
Tannpleie,2
Teamlead,2
Teambuilding,2
Barnevernpedagog,2
Barneutstyr,2
Tegninger,2
Industriell ingeniør,2
Industriell design,2
Industrirenhold,2
Industriproduksjon,2
Terminalarbeid,2
Bakvakt,2
Bakkeutstyr,2
Bakerisjef,2
Testoperatør,2
Testautomatisering,2
Fjøsstell,2
Flyekspeditør,2
Baseleder,2
Barrierefrihet,2
Barns utvikling,2
Takstingeniør,2
Tannlegesekretær,2
Industrimedarbeider,2
Informantbehandler,2
Infodoc,2
InfoDoc,2
Infeksjon,2
Industriteknologi,2
Tandoori,2
Tavle,2
Taproom,2
Tilrettelagt avdeling,2
Tilsynsingeniør,2
Tilstandsvurdering,2
Tilstandsrapport,2
Tilstandskontroll,2
Tilskuddsforvaltning,2
Tilrettelagt opplæring,2
TV-produksjon,2
Taktisk etterforskning,2
Taktekking,2
Barnesykepleier,2
Industriteknikk,2
Informasjonssystemer,2
Informasjonskompetanse,2
Informasjonsflyt,2
Informasjonsbehandling,2
IT-administrasjon,2
Forbedringsprosesser,2
Forbedringsleder,2
Toginformatør,2
Systemovervåking,2
Systemleveranse,2
Systemvedlikehold,2
Systemtenkning,2
Systems Engineering,2
TEMPEST,2
Søknadsskriving,2
Bearbeiding,2
Flyarbeider,2
Tilbygg,2
Tilbudsskriving,2
Tilbudsberegning,2
Sykkelbud,2
Sysselmester,2
Synstolking,2
Fiskeribiologi,2
Flis,2
Bedriftslege,2
Syn,2
Symjehall,2
Sykkelverksted,2
Timebestilling,2
Bakeoff,2
Tiltak,2
Tjenestekoordinering,2
Tjenestekontor,2
ISO 17025,2
IT-direktør,2
INSTA 800,2
BI,2
Total Rewards,2
Trafikkvakt,2
Trafikkstyring,2
Sushi kokk,2
Survey,2
Surdeig,2
Bedriftsrådgivning,2
Behandlingsrom,2
Supportingeniør,2
Supported Employment,2
Ingeniørgeologi,2
Begravelsesbyrå,2
Befrakter,2
Sykkelreparasjon,2
Behandlingsinstitusjon,2
Bemanningsplanlegger,2
Stålkonstruksjoner,2
Subsea kontrollsystemer,2
Støttepersonell,2
Superselger,2
Innsjekk,2
Svalbard,2
Backend-utvikler,2
BUP,2
Tomtearbeid,2
Trafikkbetjent,2
Totalentreprise,2
Avregningskonsulent,2
IP-plan,2
IP-koordinator,2
Bergingsbil,2
Beregninger,2
Beregning,2
Studentassistent,2
Styresekretær,2
Styrearbeid,2
Stålarbeid,2
Styrkeberegning,2
Fjøsarbeid,2
Fjernstyring,2
Fjellsikring,2
Installatør,2
Støttefunksjon,2
Støttearbeid,2
Støtte i undervisning,2
Behandlingsplan,2
Foredrag,2
Foredling,2
ISM-kode,2
Transportleder,2
Transportkoordinator,2
Transportadministrasjon,2
Avhengighetsmedisin,2
Avviksbehandling,2
Studentoppfølging,2
Studentmedarbeider,2
Studenthelse,2
Bemanningskonsulent,2
Beskyttelsestiltak,2
Bergteknikk,2
Inntaksteam,2
Instrumentvask,2
IKT-ferdigheter,2
Folkehelsekoordinator,2
Trebearbeiding,2
Treasury,2
Trivselsvakt,2
Institusjonstjeneste,2
Intensivmedisin,2
Internasjonal erfaring,2
Strøm,2
Strøing,2
Stråleterapi,2
Strukturert arbeid,2
Strukturering,2
Trafikksikring,2
Trafikkleder,2
Transaksjoner,2
Storbarnsavdeling,2
Strategisk kundeansvarlig,2
Betalingssystem,2
Betaling,2
Fiskeindustri,2
Stridskjøretøy,2
Stressmestring,2
Streetfood,2
Streaming,2
Strategisk styring,2
Avtaleinngåelse,2
Traumesensitiv omsorg,2
Trenerutvikling,2
IKT-sikkerhet,2
IKT-kunnskaper,2
IKT-forvaltning,2
Forening,2
IK mat,2
ID-kort,2
Trosformidling,2
Troppsgymnastikk,2
Trommer,2
Trykkeri,2
Trykk,2
Sterilforsyningstekniker,2
Stillasmontør,2
Fiskehelsebiolog,2
Fiskefôr,2
Stikningsingeniør,2
Stortruck,2
Storformat,2
Storfe,2
Stands,2
Statlig regnskap,2
Statlig forvaltning,2
Statistisk analyse,2
Stavanger,2
Statsregnskap,2
Statsforvaltning,2
Statsbudsjett,2
Statsautorisert revisor,2
Statlig økonomi,2
Intervensjon,2
Interntransport,2
Beslutningsgrunnlag,2
Triagering,2
Avdelingsvert,2
Avdelingskoordinator,2
Spesialrenhold,2
Sponsorater,2
Sponsoransvarlig,2
Jira,2
JavaScript,2
Bilagsbehandling,2
Stakeholder management,2
Isbilen,2
Investeringsrådgiver,2
Investeringsanalyse,2
Stabilitet,2
Spylebil,2
Stasjonært vaktarbeid,2
Stasjonær vakt,2
Stasjonsleder,2
Startlån,2
Turntrener,2
Autorisert regnskapsfører,2
Autonome systemer,2
Høyspentanlegg,2
Hørsel,2
Forbrukervarer,2
Forbrukerrett,2
Forhandler,2
UI,2
UEH,2
Tømrerarbeid,2
Bilelektronikk,2
Spiseri,2
Spill,2
Spesielle behov,2
Spesialundervisning,2
Finanssektor,2
Sosial utvikling,2
Sosial,2
Spaning,2
Bilberger,2
Bilinnkjøper,2
Spesialavdeling,2
Speditør,2
Jakt,2
Italiensk pizza,2
Spesialpedagogisk støtte,2
Spesialpedagogisk hjelp,2
Biler,2
Trygg kjøring,2
Tungindustri,2
Tubing,2
Soldatutdanning,2
Finansiering,2
Finansiell rådgiver,2
Julehjelp,2
Juridiske problemstillinger,2
Juridisk støtte,2
Sortland politistasjon,2
Sommervikar,2
Sosialfaglig leder,2
Sosialfaglig,2
Sosialarbeider,2
Bilfoliering,2
Bilfinansiering,2
Bilpleier,2
Juridisk bistand,2
Filetering,2
Ullevaal Stadion,2
Ubåt,2
Hårstyling,2
Hårbehandling,2
Håndverksbakeri,2
Håndverksbaker,2
UPS,2
UI designer,2
Undervisningskompetanse,2
Smidig,2
Snørydding,2
Snekring,2
Softwareutvikler,2
Software,2
Bilskadereparatør,2
Solskjerming,2
Skredfarevurdering,2
Slag,2
Skytjenester,2
Smarthus,2
Bioinformatikk,2
Juridisk metode,2
Juridisk leder,2
KYC,2
KI-ingeniør,2
KEM,2
Jusstudent,2
Slamsuger,2
Tømmer,2
Associate,2
Autismespekterforstyrrelser,2
Ulsteinvik,2
Skjenking,2
Skjegg,2
Biokjemi,2
Blomsterbutikk,2
Blikkenslagerarbeid,2
Skipstømrer,2
Skogsdrift,2
Skogforvaltning,2
Skobutikk,2
Skolefravær,2
Skoletransport,2
Skolerenhold,2
Feriebolig,2
Finansdirektør,2
Skoleledelse,2
Skredsikring,2
Audiograf,2
Atferdsproblematikk,2
Ungdomsbibliotekar,2
Formarbeid,2
Forlag,2
Underwriter,2
Ungdomspsykiater,2
Ungdomslos,2
Bo- og aktivitet,2
Bo og habilitering,2
Skipsteknisk,2
Skipsmaskineri,2
Skjønnhetspleie,2
FinOps,2
Film,2
Kald stasjon,2
Skadeforsikring,2
Skadedyrtekniker,2
Skadedyrkontroll,2
Skadebehandler,2
Skanning,2
Skadeverksted,2
Skadeservice,2
Skadesanering,2
Kafka,2
Kampanjearbeid,2
Kameraovervåkning,2
Kameraovervåking,2
Skiltarbeider,2
Undervisningsassistent,2
Undersøkelsesarbeid,2
Assisterende daglig leder,2
Hybridbil,2
Hvilende nattevakt,2
Formålsbygg,2
Utendørsbelysning,2
Site Manager,2
Sirkulærøkonomi,2
Simulator,2
Sjømannsprest,2
Sjøgrense,2
Bodø,2
Bo- og velferdssenter,2
Kandidatkartlegging,2
Kardiologisk sykepleier,2
Kardiologi,2
Bo- og servicesenter,2
Sjøarbeid,2
Sikkerhetsoffiser,2
Sikringstekniker,2
Sikringsrådgiver,2
Sikkerhetssystemer,2
Boligbygging,2
Bokhåndtering,2
Sivil-militært samarbeid,2
Sivil vekter,2
Utadrettet arbeid,2
Utadrettet,2
Urbanisme,2
Utebutikk,2
Uteaktiviteter,2
Utdanningsstilling,2
Utdanningsledelse,2
Utdanningsinstitusjon,2
Servicesjef,2
Servicerørlegger,2
Signalanlegg,2
Showroom,2
SharePoint,2
Settefiskanlegg,2
Sikkerhetskonsulent,2
Sikkerhetsanalytiker,2
Bogruppe,2
Boligsosialt arbeid,2
Boligselskap,2
Kassebetjening,2
Boligkontor,2
Boligkonsulent,2
Signalingeniør,2
Sikkerhetspolitikk,2
HubSpot,2
Husflid,2
Husdyrhold,2
Hydraulisk modellering,2
Assisterende fylkeslege,2
Utelek,2
Utekontakt,2
Utleiekoordinator,2
Utfordrende atferd,2
Serviceverksted,2
Katt,2
Kateket,2
Kategorisjef,2
Kategoriarbeid,2
Kategoriansvarlig,2
Kassevert,2
Utvendig arbeid,2
Utviklingsrådgiver,2
Utviklingsprosesser,2
Hundekjører,2
Humanitær organisasjon,2
Hudterapeut,2
Utviklingsmiljø,2
Bostøtte,2
Servicemontør,2
Booppfølging,2
Bondeorganisasjon,2
Bonde,2
Settefisk,2
Asset Management,2
Assisterende restaurantsjef,2
Assisterende rektor,2
Borerigg,2
Brannansvar,2
Brannalarm,2
Senior ingeniør,2
Sertifikat D3,2
Senterleder,2
Serveringsjobb,2
Serveringsbransjen,2
Server,2
Felttekniker,2
Kirkelig arbeid,2
Arrestforvarer,2
Arrest,2
Assisterende butikkleder,2
Utviklingsingeniør,2
Utviklingsavdeling,2
Hovedbok,2
Hotellsjef,2
Hotellresepsjonist,2
Forkynnelse,2
Forretningsstøtte,2
Valuta,2
Brannsikring,2
Brannrådgivning,2
Brannmur,2
Sekretariatsleder,2
Senior Accountant,2
Sengetøyskift,2
Kjemi- og prosessfag,2
Kirurgiske instrumenter,2
Kirurgisk sykepleie,2
Senioranalytiker,2
Brannvernleder,2
Brannutredning,2
Brannteknisk rådgivning,2
Sanitet,2
Screening,2
Kjøkkenansvarlig,2
Kjemisk prosess,2
Fasademontør,2
Fellesfag,2
Scenetekniker,2
Selskap,2
Bowling,2
Utviklingsleder,2
VVS-ingeniør,2
Vakthavende,2
Arrangementsmedarbeider,2
Samsvar,2
Samliv,2
Samlingsutvikling,2
Samlingsstund,2
Sandblåsing,2
Samtale,2
Fellesarealer,2
Kjemikaliesikkerhet,2
Kjemikaliehåndtering,2
Kjøkkenmontering,2
Kjøkkenledelse,2
Sansehage,2
Sanntidssystemer,2
Sanksjoner,2
Branninspektør,2
Bransjeekspert,2
Varebeholdning,2
Varm stasjon,2
Arbeidsmarkedstiltak,2
Arkeologi,2
Hotelldirektør,2
Archicad,2
Arbeidstrening,2
Samfunnsforståelse,2
Samfunnsøkonom,2
Brannteknisk analyse,2
Brukerbehov,2
Kjøkkendrift,2
Kjøletekniker,2
Kjølelager,2
Kjøleanlegg,2
Kjøkkenøkonomi,2
Hjullasterfører,2
Hjerteavdeling,2
Vegdrift,2
Brukerdialog,2
Bryn,2
Salgsorganisasjon,2
Samfunn,2
Brukerservice,2
Kjøttkontroll,2
Kjøttbehandling,2
Kjøretøyreparasjon,2
Fasilitetsstyring,2
Arktisk,2
Arkivsystem,2
Arkivarbeid,2
Vann og miljøteknikk,2
Sakshandsamar,2
SURF,2
Sales executive,2
Fasadevask,2
Kjøretøykontroll,2
Klatring,2
Klasserom,2
Salatbar,2
Varelager,2
Varmmat,2
Varme arbeider,2
Vassdragsteknikk,2
Hjemmebasert tjeneste,2
Hobby,2
Hjulskift,2
Hjulmaskin,2
Rørarbeid,2
Røntgentaking,2
Brystdiagnostikk,2
Budsjettstyring,2
Budsjettkontroll,2
Budsjettarbeid,2
Budbilsjåfør,2
Røkter,2
Råvareutnyttelse,2
SEM,2
Klimaregnskap,2
Klimagassregnskap,2
Kleplandstunet,2
STCW,2
SPA,2
SLT-koordinator,2
Hjelpemiddellager,2
Hjelpemann,2
Hjemmetekstil,2
Hjemmerehabilitering,2
Forsikringsselger,2
Arbeidsplass,2
Vedlikeholdsplanlegger,2
Vedlikeholdsleder,2
Råvarebehandling,2
Råbygg,2
Klinisk ernæring,2
Klinikkdirektør,2
Familieteam,2
Rørlegging,2
Rørinstallasjon,2
Rørfornying,2
Rullestolbruker,2
Rotasjonsutstyr,2
Rotasjon,2
Kliniske observasjoner,2
Klinisk støtte,2
Vegnett,2
Vekst,2
Veiprosjekt,2
Veihjelp,2
Forskning og utvikling,2
Hjemmebasert arbeid,2
Hjemme,2
Velferdstjenester,2
Vedlikeholdsstyring,2
Vedlikeholdsplanlegging,2
Arbeidsrettet oppfølging,2
Romfysikk,2
Bukollektiv,2
Koblingsanlegg,2
Koagulasjon,2
Klubbleder,2
Klubbdrift,2
Rulletrapp,2
Verdivurdering,2
Verdikjede,2
Ventilasjonstekniker,2
Applikasjonsdrift,2
Verkstedmedarbeider,2
Verifikasjon,2
Forskningssykepleier,2
Forskningsstasjon,2
Forskningsleder,2
Forskningstekniker,2
Applikasjonsutvikling,2
Ressursforvaltning,2
Responssenter,2
Resultatstyring,2
Resultatmål,2
Byfjordparken,2
Kommersialisering,2
Koldtkjøkken,2
Kokkekunst,2
Butikktalent,2
Returhåndtering,2
Rettshjelp,2
Rettleiing,2
Business Manager,2
Rivningsarbeider,2
Butikkslakter,2
Kommersiell forståelse,2
Farge,2
Familievold,2
Research,2
Restaurantdrift,2
Verneområdeforvaltning,2
Vern,2
Videoproduksjon,2
Antihvitvasking,2
Arbeid med ungdom,2
Arbeid med mennesker,2
Arbeid med barn,2
Arbeid i høyden,2
Apputvikling,2
Helsepolitikk,2
Familiekontor,2
Renholdsmaskiner,2
Renholdskoordinator,2
Byggarbeid,2
Byggevarehus,2
Byggeservice,2
Reportasje,2
Renslighet,2
Familieutreder,2
Kommunal infrastruktur,2
Kommunal drift,2
Kommunal bolig,2
Fagsystem,2
Renrom,2
Reservoaringeniør,2
Reservasjon,2
Annonsering,2
Helsehjelp,2
Helsestasjonslege,2
Helsepsykologi,2
Vippetekniker,2
Vitenskapelig programmering,2
Rekrutteringsprosess,2
Reklamasjonshåndtering,2
Byggeregler,2
Byggleder,2
Byggherreombud,2
Familieråd,2
Familierettleiar,2
Familierett,2
Familiens Hus,2
Familielege,2
Kommunikasjonsansvarlig,2
Reinhald,2
Bygningsarbeid,2
Bygning,2
Byggvurdering,2
Byggvare,2
Reiseregninger,2
Reiseplanlegging,2
Reiseoppdrag,2
Kommunelege,2
Kommunehus,2
Kommunalteknisk,2
Rekrutteringsstilling,2
Vindusmontering,2
Vinylgulv,2
Vinyl,2
Regelverksforvaltning,2
Refusjon,2
Redskap,2
Redningsfarkost,2
Byplanlegger,2
Bygningsteknisk,2
Bygningsskader,2
Bygningsinstallasjoner,2
Regnskapsansvarlig,2
Registrering,2
Regiondirektør,2
Regional utvikling,2
Fakultet,2
Fakturahåndtering,2
Fagutviklingsrådgiver,2
Kommunikasjonsdirektør,2
Vitenskapelig utstyr,2
Voldsutsatte,2
Antenne,2
Helsekontor,2
Helseklinikk,2
Helseinformatikk,2
Forskningsrådgiver,2
Forskningsmetode,2
Web,2
Båtmann,2
React Native,2
Kommunepsykolog,2
Kompetanseledelse,2
Kompensasjon,2
Kommunikasjonsteknologi,2
Reggio Emilia,2
QHSE,2
QC,2
Radikalisering,2
Radar,2
RIE,2
RF-teknologi,2
Radiolog,2
Radiokjemi,2
Bygningsdrift,2
Båtverksted,2
Fagforening,2
Båtproduksjon,2
Visuell identitet,2
Visuell design,2
Visual merchandiser,2
Visning,2
Publikumsvert,2
Publikumsveiledning,2
Båtbygger,2
Børsnotert selskap,2
Børs,2
Fagradiograf,2
Fagpedagog,2
Fagopplæring,2
Kompleks organisasjon,2
Konfirmasjonsundervisning,2
Konfirmantundervisning,2
Påvirkningsarbeid,2
Påtalejurist,2
Pårørende,2
Påbygg,2
QHSSE,2
Vurderingsteam,2
Fotballklubb,2
Fosterforelder,2
Helsefagstudent,2
Helsefaglig utdanning,2
Helsefaglig bakgrunn,2
Helsekost,2
Yrkeshygieniker,2
Yrkeshygiene,2
XRF,2
CAM-programmering,2
Provisjon,2
Public Affairs,2
Psykoterapeut,2
Fagbrev baker,2
Pumper,2
Prosjektkontor,2
Prosjektkonsulent,2
Prosjekteringsledelse,2
Prosjektsikkerhet,2
Prosjektplanlegger,2
CRM-rådgiver,2
Fagkompetanse,2
Fagingeniør,2
Fagdidaktikk,2
CNC-maskin,2
Prostiprest,2
CFD,2
CEO,2
Våpenlager,2
Våpenforvaltning,2
Våken nattevakt,2
applikasjonsdrift,2
antihvitvasking,2
Helsearbeiderfaget,2
Fotografi,2
Fotklinikk,2
arkiv,2
Cellegummi,2
Cellebiologi,2
Catia,2
Casual fine dining,2
Casemanager,2
Carpenter,2
Project Controller,2
Prosjektansvar,2
Campingvogn,2
Kontordrift,2
Fremdriftssystem,2
Fremdriftsstyring,2
Fremdriftsplanlegging,2
Profil,2
Programvarelisenser,2
Programvarearkitekt,2
Kontraktsleder,2
Kontraktsforvalter,2
Kontraktsarbeid,2
Prosessfag,2
Prosessdesign,2
akademia,2
Yster,2
Andøya Spaceport,2
aktivisering,2
arbeidsgiverpolitikk,2
Chef de partie,2
Produktansvar,2
Produksjonsutvikler,2
Facility Management,2
Kontraktoppfølging,2
Kontrollskap,2
arbeidsliv,2
barnehjem,2
barnehage,2
barneautisme,2
barneassistent,2
backendutvikling,2
Analyseverktøy,2
Anestesisykepleier,2
Anestesiolog,2
bioinformatikk,2
compliance,2
cloud,2
digital design,2
Produksjonskjøkken,2
Produksjonsteknologi,2
Produksjonstekniker,2
Kontraktstyring,2
Korrosjon,2
Korps,2
Korledelse,2
Koreografi,2
Produktforvaltning,2
Produktdemonstrasjon,2
Produktdata,2
Circle K,2
Chief Pilot,2
Privat sektor,2
Produksjonsbedrift,2
Product Owner,2
Kostnadsestimering,2
Kraftmarked,2
bistand,2
campus,2
bærekraft,2
Ambulering,2
Anbudsarbeid,2
butikkmedarbeider,2
data scientist,2
data science,2
Helikopter,2
Helse- og omsorgssenter,2
daglig leder,2
Copilot,2
Kraftkommunikasjon,2
Krafthandel,2
Eventplanlegging,2
FPGA,2
FP&A,2
Content Creator,2
Presseetikk,2
Pressearbeid,2
Privat hjem,2
Privat helse,2
Privat avlaster,2
Prisregistrering,2
Prismedarbeider,2
Pris,2
Privatkunde,2
dataplattform,2
direktør,2
digitale tjenester,2
Heimesjukepleie,2
eksplosiver,2
ekspedisjon,2
eiendomsforvaltning,2
PostgreSQL,2
Preanalytisk arbeid,2
Praksisplass,2
PowerShell,2
Primavera,2
Kranoperatør,2
Kranbilsjåfør,2
Kraftsystemer,2
Crew management,2
Portefølje,2
Politiutdanning,2
Politisk rådgiver,2
Power Automate,2
Power Apps,2
Power & Controls,2
Containerkjøring,2
Cyberkriminalitet,2
Kreativ leder,2
Kravhåndtering,2
Cyberforsvaret,2
designsystem,2
designprosess,2
design,2
dbt,2
datasenter,2
Executive Assistant,2
Kriminalteknikk,2
Kriminalanalyse,2
Politiet,2
Customer Success Manager,2
DIPS Arena,2
D3-sertifikat,2
Plumber,2
Krematorium,2
Kreftavdeling,2
Etterretningsleder,2
Etterretningsanalyse,2
F-gass,2
Politikkutforming,2
Politihus,2
Porteføljebygging,2
Friskliv,2
Friluftsbarnehage,2
HRM-system,2
Havforskning,2
Hardware Security Engineer,2
farlig gods,2
familiearbeid,2
fagbrev,2
fagansvarlig,2
Plan og bygg,2
Plantevitenskap,2
Plantekunnskap,2
Planregister,2
Plattformdrift,2
Platearbeid,2
Daglig drift,2
PhD-stipendiat,2
Petroleumsteknologi,2
Dalsøyra,2
Dagtilbud,2
Plan,2
Pizzeria,2
Pizzalevering,2
Kretskort,2
Krokbil,2
Kritisk syke,2
Kuldeteknikk,2
Pilot,2
Planering,2
driftsleder,2
elektroingeniør,2
elektro,2
forebyggende helsearbeid,2
Hallbetjent,2
HSEQ,2
Frakthåndtering,2
forretningssystemer,2
gruppeintervju,2
Performance marketing,2
People & Culture,2
Personbil,2
Personalisering,2
Personlig økonomi,2
Pianolærer,2
Kuldetekniker,2
Kuldemontør,2
Kulde,2
Kryptografi,2
Datainfrastruktur,2
Dataferdigheter,2
Dashbord,2
Danselærer,2
Dataarkitekt,2
Pediatrisk sykepleier,2
Pedagogiske ferdigheter,2
Etterspørselsplanlegging,2
Krypto,2
Kulturhistorie,2
Kulturfag,2
fabrikk,2
finansiell analyse,2
Analyseleder,2
Analyseinstrument,2
forhandling,2
helsefag,2
havbruk,2
Pasientvurdering,2
Pasientregistrering,2
Kultursjef,2
Kultursektoren,2
Kultursektor,2
Kultursal,2
Kulturminneforvaltning,2
Ergoterapi,2
Patruljetjeneste,2
Patruljeleder,2
Pastor,2
Pasta,2
Data science,2
Data pipeline,2
Dataintegrasjon,2
Datateam,2
Pasientflyt,2
Dataproduktutvikler,2
Kulturmedarbeider,2
Kulturleder,2
Kulturledelse,2
Kundehenvendelser,2
Kunde,2
Datakunnskaper,2
Pasientkjøring,2
graduate,2
Frivillig sektor,2
Fritidstilbud,2
Fritidsleder,2
HR-prosesser,2
hotell,2
Aldersomsorg,2
Gymnastikk,2
HR Business Partner,2
HPC,2
Dekkmontering,2
POS,2
PKK-godkjenning,2
PST,2
PRE,2
PPU,2
Palliativ omsorg,2
Parkett,2
Parkeringsvakt,2
Parkering,2
Parker,2
Overgrepsmottak,2
Osteproduksjon,2
Estetiske fag,2
Ernæringsoppfølging,2
Kundekommunikasjon,2
Kundereskontro,2
Kundereise,2
PHS,2
PDM,2
hardware,2
Ambulerende,2
Ambulant tjeneste,2
hjelpepleier,2
helsetjeneste,2
helsesøster,2
hovedkontor,2
Frokostservering,2
kandidattiltrekning,2
Organisasjonserfaring,2
Ortopedisk kirurgi,2
De-icing,2
Datavitenskap,2
Datavisualisering,2
Delikatessebutikk,2
Deli de Luca,2
Kunst og håndverk,2
Kunnskapsformidling,2
Energirådgiver,2
Delelager,2
Dekoratør,2
Dekor,2
Oria,2
Allmennlærer,2
kontordrift,2
Frontendutvikler,2
kundeopplevelse,2
Oppvekstsenter,2
Epidemiologi,2
Entrepriserett,2
Entreprise,2
Kundetilfredshet,2
Kurator,2
Kunstmuseum,2
Kunsthåndverk,2
Organisasjonsrådgiver,2
hygiene,2
innholdsprodusent,2
investering,2
Oppdragsledelse,2
Operativt politiarbeid,2
Oppgradering,2
Desinfeksjon,2
Oppvasker,2
Opptak,2
Kunstformidling,2
Kvalifisering,2
Opus Dental,2
Optikerassistent,2
journalsystem,2
journalføring,2
konsern,2
kommune,2
Alma,2
Allmennpraksis,2
Aktor,2
Alarmanlegg,2
Akuttvurdering,2
Grønnsaker,2
Grønn omstilling,2
Gruvedrift,2
Gruve,2
leverandørstyring,2
Diabetes,2
Operativt arbeid,2
Operativ sikkerhet,2
Operativ innkjøp,2
Engineering manager,2
Energistyring,2
Kvalitetsregister,2
Kvalitetsoppfølging,2
Omsorgsbustad,2
Destinasjonsselskap,2
Desserter,2
Digital,2
Didaktikk,2
Dialog,2
Kvantitativ metode,2
Energioperatør,2
Omsorgstun,2
Operasjonssenter,2
Operasjonsplanlegger,2
Operasjonell teknologi,2
Diabetessykepleier,2
kvalitetssystem,2
kunstner,2
Aktuar,2
LIS 2,2
Laboratoriemedarbeider,2
OT,2
Offentlig revisjon,2
Offentlig kontroll,2
Offentlig journal,2
Offentlig godkjenning,2
Offentlig tannklinikk,2
Omdømme,2
Ombygging,2
Omsorgsperson,2
Energiingeniør,2
Energigjenvinning,2
Energiforsyning,2
Kystfart,2
Kyrkje,2
matematikk,2
molekylærbiologi,2
Fuktsikring,2
Fuging,2
Gravide,2
Grunnundersøkelser,2
Grunning,2
Grunndata,2
modellutvikling,2
modellering,2
miljøteknikk,2
Digital identitet,2
Kvinneklinikk,2
LO,2
LMS,2
LIS-lege,2
Gravplassforvaltning,2
Frivilligkoordinator,2
overingeniør,2
personaloppfølging,2
Nyfødt intensiv,2
Nybil,2
Næringslokaler,2
Næringsliv,2
Nyre,2
Laboratoriedrift,2
Nøyaktighet,2
Nødtelefon,2
leverandøroppfølging,2
lek,2
lønnsarbeid,2
medisinering,2
Akkompagnement,2
poliklinikk,2
Nevroutviklingsforstyrrelser,2
Endringshåndtering,2
Labarbeid,2
LabVIEW,2
Laminat,2
Nyhetsledelse,2
Nyhetsformidling,2
miljø,2
Aktivitetsarbeid,2
Akuttenhet,2
pasientmottak,2
partssamarbeid,2
Akademisk publisering,2
Aktivitetstilbud,2
Digitale ferdigheter,2
Digital tjenesteutvikling,2
Negledesign,2
Elektroreparatør,2
Nedvask,2
Nedskjæring,2
Network Operations Center,2
Nettverksdrift,2
Nettredaktør,2
personalledelse,2
plattform,2
personlig hygiene,2
Aktivaforvaltning,2
Aktiv hverdag,2
Godkjenning,2
Graduate program,2
reiser,2
reiseliv,2
reisebyrå,2
rehabilitering,2
Narvesen,2
Nattsykepleier,2
Nattklubb,2
Emballasje,2
Lageroperatør,2
Lagerlogistikk,2
Landmåling,2
Landbruksøkonomi,2
Landbruksregnskap,2
Naval,2
Naudnett,2
Digitale kanaler,2
NDT-inspektør,2
Langvakt,2
Landskapsarkitekt,2
Digitaliseringsrådgiver,2
Digitale tjenester,2
Møterom,2
Nattearbeid,2
programvare,2
prognoser,2
prognose,2
psykologi,2
psykisk helse,2
Funksjonell arkitekt,2
Gjesteoppfølging,2
Google Cloud,2
Google Ads,2
Musiker,2
Musher,2
Murerarbeid,2
Musikkproduksjon,2
Musikkpedagog,2
Måletekniker,2
Måleinstrumenter,2
Målearbeid,2
Digitale spor,2
Distributør,2
Distribusjonssjåfør,2
Dirigent,2
Lavterskel,2
Lavspenningsanlegg,2
Møteplass,2
Møteleder,2
samfunnssikkerhet,2
Glassmontør,2
Gjestfrihet,2
serverdrift,2
server,2
senioringeniør,2
Mottakskontroll,2
Motorsykkelmekaniker,2
Motorsykkel,2
Lede,2
Lead Engineer,2
Elevassistent,2
Elevadministrasjon,2
Elementfabrikk,2
Motormekaniker,2
Motormann,2
Direktesending,2
Dokumentasjonsforvalter,2
Dokk,2
Documaster,2
Modifikasjonsprosjekt,2
Modellutvikling,2
Motorbygging,2
Motebutikk,2
Elektrotekniker,2
Elektriske systemer,2
Elektriske maskiner,2
Morgenvakt,2
Akademisk,2
Agronom,2
Aftersales,2
resepsjon,2
Leiar,2
Legevikar,2
Missilsystem,2
Missil,2
Minibussjåfør,2
Divisjonsdirektør,2
Dommer,2
Mineralogi,2
Modellbasert utvikling,2
Modellbasert prosjektering,2
Mobilutvikler,2
Elektronikkingeniør,2
Legemiddelanalyse,2
Montessori,2
Montasjeleder,2
Molekylærpatologi,2
Lekebutikk,2
Leke og læringsmiljø,2
Lek og læring,2
Lek og aktiviteter,2
Miljøkartlegging,2
Miljøfyrtårn,2
Miljøforskning,2
Miljøfag,2
Drift av bygg,2
Miljøstasjon,2
Miljøovervåking,2
Miljøvennlig renhold,2
Miljøvennlig,2
Miljøteknologi,2
Mobil vakt,2
Leieavtaler,2
Geografisk etterretning,2
Gjestegård,2
Gjerde,2
Gjenbruk,2
Gitar,2
sikkerhetsarbeid,2
serviceleder,2
Active Directory,2
Advokatsekretær,2
Metallbearbeiding,2
Migrasjonshelse,2
Microsoft Office,2
Microsoft Fabric,2
Microsoft Dynamics,2
Mikroskopi,2
Mikroelektronikk,2
Driftskontrakt,2
Microsoft Azure,2
Microservices,2
Michelin,2
Dreiing,2
Leverandørforhandling,2
Leverandør,2
Lettmatros,2
Elektrisk arbeid,2
Driftsoptimalisering,2
sekretær,2
sekretariat,2
scripting,2
scenekunst,2
sikkerhetsarkitektur,2
Geografisk informasjon,2
Gellakk,2
Gelenegler,2
Gevinstrealisering,2
Geokjemi,2
sikkerhetssystem,2
softwareutvikling,2
skyplattform,2
Mekanisk montasje,2
Mekanisk industri,2
Driftsstøtte,2
Dumperfører,2
Mekling,2
Lektor,2
Ligningspapirer,2
Mentorprogram,2
Menighetsleder,2
Dyreomsorg,2
Dyreklinikk,2
Medlemsoppfølging,2
Medlemskontakt,2
Medlemskommunikasjon,2
Medisinutlevering,2
Leveranseoppfølging,2
Leverandørutvikling,2
Lisenshåndtering,2
Lisensforvaltning,2
Lindring,2
Mekanisk tekniker,2
Advokatkontor,2
simulering,2
Fyringsanlegg,2
Fylkeskontor,2
systemdrift,2
API-utvikling,2
Genetikk,2
Generalsekretær,2
EEG,2
EASA Part-66,2
Mediekontakt,2
Dør til dør,2
Døgnseksjon,2
Medisinsk forskning,2
Medisinsk senter,2
Medisinsk rådgivning,2
Livsgledehjem,2
Livredder,2
Liturg,2
Dyrepleie,2
toppleder,2
Mattilsynet,2
Matrikkelloven,2
Matrikkel,2
Matombringing,2
Matvare,2
Medikamentell behandling,2
Medikamentadministrasjon,2
Logistikkleder,2
El-sykkel,2
skybaserte løsninger,2
strategisk innkjøp,2
strategisk HR,2
subsea,2
studentjobb,2
systemintegrasjon,2
Matfisk,2
Elektrisk installasjon,2
Elektrisk ingeniør,2
Lodding,2
Matfaglig,2
Materiellplanlegger,2
Administrasjonsleder,2
Administrasjonskonsulent,2
tekniker,2
tariffavtale,2
systemutvikler,2
teknisk rådgiver,2
teknisk leder,2
Gastro,2
transport,2
transformasjon,2
Eiendomsskatt,2
Eiendomsservice,2
Eiendomsmegler,2
Maskinsalg,2
Massetransport,2
Massasjeterapeut,2
Maskinvare,2
EMC,2
Lokalavis,2
Luftvern,2
Luftgrense,2
Maskintransport,2
Matbud,2
Matarbeider,2
Matematikkdidaktikk,2
Matkvalitet,2
tverrfaglig samarbeid,2
turnusplanlegging,2
trening,2
verktøy,2
verksted,2
Maskinelt renhold,2
Maskinarbeider,2
Marketing Automation,2
Maskinkyndig,2
Luftfartstekniker,2
Lyd,2
Lungepost,2
Lungemedisin,2
Maskinkonstruksjon,2
Maskinkjøring,2
EU-regelverk,2
Maritimt arbeid,2
Maritime systemer,2
Maritim utdanning,2
Markedsmateriell,2
Markedsleder,2
Markedsdirektør,2
Markedsavdeling,2
Lærerassistent,2
Lærekandidat,2
tilsyn,2
tilkallingsvikar,2
AI-utvikling,2
Abortpoliklinikk,2
utvikling,2
ungdom,2
Fylkeskommune,2
Malerfaget,2
økonomisk kriminalitet,2
økonomidirektør,2
3. linje support,2
Økonomisk veiledning,2
3D-design,2
Løsningsarkitektur,2
Lørdagsjobb,2
Lønnsansvarlig,2
MC,2
Løsningsselger,2
El-kontrollør,2
El-kontroll,2
Ekstremisme,2
Manikyrist,2
Manager,2
Barneautisme,2
Tekniske hjelpemidler,2
Teknisk vakt,2
Teknisk utdanning,2
Flyvedlikehold,2
Illustrasjon,2
Idrettsoperatør,2
Idrettslag,2
Teknolog,2
Ekstraressurs,2
Løsningsekspert,2
Magasin,2
MVA,2
MS Project,2
MS,2
MLOps,2
øvelsesplanlegging,1
.net,1
12V,1
2. linje brukerstøtte,1
økonomiteam,1
økonomisk rådgivning,1
økonomiavdeling,1
økologi,1
AIS,1
Førerkort C1,1
Fysisk form,1
Fysisk planlegging,1
Økonomiteam,1
Øre-Nese-Hals,1
Øvelser,1
Øvelsesplanlegger,1
Øvelsesplanlegging,1
Øyeavdeling,1
ALS,1
AMFI,1
ADK-rørlegger,1
ADK-sertifikat,1
Økologisk mat,1
Økonomifunksjon,1
MERL,1
MES,1
MIG,1
MIG sveising,1
Lønnsforhandlinger,1
Lønnsprosess,1
Lønnssjef,1
Løp,1
Lørdagshjelp,1
Løsningsansvarlig,1
Løsningsdesign,1
Lærlingansvar,1
Lærlingbedrift,1
Lærlingeansvar,1
3D-scanning,1
5.-10. trinn,1
MSSQL,1
MVA-rapportering,1
Løsningsdesigner,1
Løsningsorientert,1
Ekstrabetjent,1
Ekstralys,1
Ekstrautstyr,1
El-installasjon,1
El-skap,1
Ekkolodd,1
Ekom,1
Eksamensadministrasjon,1
M365-arkitekt,1
MAG,1
MBT,1
MC-mekaniker,1
Maintenance Scheduler,1
Maintenance Supervisor,1
Makeup,1
Makroner,1
Makroøkonomi,1
Malerarbeid,1
Malingsfaget,1
Management,1
ML Ops,1
MO 3,1
MO3,1
MRP,1
MRR,1
MS Office,1
MS365,1
MSP,1
Manuellterapeut,1
Manuellterapi,1
Magasinforvaltning,1
Mail,1
Lærlingeansvarlig,1
Lærlingeordning,1
Lærlingplass,1
Lærlingveileder,1
Løft,1
Løfteoperasjoner,1
Løfting,1
Lønn A-Å,1
Lærerstudenter,1
Eldretransport,1
Elektriker gruppe L,1
Elektriker tekniker,1
MarTech,1
Marin biologi,1
Marin bioteknologi,1
Marin forvaltning,1
Marin informasjon,1
Marin sektor,1
Marinbiologi,1
Marine crewing,1
Marine engineering,1
Management consultant,1
Management trainee,1
Mangfoldskoordinator,1
Mannskapsledelse,1
Manualer,1
Manuell medisin,1
Manuell trafikkdirigering,1
Maritim installasjon,1
Manuelt arbeid,1
Elektrikerarbeid,1
Elektrikerassistent,1
Eksportkoordinator,1
Eksternkommunikasjon,1
Lærings- og mestringssenter,1
Læringsakademi,1
Læringsarena,1
Læringsdesign,1
Læringsdesigner,1
Læringsfabrikk,1
Læringskoordinator,1
Læringsspill,1
Manufacturing Engineer,1
Manusvurdering,1
Marinforsikring,1
Eksamensavvikling,1
Eksistensiell samtale,1
Ekspedisjonsmedarbeider,1
Eksperimentelle metoder,1
Eksperimentelt arbeid,1
Eksplosiv,1
Eksponering,1
Eksponeringsterapi,1
Eiendomsfag,1
Eiendomsjus,1
Mariningeniør,1
Marint miljø,1
Marinteknikk,1
Maritim bransje,1
Maritim elektronikk,1
Maritimt verksted,1
Markedsassistent,1
Markedsforståelse,1
Markedsfører,1
Markedskontakt,1
Markedsplass,1
Maritim næring,1
Maritim operasjon,1
Maritim overvåkning,1
Maritime,1
Maritime droner,1
Maritime fag,1
Maritime operasjoner,1
Maritimt,1
Maritimt materiell,1
Marinemotor,1
Markiser,1
Maskering,1
Maskinbygging,1
Maskindrift,1
Maskinell rengjøring,1
Læringsutvikling,1
Lysdesign,1
Lysmikroskopi,1
Lysstyring,1
Lysutstyr,1
Låsansvar,1
Låseansvar,1
Læremidler,1
Læreplasskoordinator,1
Luking,1
Lukket avdeling,1
Maskinkomponenter,1
Lundstadveien,1
Lungeseksjon,1
Lunsjservering,1
Lyd og bilde,1
Lydanlegg,1
Lydproduksjon,1
Lydteknikk,1
Lydutstyr,1
Luftfartsrett,1
Luftfartsteknologi,1
Luftfartøy,1
Maskinkunnskap,1
Markedsrådgiver,1
Marketing Manager,1
Marketing automation,1
Maskinstyring,1
Maskintekniker,1
Maskinflytting,1
Maskinforvaltning,1
Maskinførebevis,1
Eiendomsmeglerfullmektig,1
Eiendomsmegling,1
Eiendomsrett,1
Eiendomsrådgivning,1
Eiendomssjef,1
Eiendomsskade,1
Eiganes gravlund,1
Ekg,1
EU-prosjekter,1
Maskinførerkurs,1
Maskininstallasjon,1
Eiendomsansvarlig,1
Eiendomsavdeling,1
EKOM,1
ELINT,1
Maskinutstyr,1
Maskinverksted,1
Massekjøring,1
Massepektrometri,1
Massespektrometri,1
Mastebygging,1
Maskinmontør,1
Maskinselger,1
Maskinservice,1
Maskinsikkerhet,1
Maskinsnekker,1
Maskinstiller,1
Ed-tech,1
Effektstyring,1
Eget selskap,1
Luftforsvar,1
Luftforsvaret,1
Luftgassfabrikk,1
Lufthavnsjef,1
Luftledning,1
Luftmateriell,1
Luftnett,1
Luftoperasjoner,1
Logopedi,1
Lokal beredskap,1
Lokalmedisinsk senter,1
Lokfører,1
Eggpakkeri,1
Materialteknolog,1
Materialvitenskap,1
Materiellforvalter,1
Master barnehage,1
Masteringeniør,1
Mat og helse,1
Mat og hygiene,1
Matallergi,1
Matansvar,1
Matansvarlig,1
Matbar,1
Matbod,1
Matbransjen,1
Maskinteknisk,1
EU-rådgiver,1
EX-kompetanse,1
Dørvakt,1
Døvblindhet,1
E-commerce,1
Matfaglig kompetanse,1
Matfiskanlegg,1
Matforsyning,1
Matglede,1
Mathall,1
Matkompetanse,1
Matematiker,1
Material Controller,1
Materialflyt,1
Materialforvaltning,1
Materialingeniør,1
Materiallaboratorium,1
Materialstyring,1
EMT,1
EPCIC,1
Losformidler,1
Loungemedarbeider,1
Lov og orden,1
Loyalty,1
Luftdyktighet,1
Luftfartsregelverk,1
Lobbybar,1
Lofoten,1
Elektrisk design,1
Elektrisk diagnose,1
Elektrisk infrastruktur,1
EPD,1
EPJ-system,1
EU,1
Matvarebutikk,1
Matvert,1
Matvitenskap,1
Maxitaxi,1
McDonalds,1
Mechanical Design Engineer,1
Medarbeider,1
Mediaanalyse,1
Medical Affairs,1
Mediebransje,1
Mediebyrå,1
Matlaging med barn,1
Matprepping,1
Matrikkellova,1
Matteknolog,1
Materiellstyring,1
Mediesalg,1
Medieteknikk,1
Medievitenskap,1
Elektrisk montasje,1
Elektrisk montør,1
Elektrisk sparkesykkel,1
Elektrisk utstyr,1
Elektriske artikler,1
Elektriske biler,1
El-tavle,1
Elbillader,1
Logistikkarbeider,1
Logistikkbransje,1
Logistikkkoordinator,1
Logistikkplanlegger,1
Medikamentansvar,1
Medisinkurs,1
Medisinoppfølging,1
Medisinrutiner,1
Medisinsk,1
Medisinsk analyse,1
Mediekjøp,1
E-ressurser,1
EASA sertifikat,1
EBA,1
ECT,1
EE-avfall,1
EHS,1
Dyrevern,1
Dysfagi,1
Mediekonvertering,1
Medierådgiver,1
Medisinsk embetseksamen,1
Medisinsk fagutvikling,1
Medisinsk fysiker,1
Medisinsk gass,1
Medisinsk genetikk,1
Medisinsk mikrobiologi,1
Medikamentutdeling,1
Medikamentvurdering,1
Døgnbemannet,1
Døgnkontinuerlig turnus,1
Døgnvakt,1
Dørautomatikk,1
Dørmontering,1
Dynamiske systemer,1
Dyreforsøk,1
Medisinfaglige oppgaver,1
Livsveiledning,1
Liming,1
Medisinsk monitor,1
Medisinsk nødtelefon,1
Medisinsk observasjon,1
Medisinsk operatør,1
Medisinsk overvåkning,1
Medisinsk pleie,1
Medisinsk poliklinikk,1
Medisinsk praksis,1
Medisinsk sertifikat,1
Medisinsk spesialist,1
Medisinsk ansvarlig,1
Medisinsk bildediagnostikk,1
Medisinsk dagpost,1
Medisinsk diagnostikk,1
Medisinske tjenester,1
Medisinskfaglig,1
Medisinskfaglig arbeid,1
Medisinskteknisk utstyr,1
Medisintekniker,1
Logistikksentral,1
Logistikksjef,1
Logistikksupport,1
Lisensiering,1
Listeansvar,1
Liturgi,1
Livreddende førstehjelp,1
Livsforsikring,1
Livsglede,1
Livsløpsanalyse,1
Livssyn,1
Medlemsarbeid,1
Medlemsorganisasjon,1
Medlemsrådgiver,1
Meglerkontor,1
Medisinsk teknikk,1
Medisinsk teknisk,1
Dyreinteresse,1
Dyremodeller,1
Dyrepass,1
Dyrepleier,1
Dronepilot,1
Droner,1
Drop-in,1
Drops,1
Medisinske erklæringer,1
Medisinske forbruksvarer,1
Mekanisk installasjon,1
Mekanisk konstruksjon,1
Mekanisk montør,1
Mekanisk sammenstilling,1
Lindehuset,1
Line chef,1
Lingvistikk,1
Linjeleder,1
Linsetilpasning,1
Linåkertunet,1
Lisensforvalter,1
Leverandørreskontro,1
Levering av bil,1
Liftarbeid,1
Medisintekniske prosedyrer,1
Medlemsadministrasjon,1
Mekaniske anlegg,1
Mekaniske reparasjoner,1
Mekaniske systemer,1
Mekler,1
Melker,1
Melkerobot,1
Mellomspenning,1
Due diligence,1
Dumper,1
Duodji,1
Dybdedata,1
Dybdejournalistikk,1
Dykker,1
Dykkerleder,1
Dynamisk posisjonering,1
Mekanisk avdeling,1
Menighetsassistent,1
Menighetsprest,1
Mentaliseringsbasert miljøterapi,1
Lilleaker,1
Lillehammer,1
Lillehammer Olympiske bob- og akebane,1
Lillehammer politistasjon,1
Lillestrøm,1
Lesefremmende tiltak,1
Leseopplæring,1
Elektrobutikk,1
Elektrofagarbeider,1
Elektroinspektør,1
Elektroinstallatør,1
Mekanisk utstyr,1
Mekanisk virksomhet,1
Meta Ads,1
Metadata,1
Membran,1
Mengdeberegner,1
Drikkeavdeling,1
Drikkemeny,1
Drikkevann,1
Drikkevarer,1
Drilling,1
Drive Thru,1
Drive-In,1
Drive-in,1
Drivstofftekniker,1
Droneinspeksjon,1
Driftsdirektør,1
Driftsinspektør,1
Driftsorganisasjon,1
Driftsplanlegger,1
Driftssentral,1
Dramaturgi,1
Drap,1
Metallprinting,1
Metallurgi,1
Metavision,1
Meteorologi,1
Metode,1
Menyplanlegging,1
Merchandiser,1
Merkantil konsulent,1
Merking,1
Messe,1
Mestringsarbeid,1
Metallarbeider,1
Metallisering,1
Driftskontrollsystem,1
Driftsledelse,1
Driftsoppgaver,1
Elektromagnetisk miljø,1
Elektromagnetisk stråling,1
Elektromedisinsk ingeniør,1
Elektrisk assistent,1
Elektrisk bil,1
Elektrisk båt,1
Lesestund,1
Lesing av tegninger,1
Lett husarbeid,1
Leverandørfaktura,1
Leverandørindustri,1
Militær,1
Militær erfaring,1
Militær kommunikasjon,1
Militær teknologi,1
Militærhelse,1
Microsoft Business Central,1
Microsoft Entra,1
Microsoft Entra ID,1
Microsoft Intune,1
Middagservering,1
Middelhavsmat,1
Middle office,1
Midtøsten,1
Migrasjon,1
Migrasjonskompetanse,1
Migrering,1
Miljøkjemi,1
Miljøkontroll,1
Mikrobiologisk kvalitetskontroll,1
Leverandørkjede,1
Leirskoleinstruktør,1
Leirsted,1
Lek og aktivitet,1
Leke,1
Lekemiljø,1
Lekeplass,1
Lekeplassmontør,1
Leker,1
Lekeressurs,1
Lekkasjesøking,1
Leknes,1
Mikropaleontologi,1
Miljørådgivning,1
Miljøsikkerhet,1
Miljøstrategi,1
Miljøarbeidertjeneste,1
Drift av anlegg,1
Drift av butikk,1
Drift av praksis,1
Drift av tekniske anlegg,1
Driftsassistent,1
Driftsavtaler,1
Driftsavvik,1
Dokumentflyt,1
Miljøbioteknologi,1
Miljødokumentasjon,1
Miljøgeolog,1
Miljøgifter,1
Legal Counsel,1
Mobil møteplass,1
Mobil omsorg,1
Miljøterapitjeneste,1
Miljøtiltak,1
Miljøtjenester,1
Miljøtun,1
Miljøvernrådgiver,1
Miljøvitenskap,1
Mineralindustri,1
Miljøleder,1
Miljømedarbeider,1
Miljøovervåkning,1
Miljøprøver,1
Miljørapportering,1
Miljørettet helsevern,1
Divisjonsleder,1
Docker,1
Mini-golf,1
Minoritetsspråklige,1
Missilsystemer,1
Legesekretær,1
Legeteneste,1
Legevaktsentral,1
Legevaktsjef,1
Leiebil,1
Leiekontrakt,1
Leierett,1
Leirskole,1
Ledningskartverk,1
Ledningsmåling,1
Legal,1
Mobilvekter,1
Model-Based Systems Engineering,1
Modellkontroll,1
Modellrisiko,1
Mineralproduksjon,1
Mineralprosessering,1
Mineralvann,1
Dokumentkontroller,1
Dokumentproduksjon,1
Dokumentsenter,1
Dokumentstyring,1
Domeneansvarlig,1
Dommerfullmektig,1
Dosimetri,1
Dramapedagog,1
Dramatikk,1
Mobilisering,1
Mobilnett,1
Mobilt vakthold,1
Legemiddel,1
Legemiddeladministrasjon,1
Legemiddeldistribusjon,1
Legemiddelfullmakt,1
Ledelsessystem,1
Ledelsessystemer,1
Ledende miljøterapeut,1
Elektroniker,1
Elektronikkbutikk,1
Elektronikkmontør,1
Elektronisk arkiv,1
Elektronisk dokumentasjon,1
Mobiltilbehør,1
Motion design,1
Motiverende intervju,1
Motorikk,1
Motorkyndig,1
Modernisering,1
Dokkleder,1
Dokkoperatør,1
Dokumentararbeid,1
Dokumentcontroller,1
Direktorat,1
Modulbygg,1
Molekylærbiologiske metoder,1
Montessoripedagog,1
Mopp,1
Mobil vekter,1
Mobilapp,1
Multidisiplinprosjekt,1
Multifunksjonshemming,1
Mosaikk,1
Motebransjen,1
Elektronisk etterretning,1
Elektronisk pasientjournal,1
Elektroniske mottiltak,1
Ledende sykepleier,1
Leder økonomi,1
Lederrekruttering,1
Ledningsanlegg,1
Lazertag,1
Lead Data Engineer,1
Elektroverktøy,1
Elementbygg,1
Motell,1
Motoroppgjør,1
Elementproduksjon,1
Elevstøtte,1
Elevveileder,1
Elektromedisinsk utstyr,1
Elektromekanisk designer,1
Elektromekaniske systemer,1
Leads,1
Lean Construction,1
Leasing,1
Motorreparasjon,1
Mottaksarbeid,1
Mottaksklinikk,1
Mottaksleder,1
Motvektstruck,1
Multicloud,1
Musikkfaglig,1
Musikkhøgskole,1
Musikkinteresse,1
Musikkledelse,1
Musikkonsulent,1
Musikkorganisasjon,1
Musikkpedagogikk,1
Musikkplanlegging,1
Multikulturell menighet,1
Multitraume,1
Murarbeid,1
Muring,1
Museet,1
Museumsforvaltning,1
Museumspedagog,1
Museumsvert,1
Distribusjonsmedarbeider,1
Distriktsmedisinsk senter,1
Digitale modeller,1
Digitale møter,1
Muskel- og skjelettplager,1
Muskelskjelett,1
Mva,1
Myke materialer,1
Mystery shopper,1
Mål- og resultatstyring,1
Målebrev,1
Musikk og sang,1
Musikkarbeid,1
Musikkbibliotekar,1
Musikkbransjen,1
Musikkfag,1
Landskap,1
Landskapsarbeid,1
Målinger,1
Måltaking,1
Måltid,1
Måltider,1
Måltidsansvar,1
Måltidsproduksjon,1
Månedsavslutning,1
Møbelbutikk,1
Møbelindustri,1
Møbelmontør,1
Musikkurs,1
Discord,1
Diskriminering,1
Displaybygger,1
Møteledelse,1
Møtemat,1
Måleutstyr,1
Målevogn,1
Lede ansatte,1
Lede barn,1
Lede barnegruppe,1
Ledebil,1
Laseroperatør,1
Laserskjæring,1
Last,1
Lastemann,1
Lasteoppdrag,1
Lasteskip,1
Lavere sikkerhet,1
Landsby,1
Digital robusthet,1
Digital rådgivning,1
Digital samhandling,1
NAF-senter,1
NAPA,1
NDT-kontrollør,1
NDT-operatør,1
NGO,1
NIS2,1
NOARK,1
NRK,1
Møbeltapetsering,1
Mørkerom,1
Møte,1
Møteadministrasjon,1
Møteforberedelse,1
Landskapsingeniør,1
Langsiktige salgssykluser,1
Langtidshjem,1
Langtidsopphold,1
Langtidssomatisk,1
Langtransportsjåfør,1
Larvik,1
Lamper,1
Landanlegg,1
Landbasert anlegg,1
Landbruksmaskinmekaniker,1
Digitaltrykk,1
Dimensjonskontrollør,1
Diner,1
Direktebank,1
Digital redaktør,1
Naturfare,1
Naturformidling,1
Naturgeografi,1
NS8405,1
NS8407,1
NX,1
Nail art,1
Nannofossil,1
Nanoteknologi,1
Naprapat,1
Nasjonalt beredskapssenter,1
Natteliv,1
Nattkjøring,1
Møtesekretær,1
Digitale systemer,1
Digitaliseringsansvarlig,1
Naval Architect,1
Navigasjonssystem,1
Landbruksmekanikk,1
Landbruksvikar,1
Landprosjekt,1
Ellingsøy sokn,1
Elmontør,1
Elsykkel,1
Eltilsyn,1
Elverhøy kirke,1
Elverum politistasjon,1
Emballasjedesign,1
Navigasjonssystemer,1
Nattlevering,1
Nattpatrulje,1
Nattstilling,1
Negleforlengelse,1
Nettdriftsoperatør,1
Nettredaksjon,1
Natursenter,1
Naturveileder,1
Naturveiledning,1
Digital samlingsdatabase,1
Digital skanner,1
Digitale helsetjenester,1
Digital journalføring,1
Digital journalistikk,1
Naturviter,1
Nautiker,1
Nautikk,1
Nautisk rådgiver,1
Nav-leder,1
Nefrolog,1
Emballasjeingeniør,1
Embedded systemer,1
Elektroniske sikringssystemer,1
Elektrooperatør,1
Elektrooptikk,1
Lagerstyringssystem,1
Lagersystem,1
Lagertekniker,1
Lagleder,1
Lagmannsrett,1
Lakk,1
Lakkerer,1
Lakkeringsanlegg,1
Lakklargjører,1
Negldesigner,1
Nevrologisk sengepost,1
Nevropsykolog,1
Nevrostimulerende behandling,1
Nevroutviklingsforstyrrelse,1
Nevroutviklingstilstander,1
Noark,1
Nordisk språk,1
Nettselskap,1
Nettsentral,1
Nettsidedesign,1
Nettstasjon,1
Nettverksanalyse,1
Nettverksarbeid,1
Nettverksekspert,1
Nettverksutvikling,1
Nevrofysiologitekniker,1
Norskkurs,1
Nukleært anlegg,1
Nukleærteknologi,1
Nevrohabilitering,1
Nevrolog,1
Digital kriminalteknikk,1
Digital kultur,1
Digital patologi,1
Digital poliklinikk,1
Digital portal,1
Digital produksjon,1
Digital bevisanalyse,1
Digital designer,1
Digital dokumentasjon,1
Nevrologisk avdeling,1
Nevrologisk fysioterapi,1
Normprising,1
Norsk helsevesen,1
Norsk mat,1
Laboratorierådgiver,1
Laboratorietjenester,1
Laboratorieundervisning,1
Ladeløsninger,1
Lagdommer,1
Lage mat,1
Lagerkoordinator,1
Labansvarlig,1
Labassistent,1
Enablement,1
Endoskopi,1
Norsk tegnspråk,1
Norskferdigheter,1
Nyresykdommer,1
Nærdistribusjon,1
Næringsforening,1
Næringskunde,1
Næringskunder,1
Numerisk kognisjon,1
Numerisk simulering,1
Nye biler,1
Nyfødtomsorg,1
Nyheter,1
Nyhetsanker,1
Nyhetsbrev,1
Nyhetsjournalist,1
Nyhetsproduksjon,1
Nordlysguide,1
Nordsjøen,1
Nødstrømsaggregat,1
Nyhetsredaktør,1
Endringskontroll,1
Endringsleder,1
Endringsprosesser,1
Endringsstyring,1
Enebolig,1
Elkontroll,1
Elkontrollør,1
Elkraftmontør,1
Laboratorieansvar,1
Laboratoriedatasystem,1
Laboratorieinformasjonssystem,1
Laboratoriekoordinator,1
Nyremedisin,1
Nyresvikt,1
Næringsmiddelrenhold,1
Digital forretningsutvikling,1
Digital forvaltning,1
Digital gransking,1
Digital handel,1
Digital helse,1
Digital hjemmeoppfølging,1
Digital infrastruktur,1
Digital innhold,1
Digital innholdsproduksjon,1
Dialektologi,1
Næringsprosjekt,1
Næringsselger,1
Næringssjef,1
Nødmeldesentral,1
Nødmeldetjeneste,1
OSINT,1
OT-systemer,1
LCA,1
LCA-analyse,1
LCC analyse,1
LIS 3,1
LIS2,1
LTL,1
LVMS,1
Kvensk,1
Kvinnesykdommer,1
OT/IT-integrasjon,1
OVA,1
OVA-kontakt,1
Objektleder,1
Obstetriker,1
Office Manager,1
Office assistant,1
Office-pakken,1
Odontologi,1
Offentlig,1
Offentlig administrasjon,1
Offentlig bading,1
Offentlig bygg,1
Offentlig ledelse,1
Offentlig prosjekt,1
Offentlig rapportering,1
Offentlig regelverk,1
Offentlig renhold,1
OEE,1
OPG,1
OPS,1
Oljeflushing,1
Oljeservice,1
Ombud,1
Ombygger,1
Omni-plattform,1
Omnikanal,1
Områdeansvar,1
Områdeansvarlig,1
Områdearkitekt,1
Offentlig sikkerhet,1
Offentlig tjenestepensjon,1
Offentlige anlegg,1
Offentlige oppdrag,1
Office,1
Office Administrator,1
Office Management,1
Omsorgsforskning,1
Omsorgsheim,1
Omsorgshjem,1
Kyrkjefagsjef,1
Kyrkjelydspedagog,1
Kyrkjemusikar,1
Kyrkjetenar,1
Kystinfrastruktur,1
Kysttrafikk,1
Kårstø,1
Kvalitetsstyringssystem,1
Kvalitetssystemer,1
Energiindustri,1
Omsorgskompetanse,1
Offshoreutstyr,1
Olje,1
Online merchandiser,1
Onsite support,1
OpenShift,1
Områdedirektør,1
Områdekontroll,1
Områdestudier,1
Diamantekspert,1
Digital Engineering,1
Digital analyse,1
Digital arbeidsplass,1
Digital arkivering,1
Digital avdeling,1
Dessertkokk,1
Destinasjonssjef,1
Omsorgsbosted,1
Omsorgsdistrikt,1
Energilogistikk,1
Embraer,1
Emissions Connect,1
Empati,1
Kvantefysikk,1
Kvantemekanikk,1
Kvanteteknologi,1
Kvantiativ metode,1
Kvardagsrehabilitering,1
Kveilerør,1
Kveld,1
Kveld og helg,1
Omsøm,1
Omtrekking,1
Omvisning,1
Onkolog,1
Operativ styring,1
Opera Cloud,1
Operando karakterisering,1
Detaljarbeid,1
Detaljprosjektering,1
Detaljregulering,1
DevSecOps,1
Depotforvaltning,1
Design Thinking,1
Designavdeling,1
Operasjonell leder,1
Operasjonell risiko,1
Operasjonell sikkerhet,1
Operasjonsstøtte,1
Operational Excellence,1
Energilagring,1
Oppfølging av barn og unge,1
Operativ IT,1
Operativ avdeling,1
Kvalitetsansvarlig,1
Kvalitetsbevisst,1
Kvalitetsmål,1
Kurs og konferanse,1
Kursholder,1
Energisektor,1
Energitekniker,1
Engineering dokumentasjon,1
Energi og miljø,1
Operativ erfaring,1
Operativ koordinering,1
Operativ planlegging,1
Operativ standard,1
Delårsrapport,1
Demand planner,1
Oppfølgingstjenesten,1
Oppgjørskonsulent,1
Opphavsrett,1
Opplevelser,1
Opplevelsesguide,1
Opplevelsessenter,1
Opplevelsesvert,1
Opplæring lærlinger,1
Operatøransvarlig,1
Operatørkurs,1
OpiNor,1
Oppdragsansvarlig,1
Oppdragskoordinator,1
Oppdragstaker,1
Oppstartsmaskinist,1
Oppsynsforvalter,1
Oppsøkende tjenester,1
Oppfølging barn og unge,1
Oppfølging elever,1
Oppfølgingsteam,1
Oppfølgingstjeneste,1
Designgjennomgang,1
Designingeniør,1
Designleder,1
Designorganisasjon,1
Designprosess,1
Designstrategi,1
Desinfisering,1
Desk,1
Dessert,1
Oracle,1
Opplæringskoordinator,1
Opplæringsleder,1
Opplæringsmiljø,1
Kursinstruktør,1
Kursvert,1
Kursvirksomhet,1
Kutting,1
Kvalitativ analyse,1
Kvalitetsambassadør,1
Kunstakademi,1
Kunstformidler,1
Kunsthåndtering,1
Opplæringsressurser,1
Oppretting,1
Oppskytningsområde,1
Oppvaskhjelp,1
Oppvekstfag,1
Oppvekstleder,1
Demensavdeling,1
Demenskoordinator,1
Demo,1
Demokrati,1
Den norske kirke,1
Dendrologi,1
Dental,1
Dekkskifter,1
Dekksleder,1
Oppvekstmiljø,1
Oppvekstsektor,1
Oppvekstsjef,1
Optometri,1
Organisasjonspsykologi,1
Organisert,1
Oracle Identity Governance,1
Orcaflex,1
Kunstnerisk arbeid,1
Kunstsalg,1
Kunsttekniker,1
Kundeserviceplattform,1
Epigenetikk,1
Ordensseksjon,1
Ordensvaktkurs,1
Order to Cash,1
Ordningsvakt,1
Ordreoppfølging,1
Ordreskriving,1
Ordresupport,1
Kunnskapsutvikling,1
Delesalg,1
Delprosjektleder,1
Debugging,1
Ortopediingeniør,1
Ortopedisk,1
Ortopedisk fysioterapi,1
Ortopedisk kirurg,1
Ortopedisk sengepost,1
Ortopediske hjelpemidler,1
Ortopeditekniker,1
Ordresystem,1
Organisasjonsendring,1
Organisasjonsforståelse,1
Organisasjonskonsulent,1
Organisasjonsmedarbeider,1
Oversettelse,1
Organisert kriminalitet,1
Dekormontør,1
Deleekspeditør,1
Equipment Readiness Technician,1
Erfaring,1
Erfaring fra restaurantkjøkken,1
Erfaring med renhold,1
Energiovervåkning,1
Energiplanlegging,1
Energirådgivning,1
Kunnskapsmedarbeidere,1
Kunnskapsoppsummering,1
Kunnskapsorganisasjon,1
Kunnskapsprøven alkohol,1
Kunnskapssenter,1
Ovn,1
P&I,1
P&L,1
P&L-ansvar,1
P/L-ansvar,1
P2P,1
PA-utstyr,1
PAGA,1
Oslo Lufthavn,1
Oslo kommune,1
Oslo lufthavn,1
Oslo-området,1
Oslofjorden,1
Osteopat,1
Otium,1
Overflateteknikk,1
PCR,1
PE-sveiser,1
PET/CT,1
PHP,1
Kundeprosesser,1
Kundesamarbeid,1
Kundeservicekonsulent,1
Kundeinformasjon,1
Ernæringsfysiolog,1
Ernæringskartlegging,1
Erstatningsberegning,1
Escape room,1
Overvåkingsenhet,1
Overvåkingssystemer,1
Overvåkningssal,1
Overvåkningssystem,1
PNA-arbeid,1
PAI,1
PAM,1
PC,1
Defence,1
Deicing,1
Deig,1
Dekan,1
Dekkomlegging,1
Dekkoperatør,1
Datarom,1
PC-ferdigheter,1
PC-klargjøring,1
PC-oppsett,1
PC-support,1
PCB-design,1
PPF,1
PUU,1
PUU-prest,1
PVC,1
Paid Social,1
Pakkeansvarlig,1
Pakkeavdeling,1
Pakkehåndtering,1
PKI,1
PKK-kontrollør,1
PLC,1
PLM-systemer,1
PLS programmering,1
PLSCADD,1
PMO,1
PNA,1
Kulturteknikk,1
Kulturutvikling,1
Parkeringsplass,1
Pakkekoordinator,1
Pakker,1
Pakkeri,1
Pakkeutlevering,1
Pakkeutvikling,1
Pakking av mat,1
Pakkmaskinfører,1
Palliativ,1
Palliativ avdeling,1
Palliativ behandling,1
Palynologi,1
PP-rådgiver,1
PP-tjeneste,1
Parkarbeider,1
Parkeringsanlegg,1
Estimater,1
Estimator,1
Estimering,1
Etatsstyring,1
Enkelt arbeid,1
Enterprise,1
Entra ID,1
Kundekontroll,1
Kundekoordinator,1
Kundeløfter,1
Kundeorientering,1
Kundeportal,1
Kultursmia,1
Kultursti,1
Pasientdata,1
Papirarbeid,1
Paramedic,1
Dataspill,1
Datasystemer,1
Datateknikk,1
Datateknisk kompetanse,1
Datateknologi,1
Datautlevering,1
Datavalidering,1
Dataverse,1
Datakommunikasjon,1
Datakunnskap,1
Parametrisk modellering,1
Parfyme,1
Parkarbeid,1
Datapipeline,1
Dataregister,1
Datadrevet analyse,1
Datadrevet markedsføring,1
Datadrevet utvikling,1
Pasientkommunikasjon,1
Pasientopplæring,1
Pasientorganisasjon,1
Pasientportefølje,1
Parkforvaltning,1
Parkinson,1
Parkour,1
Partnernettverk,1
Partnerskapsutvikling,1
Partus,1
Pasientansvarlig,1
Passasjerinformasjon,1
Pasientflytkoordinator,1
Datakurs,1
Datakyndig,1
Kumvedlikehold,1
Kundebesøk,1
Kundedata,1
Kundehjelp,1
Kundehåndtering,1
Etterforsking,1
Etterforskningsfag,1
Etterforskningsmiljø,1
Etterforskningsseksjon,1
Ettermarkedssjef,1
Datamesh,1
Dataoverføring,1
Kulturminnevern,1
Kulturproduksjon,1
Kulturscene,1
Kulturscenetekniker,1
Kultursenter,1
Kulturskolelærer,1
Kulturarena,1
Kulturavdeling,1
Pasientprøver,1
Pasientservering,1
Pasientservice,1
Pasientsjåfør,1
Pasientvakt,1
Passasjerassistanse,1
Passasjerbehandling,1
Passasjerbåt,1
Pedagogisk utvikling,1
Passasjerskip,1
Passkontor,1
Passkontroll,1
Datadrift,1
Datafangst,1
Dataflyt,1
Datahall,1
Datainstruktør,1
Pasta kokk,1
Pastoralt arbeid,1
Pastry chef,1
Patisserie,1
Patruljerenhold,1
Paving,1
Erfaringsspesialist,1
Pelskåpe,1
Penetrasjonstesting,1
Pengepolitikk,1
Pensjonsrådgiver,1
Pensumlister,1
Dataansvarlig,1
Datacenter,1
Datadeling,1
Dansepedagog,1
Dashboard,1
Pedagogisk dokumentasjon,1
Pedagogisk erfaring,1
Pedagogisk fagsenter,1
Pedagogisk psykologisk rådgiver,1
Pedagogisk teknologi,1
Pedagogisk utdanning,1
Persienner,1
Personalarbeid,1
Pedagogisk veileder,1
Pedagogisk veiledning,1
Pedagogiske aktiviteter,1
Kulturbygg,1
Kultureiendom,1
Kulturformidler,1
Kulturhusleder,1
Kulturinstitusjon,1
Kryopreservering,1
Kryptoanalytiker,1
Etterretningsseksjon,1
Etterutdanning,1
Ettervern,1
Evaluator,1
People Operations,1
Peppes Pizza,1
Performance Based Design,1
Data Center Technician,1
Data Engineering,1
Data Governance,1
Data Lead,1
Data Platform Engineer,1
Data center,1
Dagligvarer,1
Dagstilling,1
Performance Manager,1
Performance-markedsføring,1
Periodisk renhold,1
Periodontitt,1
Perkusjon,1
Pianist,1
Pianobar,1
Personlig service,1
Personlig trener,1
Personlighetsforstyrrelse,1
Personlighetstester,1
Personmarked,1
Personskadeerstatningsrett,1
Personalkoordinator,1
Personalmedarbeider,1
Personalplanlegging,1
Personalrådgiver,1
Personalsaker,1
Personalstatistikk,1
Personellstyrer,1
Personforsikring,1
Petroleumssektor,1
Ph.d.-stipendiat,1
Ph.d.-veiledning,1
Photoshop,1
Event management,1
Event manager,1
Eventkokk,1
Eventkoordinator,1
Eventkoordinering,1
Etisk bevissthet,1
Etisk vurdering,1
Etnografi,1
Kryptoforsering,1
Kryptoforvalter,1
Kuer,1
Kuldeanlegg,1
Pizzaproduksjon,1
Pizzasjef,1
Personvernombud,1
Personvernrådgiver,1
Petroleum,1
Dagvakt,1
Dam,1
Dameavdeling,1
Damefrisør,1
Dameklipp,1
Dampteknikk,1
Dampturbin,1
Dansekoordinator,1
DSB autorisasjon,1
DSB sertifikat,1
DSB-sertifikat,1
Plankart,1
Pianopedagog,1
Pick-to-Light,1
Pintxos,1
Kulturaktiviteter,1
Kriserådgivning,1
Krisestøtte,1
Kristen barnehage,1
Kristen profil,1
Kristen verdigrunnlag,1
Kristne verdier,1
Kritisk syke pasienter,1
Krokbilsjåfør,1
Kromatografi,1
Pitching,1
Pizzabakeren,1
Planprosesser,1
Planrådgiver,1
Plantearbeid,1
Plantebasert mat,1
Plantepleie,1
Planteskole,1
Plan og arealbruk,1
Plan og bygningsloven,1
Plan og prosjekt,1
Plan- og byggesaker,1
Plan- og utviklingsavdeling,1
Planavdeling,1
Planfag,1
Planfaglig,1
Planforvalter,1
Planforvaltning,1
Dagligbank,1
Daglige gjøremål,1
Cøliaki,1
D1-sertifikat,1
D3,1
D3 sertifikat,1
Plastarbeider,1
Plastmekaniker,1
Plastsveiser,1
Plastsveising,1
Plastteknologi,1
Plattformadministrasjon,1
Plattformansvar,1
Planlegge aktiviteter,1
Planleggingsverktøy,1
Planprosess,1
Executive search,1
Export Control,1
Plattformtjenester,1
Platting,1
Pleie og omsorg,1
Pleie- og omsorgssenter,1
Pleiepersonell,1
Plenklipping,1
Planverk,1
Plasmaskjæring,1
Plassering,1
Plassleder,1
Dagaktivisering,1
Dagaktivitetssenter,1
Dagbehandling,1
Dagbrudd,1
Poliseadministrasjon,1
Politiadministrasjon,1
Politiavdeling,1
Politifullmektig,1
Plattformforvaltning,1
Kretskortdesigner,1
Kriminalitetsutsatt,1
Kriminalvakt,1
Krimjournalistikk,1
Kripos,1
Krise,1
Kriseleder,1
Kredittbehandling,1
Kredittpolicy,1
Kredittsjef,1
Executive assistant,1
Politioperative oppgaver,1
Politisjef,1
Politisk analyse,1
Politisk prosess,1
Plukklager,1
Podkastprodusent,1
D5 sertifikat,1
DALUX,1
DCC,1
DLE,1
DNA-kloning,1
DNS,1
DSB Elvirksomhetsregister,1
CrossFit,1
Crossfit,1
Curry,1
Porsjonskaker,1
Porteføljeansvar,1
Porteføljeforvalter,1
Porteføljestyrer,1
Politihøgskole,1
EØS,1
F135-motor,1
FACT,1
FACT team,1
Etterretningsarbeid,1
Kreftkirurgi,1
Kreftrehabilitering,1
Politikontakt,1
Politimester,1
Politioperativ,1
Politioperative disipliner,1
Kraftproduksjon,1
Kraftsalgsvirksomhet,1
Cyberkrim,1
Cybersecurity,1
Cyberteknikk,1
Cytogenetikk,1
Cytologi,1
Cytostatika,1
Conta,1
Containertransport,1
Postoperativ behandling,1
Postsekretær,1
Posttjenester,1
Potet,1
Politisk sekretær,1
Pop-up,1
Pre-commissioning,1
Preanalyse,1
Customisering,1
Cyber security,1
Cyberforsvar,1
Kremmerskap,1
Kremmerånd,1
Kreativ baking,1
Kreativ dans,1
Kreativ mat,1
Kreativ produsent,1
Kreativ skriving,1
Kreative aktiviteter,1
Kreativt miljø,1
Kreativt verksted,1
Kredittanalyse,1
Primærgruppe,1
Prefabrikk,1
Prefabrikkerte elementer,1
Prefabrikkerte treelementer,1
Preklinisk forskning,1
Premature barn,1
Premiere Pro,1
Preoperativ behandling,1
Prepress,1
Presales,1
Presisjon,1
Powershell,1
Praksis,1
Praksiskoordinator,1
Praksisveiledning,1
Pre-Pack,1
Price Controller,1
Pricing Analyst,1
Pridok,1
Kraftsystemanalyse,1
Kraftverkoperatør,1
Kran- og løfteoperasjonsfaget,1
Kransertifikat,1
Krantekniker,1
Kravarbeid,1
Krabbefisker,1
Kraft,1
Kraftanlegg,1
FEM,1
FEM-Design,1
FISH,1
Primæransvar,1
FN,1
FROSIO,1
FSE,1
FSE-godkjenning,1
Eventmedarbeider,1
Kraftdistribusjon,1
Copilot Studio,1
Creo,1
Crewlogistikk,1
Crewmedarbeider,1
Claims handler,1
Clinic Manager,1
Cloud Architect,1
Pressens Hus,1
Presserådgiver,1
Prestrudsenteret,1
Privatpraksis,1
Privatrenhold,1
Primærpleie,1
Primærsykepleie,1
Primærsykepleier,1
Principal Engineer,1
Prioritering,1
Prisanalytiker,1
Prisberegning,1
Prisstrategi,1
Pressekontakt,1
Containertømming,1
Content Specialist,1
Content manager,1
FM-industrien,1
FM-system,1
Compliance Manager,1
Compliance officer,1
Configuration Management,1
Center of Excellence,1
Chartering Manager,1
Product compliance,1
Produksjon av mat,1
Produksjonsansvarlig,1
Produksjonselektroniker,1
Privat tannhelse,1
Private Banking,1
Private banking,1
Private equity,1
Privatist,1
Privatistlærer,1
Privatkunder,1
Cockpit,1
Commercial Manager,1
Kraftledning,1
Kraftledningsanlegg,1
Kraftlinje,1
Kraftlinjeprosjektering,1
Kraftoverføring,1
Korttidsinstitusjon,1
Korttidsterapi,1
Kost-nytte,1
Kostnadsbesparelse,1
Kostnadsoppfølging,1
Kostnadsstyring,1
Kostprogram,1
Commis chef,1
Commissioning Engineer,1
Produksjonssystemer,1
Produksjonstegning,1
Produksjonsteknisk,1
Produksjonsteknisk ingeniør,1
Produksjonstilrettelegging,1
Produksjonsunderlag,1
Produksjonsenhet,1
Produksjonsforståelse,1
Produksjonshall,1
Produksjonsinnkjøper,1
Produksjonskjemi,1
Produksjonskokk,1
Produksjonskoordinering,1
ProArc,1
ProdOps,1
Cloud engineer,1
Produktkoordinator,1
Kostvert,1
Kostymeproduksjon,1
Kontrollutstyr,1
Kontrollør,1
Korfaglig,1
Korfaglig konsulent,1
Korleder,1
Korporasjon,1
Kontraktsstyring,1
Produktkunnskap,1
Produksjonsprognose,1
Produksjonssetting,1
Produksjonssjef,1
Produksjonsstyring,1
Produksjonsstøtte,1
Profesjonsforskning,1
ProffPunkt,1
Produksjonsutvikling,1
Chief Engineer,1
Chief Legal Officer,1
Chief Operating Officer,1
Chief People Officer,1
Chief of Staff,1
Cisco,1
Citrix,1
Civil 3D,1
Campmedarbeider,1
Campvert,1
Caravan,1
Produktassuranse,1
Produktdokumentasjon,1
Produktpresentasjon,1
Produktregistrering,1
Produktteam,1
Kontrollfunksjon,1
Kontrollinstans,1
Kontrolloppgaver,1
Kontrollromsoperatør,1
Kontrollrunder,1
Kontrolltekniker,1
Kontraktsansvarlig,1
Fabrikkleder,1
Produkttesting,1
Produktutvikler,1
Produktveiledning,1
Profesjonelle tjenester,1
Profesjonelt kjøkken,1
Programmatisk annonsering,1
Programstyring,1
Programstøtte,1
Programvareadministrasjon,1
Programvaresalg,1
Programvarestøtte,1
Programveileder,1
Project Commercial Manager,1
Proffsenter,1
Profilartikler,1
Programansvar,1
Programdirektør,1
Programinstruktør,1
Programkoordinator,1
Programkoordinering,1
Programledelse,1
Prosedyreskriving,1
Prosessautomatisering,1
Facility service,1
Fade,1
Fag- og kvalitetsrådgiver,1
Fag- og yrkesopplæring,1
Fagbevegelse,1
FE-analyse,1
Kontraktsforhandlinger,1
Kontraktsforståelse,1
Kontraktskriving,1
Kontraktsmøte,1
Kontoradministrasjon,1
Kontoradministrator,1
Prosessfartøy,1
Prosessfullmektig,1
Fagbrev renholdsoperatør,1
Fagbrev sikkerhetsfaget,1
Campingbil,1
CFO-støtte,1
Prosessnett,1
Prosesstekniker,1
Prosjektarkitekt,1
Promotering,1
Propellreparatør,1
Cargo,1
Category Manager,1
Celleterapi,1
CTO,1
CX,1
Cabin crew,1
Property,1
Cafemedarbeider,1
Callcenter,1
Campaign Manager,1
Campervan,1
Kontorareal,1
Kontorfag,1
Kontorfagmedarbeider,1
Kontorlokaler,1
Konstruksjonsingeniør,1
Konstruksjonssikkerhet,1
Fagbrev bilmekaniker,1
Fagbrev elektro,1
Fagbrev elektronikk,1
Fagbrev frisør,1
Fagbrev gartner,1
Fagbrev maler,1
CRM-konsulent,1
C-suite støtte,1
Prosjektlogistikk,1
Prosjektmetodikk,1
Prosjektmontasje,1
Prosjektregnskap,1
Prosjektbeskrivelse,1
Prosjektdirektør,1
Prosjekteier,1
Prosjektelektriker,1
Prosjekterende vei,1
Prosjektinnkjøp,1
Prosjektjurist,1
Prosessinstrumentering,1
Prosesskontroll,1
Cafe,1
CNC-programmering,1
CO2-håndtering,1
FSE-opplæring,1
FTL,1
FX,1
Konsulenttjenester,1
Konsultasjon,1
Kontakt senter,1
Kontaktledning,1
Kontaktsenter,1
Kontanthåndtering,1
Konsen,1
Konseptutvikler,1
Faglaborant,1
CPAP,1
CRM-implementering,1
CAE,1
CAM,1
CBRN,1
CCS,1
CE førerkort,1
CE-sertifikat,1
Bærekraftig skjøtsel,1
Bærekraftig utvikling,1
Bærekraftige bygg,1
Prospektering,1
Protesekirurgi,1
Protetikk,1
Protokollføring,1
Prototype,1
Prosjektkontroll,1
CNC operatør,1
Psykomotorisk fysioterapeut,1
Psykomotorisk fysioterapi,1
Psykosesykdom,1
Psykososial beredskap,1
Psykososial støtte,1
Provisorfarmasøyt,1
Prøvehåndtering,1
Prøvepreparering,1
Prøveprosessering,1
Prøvesvar,1
Psykisk helsearbeider,1
Psykisk helseteam,1
Prosjektsikkerhetsleder,1
Prosjektsjef,1
Prosjektspesialist,1
Prosjektstilling,1
Punktlighet,1
Punktsveising,1
Purchase Manager,1
Psykososialt arbeidsmiljø,1
Publikasjoner,1
Publikumsansvarlig,1
Publikumsarbeid,1
Publikumsbehandling,1
Publikumsekspedering,1
Publikumshenvendelser,1
Psykisk utviklingshemning,1
Psykiske lidelser,1
Psykiske plager,1
Psykoedukasjon,1
Psykolingvistikk,1
Psykologisk rådgiver,1
Båretransport,1
Publisist,1
Pulverlakkering,1
Faglig leder,1
Fagbibliotek,1
Fagbioingeniør,1
Konserncontroller,1
Konserndirektør,1
Konsernsjef,1
Konservator,1
Konsesjon,1
Konsesjonsbehandling,1
Konduktør,1
Konduktøraspirant,1
Pumpesystem,1
Pumpeteknikk,1
Bæresystemer,1
Bærums Verk,1
Konferansekoordinator,1
Konferanserom,1
Konfigurasjonsforvaltning,1
Konfirmantopplæring,1
Konfliktløsning,1
Kongsberg,1
Konkurransegrunnlag,1
Kompetansevirksomhet,1
Kompleks IT-løsning,1
Bølgelaboratorium,1
Børsnotering,1
Bøter,1
Bøteri,1
C,1
RF,1
RF-systemer,1
RF-teknikk,1
Pussing,1
Pâtissier,1
Påhengsmotor,1
Påkledning,1
Pålitelig,1
Pårørendearbeid,1
Pårørendekontakt,1
Påsmurt,1
Påsmurt mat,1
Publikumssenter,1
Publikumstjenester,1
Publikumsutvikling,1
Bærekraftige løsninger,1
Ramsund,1
RIP-programvare,1
RLE,1
ROS,1
ROT-prosjekter,1
RPA,1
RTB,1
RTU,1
Radarsystem,1
QC analytiker,1
QMS,1
QTC,1
Quality inspector,1
R&D ingeniør,1
R&D-leder,1
RADHAZ,1
Komponering,1
Komposisjon,1
Komposittbearbeiding,1
Komprimatorbil,1
Båtsmann,1
Båtutstyr,1
Bygningselementer,1
Bygningsforvaltning,1
Radiografi,1
Radiosystemer,1
Radioteknikk,1
Rakett,1
Rakettmotor,1
Rammeavtale,1
Rammeavtaler,1
Rammeplan,1
Radiofarmasi,1
Båtfoliering,1
Båtførerprøve,1
Båtmotor,1
Båtservice,1
Fagsekretær,1
Fagsjef arkiv,1
Fagskoleingeniør,1
Fagskoletekniker,1
Faggruppe,1
Faghandel,1
Kompleks problemløsning,1
Kompleksitet,1
Kompletteringsverktøy,1
Komponentdatabase,1
Komponenter,1
Kommunikasjonssystem,1
Kommunikasjonstjenester,1
Kompetanse,1
Kompetansebygging,1
Kompetansesenter,1
Kompetansestyring,1
Kompetanseutvikler,1
Kommuneplanlegger,1
Kommunerevisjon,1
Rangering,1
Rask service,1
Reaktorsikkerhet,1
Realfagslærer,1
Redaksjonelt arbeid,1
Redaksjonssekretær,1
Radioaktivt avfall,1
Registerdata,1
Registertjenester,1
Registreringssystem,1
Regjeringskvartalet,1
Rederi,1
Bygningssakkyndig,1
Bygningsvedlikehold,1
Bygningsvern,1
Bymiljø,1
Byggrådgiver,1
Byggtapetserer,1
Redningsbåt,1
Referatføring,1
Refusjonskrav,1
Kommunikasjonsplanlegging,1
Kommunikasjonssentral,1
Reinsdyr,1
Reinseanlegg,1
Regnskapsforståelse,1
Regnskapsrevisor,1
Regnskapsrådgivning,1
Regnskapssystem,1
Regnskog,1
Regulatorisk,1
Regulatorisk arbeid,1
Regulatorisk samsvar,1
Regional anestesi,1
Regionalnett,1
Regionansvarlig,1
Regionleder,1
Register,1
Registeransvarlig,1
Reguleringsprosesser,1
Reguleringsstøtte,1
Regulert virksomhet,1
Rehabiliteringsavdeling,1
Rehabiliteringssenter,1
Kommunesamarbeid,1
Kommunesektor,1
Kommuneveterinær,1
Kommunikasjonshjelpemidler,1
Kommunikasjonskonsulent,1
Kommunikasjonsmedarbeider,1
Kommunalt psykisk helsearbeid,1
Fagveileder,1
Fakturaflyt,1
Reinhaldsleiar,1
Reinhaldsoperatør,1
Kommunal utvikling,1
Reisekoordinator,1
Reiseleder,1
Reisemontering,1
Reisende selger,1
Reisende team,1
Reiserådgiver,1
Reguleringsanlegg,1
Reguleringsprosess,1
Byggteknisk forskrift,1
Byggteknisk kompetanse,1
Byggteknisk rådgivning,1
Byggteknologi,1
Bygningsarbeider,1
Byggforståelse,1
Byggforvalter,1
Rekrutteringsansvarlig,1
Rekrutteringsmedarbeider,1
Rekrutteringspartner,1
Reiseadministrasjon,1
Reiseassistanse,1
Fakultetsadministrasjon,1
Fallsikring,1
Faglært kokk,1
Fagmekaniker,1
Kommunalteknisk drift,1
Kommunedirektørens stab,1
Kommuneforvaltning,1
Kommunefysioterapeut,1
Kommunekontor,1
Kommunal regnskap,1
Kommunal stilling,1
Releplanlegger,1
Relevern,1
Relokalisering,1
Relévern,1
Remote,1
Rengjøring medisinsk utstyr,1
Rekkverksmontering,1
Rekkverksmontør,1
Reklamasjonsbehandling,1
Byggherrerådgivning,1
Byggindustri,1
Bygginstallasjon,1
Byggplass,1
Byggrenhold,1
Reklamemontering,1
Reklamesalg,1
Renholdsrutiner,1
Renovasjonsarbeider,1
Rekruttstilling,1
Rekvisisjonsrett,1
Relasjonsorientert,1
Kommunal virksomhet,1
Kommunale boliger,1
Kommunale gebyrer,1
Kommunalrett,1
Kommunal avdeling,1
Kommunal beredskap,1
Familiebasert omsorg,1
Familiehjelp,1
Familiepsykologi,1
Relasjonssalg,1
Release,1
Reporter,1
Reprosessering,1
Rengjøringsmaskin,1
Byggesaksbehandling,1
Byggesaksforskrift,1
Byggesaksrådgiver,1
Byggesøknad,1
Byggetekniker,1
Byggeteknisk,1
Byggeteknisk forståelse,1
Byggetilsyn,1
Bygg- og anleggsfag,1
Bygg- og anleggsutstyr,1
Renholdsassistent,1
Renholdsfag,1
Renholdsmaskin,1
Reservoarmodellering,1
Reservoarsimulering,1
Resiliens,1
Renovasjonssjåfør,1
Rens,1
Fagutviklingsjordmor,1
Kommunal helse- og omsorgstjeneste,1
Kommunal legevakt,1
Kommersiell analyse,1
Kommersiell avdeling,1
Kommersiell direktør,1
Familietjeneste,1
Familievern,1
Rentemarked,1
Rentesikring,1
Repertoar,1
Byggenæringen,1
Byggeplassleder,1
Familieytelser,1
Fangst,1
Fangstteknologi,1
Familie- og Omsorgssenter,1
Familie- og omsorgssenter,1
Kommersiell drift,1
Kommersiell produksjon,1
Kommersiell rolle,1
Kommersiell rådgivning,1
Byggeprosess,1
Resepsjonsmedarbeider,1
Resepsjonssjef,1
Reservefartøy,1
Reservekraft,1
Bybane,1
Bybanen,1
Bygg og industri,1
Resuscitering,1
Retail designer,1
Retention,1
Rett,1
Rettigheter,1
Reskontro,1
Respiratorisk støtte,1
Ressurskoordinering,1
Ressursplanlegger,1
Ressursteam,1
Ressursutnyttelse,1
Restauranteier,1
Byggemøter,1
Butikkutvikling,1
Kommersielle bygg,1
Kommersielt ansvar,1
Kommisjonering,1
Kommisjonssalg,1
Kognitiv funksjon,1
Kognitiv terapi,1
Kognitiv vitenskap,1
Kokkefaget,1
Kokkekompetanse,1
Kokkelærling,1
Kollektiv,1
Kliniske systemer,1
Buyer,1
By- og regionplanlegging,1
Byarkiv,1
Ridelærer,1
Rideskole,1
Ridning,1
Rigg,1
Rindalshuset,1
Rettleiar,1
Rettsforfølgelse,1
Rettskildesøk,1
Rettsmedlem,1
Rettspsykiatri,1
Rettssystem,1
Retur,1
Returbehandling,1
RevOps,1
Restaurasjonsassistent,1
Butikkstandard,1
Revenue analyst,1
Revisjonskompetanse,1
Revisjonsleder,1
Butikkdesigner,1
Butikkinnredning,1
Butikklayout,1
Butikkontroll,1
Butikkoppfølging,1
Butikkopplevelse,1
Butikkplanlegging,1
Butikkpresentasjon,1
Business Objects,1
Business Systems Developer,1
Revisormedarbeider,1
Revmatismesykehus,1
Revmatolog,1
Robotkirurgi,1
Robotknekker,1
Robotprogrammering,1
Robottekniker,1
Rolle- og tilgangsstyring,1
Romindustri,1
Romoperasjon,1
Romrenhold,1
Romstylist,1
Risikoanalytiker,1
Risikorådgiver,1
Risk,1
Risk manager,1
Rituals,1
Rivning,1
Rivningsarbeid,1
Business partner,1
Bussanlegg,1
Klubbarbeider,1
Klubbhus,1
Klubbmiljø,1
Klubbutvikling,1
Klubbvert,1
Klyngekoordinator,1
Kognisjon,1
Klinisk farmasi,1
Klinisk nevrofysiologi,1
Bustad,1
Butcher,1
Bukett,1
Bulk,1
Bulktransport,1
Bubble Tea,1
Ruskontroll,1
Russisk,1
Russpesialist,1
Rustbehandling,1
Ruteplanlegging,1
Romvask,1
Rotasjonsordning,1
Routing,1
Rovvilt,1
Rullestolbil,1
Rus og avhengighet,1
Robotics Software Engineer,1
Robotics engineer,1
Business analytics,1
Business controlling,1
Burgerservering,1
Business,1
Business Analyst,1
Business Application Manager,1
Business Central,1
Klinisk praksis,1
Klinisk salg,1
Klinisk spesialist,1
Klinisk veiledning,1
Klinisk videreutdanning,1
Kliniske fagsystem,1
Klimarådgivning,1
Kliniker,1
Farlig gods,1
Farmakoepidemiologi,1
Bu- og omsorgsteneste,1
Rydde,1
Farmasøytisk produksjon,1
Fartøykontroll,1
Fartøyrestaurering,1
Fartøyskontroll,1
Familiesamarbeid,1
Klinikkoordinator,1
Klinikkoverlege,1
Klinikksassistent,1
Klinisk assistanse,1
Klinisk drift,1
Rådgiver bygg,1
Rådstua teaterhus,1
Rusforebygging,1
Bunadstilvirker,1
Burgere,1
SAP Success Factors,1
SAP SuccessFactors,1
SAP konsulent,1
SAP-arkitekt,1
Råvarekontroll,1
Råvareplanlegging,1
Budsjettoppfølging,1
Budsjettrådgiver,1
Bueining,1
Brynstyling,1
Brystkreft,1
Rørfag,1
Rørisolatør,1
Rørleggerarbeid,1
Rørsystem,1
Rutinearbeid,1
Røykdykker,1
S/4HANA,1
SAP EAM,1
SAP PM,1
Klesbutikkmedarbeider,1
Klesvask,1
Klienthåndtering,1
Klientkontakt,1
Klientutvikler,1
Klimaanlegg,1
Klimaarbeid,1
Klimaavdeling,1
Klimagassberegning,1
Klimaprosjekt,1
Klimarådgiver,1
Klagesaksbehandler,1
Sag,1
Sak- og arkivsystem,1
Sakkyndig kontroll,1
Sakkyndigvurdering,1
Saksbehandling barnevern,1
Saksforberedelse,1
SFO-medarbeider,1
SIEM,1
SIGINT,1
SLA,1
SMB-marked,1
SOC,1
SOLVIT,1
SPA-terapeut,1
SPECT/CT,1
Rørteknisk,1
Salgsakademi,1
Salgsanalyse,1
STEP 7,1
SW,1
Brønnfartøy,1
Brønnintervensjon,1
Brønnkomplettering,1
Brønnoperasjoner,1
Brønnservice,1
Brønnspesialist,1
Brønntekniker,1
Brøytebil,1
Brøytemannskap,1
Bu- og miljøteneste,1
Brukerstyrt,1
Safety Manager,1
Sales Office Manager,1
Klarinett,1
Klarinettlærer,1
Klasse,1
Klasseromsledelse,1
Klassifisering,1
Klassisk ballett,1
Klatreanlegg,1
Kjøretøyforvaltning,1
Kjøretøyinspeksjon,1
Fasadevasker,1
Fasilitator,1
Fasiliteter,1
Sales Specialist,1
Sales manager,1
Salgs- og markedskonsulent,1
Salgssystem,1
Salgsutvikler,1
Salgsautomat,1
Salgsbudsjett,1
Brukerteam,1
Brukertransport,1
Bruktbilselger,1
Brumunddal politistasjon,1
Bruvakt,1
Bryggebygging,1
Brynslaminering,1
Brukergruppe,1
Brukergruppen,1
Brukerhistorier,1
Salgsfremmende tiltak,1
Salgskontor,1
Brukerrettigheter,1
Brukersentrert design,1
Brukerstudier,1
Brekke,1
Brevlevering,1
Salutt-kurs,1
Samarbeid foreldre,1
Samarbeid med foreldre,1
Samarbeidsevne,1
Samdrift,1
Samferdselselektro,1
Salgsmiljø,1
Salgsmøter,1
Salgspartner,1
Salgssenter,1
Salgssupport,1
Samfunnsnyttig arbeid,1
Salmaker,1
Salmon,1
Brukerkoordinering,1
Brukermanual,1
Fast food,1
Fastlegesenter,1
Febdok,1
Fedmeforskning,1
Fargeanalyse,1
Fargeblanding,1
Fargehandel,1
Kjøretøytekniker,1
Kjøttansvarlig,1
Kjøttindustri,1
Kjøttmedarbeider,1
Brudekjole,1
Bruingeniør,1
Brukerassistanse,1
Brukerassistent,1
Branntegninger,1
Brannteknisk,1
Samfunnsstraff,1
Samfunnstryggleik,1
Samfunnsvitenskapelig forskning,1
Samhandlingsløsninger,1
Samhandlingsrådgiver,1
Samfunnsanalytiker,1
Samfunnsansvarlig,1
Samfunnsberedskap,1
Samfunnshelse,1
Samfunnskritisk,1
Samfunnsrolle,1
Brillesalg,1
Brobesetning,1
Kjøttproduksjon,1
Kjøkkenselger,1
Kjøkkentjeneste,1
Kjønnsforskning,1
Kjøre bil,1
Kjøre renovasjonsbil,1
Kjøreinstruktør,1
Kjøkkenartikler,1
Kjøkkenbutikk,1
Kjøkkendesigner,1
Kjøkkenerfaring,1
Brolægger,1
Brosystemer,1
Samtaleteknikk,1
Samtaleterapeut,1
Samtaletjeneste,1
Samtidskunst,1
Sandnessjøen,1
Sandnesveien 299,1
Sanerere,1
Sang,1
Samisk kirkeliv,1
Samlingsansvarlig,1
Samlingsleder,1
Samlivsbrudd,1
Sammensatte behov,1
Samordning,1
Samspillsleder,1
Samspillsprosjekt,1
Satellittkommunikasjon,1
Scala,1
Scanningsmedarbeider,1
Kjøkkenkonsulent,1
Kjøkkenløsninger,1
Kjøkkenplanlegging,1
Kjøkkenrutiner,1
Kjemikalier,1
Kjemiker,1
Feilanalyse,1
Feilretting,1
Felarbeid,1
Scenelys,1
Samtalegrupper,1
Samtalemetodikk,1
Samtalepartner,1
Scrummaster,1
Search,1
Security Manager,1
Security advisor,1
Segmentering,1
Segmentsjef,1
Seismisk tolkning,1
Sanitetslogistikk,1
Branntetting,1
Brannvakt,1
Brannvarsling,1
Bransjeleder,1
Breaking news,1
Brannkonsept,1
Sanitærrengjøring,1
Sanntidsdata,1
Selskapsanalyse,1
Sceneteknikk,1
Fellesavdeling,1
Fellesskap,1
Fartøyvern,1
Fasadearbeid,1
Kjemisk behandling,1
Kjemisk rengjøring,1
Kjemiske analyser,1
Kjevekirurgi,1
Kjeveortopedi,1
Kjevik Garnison,1
Kirurgisk assistanse,1
Scopovervåkning,1
Screens,1
Scrum Master,1
Selvlosserskip,1
Selvmordsforebygging,1
Seksjonsoverlege,1
Brannkoordinator,1
Brannprosjektering,1
Brannsimulering,1
Brannskade,1
Brakkemontør,1
Brakkerigg,1
Seksuelle overgrep,1
Sektorleder,1
Sekundærkontakt,1
Sekvensering,1
Seleksjon,1
Seleksjonsmedisin,1
Seljetunet,1
Sengesentral,1
Senior Art Director,1
Senior Data Scientist,1
Senior IT-konsulent,1
Senior Manager,1
Senior analytiker,1
Senior controller,1
Selskapslokale,1
Selskapsplanlegging,1
Selskapsstyring,1
Selskapsvurdering,1
Selvbetjening,1
Selvgående,1
Selvlossende skip,1
Selvlosser,1
Selvlossere,1
Seniorpastor,1
Seniorsenter,1
Selvstendig praksis,1
Kirurgisk klinikk,1
Kjededrift,1
Kjedekunde,1
Kjedeleder,1
Kjelepasser,1
Kjemikalieforvaltning,1
Kirkefagsjef,1
Kirkegård,1
Kirkekontor,1
Kirkekor,1
Sem,1
Sementarbeid,1
Semi-trailer,1
Serieproduksjon,1
Sertifikat C1,1
Sertifikat C2,1
Sertifikat D4,1
Senior designer,1
Brand management,1
Branding,1
Brann- og redning,1
Brannberedskap,1
Brannbåt,1
Brannfaglig kompetanse,1
Boremaskin,1
Boreutstyr,1
Senior softwareutvikler,1
Senior vegplanlegger,1
Seniorkurator,1
Fengselsførstebetjent,1
Servicehandel,1
Sertifikat M3,1
Sertifikathåndtering,1
Serveradministrasjon,1
Serveringsbransje,1
Serveringspersonell,1
Service Desk,1
Service Engineer,1
Sensorikk,1
Sensorisk vurdering,1
Sensorsystemer,1
Senter for migrasjonshelse,1
Sentervakt,1
Sentralbank,1
Sentrumsutvikling,1
Serviceavtale,1
Servicebransje,1
Servicebransjen,1
Servicebygg,1
Servicegrad,1
Kirkelig handling,1
Kirkelige handlinger,1
Kirkesamfunn,1
Kirketjener,1
Kiropraktor,1
Kirurg,1
Kennel,1
Keratoconus,1
Ketamin,1
Feltundersøkelser,1
Feltverver,1
Boligdrift,1
Boligfremskaffelse,1
Boligkjøp,1
Servicekontor,1
Servicemarked,1
Serviceoperatør,1
Serviceoppgaver,1
Serviceperson,1
Service management,1
ServiceDesk,1
Bosettingsveileder,1
Botanikk,1
Botanisk hage,1
Botjenester,1
Boligtilrettelegging,1
Boligtjeneste,1
Booppfølger,1
Fengselshelsetjeneste,1
Fengselsinspektør,1
Fengselsprest,1
Ferdighetssertifikat,1
Ferdigstillelse,1
Feierfaget,1
Feierinspektør,1
Feiersvenn,1
Feiing,1
Key account management,1
Key account manager,1
Kildefører,1
Kildekritikk,1
Kinodrift,1
Bootcamp,1
Serviceprosjekter,1
Kinomedarbeider,1
Kasseoppgjør,1
Kasualia,1
Kategorianalytiker,1
Kategoriledelse,1
Kategorileder,1
Kattehold,1
Servicestasjon,1
Servicevert,1
Sesongarbeider,1
Servicehåndverker,1
Bolteforspenning,1
Bombetjeneste,1
Bondeveiledning,1
Bookingteam,1
Boligrengjøring,1
Boligrenhold,1
Bogrupp,1
Sikkerhetsanlegg,1
Sikkerhetsansvarlig,1
Sikkerhetsbransje,1
Shared Services,1
Sharepoint,1
Shipping Coordinator,1
Shop-in-shop,1
Shopping,1
Shuffleboard,1
Siemens,1
Siemens TIA Portal,1
Sigdalsheimen,1
Sightseeing,1
Sikkerhetsrammeverk,1
Sikkerhetsstandarder,1
Boligmarked,1
Boligmasse,1
Karosseriarbeid,1
Karosserioppretter,1
Karosseriverksted,1
Kartproduksjon,1
Kasernert vakt,1
Kassehåndtering,1
Kapabilitetsutvikling,1
Kapasitetsbygging,1
Kapasitetsplanlegger,1
Ferskvaredisk,1
Ferskvareselger,1
Boligmedia,1
Boligavdeling,1
Boligbygg,1
Boligbyggelag,1
Bo- og miljøtjenester,1
Bo- og omsorg,1
Sikkerhetsvurdering,1
Sikring,1
Sikring av data,1
Sikringsanalyse,1
Sikringskonsept,1
Sikringsplan,1
Sikringsrisikostyring,1
Sikkerhetslov,1
Sikkerhetsloven,1
Sikkerhetsløsninger,1
Sikkerhetsopplæring,1
Sikkerhetssystem,1
Bokutgivelse,1
Bolig med heldøgnsbemanning,1
Festemidler,1
Fibernett,1
Fiberutbygging,1
Field Sales Manager,1
Feltarbeider,1
Feltmåling,1
Feltoperasjoner,1
Feltselger,1
Karaokebar,1
Karbonmarkeder,1
Karbonprising,1
Kardiolog,1
Bolig- og eldresenter,1
Sjekklister,1
Sjukehusdiakon,1
Sjukehusprest,1
Sjukepleiar,1
Sjukepleier,1
Sjøanlegg,1
Simulatortrening,1
Simuleringssenter,1
Sirdal,1
Site Engineer,1
Site-medarbeider,1
Situasjonsbilde,1
Situasjonsforståelse,1
Situasjonssenter,1
Sikkerhetsstrategi,1
Sikkerhetsstyringssystem,1
Bo- og treningssenter,1
Boba Tea,1
Blue Prism,1
Blå sektor,1
Blåresept,1
Sjøkart,1
Sjømatnæring,1
Sjømatproduksjon,1
Sjøredning,1
Sjørett,1
Sjøsikkerhet,1
Sjøtrafikksentral,1
Sivilforsvar,1
Sivilingeniør bygg,1
Sjefsarkitekt,1
Sjefsingeniør,1
Sjøforsvar,1
Bo- og oppfølging,1
Bo- og rehabiliteringssenter,1
Bo- og samtaletilbud,1
Karkirurgi,1
Kampanjeutvikling,1
Kampplattform,1
Kampsport,1
Kandidatsearch,1
Kandidatvurdering,1
Kantineassistent,1
Kantinedrift,1
Kantinevert,1
Kantklipping,1
Kantstein,1
Kaldtlager,1
Kaféleder,1
Skadetaksering,1
Skadetakstmann,1
Skadeteknikk,1
Skadeundersøkelse,1
Skatteberegning,1
Skattejurist,1
Skattekriminalitet,1
Skadeavverging,1
Skadedyrkontrollør,1
Skadehåndtering,1
Skadeleder,1
Skadepoliklinikk,1
Skaderegistrering,1
Skadereparatør,1
Skaderådgiver,1
Skikafé,1
Skilting,1
Skiltmontering,1
Skiltmontør,1
Skadesaker,1
Kalenderhåndtering,1
Kalesjemaker,1
Kalkyle,1
Kampanjeansvarlig,1
Kampanjedisplay,1
Kampanjegjennomføring,1
Kampanjeinnhold,1
Kaffekompetanse,1
Kaffeløsninger,1
Kafè,1
Kafèmedarbeider,1
Skipsmaskinist,1
Skipsmotormekaniker,1
Skipsteknikk,1
Ski Storsenter,1
Skiferarbeid,1
Bo og omsorg,1
Bo og service,1
Bo- og aktivitetshus,1
Bo- og aktivitetstjeneste,1
Bo- og avlastning,1
Bo- og bistand,1
Bitumen,1
Bjerke Travbane,1
Bjørkelangen,1
Skifertak,1
Skihytte,1
Kakebaker,1
Kakebaking,1
Kaker,1
Kald mat,1
Kaldmat,1
Kaldt kjøkken,1
Kabelnett,1
Kabelpåvisning,1
Kabelsystemer,1
Filmredigering,1
Filmvitenskap,1
Filosofi,1
Skiltplassering,1
Skinnesveising,1
Skipatrulje,1
Skipsdrift,1
Skipsvedlikehold,1
Skipsverft,1
Skishop,1
Bjørnevatn,1
Bjørvika,1
Blikk,1
Blikkenslagerfaget,1
Blodgiving,1
Blodtyping,1
Bioprosess,1
Skistua,1
Skiverksted,1
Skjenkebevilling,1
Skjult etterforskning,1
Skjåkheimen,1
Skjønnhetsbehandling,1
Skokoordinator,1
Skolearbeid,1
Skolebesøk,1
Skolebibliotek,1
Skolebibliotekar,1
Skolebuss,1
Skolebygg,1
Skolegårdsbruk,1
Skjønnlitteratur,1
Skjøtsel,1
Skogbruksleder,1
Skogfag,1
Skogindustri,1
Skogproduksjon,1
Skogsarbeid,1
Skogsarbeider,1
Biovitenskap,1
Biri,1
Bispedømmekontor,1
Bistand hjemme,1
Bilutleiekontor,1
Bilutstyr,1
Skolelos,1
Skolemiljø,1
Skolesekretær,1
Skoleskyss,1
Skrankearbeid,1
Skranketjeneste,1
Skred,1
Skredder,1
Skogsmaskin,1
Skogsmaskiner,1
Biosensor,1
Biosikkerhet,1
Biostratigraf,1
Biostratigrafi,1
Finago,1
Finance Manager,1
Financial advisor,1
Finansavdeling,1
Kabinepersonale,1
Kafe,1
Kafesjef,1
Kafeteria,1
Kafeteriamedarbeider,1
Kaffebransje,1
Kaffebrenner,1
Kaffebrenning,1
Skøyen,1
Slagenhet,1
Slagpasient,1
Slakt,1
Skredgeolog,1
Skrelling,1
Skriftlig arbeid,1
Skriftlig formidling,1
Skrive juridiske avgjørelser,1
Skriving,1
Skybaserte løsninger,1
Skybaserte tjenester,1
Skydata,1
Skyllerom,1
Skolekantine,1
Bioreaktor,1
Bilrengjøring,1
Slanger,1
Slede,1
Slickline,1
Slipp,1
Slokkeanlegg,1
Slokkeinstallasjon,1
Slottsmester,1
Slukketekniker,1
Sluttkontroll,1
Smartteknologi,1
Smelteverk,1
Skyplattformer,1
Skytebane,1
Skytebaneansvarlig,1
Skytter,1
Bilvurdering,1
Binderi,1
Bingohall,1
Bingovert,1
KGV,1
KHMS-leder,1
KI-bruk,1
KI-politikk,1
KI-utvikler,1
KOLS,1
KS,1
Juridisk kvalitetssikring,1
Juridisk medarbeider,1
Biogassanlegg,1
Biogeokjemi,1
Bioimaging,1
Småtrinn,1
Snackbar,1
Snekkerverksted,1
Snowboard,1
Snømåking,1
Smerteavdeling,1
Smertelindring,1
Smidige metoder,1
Smitterenhold,1
Smittevernoverlege,1
Smolt,1
Smykkeekspert,1
Småbarnsgruppe,1
Slakting,1
Slambehandling,1
Slangeproduksjon,1
Bilteknologi,1
Biltilpasning,1
Billedbehandling,1
Billeddiagnostikk,1
Software Architect,1
Software Asset Management,1
Software QA,1
Software design,1
Softwaredesign,1
Softwareingeniør,1
Småbarnspedagogikk,1
Smådyrklinikk,1
Småindustri,1
Småmaskin,1
Småmotor,1
Småretter,1
Soldathelse,1
Solibri,1
Solid Works,1
Somatisk,1
Somatisk enhet,1
Somatisk helsehjelp,1
Somatisk langtid,1
Somatisk oppfølging,1
Snøscooter,1
Snøskuter,1
Social Media Manager,1
Bilstereo,1
Bilteknikk,1
Bilteknisk kompetanse,1
Bilteknisk kontrollør,1
Bilteknisk utreder,1
Sortering av avfall,1
Sortimentsjef,1
Sortimentsutvikling,1
Solbriller,1
Solcellemontør,1
Juridisk saksbehandler,1
Juridisk utgreiar,1
Juridisk vurdering,1
Journalskriving,1
Julebutikk,1
Finansiell planlegging,1
Finansiell revisjon,1
Finansiell rådgivning,1
Finansielle instrumenter,1
Finansieringsrådgiver,1
Finansleder,1
Bilreklame,1
Bilfaget,1
Bilflåte,1
Sosialantropologi,1
Sosialavdeling,1
Sosiale arenaer,1
Sosialfaglig medarbeider,1
Sosialisering,1
Somatisk sykdom,1
Somatisk sykepleie,1
Somatisk vurdering,1
Sonar,1
Sondemat,1
Sondemating,1
Soneovervåking,1
Song,1
Spansk mat,1
Billettkontrollør,1
Bilombygging,1
Finansregulatorisk,1
Field agent,1
Filhåndtering,1
Junior Sales Manager,1
Junior kokk,1
Junior konsulent,1
Juniorarkitekt,1
Juridisk analyse,1
Juridisk arbeid,1
Juridisk dokumenthåndtering,1
Juridisk forståelse,1
Biloppretting,1
Bilpark,1
Spesialarbeider,1
Spesialbibliotekar,1
Spesialbil,1
Spesialetterforsker,1
Spesialgruppe,1
Sosialpedagogikk,1
Bilformidler,1
Bilfører,1
Bilførerkort,1
Bilhenter,1
Bilindustri,1
Bilinteresse,1
Biljard,1
Bilberging,1
Sosialveileder,1
Sous Chef,1
Spesialisttannlege,1
Speaker,1
Jobbsenter,1
Jobbsøkerkompetanse,1
Jobbveileder,1
Jordobservasjon,1
Jordskifte,1
Jordskiftedommer,1
Journalistisk erfaring,1
Journalistisk forståelse,1
Jamnetunet,1
Janaflaten,1
Finisharbeid,1
Finite element analyse,1
Finmekanikk,1
Spesial tiltak,1
Spillerutvikling,1
Spillpedagog,1
Spillutvikler,1
Spinning,1
Bilde,1
Bildeanalyse,1
Bildeler,1
Bildeprodusent,1
Bilekspertise,1
Bilerfaring,1
Bilfag,1
BiPAP,1
Bibliotekarbeid,1
Spesialist psykiatri,1
Spesialistpraksis,1
Spesialistrekruttering,1
Jetpack Compose,1
Spisesal,1
Sponball,1
Sponsorarbeid,1
Spor,1
Sporarbeid,1
Sporing,1
Sporprosjektering,1
Sportsprodusent,1
Sportsutstyr,1
Sporty,1
Sporvedlikehold,1
Spesialprest,1
Spesialtransport,1
Spesialutdannet miljøterapeut,1
Spillbasert læring,1
Språkkompetanse,1
Språklærer,1
Språkmodell,1
Språkmodeller,1
Språkopplæring,1
Fiolin,1
Fiolinlærer,1
Firebase,1
Firmakort,1
Fiskeanatomi,1
Finansiell controller,1
Finansiell etterforskning,1
Japansk mat,1
Javautvikler,1
Jernbinder,1
Jernbinding,1
Stall,1
Sporvei,1
SpringBoot,1
Sprinkler,1
Bibliotekassistent,1
Bibliotekmedarbeider,1
Biblioteksystem,1
Biff,1
Big Bite,1
Bil og henger,1
Bilagsføring,1
Bilansvarlig,1
Språkarbeid,1
Språkfag,1
Språkforskning,1
Språkhistorie,1
Jobb- og aktivitetstilbud,1
Jobbfrukt,1
Investeringsbank,1
Investeringsselskap,1
Investeringssjef,1
Investment Manager,1
Investor Relations,1
Ishavskatedralen,1
Iskrem,1
Isometriske tegninger,1
Italiensk kjøkken,1
Stabilitetsvurdering,1
Stabsavdeling,1
Stabsfunksjon,1
Stabsledelse,1
Stabstjeneste,1
Statistiske analyser,1
Statistiske verktøy,1
Statlig arbeidsplass,1
Statlig avtaleverk,1
Statlig rekruttering,1
Statlig styring,1
Stallarbeid,1
Standsalg,1
Stansemaskin,1
Start-up,1
Stasjonsanlegg,1
Stasjonssjef,1
Stasjonær omsorg,1
Spylevogn,1
Spørreundersøkelse,1
Spørreundersøkelser,1
Internasjonal organisasjon,1
Internasjonal utvikling,1
Stell av avdøde,1
Stell av trær,1
Stemme,1
Statlig økonomistyring,1
Statsadvokat,1
Statsforetak,1
Statstilskudd,1
Statsvitenskap,1
Stavlaft,1
Steakhouse,1
Stasjonært vakthold,1
Statikk,1
Statistiker,1
Statistisk prosesskontroll,1
Steinknusing,1
Steinlegger,1
Steinlegging,1
Steinovn,1
Steking,1
Internmarkedsføring,1
Internopplæring,1
Internsalg,1
Internship,1
Internundervisning,1
Intervju,1
Intim hygiene,1
Introduksjonsprogram,1
Intune,1
Inventory,1
Internasjonal leder,1
Steinarbeid,1
Betongbil,1
Betongbilsjåfør,1
Betongfaget,1
Betongkjøring,1
Betongkonstruksjoner,1
Betongsager,1
Betongvarer,1
Bevaring,1
Bevegelsesforstyrrelser,1
Bevegelsesglede,1
Bevillinger,1
Bevillingssaker,1
Beslagshåndtering,1
Bestandsvurdering,1
Steinerpedagogikk,1
Stolstiller,1
Stomi,1
Stomipleie,1
Stomisykepleier,1
Stor avdeling,1
Stor barn gruppe,1
Stemmevansker,1
Stengevakt,1
Steril oppdekking,1
Sterilavdeling,1
Sterilgods,1
Sterilsentral,1
Sterilt miljø,1
Sterilteknikk,1
Stikking,1
Steinalder,1
Storspylbil,1
Stort kjøretøy,1
Stikning,1
Stillasbygger,1
Internasjonale forhandlinger,1
Internasjonale relasjoner,1
Internasjonalt regnskap,1
Internettrelaterte overgrep,1
Internkontrollør,1
Interaksjonsdesigner,1
Fiskefilitering,1
Fiskehåndtering,1
Stipend,1
Stipendprogram,1
Stol-leie,1
Stolpearbeid,1
Besøksregistrering,1
Besøkssenter,1
Betalingsløsninger,1
Beredskapstjeneste,1
Beredskapsvekter,1
Beregner,1
Strategisk HR,1
Strategisk design,1
Strategisk leder,1
Storbil,1
Stordata,1
Store Designer,1
Store Manager,1
Store Planner,1
Storformatfliser,1
Storkundeansvarlig,1
Fisker,1
Fiskeredskap,1
Finanssjef,1
Finanstilsyn,1
Fingermotorikk,1
Interessepolitisk arbeid,1
Interiørbeplantning,1
Interiørbutikk,1
Interiørdesign,1
Interiørdesigner,1
Interiørmontering,1
Interiørmontør,1
Intermediær,1
Besøksforvaltning,1
Besøkshjem,1
Besøksopplevelse,1
Integrasjonsprosjekt,1
Integration Manager,1
Integreringskonsulent,1
Integrerte systemer,1
Integrerte tekniske bygningsinstallasjoner,1
Integritet,1
Strategisk utvikling,1
Strategiske kunder,1
Street,1
Strukturanalytiker,1
Strukturberegning,1
Storytelling,1
Bestyrer,1
Besøkende,1
Fiskepatologi,1
Fiskeproduksjon,1
Beslag,1
Bemanningsbyrå,1
Studenter,1
Studentkontakt,1
Studentrekruttering,1
Studentsamskipnad,1
Studentveileder,1
Strukturmekanikk,1
Stråleterapeut,1
Strålingsfysikk,1
Strømavtaler,1
Strømningsmekanikk,1
Strømselger,1
Stud.med,1
Intern,1
Integrasjonsarkitekt,1
Bergingssjåfør,1
Instruksjonsveiledning,1
Instrumentalundervisning,1
Instrumentanalyse,1
Instrumentansvarlig,1
Instrumentbevis,1
Instrumentingeniør,1
Instrumentrengjøring,1
Instrumentvedlikehold,1
Inntakskontor,1
Inntektsrådgiver,1
Innvendig maling,1
Inspeksjonsingeniør,1
Bergmekanikk,1
Bergsprenger,1
Beskyttelsesarbeid,1
Styringsstab,1
Stålbearbeiding,1
Stålelementer,1
Studiesenter,1
Studiespesialisering,1
Studiesykepleier,1
Studieveileder,1
Studiovert,1
Stuepike,1
Stupetårn,1
Stykkgods,1
Styreadministrasjon,1
Student helse,1
Studentarbeid,1
Studentbolig,1
Bergen kommune,1
Støtte i dagliglivet,1
Støtte i skole,1
Installasjonsanalyse,1
Installasjonsarbeid,1
Innkjøpsspesialist,1
Fit-out,1
Fjell- og bergverksfaget,1
Fjellstue,1
Fjerdingby helsetun,1
Fjordspenntekniker,1
Fjøsarbeider,1
Støttepedagog,1
Styreskap,1
Styringsdokumenter,1
Styringsinformasjon,1
Styringsmodell,1
Submarine,1
Subseaingeniør,1
Substitusjonsbehandling,1
Stålmontasje,1
Stålverk,1
Bemanningspool,1
Bensinmotor,1
Beplantning,1
Beredskapskoordinator,1
Beredskapsplan,1
Beredskapsplanlegging,1
Behandlingsarbeid,1
Behandlingsforskning,1
Støpearbeid,1
Støpegods,1
Støping,1
Sugebil,1
Suicidvurdering,1
Sukkerarbeid,1
Sunn livsstil,1
SuperOffice,1
SuperSelger,1
Supersugbil,1
Supervisjon,1
Supportability engineering,1
Støttesenter,1
Støttestilling,1
Støvtørking,1
Støy,1
Støyskjerm,1
Støyskjerming,1
Sub-Contract Manager,1
Sutur,1
Svagstrøm,1
Svakstrømstekniker,1
Svangerskap,1
Fiskeanlegg,1
Fiskebiologi,1
Fiskebåt,1
Fiskefartøy,1
Innleie,1
Innredningsmontør,1
Innsynsbegjæringer,1
Innsynskrav,1
Innfordring,1
Innhentingskoordinator,1
Innholdsansvarlig,1
Suge- og spylebil,1
Sveisetekniker,1
Sveiseteknikk,1
Svelgevansker,1
Svineproduksjon,1
Supportleder,1
Supportmedarbeider,1
Behandlingsteam,1
Behandlingstun,1
Beholdningskontroll,1
Behovsanalyse,1
Belegningsstein,1
Beltemaskin,1
Belønningssystem,1
Bemanner,1
Bemannet bolig,1
Sushi chef,1
Flesland lufthavn,1
Beauty,1
Beboer,1
Beboeransvar,1
Svømmeskole,1
Switchgear,1
Switching,1
Syerske,1
Sykebesøk,1
Sykehjemsmedisin,1
Svangerskapskontroll,1
Sveio omsorgssenter,1
Sveiseingeniør,1
Sveiseinspektør,1
Sveisekoordinator,1
Sveiserobot,1
Bedriftsøkonomi,1
Behandleransvar,1
Behandling barn,1
Innholdsredaktør,1
Innkalling,1
Innkjøpsavdeling,1
Innkjøpskonsulent,1
Ingeniørleder,1
Ingeniørvitenskap,1
Injeksjon,1
Fleksibelt arbeid,1
Flensearbeid,1
Flerfaglig avdeling,1
Flerfaglig samarbeid,1
Flerkameraproduksjon,1
Flerkildeanalyse,1
Synsprøver,1
Synsrehabilitering,1
Synsrådgivning,1
Synstolk,1
Synstrening,1
Syntetisk biologi,1
Syntetiske data,1
SysML,1
Sykehusapotek,1
Sykehusvekter,1
Sykekjøring,1
Sykepleiefaglige prosedyrer,1
Sykepleieteam,1
Syketransport,1
Svømmebasseng,1
Bedriftsutvikling,1
Flisarbeid,1
Flisbil,1
Fiskerihistorie,1
Inkluderende miljø,1
Inkubatorleder,1
Inn- og utreisekontroll,1
Innbyggerservice,1
Innebygde systemer,1
Innendørs malerarbeid,1
Innendørs og utendørs arbeid,1
Innendørsarbeid,1
Innesalg,1
Inneselger,1
Bedriftslokaler,1
Basestasjon,1
Basisinfrastruktur,1
Systemkonsulent,1
Systemleder,1
System Engineering,1
System Manager,1
System support,1
Systemanalyse,1
Systemanalytiker,1
Systematisk HMS-arbeid,1
Systematisk oversikt,1
Sykkylven,1
Beboerregnskap,1
Beboerrom,1
Beboerveiledning,1
Bedriftselektriker,1
Bedriftskommunikasjon,1
Bedriftskontakt,1
TIG,1
TIG-sveising,1
TMS,1
Systemrådgiver,1
Systemstøtte,1
Systemteknikk,1
Sámegiela didaktihkka,1
Sårbare grupper,1
Sårbarhetshåndtering,1
Sårbarhetsstyring,1
Sårskift,1
Systemforbedring,1
Systemhimling,1
Systeminstallasjon,1
Systemisk arbeid,1
Systemkompetanse,1
Flybuss,1
Batterigjenvinning,1
Batteriindustri,1
Batterimaterialer,1
Batterisystemer,1
Batteriteknologi,1
Beach club,1
Bearbeiding av metall,1
Barnevernsrett,1
Barnevernstjeneste,1
Sølvsmed,1
Søvnenhet,1
Søyler,1
T2,1
T4,1
T8,1
Søkestrategi,1
Søknadsbehandling,1
Bassengteknikk,1
Bassengtrening,1
Bassengvakt,1
Informasjonsutvikler,1
Information Management,1
Information Manager,1
Infrastruktur som kode,1
Infrastrukturarkitekt,1
Infrastruktursikkerhet,1
Infusjonsbehandling,1
Informantbehandling,1
Informasjonsansvarlig,1
Flow Assurance Engineer,1
Fluidmekanikk,1
Taktisk ledelse,1
Takvask,1
Takvasker,1
Tale,1
Talent Acquisition,1
Talent acquisition,1
Talent management,1
Talentkoordinator,1
TV-inspeksjon,1
TV-tekniker,1
TV-tjenester,1
Taco,1
Take away,1
Taklegging,1
Takserer,1
Særskilte behov,1
Takst,1
Takstein,1
Barns rettigheter,1
Barselavdeling,1
Barsjef,1
Flydrift,1
Flyging,1
Flykomponenter,1
Flyktningetjeneste,1
Flyktninghelsetjeneste,1
Flatt tak,1
Informasjonsrådgiver,1
Industritapetsering,1
Baseoperatør,1
Barnesamtale,1
Taktisk datalink,1
Taler,1
Talevansker,1
Tallforståelse,1
Tandemsykling,1
Industritekstilfaget,1
Industriutvikling,1
Industrivaskeri,1
Industrivern,1
Infeksjonsavdeling,1
Infeksjonsimmunologi,1
Infeksjonssykdommer,1
Influencer-samarbeid,1
Industrimekanikk,1
Tannhelseteam,1
Tannhelsetjeneste,1
Tannlegekontor,1
Barnekontroll,1
Teamcenter,1
Teamgym,1
Teams,1
Teaterpedagog,1
Tannlegevakt,1
Tanntekniske arbeider,1
Tariffavtale,1
Task Specialist,1
Tauing av fly,1
Tavleanlegg,1
Tavlearbeid,1
Tavlebygger,1
Tavlebygging,1
Tavlemontasje,1
Talentutvikling,1
Industriell elektriker,1
Technical Sales Manager,1
Technology Business Management,1
Teglmuring,1
Teglsteinsarbeid,1
Tegn-til-tale,1
Tegneprogram,1
Tegningsarbeid,1
Tavleverksted,1
Barnetrinnet,1
Barneverninstitusjon,1
Barnevernleder,1
Barnevernsarbeider,1
Barnevernsloven,1
Barneklipp,1
Barneklær,1
Barnepedagog,1
Barnepedagogikk,1
Barnepleie,1
Barnehagelektor,1
Technical Pilot,1
Industriport,1
Industriprosjekt,1
Industriprosjekter,1
Industrirengjøring,1
Industrirobot,1
Industrirådgiver,1
Industrisalg,1
Industriservice,1
Industrisikkerhet,1
Industriell bioteknologi,1
Industriell controller,1
Teknisk beregning,1
Teknisk brukerstøtte,1
Teknisk design,1
Teknisk entreprenør,1
Teknisk etterforskning,1
Tegningsforvaltning,1
Tegnspråktolk,1
Tegnspråkunderviser,1
Tegnstøtte,1
Tekla Structures,1
Teknisk administrasjon,1
Teatervitenskap,1
Techlead,1
Barnenevrologi,1
Barneopplæring,1
Barneovervåkning,1
Barnekirurgi,1
Industriell kommunikasjon,1
Industriell overflatebehandling,1
Industrielle el-anlegg,1
Industrielle systemer,1
Industrielt renhold,1
Industrielt salg,1
Industrielt samarbeid,1
Industriinstallasjon,1
Individuell tilrettelegging,1
Flysikkerhet,1
Flysystemer,1
Flyteknikk,1
Barneklinikk,1
Barnebasseng,1
Teknisk bakgrunn,1
Barne- og familiearbeid,1
Barne- og familietjeneste,1
Teknisk kontrollør,1
Teknisk kravspesifikasjon,1
Teknisk kundestøtte,1
Teknisk kvalitet,1
Teknisk fagarbeider,1
Teknisk fagmiljø,1
Teknisk feilsøking,1
Teknisk gransker,1
Teknisk inspeksjon,1
Teknisk arkitekt,1
Barnehagemiljø,1
Barnehagevikar,1
Barnehelse,1
Barneintensiv,1
Teknisk isolasjon,1
Barnebutikk,1
Barnefaglig rådgiver,1
Barnefysioterapeut,1
Barnehagearbeid,1
Flyteknisk,1
Flytog,1
Flyttbare innretninger,1
Flyttebil,1
Flomfare,1
Flomutredning,1
Indremedisiner,1
Industri 4.0,1
Industriautomasjon,1
Industridesign,1
Barn- og ungdomsarbeider,1
Implementering,1
Importør,1
InDesign,1
Incestsenter,1
Incident Manager,1
Incident response,1
Indicia,1
Individuell oppfølging,1
Individuell opplæringsplan,1
Identity Governance,1
Ideutvikling,1
Teknisk prosjektarbeid,1
Teknisk prosjektering,1
Teknisk regelverk,1
Teknisk restaurering,1
Teknisk instruktør,1
Teknisk verksted,1
Tekniske data,1
Teknisk rigg,1
Barne- og ungdomslitteratur,1
Barne- og ungdomssenter,1
Barne- og ungdomstjeneste,1
Barne-TV,1
Barnearbeider,1
Bardrift,1
Teknisk skribent,1
Teknisk systemforståelse,1
Teknisk montør,1
Teknisk opplæring,1
Teknisk optimalisering,1
Teknisk planlegger,1
Teknisk plattform,1
Teknologiforståelse,1
Teknologikompetanse,1
Teknologimiljø,1
Teknisk team,1
Idrettsernæring,1
Idrettsfag,1
Idrettsfysiologi,1
Igangkjøring,1
Illustrator,1
Illustratør,1
IT-strategi,1
IT-systemer,1
Flyvert,1
Teknisk tegner,1
Teknisk utredning,1
Teknisk veiledning,1
Tekstilindustri,1
Tekstilpåfylling,1
Tekniske produkter,1
Barleder,1
Barmiljø,1
Barn 0-3 år,1
Barn og ungdomsarbeider,1
Barn og voksne med funksjonsnedsettelse,1
Balkansk mat,1
Balkonginnglassing,1
Ballett,1
Band,1
Teknolab,1
Teknologi og vitenskapsstudier,1
Teknologi- og industrifag,1
Teknologiavdeling,1
Teknologirådgiver,1
Teknologisk virksomhet,1
Bandinstrument,1
Bane,1
Banearbeider,1
Baneelektro,1
Banemontør,1
Bakeriavdeling,1
Bakerimedarbeider,1
Teknologiske løsninger,1
Teknologistudier,1
Teknologiteam,1
Tekst,1
Tekstanalyse,1
Tekstforfatting,1
Tekstilbehandling,1
Temperaturkontroll,1
Temporære oppdrag,1
Tenesteleiar,1
Teolog,1
Teoriutvikling,1
Tepperens,1
Tele,1
Teleanlegg,1
Telefonarbeid,1
Telefonbetjening,1
Telefonitjenester,1
Telefonrådgivning,1
Telefonselger,1
Telefonvakt,1
Telefonvurdering,1
Teknologipolitikk,1
Terminalmedarbeider,1
Terminalsjåfør,1
Terminaltraktor,1
Termisk fysikk,1
Termisk sprøyting,1
Flyvertinne,1
Flyværsjef,1
Flåtevedlikehold,1
FoU-leder,1
Foliemontør,1
Flymat,1
Flyplassjef,1
Identitetsforvaltning,1
Telemetri,1
Telesalg,1
Teleteknikk,1
Terrorfinansiering,1
Testansvarlig,1
Testing av anlegg,1
Testmetodikk,1
Terapeutisk arbeid,1
Terapeutisk samfunn,1
Terapibasseng,1
Bakevarer,1
Bakkeoperasjoner,1
Bakketjenester,1
Bakteriologi,1
Bakverk,1
Balansekonto,1
Backendutvikling,1
Backlog,1
Terapihest,1
IT-ferdigheter,1
IT-forståelse,1
Testutvikling,1
Testverktøy,1
Thermosjåfør,1
Thoraxkirurgi,1
Tidsseriedata,1
Tieto Lifecare,1
TikTok,1
Tiktok,1
Tilbehør,1
Tilberede mat,1
Termografi,1
Termografør,1
Territorialkontroll,1
Territory Manager,1
Tilkalingshjelp,1
Teststrategi,1
Testsystemer,1
Testtekniker,1
Identity Access Management,1
IT-manager,1
IT-nettverk,1
IT-operasjon,1
IT-prosesser,1
IT-prosjekter,1
IT-revisjon,1
IT-risiko,1
IT-rådgivning,1
IT-salg,1
IT-servicedesk,1
IT-driftstekniker,1
Tilknytningsanalyser,1
Tilknytningsansvarlig,1
Tilkomsttekniker,1
Tillatelser,1
Tiller helse- og velferdssenter,1
Tillit,1
Tillitsvalgt,1
Tilpasning,1
Tilrettelagt arbeid,1
Tilbudskalkulasjon,1
Tilbudsledelse,1
Tilbudsprosess,1
Tildeling,1
Tildeling/forvaltning,1
Tildelingskontor,1
Tiler,1
IT-jurist,1
IT-koordinator,1
IT-lisens,1
IT-løsninger,1
IT Service Management,1
IT og digitalisering,1
IT porteføljestyring,1
IT prosjektleder,1
Folketrygdloven,1
Fond,1
Fondsforvaltning,1
Fontenehus,1
Food Court,1
Food and beverage manager,1
Tilsynspersonell,1
Tilkallevikar,1
BIM-rådgiver,1
BOAS,1
Tiltaksarbeid,1
Tiltaksteam,1
Tilvirkningskontrakter,1
Timebok,1
Timeplanlegging,1
Timerenhold,1
Tinghus,1
Tingrett,1
Tinnitus,1
Tilrettelagt fritid,1
Tilrettelagt kommunikasjon,1
Tilstandsanalyse,1
Tilstandsestimering,1
IT-ingeniør,1
Tjenesteenhetsleder,1
Tjenesteforvalter,1
Tjenesteintegrasjon,1
Tjenestekvalitet,1
Tjenesteplanlegging,1
Tjenester til funksjonshemmede,1
Tilsynsvakt,1
Tiltaksansvar,1
Tiltaksansvarlig,1
Badebutikk,1
Baderomsmøbler,1
Baderomsrenovering,1
Bagasjesortering,1
Baguetter,1
Bake-off,1
BIM-koordinator,1
Togfører,1
Toleranseanalytiker,1
Toleransekjedeanalyse,1
Tipping,1
Tjeneste for funksjonsnedsettelse,1
Food court,1
Foodtruck,1
Forbedringskonsulent,1
Flyttekonsulent,1
IT sourcing,1
IT-ansvar skole,1
IT-arkivar,1
IT-bransjen,1
IT-brukerstøtte,1
ISO 15189,1
Tjenestebil,1
Topside,1
Tjenestestyring,1
Tjenestestyrt bemanningsplanlegging,1
Tjenestetildeling,1
BOB-modellen,1
BREEAM,1
BW4HANA,1
Bachelor helse,1
Bachelorundervisning,1
Azure AD,1
B2 norsk,1
Tjenesteutvikler,1
Toalettanlegg,1
Toalettbesøk,1
Togdrift,1
Togelektriker,1
Totalforsvar,1
Toyota,1
Tracheostomi,1
Trade marketing,1
Tradisjonelle retter,1
Tradisjonsmat,1
Traffic Marshall,1
Trafikkanalyse,1
Tolketjeneste,1
Tolking,1
Toll og fortolling,1
Tolletaten,1
Tollfaglig opplæring,1
Tomtebefaring,1
Toppidrett,1
Toppledelse,1
BCR-sekvensering,1
BI-utvikler,1
ISO-standarder,1
ISR,1
IT Asset Manager,1
IT Change Manager,1
IT Financial Management,1
IT Operations,1
IT Product Manager,1
IT Security,1
IKT-verktøy,1
ILS,1
INSTA-800,1
BIM-ekspert,1
Avretting,1
Avslapning,1
Transaksjonsrådgiver,1
Transformasjonsprosjekter,1
Transformasjonsrådgiver,1
Transformator,1
Trafikkdirigering,1
Trafikkmedarbeider,1
Trafikkoordinator,1
Trafikkopplæring,1
Trafikkplanlegger,1
Trafikksentral,1
Trafikkteknikk,1
Training & Development Manager,1
Torg,1
Torskeoppdrett,1
Totalentreprenør,1
BBQ,1
IP4,1
IP4-godkjenning,1
IPLOS,1
ISM,1
IKE-tekniker,1
IKT fagsystem,1
Forbund,1
Forebyggende tannhelse,1
Forebyggende tjenester,1
Forebygger,1
Traktorsjåfør,1
Trampoline,1
Tranby,1
Trandum,1
Transaksjonsbehandling,1
Transaksjonsovervåking,1
Transkribering,1
Transmisjon,1
Avtaleforvalter,1
Avtaleoppfølging,1
Avtalerett,1
Avtaleverk,1
Avviksrapportering,1
Transport av utstyr,1
Transportanalyse,1
Transportbetjent,1
Transportfag,1
Transportkjøling,1
Transportledelse,1
Transportledsager,1
Transportmegling,1
IP3,1
Trebåtbyggjar,1
Trefelling,1
Treindustri,1
Trekonstruksjon,1
Trenerkompetanse,1
Treningsassistent,1
Transportoppdrag,1
Transportplanlegger,1
Trapper,1
Trattoria,1
Traumatologi,1
Traume,1
Traumearbeid,1
Traumebasert omsorg,1
Traumer,1
Transitt,1
Avlastningshjem,1
Avlastningssenter,1
IKT-infrastruktur,1
IKT-koordinator,1
IKT-laboratorie,1
IKT-rom,1
IKT-service,1
IKT-system,1
IKT-tekniker,1
Høyteknologisk industri,1
Høyteknologisk miljø,1
Høyteknologisk produksjon,1
Avløpstjenester,1
Avdelingsarbeid,1
Treblås,1
Trebåtbygger,1
Treningslokale,1
Treningssal,1
Avdelingssykepleier,1
Aveda,1
Avgift,1
Avgiftningspost,1
Avhending,1
Automatikkmekaniker,1
Treningsteam,1
Treningsveiledning,1
Trepleie,1
Trevaresnekker,1
Trivselsagent,1
Trommelærer,1
Treasury manager,1
Avklaring,1
Trondheim lufthavn,1
Høytrykksspyler,1
Høytrykksspyling,1
Høyvoltteknologi,1
IATF 16949,1
IB,1
Hønsehus,1
Foreldrerådgivning,1
Foreldresamtale,1
Foreldreveileder,1
Forensics,1
Truckførerbevis,1
Trusselanalytiker,1
Trusseljakt,1
Trygd,1
Treningsleilighet,1
Tungvognmekaniker,1
Tunnelanlegg,1
Tur,1
Turbussjåfør,1
Turer,1
Turgåing,1
Trygdemedisin,1
Trygderett,1
Tryggleik,1
Trygt hjem,1
Trygt læringsmiljø,1
Trygt skolemiljø,1
Trykkontrollutstyr,1
Trykkprøving,1
Trykksaker,1
Tromsø,1
Avansert medisinsk utstyr,1
Avdelingsansvarlig,1
Auksjon,1
Autismespekterforstyrrelse,1
Turistvert,1
Turlag,1
Turleder,1
Turn,1
Turnusansvar,1
Turné,1
Turvenn,1
Tvang og makt,1
Trykktesting,1
Trøndelag Teater,1
Tungbil,1
Tungtransport,1
Tverrfaglig forskning,1
Tverrfaglig koordinering,1
Tverrfaglig miljø,1
Tverrfaglig prosjekt,1
Tverrkulturelt arbeid,1
Tyngre kjøretøy,1
Tyrkisk kokk,1
Turistbutikk,1
Turistguide,1
Turistinformasjon,1
Automatiseringsingeniør,1
Automatisert testing,1
Autonome fartøy,1
Autonomi,1
Autorisasjonsstyring,1
Autorisering,1
Tønsberg politistasjon,1
Tøyforsyning,1
UH-sektor,1
Forensikk,1
Forfatter,1
Forhandleroppfølging,1
Forbedringsrådgiver,1
Forbrukerinnsikt,1
Hørselsutredning,1
Høvleri,1
Høy sikkerhet,1
Høyskole,1
Høyspenningsanlegg,1
Høyspentmontør,1
Tvangsvedtak,1
Tverrfaglig behandling,1
Tyveriforebygging,1
Tålmodighet,1
Tårnkran,1
Auto,1
Autodesk,1
Autodesk Inventor,1
Autodesk Revit,1
Autoelektro,1
Autoimmune sykdommer,1
Autoklav,1
Assisterende varehussjef,1
Astma,1
Tømmermåler,1
Tømrerbas,1
Tømrerlag,1
Tønsberg,1
UML,1
USV,1
Høyt tempo,1
Håndpleie,1
Håndterapi,1
Håndtering,1
Håndverksarbeid,1
Håndverksproduksjon,1
Hårshow,1
Hydrodynamikk,1
Hydrogeolog,1
Hydrojetting,1
Hydrolog,1
Ufaglært,1
Ultralydtesting,1
Tyrkisk mat,1
Ungdomsidrett,1
Underholdningsbransje,1
Understellsbehandler,1
Atferdsarbeid,1
Atomsikkerhet,1
Attester,1
Attraksjon,1
Audio,1
Audit,1
Assisterende direktør,1
Assisterende driftsleder,1
Undersøkende journalistikk,1
Undervannsrobotikk,1
Undervannsvåpen,1
Undervisningserfaring,1
UI-designer,1
Underwriting,1
Hydrologiske analyser,1
Hyttebygging,1
Hytteforvaltning,1
Hytteinstallasjon,1
Hytteområde,1
Hytteselger,1
Hyttevask,1
Husleierett,1
Husvert,1
Forlagsarbeid,1
Forliksavtale,1
Formannskapssekretær,1
Ungdomsavlastning,1
Ungdomsbolig,1
Ungdomshjem,1
Urolog,1
User stories,1
Usikkerhetshåndtering,1
Utadvendt,1
Ungdomskonsulent,1
Ungdomskontakt,1
Ungdomskoordinator,1
Ungdomskor,1
Ungdomsleder,1
Ungdomssekretær,1
Ungdomstrinn,1
Unit4,1
Unity,1
Undervisningsleder,1
Undervisningsmateriell,1
Undervisningsstøtte,1
Utepedagogikk,1
Utbeining,1
Utbetaling,1
Utbyggingsavtaler,1
Utbyggingsprosjekt,1
Utdanningssektor,1
Utdanningssystem,1
Utdanningstilbud,1
Utdanningsvalg,1
Uteaktivitet,1
Universitet og høyskole,1
Universitetsbibliotek,1
Universitetsbibliotekar,1
Universitetspedagogikk,1
Universitetstannklinikk,1
Ur,1
Aspirantveileder,1
Utemekaniker,1
Utendørs aktiviteter,1
Utendørs malerarbeid,1
Utendørsreklame,1
Forming,1
Formuesforvalter,1
Foreldreforberedende kurs,1
Foreldremekler,1
Foreldremøte,1
Hvelven 85,1
Hvitevare,1
Hvitvasking,1
Hybridfartøy,1
Hydrauliker,1
Uteområde,1
Assisterende kaféansvarlig,1
Hundekjøring,1
Hundestell,1
Huntington sykdom,1
Hurtigtempo,1
Hus,1
Husdyrfag,1
Husdyrvitenskap,1
Husholdningsavfall,1
Husholdsassistent,1
Assisterende kjøkkensjef,1
Assisterende klinikksjef,1
Assisterende leder,1
Assisterende resepsjonssjef,1
Assisterende styrer,1
Assisterende teknisk leder,1
Utomhusprosjekt,1
Utpakking,1
Utredningsavdeling,1
Utredningskompetanse,1
Utredningsleder,1
Uteservice,1
Utested,1
Utflukter,1
Utforskning,1
Utgreiar,1
Utjekk,1
Utlasting,1
Utleieansvarlig,1
Utleiekontor,1
Utedrift,1
Assisterende ferskvaresjef,1
Arrangør,1
Art Director,1
Utrykningssjåfør,1
Utskrift,1
Utsted,1
Utstillinger,1
Utstyrsbutikk,1
Utstyrsdesign,1
Utstyrsforvaltning,1
Utstyrsinspeksjon,1
Utstyrskontroll,1
Utleieutstyr,1
Utlendingsrett,1
Utmark,1
Utomhusanlegg,1
Utomhusarbeid,1
Aspirantleder,1
Arktisk miljø,1
Arktisk natur,1
Utvendig maling,1
Utvendig renhold,1
Utvikling av medarbeidere,1
Utviklingsforsker,1
Utrykningsenhet,1
Utrykningskjøretøy,1
Assistanse kirurgi,1
Assistent oral kirurg,1
Assistenttannlege,1
Assistenttrener,1
Assisterende avdelingsjordmor,1
Assisterende avdelingsleder,1
Assisterende avdelingssykepleier,1
Forretningsrådgiver,1
Utviklingssamtale,1
Utøvererfaring,1
VA-forvalter,1
Utstyrsleveranse,1
Utstyrsoperatør,1
Utvendig kledning,1
Artikkelforfatter,1
Arverett,1
Asbestsanering,1
Aseptisk arbeid,1
Asfaltarbeid,1
Asfaltkjøring,1
Asfaltverk,1
Asian fusion,1
Asker Produkt,1
VR,1
VVS-anlegg,1
VVS-rådgiver,1
Utviklingsoppgaver,1
Utviklingsorientert,1
Hukommelseteam,1
Human factors,1
Humanistisk,1
Humanitær sektor,1
Hundegård,1
Hotellkjøkken,1
Hotellledelse,1
Forretningsintegritet,1
Forretningspartner,1
Forretningsplan,1
Forretningsplanlegging,1
Arrangementsvert,1
Arkitekturstyring,1
Vaksinetesting,1
Vaktansvar,1
Vaktberedskap,1
Vaktbok,1
Vaktlag,1
VA-nett,1
VA-operatør,1
VA-planlegger,1
VA-rådgiver,1
VA-sektor,1
VA-sektoren,1
VA-tilsyn,1
VISBOOK,1
VM-koordinator,1
Arrangementsarbeid,1
Arrangementsavvikling,1
Arrangementsikkerhet,1
Forretningsrådgivning,1
Forretningssystem,1
Hotellrestaurant,1
Hotellsystem,1
Hovedbaker,1
Hovedinstruktør,1
Hovedpastor,1
Hovedtrener,1
Hovlitunet,1
Hobbybutikk,1
Arrangementskoordinator,1
Arrangementskoordinering,1
Arrangementsledelse,1
Vannkraftverk,1
Vannkvalitet,1
Vannledning,1
Vannrensing,1
Varebehandling,1
Vaktliste,1
Vakttjeneste,1
Validering,1
Valideringsingeniør,1
Valseverk,1
Valutasikring,1
Vaganova-teknikk,1
Vaksinasjonstiltak,1
Vaksinekoordinator,1
Armeringsarbeider,1
Arrangementsansvarlig,1
Vareinnkjøp,1
Vann- og miljøteknikk,1
Vannaktiviteter,1
Arkivansvarlig,1
Arkivfag,1
Arkivmedarbeider,1
Arkivplan,1
Arktisk guide,1
Arbeidsrettet veiledning,1
Arbeidssenter,1
Arbeidstid,1
Arbeidstilsyn,1
Vannbehandlingsanlegg,1
Vannbåren varme,1
Vanndistribusjon,1
Vannhåndtering,1
Hotellarbeid,1
Hjerne,1
Hjerneslag,1
Areal,1
Arena,1
Argentinsk mat,1
Arbeidsmarkedskonsulent,1
Arbeidsmaskiner,1
Varepresentasjon,1
Varetorg,1
Varm mat,1
Varmdisk,1
Varebilsenter,1
Varefaghandel,1
Varefremmer,1
Varehusleder,1
Vask av bil,1
Vaskehall,1
Vaskejobb,1
Arbeidsvarsling,1
Hogatunet,1
Holdbarhetstesting,1
Holding,1
Holum,1
Honorar,1
Horeca,1
Horten,1
Hospitality,1
Host,1
Hot towel shave,1
Hotel Manager,1
Hotell og restaurant,1
Vaskerimedarbeider,1
Vaskulær,1
Vassdrag,1
Vassdragsanlegg,1
Vassdragshydraulikk,1
Vasskraft,1
Vedfyrt ovn,1
Vedlikehold uteområder,1
Vedlikeholder,1
Vedlikeholdsansvarlig,1
Vedlikeholdsarbeider,1
Varme,1
Varmestue,1
Varmt kjøkken,1
Varslingssaker,1
Varslingssystem,1
Arbeidsbrakke,1
Arbeidsbåt,1
Vedlikeholdsskvadron,1
Veg og trafikk,1
Vegbygging,1
Hjerte- og lungefysioterapi,1
Hjerteovervåkning,1
Hjerterehabilitering,1
Hjertesykdom,1
Hjertesykdommer,1
HoReCa,1
Forsikringsarbeid,1
Forsikringsoppgjør,1
Vegetasjon,1
Vegforvalter,1
Vegingeniør,1
Arbeidsplanlegging,1
Forsikringsselskap,1
Forsikringsskader,1
Forskalingsnekker,1
Forpleining,1
Hjemmeoppfølging,1
Hjemmevakt,1
Hjemmeveileder,1
Hjemveiledning,1
Hjelpemiddelsentral,1
Arbeidsplassutvikling,1
Arbeidsplassvurdering,1
Arbeidspraksis,1
Arbeidspsykologiske tester,1
Arbeids- og aktivitetssenter,1
Arbeidsbil,1
Veilede lærlinger,1
Veilysanlegg,1
Veitransport,1
Veglov,1
Vegnormal,1
Vegteknolog,1
Vegteknologi,1
Vegvedlikehold,1
Vei og anlegg,1
Vei og utemiljø,1
Veiadministrasjon,1
Veiarbeider,1
Veibygging,1
Vedlikeholdskoordinator,1
Vedlikeholdsmekaniker,1
Arbeidsplanlegger,1
Velferdssystemet,1
Velferdsviter,1
Venteliste,1
Ventelisteforvaltning,1
Hjelpetrener,1
Hjeminnredning,1
Hjemlevering,1
Hjemmeassistent,1
Herreklipp,1
Herøya,1
Forskningsarbeid,1
Forskningsdata,1
Forskningsingeniør,1
Veiforvaltning,1
Veikoordinator,1
Veilede ansatte,1
Arbeidsgiverprofilering,1
Arbeidshelse,1
Applikasjonsingeniør,1
Ventilasjonsrens,1
Ventiler,1
Ventilingeniør,1
Verdensarv,1
Verdipapir,1
Verdipapirer,1
Verdipapirregistrering,1
Verditakst,1
Verditransport,1
Vektertjeneste,1
Vektkontroll,1
Velferdsfag,1
Velferdsforvaltning,1
Forskningsrådgivning,1
Vertshus,1
Verdsettelse,1
Verftsindustri,1
Verifisering,1
Verksemdsleiar,1
Verkstedarbeider,1
Verkstedplanlegger,1
Verkstedsformann,1
Verktøymaker,1
Ventemerd,1
Ventil,1
Arbeidsdrift,1
Arbeidsforberedende trening,1
Arbeidsgiveransvar,1
Arbeidsgiverpolitikk,1
Verneingeniør,1
Vernepleiar,1
Vernepleiestudent,1
Vernet botilbud,1
Vernfilosofi,1
Forskningsinstitutt,1
Forskningskoordinator,1
Forretningstjenester,1
Hestekunnskap,1
Himling,1
Historiske bygninger,1
Hjelpe andre,1
Hjelpeapparat,1
Hjelpearbeid,1
Hjelpebehov,1
Helseteknologi,1
Apputvikler,1
Aquakultur,1
Arbeid på vei,1
Antibiotikaresistens,1
Antihvitvask,1
Antikorrupsjon,1
Vestibulær fysioterapi,1
Veterinærmedisin,1
Vevemaskinmekaniker,1
Videojournalist,1
Videoprodusent,1
Videoredigering,1
Videoteknologi,1
Vern- og kontrollanlegg,1
Vernearbeid,1
Verneassistent,1
Vesker,1
Vessel,1
Applikasjonskonsulent,1
Applikasjonsmigrering,1
Applikasjonstekniker,1
Forsvarer,1
Forsvarsbygg,1
Forsvarsdepartementet,1
Forsvarssektoren,1
Forskingsrådgjevar,1
Helsevern,1
Helsevurdering,1
Heltidsjobb,1
Hemodialyse,1
Helseomsorg,1
Helseparken,1
Vinterberedskap,1
Vintersesong,1
Vinylbelegg,1
Vippe,1
Vippeextensions,1
Vippeløft,1
Videreutdanning,1
Vigsel,1
Vikarlege,1
Villrein,1
Viltforedling,1
Viltforvaltning,1
Viltmottak,1
Vindkraft,1
Vindusbytte,1
Vindusskift,1
App,1
Appanalyse,1
Application Manager,1
Annonseproduksjon,1
Ansiktsbehandling,1
Virksomhetscontroller,1
Virologi,1
Virtuelle arbeidsflater,1
Virtuelle systemer,1
Visittarbeid,1
Visma GAT,1
Visma Gat,1
Vinkunnskap,1
Vinmonopol,1
Vinservice,1
Vinteraktiviteter,1
Anvendt matematikk,1
Anvendt mekanikk,1
Apoteker,1
Apotektekniker,1
Helseprosjekt,1
Helseregister,1
Helserett,1
Helserådgiver,1
Helsesekretærfag,1
Helseindustri,1
Forsyningsanlegg,1
Forsyningskonsulent,1
Forsyningssikkerhet,1
Forsøksarbeid,1
Fortoller,1
Apotekutsalg,1
Vogntog,1
Vogntogsjåfør,1
Voksen,1
Voksenoppfølging,1
Voksenpsykologi,1
Voksing,1
Visma Profil,1
Visual Merchandiser,1
Visuell formidling,1
Vitenskapelig analyse,1
Vitenskapelig kommunikasjon,1
Vitenskapelig medarbeider,1
Vipper,1
Virksomhetsapplikasjoner,1
Antistoff,1
Antropologi,1
Anleggsleir,1
Voldsalarm,1
Voldsarbeid,1
Voldsrisiko,1
Voldsrisikovurdering,1
Voldssaker,1
Voss,1
Vue,1
Vue.js,1
Vurdering av sårbarheter,1
Vurderingskompetanse,1
Vitenskapelig rapportering,1
Vitenskaps- og teknologistudier,1
Vitenskapsstudier,1
Vitnebeskyttelse,1
Vitnestøtte,1
Volds- og overgrepshåndtering,1
Ansvarlig salg,1
Ansvarlig søker,1
Ansvarsbevisst,1
Ansvarsfull,1
Forum,1
Forvalter,1
Forskningsprosjekter,1
Helseinnovasjon,1
Helsejuss,1
Helsekartlegging,1
Helsekjøkken,1
Helsekompetanse,1
Ansvarsrolle,1
Ansys,1
Anleggsfag,1
Windows Server,1
Windows server,1
Windows-plattform,1
Windows-server,1
Våpen,1
Våpenteknikk,1
Våpenvedlikehold,1
Vårfeiing,1
Våtlakkering,1
Våtromsarbeid,1
Våtromsbygger,1
Værvarsling,1
Walking Floor,1
Warehouse Manager,1
Voksne og eldre,1
Vold mot barn,1
Webansvarlig,1
Webhandel,1
Helsefaglig kompetanse,1
Helsefellesskap,1
Helseforsikring,1
Helsefremming,1
Helse-IT,1
Helseanalyse,1
Fossegrenda,1
Fosterhjemsveileder,1
Fotballtrener,1
Websak,1
Well design,1
Wellness,1
Whisky,1
Winback,1
accounts payable,1
adgangskontroll,1
administrasjonskonsulent,1
administrerende direktør,1
agil prosjektledelse,1
Wireline,1
Wok,1
Workshop fasilitering,1
X-ray karakterisering,1
XR,1
XRD,1
Yrkesdykker,1
Yrkesfag,1
Yrkesfiske,1
Yrkesfører,1
WebSak,1
ambulansekoordinering,1
analyser,1
analytiker,1
Yrkeskompetansebevis,1
Yrkessjåførkompetanse,1
Anleggsmaskinreparatør,1
Anleggsoppfølging,1
Anleggsplass,1
Anleggsrørlegger,1
Anleggsteknikk,1
Anleggsutstyr,1
Android utvikler,1
Andøya Space,1
Yrkestransport,1
Yrkesveiledning,1
Zipline,1
ansettelse,1
anskaffelser,1
applikasjonsledelse,1
arbeid med barn,1
arbeidsavtaler,1
arbeidsgiverstøtte,1
arbeidshelse,1
arbeidsinkludering,1
akademisk,1
akademisk skriving,1
aktiv,1
aktivitetshjelper,1
aktivitetsleder,1
aktivitetsvenn,1
algoritmer,1
ambulansearbeider,1
atferdsøkonomi,1
automasjon,1
annonsering,1
ansattgoder,1
Forsvarssystem,1
Helsearbeiderfag,1
Helseattest,1
Helseavdeling,1
Helsebemanning,1
Helsebransjen,1
Helse og mestring,1
Helse og sosial,1
Helse og sosialfag,1
Franchisetaker,1
Fraværshåndtering,1
ansattoppfølging,1
Anleggsdokumentasjon,1
Anleggsdrift,1
Analyser,1
Analysering,1
Analyseutstyr,1
bachelor elektro,1
backup,1
barne- og ungdomsarbeid,1
barnegruppe,1
arbeidsmarked,1
arbeidsmiljøutvalg,1
arbeidsrettet tiltak,1
arbeidstid,1
arbeidstidsplanlegging,1
arrangement,1
assistentbolig,1
Helse- og omsorgslovgivning,1
Helse- og omsorgssektoren,1
beredskapsplanlegger,1
beslutningsstøtte,1
beslutningsvitenskap,1
betalingsløsninger,1
bibliotek,1
bilderedigering,1
bioteknologi,1
autorisasjon,1
avdelingsdirektør,1
avtalehåndtering,1
avvikshåndtering,1
Angstbehandling,1
Animatør,1
Ankomstsenter,1
budsjettering,1
bup,1
bedriftssykepleier,1
belønning,1
benchmarking,1
Fremdriftsplan,1
Fremmedstoffer,1
Fres,1
Fresing,1
Frilanser,1
Frilansjournalist,1
Forvaltningsinformatiker,1
Forvaltningsinformatikk,1
Forvaltningsjurist,1
Forvaltningslov,1
Helse og velferd,1
Amfi,1
Ammekurs,1
bygg og miljøteknikk,1
byggeledelse,1
byggeprosjekt,1
byggeteknikk,1
byggforvaltning,1
byggteknikk,1
callsenter,1
click and collect,1
bokhandel,1
booking,1
bpa,1
bredbånd,1
brukeradministrasjon,1
brukergrensesnitt,1
dagligvare,1
dans,1
data engineering,1
dataansvarlig,1
databehandling,1
business controlling,1
butikkledelse,1
Analytics,1
Analytiske evner,1
Anbudsansvarlig,1
Anbudsprosess,1
Anbudsprosesser,1
Anbudsregning,1
Andakt,1
Android,1
Ambulerende vakthold,1
commissioning,1
controlling,1
Helse- og omsorgstjeneste,1
Helse- og omsorgstjenesteloven,1
Helse- og oppvekst,1
Helfo,1
Helg,1
Helgeassistent,1
Helgevikar,1
Helhetlig pleie,1
Helikopterterminal,1
Helpdesk,1
Havnesikring,1
Havneterminal,1
Head Chef,1
Headhunter,1
digital tjenesteutvikling,1
digitale løsninger,1
dimensjonering,1
dirigent,1
doktorgradsstipendiat,1
dokumentstyring,1
datainnsamling,1
datavitenskap,1
deltid,1
demokrati,1
designer,1
devops,1
diabetes,1
digital administrasjon,1
digital annonsering,1
cloud engineer,1
digital produktutvikling,1
digital samhandling,1
Heidenhain,1
Heimdal,1
Heis,1
Heisfører,1
Heisvakt,1
Hekling,1
Heldøgns omsorg,1
Heldøgns tjenester,1
Heldøgnsomsorg,1
Handelspolitikk,1
Handelssamsvar,1
Handling,1
Handterapi,1
Handy,1
epilepsi,1
ergonomi,1
ergoterapeut,1
etniske relasjoner,1
etterlevelse,1
dreiebenk,1
drift av IT-systemer,1
driftsansvar,1
driftsmiljø,1
e-handel,1
e-postmarkedsføring,1
eiendom,1
eksperimentelt arbeid,1
eldreomsorg,1
elektrisk,1
digital helse,1
familieveiledning,1
Hardware Asset Management,1
Hatkriminalitet,1
Hav,1
Havfysikk,1
Havnearbeid,1
HR-teknologi,1
HR-utvikling,1
HRIS,1
Friomsorg,1
Frisklivskoordinator,1
fartøyinnleie,1
elektriske systemer,1
elektronisk sikring,1
embedded,1
energiinformatikk,1
finansiell modellering,1
finansiell rapportering,1
finansiell styring,1
finansrådgiver,1
fjøsstell,1
fluiddynamikk,1
fluidmekanikk,1
flyplass,1
flyvedlikehold,1
etterretning,1
evaluering,1
event,1
evolusjonsbiologi,1
fagforening,1
fagskoleingeniør,1
familieassistent,1
formidling,1
formuesforvaltning,1
fornybar energi,1
forretningsapplikasjoner,1
fasilitetsdrift,1
ferskvannsfisk,1
Ammeveiledning,1
Analog fotografi,1
Analysehydrolog,1
Analyseingeniør,1
Analyseinstrumenter,1
Analysemetoder,1
Analyseplattform,1
Ambulansefagarbeider,1
Ambulansepersonell,1
Ambulansetjeneste,1
fondsforvaltning,1
forbedringsprosesser,1
forebyggende helse,1
Frisklivsveileder,1
Frisørbehandling,1
HW-utvikling,1
Haakonsvern,1
Hagemaskiner,1
Hagemøbler,1
Hagestell,1
HR-arbeid,1
HR-avdeling,1
HR-direktør,1
foreldrerådgivning,1
forhandlinger,1
formelle metoder,1
fysioterapeut,1
fysioterapi,1
fysisk assistanse,1
følge,1
genetisk ingeniør,1
genomikk,1
forretningsførsel,1
forretningskontinuitet,1
forskningsarbeid,1
forsvaret,1
forvaltning,1
foto,1
fotokatalyse,1
fresemaskin,1
friluftsliv,1
flåteoptimalisering,1
helseforskning,1
helseinformatikk,1
HR-jurist,1
HR-medarbeider,1
HR-partner,1
HMS-arbeid,1
HMS-medarbeider,1
Fritidskoordinator,1
Frivillig organisasjon,1
helserelaterte oppgaver,1
fritidsaktiviteter,1
frivillig sektor,1
fundraising,1
funksjonsassistent,1
funksjonsnedsettelse,1
fysikk,1
hjelpemiddeltekniker,1
hjelpeyrke,1
gruppeleder,1
gruve,1
handel,1
Ambulant oppfølging,1
Ambulant tjenester,1
Ambulant virksomhet,1
Ambulerende renholder,1
Ambulerende sykepleier,1
Alpinsenter,1
Alpint,1
Alpintrener,1
Alta,1
helg,1
helsearbeid,1
HR-ansvarlig,1
Ambassadør,1
Ambulansebåt,1
Ambulansefag,1
Alderspensjon,1
Algoritmer,1
hjemmet,1
hospitality,1
humanitært arbeid,1
hundestell,1
hvitvasking,1
helsevesen,1
hendelseshåndtering,1
hest,1
hjelp i hjemmet,1
hjelpearbeid,1
Alta kirke,1
Alternativ opplæring,1
Alternativ transport,1
Altinn,1
Alvorlig kriminalitet,1
Frivillighetskoordinering,1
Frilek,1
Friluft,1
Friluftsarbeid,1
Friluftsavdeling,1
HPLC,1
HR Manager,1
HR leder,1
HR manager,1
HR seniorrådgiver,1
HR-administrator,1
inspeksjon,1
inspektør,1
installasjon,1
hybride IT-miljøer,1
hydraulikk,1
iOS,1
identitetsforvaltning,1
industriell teknologi,1
industrisalg,1
influencer marketing,1
informasjonsanalyse,1
informasjonsinnhenting,1
informasjonssystemer,1
hjemmeassistent,1
hjemmebasert arbeid,1
hjemmebaserte tjenester,1
internasjonal migrasjon,1
internasjonalt arbeid,1
internasjonalt samarbeid,1
internett,1
internkommunikasjon,1
internrevisjon,1
intervjuer,1
intimhygiene,1
investor,1
infrastruktur som kode,1
ingeniørledelse,1
inkludering,1
innbruddsalarm,1
innholdsstrategi,1
innkjøpsleder,1
innsamling,1
kiosk,1
kirke,1
kirkelig arbeid,1
kirurg,1
Gårdsbarnehage,1
HDO,1
HESS,1
HEVE,1
HLR,1
Grøntarbeid,1
Grøntdrift,1
Frokostlevering,1
integrert logistikkstøtte,1
interessenthåndtering,1
interimledelse,1
internasjonal erfaring,1
Allrounder,1
Alpinanlegg,1
kommunal sektor,1
kommunalteknikk,1
kommunehelsetjeneste,1
kompetansekartlegging,1
kompetansesenter,1
komponist,1
konferanse,1
juss og teknologi,1
kampanje,1
kapitalforvaltning,1
kapitalinnhenting,1
karriereveiledning,1
kartlegging,1
kausal inferens,1
Gulvvask,1
kontorleder,1
kontrakt,1
kontraktsforhandling,1
kontraktsforvaltning,1
kontraktsledelse,1
kontroll,1
kontrollsystem,1
kjemi,1
kjernefysikk,1
klassifisering,1
klientplattform,1
Aligners,1
Alkoholservering,1
Allmenn tannlegekontor,1
Allmentannlege,1
konsernregnskap,1
konstruksjon,1
kontantstrøm,1
kontinuerlig forbedring,1
Frokostvakt,1
Front Desk,1
Front Office Supervisor,1
Front office,1
Frontend-utvikler,1
Frontendutvikling,1
Fritidsassistent,1
Fritidsgruppe,1
Gründer,1
Gulvbehandling,1
Gulvbelegg,1
Gulvsparkling,1
Akvamedisin,1
Alarmhåndtering,1
Aldersinstitusjon,1
kunstnerisk praksis,1
kursinstruktør,1
laboratoriearbeid,1
laboratoriebygg,1
koreografi,1
kostnadskontroll,1
kostnadsoptimalisering,1
kulturkompetanse,1
kundeansvarlig,1
kundekonsulent,1
kundeopptak,1
kundereise,1
kunnskapsrepresentasjon,1
kunstfag,1
kunstformidling,1
Akuttsenter,1
Akuttsykehus,1
Akuttsykepleier,1
Gulvvedlikehold,1
Gruppekoordinering,1
Gruppereiser,1
Gruppetime,1
Gruppeveiledning,1
Grøftearbeid,1
Grønne sertifiseringer,1
Grønnsakshage,1
Grossistansvarlig,1
Group Controller,1
Grov vold,1
lønnsforhandlinger,1
maritim industri,1
maritim teknologi,1
maritimt materiell,1
marketing automation,1
lager,1
lagringsteknologi,1
lastebilsjåfør,1
ledererfaring,1
ledergruppe,1
lederstilling,1
ledsager,1
lege,1
legesenter,1
kunst,1
kunstakademi,1
maskinvare,1
master elektro,1
materialteknologi,1
materialvitenskap,1
mattrygghet,1
mechatronics,1
media,1
mediebransje,1
medisinhåndtering,1
medisinsk oppfølging,1
medisinsk utstyr,1
livreddende førstehjelp,1
lokasjonsdrift,1
luftfart,1
læring,1
lønnsforhandling,1
migrasjon,1
mikrobiologi,1
mobilapplikasjon,1
Grunnavtale,1
Grunnborer,1
Grunnforvalter,1
Gruppeinstruktør,1
Graviditet,1
Gravidoppfølging,1
Fryselager,1
Fuktmekanikk,1
Fuktteknikk,1
museum,1
musikk,1
måleteknikk,1
maskinoperatør,1
nødtelefon,1
oFlow,1
offentlig administrasjon,1
medisinsk vurdering,1
medisinske oppgaver,1
mekanikk,1
menighet,1
Akutt sykdom,1
Akutt team,1
Akuttbehandling,1
Akutte tjenester,1
Akutteam,1
Akutthjelp,1
Akuttilbud,1
Aktivitetsbasert behandling,1
merkevarebygging,1
operasjonssentral,1
operativ leder,1
operatørselskap,1
oppdragsledelse,1
oppdragsleder,1
oppdrettsanlegg,1
oppfølging,1
opplæringsansvarlig,1
møtekoordinering,1
møterom,1
nanostrukturering,1
nanoteknologi,1
numerisk modellering,1
næringsmiddel,1
næringsmiddelindustri,1
nødsentral,1
Akademisk leder,1
Akademisk skriving,1
Akademisk stilling,1
oversettelse,1
overvannshåndtering,1
overvåkningsanlegg,1
paramedisiner,1
parkeringsanlegg,1
pasientadministrasjon,1
pasientbehandling,1
pasientjournal,1
pedagogikk,1
olje og gass,1
open source,1
opera,1
operasjonell utvikling,1
Aktivitetsguide,1
Aktivitetsledelse,1
Aktivitetsledsager,1
Fullmektig,1
Fullstack-utvikler,1
Fulltid,1
Fundament,1
Frokostforberedelse,1
Gravlund,1
Gressklipping,1
Grillekspert,1
Grilling,1
Grillkokk,1
Grillmat,1
Grossist,1
Aktivitetsvenn,1
petroleumsingeniør,1
ph.d.,1
pipeline,1
planverk,1
plattformutvikler,1
penetrasjonstesting,1
pensjon,1
performance,1
personaldata,1
personalisering,1
personalleder,1
personalpolitikk,1
personalrådgiver,1
personellforvaltning,1
ordrebehandling,1
Aktivitetsgrupper,1
Afasi,1
Aferese,1
Aftenvakt,1
After Effects,1
politikkutvikling,1
politisk analyse,1
politisk filosofi,1
porteføljestyring,1
praktisk hjelp,1
pris,1
prisarbeid,1
prissetting,1
privat hjem,1
personellsikkerhet,1
personlig assistanse,1
petroleum,1
Aksjeforvaltning,1
Grafiker,1
Grafisk formgiver,1
Grafisk materiell,1
GrandMA3,1
Granskning,1
Gravering,1
Gravferd,1
GoLang,1
Godshåndtering,1
Godskjøring,1
Godslevering,1
Godsmottak,1
Aksjonsleder,1
Aktiv,1
Aktivitet,1
prosjektoppfølging,1
prosjektutvikling,1
reaktorsimulering,1
redaktør,1
produksjonsindustri,1
produksjonsplanlegger,1
produktansvarlig,1
produktledelse,1
profesjonelle systemer,1
prosessanlegg,1
prosessindustri,1
prosessingeniør,1
plettfri vandelsattest,1
politi,1
politikk,1
Akrylnegler,1
rekrutteringsrådgiver,1
Godteri,1
Godteributikk,1
Google,1
Google Analytics,1
Google Cloud Platform,1
Gradert informasjon,1
Gjestemottak,1
Gjestesenter,1
Funkas-assistent,1
Funksjonell konsulent,1
Funksjonsassistanse,1
Funksjonshemmet,1
rengjøring,1
prosjektkoordinator,1
prosjektkoordinering,1
rutiner,1
rådgivende ingeniør elektro,1
rederi,1
regelverk,1
regiment,1
regissør,1
Agile,1
Agronomi,1
Airbnb,1
Airbus,1
Akademi,1
Akademisk forskning,1
Administrativt ansvar,1
regjeringskvartalet,1
reise,1
rekrutteringsprosess,1
rørinstallasjon,1
sakkyndig vurdering,1
sakshåndtering,1
salgskoordinator,1
salgsleder,1
salgstekst,1
samfunnsinfrastruktur,1
samfunnsliv,1
samisk,1
samtale,1
researcher,1
ressursstyring,1
restaurantarbeid,1
resultatansvar,1
rettsvitenskap,1
rullestol,1
selskapsrett,1
selvstendig arbeid,1
sentraladministrasjon,1
Funksjonskartlegging,1
Funksjonsleder,1
Funksjonsmangfold,1
Frosio,1
Frukt,1
Fruktavdeling,1
Gjestevert,1
Gjærbakst,1
Gjødsel,1
Gjødselproduksjon,1
Glassarbeider,1
Glassmester,1
Globalt samarbeid,1
shipping,1
sikker jobb analyse,1
Glomfjord Industripark,1
Gevinststyring,1
Gips,1
Giverassistent,1
Gjeld,1
Gjeldsrådgiver,1
Gjeldsrådgivning,1
Gjestehåndtering,1
Geografisk analyse,1
sikkerhetsledelse,1
samtidskunst,1
sanger,1
sanksjoner,1
sedimentær DNA,1
skatt,1
skipsbygging,1
skole-kirke samarbeid,1
serverplattform,1
serviceingeniør,1
Adobe Creative Suite,1
Adobe InDesign,1
Advocacy,1
Advokatassistent,1
Additiv produksjon,1
Adferdshåndtering,1
serviceinnstilling,1
serviceinnstilt,1
servicemedarbeider,1
servicesenter,1
shared services,1
sikkerhetssystemer,1
sikring,1
sikringsstyring,1
Geografiske informasjonssystemer,1
Geomatikker,1
Geriatrisk sykepleier,1
Gelénegler,1
Gemmolog,1
Fyllingsdam,1
Fysiker,1
Fysio,1
site management,1
sivilingeniør,1
sjukepleier,1
sjømat,1
sjømatnæring,1
statlig forvaltning,1
stillingsklassifisering,1
skolefritidsordning,1
skolehenting,1
skribent,1
sky,1
skyarkitekt,1
skytjenester,1
sluttbrukersupport,1
smidig metodikk,1
småbruk,1
software,1
sosial jobb,1
sosial støtte,1
sikkerhetsloven,1
sikkerhetsrådgiver,1
strategisk salg,1
strategisk sikkerhet,1
strukturinspeksjon,1
strømnett,1
studentmedarbeider,1
supply chain,1
support,1
surgisk leder,1
sykefravær,1
sosialantropologi,1
sosialt arbeid,1
spesialkonsulent,1
spesialpedagogikk,1
spillteori,1
statikk,1
statlig,1
Gassferje,1
Gassinstallasjon,1
Administrasjonsrådgiver,1
Administrativ konsulent,1
Administrativ rådgiver,1
APSD,1
ASK-kompetanse,1
syntetisk biologi,1
systemansvarlig,1
systemarkitektur,1
systematisk HMS-arbeid,1
systemdesign,1
systemeier,1
systemforståelse,1
systemingeniør,1
strategisk rådgivning,1
sykehusbygg,1
sykling,1
synstolking,1
Administrasjonsassistent,1
Administrasjonsbygg,1
Fysioterapistudent,1
Fundamentarbeider,1
Fundamentering,1
Genesys Cloud,1
Genetisk ingeniørarbeid,1
Genomikk,1
Geodataingeniør,1
Geodesi,1
Geofarer,1
Geofysiker,1
Gartneri,1
teknisk forståelse,1
teknisk infrastruktur,1
teknisk kontroll,1
teknisk koordinering,1
teknisk produksjon,1
teknisk rådgivning,1
teknisk sikkerhet,1
teknologidirektør,1
teknologisjef,1
talent acquisition,1
tariff,1
teater,1
tegnspråk,1
teknisk arbeid,1
teknisk design,1
teknisk fagskole,1
tjenesteutvikling,1
toaletthjelp,1
traumekirurgi,1
Gastrobar,1
Gastroenterologi,1
Gastrolab,1
Gatelys,1
Gaveartikler,1
Gaveinnpakning,1
Geit,1
GRFS,1
GRP,1
Gaffeltruck,1
Fôrflåte,1
Fôring,1
Företagsrådgivare,1
utvikler,1
utviklingshemming,1
telefonvakt,1
telekom,1
teoretisk informatikk,1
testledelse,1
ATPL,1
ATV,1
AUV,1
AV-utstyr,1
Abonnementssalg,1
Accounting Manager,1
AI utvikler,1
AI-leder,1
tilberedning av mat,1
tilskuddsordning,1
Fødepoliklinikk,1
Fødselsforberedelse,1
Fødselslege,1
Fødselsomsorg,1
Fylkeshus,1
Galleri,1
Galvanisering,1
Game-master,1
Gamingvert,1
Garanti,1
Garasje,1
Gardermoen,1
Garnison,1
undervisningsassistent,1
utredning,1
utstyrsforvaltning,1
workplace,1
workshop,1
À la carte kokk,1
Ågotnes,1
Årsrapport,1
utviklingsstudier,1
vaksinering,1
varetelling,1
varsling,1
vedlikeholdsplan,1
veileder,1
verdikjede,1
verifikasjon,1
trosopplæring,1
tur,1
turnus,1
vernerunde,1
Førstelektor,1
Førtrykk,1
G8,1
G8 kranførerbevis,1
GAT-system,1
GMDSS,1
GNSS,1
Følge til behandling,1
Følge til møter,1
Følgetjeneste,1
Førerbevis,1
videregående skole,1
vitenskapelig arbeid,1
vitenskapelig databehandling,1
webdesign,1
årsregnskap,1
Økonomisk sosialhjelp,1
.Net,1
Økonomisk vurdering,1
3D konstruksjon,1
3D modellering,1
ABB,1
Øyelegeassistent,1
Økonomiprosesser,1
Økonomirapportering,1
Økonomireglement,1
Økonomisk ansvar,1
Økonomisk kompetanse,1
Åsane Storsenter,1
Æresrelatert kriminalitet,1
Én-til-én-oppfølging,1
5S,1
A-lis,1
ABAP,1
Økonomikontor,1
Økonomimodellering,1
ADK1,1
AFR-autorisasjon,1
AFT-veileder,1
AGV-fører,1
AI Engineer,1
AI Governance,1
AI konsulent,1
Øye,1
2. linje support,1
24SevenOffice,1
Øyelegekontor,1
