conceptType,conceptUri,preferredLabel,status,skillType,reuseLevel,altLabels,description,broaderConceptUri,broaderConceptPT
KnowledgeSkillCompetence,http://data.europa.eu/esco/skill/000f1d3d-220f-4789-9c0a-cc742521fb02,Haskell,released,knowledge,sector-specific,,"Teknikker og prinsipper for utvikling av programvare, som analyse, algoritmer, koding, testing og kompilering av programmer i Haskell.",http://data.europa.eu/esco/skill/21d2f96d-35f7-4e3f-9745-c533d2dd6e97 | http://data.europa.eu/esco/isced-f/0613,dataprogrammering | utvikling og analyse av programvare og dataprogrammer
KnowledgeSkillCompetence,http://data.europa.eu/esco/skill/00c04e40-35ea-4ed1-824c-82f936c8f876,Inkrementell utvikling,released,knowledge,sector-specific,,Den inkrementelle utviklingsmodellen er en metode for utforming av programvaresystemer og -programmer.,http://data.europa.eu/esco/skill/bec4359e-cb92-468f-a997-8fb28e32fba9 | http://data.europa.eu/esco/isced-f/0613,Metoder innen IKT-prosjektledelse | utvikling og analyse av programvare og dataprogrammer
KnowledgeSkillCompetence,http://data.europa.eu/esco/skill/013441c1-1f13-47e9-80c4-9a53e8e1bc05,KDevelop,released,knowledge,sector-specific,,"Dataprogrammet KDevelop er en samling av verktøy for programvareutvikling, som brukes til programmering, f.eks. kompilator, debugger, koderedigeringsprogram og kodeuthever, satt sammen i et enhetlig brukergrensesnitt. Det er utviklet av programvaresamfunnet KDE.",http://data.europa.eu/esco/skill/925463a7-d51f-4d5b-9f79-4d28cf30acde | http://data.europa.eu/esco/isced-f/0612,integrert utviklingsmiljøprogramvare | utvikling og administrasjon av databaser og datanett
KnowledgeSkillCompetence,http://data.europa.eu/esco/skill/0189f448-179e-47cc-9716-c5c3ac4b1aec,Absorb (læringsstyringssystemer),released,knowledge,sector-specific,,"Læringssystemet Absorb er en e-læringsplattform for å skape, administrere og levere e-læringskurs eller opplæringsprogrammer for videregående opplæring.",http://data.europa.eu/esco/skill/6c80d53c-d8c9-41fe-998f-091fca208834 | http://data.europa.eu/esco/isced-f/0612,læringsstyringssystemer | utvikling og administrasjon av databaser og datanett
KnowledgeSkillCompetence,http://data.europa.eu/esco/skill/01d269d9-b058-4d6c-82a0-3779af9a124b,utvikle innovative blokkjedearkitekturer,released,skill/competence,cross-sector,bygge innovative blockchain-arkitekturer | bygg innovative blockchain-arkitekturer,"Utvikle nye blokkjedearkitekturer som adresserer egenskaper og prioriteringer ettersom de er nødvendige for spesifikke bruksområder. Argumentere fordelene og mangler ved slike nye arkitekturer med hensyn til eksisterende.
	",http://data.europa.eu/esco/skill/b590d4e5-7c62-4b4a-abc2-c270b482e0ce,designe it-system eller -programvare
KnowledgeSkillCompetence,http://data.europa.eu/esco/skill/02058de6-4b98-449f-8a45-8588b0eb2446,nettverksteknikk,released,knowledge,sector-specific,nettverksarkitektur,"Underfeltet av datateknologi som handler om å administrere tilkoblingen til nettverk gjennom data, tale, samtaler og trådløse nettverkstjenester.
	",http://data.europa.eu/esco/skill/ddc3119d-1d6e-4324-9125-a3380d299ac5 | http://data.europa.eu/esco/isced-f/0714,datateknologi | elektronikk og automasjon
KnowledgeSkillCompetence,http://data.europa.eu/esco/skill/020918ef-4b55-47c1-8430-ab7b8f6a7377,flytte eksisterende data,released,skill/competence,sector-specific,,Anvende metoder for migrasjon og konvertering av eksisterende data for å overføre eller konvertere data mellom formater eller lagrings- eller datasystemer.,http://data.europa.eu/esco/skill/6a7fc30d-af16-4cc5-a957-29d174bdb61c,"innhente, forvalte og lagre data"
KnowledgeSkillCompetence,http://data.europa.eu/esco/skill/022dc430-872a-473a-9cf4-fed4895e58ad,definere fysisk databasestruktur,released,skill/competence,sector-specific,,"Angi den fysiske konfigurasjonen til databasefiler på et gitt medium. Dette består av detaljerte spesifikasjoner for indekseringsalternativer, datatyper og dataelementer som er plassert i datakatalogen.",http://data.europa.eu/esco/skill/6a7fc30d-af16-4cc5-a957-29d174bdb61c,"innhente, forvalte og lagre data"
KnowledgeSkillCompetence,http://data.europa.eu/esco/skill/024037ca-96a9-4cb8-ba86-2cd5a209c90a,Maltego,released,knowledge,sector-specific,,"Maltego-plattformen er et rettsteknisk program som bruker datautvinning for å gi en oversikt over organisasjoners miljø, avdekke sikkerhetssvakheter i systemet som kan gi uvedkommende tilgang og vise kompleksiteten ved feil i infrastrukturen.",http://data.europa.eu/esco/isced-f/0613 | http://data.europa.eu/esco/skill/de586dcf-d7e5-4340-bf5b-d59026f1b436,utvikling og analyse av programvare og dataprogrammer | verktøy for penetrasjonstesting
KnowledgeSkillCompetence,http://data.europa.eu/esco/skill/0256f6b0-f4a9-4c5e-9cfd-96d58a2a70fe,betjene radioutstyr,released,skill/competence,cross-sector,,"Konfigurere og betjene radioinnretninger og tilbehør, for eksempel kringkastingskonsoller, forsterkere og mikrofoner. Forstå det grunnleggende i radiooperatørspråket og, om nødvendig, gi instruksjoner om riktig håndtering av radioutstyr.",http://data.europa.eu/esco/skill/9bafaea2-76cd-4532-ab77-8b3d21fa6235 | http://data.europa.eu/esco/skill/0a88a13f-693a-4dde-b44c-22e6f98fabc6,koordinere ekstern kommunikasjon | betjene kommunikasjonsutstyr
KnowledgeSkillCompetence,http://data.europa.eu/esco/skill/034c29fa-c3ba-45ea-b8f3-bf8e3705e386,Erlang,released,knowledge,sector-specific,,"Teknikkene og prinsippene for utvikling av programvare, f.eks. analyse, algoritmer, koding, testing og kompilering av programmer i Erlang.",http://data.europa.eu/esco/skill/21d2f96d-35f7-4e3f-9745-c533d2dd6e97 | http://data.europa.eu/esco/isced-f/0613,dataprogrammering | utvikling og analyse av programvare og dataprogrammer
KnowledgeSkillCompetence,http://data.europa.eu/esco/skill/03a74eee-2dc6-4147-8667-5cdeb65f122d,administrere IKT-dataklassifisering,released,skill/competence,sector-specific,,Ha oppsyn med klassifiseringssystemet en organisasjon bruker til å organisere sine data. Tildele en eier til hvert databegrep eller parti av konsepter og fastsette verdien for hvert enkelt dataelement.,http://data.europa.eu/esco/skill/4d85b881-e490-4b4c-897a-2faa4ef53956 | http://data.europa.eu/esco/skill/6a7fc30d-af16-4cc5-a957-29d174bdb61c,"administrere IKT-dataarkitektur | innhente, forvalte og lagre data"
KnowledgeSkillCompetence,http://data.europa.eu/esco/skill/03ff0d53-573a-47a0-a0ad-1995815a4339,informasjonsstruktur,released,knowledge,sector-specific,,"Typen infrastruktur som definerer dataformatet: halvstrukturert, ustrukturert eller strukturert.",http://data.europa.eu/esco/isced-f/0612,utvikling og administrasjon av databaser og datanett
KnowledgeSkillCompetence,http://data.europa.eu/esco/skill/04473991-161d-46db-8684-0d5ed6cb6c66,administre midlertidige IKT-nettverk for opptredener foran publikum,released,skill/competence,occupation-specific,,"Administrere oppsett av nettverk for distribusjon av kontrollsignaler i forbindelse med forestillinger og arrangementer. Koordinere med de forskjellige brukerne. Bestemme og setter opp utstyr, kabler, tilkoblinger og enheter. Konfigurere, teste og overvåke utstyr og ytelse for nettverket. Kontrollsignaler inkluderer for eksempel DMX, RDM, MIDI, tidskode, sporings- og posisjoneringsdata, samt lyd-, video- og posisjoneringssignaler.
	",http://data.europa.eu/esco/skill/f839b1da-78b6-4466-86f4-a5798821ea20,sette opp datasystem
KnowledgeSkillCompetence,http://data.europa.eu/esco/skill/0458f6a0-cb54-4ff5-a543-b2c5354e17c0,holde tritt med digital omforming av industrielle prosesser,released,skill/competence,sector-specific,,Holde tritt med digitale innovasjoner som kan brukes på industrielle prosesser. Integrere disse transformasjonene i selskapets prosesser med sikte på å lage konkurransedyktige og lønnsomme forretningsmodeller.,http://data.europa.eu/esco/skill/e2a5e046-3357-493e-bbdc-8d0ef82005cc,overvåking av utviklingen innen kompetanseområdet
KnowledgeSkillCompetence,http://data.europa.eu/esco/skill/04cf164c-d07d-49cf-a1b3-84bdbd79b5cb,sette opp kontorutstyr,released,skill/competence,occupation-specific,,"Koble kontorutstyr, for eksempel modemer, skannere og skrivere, til strømnettet og lage elektrisk forbindelse for å unngå farlige spenningsforskjeller. Teste om installasjonen fungerer slik den skal. Kontrollere innstillinger og klargjøre apparatet til bruk.",http://data.europa.eu/esco/skill/906211b3-afed-4a2b-b5e1-33f2885fee85,utføre generelle kontor- og administrasjonsoppgaver
KnowledgeSkillCompetence,http://data.europa.eu/esco/skill/04f1b938-d4d4-4cb1-a863-982af76b9d93,SAS-språk,released,knowledge,sector-specific,,"Teknikkene og prinsippene for utvikling av programvare, som analyse, algoritmer, koding, testing og kompilering av programmer i SAS-språket.",http://data.europa.eu/esco/skill/21d2f96d-35f7-4e3f-9745-c533d2dd6e97 | http://data.europa.eu/esco/skill/ad59afe4-6f8a-4bc4-acfd-0f228277508a | http://data.europa.eu/esco/isced-f/0613,dataprogrammering | systemprogramvare for statistisk analyse | utvikling og analyse av programvare og dataprogrammer
KnowledgeSkillCompetence,http://data.europa.eu/esco/skill/04fe962b-4017-4eb7-9139-7d69b6922bc9,bruke et applikasjonsspesifikt grensesnitt,released,skill/competence,sector-specific,,Forstå og bruke grensesnitt som er spesifikke for en applikasjon eller et brukstilfelle.,http://data.europa.eu/esco/skill/39499028-35bf-4d69-9275-fb98902ed88b,arbeide med datamaskiner
KnowledgeSkillCompetence,http://data.europa.eu/esco/skill/05010f6c-0b40-4525-ac4a-057d46a2b6f4,utforme elektriske systemer,released,skill/competence,cross-sector,,"Lage skisser til og designe elektriske systemer, produkter og komponenter ved bruk av programvare og utstyr med dataassistert konstruksjon (CAD). Tegne paneloppsett, elektriske skjemaer, elektriske koblingsskjemaer og andre monteringsdetaljer.",http://data.europa.eu/esco/skill/39fa260c-4f85-48e3-83ce-e292e696c233,designe elektriske eller elektroniske system eller utstyr
KnowledgeSkillCompetence,http://data.europa.eu/esco/skill/054f26ab-cfdc-4077-883c-1c4c9e9b310a,definere regler for brannmur,released,skill/competence,sector-specific,,Angi regler for å styre et sett med komponenter som tar sikte på å begrense tilgang mellom grupper av nettverk eller et bestemt nettverk og Internett.,http://data.europa.eu/esco/skill/185c56ee-098f-46a1-af87-56337085da6f,beskytte it-enheter
KnowledgeSkillCompetence,http://data.europa.eu/esco/skill/055ff233-6569-43db-9f95-a4b03dca97da,betjene lagerregistersystemer,released,skill/competence,sector-specific,,"Bruke systemer for registrering av produkt-, emballasje- og ordreinformasjon i bestemte formater og registertyper.",http://data.europa.eu/esco/skill/7afb5a64-e574-421a-bb3a-7a7bc108d2a5 | http://data.europa.eu/esco/skill/06fdd94c-292d-49e3-9c78-bbcbc2088232,utføre lageroperasjoner | vedlikeholde driftsregistre
KnowledgeSkillCompetence,http://data.europa.eu/esco/skill/05b70efb-6b80-4f04-9a25-67cd317daf37,CryEngine,released,knowledge,sector-specific,,"Spillmotoren CryEngine, som er et programvarerammeverk som består av integrerte utviklingsmiljøer og spesialiserte designverktøy, laget for raske iterasjoner av brukerbaserte dataspill.",http://data.europa.eu/esco/skill/966f2fd3-3de6-42da-b87c-da924c6d7960 | http://data.europa.eu/esco/isced-f/0211,digitale spillutviklingssystemer | audiovisuell teknikk og medieproduksjon
KnowledgeSkillCompetence,http://data.europa.eu/esco/skill/061f1c12-9811-46f7-ab3e-1d28367d6c73,bruke CAD for såler,released,skill/competence,sector-specific,,"Digitalisere og skanne lestene. Arbeide med filer i ulike CAD-systemer. Produsere 3D-modeller av såler og lage dataassisterte design i 2D. Gradere og oppnå størrelsesserien. Utarbeide tekniske spesifikasjoner for produksjon. Produsere to- og tredimensjonale dataassisterte konstruksjonsdesign og tekniske tegninger av avtrykk for vulkaniserte og injiserte såler. Eksporter filene for de virtuelle modellene til 3D-skrivere, CAM- eller CNC-systemer.",http://data.europa.eu/esco/skill/b34e2ba1-9080-48c9-9b42-ee9192a4d3f1 | http://data.europa.eu/esco/skill/b1115b14-fa16-4c1e-be6c-91fd49a1808b,bruke CAD-programvare | bruke dataassisterte design- og tegneverktøy
KnowledgeSkillCompetence,http://data.europa.eu/esco/skill/0620ecd1-e4b1-4dfa-972b-38a93e5ebd9d,lage 3D-miljøer,released,skill/competence,sector-specific,,"Utvikle en datamaskingenerert 3D-fremstilling av omgivelser som et simulert miljø, der brukerne samhandler.",http://data.europa.eu/esco/skill/f5b33464-4df9-4cf3-b468-b0a2d6b3ee85 | http://data.europa.eu/esco/skill/c34b06c4-d164-4e49-a784-89d47de42ec2,"betjene 3D-datagrafikkprogramvare | designe industrimateriale, -system eller -produkt"
KnowledgeSkillCompetence,http://data.europa.eu/esco/skill/062320e5-79d1-45e8-8b7e-5deeb53279a2,utføre elektronisk nettbasert dataanalyse,released,skill/competence,cross-sector,,"Analysere nettbaserte opplevelser og data for å forstå brukeratferd, hva som trigger oppmerksomhet på nettet, og andre faktorer som kan optimalisere utvikling og eksponering av nettsider.",http://data.europa.eu/esco/skill/2b92a5b2-6758-4ee3-9fb4-b6387a55cc8f | http://data.europa.eu/esco/skill/9af1bd12-01bd-4d6a-947b-69e64f23150a | http://data.europa.eu/esco/skill/6a7fc30d-af16-4cc5-a957-29d174bdb61c,"utføre dataanalyse | prosessere kvalitativ informasjon | innhente, forvalte og lagre data"
KnowledgeSkillCompetence,http://data.europa.eu/esco/skill/06358891-8424-43c5-891e-d40f226bef40,administrere IT-sikkerhetsbrudd,released,skill/competence,sector-specific,,"Gi veiledning i anvendelse og oppfyllelse av relevante bransjestandarder, beste praksis og juridiske krav for informasjonssikkerhet.",http://data.europa.eu/esco/skill/6a7fc30d-af16-4cc5-a957-29d174bdb61c,"innhente, forvalte og lagre data"
KnowledgeSkillCompetence,http://data.europa.eu/esco/skill/06f33d6a-f7a7-4a2b-baa5-8c3c53bd1a9c,nøkkelord i digitalt innhold,released,knowledge,sector-specific,,Digitale verktøy for å gjennomføre nøkkelordsøk. Systemene for gjenfinning av opplysninger identifiserer innholdet i et dokument basert på nøkkelord og metadata.,http://data.europa.eu/esco/isced-f/0611,bruk av datamaskiner
KnowledgeSkillCompetence,http://data.europa.eu/esco/skill/071233c4-ad2b-4f50-b79f-768d2231163e,domenenavntjeneste,released,knowledge,sector-specific,DNS-server | DNS,"Navnedatabase som tilordner domenenavn på internett til IP-adresser (Internet Protocol). Domain Name System lar internettbrukere bruke navn som nettstedstitler i stedet for å huske numeriske IP-adresser som brukes av datamaskiner for å finne et konkret nettsted
	",http://data.europa.eu/esco/isced-f/0612,utvikling og administrasjon av databaser og datanett
KnowledgeSkillCompetence,http://data.europa.eu/esco/skill/071a4197-06b3-4226-b9a1-efd15913280a,modellere medisinsk utstyr,released,skill/competence,sector-specific,,"Modellere og simulere medisinsk utstyr ved hjelp av programvare for teknisk design.
	",http://data.europa.eu/esco/skill/b1115b14-fa16-4c1e-be6c-91fd49a1808b,bruke dataassisterte design- og tegneverktøy
KnowledgeSkillCompetence,http://data.europa.eu/esco/skill/0737ad0a-75ac-4696-988b-565820577ac0,bruke erfaringskart,released,skill/competence,sector-specific,,"Undersøke alle interaksjonene og berøringspunktene folk har med et produkt, et merke eller en tjeneste. Bestemme nøkkelvariabler som varighet og frekvens for hvert berøringspunkt.",http://data.europa.eu/esco/skill/6a7fc30d-af16-4cc5-a957-29d174bdb61c,"innhente, forvalte og lagre data"
KnowledgeSkillCompetence,http://data.europa.eu/esco/skill/0764b28d-04ee-4e80-bf58-b737f02a63e0,programvare for teksting,released,knowledge,occupation-specific,,"Ulik programvare som brukes til å lage teksting og undertekster i en fil som blir slått sammen med opptakene, f.eks. Telestream og MovieCaptioners.",http://data.europa.eu/esco/isced-f/0613,utvikling og analyse av programvare og dataprogrammer
KnowledgeSkillCompetence,http://data.europa.eu/esco/skill/07884056-a07a-40b7-bba3-1ceed61f529c,signaturordninger for blokkjede,released,knowledge,sector-specific,signaturordninger for blockchain | digitale signaturordninger,"Viktige digitale signaturordninger inkluderer RSA-ordningen, El-Gamal-ordningen, Hash-funksjoner, bursdagsangrep, Digital Signature Standard.
	",http://data.europa.eu/esco/isced-f/0612,utvikling og administrasjon av databaser og datanett
KnowledgeSkillCompetence,http://data.europa.eu/esco/skill/07889c08-7220-47c8-96f7-6068fbea00dc,normalisere data,released,skill/competence,sector-specific,,"Redusere data til deres nøyaktige kjerneform (normalform) for å oppnå resultater som minimering av avhengighet, eliminering av redundans og økning av konsistens.",http://data.europa.eu/esco/skill/2daec0e6-f0c1-43e8-8178-aedba99130ec | http://data.europa.eu/esco/skill/6a7fc30d-af16-4cc5-a957-29d174bdb61c,"etablere dataprosesser | innhente, forvalte og lagre data"
KnowledgeSkillCompetence,http://data.europa.eu/esco/skill/07dd856d-6141-48a7-a228-918f88494812,lage prototype av brukererfaringsløsninger,released,skill/competence,sector-specific,,"Utforme og klargjøre modeller, prototyper og strømmer for å teste brukererfaringsløsninger (UX) eller for å samle inn tilbakemeldinger fra brukere, kunder, partnere eller interessenter.",http://data.europa.eu/esco/skill/32c017fd-28ab-4051-bf68-74de952c2f77,administrasjon av informasjon
KnowledgeSkillCompetence,http://data.europa.eu/esco/skill/07e47d58-dd0e-4302-9e68-70a188e89065,anvende organisatoriske systemretningslinjer,released,skill/competence,cross-sector,,"Anvende interne retningslinjer knyttet til utvikling, intern og ekstern bruk av teknologiske systemer, for eksempel programvaresystemer, nettverkssystemer og telekommunikasjonssystemer, for å oppnå et sett med mål og delmål for effektiv drift og vekst i en organisasjon.",http://data.europa.eu/esco/skill/72d1fa5d-1b7f-48e7-84e3-6e779841ddf1 | http://data.europa.eu/esco/skill/0a43729f-2a79-4dae-9faa-95520daae79f | http://data.europa.eu/esco/skill/802deca0-b880-4d1a-b366-e13b27621baf,utvise lojalitet | anvende selskapsretningslinjer | følge driftsrutiner
KnowledgeSkillCompetence,http://data.europa.eu/esco/skill/07e51c60-763a-4335-b4ec-70a15f66d328,foreslå IKT-løsninger på virksomhetsproblemer,released,skill/competence,cross-sector,,"Foreslå hvordan forretningsproblemer kan løses, ved hjelp av IKT, slik at forretningsprosesser forbedres.",http://data.europa.eu/esco/skill/14832d87-2f2f-4895-b290-e4760ebae42a | http://data.europa.eu/esco/skill/7a8fb784-67fa-41e9-a75c-6b491d91f800 | http://data.europa.eu/esco/skill/b590d4e5-7c62-4b4a-abc2-c270b482e0ce | http://data.europa.eu/esco/skill/03b9b491-fc9b-4868-914a-bf7cd47b5041,løse tekniske problemer | utvikle strategi for å løse problemer | designe it-system eller -programvare | finne løsninger på problemer
KnowledgeSkillCompetence,http://data.europa.eu/esco/skill/07e6bc9f-9c98-44ae-a7a3-5266caa393e1,beregne kostnader for reparasjonsoperasjoner,released,skill/competence,sector-specific,,Beregne material- og arbeidskostnader ved reparasjonsoperasjoner; forstå egnede dataprogrammer.,http://data.europa.eu/esco/skill/19ba11f3-9c99-41fd-a7c9-f77e6a026186 | http://data.europa.eu/esco/skill/cfbde1b6-8e47-4b83-b430-3d5f7f38d69a | http://data.europa.eu/esco/skill/b917784a-d7c9-437c-be6e-0de41067fa62,utføre beregninger | vurdere driftskostnader | estimere ressursbehov
KnowledgeSkillCompetence,http://data.europa.eu/esco/skill/07ebc888-0f3f-46e7-99d2-a7c7ebd7ffe3,programvare for eiendomsforvaltning,released,knowledge,sector-specific,programvare for eiendomsdrift,"Funksjonene og egenskapene til en programvare som gjør det mulig å administrere daglig drift i overnattingsbedrifter, for å optimalisere ressurser og prosesser som bookingreservasjoner, rompriser, inntektsdataanalyse eller fakturering.
	",http://data.europa.eu/esco/isced-f/1013,"hotell, restaurant og catering"
KnowledgeSkillCompetence,http://data.europa.eu/esco/skill/08236fee-c405-4f30-8858-f10d7d5c94b7,bruke medieintegreringssystemer,released,skill/competence,occupation-specific,,"Bruke et medieintegreringssystem for forestillinger og arrangementer under oppsett, konfigurering, øvinger og selve forestillingen.
	",http://data.europa.eu/esco/skill/8ddcb295-707e-459c-ba6a-66ffb37835c5,betjene audiovisuelt utstyr
KnowledgeSkillCompetence,http://data.europa.eu/esco/skill/0823ccef-813f-4f22-afef-ac0d68615e8f,datasimulering,released,knowledge,cross-sector,databasert simulering | datamaskinbasert simulering,"Et program som kjøres på en datamaskin som representerer dynamiske responser i et system for å utforske en matematisk modelladferd, ved hjelp av en modell av et reelt system, sammensatt av matematiske ligninger.
	",http://data.europa.eu/esco/isced-f/0611,bruk av datamaskiner
KnowledgeSkillCompetence,http://data.europa.eu/esco/skill/085bfce5-70fe-43da-9499-307725e89bbc,WizIQ,released,knowledge,sector-specific,,"Dataprogrammet WizIQ er en e-læringsplattform for å skape, administrere, organisere, rapportere og levere kurs og opplæringsprogrammer for e-læring.",http://data.europa.eu/esco/skill/6c80d53c-d8c9-41fe-998f-091fca208834 | http://data.europa.eu/esco/isced-f/0612,læringsstyringssystemer | utvikling og administrasjon av databaser og datanett
KnowledgeSkillCompetence,http://data.europa.eu/esco/skill/0868eef3-2213-4572-9343-74931345a7d3,administrere IKT-system,released,skill/competence,sector-specific,,"Håndtere komponenter i IKT-systemet ved å holde konfigurasjon ved like, administrere brukere, overvåke ressursbruk, lage sikkerhetskopier og installere maskinvare eller programvare for å oppfylle de fastsatte kravene.",http://data.europa.eu/esco/skill/fbbcb9ab-4b95-4e57-a756-30d08b7da7a5 | http://data.europa.eu/esco/skill/f839b1da-78b6-4466-86f4-a5798821ea20,vedlikeholde IKT-system | sette opp datasystem
KnowledgeSkillCompetence,http://data.europa.eu/esco/skill/08a3dcea-12de-447b-a3a5-aa657abc5e97,utføre tester med sosial manipulering,released,skill/competence,sector-specific,teste sosial manipulering | gjennomføre angrep med sosial manipulering,"Utføre simulerte sosiale ingeniørangrep for å identifisere sårbarheter i en organisasjons sikkerhetsstilling. Sosiale ingeniørtester kan involvere phishing-e-poster, påskudd eller andre former for manipulasjon som brukes av angripere for å få tak i sensitive opplysninger eller uautorisert tilgang til systemer.
	",http://data.europa.eu/esco/skill/0e0a44a8-654c-4e85-986a-fb4386114838,overvåke trygghet eller sikkerhet
KnowledgeSkillCompetence,http://data.europa.eu/esco/skill/08b04e53-ed25-41a2-9f90-0b9cd939ba3d,administrere forskningsdata,released,skill/competence,cross-sector,,"Produsere og analysere vitenskapelige data fra kvalitative og kvantitative forskningsmetoder. Oppbevare og vedlikeholde data i forskningsdatabaser. Legg til rette for gjenbruk av vitenskapelige data og ha kunnskap om prinsipper for behandling av åpne data.
	",http://data.europa.eu/esco/skill/32c017fd-28ab-4051-bf68-74de952c2f77,administrasjon av informasjon
KnowledgeSkillCompetence,http://data.europa.eu/esco/skill/094ef6aa-844f-44ce-8456-fdc49276bf58,digitaltrykk,released,knowledge,sector-specific,digitalplotter | elektronisk utskrift | digital utskrift | digitale trykk | plotter | digitale utskrifter,"Teknikken som gjør det mulig å trykke digitale bilder direkte på mange forskjellige materialer, hovedsakelig ved hjelp av blekk- eller laserskrivere.",http://data.europa.eu/esco/isced-f/0211,audiovisuell teknikk og medieproduksjon
KnowledgeSkillCompetence,http://data.europa.eu/esco/skill/09cf2c34-6f93-4a19-a9f1-c0d866414bcc,Cain and Abel (verktøy for penetrasjonstesting),released,knowledge,sector-specific,,"Programvareverktøyet Cain and Abel er et verktøy for passordgjenoppretting som ser etter sikkerhetssvakheter og potensielt uautorisert tilgang til systeminformasjon i operativsystemer fra Microsoft. Verktøyet dekoder, dekrypterer og avdekker passord ved hjelp av angrep basert på brute force og kryptoanalyse, nettverkssniffing og protokollanalyser.",http://data.europa.eu/esco/isced-f/0613 | http://data.europa.eu/esco/skill/de586dcf-d7e5-4340-bf5b-d59026f1b436,utvikling og analyse av programvare og dataprogrammer | verktøy for penetrasjonstesting
KnowledgeSkillCompetence,http://data.europa.eu/esco/skill/09f2f811-a3fb-4de3-a70f-6420a6935575,livssyklus innen systemutvikling,released,knowledge,cross-sector,,"Rekkefølgen av trinn, som planlegging, programmering, testing og utrulling samt modeller for utvikling og håndtering av livssyklusen til et system.",http://data.europa.eu/esco/isced-f/0613,utvikling og analyse av programvare og dataprogrammer
KnowledgeSkillCompetence,http://data.europa.eu/esco/skill/09f4c52b-ac72-4f0e-a8ae-78bb1d7bffba,transportprogramvare relatert til et ERP-system,released,knowledge,cross-sector,,"Administrasjonsprogramvare for å samle inn, håndtere og tolke data knyttet til forsendelse, betaling, beholdning, produksjon under transport og distribusjon.",http://data.europa.eu/esco/isced-f/0413,ledelse og administrasjon
KnowledgeSkillCompetence,http://data.europa.eu/esco/skill/0a0532c2-ee60-4410-8e07-70e4d69370ec,betjene automatisert prosesskontroll,released,skill/competence,cross-sector,,Benytte et prosesskontroll- eller automatiseringssystem (PAS) som brukes til å kontrollere en produksjonsprosess automatisk.,http://data.europa.eu/esco/skill/bf4196e4-839c-4f5f-b13b-eeed07ede160,betjene industrielt presisjonsutstyr
KnowledgeSkillCompetence,http://data.europa.eu/esco/skill/0a099c81-6a0c-4f00-bb3b-990d23ec03a5,administrere forespørselsprosess for IKT-endring,released,skill/competence,sector-specific,,"Spesifisere insentivet for en IKT-endringsforespørsel, inkludert å angi hvilken systemjustering som må gjøres, og utføre eller overvåke utførelsen av den.",http://data.europa.eu/esco/skill/87dff904-fb74-4d59-972e-1c2387579d94,lede driftsaktiviteter
KnowledgeSkillCompetence,http://data.europa.eu/esco/skill/0a30e5a8-60a8-4fda-9f89-8e9cee38da5a,bruke grensesnittbeskrivelsesspråk,released,skill/competence,occupation-specific,,Bruke spesifikasjonsspråk til å beskrive grensesnittforbindelse mellom programvarekomponenter eller programmer på en måte som er uavhengig av programmeringsspråket. CORBA og WSDL er blant språkene som støtter denne metoden.,http://data.europa.eu/esco/skill/f6868852-9bf6-4899-a5d6-5f9532fb877d | http://data.europa.eu/esco/skill/b0096dc5-2e2d-4bc1-8172-05bf486c3968 | http://data.europa.eu/esco/skill/a8c3186b-c791-4d57-8f4f-4d12c7a5c6a7,utforme komponentgrensesnitt | utforme applikasjonsgrensesnitt | programmering av datasystemer
KnowledgeSkillCompetence,http://data.europa.eu/esco/skill/0a52bed5-fd29-45fb-aba6-e32bccfda1c1,planlegge migrering til nettskyen,released,skill/competence,sector-specific,planlegge refaktorering | planlegging for skymigrasjon,"Velge eksisterende arbeidsbelastninger og -prosesser for mulig migrering til skyen, og velge overføringsverktøy. Fastslå en ny skyarkitektur for en eksisterende løsning, planlegge en strategi for migrering av eksisterende arbeidsbelastninger til skyen.
	",http://data.europa.eu/esco/skill/1e7ed56a-6d6b-422f-962e-38543d150755 | http://data.europa.eu/esco/skill/39499028-35bf-4d69-9275-fb98902ed88b,administrere endringer i IKT-system | arbeide med datamaskiner
KnowledgeSkillCompetence,http://data.europa.eu/esco/skill/0a776a56-6ec1-4790-84b3-46d0be706806,bruke radarnavigering,released,skill/competence,sector-specific,,Bruke moderne radarnavigasjonsutstyr til å sørge for sikker fartøydrift.,http://data.europa.eu/esco/skill/c6c37f68-190e-4482-905c-93007a64ed61 | http://data.europa.eu/esco/skill/0a88a13f-693a-4dde-b44c-22e6f98fabc6,betjene radarutstyr | betjene kommunikasjonsutstyr
KnowledgeSkillCompetence,http://data.europa.eu/esco/skill/0a856d55-23b5-4bdc-ad24-3eb5bc83d81f,implementere ruteplanlegging i smarte mobilitetstjenester,released,skill/competence,sector-specific,anbefale reiser | beregne reiser | bruke ruteplanleggingsprogramvare,"Bruke spesialiserte søkemotorer slik som ruteplanleggere eller reiseplanleggere for å foreslå optimaliserte reiseruter basert på ulike kriterier, for eksempel transportmåter, avgangs- og ankomsttid, sted og reisevarighet.
	",http://data.europa.eu/esco/skill/98fb499f-9155-412d-a8a0-95ba97126fec,bruke digitale verktøy for samarbeid og produktivitet
KnowledgeSkillCompetence,http://data.europa.eu/esco/skill/0a9acb6b-1139-4be9-b431-3a80a959f2f4,Agile-prosjektledelse,released,knowledge,sector-specific,programvare for smidig ledelse | programvare for agil ledelse | smidig prosjektledelse,"Agile-tilnærmingen til prosjektledelse er en metode for å planlegge, forvalte og føre tilsyn med IKT-ressurser for å oppfylle bestemte mål, ved hjelp av IKT-verktøy.",http://data.europa.eu/esco/isced-f/0413 | http://data.europa.eu/esco/skill/bec4359e-cb92-468f-a997-8fb28e32fba9,ledelse og administrasjon | Metoder innen IKT-prosjektledelse
KnowledgeSkillCompetence,http://data.europa.eu/esco/skill/0aabcae7-71de-456e-8e38-d9e40a4e0272,moderne strømsignalanlegg,released,knowledge,sector-specific,moderne signalsystemer som brukes i jernbaneinfrastruktur | signalsystemer som brukes i moderne jernbaneinfrastruktur | signalsystemer for jernbanestrøm | moderne signalsystemer brukt i jernbaneinfrastruktur | strømsignalanleggg som brukes i jernbaneinfrastruktur | moderne signalsystemer for skinnestrøm | signalsystemer for jernbaner | strømsignalsystemer som brukes i moderne jernbanestruktur | strømsignalsystemer som brukes i jernbanedrift | moderne strømsignalsystemer som brukes i jernbanedrift | systemer for signalisering av skinnestrøm | moderne signalystemer for jernbanestrøm,"Moderne signalsystemer og bruk av digitale teknologier for å forbedre funksjonen til signalutstyr.
	",http://data.europa.eu/esco/isced-f/1041,transporttjenester
KnowledgeSkillCompetence,http://data.europa.eu/esco/skill/0ab03c6c-281b-48f4-83e0-10eeb27a1bae,systemverktøy for nettverksadministrasjon,released,knowledge,sector-specific,,"Programvare eller maskinvare som gjør det mulig å overvåke, analysere og føre tilsyn med nettverkskomponenter eller delnett i et større nett.",http://data.europa.eu/esco/skill/d0c6d77e-cb25-4770-bf77-2073fc5f7523 | http://data.europa.eu/esco/isced-f/0612,IKT-infrastruktur | utvikling og administrasjon av databaser og datanett
KnowledgeSkillCompetence,http://data.europa.eu/esco/skill/0af062de-eb43-41e9-9b96-249e2cd22d26,bruke formateringsspråk,released,skill/competence,sector-specific,,"Bruke dataspråk som er syntaktisk skillbare fra teksten, for å legge til kommentarer til et dokument, angi layout og prosesstyper av dokumenter som HTML.",http://data.europa.eu/esco/skill/a8c3186b-c791-4d57-8f4f-4d12c7a5c6a7,programmering av datasystemer
KnowledgeSkillCompetence,http://data.europa.eu/esco/skill/0b0335f3-0aa1-491e-895e-81fc8774a300,utvikle automatiserte overføringsmetoder,released,skill/competence,sector-specific,,"Lage metoder for automatisk overføring av IKT-informasjon mellom lagringstyper, formater og systemer for å spare menneskelige ressurser for å utføre oppgaven manuelt.",http://data.europa.eu/esco/skill/c23e0a2f-f04b-45bc-b0dd-20571f6b502c,utarbeide retningslinjer og rutiner for drift
KnowledgeSkillCompetence,http://data.europa.eu/esco/skill/0b449eb1-d082-4e62-95d7-5cf59bdf2097,bruke moderne elektroniske navigeringshjelpemidler,released,skill/competence,sector-specific,,"Bruke moderne navigasjonshjelpemidler, f.eks. GPS og radarsystemer.",http://data.europa.eu/esco/skill/6efef9df-ac86-45ca-8b1b-a8178ef17b5c | http://data.europa.eu/esco/skill/0a88a13f-693a-4dde-b44c-22e6f98fabc6,løse plasserings- og navigasjonsproblemer ved hjelp av GPS-verktøy | betjene kommunikasjonsutstyr
KnowledgeSkillCompetence,http://data.europa.eu/esco/skill/0ba0717c-3a7a-45a3-834c-59c554e56c72,gjøre om formler til prosesser,released,skill/competence,sector-specific,,Bruke datamodeller og simuleringer til å gjøre om de spesifikke laboratorieformlene og -funnene til produksjonsprosesser.,http://data.europa.eu/esco/skill/9bdf8a77-8524-43da-bac6-d15d22e1b7ed,legge inn og transformere opplysninger
KnowledgeSkillCompetence,http://data.europa.eu/esco/skill/0c66036a-3bdd-4955-8343-985f4697af64,administrere donordatabase,released,skill/competence,cross-sector,,Lage og kontinuerlige oppdatere databasen som inneholder personlige opplysninger og status for givere.,http://data.europa.eu/esco/skill/4463a721-69f3-413d-8321-43e3af13a4f1 | http://data.europa.eu/esco/skill/32c017fd-28ab-4051-bf68-74de952c2f77,bruke databaser | administrasjon av informasjon
KnowledgeSkillCompetence,http://data.europa.eu/esco/skill/0c9f20cb-32fb-4ff7-877e-508762791151,Rage (digitale spillutviklingssystemer),released,knowledge,sector-specific,,"Programvarerammeverket som består av integrerte utviklingsmiljøer og spesialiserte designverktøy, laget for raske iterasjoner av brukerbaserte dataspill.",http://data.europa.eu/esco/skill/966f2fd3-3de6-42da-b87c-da924c6d7960 | http://data.europa.eu/esco/isced-f/0211,digitale spillutviklingssystemer | audiovisuell teknikk og medieproduksjon
KnowledgeSkillCompetence,http://data.europa.eu/esco/skill/0cc02ab5-da14-4fd4-963d-192fe71d3225,vurdere integrerte hjemmeautomasjonssystemer,released,skill/competence,sector-specific,velge smarthussystemer,"Forstå design og spesifikasjoner som leveres av produsenter av integrerte hjemmeautomasjonssystemer, og velge et konsept som oppfyller spesifikke behov innenfor prosjektet.
	",http://data.europa.eu/esco/skill/7dd94ad3-13d6-43fe-8b94-51fcbf67ced9 | http://data.europa.eu/esco/skill/1f2950c0-ef1e-44b4-9a55-125ccd7b78af,tenke kritisk | analyse og evaluering av informasjon og data
KnowledgeSkillCompetence,http://data.europa.eu/esco/skill/0ccdfe98-f845-4598-84a1-3dca66e9d9a3,Ruby (dataprogrammering),released,knowledge,sector-specific,Ruby lang | Ruby prog | Ruby-gnome2,"Teknikker og prinsipper for utvikling av programvare, som analyse, algoritmer, koding, testing og kompilering av programmer i Ruby.",http://data.europa.eu/esco/skill/21d2f96d-35f7-4e3f-9745-c533d2dd6e97 | http://data.europa.eu/esco/isced-f/0613,dataprogrammering | utvikling og analyse av programvare og dataprogrammer
KnowledgeSkillCompetence,http://data.europa.eu/esco/skill/0cd6dcf1-5778-42a5-b685-4d01ae4a4871,Common Lisp,released,knowledge,sector-specific,,"Teknikker og prinsipper for utvikling av programvare, f.eks. analyse, algoritmer, koding, testing og kompilering av programmer i Common Lisp.",http://data.europa.eu/esco/skill/21d2f96d-35f7-4e3f-9745-c533d2dd6e97 | http://data.europa.eu/esco/isced-f/0613,dataprogrammering | utvikling og analyse av programvare og dataprogrammer
KnowledgeSkillCompetence,http://data.europa.eu/esco/skill/0ce96a86-7a28-4c44-9e59-591375310894,innhente værdata,released,skill/competence,cross-sector,,"Innhente data fra satellitter, radarer, eksterne sensorer og værstasjoner for å få informasjon om værforhold og -fenomener.",http://data.europa.eu/esco/skill/57231a22-4da7-49c8-97b8-75672feadf1e | http://data.europa.eu/esco/skill/d519fadd-85bf-475f-bf14-c53a0290687d,administrere kvantitative data | overvåke miljøforhold
KnowledgeSkillCompetence,http://data.europa.eu/esco/skill/0ced619a-0f59-4802-88ea-e97bf1b57f95,optimalisere utnyttelse av flåten,released,skill/competence,sector-specific,,"Optimalisere utnyttelsen, synligheten, effektiviteten og lønnsomhet for flåten gjennom bruk av spesialprogramvare for skipsadministrasjon.",http://data.europa.eu/esco/skill/de7d8271-2410-4fab-bcb4-19e4d1965984 | http://data.europa.eu/esco/skill/f73c2c9e-b097-4fcb-95d1-659ea0bd54a3 | http://data.europa.eu/esco/skill/e7211c0c-e571-4d61-bfda-3bea3953151d | http://data.europa.eu/esco/skill/36dc2bd2-3d9a-4a84-ad70-918a539c4311 | http://data.europa.eu/esco/skill/60851cc6-ad2e-468f-96e0-ef381615f324,overvåke bilparkoperasjoner | fordele og kontrollere fysiske ressurser | forvalte selskapets flåte | administrere fartøyflåte | planlegge vedlikehold av kjøretøyflåten
KnowledgeSkillCompetence,http://data.europa.eu/esco/skill/0d168770-4d9c-4096-b048-a6577818d306,Apache Maven,released,knowledge,sector-specific,,"Verktøyet Apache Maven er programvare for konfigurasjon, identifikasjon, styring, statusregistrering og kontroll av programvare under utvikling og vedlikehold.",http://data.europa.eu/esco/skill/9d2e926f-53d9-41f5-98f3-19dfaa687f3f | http://data.europa.eu/esco/isced-f/0613,verktøy for programvarekonfigurasjonsstyring | utvikling og analyse av programvare og dataprogrammer
KnowledgeSkillCompetence,http://data.europa.eu/esco/skill/0d6714c6-720e-4985-9791-5ab85d28da79,samle inn data,released,skill/competence,cross-sector,,Trekke ut eksporterbare data fra flere kilder.,http://data.europa.eu/esco/skill/1b70a55d-b8a4-49fc-96c6-15ab4cff2522 | http://data.europa.eu/esco/skill/29dcc31e-a8d6-4a62-b3c1-2de81e966e39,bruke dataprosesseringsteknikker | samle opplysninger fra fysiske eller elektroniske kilder
KnowledgeSkillCompetence,http://data.europa.eu/esco/skill/0d7f2cce-245a-4d02-9b8d-2e9946cc4c5d,levere elektronisk opplæring,released,skill/competence,cross-sector,,"Gi opplæring ved å bruke elektroniske teknologier, tilpasse læremateriellet, bruke e-læringsmetoder, støtte elevene og kommunisere med dem via nettet. Undervise i virtuelle klasserom.",http://data.europa.eu/esco/skill/699e7c26-6502-4e78-a823-3656ff5a5b8b | http://data.europa.eu/esco/skill/caede8f1-6658-4d78-9eb4-2ad2c7ebf09b,instruere andre | undervisning og opplæring
KnowledgeSkillCompetence,http://data.europa.eu/esco/skill/0da6cab1-0ee9-4391-a299-f71fbf21db56,IKT-nettverksruting,released,knowledge,sector-specific,,Prosesser og teknikker for å velge den beste ruten for en pakke gjennom et IKT-nett.,http://data.europa.eu/esco/isced-f/0612,utvikling og administrasjon av databaser og datanett
KnowledgeSkillCompetence,http://data.europa.eu/esco/skill/0daaf096-1639-461c-bf1a-bbeea77e6b67,interne retningslinjer for risikostyring,released,knowledge,sector-specific,,"De interne retningslinjene for risikostyring som identifiserer, vurderer og prioriterer risikoer i et IT-miljø. Metoder som brukes for å begrense, overvåke og kontrollere muligheten og virkningen av katastrofale hendelser som påvirker oppnåelsen av forretningsmålene.",http://data.europa.eu/esco/isced-f/0413,ledelse og administrasjon
KnowledgeSkillCompetence,http://data.europa.eu/esco/skill/0dc7aa1b-b5af-4f4b-81ce-ee22ed8b6926,vurdere IKT-kunnskap,released,skill/competence,sector-specific,,Evaluere den implisitte mestringen til dyktige eksperter av et IKT-system for å gjøre den eksplisitt for videre analyse og bruk.,http://data.europa.eu/esco/skill/7dd94ad3-13d6-43fe-8b94-51fcbf67ced9 | http://data.europa.eu/esco/skill/c206d301-14b0-4bea-8028-a3749303a512,tenke kritisk | overvåke og evaluere enkeltpersoners ytelse
KnowledgeSkillCompetence,http://data.europa.eu/esco/skill/0dcbf7c5-bedf-4485-b16b-23df54443864,gjøre om kravspesifikasjon til innhold,released,skill/competence,sector-specific,,Utvikle digitalt innhold ved å følge gitte krav og retningslinjer.,http://data.europa.eu/esco/skill/9af1bd12-01bd-4d6a-947b-69e64f23150a | http://data.europa.eu/esco/skill/98fb499f-9155-412d-a8a0-95ba97126fec,prosessere kvalitativ informasjon | bruke digitale verktøy for samarbeid og produktivitet
KnowledgeSkillCompetence,http://data.europa.eu/esco/skill/0de61385-de6d-4146-ba32-1cc1bc102220,Lisp,released,knowledge,sector-specific,,"Teknikker og prinsipper for utvikling av programvare, f.eks. analyse, algoritmer, koding, testing og kompilering av programmer i Lisp.",http://data.europa.eu/esco/skill/21d2f96d-35f7-4e3f-9745-c533d2dd6e97 | http://data.europa.eu/esco/isced-f/0613,dataprogrammering | utvikling og analyse av programvare og dataprogrammer
KnowledgeSkillCompetence,http://data.europa.eu/esco/skill/0df2e216-68ae-4952-b9dc-3c2f2bc04fe3,vedlikeholde freelancedatabase,released,skill/competence,cross-sector,vedlikehold av database | reparere database | vedlikeholde database | vedlikeholde databasen | lagre databasen | vedlikeholde databaser | bevare databasen,"Vedlikeholde en frilansdatabase som gir ekstra støtte til teamene dine, og som kan beregne forhandlingskostnader.",http://data.europa.eu/esco/skill/19ba11f3-9c99-41fd-a7c9-f77e6a026186 | http://data.europa.eu/esco/skill/4463a721-69f3-413d-8321-43e3af13a4f1 | http://data.europa.eu/esco/skill/611ed16b-99bf-4840-9cab-f55d1d286e0a | http://data.europa.eu/esco/skill/6a7fc30d-af16-4cc5-a957-29d174bdb61c,"utføre beregninger | bruke databaser | lagre digitale data og systemer | innhente, forvalte og lagre data"
KnowledgeSkillCompetence,http://data.europa.eu/esco/skill/0e361e34-c563-4892-b9d3-873a6a4fef8a,digitale spillsjangre,released,knowledge,sector-specific,,"Klassifisering av videospill basert på samspillet mellom spillmediet, f.eks. simuleringsspill, strategispill, eventyrspill og arkadespill.",http://data.europa.eu/esco/isced-f/0211,audiovisuell teknikk og medieproduksjon
KnowledgeSkillCompetence,http://data.europa.eu/esco/skill/0e44ceb3-9dd4-4ec4-b1d7-a0e83ddba7d4,automotiv teknologi,released,skill/competence,cross-sector,,"Ingeniørfag som kombinerer mekanisk, elektrisk og elektronisk teknikk samt programvare- og sikkerhetsteknikk for å designe motorkjøretøy som lastebiler, varebiler og biler.",http://data.europa.eu/esco/skill/c34b06c4-d164-4e49-a784-89d47de42ec2,"designe industrimateriale, -system eller -produkt"
KnowledgeSkillCompetence,http://data.europa.eu/esco/skill/0e5affa0-705e-4b19-94e8-19e902e0287d,analysere desentraliserte applikasjoner,released,skill/competence,cross-sector,analysere dApps,"Analyse av desentraliserte applikasjoner for deres spesifikke ytelseskrav når det gjelder nøkkelfunksjoner og egenskaper som identifiseringsadministrasjon, tilgangskontroll, datasikkerhet, åpenhet, ytelse, skalerbarhet og vedlikehold.
	",http://data.europa.eu/esco/skill/b590d4e5-7c62-4b4a-abc2-c270b482e0ce,designe it-system eller -programvare
KnowledgeSkillCompetence,http://data.europa.eu/esco/skill/0e62eba3-d076-47e5-b22d-340a8faccb3b,hjelpeteknologi i utdanningen,released,knowledge,occupation-specific,,"Digitale enheter og utstyr som støtter elever som har lærings-, kommunikasjons- eller mobilitetsvansker, slik at de får tilgang til utdanningsressurser og oppnår sitt fulle potensial. Den inkluderer programvare som tekst til tale og optisk tegngjenkjenning.
	",http://data.europa.eu/esco/isced-f/0188,tverrfaglige programmer og kvalifikasjoner innen undervisning
KnowledgeSkillCompetence,http://data.europa.eu/esco/skill/0e667579-d045-4c6a-b0f3-230a61edd014,modellere kraftelektronikk,released,skill/competence,occupation-specific,simulere kraftelektronikk,"Modellere og simulere kraftelektroniske systemer, produkter og komponenter ved hjelp av teknisk designprogramvare. Vurdere produktets levedyktighet og undersøke de fysiske parameterne for å sikre en vellykket produksjonsprosess.
	",http://data.europa.eu/esco/skill/39fa260c-4f85-48e3-83ce-e292e696c233,designe elektriske eller elektroniske system eller utstyr
KnowledgeSkillCompetence,http://data.europa.eu/esco/skill/0e78d9c9-7c3c-4c5c-82cb-205c16edbcb8,grønn databehandling,released,knowledge,occupation-specific,,"Bruke IKT-systemer på en miljømessig ansvarlig og bærekraftig måte, f.eks. gjennom energieffektive servere og sentralenheter (CPU-er), reduksjon av ressurser og korrekt disponering av EE-avfall.",http://data.europa.eu/esco/isced-f/0712,miljøvernteknologi
KnowledgeSkillCompetence,http://data.europa.eu/esco/skill/0e8d16c9-e2db-4862-ac06-1567f01ef806,byggesystemovervåkingsteknologi,released,knowledge,sector-specific,,"Datamaskinbaserte kontrollsystemer som overvåker mekanisk og elektrisk utstyr i en bygning, f.eks. klimaanlegg, sikkerhets- og belysningssystemer.",http://data.europa.eu/esco/isced-f/0714,elektronikk og automasjon
KnowledgeSkillCompetence,http://data.europa.eu/esco/skill/0ebd8359-48bc-4b28-adb1-450774e5f683,overføre uklippet audiovisuelt materiale til datamaskin,released,skill/competence,sector-specific,,"Overføre uklippet audiovisuelt materiale til en datamaskin, synkronisere det og lagre det.",http://data.europa.eu/esco/skill/6a7fc30d-af16-4cc5-a957-29d174bdb61c,"innhente, forvalte og lagre data"
KnowledgeSkillCompetence,http://data.europa.eu/esco/skill/0f00f63f-3ab4-4057-b92f-500584b51757,Informatica PowerCenter,released,knowledge,sector-specific,,"Dataprogrammet Informatica PowerCenter er et verktøy for integrering av informasjon fra flere kilder, opprettet og vedlikeholdt av organisasjoner, i en enhetlig og åpen datastruktur, utviklet av programvareselskapet Informatica.",http://data.europa.eu/esco/skill/9d0d89be-bffa-4393-b6f6-8d05bea49051 | http://data.europa.eu/esco/isced-f/0612,"verktøy for datautvinning, -transformering og -lasting | utvikling og administrasjon av databaser og datanett"
KnowledgeSkillCompetence,http://data.europa.eu/esco/skill/0f365cf9-4f68-4a25-affc-75de20bcdc09,utføre analyse av skipsdata,released,skill/competence,sector-specific,,"Innhente informasjon fra administrasjonsprogramvaren for et fartøy og gjennom kryssreferanse analysere dataene fra forskjellige synsvinkler for å etablere et beslutningsgrunnlag.
	",http://data.europa.eu/esco/skill/ec528c47-65f4-4187-9dc1-5a8889f84a06 | http://data.europa.eu/esco/skill/a6c478c7-9807-4a67-bab4-aa9e02547175 | http://data.europa.eu/esco/skill/c544a9f3-5945-4b54-afed-de0697852817,analysere forretningsvirksomheter | analysere drift av skip | rapportere analyseresultater
KnowledgeSkillCompetence,http://data.europa.eu/esco/skill/0f5374e3-0b9b-4b16-af7a-49654ce0bb15,samarbeid mellom mennesker og roboter,released,knowledge,sector-specific,,"Samarbeid mellom mennesker og roboter er studiet av samarbeidsprosesser der mennesker og roboter samarbeider for å oppnå felles mål. Human-Robot Collaboration (HRC) er et tverrfaglig forskningsområde som består av klassisk robotteknikk, interaksjon mellom mennesker og datamaskiner, kunstig intelligens, design, kognitive vitenskaper og psykologi. Det er relatert til definisjonen av planene og reglene for kommunikasjon for å utføre en oppgave og oppnå et mål i samarbeid med en robot.
	",http://data.europa.eu/esco/isced-f/0714,elektronikk og automasjon
KnowledgeSkillCompetence,http://data.europa.eu/esco/skill/0f9958d2-f700-4f62-b90b-a5873cb5ae4c,systemtenkning,released,knowledge,occupation-specific,,"Den integrerte tilnærmingen til å forstå hvordan ulike bestanddeler i et system henger sammen, virker sammen og påvirker hverandre innenfor et helt logistikksystem.",http://data.europa.eu/esco/isced-f/0613,utvikling og analyse av programvare og dataprogrammer
KnowledgeSkillCompetence,http://data.europa.eu/esco/skill/0fb753a1-2ef2-4429-84d2-ecb2b24daf7a,Apache Tomcat,released,knowledge,sector-specific,,Den åpen kildekode-baserte webserveren Apache Tomcat har et Java-basert webservermiljø som bruker en innebygd beholder dere HTTP-forespørsler lastes inn og gjør at Java-webapplikasjoner kan kjøre på både lokale og serverbaserte systemer.,http://data.europa.eu/esco/isced-f/0613 | http://data.europa.eu/esco/skill/69bbd53f-fbb0-4476-b4b2-ef7844464e28,utvikling og analyse av programvare og dataprogrammer | nettprogrammering
KnowledgeSkillCompetence,http://data.europa.eu/esco/skill/0fba68dc-6f5d-4974-b3cf-5d3215f7d363,redigere negativer,released,skill/competence,sector-specific,,Bruke forskjellige programvareprodukter og -teknikker til å behandle fotografiske negativer og tilpasse bildene til de ønskede spesifikasjonene.,http://data.europa.eu/esco/skill/c53a55a1-8b2b-4d2c-b12d-626742a3833a,bruke digitale verktøy for lyd- og bildebehandling
KnowledgeSkillCompetence,http://data.europa.eu/esco/skill/0ffdb6ac-03b5-4f1c-bfcc-3d9cb874fdf9,etiske hackingsprinsipper,released,knowledge,sector-specific,etiske hackingteknikker,"Settet med tiltak som utføres for å oppdage sårbarheter i et datastyrt system for å forbedre sikkerheten i en organisasjon. De tar sikte på å identifisere og adressere datainnbrudd og trusler i et nettverk.
	",http://data.europa.eu/esco/isced-f/0612,utvikling og administrasjon av databaser og datanett
KnowledgeSkillCompetence,http://data.europa.eu/esco/skill/1019423b-3368-4f83-b24f-19e5fa23e816,designmønstre for brukergrensesnitt for programvare,released,knowledge,sector-specific,,Gjenbrukbare løsninger og formalisert beste praksis for å løse vanlige brukergrensesnittoppgaver innen programvareutvikling og design.,http://data.europa.eu/esco/skill/8ff015a0-98ea-4d80-a23e-1f68110a919e | http://data.europa.eu/esco/skill/de0be6e8-644c-4cc9-9c8d-925dd98dda56 | http://data.europa.eu/esco/isced-f/0613,metoder for programvaredesign | programvareinteraksjonsdesign | utvikling og analyse av programvare og dataprogrammer
KnowledgeSkillCompetence,http://data.europa.eu/esco/skill/1110c92f-3059-445a-9436-0f4200d365f5,Sass,released,knowledge,sector-specific,,"Dataspråket Sass er et stilark-språk som gjengir presentasjonen av strukturerte dokumenter. Dokumentene må holde seg til stilark, et sett med stilregler, som skrifttype, farge og oppsett.",http://data.europa.eu/esco/skill/c2999f0c-eb37-4cdf-b9b0-82107b628794 | http://data.europa.eu/esco/isced-f/0612,stilarkspråk | utvikling og administrasjon av databaser og datanett
KnowledgeSkillCompetence,http://data.europa.eu/esco/skill/11430d93-c835-48ed-8e70-285fa69c9ae6,designe skyarkitektur,released,skill/competence,sector-specific,lage skyarkitektur | utforme flerlags skyarkitektur,"Designe en skyarkitekturløsning med flere lag, som tolererer feil og er egnet for arbeidsmengden og andre bedriftsbehov. Identifisere elastiske og skalerbare databehandlingsløsninger, velg høytytende og skalerbare lagringsløsninger, og velg databaseløsninger med høy ytelse. Identifiser kostnadseffektiv lagring, databehandling og databasetjenester i skyen.
	",http://data.europa.eu/esco/skill/b590d4e5-7c62-4b4a-abc2-c270b482e0ce,designe it-system eller -programvare
KnowledgeSkillCompetence,http://data.europa.eu/esco/skill/114c9698-c999-4369-8498-81bf641fe871,etablere en IKT-plan for sikkerhetsbasert forebygging,released,skill/competence,occupation-specific,etablere en forebyggende IKT-sikkerhetsplan,"Definere en omfattende og proaktiv strategi for håndtering av sikkerhetsriiskoer knyttet til informasjons- og kommunikasjonsteknologi (IKT) ved å etablere et sett med tiltak og ansvar for å sikre konfidensialitet, integritet og tilgjengelighet til informasjon. Implementere retningslinjer for å forhindre datainnbrudd, oppdage og svare på uautorisert tilgang til systemer og ressurser, inkludert oppdaterte sikkerhetsapplikasjoner og opplæring av ansatte.
	",http://data.europa.eu/esco/skill/33a82b83-c838-4889-ae62-fae1317481eb | http://data.europa.eu/esco/skill/164510d1-1216-4dc0-b9d1-a7f6af19e469,beskytte personopplysninger og personvern | utvikle beredskaps- og responsplaner
KnowledgeSkillCompetence,http://data.europa.eu/esco/skill/116083f9-8d05-4b2e-a15f-287b18de5f67,bruke globalt distribusjonssystem,released,skill/competence,cross-sector,,Bruke et reservasjonssystem eller et globalt distribusjonssystem på en datamaskin til å bestille eller reservere transport og overnatting.,http://data.europa.eu/esco/skill/4d6a48ae-352e-4823-bc3a-3f3e9e2cae86,tilgang til og analyse av digitale data
KnowledgeSkillCompetence,http://data.europa.eu/esco/skill/117373c8-f04b-4fff-8683-aebe36edac81,maskinvareplattformer,released,knowledge,sector-specific,,Egenskaper ved maskinvarekonfigurasjonen som trengs for å håndtere programvareprodukter.,http://data.europa.eu/esco/isced-f/0613,utvikling og analyse av programvare og dataprogrammer
KnowledgeSkillCompetence,http://data.europa.eu/esco/skill/1177a1e9-213a-477b-b57c-364368c68b95,designe kraftelektronikk,released,skill/competence,occupation-specific,designe kraftelektronikksystem | utvikle kraftelektronikk,"Design og utvikle kraftelektronikksystemer, -produkter og -komponenter i henhold til spesifikasjoner, som for eksempel mikrobrikker. Velge egnet tilleggsutstyr for det tiltenkte bruksområde.
	",http://data.europa.eu/esco/skill/39fa260c-4f85-48e3-83ce-e292e696c233,designe elektriske eller elektroniske system eller utstyr
KnowledgeSkillCompetence,http://data.europa.eu/esco/skill/118a9b27-1c5a-4214-b685-1a4d9e6365ea,dataetterforskning,released,knowledge,sector-specific,,"Undersøke og gjenopprette digitale data fra ulike kilder, til bruk som rettslig dokumentasjon og kriminalitetsetterforskning.",http://data.europa.eu/esco/isced-f/0611,bruk av datamaskiner
KnowledgeSkillCompetence,http://data.europa.eu/esco/skill/11c56452-fcec-4b00-9695-cca4728e5048,markedsanalyse,released,knowledge,cross-sector,markedsdataanalyse | analyse av markedsføringsdata,"Settet med prosesser for bruk av data for å forbedre effektiviteten av markedsføringsaktiviteter. Det innebærer å analysere beregninger som avkastningen på investeringen (ROI) for å identifisere forbedringsmuligheter.
	",http://data.europa.eu/esco/isced-f/0414,markedsføring og reklame
KnowledgeSkillCompetence,http://data.europa.eu/esco/skill/11eebd42-44ab-401d-8a2c-bdb9fc9beb50,informasjonssikkerhetsstrategi,released,knowledge,sector-specific,,"Den planen som er definert av et selskap, og som fastsetter målene for informasjonssikkerhet og tiltak for å redusere risikoene, fastsette kontrollmål, metoder for måling og referanser samtidig som samsvar med rettslige, interne og kontraktsregulerte krav opprettholdes.",http://data.europa.eu/esco/isced-f/0612,utvikling og administrasjon av databaser og datanett
KnowledgeSkillCompetence,http://data.europa.eu/esco/skill/12274664-b642-4945-b88f-d7787dc3c9dd,designe samhandlingsmodell,released,skill/competence,sector-specific,utvikle en interaksjonsmodell | designe ferdigheter for virtuelle assistenter | designe ferdigheter for interaksjonsmodell,"Designe og utvikle en samhandlingsmodell. Designe en samtale med turtaking, bruke innebyggede intensjoner og luker, håndtere uventede spørsmål eller svar i samtalen, designe flermodale ferdigheter ved hjelp av ett eller flere tjenestegrensesnitt (for eksempel lyd, video og miniprogrammer).
	",http://data.europa.eu/esco/skill/a8c3186b-c791-4d57-8f4f-4d12c7a5c6a7,programmering av datasystemer
KnowledgeSkillCompetence,http://data.europa.eu/esco/skill/123cf7c5-6a3b-419d-be4f-49a6cc020f9f,interaktive medier,released,knowledge,cross-sector,interaktiv multimedia,"Kommunikasjonsmetoden som foregår gjennom digitale medier og er basert på kundenes interaksjoner med dem. Interaksjonene foregår med datastyrte elementer (f. eks. bevegelig grafikk, digital tekst og lyd).
	",http://data.europa.eu/esco/isced-f/0211,audiovisuell teknikk og medieproduksjon
KnowledgeSkillCompetence,http://data.europa.eu/esco/skill/123ea020-9f87-495f-b8c3-15133646392b,teste forbedrede aeronautiske informasjonsstyringssystemer,released,skill/competence,occupation-specific,,Teste funksjonaliteten til systemer før de lanseres; teste potensielle konsekvenser og forutsi sluttresultatet.,http://data.europa.eu/esco/skill/e743a3f3-ba4a-4dab-99a6-6321dba6b502 | http://data.europa.eu/esco/skill/6d0cad66-82dd-4854-a03a-68232942c68d,vedlikeholde oppdaterte administreringssystemer for aeronautisk informasjon | installere deler av tre og metall
KnowledgeSkillCompetence,http://data.europa.eu/esco/skill/126da6db-593e-4dd2-b35d-86f599a622f6,blande blekk,released,skill/competence,sector-specific,,Bruke en datastyrt dispenser som blander forskjellige fargenyanser for å oppnå ønsket farge.,http://data.europa.eu/esco/skill/bf4822d3-1f66-499d-afc9-151a9ba33e58,tilberede blandinger eller oppløsninger
KnowledgeSkillCompetence,http://data.europa.eu/esco/skill/12b7d5a1-1ad4-45dc-b0fa-b31d1eb2c79a,administrere prissettingsdatabase,released,skill/competence,occupation-specific,,Administrere en intern og ekstern database for å sikre at alle prisdata til enhver tid er riktige og oppdaterte.,http://data.europa.eu/esco/skill/4463a721-69f3-413d-8321-43e3af13a4f1 | http://data.europa.eu/esco/skill/32c017fd-28ab-4051-bf68-74de952c2f77,bruke databaser | administrasjon av informasjon
KnowledgeSkillCompetence,http://data.europa.eu/esco/skill/12c82224-6394-4c3c-9831-2a8198ed1274,programvare for optisk tegngjenkjenning,released,knowledge,cross-sector,,"Programvare som elektronisk konverterer trykt og skrevet tekst til maskinkodet tekst, slik at dokumentene kan lagres elektronisk, redigeres og vises digitalt.",http://data.europa.eu/esco/isced-f/0613,utvikling og analyse av programvare og dataprogrammer
KnowledgeSkillCompetence,http://data.europa.eu/esco/skill/13666d7d-41a8-42b6-80ba-34ea6a64667f,partikkelanimasjon,released,knowledge,occupation-specific,,"Partikkelanimasjonsfeltet er en animasjonsteknikk der et stort antall grafiske objekter brukes til å simulere fenomener som flammer, eksplosjoner og «ulne fenomener» som er vanskelig å gjenskape med konvensjonelle gjengivelsesmetoder.",http://data.europa.eu/esco/isced-f/0211,audiovisuell teknikk og medieproduksjon
KnowledgeSkillCompetence,http://data.europa.eu/esco/skill/13bdd41a-2a18-441f-96db-41252c519413,Visual Basic,released,knowledge,sector-specific,Visual Studio .NET | VB.NET | VB,"Teknikker og prinsipper for programvareutvikling, som analyse, algoritmer, koding, testing og kompilering av programmer i Visual Basic.",http://data.europa.eu/esco/skill/21d2f96d-35f7-4e3f-9745-c533d2dd6e97 | http://data.europa.eu/esco/isced-f/0613,dataprogrammering | utvikling og analyse av programvare og dataprogrammer
KnowledgeSkillCompetence,http://data.europa.eu/esco/skill/14029d35-3831-4176-be75-da64e6024e6f,alarmsystemer,released,knowledge,occupation-specific,,"Sikkerhetssystemer i bygninger og på eiendommer som automatisk varsler vekterselskap eller avgir akustiske eller audiovisuelle signaler når det registreres innbrudd, tyveri eller skade på eiendommen.",http://data.europa.eu/esco/isced-f/1032,sikring av personer og eiendom
KnowledgeSkillCompetence,http://data.europa.eu/esco/skill/14062e1c-6540-4cb6-b343-ad419e3d10ac,blokkjedekomponenter,released,knowledge,sector-specific,blokkjede | blokkjedekonsepter | blockchain | blockchain-konsepter,"Studien av essensielle blokkjedekomponenter og konsepter som peer-nettverk, smartkontrakter, medlemskap, arrangementer, hovedbøker, systemintegrasjon, lommebøker og systemadministrasjon.
	",http://data.europa.eu/esco/isced-f/0612,utvikling og administrasjon av databaser og datanett
KnowledgeSkillCompetence,http://data.europa.eu/esco/skill/143769cb-b61e-47d8-a61e-eedfbec1016c,analyse av forretningsdata,released,knowledge,cross-sector,,Verktøy som brukes til å omdanne store mengder rådata til relevante og nyttige forretningsdata.,http://data.europa.eu/esco/isced-f/0413,ledelse og administrasjon
KnowledgeSkillCompetence,http://data.europa.eu/esco/skill/14525f24-afb4-4a4e-80a7-facf27080cdd,administrere digitale biblioteker,released,skill/competence,sector-specific,,"Samle inn, administrere og bevare for digitalt innhold med permanent tilgang og tilby målrettede brukersamfunn spesialisert funksjonalitet for søk og hent.",http://data.europa.eu/esco/skill/611ed16b-99bf-4840-9cab-f55d1d286e0a | http://data.europa.eu/esco/skill/6a7fc30d-af16-4cc5-a957-29d174bdb61c,"lagre digitale data og systemer | innhente, forvalte og lagre data"
KnowledgeSkillCompetence,http://data.europa.eu/esco/skill/14764a75-3104-4875-ba1d-57c059b9b013,telekommunikasjonsteknikk,released,knowledge,cross-sector,,Disiplin som kombinerer datavitenskap og elektroteknikk for å forbedre telekommunikasjonssystemene.,http://data.europa.eu/esco/isced-f/0714,elektronikk og automasjon
KnowledgeSkillCompetence,http://data.europa.eu/esco/skill/14832d87-2f2f-4895-b290-e4760ebae42a,løse tekniske problemer,released,skill/competence,cross-sector,,Identifisere tekniske problemer ved bruk av enheter og digitale miljøer og løse dem (alt fra feilsøking til å løse mer komplekse problemer).,http://data.europa.eu/esco/skill/7e5147d1-60b1-4a68-804b-1f5cb0396b91 | http://data.europa.eu/esco/skill/a628d2d1-f40a-4c37-a357-2801726f2996 | http://data.europa.eu/esco/skill/0b9968af-72de-470a-98e1-2d19577443fb,problemløsing med IKT-verktøy og -maskinvare | identifisere problemer | løse dataproblemer
KnowledgeSkillCompetence,http://data.europa.eu/esco/skill/14ced458-5f4b-495f-bd3d-9c240614bda0,Adobe Photoshop,released,knowledge,sector-specific,,Dataprogrammet Adobe Photoshop er et grafisk IKT-verktøy som muliggjør digital redigering og framstilling av grafikk for å lage både raster- og vektorgrafikk todimensjonalt. Det er utviklet av programvareselskapet Adobe.,http://data.europa.eu/esco/isced-f/0611 | http://data.europa.eu/esco/skill/a71577b2-7550-4222-88ee-dcbd2d881516,bruk av datamaskiner | programvare for redigering av grafikk
KnowledgeSkillCompetence,http://data.europa.eu/esco/skill/14d1e367-3efe-4ec5-86ae-eca48710ee4e,implementere retningslinjer for IKT-sikkerhet,released,skill/competence,sector-specific,anvende retningslinjer for nettsikkerhet | implementere retningslinjer for datanettverkssikkerhet | gjeldende retningslinjer for nettsikkerhet | bruke sikkerhetsretningslinjer på nettet | implementere sikkerhetspolicyer for datanettverk | implementering av IKT-sikkerhetspolitikk | implementering av retningslinjer for IKT-sikkerhet | implementere IKT-sikkerhetspolitikk,"Implementere erklæringer, påstander eller regler som spesifiserer riktig bruk og beskyttelse av IKT-eiendelene og -systemene fra en organisasjon. Disse IKT-sikkerhetspolicyene dekker emner som dataklassifisering, passordhåndtering, tilgangskontroll og hendelsesrespons.
	",http://data.europa.eu/esco/skill/185c56ee-098f-46a1-af87-56337085da6f,beskytte it-enheter
KnowledgeSkillCompetence,http://data.europa.eu/esco/skill/14fdac88-6d4a-4e47-9df5-02c6d1e86fdd,IBM InfoSphere DataStage,released,knowledge,sector-specific,,"Dataprogrammet IBM InfoSphere DataStage er et verktøy for integrering av informasjon fra flere programmer som lages og vedlikeholdes av organisasjoner, til én konsekvent og åpen datastruktur, utviklet av programvareselskapet IBM.",http://data.europa.eu/esco/skill/9d0d89be-bffa-4393-b6f6-8d05bea49051 | http://data.europa.eu/esco/isced-f/0612,"verktøy for datautvinning, -transformering og -lasting | utvikling og administrasjon av databaser og datanett"
KnowledgeSkillCompetence,http://data.europa.eu/esco/skill/1557b114-8222-46d5-acff-d2838909c302,tilby tilkoblede billøsninger,released,skill/competence,sector-specific,levere tilkoblede kjøretøyløsninger | levere tilkoblede billøsninger,"Tilby teknologiske applikasjoner og tjenester som gjør at biler kan kobles til internett for dataoverføring. Tilkoblede billøsninger involverer utnyttelse av teknologier som GPS, sensorer eller dataanalyse for å gi tilkoblings- og fjerntilgangstjenester til enheter.
	",http://data.europa.eu/esco/skill/f839b1da-78b6-4466-86f4-a5798821ea20,sette opp datasystem
KnowledgeSkillCompetence,http://data.europa.eu/esco/skill/1558e8f3-67c9-4be6-bf2c-c5ab7b6de5f9,betjene elektroniske betalingsterminaler,released,skill/competence,sector-specific,,Betjene elektroniske betalingsterminaler for å samle inn betalinger foretatt med kreditt- eller debetkort fra de reisende.,http://data.europa.eu/esco/skill/bdcac0c8-b77a-4640-9eaf-c0cf3efd1e23 | http://data.europa.eu/esco/skill/c20ac175-3aab-4aaa-9b9e-784c2dfb59cd,behandle betalinger | foreta økonomiske transaksjoner
KnowledgeSkillCompetence,http://data.europa.eu/esco/skill/15c522eb-cd6d-4b00-9d95-db20c0f8df88,energisparingspotensial i automatgirsystemer,released,knowledge,occupation-specific,,"Potensial til å spare energi i automatgirsystemer gjennom mekanismer som forbedret effektivitet og mer presis forutsigelse av neste hendelse.
	",http://data.europa.eu/esco/skill/83fc0b2b-6cd2-46af-b1ff-d3fc83604c26 | http://data.europa.eu/esco/isced-f/0713,energieffektivitet | elektrisitet og energi
KnowledgeSkillCompetence,http://data.europa.eu/esco/skill/1605025e-a179-421f-8f35-5b07d182a6b2,nettanalyse,released,knowledge,cross-sector,,"Egenskaper, verktøy og teknikker for måling, innsamling, analyse og rapportering av nettdata for å få opplysninger om brukernes atferd og bedre ytelsen til et nettsted.",http://data.europa.eu/esco/isced-f/0612,utvikling og administrasjon av databaser og datanett
KnowledgeSkillCompetence,http://data.europa.eu/esco/skill/162c7407-14ec-43ef-a4c2-31ccd1267850,designe fastvare,released,skill/competence,cross-sector,,Designe passende fastvare for et spesifikt elektronisk system.,http://data.europa.eu/esco/skill/39fa260c-4f85-48e3-83ce-e292e696c233,designe elektriske eller elektroniske system eller utstyr
KnowledgeSkillCompetence,http://data.europa.eu/esco/skill/16636767-c215-4cf0-b126-e144fea20926,bruke e-helse og mobil helseteknologi,released,skill/competence,sector-specific,,Bruke mobile helseteknologier og e-helse (nettbaserte applikasjoner og tjenester) for å forbedre helsetjenestene som tilbys.,http://data.europa.eu/esco/skill/16a00c69-9c74-4c37-96d7-6301d285e5ce | http://data.europa.eu/esco/skill/98fb499f-9155-412d-a8a0-95ba97126fec,bruke e-tjenester | bruke digitale verktøy for samarbeid og produktivitet
KnowledgeSkillCompetence,http://data.europa.eu/esco/skill/16a00c69-9c74-4c37-96d7-6301d285e5ce,bruke e-tjenester,released,skill/competence,cross-sector,mulighet til å bruke e-tjenester | bruke online betalingsløsninger | bruke elektroniske tjenester | engasjere seg i medborgerskap gjennom digitale teknologier | bruke betalingsløsninger på nett | bruk av e-tjenester | benytte seg av e-tjenester | kan bruke e-tjenester,Delta i samfunnet ved å ta i bruk offentlige og private digitale tjenester. Søke muligheter for selvinnsikt og for deltakelse gjennom passende digitale teknologier.,http://data.europa.eu/esco/skill/574257ea-7b64-4100-b7b6-e27c233fe143 | http://data.europa.eu/esco/skill/98fb499f-9155-412d-a8a0-95ba97126fec,digital kommunikasjon og digitalt samarbeid | bruke digitale verktøy for samarbeid og produktivitet
KnowledgeSkillCompetence,http://data.europa.eu/esco/skill/16e462b2-b8dd-4842-8c31-71d0fb4be474,digital journalistikk,released,knowledge,sector-specific,online-journalistikk | nettjournalistikk,"Prosessen der det redaksjonelle innholdet produseres gjennom digitale medier og distribueres via Internett.
	",http://data.europa.eu/esco/skill/3391d6dd-d584-4c8c-9af9-d2f0c45e2b4b | http://data.europa.eu/esco/isced-f/0321,journalistikk
KnowledgeSkillCompetence,http://data.europa.eu/esco/skill/172020d1-e151-445b-8173-e2a5fb16fe51,benytte dataassisterte programvareprosjekteringsverktøy,released,skill/competence,sector-specific,,"Bruke programvareverktøy (CASE) til å bistå utviklingslivssyklusen, utformingen og implementeringen av programvare og applikasjoner av høy kvalitet som enkelt kan vedlikeholdes.",http://data.europa.eu/esco/skill/a8c3186b-c791-4d57-8f4f-4d12c7a5c6a7,programmering av datasystemer
KnowledgeSkillCompetence,http://data.europa.eu/esco/skill/17702c40-e963-4593-847e-a332b1c9357e,Edmodo,released,knowledge,sector-specific,,"Undervisningsnettverket Edmodo er en e-læringsplattform for å skape, administrere, organisere, rapportere og levere e-læring samt å la lærere, elever og foreldre kommunisere med hverandre.",http://data.europa.eu/esco/skill/6c80d53c-d8c9-41fe-998f-091fca208834 | http://data.europa.eu/esco/isced-f/0612,læringsstyringssystemer | utvikling og administrasjon av databaser og datanett
KnowledgeSkillCompetence,http://data.europa.eu/esco/skill/1774bd31-8893-44cf-9498-7e3d95508419,skjermleser,released,knowledge,cross-sector,tekst-til-tale programvare | hjelpeteknologi for lesing | hjelpemidler for lesing,"Programvare som konverterer skjermelementer som tekst, bilder eller knapper, som vises i datamaskinen til blindeskrift eller tale. Hjelpeteknologi som brukes av synshemmede eller blinde for å tolke det som vises på dataskjermen gjennom punktskrift, lydikoner eller talesyntese.
	",http://data.europa.eu/esco/isced-f/0611,bruk av datamaskiner
KnowledgeSkillCompetence,http://data.europa.eu/esco/skill/17c9a790-5664-4673-8237-c4cf3c5a8da5,gjennomføre evaluering av IKT-prosessers effekt på forretningsvirksomhet,released,skill/competence,cross-sector,,Evaluere de konkrete konsekvensene av implementeringen av nye IKT-systemer og -funksjoner på den nåværende forretningsstrukturen og de gjeldende organisasjonsprosedyrene.,http://data.europa.eu/esco/skill/ec528c47-65f4-4187-9dc1-5a8889f84a06,analysere forretningsvirksomheter
KnowledgeSkillCompetence,http://data.europa.eu/esco/skill/1859883d-c047-4fe1-8e74-7bb4385d6ad2,anvende 3D-avbildningsteknikker,released,skill/competence,sector-specific,,"Implementere en rekke teknikker, for eksempel digital skulptering, kurvemodellering og 3D-skanning, for å lage, redigere, bevare og bruke 3D-bilder, for eksempel punktskyer, vektorgrafikk i 3D og overflateformer i 3D.",http://data.europa.eu/esco/skill/c53a55a1-8b2b-4d2c-b12d-626742a3833a,bruke digitale verktøy for lyd- og bildebehandling
KnowledgeSkillCompetence,http://data.europa.eu/esco/skill/18ab25a5-ce2d-4cd5-b7b0-3890f595f77d,administrere alarmsystem,released,skill/competence,sector-specific,,Sette opp og vedlikeholde et system for å oppdage inntrengninger og uautoriserte adganger i et anlegg.,http://data.europa.eu/esco/skill/a7065828-10aa-4aba-b7d4-f23a30df5060,"installere og reparere elektrisitets-, elektro- og presisjonsutstyr"
KnowledgeSkillCompetence,http://data.europa.eu/esco/skill/18eeffee-2879-42e0-b5fe-5739c6883a01,utvikle datakoblingstjenester for navigeringsformål,released,skill/competence,occupation-specific,,Utvikle og implementere dataforbindelsetjenester og satellitt-teknologier for luft-bakke-kommunikasjon.,http://data.europa.eu/esco/skill/f6f66b89-248b-438c-a3ce-196edcb3397c | http://data.europa.eu/esco/skill/6a7fc30d-af16-4cc5-a957-29d174bdb61c,"administrere flynavigeringstjenester | innhente, forvalte og lagre data"
KnowledgeSkillCompetence,http://data.europa.eu/esco/skill/1973c966-f236-40c9-b2d4-5d71a89019be,bruke regnearkprogramvare,released,skill/competence,cross-sector,,"Bruke programvareverktøy til å opprette og redigere tabelldata for å gjennomføre matematiske beregninger, organisere data og informasjon, opprette diagrammer basert på data og hente dem ut.",http://data.europa.eu/esco/skill/d822b4b2-26c7-4bd9-970d-229c6504f615 | http://data.europa.eu/esco/skill/6a7fc30d-af16-4cc5-a957-29d174bdb61c,"skape digitalt innhold | innhente, forvalte og lagre data"
KnowledgeSkillCompetence,http://data.europa.eu/esco/skill/19a8293b-8e95-4de3-983f-77484079c389,Java (dataprogrammering),released,knowledge,sector-specific,Javax | Java Posse,"Teknikker og prinsipper for programvareutvikling, f.eks. analyse, algoritmer, koding, testing og kompilering av programmer i Java.",http://data.europa.eu/esco/skill/21d2f96d-35f7-4e3f-9745-c533d2dd6e97 | http://data.europa.eu/esco/isced-f/0613,dataprogrammering | utvikling og analyse av programvare og dataprogrammer
KnowledgeSkillCompetence,http://data.europa.eu/esco/skill/19c0e68e-6e6c-4698-85dc-ef66a9de2c37,vedlikeholde maskinvare for informasjonsnettverk,released,skill/competence,cross-sector,,"Vurdere funksjonaliteten til og identifisere feil i infrastrukturen til et informasjonsnettverk, utføre rutineoppgaver for vedlikehold som forhindrer feil og reparasjonsoppgaver, for å sikre kontinuerlig tilgjengelighet for systembrukere.",http://data.europa.eu/esco/skill/c77db25e-bb51-4a10-b2ad-99b48b1b4a37 | http://data.europa.eu/esco/skill/0b9968af-72de-470a-98e1-2d19577443fb,vedlikeholde datamaskinvare | løse dataproblemer
KnowledgeSkillCompetence,http://data.europa.eu/esco/skill/1a165a9b-2006-49e1-90b8-c0709933b4a3,bruke et komplekst kommunikasjonssystem,released,skill/competence,sector-specific,,Installere og drive komplekse kommunikasjonssystemer.,http://data.europa.eu/esco/skill/0a88a13f-693a-4dde-b44c-22e6f98fabc6,betjene kommunikasjonsutstyr
KnowledgeSkillCompetence,http://data.europa.eu/esco/skill/1a4cc54f-1e53-442b-a6d2-1682dc8ef8f9,bruke digitale teknologier kreativt,released,skill/competence,cross-sector,,Bruke digitale verktøy og teknologier for å skape kunnskap og for å innovere prosesser og produkter. Delta i kognitiv behandling enkeltvis og samlet for å forstå og løse konseptuelle problemer og problemsituasjoner i digitale miljøer.,http://data.europa.eu/esco/skill/7e5147d1-60b1-4a68-804b-1f5cb0396b91 | http://data.europa.eu/esco/skill/98fb499f-9155-412d-a8a0-95ba97126fec,problemløsing med IKT-verktøy og -maskinvare | bruke digitale verktøy for samarbeid og produktivitet
KnowledgeSkillCompetence,http://data.europa.eu/esco/skill/1abcc511-ba5a-42e0-8d88-7efb39af4c36,betjene automatiske kuttesystemer for fottøy og lærvarer,released,skill/competence,sector-specific,,"Arbeide med utstyrets programvare. Digitalisere og merke lærområdene med feil slik at de kan unngås. Etablere neste- og skjærebegrensninger for hvert mønster. Plukke opp, sortere, laste opp mønstre, sjekke og fullføre skjæreordrer. Tilpasse maskinene og utstyrsparametrene og utføre enkle vedlikeholdsprosedyrer.",http://data.europa.eu/esco/skill/a7956044-f468-4bc1-a83c-a8821b903a09,"betjene skjære-, slipe- og pussemaskiner"
KnowledgeSkillCompetence,http://data.europa.eu/esco/skill/1adec82b-e32b-4acc-bd89-e7d61d387161,ta opp lydmaterialer,released,skill/competence,occupation-specific,,"Ta opp materialer som bøker, aviser og utdanningsmateriell i lydformat. Fremheve skrevne tekster ved å legge til lydtillegg eller gjøre dem tilgjengelige for svaksynte på andre måter.",http://data.europa.eu/esco/skill/8ddcb295-707e-459c-ba6a-66ffb37835c5,betjene audiovisuelt utstyr
KnowledgeSkillCompetence,http://data.europa.eu/esco/skill/1b2889c2-154d-4e5f-b7d1-bd1f07df86ab,lage animerte fortellinger,released,skill/competence,sector-specific,,Utvikle sekvenser og handlingsforløp for animerte fortellinger ved å bruke dataprogramvare og håndtegningsteknikker.,http://data.europa.eu/esco/skill/5f782745-6382-4873-b415-8fb91c705b03 | http://data.europa.eu/esco/skill/ab99d9a7-62eb-407b-92f2-bf7992a82004,lage digitale bilder | skape kunstneriske design eller forestillinger
KnowledgeSkillCompetence,http://data.europa.eu/esco/skill/1b70a55d-b8a4-49fc-96c6-15ab4cff2522,bruke dataprosesseringsteknikker,released,skill/competence,cross-sector,,"Samle inn, behandle og analysere relevante data og opplysninger, oppbevare og oppdatere data på riktig vis og fremstille tall og data ved hjelp av tabeller og statistiske diagrammer.",http://data.europa.eu/esco/skill/7dd94ad3-13d6-43fe-8b94-51fcbf67ced9 | http://data.europa.eu/esco/skill/1d6c7de4-350e-4868-a47b-333b4b0d9650 | http://data.europa.eu/esco/skill/4463a721-69f3-413d-8321-43e3af13a4f1 | http://data.europa.eu/esco/skill/611ed16b-99bf-4840-9cab-f55d1d286e0a | http://data.europa.eu/esco/skill/6a7fc30d-af16-4cc5-a957-29d174bdb61c,"tenke kritisk | evaluere data, informasjon og digitalt innhold | bruke databaser | lagre digitale data og systemer | innhente, forvalte og lagre data"
KnowledgeSkillCompetence,http://data.europa.eu/esco/skill/1b7c716e-af95-4cda-a42f-6479c8b139f5,MDX,released,knowledge,sector-specific,,Dataspråket MDX er et spørringsspråk for uthenting av informasjon fra en database og dokumentene som inneholder de aktuelle opplysningene. Det utvikles av programvareselskapet Microsoft.,http://data.europa.eu/esco/skill/9cf681c7-89ec-470c-b651-7fe03786f586 | http://data.europa.eu/esco/isced-f/0613,spørringsspråk | utvikling og analyse av programvare og dataprogrammer
KnowledgeSkillCompetence,http://data.europa.eu/esco/skill/1bba98a7-92b9-450b-9235-e0c905f8f3c4,informasjonsarkitektur,released,knowledge,sector-specific,,"Metoder som brukes ved generering, strukturering, lagring, vedlikehold, sammenholding, utveksling og bruk av informasjon.",http://data.europa.eu/esco/isced-f/0612,utvikling og administrasjon av databaser og datanett
KnowledgeSkillCompetence,http://data.europa.eu/esco/skill/1bc718b6-ed90-4a9d-9fa7-8cec928a4581,bruke programvare for kreative verktøy,released,skill/competence,occupation-specific,,Bruke en kreativ programvarepakke som «Adobe» som et hjelpemiddel i grafisk design.,http://data.europa.eu/esco/skill/c53a55a1-8b2b-4d2c-b12d-626742a3833a,bruke digitale verktøy for lyd- og bildebehandling
KnowledgeSkillCompetence,http://data.europa.eu/esco/skill/1c00bc98-2713-4c62-82c5-6d86f2e6a4cb,prinsipper for animasjon,released,knowledge,sector-specific,,"Prinsipper for 2D- og 3D-animasjon, f.eks. kroppsbevegelse, kinematikk, overdrivelser, forventninger, flattrykking og utstrekking.",http://data.europa.eu/esco/isced-f/0211,audiovisuell teknikk og medieproduksjon
KnowledgeSkillCompetence,http://data.europa.eu/esco/skill/1c2978b8-bb0d-4249-9c23-877571a4dffa,sikkerhet og samsvar i skyen,released,knowledge,sector-specific,skysikkerhet og -samsvar | skysikkerhet,"Konsepter for sikkerhet og reguleringssamsvar i skyen, inkludert modell for delt ansvar, kontrollfunksjoner for tilgang til skyen og ressurser for sikkerhetsstøtte.
	",http://data.europa.eu/esco/skill/bd14968e-e409-45af-b362-3495ed7b10e0 | http://data.europa.eu/esco/isced-f/0612,nettskyteknologier | utvikling og administrasjon av databaser og datanett
KnowledgeSkillCompetence,http://data.europa.eu/esco/skill/1c43679a-c6fc-4b42-bb8b-452a34ae9b73,bruke kromatografiprogramvare,released,skill/competence,sector-specific,,"Bruke programvaren for kromatografidatasystemet, som samler inn og analyserer kromatografidetektorens resultater.",http://data.europa.eu/esco/skill/6a7fc30d-af16-4cc5-a957-29d174bdb61c,"innhente, forvalte og lagre data"
KnowledgeSkillCompetence,http://data.europa.eu/esco/skill/1c7fbce8-741b-416a-8b34-f9900e0ddd52,Shiva (digitale spillutviklingssystemer),released,knowledge,sector-specific,,"Spillmotoren for alle plattformer som er et programvarerammeverk som består av integrerte utviklingsmiljøer og spesialiserte designverktøy, laget for raske iterasjoner av brukerbaserte dataspill. 
 ",http://data.europa.eu/esco/skill/966f2fd3-3de6-42da-b87c-da924c6d7960 | http://data.europa.eu/esco/isced-f/0211,digitale spillutviklingssystemer | audiovisuell teknikk og medieproduksjon
KnowledgeSkillCompetence,http://data.europa.eu/esco/skill/1c8327dd-9af0-4124-9c4e-0342d90189d4,designe farmasøytiske produksjonssystemer,released,skill/competence,cross-sector,,"Designe systemer for produksjonskontroll som omfatter alle prosesser fra produksjon av legemidler til lagerføring av dem, for å gi riktige inndata for utviklingen av programvarepakker for legemiddelproduksjonsanlegg.",http://data.europa.eu/esco/skill/2c28fc20-8a60-4311-8899-5ef8729c05b3 | http://data.europa.eu/esco/skill/c34b06c4-d164-4e49-a784-89d47de42ec2,"designe prosess | designe industrimateriale, -system eller -produkt"
KnowledgeSkillCompetence,http://data.europa.eu/esco/skill/1c8658c0-8f1e-4bf1-8e81-0a3a6033847e,føre ledninger for sikkerhetssensorer,released,skill/competence,sector-specific,,Trekke ledninger fra de riktige kontaktpunktene i en rekke sikkerhetssensorer til kontrollpanelet. Sørge for at koblingsskjemaet i kontrollpanelet er tydelig og effektivt.,http://data.europa.eu/esco/skill/a7065828-10aa-4aba-b7d4-f23a30df5060,"installere og reparere elektrisitets-, elektro- og presisjonsutstyr"
KnowledgeSkillCompetence,http://data.europa.eu/esco/skill/1ce4cddd-4a74-458e-a2d4-152ca939475a,OWASP ZAP,released,knowledge,sector-specific,,"Det integrerte testverktøyet OWASP Zed Attack Proxy (ZAP) er et spesialisert verktøy som leter etter sikkerhetssvakheter i webprogrammer, basert på en automatisk skanner og et REST-API.",http://data.europa.eu/esco/isced-f/0613 | http://data.europa.eu/esco/skill/de586dcf-d7e5-4340-bf5b-d59026f1b436,utvikling og analyse av programvare og dataprogrammer | verktøy for penetrasjonstesting
KnowledgeSkillCompetence,http://data.europa.eu/esco/skill/1d6c7de4-350e-4868-a47b-333b4b0d9650,"evaluere data, informasjon og digitalt innhold",released,skill/competence,cross-sector,,"Analysere, sammenligne og kritisk evaluere troverdigheten og påliteligheten til datakilder, informasjon og digitalt innhold. Analysere, tolke og kritisk evaluere dataene, informasjonen og det digitale innholdet.",http://data.europa.eu/esco/skill/629685b8-5f9e-4522-8cff-b3e2c4ec625a | http://data.europa.eu/esco/skill/1f2950c0-ef1e-44b4-9a55-125ccd7b78af,digital databehandling | analyse og evaluering av informasjon og data
KnowledgeSkillCompetence,http://data.europa.eu/esco/skill/1d86f05e-e9cc-40ce-99d8-2b21cc71b16b,løsningsimplementering,released,knowledge,sector-specific,,"Teknologier og standarder som skal brukes ved installasjon, distribusjon og vedlikehold av programvareegenskaper.",http://data.europa.eu/esco/isced-f/0612,utvikling og administrasjon av databaser og datanett
KnowledgeSkillCompetence,http://data.europa.eu/esco/skill/1de3942b-99d8-41e8-9ef0-fbc9e9f6307b,Drupal,released,knowledge,sector-specific,,"Systemet med åpen kildekode skrevet i PHP, som brukes til å skape, redigere, utgi og arkivere blogger, artikler, nettsider eller pressemeldinger, og som krever et høyere nivå av teknisk forståelse av HTML, CSS og PHP.",http://data.europa.eu/esco/skill/5c66ce3a-658d-43b1-9d8d-0f39be6c0f2e | http://data.europa.eu/esco/isced-f/0613,WebCMS | utvikling og analyse av programvare og dataprogrammer
KnowledgeSkillCompetence,http://data.europa.eu/esco/skill/1e7ed56a-6d6b-422f-962e-38543d150755,administrere endringer i IKT-system,released,skill/competence,sector-specific,,"Planlegge, gjennomføre og overvåke systemendringer og -oppgraderinger. Opprettholde tidligere systemversjoner. Tilbakestille til en eldre systemversjon som er sikker, dersom det er nødvendig.",http://data.europa.eu/esco/skill/fbbcb9ab-4b95-4e57-a756-30d08b7da7a5 | http://data.europa.eu/esco/skill/71c2f41e-14de-4b23-82ad-5dbcd54ba5b0 | http://data.europa.eu/esco/skill/39499028-35bf-4d69-9275-fb98902ed88b,vedlikeholde IKT-system | distribuere IKT-systemer | arbeide med datamaskiner
KnowledgeSkillCompetence,http://data.europa.eu/esco/skill/1ebc1454-b6cb-4e45-a96a-17399961ad39,administrere tekniske sikkerhetssystemer,released,skill/competence,occupation-specific,,"Verifisere driften av tekniske sikkerhetssystemer som kameraer, skiltlesere eller røntgenmaskiner.",http://data.europa.eu/esco/skill/865ccba0-e1a2-402c-9641-d23a4acac6ea | http://data.europa.eu/esco/skill/2abfac2e-ad51-49fd-bbed-34953c95ab20 | http://data.europa.eu/esco/skill/185c56ee-098f-46a1-af87-56337085da6f,administrere sikkerhetsutstyr | overvåke planlegging av sikkerhetssystemer | beskytte it-enheter
KnowledgeSkillCompetence,http://data.europa.eu/esco/skill/1f0fbd17-56b7-45cd-b841-e7d9e2a5a14e,identifisere innovasjonsmuligheter for blokkjeder,released,skill/competence,sector-specific,bruke blockchain for å drive innovasjon | analysere blokkjedebasert forretningsinnovasjon,"Identifisere blokkjede-innovasjonsmuligheter gjennom introduksjon av blokkjedebaserte løsninger, innenfor en bestemt sektor, men også på tvers av sektorer. Forstå konsekvensene av viktige blokkjedeegenskaper som åpenhet og sikkerhet for å drive frem innovasjoner.
	",http://data.europa.eu/esco/skill/cbe1b24e-00f3-4b17-94e9-1fcd34a11c3e,identifisere muligheter
KnowledgeSkillCompetence,http://data.europa.eu/esco/skill/1f1bef0f-2484-4136-a5bf-6ed80346a671,løse problemer innen gambling gjennom digitale midler,released,skill/competence,sector-specific,,"Bruke IKT-ressurser, -verktøy og -kompetanse til å løse problemer med gambling, veddemål og lotterier, for eksempel problemer med driften av spill.",http://data.europa.eu/esco/skill/5d1f71c1-fe52-4ade-b43d-5fc85ee16ad3 | http://data.europa.eu/esco/skill/0b9968af-72de-470a-98e1-2d19577443fb,administrere gamblingdrift | løse dataproblemer
KnowledgeSkillCompetence,http://data.europa.eu/esco/skill/1fa420ed-5378-4258-8d7a-9ec274dda927,betjene kontrollpaneler,released,skill/competence,occupation-specific,,"Bruke kontrollpaneler til å styre mekanismer, som automatiske porter eller maskiner.",http://data.europa.eu/esco/skill/494b8057-daf5-46a0-b33b-416e0115c30a,bruk av digitale verktøy for å kontrollere maskineriet
KnowledgeSkillCompetence,http://data.europa.eu/esco/skill/1fc03dc8-0ee0-4876-83ec-86e0bfcb3876,nettverksfinansiering,released,knowledge,cross-sector,,"Prosessen med å samle inn penger via internett for å finansiere et prosjekt eller en bedrift ved hjelp av digitale strategier for å samle inn små mengder penger fra en stor gruppe bidragsytere.
	",http://data.europa.eu/esco/isced-f/0413,ledelse og administrasjon
KnowledgeSkillCompetence,http://data.europa.eu/esco/skill/1ffac4ac-fda7-407d-8ed1-ca8f4a8dc146,Angular,released,knowledge,sector-specific,,"Teknikkene og prinsippene for utvikling av programvare, for eksempel analyse, algoritmer, koding, testing og utarbeiding av programmeringsparadigmer i Angular.
	",http://data.europa.eu/esco/isced-f/0613,utvikling og analyse av programvare og dataprogrammer
KnowledgeSkillCompetence,http://data.europa.eu/esco/skill/206f5738-e91f-4390-84a2-fcb864bc11b1,bruke spesialiserte datamodeller for værvarsling,released,skill/competence,cross-sector,,Gi kortsiktige og langsiktige værmeldinger ved å bruke fysiske og matematiske formler; forstå spesialprogrammer for datamodellering.,http://data.europa.eu/esco/skill/d519fadd-85bf-475f-bf14-c53a0290687d,overvåke miljøforhold
KnowledgeSkillCompetence,http://data.europa.eu/esco/skill/20c6a2ec-ef98-4f95-8a16-c8006d9242ba,sette opp lydutstyr,released,skill/competence,sector-specific,,Sette opp utstyr for å ta opp lyd. Teste akustikken og foreta justeringer.,http://data.europa.eu/esco/skill/8ddcb295-707e-459c-ba6a-66ffb37835c5,betjene audiovisuelt utstyr
KnowledgeSkillCompetence,http://data.europa.eu/esco/skill/20c920d4-7ff7-4676-ba61-3f04490d9416,holde tritt med de nyeste informasjonssystemløsningene,released,skill/competence,sector-specific,,"Samle inn siste nytt om eksisterende informasjonssystemløsninger som integrerer programvare og maskinvare, samt nettverkskomponenter.",http://data.europa.eu/esco/skill/9bf266a6-188b-4d17-a22f-2f266d76832b | http://data.europa.eu/esco/skill/e2a5e046-3357-493e-bbdc-8d0ef82005cc,vise vilje til å lære | overvåking av utviklingen innen kompetanseområdet
KnowledgeSkillCompetence,http://data.europa.eu/esco/skill/20eb4c72-2a50-4a68-acb0-7e0d4559c097,sette opp forbrukerelektronikk,released,skill/competence,occupation-specific,,"Koble elektroniske innretninger, som TV-er, lyd- og videoutstyr og kameraer, til elektrisitetsnettet og utføre elektrisk jording for å unngå farlige spenningsforskjeller. Teste installasjonen for å se om den fungerer som den skal.",http://data.europa.eu/esco/skill/a7065828-10aa-4aba-b7d4-f23a30df5060,"installere og reparere elektrisitets-, elektro- og presisjonsutstyr"
KnowledgeSkillCompetence,http://data.europa.eu/esco/skill/211e4a02-69a6-494e-b94a-93741e2a3a0b,demontere mobile enheter,released,skill/competence,sector-specific,,"Demontere mobile enheter for å analysere feil, foreta utskifting eller resirkulere deler.",http://data.europa.eu/esco/skill/b4877620-c375-45f3-a678-2ddb4dae6a29 | http://data.europa.eu/esco/skill/a7065828-10aa-4aba-b7d4-f23a30df5060 | http://data.europa.eu/esco/skill/55cd5608-1497-4ed1-96d0-cb9494749a09,"reparere IKT-enheter | installere og reparere elektrisitets-, elektro- og presisjonsutstyr | reparere mobile enheter"
KnowledgeSkillCompetence,http://data.europa.eu/esco/skill/2164e860-7f20-48bc-b98c-5d9f8a561550,designe datanettverk,released,skill/competence,sector-specific,,"Utvikle og planlegge IKT-nettverk, for eksempel regionnett (WAN) og lokalnett (LAN), som tilkobler datamaskiner via kabel eller trådløst nett og gjør det mulig for dem å utveksle data, samt å vurdere kapasitetskravene deres.",http://data.europa.eu/esco/skill/a47d194d-0ffd-4aaa-b695-fbbe0255000e | http://data.europa.eu/esco/skill/b590d4e5-7c62-4b4a-abc2-c270b482e0ce,designe informasjonssystem | designe it-system eller -programvare
KnowledgeSkillCompetence,http://data.europa.eu/esco/skill/216e5ea6-c683-4945-9f96-03483dc56d9f,reparere låsbare enheter,released,skill/competence,occupation-specific,,"Levere reparasjons- og feilsøkingstjenester for automatiske dører, dørlukkeinnretninger og andre tilgangskontrollsystemer i samsvar med spesifikasjonene.",http://data.europa.eu/esco/skill/ade18380-76dc-4263-8c95-f61c0a887fc4 | http://data.europa.eu/esco/skill/a7065828-10aa-4aba-b7d4-f23a30df5060,"erstatte defekte enheter | installere og reparere elektrisitets-, elektro- og presisjonsutstyr"
KnowledgeSkillCompetence,http://data.europa.eu/esco/skill/2174c1b0-e13c-4850-8e4d-2bc6183018bf,kryptovaluta,released,knowledge,sector-specific,krypto | digital valuta,"Digital og kryptert valuta eller vekslingsmedium med desentralisert nettverk basert på blokkjedeteknologi, siden verdien av kryptovalutaen ikke administreres eller vedlikeholdes av sentrale myndigheter, slik tilfellet er med Euro.
	",http://data.europa.eu/esco/isced-f/0412,"finans, bank og forsikring"
KnowledgeSkillCompetence,http://data.europa.eu/esco/skill/2180bd8c-86de-4889-8165-adac902eee9d,innebygde systemer,released,knowledge,sector-specific,,"Datasystemene og komponentene med en spesialisert og selvstendig funksjon innenfor et større system eller en annen maskin, f.eks. innebygde systemer for systemprogramvarearkitekturer, innebygd perifert utstyr, designprinsipper og utviklingsverktøy.",http://data.europa.eu/esco/skill/d0c6d77e-cb25-4770-bf77-2073fc5f7523 | http://data.europa.eu/esco/isced-f/0714,IKT-infrastruktur | elektronikk og automasjon
KnowledgeSkillCompetence,http://data.europa.eu/esco/skill/219dd03d-4168-416a-be40-f4becca55130,Engrade,released,knowledge,sector-specific,,"Dataprogrammet Engrade er en e-læringsplattform for skaping, forvaltning, organisering, rapportering og levering av utdanningskurs og opplæringsprogrammer på nett.",http://data.europa.eu/esco/skill/6c80d53c-d8c9-41fe-998f-091fca208834 | http://data.europa.eu/esco/isced-f/0612,læringsstyringssystemer | utvikling og administrasjon av databaser og datanett
KnowledgeSkillCompetence,http://data.europa.eu/esco/skill/21d2f96d-35f7-4e3f-9745-c533d2dd6e97,dataprogrammering,released,knowledge,cross-sector,,"Teknikker og prinsipper for programvareutvikling, som analyse, algoritmer, koding, testing og sammenstilling av programmeringsparadigmer (f.eks. gjenstandsorientert programmering, funksjonell programmering) og av programspråk.",http://data.europa.eu/esco/isced-f/0613,utvikling og analyse av programvare og dataprogrammer
KnowledgeSkillCompetence,http://data.europa.eu/esco/skill/21dd999b-c5cc-4cec-8a9f-33f07079c12e,kringkastingsutstyr,released,knowledge,sector-specific,,"Bruk og drift av kringkastingsutstyr, f.eks. kringkastingskonsoller, rutere, mikrofoner, doble kompressorer og andre maskiner.",http://data.europa.eu/esco/isced-f/0211,audiovisuell teknikk og medieproduksjon
KnowledgeSkillCompetence,http://data.europa.eu/esco/skill/22225017-a02e-4171-8775-64c3adc87512,automatisk måleravlesning,released,knowledge,cross-sector,,"Mobil, nettverk og håndholdt teknologi som brukes til automatisk innsamling av data om energi og vannforbruk, og som videresender data til den sentrale databasen for fakturering eller analysering.",http://data.europa.eu/esco/isced-f/0612,utvikling og administrasjon av databaser og datanett
KnowledgeSkillCompetence,http://data.europa.eu/esco/skill/224423a6-ac6a-4b3e-be7c-e38b41f82116,bruke vannavigeringsenheter,released,skill/competence,sector-specific,,"Bruke vannavigasjonsutstyr, for eksempel kompass eller sekstant, eller navigasjonshjelpemidler, som fyrtårn eller bøyer, radar, satellitt og datasystemer, for å navigere fartøyer i farvann. Bruke oppdaterte diagrammer/kart, meldinger og publikasjoner for å fastslå den nøyaktige plasseringen til et fartøy.",http://data.europa.eu/esco/skill/0a88a13f-693a-4dde-b44c-22e6f98fabc6,betjene kommunikasjonsutstyr
KnowledgeSkillCompetence,http://data.europa.eu/esco/skill/234aeb8d-56c3-4531-9193-1c5e6a8d16cb,bruke presentasjonsprogramvare,released,skill/competence,cross-sector,,"Bruke programvareverktøy til å skape digitale presentasjoner som kombinerer ulike elementer, som grafer, bilder, tekst og andre multimedier.",http://data.europa.eu/esco/skill/d822b4b2-26c7-4bd9-970d-229c6504f615 | http://data.europa.eu/esco/skill/446a36a5-2376-439f-b46b-4a214ba0acdf,"skape digitalt innhold | bruke programvare for tekstbehandling, publisering og presentasjon"
KnowledgeSkillCompetence,http://data.europa.eu/esco/skill/238343b1-7b51-42b3-a9ed-cf24d3a236e7,identifisere gap innen digital kompetanse,released,skill/competence,cross-sector,,Forstå på hvilke områder ens egen digitale kompetanse trenger å forbedres eller oppdateres. Kunne støtte andre i deres utvikling av digital kompetanse. Lete etter muligheter til selvutvikling og holde tritt med den digitale utviklingen.,http://data.europa.eu/esco/skill/7e5147d1-60b1-4a68-804b-1f5cb0396b91 | http://data.europa.eu/esco/skill/54f7432d-a8b6-4ed4-a50e-9ec882320595,"problemløsing med IKT-verktøy og -maskinvare | overvåking, inspeksjon og testing"
KnowledgeSkillCompetence,http://data.europa.eu/esco/skill/23900e3d-06fa-424c-a5dc-c0ea42edde1e,Oracle Warehouse Builder,released,knowledge,sector-specific,,"Dataprogrammet Oracle Warehouse Builder er et verktøy for integrering av informasjon fra flere programmer, utarbeidet og vedlikeholdt av organisasjoner, i en konsekvent og åpen datastruktur som er utviklet av programvareselskapet Oracle.",http://data.europa.eu/esco/skill/9d0d89be-bffa-4393-b6f6-8d05bea49051 | http://data.europa.eu/esco/isced-f/0612,"verktøy for datautvinning, -transformering og -lasting | utvikling og administrasjon av databaser og datanett"
KnowledgeSkillCompetence,http://data.europa.eu/esco/skill/23b45aa6-a479-486d-9e6f-062cbab7c68a,grensesnitteknikker,released,knowledge,sector-specific,,Teknikker som er knyttet til grensesnitt mellom modeller og komponenter.,http://data.europa.eu/esco/isced-f/0714,elektronikk og automasjon
KnowledgeSkillCompetence,http://data.europa.eu/esco/skill/23df3447-f59e-45a4-86da-78e38d07c808,musikk- og videobransjen,released,knowledge,cross-sector,,Aktører og produkter som er tilgjengelige på markedet i video- og musikkindustrien.,http://data.europa.eu/esco/isced-f/0211,audiovisuell teknikk og medieproduksjon
KnowledgeSkillCompetence,http://data.europa.eu/esco/skill/2450c3b3-e78e-435b-b84d-e05d984e71dc,programvarearkitekturmodeller,released,knowledge,sector-specific,,"De strukturer og modeller som er nødvendige for å forstå eller beskrive programvaresystemet, herunder programvareelementer, forholdet mellom dem og egenskapene til både elementer og forhold.",http://data.europa.eu/esco/isced-f/0611,bruk av datamaskiner
KnowledgeSkillCompetence,http://data.europa.eu/esco/skill/24c200e5-be20-4370-a137-ab53797f3a17,programvarerammeverk,released,knowledge,sector-specific,,Utviklingsmiljøer for programvare eller verktøyene som brukes for å forbedre effektiviteten til ny programvareutvikling ved å tilby spesifikke funksjoner som støtter og styrer utviklingen.,http://data.europa.eu/esco/isced-f/0613,utvikling og analyse av programvare og dataprogrammer
KnowledgeSkillCompetence,http://data.europa.eu/esco/skill/251b5528-693c-4ef9-a7f6-9924bb8d7ef8,desentraliserte programstrukturer,released,knowledge,sector-specific,,"De forskjellige programvarerammeverkene og deres egenskaper, fordeler og ulemper, som gjør det mulig å utvikle desentraliserte programmer på blokkjedeinfrastruktur. Eksempler er Truffle, Embark, Epirus, OpenZeppelin osv.
	",http://data.europa.eu/esco/isced-f/0613,utvikling og analyse av programvare og dataprogrammer
KnowledgeSkillCompetence,http://data.europa.eu/esco/skill/2522a6ce-3202-4ac8-9f5b-b9cb5a3a83a1,feilrette programvare,released,skill/competence,sector-specific,,"Reparere datamaskinkode ved å analysere resultater av testing, finne feilene som gjør at programvaren avgir feil eller uventede resultater, og fjerne disse feilene.",http://data.europa.eu/esco/skill/a8c3186b-c791-4d57-8f4f-4d12c7a5c6a7,programmering av datasystemer
KnowledgeSkillCompetence,http://data.europa.eu/esco/skill/2579f843-87e8-4a9f-83ce-1284b2218b56,administrere informasjonsstyringstjenester for luftfart,released,skill/competence,sector-specific,,"Gjennomføre komplekse oppgaver og utføre database-, skrivebords- og GIS-relaterte aktiviteter på middels og høyt nivå for å utvikle datasett og publikasjoner for luftfart av høy kvalitet.
	",http://data.europa.eu/esco/skill/7e8c17fd-3299-4c5a-b67c-32f516364662 | http://data.europa.eu/esco/skill/6a7fc30d-af16-4cc5-a957-29d174bdb61c,"vurdere kvaliteten på tjenester | innhente, forvalte og lagre data"
KnowledgeSkillCompetence,http://data.europa.eu/esco/skill/258d3de5-60fd-4336-aa7e-7700b64f5ed5,bevegelsesopptak,released,knowledge,sector-specific,,Prosess og teknikker for å fange opp bevegelse av menneskelige skuespillere for å skape og animere digitale karakterer som er så menneskelige som mulig i utseende og bevegelse.,http://data.europa.eu/esco/isced-f/0211,audiovisuell teknikk og medieproduksjon
KnowledgeSkillCompetence,http://data.europa.eu/esco/skill/25b291b5-8245-4d9d-b391-86a8a31d7109,bruke samtidig programmering,released,skill/competence,sector-specific,,"Bruke spesialiserte IKT-verktøy til å lage programmer som kan kjøre samtidige operasjoner ved å dele programmene inn i parallelle prosesser, og når databehandlingen er ferdig, slå sammen resultatene.",http://data.europa.eu/esco/skill/a8c3186b-c791-4d57-8f4f-4d12c7a5c6a7,programmering av datasystemer
KnowledgeSkillCompetence,http://data.europa.eu/esco/skill/25df422a-bf0a-4f76-8631-d0be91cb8751,modellbasert systemteknikk,released,knowledge,cross-sector,MBSE,"Modellbasert systemteknikk (MBSE) er en metode for systemteknikk som bruker visuell modellering som den primære måten å kommunisere informasjon på. Den er fokusert på å opprette og utnytte domenemodeller som den primære metoden for informasjonsutveksling mellom ingeniører og teknikere, i stedet for dokumentbasert informasjonsutveksling. Derfor eliminerer den kommunikasjon av unødvendig informasjon ved å bruke abstrakte modeller som kun inneholder relevante data.
	",http://data.europa.eu/esco/isced-f/0710,ikke nærmere definerte tekniske fag og ingeniørfag
KnowledgeSkillCompetence,http://data.europa.eu/esco/skill/25ee43a8-f9b0-4990-96cf-eabe627ff0cc,bruke programvare for utleieadministrasjon,released,skill/competence,occupation-specific,,"Bruke programvare for utleieadministrasjon til å overvåke aspekter ved virksomheten, som økonomi, utleie og regninger.",http://data.europa.eu/esco/skill/6a7fc30d-af16-4cc5-a957-29d174bdb61c,"innhente, forvalte og lagre data"
KnowledgeSkillCompetence,http://data.europa.eu/esco/skill/25f0ea33-b4a2-4f31-b7b4-7d20e827b180,datautvinning,released,knowledge,sector-specific,,"Metoder for kunstig intelligens, maskinlæring, statistikk og databaser som brukes til å trekke ut innholdet i et datasett.",http://data.europa.eu/esco/isced-f/0612,utvikling og administrasjon av databaser og datanett
KnowledgeSkillCompetence,http://data.europa.eu/esco/skill/2672f6a9-1e70-43c5-859d-e6a0fc9ea0f1,kontrollsystemer for luftfartøyflyvning,released,knowledge,sector-specific,systemer som brukes til å kontrollere flyging av luftfartøyer | funksjoner i flyets flykontrollsystem | flykontrollsystemer for fly | systemer som brukes til å kontrollere flybevegelser | flygekontrollsystemer for luftfartøyer | systemer for flymanøvrering,"Innstillingen, funksjonene og betjeningen av flykontrollsystemer som flykontrolloverflater, cockpitkontroller, tilkoblinger og driftsmekanismer som kreves for å kontrollere flyretningen til et fly.
	",http://data.europa.eu/esco/isced-f/1041,transporttjenester
KnowledgeSkillCompetence,http://data.europa.eu/esco/skill/26ca7ed6-80a7-47e3-92f5-6e6016adeb95,angi fargeprofiler,released,skill/competence,sector-specific,,Opprettholde ensartet fargeproduksjon i digitale farge- og blekkskrivere ved hjelp av kalibreringsrutiner og sikre at fargeprofilene for skriverne fortsatt er nøyaktige.,http://data.europa.eu/esco/skill/dcb9c446-bb08-44de-89b6-851ac2903eaf,betjene printere og utstyr for fotoproduksjon
KnowledgeSkillCompetence,http://data.europa.eu/esco/skill/26fa7a33-a426-4cd5-9792-33bf668612e1,LESS,released,knowledge,sector-specific,,"Dataspråket LESS er et stilark-språk som gir en presentasjon av strukturerte dokumenter. Disse dokumentene må forholde seg til stilark, et sett av stilistiske regler som font, farge og utforming.",http://data.europa.eu/esco/skill/c2999f0c-eb37-4cdf-b9b0-82107b628794 | http://data.europa.eu/esco/isced-f/0612,stilarkspråk | utvikling og administrasjon av databaser og datanett
KnowledgeSkillCompetence,http://data.europa.eu/esco/skill/27065048-bca8-4b0a-891a-b192b9ceadfd,CAM-programvare,released,knowledge,sector-specific,,"Ulike verktøy for datastøttet produksjon (CAM) for å kontrollere maskiner og maskinverktøy i forbindelse med oppretting, endring, analyse eller optimering som en del av produksjonsprosessene til arbeidsdelene.",http://data.europa.eu/esco/isced-f/0613,utvikling og analyse av programvare og dataprogrammer
KnowledgeSkillCompetence,http://data.europa.eu/esco/skill/27ad6528-0914-4049-87c0-2f05791d0e2e,designe hjemmeautomasjonssystemer,released,skill/competence,sector-specific,designe hjemmeautomasjonssystemer for boliger med nær nullutslipp | designe smarthussystemer,"Designe et komplett hjemmeautomasjonssystem, under hensyn til hver valgte komponent. Utføre en vekting og en balansering, og avgjør hvilke komponenter og systemer som skal inkluderes i hjemmeautomasjonssystemet, og hvilke som er mindre nyttige å inkludere, med tanke på energisparing.
	",http://data.europa.eu/esco/skill/39fa260c-4f85-48e3-83ce-e292e696c233,designe elektriske eller elektroniske system eller utstyr
KnowledgeSkillCompetence,http://data.europa.eu/esco/skill/27aedf16-e2e9-419d-9ad8-1c3100e0e941,overvåke video- og filmredigeringsteam,released,skill/competence,sector-specific,,Overvåke multimediekunstnere og andre medlemmer av video- og filmredigeringsteamet for å sikre at redigeringen gjøres i tide og i henhold til produksjonsteamets kreative visjon.,http://data.europa.eu/esco/skill/75d8e5d9-bef3-418b-9011-01bff9f27207 | http://data.europa.eu/esco/skill/aab9f44d-fe0e-46d8-a470-11ce82a64846 | http://data.europa.eu/esco/skill/1f1d2ff8-c4c1-45cc-9812-6a7ee84a73cb,lede andre | veilede et team eller en gruppe | lede et team
KnowledgeSkillCompetence,http://data.europa.eu/esco/skill/27b913f0-3c52-448b-ad27-fc6ef08fb326,Adobe Illustrator,released,knowledge,sector-specific,,Dataprogrammet Adobe Illustrator CC er et grafisk IKT-verktøy som muliggjør digital redigering og sammensetning av grafikk for å skape både 2D-raster- eog 2D-vektorgrafikker. Det er utviklet av programvareselskapet Adobe.,http://data.europa.eu/esco/isced-f/0611 | http://data.europa.eu/esco/skill/a71577b2-7550-4222-88ee-dcbd2d881516,bruk av datamaskiner | programvare for redigering av grafikk
KnowledgeSkillCompetence,http://data.europa.eu/esco/skill/27ddcef9-8522-4699-b0e6-2e2b10fd6d13,opprette en nettverksfinansieringskampanje,released,skill/competence,cross-sector,,"Konfigurere en digital innsamlingsaktivitet for et prosjekt ved hjelp av plattform for nettverksfinansiering. Dette innebærer å opprette en profil på en nettverksfinansieringsplattform, lage overbevisende videoer om prosjektet, sette opp målsettingene til kampanjen, overvåke budsjettet, følge opp med givere, bruke sosiale medier osv.
	",http://data.europa.eu/esco/skill/1d4be2e3-ac64-426f-838d-1e7cb8600927,lederegenskaper
KnowledgeSkillCompetence,http://data.europa.eu/esco/skill/2857540c-180b-4208-9127-e94a01871966,justere programvare i tråd med systemarkitektur,released,skill/competence,sector-specific,,"Sørge for at systemdesign og tekniske spesifikasjoner er i tråd med programvarearkitekturen, for å sikre integrasjon og interoperabilitet mellom systemkomponentene.",http://data.europa.eu/esco/skill/f839b1da-78b6-4466-86f4-a5798821ea20,sette opp datasystem
KnowledgeSkillCompetence,http://data.europa.eu/esco/skill/2879e8f6-037a-49ed-ba73-6f7d7766223e,overvåkingssystemer for matavfall,released,knowledge,sector-specific,,"Egenskapene og fordelene ved og måtene å bruke digitale verktøy på for å samle inn, overvåke og evaluere data om matavfall i en organisasjon eller et serveringssted.
	",http://data.europa.eu/esco/isced-f/0612,utvikling og administrasjon av databaser og datanett
KnowledgeSkillCompetence,http://data.europa.eu/esco/skill/2891f0dc-4426-4a9a-8fbb-db4fb0a66f91,Nessus,released,knowledge,sector-specific,,"Dataprogrammet Nessus er et spesialverktøy for IKT som tester svakheter ved sikkerheten til systemet for potensielt uautorisert tilgang til systeminformasjon, utviklet av programvareselskapet Tenable Network Security.",http://data.europa.eu/esco/isced-f/0613 | http://data.europa.eu/esco/skill/de586dcf-d7e5-4340-bf5b-d59026f1b436,utvikling og analyse av programvare og dataprogrammer | verktøy for penetrasjonstesting
KnowledgeSkillCompetence,http://data.europa.eu/esco/skill/28a0fe16-4e03-4d5e-8f0e-5198309e77a9,utføre rettsteknisk bevaring av digitale enheter,released,skill/competence,occupation-specific,,"Bevare integriteten til IKT-enheter, som bærbare og stasjonære datamaskiner og andre digitale medier, ved å lagre dem fysisk og bruke programvare som PTK Forensics og EnCase til å hente ut, lagre og spore digitale opplysninger i henhold til juridiske krav, slik at de kan brukes som bevismateriale ved behov.",http://data.europa.eu/esco/skill/6a7fc30d-af16-4cc5-a957-29d174bdb61c,"innhente, forvalte og lagre data"
KnowledgeSkillCompetence,http://data.europa.eu/esco/skill/28b7d7fb-0483-4877-9aaa-f990f10f16f5,betjene stemmeplukkingssystemer,released,skill/competence,sector-specific,,Betjene stemmestyrte plukksystemer med ulike plukkemetoder; arbeide med muntlige instrukser og meldinger via hodetelefoner og en mikrofon.,http://data.europa.eu/esco/skill/485b2e3b-f883-46d8-901f-ab521d4f8e58,sortere materialer eller produkter
KnowledgeSkillCompetence,http://data.europa.eu/esco/skill/28eb4689-3ba4-47a1-96b0-34a60751ea17,utforme infrastruktur for overflategruver,released,skill/competence,occupation-specific,,Bistå med utforming av gruveinfrastruktur ved hjelp av spesialprogramvare og databeregninger.,http://data.europa.eu/esco/skill/b2c688b0-9106-466d-8b88-eafdfe608e7d,designe strukturer eller fasiliteter
KnowledgeSkillCompetence,http://data.europa.eu/esco/skill/2962214b-cc38-4d20-aa8b-aa120091d743,lage utstillingsmarkedsføringsplan,released,skill/competence,cross-sector,,"Utarbeide markedsføringsplaner for kommende utstillinger; designe og distribuere plakater, brosjyrer og kataloger; formidle idéer til fotografer, grafiske designere og trykkerier; klargjøre artikler for nett og trykk; holde nettsted og sosiale medier oppdatert.",http://data.europa.eu/esco/skill/9c6e951f-aa88-4890-983d-e7a6ee49f5bb | http://data.europa.eu/esco/skill/37272760-957a-4c34-b4f3-780ee285334d,"planlegge markedsføringskampanje | utvikle økonomi-, virksomhets- og markedsføringsplaner"
KnowledgeSkillCompetence,http://data.europa.eu/esco/skill/296f6b56-de45-4aac-aa96-43e4a4864724,blokkjede-arkitektur,released,knowledge,sector-specific,blokkjedestruktur | blockchain-struktur,"Designstrukturen til et peer-to-peer-nettverk av datamaskiner som fungerer som backend for systemer og applikasjoner. Nettverket er konstruert som en virtuell maskin uten et sentralt system som administrerer interaksjoner mellom nodene.
	",http://data.europa.eu/esco/isced-f/0612,utvikling og administrasjon av databaser og datanett
KnowledgeSkillCompetence,http://data.europa.eu/esco/skill/2973b3bc-5893-4b3d-8953-22ef677a162f,kutteteknologier,released,knowledge,cross-sector,,"Mangfoldet av kutteteknologi, som programvare eller mekanikk, guiding av kutteprosesser gjennom lasering, saging, fresing, osv.",http://data.europa.eu/esco/isced-f/0711,kjemiteknikk og kjemiske prosesser
KnowledgeSkillCompetence,http://data.europa.eu/esco/skill/29fb0fb5-dfc4-4098-ac9b-3a712000f48f,administrere database,released,skill/competence,cross-sector,,"Bruke skjemaer og modeller for databasedesign, definere dataavhengigheter, bruke spørringsspråk og databaseadministrasjonssystemer (DBMS) til å utvikle og administrere databaser.",http://data.europa.eu/esco/skill/32c017fd-28ab-4051-bf68-74de952c2f77,administrasjon av informasjon
KnowledgeSkillCompetence,http://data.europa.eu/esco/skill/2a051ae0-e42e-4733-8bb2-de24c4d5e3b8,direkteformidle nyheter på nett,released,skill/competence,sector-specific,,"Direktesendt rapportering på nettet eller blogging i sanntid under viktige arrangementer – et voksende arbeidsfelt, særlig for nasjonale aviser.",http://data.europa.eu/esco/skill/be6ab363-3de1-427f-a8ef-85d5b0250822 | http://data.europa.eu/esco/skill/609a8ac1-9d29-4237-9886-596dbbe7ca8a | http://data.europa.eu/esco/skill/6e62e776-fbfa-486c-a6df-58cd239c86fe,rapportere fakta | opptre foran et publikum | skrive teknisk eller akademisk
KnowledgeSkillCompetence,http://data.europa.eu/esco/skill/2a3a96a3-709e-4d60-81f6-d247d6933f13,administrere systemsikkerhet,released,skill/competence,sector-specific,,Analysere et selskaps kritiske aktiva og identifisere svakheter og sårbarheter som fører til inngrep eller angrep. Bruke påvisningsteknikker innen sikkerhet. Forstå nettangrepsteknikker og iverksette effektive mottiltak.,http://data.europa.eu/esco/skill/185c56ee-098f-46a1-af87-56337085da6f,beskytte it-enheter
KnowledgeSkillCompetence,http://data.europa.eu/esco/skill/2a69d6a0-b90f-4d50-bef8-a05d6704575d,bruke medieprogramvare,released,skill/competence,occupation-specific,,"Bruke hovedsakelig visuell programmeringsprogramvare slik som lyd, belysning, bilde, opptak, bevegelseskontroll, UV-kartlegging, utvidet virkelighet, virtuell virkelighet eller 3D-prosjekteringsprogramvare. Denne programvaren kan brukes for eksempel i forbindelse med forestillinger og arrangementer.
	",http://data.europa.eu/esco/skill/c53a55a1-8b2b-4d2c-b12d-626742a3833a,bruke digitale verktøy for lyd- og bildebehandling
KnowledgeSkillCompetence,http://data.europa.eu/esco/skill/2af29864-c941-40a5-ae7b-2b6c4b92c0d7,talegjenkjenning,released,knowledge,sector-specific,,Utvikling i databehandlingsfeltet der stemmen kan gjenkjennes av maskiner som presenterer resultatene av det talte fragmentet eller kommandoen.,http://data.europa.eu/esco/isced-f/0232,litteratur og lingvistikk
KnowledgeSkillCompetence,http://data.europa.eu/esco/skill/2afb2b59-c9a3-4cf3-b1dd-1a2fad51e583,3D-utskriftsprosess,released,knowledge,sector-specific,,Gjengi 3D-objekter ved hjelpe av teknologier for 3D-printing.,http://data.europa.eu/esco/skill/99981dbd-6f0f-495d-a67f-20ad0f9ef6f3 | http://data.europa.eu/esco/skill/a507f45d-0894-4803-b1cd-9ca7f15c9299 | http://data.europa.eu/esco/isced-f/0211,utskriftsmedier | prosesser relatert til trykte varer | audiovisuell teknikk og medieproduksjon
KnowledgeSkillCompetence,http://data.europa.eu/esco/skill/2b24cbb7-f94e-43c1-8377-138f80ad5c19,utvikle oversettelsesminneprogramvare,released,skill/competence,sector-specific,,"Utvikle og forbedre programvare for oversettelsesminner, som henter tilsvarende måltekster i eksisterende databaser ved oversetting fra ett språk til et annet.",http://data.europa.eu/esco/skill/a8c3186b-c791-4d57-8f4f-4d12c7a5c6a7,programmering av datasystemer
KnowledgeSkillCompetence,http://data.europa.eu/esco/skill/2b285a57-4add-453e-af5d-3d986a65c8fe,bruke datatelefoniintegrering,released,skill/competence,sector-specific,,Bruke teknologi som muliggjør samhandling mellom telefoner og datamaskiner. Gjøre det mulig med telefonitjenester direkte fra skrivebordet på datamaskinen.,http://data.europa.eu/esco/skill/4d6a48ae-352e-4823-bc3a-3f3e9e2cae86,tilgang til og analyse av digitale data
KnowledgeSkillCompetence,http://data.europa.eu/esco/skill/2b34764d-637c-48f5-aa70-31e15c965db6,utvikle programvare med åpen kildekode,released,skill/competence,sector-specific,,"Utvikle programvare med åpen kildekode. Ha kjennskap til de mest relevante modellene med åpen kildekode, lisensieringsplaner og kodingspraksisen som vanligvis brukes når programvare med åpen kildekode utvikles.
	",http://data.europa.eu/esco/skill/a8c3186b-c791-4d57-8f4f-4d12c7a5c6a7,programmering av datasystemer
KnowledgeSkillCompetence,http://data.europa.eu/esco/skill/2b34a99f-9813-4c91-9509-b6b9b8c3132e,samarbeide gjennom digitale teknologier,released,skill/competence,cross-sector,,Bruke digitale verktøy og teknologier i samarbeidsprosesser og til sambygging og samskaping av ressurser og kunnskap.,http://data.europa.eu/esco/skill/574257ea-7b64-4100-b7b6-e27c233fe143 | http://data.europa.eu/esco/skill/98fb499f-9155-412d-a8a0-95ba97126fec,digital kommunikasjon og digitalt samarbeid | bruke digitale verktøy for samarbeid og produktivitet
KnowledgeSkillCompetence,http://data.europa.eu/esco/skill/2b544b2c-f22d-40e6-8578-3cb65554643a,elektroniske låser,released,knowledge,occupation-specific,,"Låseenheter som bruker elektrisk strøm til drift. Elektroniske låser bruker motorer, magnetventiler eller magneter for å aktivere låsen. Ofte har elektroniske låser et system for adgangskontroll og behov for autentisering, som passord, fingeravtrykk eller brikke.",http://data.europa.eu/esco/isced-f/0716,"motorvogner, skip og luftfartøy"
KnowledgeSkillCompetence,http://data.europa.eu/esco/skill/2b6bc32d-c60d-435b-931f-79bd3404f8b9,bruke opptakssystemer for opptredener foran publikum,released,skill/competence,occupation-specific,,"Bruke utstyr og programvare til å spore bevegelser og andre fysiske fenomener ved bildeanalyse, kodere eller sensorer for å generere kontrollsignaler til bruk ved forestillinger og arrangement.
	",http://data.europa.eu/esco/skill/c53a55a1-8b2b-4d2c-b12d-626742a3833a,bruke digitale verktøy for lyd- og bildebehandling
KnowledgeSkillCompetence,http://data.europa.eu/esco/skill/2b7a79e5-84d8-4880-be66-3d9bb05bea17,bruke programvaredesignmønstre,released,skill/competence,sector-specific,,"Bruke gjenbrukbare løsninger, formalisert beste praksis, for å løse vanlige IKT-oppgaver innen programvareutvikling og -design.",http://data.europa.eu/esco/skill/3bddfd7c-ab6d-40c2-883d-5e97fb7640ba | http://data.europa.eu/esco/skill/b590d4e5-7c62-4b4a-abc2-c270b482e0ce,utarbeide programvaredesign | designe it-system eller -programvare
KnowledgeSkillCompetence,http://data.europa.eu/esco/skill/2b834a98-14ff-47e1-8aef-cf8ffae912fa,samle inn kartleggingsdata,released,skill/competence,cross-sector,,Samle inn og bevare kartleggingsressurser og kartdata.,http://data.europa.eu/esco/skill/29dcc31e-a8d6-4a62-b3c1-2de81e966e39,samle opplysninger fra fysiske eller elektroniske kilder
KnowledgeSkillCompetence,http://data.europa.eu/esco/skill/2b92a5b2-6758-4ee3-9fb4-b6387a55cc8f,utføre dataanalyse,released,skill/competence,cross-sector,,"Samle inn data og statistikk som skal testes og vurderes, for å generere påstander og mønsterprognoser med henblikk på å oppdage nyttig informasjon i en beslutningsprosess.",http://data.europa.eu/esco/skill/6a7fc30d-af16-4cc5-a957-29d174bdb61c,"innhente, forvalte og lagre data"
KnowledgeSkillCompetence,http://data.europa.eu/esco/skill/2bde42ae-e776-41c1-9ded-b07b30bfe985,Prolog (dataprogrammering),released,knowledge,sector-specific,,"Teknikker og prinsipper for programvareutvikling, f.eks. analyse, algoritmer, koding, testing og sammenstilling av programmeringsparadigmer i Prolog.",http://data.europa.eu/esco/skill/21d2f96d-35f7-4e3f-9745-c533d2dd6e97 | http://data.europa.eu/esco/isced-f/0613,dataprogrammering | utvikling og analyse av programvare og dataprogrammer
KnowledgeSkillCompetence,http://data.europa.eu/esco/skill/2c28fc20-8a60-4311-8899-5ef8729c05b3,designe prosess,released,skill/competence,cross-sector,utforme prosess,"Identifisere arbeidsflyten og ressursbehovene for en bestemt prosess ved hjelp av ulike verktøy, som prosessimuleringsprogramvare, flytdiagrammer og skalamodeller.",http://data.europa.eu/esco/skill/883eab8c-d8a6-4e8b-9b11-7d9001e172ab,designe systemer og produkter
KnowledgeSkillCompetence,http://data.europa.eu/esco/skill/2c4e11ef-da18-4e19-816b-e6bc19e12424,bruke logikkprogrammering,released,skill/competence,sector-specific,,"Bruke spesialiserte IKT-verktøy til å lage datamaskinkode som består av serier med setninger i logisk form, som uttrykker regler og fakta om en problemstilling. Bruke programmeringsspråk som støtter denne metoden, for eksempel Prolog, Answer Set Programming og Datalog.",http://data.europa.eu/esco/skill/a8c3186b-c791-4d57-8f4f-4d12c7a5c6a7,programmering av datasystemer
KnowledgeSkillCompetence,http://data.europa.eu/esco/skill/2d6d4784-0992-48e7-b100-22d7229b3f0a,innarbeide spesifikasjoner i visuelle design,released,skill/competence,cross-sector,,"Utvikle visuelt design med utgangspunkt i spesifikasjoner og krav basert på analyse av omfanget og målgruppen. Lage en visuell gjengivelse av ideer som logoer, nettstedsgrafikk, digitale spill og oppsett.
	",http://data.europa.eu/esco/skill/f058bf62-70d1-4f5e-be2a-8b26fac24a96 | http://data.europa.eu/esco/skill/ab99d9a7-62eb-407b-92f2-bf7992a82004,designgrafikk | skape kunstneriske design eller forestillinger
KnowledgeSkillCompetence,http://data.europa.eu/esco/skill/2daec0e6-f0c1-43e8-8178-aedba99130ec,etablere dataprosesser,released,skill/competence,sector-specific,,"Bruke IKT-verktøy til å gjennomføre matematiske, algoritmiske eller andre typer datamanipulasjonsprosesser for å skape informasjon.",http://data.europa.eu/esco/skill/6a7fc30d-af16-4cc5-a957-29d174bdb61c,"innhente, forvalte og lagre data"
KnowledgeSkillCompetence,http://data.europa.eu/esco/skill/2ddb1226-1117-4eb4-ae65-3a2f5a5a3c80,Sikkerhetsrisikoer for IKT-nettverk,released,knowledge,sector-specific,,"Risikofaktorer, som maskinvare- og programvarekomponenter, enheter, grensesnitt og retningslinjer i IKT-nettverk, risikovurderingsmetoder som kan anvendes for å vurdere alvorlighetsgraden og følgene av trusler og beredskapsplaner for hver sikkerhetsrisikofaktor.",http://data.europa.eu/esco/isced-f/0612,utvikling og administrasjon av databaser og datanett
KnowledgeSkillCompetence,http://data.europa.eu/esco/skill/2e1888d8-97f7-4c91-8874-e2ef0e47f94f,lage digitale filer,released,skill/competence,sector-specific,,Lage digitale filer på et datasystem etter å ha sjekket trykkvaliteten eller skannede dokumenter for feil.,http://data.europa.eu/esco/skill/b769f524-0f25-44d7-8538-5c46710a040e | http://data.europa.eu/esco/skill/6a7fc30d-af16-4cc5-a957-29d174bdb61c,"administrere digitale dokumenter | innhente, forvalte og lagre data"
KnowledgeSkillCompetence,http://data.europa.eu/esco/skill/2eae92cf-5f21-43e7-aa41-ab65b00c1b92,betjene totalisatortavle,released,skill/competence,occupation-specific,,"Betjene en totalisatortavle, enten manuelt eller med programvare som Autotote.",http://data.europa.eu/esco/skill/0a88a13f-693a-4dde-b44c-22e6f98fabc6,betjene kommunikasjonsutstyr
KnowledgeSkillCompetence,http://data.europa.eu/esco/skill/2ef6bebc-2133-47df-b26a-f38f51b0f867,datamaskinhistorie,released,knowledge,sector-specific,,Datautviklingens historie som en del av det digitaliserende samfunnet.,http://data.europa.eu/esco/skill/2b22f3b1-5de4-43f9-b6d1-b20f65871268 | http://data.europa.eu/esco/isced-f/0222,historie | historie og arkeologi
KnowledgeSkillCompetence,http://data.europa.eu/esco/skill/2f04bb71-d476-43b3-a60b-5df1d05f5681,Octopus Deploy,released,knowledge,sector-specific,,Verktøyet Octopus Deploy er et programvare som brukes til å automatisere ASP.NET-applikasjoners distribusjon til lokale tjenere eller skytjenere.,http://data.europa.eu/esco/skill/9d2e926f-53d9-41f5-98f3-19dfaa687f3f | http://data.europa.eu/esco/isced-f/0613,verktøy for programvarekonfigurasjonsstyring | utvikling og analyse av programvare og dataprogrammer
KnowledgeSkillCompetence,http://data.europa.eu/esco/skill/2f05d09d-7e91-423c-9210-19da0b0e34c6,vedlikeholde irrigasjonskontrollere,released,skill/competence,sector-specific,,"Vedlikeholde og programmere ulike typer irrigasjonskontrollere, herunder mekaniske, solcelledrevne, digitale og datastyrte systemer.",http://data.europa.eu/esco/skill/cb073ba6-30bd-4fd5-871a-15b0fb1fa930 | http://data.europa.eu/esco/skill/ec0401f1-f690-46be-934b-f6f5611085f5,"vedlikeholde vanningsanlegg | vedlikeholde elektrisitets-, elektro- og presisjonsutstyr"
KnowledgeSkillCompetence,http://data.europa.eu/esco/skill/2f6e5619-2478-475f-a414-ec05c2b72795,betjene havnekommunikasjonssystemer,released,skill/competence,sector-specific,,"Betjene telefon- og radiosystemer og mer komplekse kommunikasjonssystemer som brukes i havner på innlands vannveier, for å koordinere havneoperasjoner.",http://data.europa.eu/esco/skill/9bafaea2-76cd-4532-ab77-8b3d21fa6235 | http://data.europa.eu/esco/skill/e58a3832-4e13-458e-8efd-bfa251eed702 | http://data.europa.eu/esco/skill/0a88a13f-693a-4dde-b44c-22e6f98fabc6 | http://data.europa.eu/esco/skill/94f5e909-48c5-4782-9005-84d793dd01ba,koordinere ekstern kommunikasjon | vedlikeholde driftskommunikasjon | betjene kommunikasjonsutstyr | lede portoperasjoner
KnowledgeSkillCompetence,http://data.europa.eu/esco/skill/2f954283-4642-409a-8e9b-d6ae0a11b358,bruke meteorologiske verktøy for å forutsi meteorologiske forhold,released,skill/competence,sector-specific,,"Bruke meteorologiske data og verktøy som værfakser, værdiagrammer og dataterminaler til å forutse værforhold.",http://data.europa.eu/esco/skill/d519fadd-85bf-475f-bf14-c53a0290687d,overvåke miljøforhold
KnowledgeSkillCompetence,http://data.europa.eu/esco/skill/300d432b-f457-4cd3-9cb1-1858c7d14954,OpenEdge Advanced Business Language,released,knowledge,sector-specific,,"Teknikker og prinsipper for programvareutvikling, som analyse, algoritmer, koding, testing og sammenstilling av programmeringsparadigmer i OpenEdge Advanced Business Language.",http://data.europa.eu/esco/skill/21d2f96d-35f7-4e3f-9745-c533d2dd6e97 | http://data.europa.eu/esco/isced-f/0613,dataprogrammering | utvikling og analyse av programvare og dataprogrammer
KnowledgeSkillCompetence,http://data.europa.eu/esco/skill/3093881b-74f6-48e1-820e-50831b0d0775,gjennomføre videotelemetri,released,skill/competence,sector-specific,,"Registrere hjernebølger over flere dager, kombinert med videobilder fra et kamera, for å fastslå om epilepsikirurgi er gjennomførbart.",http://data.europa.eu/esco/skill/d700aa7a-0ed8-4967-a32c-4cb6075ab3b9,diagnostisere helsetilstand
KnowledgeSkillCompetence,http://data.europa.eu/esco/skill/30d926ba-1615-417c-a799-e24a3ea239b9,betjene toveis radiosystemer,released,skill/competence,sector-specific,,"Bruke radioer som kan sende og motta signaler for å kommunisere med tilsvarende radioer på samme frekvens, f.eks. mobiltelefoner og walkie-talkier.",http://data.europa.eu/esco/skill/3007c147-5c93-47a8-be0a-378a040c9fa9 | http://data.europa.eu/esco/skill/0256f6b0-f4a9-4c5e-9cfd-96d58a2a70fe | http://data.europa.eu/esco/skill/0a88a13f-693a-4dde-b44c-22e6f98fabc6,betjene radionavigeringsinstrumenter | betjene radioutstyr | betjene kommunikasjonsutstyr
KnowledgeSkillCompetence,http://data.europa.eu/esco/skill/3140d979-2d6a-4c10-add9-f7091103829f,lage premisser for dataspill,released,skill/competence,occupation-specific,,Utvikle og formidle alle sider ved spillets overordnede visjon. Kommunisere og samarbeide med tekniske og kunstneriske team og designteam for å gjennomføre spillets visjon.,http://data.europa.eu/esco/skill/c624c6a3-b0ba-4a31-a296-0d433fe47e41 | http://data.europa.eu/esco/skill/f08e2bd6-0366-4948-a670-1f03f130126f | http://data.europa.eu/esco/skill/ab99d9a7-62eb-407b-92f2-bf7992a82004,tenke kreativt | skape nye konsepter | skape kunstneriske design eller forestillinger
KnowledgeSkillCompetence,http://data.europa.eu/esco/skill/31587950-8b69-4a15-91c2-74dae22d38a4,understøtte lydsysteminstallasjon,released,skill/competence,sector-specific,,Støtte teamets installasjonsarbeid på stedet. Feilsøke og feilrette lydsystemer.,http://data.europa.eu/esco/skill/334e3e49-fb02-4051-809a-f06adfdc1c40 | http://data.europa.eu/esco/skill/5ae6743f-8241-49f8-b447-0df43756cb1c | http://data.europa.eu/esco/skill/a7065828-10aa-4aba-b7d4-f23a30df5060,"feilsøke | koordinere lydsystemprogrammer | installere og reparere elektrisitets-, elektro- og presisjonsutstyr"
KnowledgeSkillCompetence,http://data.europa.eu/esco/skill/31d35d3d-2bf2-49aa-9c20-92566ef80277,bruke IKT-systemer,released,skill/competence,cross-sector,,Velge og bruke IKT-systemer til en rekke komplekse oppgaver for å kunne oppfylle en rekke ulike behov.,http://data.europa.eu/esco/skill/4d6a48ae-352e-4823-bc3a-3f3e9e2cae86,tilgang til og analyse av digitale data
KnowledgeSkillCompetence,http://data.europa.eu/esco/skill/31f53419-4bce-4b10-986a-70a9c7ac41a3,mikromobilitetsenheter,released,knowledge,sector-specific,,"De ulike typene lette kjøretøyer til personlig bruk, for eksempel bysykler, elsykler, elsparkesykler, elektriske skateboard.
	",http://data.europa.eu/esco/isced-f/104,transporttjenester
KnowledgeSkillCompetence,http://data.europa.eu/esco/skill/3233330f-bb93-47ea-93b4-ed903d05d9f1,sette opp multimedieutstyr,released,skill/competence,occupation-specific,,Sette opp og teste multimedieutstyr og relaterte systemer og teknologier i samsvar med spesifikasjonene.,http://data.europa.eu/esco/skill/8ddcb295-707e-459c-ba6a-66ffb37835c5,betjene audiovisuelt utstyr
KnowledgeSkillCompetence,http://data.europa.eu/esco/skill/32428b21-514b-42c2-81b5-244a7804ea74,anskaffelse av IKT-nettverksutstyr,released,knowledge,sector-specific,,Produkter som er tilgjengelige hos leverandører av nettverksutstyr samt metoder for å velge ut og skaffe utstyret.,http://data.europa.eu/esco/isced-f/0612,utvikling og administrasjon av databaser og datanett
KnowledgeSkillCompetence,http://data.europa.eu/esco/skill/32a2c63d-2d13-4784-abb8-678ef2cd8a46,maskinoversettelse,released,knowledge,sector-specific,,Datafeltet som forsker på bruk av programvare for oversetting av tekst eller tale fra ett språk til et annet.,http://data.europa.eu/esco/isced-f/0613,utvikling og analyse av programvare og dataprogrammer
KnowledgeSkillCompetence,http://data.europa.eu/esco/skill/3325729c-96db-4217-a9ca-4564cc1f909b,bruke polygonal modellering,released,skill/competence,occupation-specific,,Gjengi 3D-modeller ved hjelp av linjesegmenter mellom punkter for å lage polygonnett på overflater.,http://data.europa.eu/esco/skill/b1115b14-fa16-4c1e-be6c-91fd49a1808b,bruke dataassisterte design- og tegneverktøy
KnowledgeSkillCompetence,http://data.europa.eu/esco/skill/33841903-78d8-4273-950d-755248290c2d,drive med forskning på bakkesystemer,released,skill/competence,occupation-specific,,"Gjennomføre forskning på bakkesystemer og maskinvare; forske på kryptering, nettverk og masselagring.",http://data.europa.eu/esco/skill/7eafec38-621a-4b6e-9298-bfe70ec0b253,utføre akademiske undersøkelser eller markedsundersøkelser
KnowledgeSkillCompetence,http://data.europa.eu/esco/skill/33a82b83-c838-4889-ae62-fae1317481eb,beskytte personopplysninger og personvern,released,skill/competence,cross-sector,,"Beskytte personopplysninger og ivareta personvernet i digitale miljøer. Forstå hvordan du skal bruke og dele personlig identifiserbare opplysninger, samtidig som du beskytter deg selv og andre mot skade. Forstå at digitale tjenester benytter en «personvernpolicy» for å informere om hvordan personopplysninger brukes.",http://data.europa.eu/esco/skill/426ceaba-6867-481c-bb6b-aee3933da7d2 | http://data.europa.eu/esco/skill/2b6e15f5-dfa0-4e7c-9687-5665b07e56a4,IKT-sikkerhet | beskytte personvern og personopplysninger
KnowledgeSkillCompetence,http://data.europa.eu/esco/skill/33b55d3a-81f5-45cb-af40-06cd54db78e1,mate ut elektroniske filer,released,skill/competence,sector-specific,,Laste inn elektroniske filer fra kunder på klargjøringsfilserveren samtidig som det kontrolleres at de er fullstendige og feilfrie. Kommunisere om eventuelle problemer med kunder og produksjonspersonell.,http://data.europa.eu/esco/skill/b769f524-0f25-44d7-8538-5c46710a040e | http://data.europa.eu/esco/skill/9bdf8a77-8524-43da-bac6-d15d22e1b7ed,administrere digitale dokumenter | legge inn og transformere opplysninger
KnowledgeSkillCompetence,http://data.europa.eu/esco/skill/33d49d4f-31ec-473f-9b8a-b555aa5116bb,Iterativ utvikling,released,knowledge,sector-specific,,Den iterative utviklingsmodellen er en metode for utforming av programvaresystemer og programmer.,http://data.europa.eu/esco/skill/bec4359e-cb92-468f-a997-8fb28e32fba9 | http://data.europa.eu/esco/isced-f/0613,Metoder innen IKT-prosjektledelse | utvikling og analyse av programvare og dataprogrammer
KnowledgeSkillCompetence,http://data.europa.eu/esco/skill/33efa504-2f26-424d-b662-cee77e6e9c93,digital identitetsstyring,released,knowledge,sector-specific,metoder for digital identitet | digitale identitetsmetoder | IAM,"Prosessen med å tilby, administrere, revidere og sikre digitale identiteter for å lette og muliggjøre godkjente, autentiske forespørsler eller tilkoblinger for å se bedriftsdata, tjenester, systemer, nettverk og eiendeler.
	",http://data.europa.eu/esco/isced-f/0612,utvikling og administrasjon av databaser og datanett
KnowledgeSkillCompetence,http://data.europa.eu/esco/skill/3413584b-a4e9-4f8d-b836-c9bfee0ed80b,behandle data fra jernbanekontrollrom,released,skill/competence,sector-specific,,"Tolke data generert i kontrollrom i jernbanestasjoner. Bruke den innsamlede informasjonen til å identifisere feil på mekanisk utstyr, ruteendringer og identifisere hendelser som kan inntreffe; sørge for løsninger ved hendelser og minske innvirkningen på driften.
	",http://data.europa.eu/esco/skill/f2cf57fe-d4cb-4b4a-831d-73171cc73909 | http://data.europa.eu/esco/skill/9af1bd12-01bd-4d6a-947b-69e64f23150a,"evaluere system, program, utstyr og produkter | prosessere kvalitativ informasjon"
KnowledgeSkillCompetence,http://data.europa.eu/esco/skill/348b74cd-49ce-4844-8bdf-ec188b497213,visuelle presentasjonsteknikker,released,knowledge,sector-specific,,"De visuelle representasjons- og interaksjonsteknikkene, som histogrammer, spredningsdiagrammer, overflatediagrammer, trekart og parallelle koordinatdiagrammer, som kan brukes til å presentere abstrakte numeriske og ikke-numeriske data for å styrke den menneskelige forståelsen av disse opplysningene.",http://data.europa.eu/esco/isced-f/0211,audiovisuell teknikk og medieproduksjon
KnowledgeSkillCompetence,http://data.europa.eu/esco/skill/34928d4f-16e2-46a7-937a-c46838f550eb,betaling per klikk,released,knowledge,occupation-specific,,Annonseringsmodell på internett der en annonse er plassert på et nettsted som dirigerer trafikk til et annet nettsted. Utgiveren får betalt for hvert klikk på banneret.,http://data.europa.eu/esco/isced-f/0414,markedsføring og reklame
KnowledgeSkillCompetence,http://data.europa.eu/esco/skill/3497ebe1-d417-4105-a68f-f7bbcac7ee5f,IKT-maskinvarespesifikasjoner,released,knowledge,cross-sector,,"Egenskaper, bruk og drift av ulike maskinvareprodukter, som skrivere, skjermer og bærbare datamaskiner.",http://data.europa.eu/esco/isced-f/0611,bruk av datamaskiner
KnowledgeSkillCompetence,http://data.europa.eu/esco/skill/34982b79-842f-4835-8598-d27793731d26,administrere bibliotekbrukernes forespørsler,released,skill/competence,occupation-specific,,"Søke i biblioteksdatabaser og standard referansemateriale, herunder nettkilder, for å hjelpe brukere med å få svar på spørsmål.",http://data.europa.eu/esco/skill/ba93b71b-c433-4a01-8246-ed2daa85a9a2 | http://data.europa.eu/esco/skill/32c017fd-28ab-4051-bf68-74de952c2f77,foreta søk på nett | administrasjon av informasjon
KnowledgeSkillCompetence,http://data.europa.eu/esco/skill/34bc01ed-dd78-49c7-bcfb-c17bb66688b5,teste kraftelektronikk,released,skill/competence,occupation-specific,validere batteriplanlegging | samle data om kraftelektronikk | analysere kraftelektronikk | utføre batteridiagnose | vurdere kraftelektronikk | analysere batterifeil,"Teste kraftelektronikken ved hjelp av egnet utstyr. Samle inn og analyser data om systemer og komponenter, slik som analog og digital kretstoleranse, strømtap og generell effektivitet, etter hvert som elektrisitet går sin gang gjennom kretsene. Overvåke og vurdere systemets ytelse og iverksette tiltak dersom det er nødvendig.
	",http://data.europa.eu/esco/skill/465ff64a-1271-4064-8ed1-e969cb68d8b4 | http://data.europa.eu/esco/skill/f7fc7bf8-f41d-44af-81e3-09b88e9779e6,utføre testkjøring | teste elektriske og mekaniske systemer eller utstyr
KnowledgeSkillCompetence,http://data.europa.eu/esco/skill/3501ac95-4574-4420-92b7-67331e649462,administrere trådløs signaldistribusjon med flere frekvenser,released,skill/competence,occupation-specific,,"Administrere oppsett av trådløst utstyr for distribusjon av trådløse kontrollsignaler i forbindelse med forestillinger og arrangementer. Utvikle frekvensplaner, konfigurere, teste og overvåke utstyr og måle frekvensspekteret. Påse at det ikke er noen interferens mellom de forskjellige frekvensene og kanalene, og ivareta bransjestandardsikkerheten for disse enhetene.
	",http://data.europa.eu/esco/skill/8ddcb295-707e-459c-ba6a-66ffb37835c5,betjene audiovisuelt utstyr
KnowledgeSkillCompetence,http://data.europa.eu/esco/skill/359b5031-74da-418f-bd97-6f4e66eb9851,utskrift på storskalamaskiner,released,knowledge,sector-specific,,"Metoder, prosesser og begrensninger knyttet til utskrift på maskiner som produserer store mengder og størrelser av grafisk materiale.",http://data.europa.eu/esco/isced-f/0211,audiovisuell teknikk og medieproduksjon
KnowledgeSkillCompetence,http://data.europa.eu/esco/skill/36500a31-3204-45b2-bf75-5cfe06d9cea2,anvende termostyring,released,skill/competence,sector-specific,,"Levere termostyringsløsninger for produktdesign, systemutvikling og elektroniske enheter som brukes til å beskytte høyeffektsystemer og -anvendelser i krevende miljøer. Disse kan til slutt tilpasses i henhold til kundens og andre ingeniørers ønsker.",http://data.europa.eu/esco/skill/185c56ee-098f-46a1-af87-56337085da6f,beskytte it-enheter
KnowledgeSkillCompetence,http://data.europa.eu/esco/skill/367c240d-5f34-423a-86b1-866ad27206ea,digitalisere dokumenter,released,skill/competence,cross-sector,,Laste inn analoge dokumenter ved å konvertere dem til digitalt format ved hjelp av spesialmaskinvare og -programvare.,http://data.europa.eu/esco/skill/b769f524-0f25-44d7-8538-5c46710a040e | http://data.europa.eu/esco/skill/9af1bd12-01bd-4d6a-947b-69e64f23150a | http://data.europa.eu/esco/skill/6a7fc30d-af16-4cc5-a957-29d174bdb61c,"administrere digitale dokumenter | prosessere kvalitativ informasjon | innhente, forvalte og lagre data"
KnowledgeSkillCompetence,http://data.europa.eu/esco/skill/3703eac1-8941-4d14-b305-b03f653b08c8,lage nyhetsinnhold på nettet,released,skill/competence,sector-specific,,"Skape og laste opp nyhetsinnhold til f.eks. nettsteder, blogger og sosiale medier.",http://data.europa.eu/esco/skill/96a67da1-881f-4d09-927e-ac75fcff4d93 | http://data.europa.eu/esco/skill/d1815c8a-7755-4fe3-bacf-68bb0b6a0b55,sette sammen innhold | utarbeide instruksjoner eller reklamemateriell
KnowledgeSkillCompetence,http://data.europa.eu/esco/skill/377861af-f966-4c87-a2db-7e99904312b9,geografiske informasjonssystemer,released,knowledge,sector-specific,,"Verktøy som er involvert i geografisk kartlegging og posisjonering, som GPS (global posisjoneringsystem), GIS (geografiske informasjonssystemer) og RS (fjernmåling).",http://data.europa.eu/esco/isced-f/0532,jordvitenskap
KnowledgeSkillCompetence,http://data.europa.eu/esco/skill/378caeec-10a0-4162-b75c-ab374a42e93d,e-innkjøp,released,knowledge,sector-specific,,Funksjonene og metodene som brukes for å styre elektroniske kjøp.,http://data.europa.eu/esco/isced-f/0416,engros- og detaljsalg
KnowledgeSkillCompetence,http://data.europa.eu/esco/skill/37a438f3-e28c-4e32-83c5-299f047c1dc9,anvende verktøy for innholdsutvikling,released,skill/competence,cross-sector,,"Bruke spesialiserte verktøy for innholdsutvikling, som systemer for innholds- og terminologibehandling, systemer for oversettelsesminner, språksjekkere og redigeringsprogrammer, for å generere, sette sammen og transformere innhold i tråd med angitte standarder.",http://data.europa.eu/esco/skill/98fb499f-9155-412d-a8a0-95ba97126fec,bruke digitale verktøy for samarbeid og produktivitet
KnowledgeSkillCompetence,http://data.europa.eu/esco/skill/382c11ed-20d5-4ae7-b60e-15fec527fa6c,anvende statistiske analyseteknikker,released,skill/competence,cross-sector,,"Bruke modeller (beskrivende eller inferensiell statistikk) og teknikker (datautvinning eller maskinlæring) for statistisk analyse og IKT-verktøy til å analysere data, avdekke korrelasjoner og forutse trender.",http://data.europa.eu/esco/skill/19ba11f3-9c99-41fd-a7c9-f77e6a026186 | http://data.europa.eu/esco/skill/1f2950c0-ef1e-44b4-9a55-125ccd7b78af,utføre beregninger | analyse og evaluering av informasjon og data
KnowledgeSkillCompetence,http://data.europa.eu/esco/skill/38716afc-a93b-44ab-96cc-2ecf67edcf32,utføre refaktorering av nettskyen,released,skill/competence,sector-specific,refaktore,"Optimalisere programmet for best mulig bruk av skytjenester og -funksjoner, migrere eksisterende programkode for å kjøre på skyinfrastruktur.
	",http://data.europa.eu/esco/skill/1e7ed56a-6d6b-422f-962e-38543d150755 | http://data.europa.eu/esco/skill/a8c3186b-c791-4d57-8f4f-4d12c7a5c6a7,administrere endringer i IKT-system | programmering av datasystemer
KnowledgeSkillCompetence,http://data.europa.eu/esco/skill/38da3c60-4b7c-4698-9256-574e4ee4e93b,kunnskapsbase,released,knowledge,cross-sector,IT kunnskapsgrunnlag | IT-kunnskapsbase,"Et nettbibliotek som inneholder informasjon om et produkt eller en tjeneste for å hjelpe kunder med å finne svar på deres spørsmål.
	",http://data.europa.eu/esco/isced-f/0612,utvikling og administrasjon av databaser og datanett
KnowledgeSkillCompetence,http://data.europa.eu/esco/skill/397da142-ab35-48fe-b154-7c38f447adfb,digitale systemer,released,knowledge,cross-sector,digitale informasjonssystemer,"Systemer for å lagre, behandle og spre informasjon i digital form. De er maskinvare, programvare og nettverk, samt måtene disse kan brukes på.
	",http://data.europa.eu/esco/isced-f/0688,tverrfaglige programmer og kvalifikasjoner innen informasjons- og kommunikasjonsteknologi (ikt)
KnowledgeSkillCompetence,http://data.europa.eu/esco/skill/398b4b25-fb61-4003-9293-50914d8bfcba,drifte en medieserver,released,skill/competence,cross-sector,,Opprette og drive en medieserver.,http://data.europa.eu/esco/skill/f839b1da-78b6-4466-86f4-a5798821ea20,sette opp datasystem
KnowledgeSkillCompetence,http://data.europa.eu/esco/skill/3a09d732-08b9-4c90-8fd3-34e2d69ce084,forklare blokkjedeimplikasjoner,released,skill/competence,sector-specific,analysere implikasjonene av blockchain for styringsformål | analysere implikasjonene av blokkjede for styringsformål | forklare praktiske implikasjoner av blockchain,"Forklare konsekvensene, innvirkningen og implikasjonene av å bruke blokkjedeteknologi på forretningsprosessene de driver, så vel som i større skala, inkludert sosiale og økologiske aspekter.
	",http://data.europa.eu/esco/skill/cd9c487e-09ad-4b82-854b-118feb01f2ed,informasjonsferdigheter
KnowledgeSkillCompetence,http://data.europa.eu/esco/skill/3a2d5b45-56e4-4f5a-a55a-4a4a65afdc43,maskinlæring,released,knowledge,cross-sector,ML,"Prinsippene, metodene og algoritmene for maskinlæring, et underfelt av kunstig intelligens. Vanlige maskinlæringsmodeller som overvåkede eller ikke-overvåkede modeller, delvis overvåkede modeller og modeller for forsterkende læring.
	",http://data.europa.eu/esco/skill/e465a154-93f7-4973-9ce1-31659fe16dd2 | http://data.europa.eu/esco/isced-f/0619,prinsipper for kunstig intelligens | ikke annetsteds klassifisert informasjons- og kommunikasjonsteknologi
KnowledgeSkillCompetence,http://data.europa.eu/esco/skill/3a33cec3-4b44-471a-8864-5cc8567a8b1f,CADD-programvare,released,knowledge,cross-sector,,Datastøttet design og tegning (CADD) er bruk av datateknologi for design og designdokumentasjon. CAD-programvaren erstatter manuell tegning med automatiserte prosesser.,http://data.europa.eu/esco/skill/a2b5dcf3-5b6a-453d-876c-cff540c0faf1 | http://data.europa.eu/esco/isced-f/0613,CAD-programvare | utvikling og analyse av programvare og dataprogrammer
KnowledgeSkillCompetence,http://data.europa.eu/esco/skill/3af687cb-8c7a-46ea-a730-32dbaed040c6,Oracle Data Integrator,released,knowledge,sector-specific,,"Dataprogrammet Oracle Data Integrator er et verktøy for integrering av informasjon fra flere programmer, opprettet og vedlikeholdt av organisasjoner, i en konsistent og gjennomsiktig datastruktur, utviklet av programvareselskapet Oracle.",http://data.europa.eu/esco/skill/9d0d89be-bffa-4393-b6f6-8d05bea49051 | http://data.europa.eu/esco/isced-f/0612,"verktøy for datautvinning, -transformering og -lasting | utvikling og administrasjon av databaser og datanett"
KnowledgeSkillCompetence,http://data.europa.eu/esco/skill/3bddfd7c-ab6d-40c2-883d-5e97fb7640ba,utarbeide programvaredesign,released,skill/competence,sector-specific,,Omdanne en rekke krav til et tydelig og organisert programvaredesign.,http://data.europa.eu/esco/skill/b590d4e5-7c62-4b4a-abc2-c270b482e0ce,designe it-system eller -programvare
KnowledgeSkillCompetence,http://data.europa.eu/esco/skill/3be6b84a-fa78-42b9-a8df-150cdb40b9d7,IKT-kvalitetspolicy,released,knowledge,sector-specific,,"Organisasjonens kvalitetserklæring og dens mål, det akseptable nivået for kvalitet og teknikker for å måle det, dens rettslige aspekter og pliktene til spesifikke avdelinger for å sikre kvalitet.",http://data.europa.eu/esco/isced-f/0413,ledelse og administrasjon
KnowledgeSkillCompetence,http://data.europa.eu/esco/skill/3be79ccc-a455-49b9-8c65-55c50071ba5b,prinsipper for distribuert hovebok,released,knowledge,sector-specific,,"Teorier, anvendte prinsipper, arkitekturer og systemer for distribuert hovedbok, slik som desentralisering, enighetsmekanismer, smarte kontrakter, tillit osv.
	",http://data.europa.eu/esco/isced-f/0619,ikke annetsteds klassifisert informasjons- og kommunikasjonsteknologi
KnowledgeSkillCompetence,http://data.europa.eu/esco/skill/3c134a08-521f-489d-9ff0-d84fcdc963eb,opprette SCORM-pakker,released,skill/competence,sector-specific,,Utvikle utdanningspakker for e-læringsplattformer ved hjelp av Sharable Content Object Reference Model (SCORM)-standarden.,http://data.europa.eu/esco/skill/7e0b93e0-0de7-4607-b07f-27a6828d3ff0,utvikle utdanningsordninger
KnowledgeSkillCompetence,http://data.europa.eu/esco/skill/3c1af34b-4562-4c39-a30e-0812b84a147e,bruke spesialisert designprogramvare,released,skill/competence,cross-sector,,Utvikle nye design ved hjelp av spesialisert programvare.,http://data.europa.eu/esco/skill/b1115b14-fa16-4c1e-be6c-91fd49a1808b,bruke dataassisterte design- og tegneverktøy
KnowledgeSkillCompetence,http://data.europa.eu/esco/skill/3c4c3fa1-d638-42df-8e98-2a38021da6f9,bruke programvare for databevaring,released,skill/competence,cross-sector,,Benytte spesialiserte applikasjoner og programvare til å innhente og oppbevare digitale opplysninger.,http://data.europa.eu/esco/skill/bc0b0b5d-f6be-405a-b224-b6902a4dbe97 | http://data.europa.eu/esco/skill/611ed16b-99bf-4840-9cab-f55d1d286e0a | http://data.europa.eu/esco/skill/c95c29fe-3971-46b7-80e9-1f7e75ba99b3 | http://data.europa.eu/esco/skill/6a7fc30d-af16-4cc5-a957-29d174bdb61c,"administrere digital identitet | lagre digitale data og systemer | bruke spesifikk dataanalyseprogramvare | innhente, forvalte og lagre data"
KnowledgeSkillCompetence,http://data.europa.eu/esco/skill/3c6fe585-7d12-4315-b579-e30c042088ce,bruke dataassisterte tekniske systemer,released,skill/competence,cross-sector,,Bruke CAE-programvare (computer-aided engineering) til å foreta stresstester i forbindelse med tekniske design.,http://data.europa.eu/esco/skill/b1115b14-fa16-4c1e-be6c-91fd49a1808b,bruke dataassisterte design- og tegneverktøy
KnowledgeSkillCompetence,http://data.europa.eu/esco/skill/3c748b49-fe85-42f6-b62d-b877bc8edb29,observere himmellegemer,released,skill/competence,sector-specific,,Studere de relative posisjonene og bevegelsene til stjerner og planeter ved å bruke og tolke data fra spesialisert programvare og publikasjoner som efemerider.,http://data.europa.eu/esco/skill/ba1f6201-b206-4459-b178-706db34a851d,analysere vitenskapelige og medisinske data
KnowledgeSkillCompetence,http://data.europa.eu/esco/skill/3c7d58c9-125e-4d8d-9102-b8022c54d0b5,betjene maritimt kommunikasjonsutstyr,released,skill/competence,sector-specific,,"Betjene og vedlikeholde enheter for maritim kommunikasjon, gjennomføre jevnlige inspeksjoner av kommunikasjonsutstyr.",http://data.europa.eu/esco/skill/52c01fa8-ac34-4f81-97a8-55dcdc8645d1 | http://data.europa.eu/esco/skill/0a88a13f-693a-4dde-b44c-22e6f98fabc6 | http://data.europa.eu/esco/skill/b1a1947a-fdb3-4d09-babb-6f418930c8b8,forenkle kommunikasjon innen maritim ledelse | betjene kommunikasjonsutstyr | administrere sikkerhetsstandarder for maritim vanntransport
KnowledgeSkillCompetence,http://data.europa.eu/esco/skill/3cc1ee94-ab2c-4f35-8171-3cf4b5b664e4,digital sammensetting,released,knowledge,cross-sector,,Prosess og programvare for digital samling av flere bilder for å danne ett endelig bilde.,http://data.europa.eu/esco/isced-f/0211,audiovisuell teknikk og medieproduksjon
KnowledgeSkillCompetence,http://data.europa.eu/esco/skill/3cd569a2-4f88-4c1e-9995-8dce8c5e51a7,JavaScript,released,knowledge,sector-specific,CSJS | Mocha | Server-side JavaScript | Live script | JavaScripts | JavaScript 1.6 | Live Script | Client-side JavaScript | JavaScript 1.7 | Escript,"Teknikker og prinsipper for programvareutvikling, som analyse, algoritmer, koding, testing og sammensetning av programmeringsparadigmer i JavaScript.",http://data.europa.eu/esco/skill/21d2f96d-35f7-4e3f-9745-c533d2dd6e97 | http://data.europa.eu/esco/isced-f/0613 | http://data.europa.eu/esco/skill/69bbd53f-fbb0-4476-b4b2-ef7844464e28,dataprogrammering | utvikling og analyse av programvare og dataprogrammer | nettprogrammering
KnowledgeSkillCompetence,http://data.europa.eu/esco/skill/3ce1fe19-7f9e-4070-941d-651673a5693b,beslutningsstøttesystemer,released,knowledge,sector-specific,,IKT-systemer som kan brukes til å støtte beslutninger angående virksomhet eller organisasjon.,http://data.europa.eu/esco/isced-f/0611,bruk av datamaskiner
KnowledgeSkillCompetence,http://data.europa.eu/esco/skill/3cee858e-79e8-4a4b-b99f-93c7f735d58b,DB2,released,knowledge,sector-specific,,"Dataprogrammet IBM DB2 er et verktøy for å skape, oppdatere og håndtere databaser, utviklet av programvareselskapet IBM.",http://data.europa.eu/esco/skill/ab1e97ed-2319-4293-a8b7-072d2648822f | http://data.europa.eu/esco/isced-f/0612,systemer for databaseadministrering | utvikling og administrasjon av databaser og datanett
KnowledgeSkillCompetence,http://data.europa.eu/esco/skill/3cfa46e9-b7da-44ac-b09e-9596dffe0425,optimalisere valg av IKT-løsning,released,skill/competence,sector-specific,,"Velge egnede løsninger på IKT-området ved å ta i betraktning mulige risikoer, fordeler og generell innvirkning.",http://data.europa.eu/esco/skill/14832d87-2f2f-4895-b290-e4760ebae42a | http://data.europa.eu/esco/skill/185c56ee-098f-46a1-af87-56337085da6f,løse tekniske problemer | beskytte it-enheter
KnowledgeSkillCompetence,http://data.europa.eu/esco/skill/3d03c40c-1b83-4793-8902-2523f40af59e,Microsoft Access,released,knowledge,sector-specific,,"Dataprogrammet Access er et verktøy for å oppdatere og behandle databaser, utviklet av programvareselskapet Microsoft.",http://data.europa.eu/esco/skill/ab1e97ed-2319-4293-a8b7-072d2648822f | http://data.europa.eu/esco/isced-f/0611,systemer for databaseadministrering | bruk av datamaskiner
KnowledgeSkillCompetence,http://data.europa.eu/esco/skill/3d427a49-4f85-42cd-8a92-62d4a34f41a1,arkivere dokumenter,released,skill/competence,sector-specific,,Lage et arkiveringssystem. Skrive en dokumentkatalog. Merke dokumenter osv.,http://data.europa.eu/esco/skill/32c017fd-28ab-4051-bf68-74de952c2f77,administrasjon av informasjon
KnowledgeSkillCompetence,http://data.europa.eu/esco/skill/3d957fb2-b8f4-4b4c-b955-23299c761ad5,utforme nettbaserte kurs,released,skill/competence,cross-sector,,"Utforme nettbaserte opplærings- og instruksjonskurs ved hjelp av dynamiske og statiske nettverktøy for å gi kursdeltakerne læringsresultater. Nettverktøyene som brukes i denne forbindelse, kan omfatte strømming av video og lyd, direktesendinger på nettet, informasjonsportaler, chatterom og oppslagstavler.",http://data.europa.eu/esco/skill/b590d4e5-7c62-4b4a-abc2-c270b482e0ce,designe it-system eller -programvare
KnowledgeSkillCompetence,http://data.europa.eu/esco/skill/3dc6fd8e-6ff7-432e-a262-04d487858efb,montere maskinvarekomponenter,released,skill/competence,cross-sector,,"Montere de nødvendige maskinvarekomponentene, som for eksempel hovedkort, prosessor (CPU), harddisk, diskstasjon, strømforsyningsenhet, RAM, PCI-kort, mus, tastatur, kamera og andre nødvendige komponenter for å bygge en datamaskin. Sette komponentene sammen manuelt ved hjelp av skrutrekkere eller med monteringsmaskiner, og installerer ledninger.
	",http://data.europa.eu/esco/skill/39499028-35bf-4d69-9275-fb98902ed88b,arbeide med datamaskiner
KnowledgeSkillCompetence,http://data.europa.eu/esco/skill/3e23db60-0c3d-498a-a6ac-ffbed0ecb033,IKT-tilgjengelighetsstandarder,released,knowledge,sector-specific,,"Anbefalingene for å gjøre IKT-innhold og -applikasjoner mer tilgjengelige for en større gruppe mennesker, for det meste med nedsatt funksjonsevne, f.eks. blindhet eller svaksynthet, døvhet, tap av hørsel og kognitive begrensninger. Dette inkluderer standarder som retningslinjer for nettinnhold (WCAG).",http://data.europa.eu/esco/isced-f/0611,bruk av datamaskiner
KnowledgeSkillCompetence,http://data.europa.eu/esco/skill/3e2ab38a-4519-4bef-b762-a8bf4836a775,utføre dimensjonsreduksjon,released,skill/competence,cross-sector,ekstraksjon av datafunksjoner | Kohonen selvorganiserende kart | datafunksjonsteknikk | flerdimensjonal skalering | t-distributed stochastic neighbor embedding | valg av datafunksjoner | t-SNE,"Redusere antallet variabler eller funksjoner for et datasett i maskinlæringsalgoritmer gjennom metoder som hovedkomponentanalyse, matrisefaktorisering, autokoder-metoder og annet.
	",http://data.europa.eu/esco/skill/a8c3186b-c791-4d57-8f4f-4d12c7a5c6a7,programmering av datasystemer
KnowledgeSkillCompetence,http://data.europa.eu/esco/skill/3e7516dc-0f7c-4686-8b2f-fade4e5d21be,3D-teksturering,released,knowledge,sector-specific,,Anvende en type overflate på et 3D-bilde.,http://data.europa.eu/esco/isced-f/0211,audiovisuell teknikk og medieproduksjon
KnowledgeSkillCompetence,http://data.europa.eu/esco/skill/3e75d405-c3d1-4a66-9963-05a9397d68fb,metoder for kretskorttesting,released,knowledge,cross-sector,,"Testmetoder for kretskort (PCB) består av prosesser der PCB-komponenter eller -systemer testes, f.eks. test i kretsen (IKT), felles test i gruppe (JTAG), og automatisk optisk inspeksjon (AOI).",http://data.europa.eu/esco/isced-f/0612,utvikling og administrasjon av databaser og datanett
KnowledgeSkillCompetence,http://data.europa.eu/esco/skill/3ec2e4d6-7000-4905-bf1a-c5b1679416de,datavarehus,released,knowledge,occupation-specific,,"System for lagring av data, som analyser og rapporter om data som et datatorg.",http://data.europa.eu/esco/isced-f/0612,utvikling og administrasjon av databaser og datanett
KnowledgeSkillCompetence,http://data.europa.eu/esco/skill/3f4dab51-572b-4e2c-85ef-3b4c3f7094e1,XQuery,released,knowledge,sector-specific,,Dataspråket XQuery er et språk for innhenting av informasjon fra en database av dokumenter som inneholder nødvendig informasjon. Det er utviklet av den internasjonale standardorganisasjonen World Wide Web Consortium.,http://data.europa.eu/esco/skill/9cf681c7-89ec-470c-b651-7fe03786f586 | http://data.europa.eu/esco/isced-f/0613,spørringsspråk | utvikling og analyse av programvare og dataprogrammer
KnowledgeSkillCompetence,http://data.europa.eu/esco/skill/3fb8b724-1d52-4d11-b8b8-1776f558d1f0,designe IKT-maskinvareplassering,released,skill/competence,occupation-specific,,Beskrive og planlegge hvordan kabler og relaterte maskinvaredeler skal plasseres utover i bygningen.,http://data.europa.eu/esco/skill/c23e0a2f-f04b-45bc-b0dd-20571f6b502c,utarbeide retningslinjer og rutiner for drift
KnowledgeSkillCompetence,http://data.europa.eu/esco/skill/3ff589b7-68df-4ea5-ae41-b395bdb2378f,IKT-sikkerhetsstandarder,released,knowledge,sector-specific,informasjonssikkerhetsstandarder | rammeverk for cybersikkerhet | IT-sikkerhetsrammer | IKT-sikkerhetsrammer | cybersikkerhetsstandarder | overholdelse av informasjonssikkerhet | standarder for cybersikkerhet | rammeverk for informasjonssikkerhet | overholdelse av IKT-sikkerhet | overholdelse av IT-sikkerhet | IT-sikkerhetsstandarder | cybersikkerhetsrammer | overholdelse av cybersikkerhet | standarder for informasjonssikkerhet | IT-sikkerhetssamsvar | IKT-sikkerhetssamsvar,"Beste praksis og retningslinjer etablert for sikring av informasjons- og kommunikasjonsteknologiske (IKT)-systemer og -data. Standarder som er tilfellet med ISO 27000-serien, gir et rammeverk for å implementere effektive sikkerhetskontroller, inkludert tilgangskontroll, risikovurdering og hendelseshåndtering, samt for å sørge for samsvar for en organisasjon.
	",http://data.europa.eu/esco/isced-f/0612,utvikling og administrasjon av databaser og datanett
KnowledgeSkillCompetence,http://data.europa.eu/esco/skill/40001d93-8937-4859-89d5-2dca53290ff4,dele gjennom digitale teknologier,released,skill/competence,cross-sector,,"Dele data, opplysninger og digitalt innhold med andre gjennom egnede digitale teknologier. Fungere som formidler og kjenne til praksiser for referanser og attribusjon.",http://data.europa.eu/esco/skill/574257ea-7b64-4100-b7b6-e27c233fe143 | http://data.europa.eu/esco/skill/98fb499f-9155-412d-a8a0-95ba97126fec,digital kommunikasjon og digitalt samarbeid | bruke digitale verktøy for samarbeid og produktivitet
KnowledgeSkillCompetence,http://data.europa.eu/esco/skill/401eb8d8-6daa-4f8b-90ad-60afc71eb4f8,Perl,released,knowledge,sector-specific,Perl golf | Perl Camel | Ponie | PERL,"Teknikker og prinsipper for programvareutvikling, f.eks. analyse, algoritmer, koding, prøving og sammenstilling av programmeringsparadigmer i Perl.",http://data.europa.eu/esco/skill/21d2f96d-35f7-4e3f-9745-c533d2dd6e97 | http://data.europa.eu/esco/isced-f/0613,dataprogrammering | utvikling og analyse av programvare og dataprogrammer
KnowledgeSkillCompetence,http://data.europa.eu/esco/skill/406117ad-e035-483f-bbd3-9f6c2d95e535,levere elektronisk hjelp,released,skill/competence,occupation-specific,,Gi brukere brukerstøtteinformasjon gjennom et IKT-system for å gi støtte eller dele informasjon enten om en rekke emner eller om et bestemt emne eller produkt.,http://data.europa.eu/esco/skill/699e7c26-6502-4e78-a823-3656ff5a5b8b | http://data.europa.eu/esco/skill/7de7e3f6-d222-4f08-b3f0-e2deff7ef798,instruere andre | gi informasjon og støtte til publikum og klienter
KnowledgeSkillCompetence,http://data.europa.eu/esco/skill/40802f0d-d400-404c-bc26-f9ba4eb6195a,teste ytelse av bakkesystem,released,skill/competence,sector-specific,,Utvikle teststrategier for komplekse program- og maskinvareprodukter; inkludere feilsøking og systemstøtte; beregne systemytelse.,http://data.europa.eu/esco/skill/ce354460-500e-4eaa-8e95-8f243fcea3db | http://data.europa.eu/esco/skill/6d0cad66-82dd-4854-a03a-68232942c68d,administrere systemtesting | installere deler av tre og metall
KnowledgeSkillCompetence,http://data.europa.eu/esco/skill/4095c6dd-3b00-44d1-9308-878e08737e92,forberede juridiske saksdokumenter,released,skill/competence,occupation-specific,,"Utforme overbevisende innhold som blogginnlegg, meldinger eller kampanjer på sosiale medier for å påvirke politiske, økonomiske eller sosiale beslutninger.",http://data.europa.eu/esco/skill/0a4c5823-8b09-4e6b-95b4-8036ef3b9c4c,fremme enkeltpersons- eller samfunnsbehov
KnowledgeSkillCompetence,http://data.europa.eu/esco/skill/40c815cd-30a2-42e5-a549-bf9017cb6df3,fordele kontrollsignaler,released,skill/competence,sector-specific,,"Fordele kontrollsignaler mellom lysplater, dimmere og annet belysningsutstyr. Kontrollsystemene kan være enten DMX- eller nettverksbaserte.",http://data.europa.eu/esco/skill/8ddcb295-707e-459c-ba6a-66ffb37835c5,betjene audiovisuelt utstyr
KnowledgeSkillCompetence,http://data.europa.eu/esco/skill/417d5c34-3261-4e88-a860-d0ac725965bf,samle inn geolokaliseringsinformasjon i sanntid,released,skill/competence,sector-specific,,"Bruke verktøy, teknikker og prosedyrer for å jobbe mot et mål. Levere informasjon om geolokalisering ved hjelp av infrastruktur.
	",http://data.europa.eu/esco/skill/0d6714c6-720e-4985-9791-5ab85d28da79 | http://data.europa.eu/esco/skill/29dcc31e-a8d6-4a62-b3c1-2de81e966e39,samle inn data | samle opplysninger fra fysiske eller elektroniske kilder
KnowledgeSkillCompetence,http://data.europa.eu/esco/skill/417eb6b1-9e5b-4b3a-bfd0-85132c9f648d,bruke rørledningsvideoutstyr,released,skill/competence,sector-specific,,Håndtere bevegelige videokameraer som inspiserer kloakksystemer og rørledninger visuelt. Dette kameraet festes via en lang kabel som er tvinnet på en vinsj. Analysere opptakene for å finne ut om det er nødvendig med reparasjon eller vedlikehold.,http://data.europa.eu/esco/skill/57e6af87-8a6b-4ecb-88e5-7c80b582ddd7,bruk av presisjonsinstrumentering og utstyr
KnowledgeSkillCompetence,http://data.europa.eu/esco/skill/418a56a2-7cfc-4b6d-8cf5-5c2add99a849,gi IKT-systemopplæring,released,skill/competence,sector-specific,,Planlegge og gjennomføre opplæring av personale om system- og nettverksproblemer. Evaluere og avlegge rapport om deltakernes læringsforløp ved å benytte opplæringsmateriell.,http://data.europa.eu/esco/skill/699e7c26-6502-4e78-a823-3656ff5a5b8b | http://data.europa.eu/esco/skill/6c4fa8c8-e9e1-49b5-897f-6b61fe649488,instruere andre | gi opplæring i operasjonelle prosedyrer
KnowledgeSkillCompetence,http://data.europa.eu/esco/skill/41be77d3-d683-4221-a0e4-fff732212402,overvåke kringkastingskvalitet,released,skill/competence,occupation-specific,,"Overvåke styrken, klarheten og påliteligheten til innkommende og utgående signaler etter behov for å opprettholde sendingens kvalitet.",http://data.europa.eu/esco/skill/35ebe444-9ece-4fbc-a55d-e99ea37267ae | http://data.europa.eu/esco/skill/0a88a13f-693a-4dde-b44c-22e6f98fabc6,administrere kvalitet | betjene kommunikasjonsutstyr
KnowledgeSkillCompetence,http://data.europa.eu/esco/skill/41ec47dd-08b3-464a-9c45-c706f3e74467,industriell programvare,released,knowledge,cross-sector,,"Valg av programvare som brukes til å estimere, styre og planlegge industrielle prosesser som utforming, arbeidsflyt og forbedring av produksjon.",http://data.europa.eu/esco/isced-f/0611,bruk av datamaskiner
KnowledgeSkillCompetence,http://data.europa.eu/esco/skill/41f2f9bf-1440-49f7-bbb1-2c3c3ea93f76,analysere brukstilfeller for blokkjede,released,skill/competence,cross-sector,evaluere blockchain-brukstilfeller | undersøke blockchain-brukssaker,"Analyse av brukstilfeller for blokkjede i ulike sektorer mot deres behov når det gjelder blokkjedeteknologi og -arkitektur. Spesielt viktige brukstilfeller for blokkjede innen næringsliv, finans og bankvirksomhet som internasjonale betalinger, peer-to-peer-transaksjoner, kapitalmarkeder, handelsfinansiering eller regulatorisk finans og revisjon.
	",http://data.europa.eu/esco/skill/6a7fc30d-af16-4cc5-a957-29d174bdb61c,"innhente, forvalte og lagre data"
KnowledgeSkillCompetence,http://data.europa.eu/esco/skill/4216e465-7baa-4884-a241-54b197bb9278,utføre datautvinning,released,skill/competence,sector-specific,,"Undersøke store datasett for å avdekke mønstre ved hjelp av statistikk, databasesystemer eller kunstig intelligens og presentere informasjonen på en forståelig måte.",http://data.europa.eu/esco/skill/4463a721-69f3-413d-8321-43e3af13a4f1 | http://data.europa.eu/esco/skill/6a7fc30d-af16-4cc5-a957-29d174bdb61c,"bruke databaser | innhente, forvalte og lagre data"
KnowledgeSkillCompetence,http://data.europa.eu/esco/skill/42c3287f-5e50-4559-a2d1-2000c70e0aab,Pentaho Data Integration,released,knowledge,sector-specific,,"Dataprogrammet Pentaho Data Integraton er et verktøy for integrering av informasjon fra flere programmer, skapt og vedlikeholdt av organisasjoner, i en konsekvent og åpen datastruktur, utarbeidet av programvareselskapet Pentaho.",http://data.europa.eu/esco/skill/9d0d89be-bffa-4393-b6f6-8d05bea49051 | http://data.europa.eu/esco/isced-f/0612,"verktøy for datautvinning, -transformering og -lasting | utvikling og administrasjon av databaser og datanett"
KnowledgeSkillCompetence,http://data.europa.eu/esco/skill/42cb7669-c371-4903-9c0b-13db67b2e4bb,emergerende teknologier,released,knowledge,cross-sector,,"Nylige trender, utvikling og innovasjon innen moderne teknologi, som bioteknologi, kunstig intelligens og robotikk.",http://data.europa.eu/esco/isced-f/0719,ikke annetsteds klassifiserte tekniske fag og ingeniørfag
KnowledgeSkillCompetence,http://data.europa.eu/esco/skill/42ed3bfb-1a01-4c8b-9758-fc6438865734,Smalltalk (dataprogrammering),released,knowledge,sector-specific,,"Teknikker og prinsipper for utvikling av programvare, f.eks. analyse, algoritmer, koding, testing og sammenstilling av programmeringsparadigmer i Smalltalk.",http://data.europa.eu/esco/skill/21d2f96d-35f7-4e3f-9745-c533d2dd6e97 | http://data.europa.eu/esco/isced-f/0613,dataprogrammering | utvikling og analyse av programvare og dataprogrammer
KnowledgeSkillCompetence,http://data.europa.eu/esco/skill/42fcf80d-7b45-40f3-bd2f-5411c4c0dfa0,identifisere teknologiske behov,released,skill/competence,cross-sector,,"Vurdere behov og identifiserer digitale verktøy og mulige teknologiske svar for å svare på disse behovene. Justere og tilpasse digitale miljøer etter personlige behov (f.eks. tilgjengelighet).
	",http://data.europa.eu/esco/skill/7e5147d1-60b1-4a68-804b-1f5cb0396b91 | http://data.europa.eu/esco/skill/aca5081a-ceb0-4028-9cc5-1daafd4f86f9,problemløsing med IKT-verktøy og -maskinvare | utvikle løsninger
KnowledgeSkillCompetence,http://data.europa.eu/esco/skill/4350c38d-0fe9-4ca7-bab9-40ed7f72b04f,PHP,released,knowledge,sector-specific,Php2 | Php 5.3 | ElePHPant | Phtml | Php 5.0 | PHP-FPM | PHP5-FPM | Php 5.4 | Php5 | PHP7 | Php3 | Php 5.1 | Php 6.0 | Php 5.2 | Php1 | Php6 | Php 4,"Teknikker og prinsipper for programvareutvikling, som analyse, algoritmer, koding, testing og sammenstilling av programmeringsparadigmer i PHP.",http://data.europa.eu/esco/skill/21d2f96d-35f7-4e3f-9745-c533d2dd6e97 | http://data.europa.eu/esco/isced-f/0613 | http://data.europa.eu/esco/skill/69bbd53f-fbb0-4476-b4b2-ef7844464e28,dataprogrammering | utvikling og analyse av programvare og dataprogrammer | nettprogrammering
KnowledgeSkillCompetence,http://data.europa.eu/esco/skill/438ff259-d086-4004-acda-1ec3e1631bc6,programvareanomalier,released,knowledge,sector-specific,,"Avvik fra hva som er standard og eksepsjonelle hendelser under programvaresystemets ytelse, identifikasjon av hendelser som kan endre flyten og prosessen av systemgjennomføring.",http://data.europa.eu/esco/isced-f/0613,utvikling og analyse av programvare og dataprogrammer
KnowledgeSkillCompetence,http://data.europa.eu/esco/skill/43ae58b9-5e56-4524-b45a-b422777a0576,database,released,knowledge,cross-sector,relasjonsdatabase | ikke-relasjonell database | typer databaser | typer av databaser,"Klassifisering av databaser, som omfatter deres formål, kjennetegn, terminologi, modeller og bruk som XML-databaser, dokumentorienterte databaser og fulltekstdatabaser.",http://data.europa.eu/esco/isced-f/0612,utvikling og administrasjon av databaser og datanett
KnowledgeSkillCompetence,http://data.europa.eu/esco/skill/43dfbe7f-9e10-4871-b171-e5076737b4cf,digitale markedsføringsteknikker,released,knowledge,sector-specific,programvare for online annonser | webmarkedsføringsteknikker | programvare for nettannonser | online markedsføringsteknikker | nettmarkedsføringsteknikker,"Markedsføringsteknikker som brukes på nett for å nå og engasjere interessenter, kunder og klienter.",http://data.europa.eu/esco/isced-f/0414,markedsføring og reklame
KnowledgeSkillCompetence,http://data.europa.eu/esco/skill/43ec6db6-33f7-449b-a566-5779a7e8997a,OpenEdge Database,released,knowledge,sector-specific,,"Dataprogrammet OpenEdge er et verktøy som er utviklet for å skape, oppdatere og administrere databaser, utviklet av programvareselskapet Progress Software Corporation.",http://data.europa.eu/esco/skill/ab1e97ed-2319-4293-a8b7-072d2648822f | http://data.europa.eu/esco/isced-f/0612,systemer for databaseadministrering | utvikling og administrasjon av databaser og datanett
KnowledgeSkillCompetence,http://data.europa.eu/esco/skill/440d5784-52a5-4729-8b04-29f978bd896d,svare på hendelser i nettskyen,released,skill/competence,sector-specific,,"Feilsøk problemer i skyen, og finn ut hvordan du gjenoppretter driften. Design og automatiser strategier for gjenoppretting etter katastrofer, og evaluer hvordan hjelp blir gitt til punktene som svikter.
	",http://data.europa.eu/esco/skill/334e3e49-fb02-4051-809a-f06adfdc1c40 | http://data.europa.eu/esco/skill/aca5081a-ceb0-4028-9cc5-1daafd4f86f9,feilsøke | utvikle løsninger
KnowledgeSkillCompetence,http://data.europa.eu/esco/skill/440d7494-3d79-4e1f-83ba-b346e116b471,betjene videoutstyr,released,skill/competence,cross-sector,,Bruke ulike typer videoutstyr.,http://data.europa.eu/esco/skill/8ddcb295-707e-459c-ba6a-66ffb37835c5,betjene audiovisuelt utstyr
KnowledgeSkillCompetence,http://data.europa.eu/esco/skill/440f64e5-e66c-45ee-bc29-53c14a2ad720,bruke geografiske informasjonssystemer,released,skill/competence,sector-specific,,"Arbeide med datasystemer, f.eks. geografiske informasjonssystemer.",http://data.europa.eu/esco/skill/fdc388ba-c8f4-4455-a55f-ffdf29b05f5f | http://data.europa.eu/esco/skill/6a7fc30d-af16-4cc5-a957-29d174bdb61c,"bruke landbruksinformasjonssystemer og -databaser | innhente, forvalte og lagre data"
KnowledgeSkillCompetence,http://data.europa.eu/esco/skill/4463a721-69f3-413d-8321-43e3af13a4f1,bruke databaser,released,skill/competence,cross-sector,,"Bruke programvareverktøy til å administrere og organisere data i et strukturert miljø som består av attributter, tabeller og forbindelser, for å kunne foreta spørringer av og endre de lagrede dataene.",http://data.europa.eu/esco/skill/6a7fc30d-af16-4cc5-a957-29d174bdb61c,"innhente, forvalte og lagre data"
KnowledgeSkillCompetence,http://data.europa.eu/esco/skill/446d29ed-9eaa-4798-bb91-5f196651ad0a,lage spilltestingsprogramvare,released,skill/competence,occupation-specific,,"Utvikle programvare for å teste og evaluere online og fysisk gambling vedding og lotterispill.
	",http://data.europa.eu/esco/skill/5d74614d-32c8-4ca4-9818-6980e52424b1 | http://data.europa.eu/esco/skill/a8c3186b-c791-4d57-8f4f-4d12c7a5c6a7,planlegge programvaretesting | programmering av datasystemer
KnowledgeSkillCompetence,http://data.europa.eu/esco/skill/44847349-e7ff-4bdb-82b9-6a18140efcaf,gjenkjenne bruksområder for blokkjeder,released,skill/competence,sector-specific,identifisere bruksområder for blokkjedeteknologi,"Gjenkjenne muligheter for innføring av blokkjedebaserte løsninger i ulike applikasjonsdomener (f. eks. forsyningskjeder, produkttjenestesystemer, økonomi, etc.), samt deres transformative potensial i det berørte applikasjonsområdet når det gjelder folks ferdigheter, roller de trenger å oppfylle og prosesser disse rollene bidrar til. Identifisere merverdien blokkjedebaserte løsninger vil gi med hensyn til tradisjonelle løsninger.
	",http://data.europa.eu/esco/skill/b590d4e5-7c62-4b4a-abc2-c270b482e0ce,designe it-system eller -programvare
KnowledgeSkillCompetence,http://data.europa.eu/esco/skill/449d119b-2d66-43a9-9230-7d27f16afbb6,Xcode,released,knowledge,sector-specific,,"Dataprogrammet Xcode er en pakke med verktøy for programvareutvikling for å skrive programmer, f.eks. kompilator, debugger, koderedigerer, kodeframhever, samlet i ett enkelt brukergrensesnitt. Det er utviklet av programvareselskapet Apple.",http://data.europa.eu/esco/skill/925463a7-d51f-4d5b-9f79-4d28cf30acde | http://data.europa.eu/esco/isced-f/0612,integrert utviklingsmiljøprogramvare | utvikling og administrasjon av databaser og datanett
KnowledgeSkillCompetence,http://data.europa.eu/esco/skill/44a117a9-4443-43a4-b037-23c716af671e,videospilltrender,released,knowledge,cross-sector,,Den siste utviklingen i videospillindustrien.,http://data.europa.eu/esco/skill/e09d599b-83ab-4e8f-a8b7-29dcf3be1043 | http://data.europa.eu/esco/isced-f/0211,trender knyttet til leker og spill | audiovisuell teknikk og medieproduksjon
KnowledgeSkillCompetence,http://data.europa.eu/esco/skill/44b1a100-7240-4943-9133-d8c6d1f0b50a,betjene oppbevaringsprogrammer,released,skill/competence,sector-specific,,"Benytte stuvingsprogrammer som brukes til å kontrollere stabiliteten i fartøy, lasteoperasjoner og fraktplanleggingsprosesser. Tolke grafiske grensesnitt, stuvingsdata og scenariovariabler.",http://data.europa.eu/esco/skill/494b8057-daf5-46a0-b33b-416e0115c30a,bruk av digitale verktøy for å kontrollere maskineriet
KnowledgeSkillCompetence,http://data.europa.eu/esco/skill/4503c65f-2bd0-4aa5-91cd-4188c7e5e31b,superdatabehandling,released,knowledge,sector-specific,supercomputingteknikker | supercomputing | superdatabehandlingsteknikker,"Prosessen med å håndtere komplekse datarelaterte problemer gjennom flere datamaskiner som jobber parallelt (dvs. en superdatamaskin). Det brukes på flere felt som kvantemekanikk, molekylær modellering, aerodynamikk og kjernefysisk fusjonsforskning.
	",http://data.europa.eu/esco/isced-f/0611,bruk av datamaskiner
KnowledgeSkillCompetence,http://data.europa.eu/esco/skill/455a7133-cf0f-4c74-a91f-fd35c0d25b79,installere mekatronisk utstyr,released,skill/competence,sector-specific,,Installere utstyr som brukes til automatisering av en bestemt maskin eller enhet.,http://data.europa.eu/esco/skill/a7065828-10aa-4aba-b7d4-f23a30df5060,"installere og reparere elektrisitets-, elektro- og presisjonsutstyr"
KnowledgeSkillCompetence,http://data.europa.eu/esco/skill/4570a262-b51f-46a1-a834-13ff67bee1c8,desentraliserte identifikatorer,released,knowledge,sector-specific,DID | DIDer,"Kunnskapen om desentraliserte identifikatorer (DID). DID-er muliggjør verifiserbar og desentralisert digital identitet relatert til ulike emner bestemt av kontrollørene av disse desentraliserte identifikatorene (f. eks. en organisasjon, enkeltperson, datamodell, abstrakt enhet).
	",http://data.europa.eu/esco/isced-f/0612,utvikling og administrasjon av databaser og datanett
KnowledgeSkillCompetence,http://data.europa.eu/esco/skill/45a16833-6666-488d-aadf-e02e569275e8,bruke teknologi for kriminaltekniske undersøkelser,released,skill/competence,cross-sector,,Benytte spesialiserte verktøy som brukes til kriminaltekniske undersøkelser.,http://data.europa.eu/esco/skill/42fcf80d-7b45-40f3-bd2f-5411c4c0dfa0 | http://data.europa.eu/esco/skill/114a5cda-0ef1-4065-a064-755260aaa77e | http://data.europa.eu/esco/skill/7ca69606-5ffc-4668-ae53-713c1f1612e6,identifisere teknologiske behov | utføre kriminaltekniske undersøkelser | betjene vitenskapelig og laboratorisk utstyr
KnowledgeSkillCompetence,http://data.europa.eu/esco/skill/45f1ae17-c20d-40fc-9307-7d33b6ca9213,bildegjenkjenning,released,knowledge,cross-sector,visuell deteksjon | bildetolkning | bildedeteksjon | bildefortolkning | visuell gjenkjennelse | visuell gjenkjenning,"En prosess designet for å oppdage og identifisere en funksjon eller et objekt i et bilde eller en video. Denne prosessen brukes blant annet i medisinsk bildebehandling, sikkerhetsovervåking eller feildeteksjon. Nøkkelteknikk for et bredt spekter av bruksområder som automatisert kjøring, bildeklassifisering eller visuell inspeksjon.
	",http://data.europa.eu/esco/isced-f/0619,ikke annetsteds klassifisert informasjons- og kommunikasjonsteknologi
KnowledgeSkillCompetence,http://data.europa.eu/esco/skill/465e7c78-cd26-4503-a5ca-40009e807705,vurdere brukeres interaksjon med IKT-applikasjoner,released,skill/competence,sector-specific,,"Vurdere hvordan brukerne samhandler med IKT-applikasjoner, for å analysere atferden deres, trekke konklusjoner (for eksempel om motivene, forventningene og målene deres) og forbedre funksjonaliteten til applikasjonene.",http://data.europa.eu/esco/skill/c206d301-14b0-4bea-8028-a3749303a512,overvåke og evaluere enkeltpersoners ytelse
KnowledgeSkillCompetence,http://data.europa.eu/esco/skill/46e93774-7c6a-4dc5-bae9-be97cc461093,inter-organisatorisk mellomvaresystem,released,knowledge,sector-specific,IOMS,"En programvareinfrastruktur som fungerer som et mellomlag mellom applikasjoner for å muliggjøre datautveksling, interoperabilitet og kommunikasjon. Den har som mål å tilby standardiserte protokoller og tjenester mellom organisasjoner for å fremme deres samhandling.
	",http://data.europa.eu/esco/isced-f/0612,utvikling og administrasjon av databaser og datanett
KnowledgeSkillCompetence,http://data.europa.eu/esco/skill/46ec0033-3c71-415e-bcff-b065675ba2dc,integrere IKT-data,released,skill/competence,sector-specific,,Kombinere data fra ulike kilder for å gi en enhetlig visning av dette datasettet.,http://data.europa.eu/esco/skill/6a7fc30d-af16-4cc5-a957-29d174bdb61c,"innhente, forvalte og lagre data"
KnowledgeSkillCompetence,http://data.europa.eu/esco/skill/4720fc66-0202-4a4b-bbe8-129d908e5a15,forhindre tekniske problemer med systemer for medieintegrering,released,skill/competence,occupation-specific,,"Tilpasse bruken av utstyr og programvare for medieintegrering for å hindre uønskede endringer i det generelle bildet og designet, og sikre den generelle kvaliteten på kunstfremføring eller opptreden. Inkludert fysiske og digitale problemer som latenstid, interferens eller prosessorbelastning.
	",http://data.europa.eu/esco/skill/8ddcb295-707e-459c-ba6a-66ffb37835c5,betjene audiovisuelt utstyr
KnowledgeSkillCompetence,http://data.europa.eu/esco/skill/4754d9fe-dc3a-4f8f-8ea6-5dbcea3a21ca,utvikle system for datasyn,released,skill/competence,cross-sector,utvikle programvare for bevegelsesopptak | utvikle OCR,"Bruke og kombinere forskjellige verktøy og metoder for datasyn, for eksempel bildeinnhenting, bildebehandling, bildesegmentering og -klassifisering, deteksjon osv. i ett system for å la datamaskiner hente informasjon fra digitale bilder, for eksempel bilder eller video.
	",http://data.europa.eu/esco/skill/a8c3186b-c791-4d57-8f4f-4d12c7a5c6a7,programmering av datasystemer
KnowledgeSkillCompetence,http://data.europa.eu/esco/skill/479944ef-8d2c-4279-b3d1-2b85c761fb30,administrere radiologisk informasjonssystem,released,skill/competence,sector-specific,,"Utvikle og vedlikeholde en database for å oppbevare, administrere og distribuere radiologiske bilder og data.",http://data.europa.eu/esco/skill/4463a721-69f3-413d-8321-43e3af13a4f1 | http://data.europa.eu/esco/skill/b769f524-0f25-44d7-8538-5c46710a040e | http://data.europa.eu/esco/skill/32c017fd-28ab-4051-bf68-74de952c2f77,bruke databaser | administrere digitale dokumenter | administrasjon av informasjon
KnowledgeSkillCompetence,http://data.europa.eu/esco/skill/47a2917b-a771-4687-90fc-5562523cf4a6,bruke 3D-visualiseringsteknikker for ytelse,released,skill/competence,occupation-specific,,"Visualisere et ytelsesmiljø ved bruk av 3D-programmer og programvare for visualisering. Skape et konseptbevis for det tekniske designet ved hjelp av 3D CGI, modellering eller skalamodell.
	",http://data.europa.eu/esco/skill/c53a55a1-8b2b-4d2c-b12d-626742a3833a,bruke digitale verktøy for lyd- og bildebehandling
KnowledgeSkillCompetence,http://data.europa.eu/esco/skill/47a49cd6-097d-457a-9f7b-c290c14930d5,analysere store data,released,skill/competence,cross-sector,,"Innhente og vurdere store mengder numeriske data, særlig for å identifisere mønstre i dataene.",http://data.europa.eu/esco/skill/7dd94ad3-13d6-43fe-8b94-51fcbf67ced9 | http://data.europa.eu/esco/skill/1d6c7de4-350e-4868-a47b-333b4b0d9650 | http://data.europa.eu/esco/skill/2b92a5b2-6758-4ee3-9fb4-b6387a55cc8f | http://data.europa.eu/esco/skill/1b70a55d-b8a4-49fc-96c6-15ab4cff2522 | http://data.europa.eu/esco/skill/81a2db2c-7e55-44d0-9cd9-74c25147d7cd | http://data.europa.eu/esco/skill/1f2950c0-ef1e-44b4-9a55-125ccd7b78af,"tenke kritisk | evaluere data, informasjon og digitalt innhold | utføre dataanalyse | bruke dataprosesseringsteknikker | analysere testdata | analyse og evaluering av informasjon og data"
KnowledgeSkillCompetence,http://data.europa.eu/esco/skill/47b9bbcf-356c-4782-83a4-7f5a1b2b51a3,Assembly (dataprogrammering),released,knowledge,sector-specific,,"Teknikker og prinsipper for programvareutvikling, som analyser, algoritmer, koding, testing og sammenstilling av programmeringsparadigmer i Assembly.",http://data.europa.eu/esco/skill/21d2f96d-35f7-4e3f-9745-c533d2dd6e97 | http://data.europa.eu/esco/isced-f/0613,dataprogrammering | utvikling og analyse av programvare og dataprogrammer
KnowledgeSkillCompetence,http://data.europa.eu/esco/skill/47ca0da1-cae5-4395-ae6b-fd97b9ff48d3,beste praksis for systemgjenoppretting,released,knowledge,cross-sector,,Forberedelse for gjenoppretting eller videreføring av teknologisk infrastruktur som er avgjørende for en organisasjon.,http://data.europa.eu/esco/isced-f/0612,utvikling og administrasjon av databaser og datanett
KnowledgeSkillCompetence,http://data.europa.eu/esco/skill/4840338b-ac6c-486a-be1d-9ddfe00b8bdf,Spiralutvikling,released,knowledge,sector-specific,,Spiralutviklingsmodellen er en metode for utforming av programvaresystemer og -applikasjoner.,http://data.europa.eu/esco/skill/bec4359e-cb92-468f-a997-8fb28e32fba9 | http://data.europa.eu/esco/isced-f/0613,Metoder innen IKT-prosjektledelse | utvikling og analyse av programvare og dataprogrammer
KnowledgeSkillCompetence,http://data.europa.eu/esco/skill/484d048c-a5d1-46a5-b57f-45b69c0ac552,analysere informasjon om pipeline-database,released,skill/competence,sector-specific,,"Innhente og analysere ulike typer informasjon som er hentet ut fra databasene til rørledningsselskaper. Analysere informasjon som risikoer, ytelsesindikatorer for prosjektledelse, varetransporttider og sikkerhetskopieringsprosesser for dokumenter.",http://data.europa.eu/esco/skill/ec528c47-65f4-4187-9dc1-5a8889f84a06 | http://data.europa.eu/esco/skill/57231a22-4da7-49c8-97b8-75672feadf1e,analysere forretningsvirksomheter | administrere kvantitative data
KnowledgeSkillCompetence,http://data.europa.eu/esco/skill/484df271-bb52-49f1-8f50-f19624bf4df2,biblioteker over programvarekomponenter,released,knowledge,sector-specific,,"Programvarepakker, moduler, nettjenester og ressurser som dekker et sett med tilknyttede funksjoner, og databasene hvor disse gjenbrukbare komponentene kan bli funnet.",http://data.europa.eu/esco/isced-f/0613,utvikling og analyse av programvare og dataprogrammer
KnowledgeSkillCompetence,http://data.europa.eu/esco/skill/487fd260-be20-4980-a8e4-b819f0b549f1,legge til datamaskinkomponenter,released,skill/competence,cross-sector,,Foreta små justeringer av ulike datamaskiner ved å legge til komponenter.,http://data.europa.eu/esco/skill/0b9968af-72de-470a-98e1-2d19577443fb,løse dataproblemer
KnowledgeSkillCompetence,http://data.europa.eu/esco/skill/489b2571-ce18-4944-b452-ed1f54e55b68,Schoology,released,knowledge,sector-specific,,"Dataprogrammet Schoology er en e-læringsplattform for å opprette, administrere, organisere, rapportere og levere e-læringskurs eller opplæringsprogrammer.",http://data.europa.eu/esco/skill/6c80d53c-d8c9-41fe-998f-091fca208834 | http://data.europa.eu/esco/isced-f/0612,læringsstyringssystemer | utvikling og administrasjon av databaser og datanett
KnowledgeSkillCompetence,http://data.europa.eu/esco/skill/48db96bf-3314-45c6-bad8-fdb6e20e5639,datateknikk,released,knowledge,cross-sector,datatekniske metoder | metoder for datateknikk,"Prosessen med å utvikle og konstruere systemer for implementering av datainnsamling og analyse i stor skala.
	",http://data.europa.eu/esco/isced-f/0611,bruk av datamaskiner
KnowledgeSkillCompetence,http://data.europa.eu/esco/skill/4918ec9a-0204-4935-8b09-b0112370daa8,etablere et styringssystem for informasjonssikkerhet,released,skill/competence,sector-specific,overvåke et administrasjonssystem for informasjonssikkerhet | implementere et ISMS | overvåke et ISMS | definere et ISMS | definer et administrasjonssystem for informasjonssikkerhet | bruke et ISMS | implementere et styringssystem for informasjonssikkerhet | bruk av ISMS | definisjon av ISMS | overvåke et styringssystem for informasjonssikkerhet | definere et styringssystem for informasjonssikkerhet | bruke et styringssystem for informasjonssikkerhet,"Utforme, anvende, overvåke og gjennomgå et styringssystem for informasjonssikkerhet (ISMS) som bevarer konfidensialiteten, integriteten og tilgjengeligheten til informasjon ved å anvende en risikostyringsprosess, og gir tillit til interessenter med hensyn til tilstrekkelig håndtering av slike cybersikkerhetsrelaterte risikoer.
	",http://data.europa.eu/esco/skill/6f1edc19-191f-4ba5-a048-ee69aff05bab | http://data.europa.eu/esco/skill/2b6e15f5-dfa0-4e7c-9687-5665b07e56a4,sikkerhetsteknikk | beskytte personvern og personopplysninger
KnowledgeSkillCompetence,http://data.europa.eu/esco/skill/49320ec7-65f9-4f90-bed2-2d41784f1836,sette sammen GIS-data,released,skill/competence,cross-sector,,Innhente og organisere GIS-data fra kilder som databaser og kart.,http://data.europa.eu/esco/skill/2b834a98-14ff-47e1-8aef-cf8ffae912fa | http://data.europa.eu/esco/skill/29dcc31e-a8d6-4a62-b3c1-2de81e966e39,samle inn kartleggingsdata | samle opplysninger fra fysiske eller elektroniske kilder
KnowledgeSkillCompetence,http://data.europa.eu/esco/skill/4959697d-3a24-4f46-af0c-b752318e6c54,ObjectStore,released,knowledge,sector-specific,,"Dataprogrammet ObjectStore er et verktøy for å opprette, oppdatere og administrere databaser, utviklet av programvareselskapet Object Design, Incorporated.",http://data.europa.eu/esco/skill/ab1e97ed-2319-4293-a8b7-072d2648822f | http://data.europa.eu/esco/isced-f/0612,systemer for databaseadministrering | utvikling og administrasjon av databaser og datanett
KnowledgeSkillCompetence,http://data.europa.eu/esco/skill/495ce586-09d7-4cec-83d7-2821be6590c4,programmeringsspråk for smartkontrakter,released,knowledge,sector-specific,programmeringsspråk for smart kontrakt,"Essensielle programmeringsspråk for smartkontrakter inkluderer Solidity, Rust, JavaScript, Vyper og Yul.
	",http://data.europa.eu/esco/isced-f/0613,utvikling og analyse av programvare og dataprogrammer
KnowledgeSkillCompetence,http://data.europa.eu/esco/skill/49f85a99-086c-45b6-a6fa-eb90305af7b1,Chef (verktøy for programvarekonfigurasjonsstyring),released,knowledge,sector-specific,,"Verktøyet Chef er en programvare som utfører identifikasjon, kontroll og automatisering av infrastruktur, med sikte på å forenkle applikasjonens distribusjon.",http://data.europa.eu/esco/skill/9d2e926f-53d9-41f5-98f3-19dfaa687f3f | http://data.europa.eu/esco/isced-f/0613,verktøy for programvarekonfigurasjonsstyring | utvikling og analyse av programvare og dataprogrammer
KnowledgeSkillCompetence,http://data.europa.eu/esco/skill/49fed129-e32b-4f67-b80a-609d79e45b20,utstyr for elektronisk kommunikasjon og telekommunikasjonsutstyr,released,knowledge,sector-specific,,"De tilgjengelige elektroniske- og telekommunikasjonsutstyr og -produkter, deres funksjoner, egenskaper samt krav i lover og forskrifter.",http://data.europa.eu/esco/skill/d6d3fee7-47e2-47f4-a0ec-6c75f28c6abd | http://data.europa.eu/esco/isced-f/0714,produktforståelse | elektronikk og automasjon
KnowledgeSkillCompetence,http://data.europa.eu/esco/skill/4a2a63e6-5c62-43a0-a375-fdf4c2805270,tilpasse programvare for drivsystem,released,skill/competence,cross-sector,,Tilpasse programvare til den bestemte maskinen eller anvendelsen.,http://data.europa.eu/esco/skill/a8c3186b-c791-4d57-8f4f-4d12c7a5c6a7,programmering av datasystemer
KnowledgeSkillCompetence,http://data.europa.eu/esco/skill/4a466c62-db7d-4905-9a41-f23214810acb,GIMP (programvare for redigering av grafikk),released,knowledge,sector-specific,,Dataprogrammet GIMP er et grafisk IKT-verktøy som gjør det mulig å redigere og sette sammen grafikker for å generere både 2D-raster- og 2D-vektorgrafikker. Det er utviklet av GIMP-utviklingsteamet.,http://data.europa.eu/esco/isced-f/0611 | http://data.europa.eu/esco/skill/a71577b2-7550-4222-88ee-dcbd2d881516,bruk av datamaskiner | programvare for redigering av grafikk
KnowledgeSkillCompetence,http://data.europa.eu/esco/skill/4b244020-5f28-4e20-b74f-1c2dcb6f15cb,anvende skrivebordspubliseringsteknikker,released,skill/competence,cross-sector,,Anvende teknikker og programvare for skrivebordspublisering for å skape sideoppsett og tekst av høy typografisk kvalitet.,http://data.europa.eu/esco/skill/446a36a5-2376-439f-b46b-4a214ba0acdf,"bruke programvare for tekstbehandling, publisering og presentasjon"
KnowledgeSkillCompetence,http://data.europa.eu/esco/skill/4b3ae518-6746-4487-8d3b-4cfc063a43d0,bruke forretningssimuleringsverktøy,released,skill/competence,sector-specific,,"Bruke programvare for å utføre simuleringer for å forbedre forretningsferdigheter som forretningssans, finans- og markedsanalyse og beslutningstaking.
	",http://data.europa.eu/esco/skill/98fb499f-9155-412d-a8a0-95ba97126fec,bruke digitale verktøy for samarbeid og produktivitet
KnowledgeSkillCompetence,http://data.europa.eu/esco/skill/4b51e76e-9e8a-455f-a289-5b48246345c4,maskinvarekomponenter,released,knowledge,cross-sector,,"De essensielle komponentene som utgjør et maskinvaresystem, f.eks. flytende krystall-skjermer (LCD), kamerasensorer, mikroprosessorer, minner, modemer, batterier og deres sammenkoblinger.",http://data.europa.eu/esco/isced-f/0613,utvikling og analyse av programvare og dataprogrammer
KnowledgeSkillCompetence,http://data.europa.eu/esco/skill/4b88b1ee-c2d9-473a-9fe8-ba3b9c0c179a,implementere IKT-kodingskonvensjoner,released,skill/competence,occupation-specific,,"Anvende retningslinjer for IKT-programmeringsteknikker, for eksempel konvensjoner, kodedesignmønstre og praksiser for å oppnå bedre sikkerhet, pålitelighet, lesbarhet og vedlikehold for produktet.",http://data.europa.eu/esco/skill/a8c3186b-c791-4d57-8f4f-4d12c7a5c6a7,programmering av datasystemer
KnowledgeSkillCompetence,http://data.europa.eu/esco/skill/4bd3cd7d-b061-4cc2-ba8d-3262065ebbf0,forberede lydutstyr på scenen,released,skill/competence,sector-specific,,"Sette opp, rigge, koble til, teste og tune lydutstyr på scenen.
	",http://data.europa.eu/esco/skill/6d0cad66-82dd-4854-a03a-68232942c68d,installere deler av tre og metall
KnowledgeSkillCompetence,http://data.europa.eu/esco/skill/4bf59dde-8a03-483f-976a-45764f1e6d6f,søkemotorer,released,knowledge,sector-specific,,Metoder og teknikker for å navigere søk og finne informasjon raskt.,http://data.europa.eu/esco/isced-f/0322,"bibliotek-, arkiv- og informasjonsfag"
KnowledgeSkillCompetence,http://data.europa.eu/esco/skill/4c016b68-4116-468c-9dc6-42710c239e4a,C#,released,knowledge,sector-specific,,"Teknikkene og prinsippene for programvareutvikling, som analyser, algoritmer, koding, testing og sammenstilling av programmeringsparadigmer i C#.",http://data.europa.eu/esco/skill/21d2f96d-35f7-4e3f-9745-c533d2dd6e97 | http://data.europa.eu/esco/isced-f/0613,dataprogrammering | utvikling og analyse av programvare og dataprogrammer
KnowledgeSkillCompetence,http://data.europa.eu/esco/skill/4cb58ef4-67a9-4bea-a743-2c83ebd60e79,håndtere CNC-fresemaskin,released,skill/competence,cross-sector,,"Håndtere en fresemaskin med datamaskinbasert numerisk styring (CNC) under produksjonsprosesser som omfatter kutting av metall, tre, plast og andre materialer, og overvåke og bruke den i henhold til regelverket.",http://data.europa.eu/esco/skill/494b8057-daf5-46a0-b33b-416e0115c30a,bruk av digitale verktøy for å kontrollere maskineriet
KnowledgeSkillCompetence,http://data.europa.eu/esco/skill/4cdbc76c-75d8-4e12-8653-4820c2d5446f,testprosedyrer for mikrosystemer,released,knowledge,sector-specific,,"Metoder for testing av kvalitet, nøyaktighet og ytelse av mikrosystemer og mikroelektromekaniske systemer (MEMS) og deres materialer og komponenter før, under og etter at systemene er bygget, f.eks. parametriske tester og innbrenningstester.",http://data.europa.eu/esco/isced-f/0611,bruk av datamaskiner
KnowledgeSkillCompetence,http://data.europa.eu/esco/skill/4ce06d6b-f3df-40b6-b950-570be5008032,analysere skannedata av kroppen,released,skill/competence,sector-specific,,"Analysere skannede 3D-data for utvikling av prototyper, dvs. avatarer, for opprettelse av størrelsesoversikter, for endring, justering og manipulering av klesmønsteret og for testing av passformen.",http://data.europa.eu/esco/skill/7dd94ad3-13d6-43fe-8b94-51fcbf67ced9 | http://data.europa.eu/esco/skill/1b70a55d-b8a4-49fc-96c6-15ab4cff2522 | http://data.europa.eu/esco/skill/81a2db2c-7e55-44d0-9cd9-74c25147d7cd | http://data.europa.eu/esco/skill/1f2950c0-ef1e-44b4-9a55-125ccd7b78af | http://data.europa.eu/esco/skill/a571ae14-3e16-4fd3-a615-5646e0b0b696,tenke kritisk | bruke dataprosesseringsteknikker | analysere testdata | analyse og evaluering av informasjon og data | inspisere data
KnowledgeSkillCompetence,http://data.europa.eu/esco/skill/4d85b881-e490-4b4c-897a-2faa4ef53956,administrere IKT-dataarkitektur,released,skill/competence,sector-specific,,"Føre tilsyn med regler og bruke IKT-teknikker til å definere arkitekturen for informasjonssystemene og til å kontrollere innsamling, lagring, konsolidering, organisering og bruk av data i en organisasjon.",http://data.europa.eu/esco/skill/b590d4e5-7c62-4b4a-abc2-c270b482e0ce,designe it-system eller -programvare
KnowledgeSkillCompetence,http://data.europa.eu/esco/skill/4d97e3c3-f335-47cc-a4ee-0d779fd42222,"administrere data, informasjon og digitalt innhold",released,skill/competence,cross-sector,,"Organisere, lagre og hente ut data, informasjon og innhold i digitale miljøer. Organisere og behandle dem i et strukturert miljø.",http://data.europa.eu/esco/skill/629685b8-5f9e-4522-8cff-b3e2c4ec625a | http://data.europa.eu/esco/skill/32c017fd-28ab-4051-bf68-74de952c2f77,digital databehandling | administrasjon av informasjon
KnowledgeSkillCompetence,http://data.europa.eu/esco/skill/4da171e5-779c-4983-a76f-91c16751e99f,MySQL,released,knowledge,sector-specific,,"Dataprogrammet MySQL er et verktøy for å opprette, oppdatere og administrere databaser, for tiden utviklet av programvareselskapet Oracle.",http://data.europa.eu/esco/skill/ab1e97ed-2319-4293-a8b7-072d2648822f | http://data.europa.eu/esco/isced-f/0612,systemer for databaseadministrering | utvikling og administrasjon av databaser og datanett
KnowledgeSkillCompetence,http://data.europa.eu/esco/skill/4da4587a-fd0b-4ca2-886c-c42a1562d432,designe datanettverk,released,skill/competence,sector-specific,opprette nettsky | implementere nettsky,"Bruke skynettverkskonsepter og implementere tilkoblingstjenester i skyen. Definer nettverksarkitekturer i nettskyen, foreslå optimaliserte design basert på evaluering av en eksisterende implementering, på grunnlag av kundens krav. Evaluere og optimere kostnadsallokeringer for et bestemt nettverksdesign med visse skyressurser og programdataflyt.
	",http://data.europa.eu/esco/skill/b590d4e5-7c62-4b4a-abc2-c270b482e0ce,designe it-system eller -programvare
KnowledgeSkillCompetence,http://data.europa.eu/esco/skill/4dc5042a-b2b4-4ad5-a39b-3558b073cec7,bruke spesialisert utstyr,released,skill/competence,sector-specific,,"Bruke spesialutstyr, for eksempel elektromikroskop, telemetri, digital bildeanalyse, GPS og datamodellering i undersøkelser og analyser av produksjonsmetoden.",http://data.europa.eu/esco/skill/7ca69606-5ffc-4668-ae53-713c1f1612e6,betjene vitenskapelig og laboratorisk utstyr
KnowledgeSkillCompetence,http://data.europa.eu/esco/skill/4e6d2538-a48e-48a7-8dad-14b067cfcb8b,TripleStore,released,knowledge,sector-specific,,RDF-butikken eller TripleStore er en database som brukes for å lagre og hente Resource Description Framework-tripler (emne-predikat-objekt dataenheter) som er tilgjengelig gjennom semantiske spørsmål.,http://data.europa.eu/esco/skill/ab1e97ed-2319-4293-a8b7-072d2648822f | http://data.europa.eu/esco/isced-f/0612,systemer for databaseadministrering | utvikling og administrasjon av databaser og datanett
KnowledgeSkillCompetence,http://data.europa.eu/esco/skill/4ed46658-cc30-4d37-9301-47dd354c92a2,utforme failover-løsninger,released,skill/competence,occupation-specific,,Opprette og styre et reserveløsningssystem som automatisk utløses og aktiveres når hovedsystemet eller -applikasjonen svikter.,http://data.europa.eu/esco/skill/185c56ee-098f-46a1-af87-56337085da6f | http://data.europa.eu/esco/skill/03b9b491-fc9b-4868-914a-bf7cd47b5041,beskytte it-enheter | finne løsninger på problemer
KnowledgeSkillCompetence,http://data.europa.eu/esco/skill/4ef13dee-380d-4b76-9034-c4995045303f,evaluere blokkjedearkitekturer,released,skill/competence,cross-sector,evaluere blockchain-applikasjonsinfrastruktur,"Evaluere blokkjedearkitekturer med hensyn til deres egnethet for spesifikke applikasjoner, gitt den spesifikke betydningen og prioriteringene til arkitekturegenskaper for disse applikasjonene.
	",http://data.europa.eu/esco/skill/b590d4e5-7c62-4b4a-abc2-c270b482e0ce,designe it-system eller -programvare
KnowledgeSkillCompetence,http://data.europa.eu/esco/skill/4f1afd9d-77a7-40f8-a3c7-fe18b984ce43,kanalisering av telekommunikasjon,released,knowledge,sector-specific,,Metode for å gi nettverket tilgang til mange kunder samtidig som det beholdes et mindre antall tilkoblinger ved gruppering og deling av kretser og frekvenser.,http://data.europa.eu/esco/isced-f/0714,elektronikk og automasjon
KnowledgeSkillCompetence,http://data.europa.eu/esco/skill/4f5c1208-62fd-4e5a-a51e-306c06947e11,"administrere gjenfinnbare, tilgjengelige, interoperable og gjenbrukbare data",released,skill/competence,cross-sector,sikre datatilgjengelighet | sikre lagring av korrigerte data | støtte gjenbruk av data i forskning | sikre gjenbruk av data,"Fremstille, beskrive, lagree, bevare og bruke (om igjen) vitenskapelige data basert på FAIR-prinsippene: Findable (gjenfinnbare), Accessible (tilgjengelige), Interoperable (interoperable) og Reusable (gjenbrukbare). La dataene være så åpne som mulig og så lukkede som nødvendig.
	",http://data.europa.eu/esco/skill/9ff9db9d-d14b-426e-83f3-e7449af6c79f | http://data.europa.eu/esco/skill/7eafec38-621a-4b6e-9298-bfe70ec0b253,administrere data | utføre akademiske undersøkelser eller markedsundersøkelser
KnowledgeSkillCompetence,http://data.europa.eu/esco/skill/4f5ccaad-0e4f-4e9f-8246-47765564387d,oppgradere fastvare,released,skill/competence,cross-sector,,"Oppdatere grunnleggende eller integrert programvare som inngår i enheter, nettverkskomponenter og innebygde systemer.",http://data.europa.eu/esco/skill/f839b1da-78b6-4466-86f4-a5798821ea20,sette opp datasystem
KnowledgeSkillCompetence,http://data.europa.eu/esco/skill/4f6b656a-54d0-48ce-9b55-ebcac5904a14,håndtere geospatiale teknologier,released,skill/competence,sector-specific,,"Kan bruke geospatiale teknologier som omfatter GPS (globale posisjoneringssystemer), GIS (geografiske informasjonssystemer) og RS (fjernmåling), i sitt daglige arbeid.",http://data.europa.eu/esco/skill/4d6a48ae-352e-4823-bc3a-3f3e9e2cae86,tilgang til og analyse av digitale data
KnowledgeSkillCompetence,http://data.europa.eu/esco/skill/4f7fa632-15a6-4739-930b-abbac8055a80,fastvare,released,knowledge,cross-sector,,"Fastvare er et programvareprogram med et skrivebeskyttet minne (ROM) og et sett med instrukser som til enhver tid er skrevet på maskinvareenheten. Maskinvaren brukes ofte i elektroniske systemer som datamaskiner, mobiltelefoner og digitale kameraer.",http://data.europa.eu/esco/isced-f/0613,utvikling og analyse av programvare og dataprogrammer
KnowledgeSkillCompetence,http://data.europa.eu/esco/skill/4fea6307-bdc0-423d-ad63-c61755c14522,utføre bibliografisk arbeid,released,skill/competence,sector-specific,,Utføre bibliografisk arbeid; bruke datamaskin eller trykte materialer til å identifisere og finne boktitler som kunden ber om.,http://data.europa.eu/esco/skill/d54970ba-d9f2-41ec-a852-bbd1e5796823,tilby informasjon til offentligheten og kunder
KnowledgeSkillCompetence,http://data.europa.eu/esco/skill/4ff549c3-daa5-4def-9916-301c7bdf13b8,kontrollsystemer,released,knowledge,cross-sector,,Enheter eller sett av enheter som kommanderer og administrerer ytelse og oppførsel av annet utstyr og andre systemer. Dette inkluderer industrielle kontrollsystemer (ICS) som brukes til industriell produksjon og framstilling.,http://data.europa.eu/esco/isced-f/0714,elektronikk og automasjon
KnowledgeSkillCompetence,http://data.europa.eu/esco/skill/4ffc3a4c-b4f3-4082-b030-93799725d01b,lagre ukuttede opptak til datamaskin,released,skill/competence,sector-specific,,"Lagre opptak og lyd som ikke er klippet, i filer på datamaskinen.",http://data.europa.eu/esco/skill/6a7fc30d-af16-4cc5-a957-29d174bdb61c,"innhente, forvalte og lagre data"
KnowledgeSkillCompetence,http://data.europa.eu/esco/skill/501537a7-9d63-491d-ae02-09f04767ff1e,angrepsvektorer,released,knowledge,sector-specific,informasjonssikkerhetstrusler | trusler mot cybersikkerhet | IKT-sikkerhetstrusler,"Tiltak eller metoder som trusselaktører bruker for å utnytte sårbarheter i informasjonsnettverk eller -systemer fra en konkret organisasjon og påvirke dens tilgjengelighet, integritet og konfidensialitet. Angrepsvektorer kan omfatte sosial manipulering, for eksempel phishing-e-post eller pretexting, tekniske utnyttelser som SQL-injeksjon samt bufferoverskridelsesangrep.
	",http://data.europa.eu/esco/isced-f/0611,bruk av datamaskiner
KnowledgeSkillCompetence,http://data.europa.eu/esco/skill/50597e96-9b6a-4736-ac79-dd80f36c0269,Metasploit,released,knowledge,sector-specific,,"Rammeverket Metasploit er et verktøy for penetrasjonstesting som tester sikkerhetssvakhetene til et system for potensielt uautorisert tilgang til systeminformasjon. Verktøyet er basert på begrepet «utnytte», som innebærer å utføre en kode på målmaskinen og slik dra nytte av feilene og svakhetene på målmaskinen.",http://data.europa.eu/esco/isced-f/0613 | http://data.europa.eu/esco/skill/de586dcf-d7e5-4340-bf5b-d59026f1b436,utvikling og analyse av programvare og dataprogrammer | verktøy for penetrasjonstesting
KnowledgeSkillCompetence,http://data.europa.eu/esco/skill/505e4ef3-7ce4-437d-b7b4-5c608f71c258,bygge anbefalingssystemer,released,skill/competence,occupation-specific,,Konstruere anbefalingssystemer basert på store datasett ved å bruke programmeringsspråk eller dataverktøy til å opprette en underklasse av et informasjonsfiltreringssystem som forsøker å forutsi hvilken vurdering eller preferanse en bruker vil gi et element.,http://data.europa.eu/esco/skill/a8c3186b-c791-4d57-8f4f-4d12c7a5c6a7,programmering av datasystemer
KnowledgeSkillCompetence,http://data.europa.eu/esco/skill/5063a99f-975b-4a7c-85e3-69ecb375b4d3,Internett-styring,released,knowledge,sector-specific,,"Prinsipper, forskrifter, normer og programmer som former utviklingen og bruken av Internett, f.eks. administrasjon av domenenavn, registre og register, i henhold til ICANN/IANA-forskrifter og anbefalinger, IP-adresser og navn, navnetjenere, DNS, TLDer og aspekter av IDNer og DNSSEC.",http://data.europa.eu/esco/isced-f/0613,utvikling og analyse av programvare og dataprogrammer
KnowledgeSkillCompetence,http://data.europa.eu/esco/skill/509909a2-4a8f-4ead-8ad0-968df63b77cc,markedsføringsteknikker for sosiale medier,released,knowledge,cross-sector,,Markedsføringsmetodene og -strategiene som brukes for å øke oppmerksomhet og trafikk på nettstedet gjennom sosiale medier.,http://data.europa.eu/esco/isced-f/0414,markedsføring og reklame
KnowledgeSkillCompetence,http://data.europa.eu/esco/skill/50b100ea-74fd-4706-99db-3e4ca55e51b8,utføre datarensing,released,skill/competence,cross-sector,,"Oppdage og reparere skadde poster fra datasett, sikre at dataene struktureres og forblir strukturert i samsvar med retningslinjer.",http://data.europa.eu/esco/skill/6a7fc30d-af16-4cc5-a957-29d174bdb61c,"innhente, forvalte og lagre data"
KnowledgeSkillCompetence,http://data.europa.eu/esco/skill/5120f979-6450-4132-874a-7f7679c7ca14,håndtere CNC-metalleksenterpresse,released,skill/competence,cross-sector,,Overvåke og betjene en datastyrt CNC-metalleksenterpresse i samsvar med regelverket.,http://data.europa.eu/esco/skill/83bf74c8-6d77-4aac-9a36-f3118a066e51 | http://data.europa.eu/esco/skill/494b8057-daf5-46a0-b33b-416e0115c30a,håndtere eksenterpresse | bruk av digitale verktøy for å kontrollere maskineriet
KnowledgeSkillCompetence,http://data.europa.eu/esco/skill/51586df8-1c46-4b47-8583-773cb63bf00b,R,released,knowledge,sector-specific,,"Teknikker og prinsipper for programvareutvikling, f.eks. analyse, algoritmer, koding, testing og utarbeiding av programmeringsparadigmer i R.",http://data.europa.eu/esco/skill/ad59afe4-6f8a-4bc4-acfd-0f228277508a | http://data.europa.eu/esco/isced-f/0613,systemprogramvare for statistisk analyse | utvikling og analyse av programvare og dataprogrammer
KnowledgeSkillCompetence,http://data.europa.eu/esco/skill/51927003-a757-4552-804f-c045e21fdaf2,sette opp audiovisuelt periferiutstyr,released,skill/competence,cross-sector,,"Sette opp audiovisuelt periferiutstyr, som stativ, kabler, mikrofoner, overvåkingsenheter og annet.",http://data.europa.eu/esco/skill/3233330f-bb93-47ea-93b4-ed903d05d9f1 | http://data.europa.eu/esco/skill/8ddcb295-707e-459c-ba6a-66ffb37835c5,sette opp multimedieutstyr | betjene audiovisuelt utstyr
KnowledgeSkillCompetence,http://data.europa.eu/esco/skill/51b18096-85e6-425b-bb15-03a74eeda0dc,identifisere markedsbehov for IKT-dokumentasjon,released,skill/competence,occupation-specific,,"Identifisere markedets krav til dokumentasjon (for eksempel språk, gjeldende standarder eller juridiske krav og kulturelle vilkår) og utlede konkrete spesifikasjoner for utarbeidelse av IKT-dokumentasjon.
	",http://data.europa.eu/esco/skill/7eafec38-621a-4b6e-9298-bfe70ec0b253,utføre akademiske undersøkelser eller markedsundersøkelser
KnowledgeSkillCompetence,http://data.europa.eu/esco/skill/52739347-5eaa-4c9e-8cde-af7d2ba83320,modellere elektromagnetiske produkter,released,skill/competence,sector-specific,,Modellere og stimulere designede elektromagneter eller produkter som bruker elektromagnetisme ved hjelp av teknisk designprogramvare. Vurdere produktets levedyktighet og undersøke de fysiske parameterne for å sikre en vellykket produksjonsprosess.,http://data.europa.eu/esco/skill/592525ab-b517-4c55-8c65-17e0f5d99205,montere elektriske og elektroniske produkter
KnowledgeSkillCompetence,http://data.europa.eu/esco/skill/5284ecee-93dd-4145-a3c0-584af836c69e,bruke plattformer for e-turisme,released,skill/competence,sector-specific,bruke reiseannonseplattformer | ha kontakt med kunder på anmeldelsesnettsteder,"Bruke digitale plattformer for å fremme og dele informasjon og digitalt innhold om et overnattings- eller serveringssted eller -tjenester. Analysere og administrere anmeldelser rettet til organisasjonen for å sikre kundetilfredshet.
	",http://data.europa.eu/esco/skill/98fb499f-9155-412d-a8a0-95ba97126fec,bruke digitale verktøy for samarbeid og produktivitet
KnowledgeSkillCompetence,http://data.europa.eu/esco/skill/52b38e90-3d05-4042-a9e2-d19dec8dd7c1,teste maskinvare,released,skill/competence,cross-sector,,"Teste maskinvaresystemer og -komponenter ved hjelp av egnet utstyr og testmetoder, for eksempel systemtest (ST), løpende pålitelighetstest (ORT) og kretstest (ICT). Overvåke og vurdere systemets ytelse, og utføre tiltak ved behov.",http://data.europa.eu/esco/skill/6d0cad66-82dd-4854-a03a-68232942c68d,installere deler av tre og metall
KnowledgeSkillCompetence,http://data.europa.eu/esco/skill/52c0b1a2-a57f-488b-b09d-19af929412aa,bruke funksjonell nevroavbildning,released,skill/competence,occupation-specific,,Bruk nevroavbildingsteknologi og metoder for å studere hjernefunksjoner.,http://data.europa.eu/esco/skill/6e62e776-fbfa-486c-a6df-58cd239c86fe,skrive teknisk eller akademisk
KnowledgeSkillCompetence,http://data.europa.eu/esco/skill/52cf3037-ab53-4806-85ed-7fd21ea7f6a1,Groovy,released,knowledge,sector-specific,,"Teknikker og prinsippene for programvareutvikling, f.eks. analyser, algoritmer, koding, testing og sammenstilling av programmønstre i Groovy.",http://data.europa.eu/esco/skill/21d2f96d-35f7-4e3f-9745-c533d2dd6e97 | http://data.europa.eu/esco/isced-f/0613,dataprogrammering | utvikling og analyse av programvare og dataprogrammer
KnowledgeSkillCompetence,http://data.europa.eu/esco/skill/52e3507b-1cad-409f-9146-3c5e2afe7df9,administrere online kommunikasjon,released,skill/competence,sector-specific,,"Overvåke og administrere kommunikasjon mellom et selskap, en enhet eller en person i nettbutikker. Sikre at opplysningene som formidles på internett, er i samsvar med strategien og profilen som skal formidles.",http://data.europa.eu/esco/skill/580660a6-5d3a-421d-a54f-d85b706c2b2f | http://data.europa.eu/esco/skill/a12057b4-6d11-4a12-ab8e-15a028ef0a6d | http://data.europa.eu/esco/skill/2b34a99f-9813-4c91-9509-b6b9b8c3132e | http://data.europa.eu/esco/skill/40001d93-8937-4859-89d5-2dca53290ff4 | http://data.europa.eu/esco/skill/c206d301-14b0-4bea-8028-a3749303a512,bruke elektroniske verktøy for å samarbeide | samhandle gjennom digitale teknologier | samarbeide gjennom digitale teknologier | dele gjennom digitale teknologier | overvåke og evaluere enkeltpersoners ytelse
KnowledgeSkillCompetence,http://data.europa.eu/esco/skill/5303169c-75d6-4751-9136-a4b88343388c,administrasjon knyttet til sosiale medier,released,knowledge,cross-sector,,"Planlegging, utvikling og implementering av strategier med sikte på å administrere sosiale medier-plattformer, publikasjoner, verktøy for sosiale medier og bildet av organisasjoner på dem.",http://data.europa.eu/esco/isced-f/0413,ledelse og administrasjon
KnowledgeSkillCompetence,http://data.europa.eu/esco/skill/53141450-2fa9-4890-a64e-7ffd4e1144be,bruke styringssystem for elektroniske pasientjournaler,released,skill/competence,sector-specific,,Være i stand til å bruke spesifikk programvare for styring av helsetjenestejournaler etter hensiktsmessige regler for god praksis.,http://data.europa.eu/esco/skill/6a7fc30d-af16-4cc5-a957-29d174bdb61c,"innhente, forvalte og lagre data"
KnowledgeSkillCompetence,http://data.europa.eu/esco/skill/53403f06-6c51-4a24-9491-d8a6200526ce,lage en virtuell modell av et produkt,released,skill/competence,cross-sector,,Lage en matematisk eller tredimensjonal datagrafisk modell av produktet ved hjelp av et CAE-system eller en kalkulator.,http://data.europa.eu/esco/skill/c34b06c4-d164-4e49-a784-89d47de42ec2,"designe industrimateriale, -system eller -produkt"
KnowledgeSkillCompetence,http://data.europa.eu/esco/skill/53456d90-8c0d-4bd2-9f1b-312619b6e2a6,metoder for maskinvaretesting,released,knowledge,cross-sector,,"De prosessene som gjennomføres ved testing av maskinvarekomponenter eller systemer, f.eks. systemtester (ST), den pågående pålitelighetstesten (ORT) og testen i kretsen (ICT).",http://data.europa.eu/esco/isced-f/0613,utvikling og analyse av programvare og dataprogrammer
KnowledgeSkillCompetence,http://data.europa.eu/esco/skill/5354a726-ee64-4f34-90f8-8436f9f374b8,analysere økologiske data,released,skill/competence,cross-sector,,Analysere og tolke økologiske og biologiske data ved hjelp av spesialprogramvarer.,http://data.europa.eu/esco/skill/36ff57b0-637d-4a83-a0e8-d14f86f9f078 | http://data.europa.eu/esco/skill/ba1f6201-b206-4459-b178-706db34a851d | http://data.europa.eu/esco/skill/57231a22-4da7-49c8-97b8-75672feadf1e | http://data.europa.eu/esco/skill/a571ae14-3e16-4fd3-a615-5646e0b0b696,analysere vitenskapelige data | analysere vitenskapelige og medisinske data | administrere kvantitative data | inspisere data
KnowledgeSkillCompetence,http://data.europa.eu/esco/skill/53780150-1581-4ae6-b435-34068c172caf,Vyper,released,knowledge,sector-specific,,"Teknikkene og prinsippene for utvikling av programvare, for eksempel analyse, algoritmer, koding, testing og utarbeiding av programmeringsparadigmer i Vyper.
	",http://data.europa.eu/esco/isced-f/0613,utvikling og analyse av programvare og dataprogrammer
KnowledgeSkillCompetence,http://data.europa.eu/esco/skill/541561bc-510c-4a99-881c-2d8bf5a85462,bruke teknisk tegneprogramvare,released,skill/competence,cross-sector,,Utarbeide teknisk design og tekniske tegninger ved hjelp av spesialprogramvare.,http://data.europa.eu/esco/skill/b1115b14-fa16-4c1e-be6c-91fd49a1808b,bruke dataassisterte design- og tegneverktøy
KnowledgeSkillCompetence,http://data.europa.eu/esco/skill/545c80e8-7ab2-42fe-af64-242211e94709,analysere nettverkskonfigurasjon og -ytelse,released,skill/competence,sector-specific,,"Analyser essensielle nettverksdata (f.eks. ruterkonfigurasjonsfiler, rutingsprotokoller), nettverkstrafikkapasitet og ytelsesegenskaper for IKT-nettverk, for eksempel fjernnett (WAN ) og lokalnett (LAN), som kobler sammen datamaskiner med kabel eller trådløse tilkoblinger og lar dem utveksle data.
	",http://data.europa.eu/esco/skill/fbbcb9ab-4b95-4e57-a756-30d08b7da7a5 | http://data.europa.eu/esco/skill/4d6a48ae-352e-4823-bc3a-3f3e9e2cae86,vedlikeholde IKT-system | tilgang til og analyse av digitale data
KnowledgeSkillCompetence,http://data.europa.eu/esco/skill/546a96b1-5f0a-4c80-b3c5-8ac0830d9f0e,lage digitale spillkarakterer,released,skill/competence,occupation-specific,,"Utvikle en typologi over karakterer for digitale spill, og identifisere deres rolle i spillet og fortellingen.",http://data.europa.eu/esco/skill/b590d4e5-7c62-4b4a-abc2-c270b482e0ce,designe it-system eller -programvare
KnowledgeSkillCompetence,http://data.europa.eu/esco/skill/5475343c-5e75-415f-b431-17f3c20a347e,bruke programvare for produksjonsplanlegging,released,skill/competence,occupation-specific,,Bruke programvare for produksjonsplanlegging og for å optimalisere ressursfordelingen.,http://data.europa.eu/esco/skill/2a778aeb-f246-4f03-9a96-c60183001037 | http://data.europa.eu/esco/skill/98fb499f-9155-412d-a8a0-95ba97126fec,planlegge produksjon | bruke digitale verktøy for samarbeid og produktivitet
KnowledgeSkillCompetence,http://data.europa.eu/esco/skill/54924a2c-daca-40d3-9716-4b38ceb04f38,algoritmer,released,knowledge,cross-sector,,"De selvstendige trinnvise settene med operasjoner som kan utføre beregninger og automatiserte beslutninger, vanligvis for å løse problemer.",http://data.europa.eu/esco/isced-f/0612,utvikling og administrasjon av databaser og datanett
KnowledgeSkillCompetence,http://data.europa.eu/esco/skill/54971fec-1c2f-49c0-9396-2f0c9fa5c8c0,LAMS,released,knowledge,sector-specific,,"Dataprogrammet LAMS er en e-læringsplattform for å skape, forvalte, administrere, arrangere, rapportere og levere e-læringskurs eller opplæringsprogrammer. Det er utviklet av LAMS Foundation.",http://data.europa.eu/esco/skill/6c80d53c-d8c9-41fe-998f-091fca208834 | http://data.europa.eu/esco/isced-f/0612,læringsstyringssystemer | utvikling og administrasjon av databaser og datanett
KnowledgeSkillCompetence,http://data.europa.eu/esco/skill/54ae8c54-2aad-46fc-bff2-9d44d0ec7a6e,administrere hjelpemidler for informasjonstilgang,released,skill/competence,sector-specific,,"Utvikle og administrere hjelpemidler for informasjonstilgang, som for eksempel databaser, digitale bibliografier, nettsteder, programvare og nettkurs.",http://data.europa.eu/esco/skill/32c017fd-28ab-4051-bf68-74de952c2f77,administrasjon av informasjon
KnowledgeSkillCompetence,http://data.europa.eu/esco/skill/54b4a91f-9db8-4b67-a20d-9b6ceb9c2315,online gambling,released,knowledge,occupation-specific,,"Aktivitet i forbindelse med innsats av penger eller virtuelle valutaer på pengespill eller spill på Internett, via nettsteder eller programvare.",http://data.europa.eu/esco/isced-f/0416,engros- og detaljsalg
KnowledgeSkillCompetence,http://data.europa.eu/esco/skill/54d774a3-de3b-4425-b0d7-c03bc99a0937,etablere opplæringsprogrammer for nettsikkerhet,released,skill/competence,sector-specific,designe cybersikkerhetstrening | levere opplæring i cybersikkerhet | utvikle cybersikkerhetsopplæring | gi opplæring i nettsikkerhet | utvikle opplæringsprogrammer i nettsikkerhet,"Utforme, utvikle og levere pedagogiske aktiviteter (som forelesninger og cyberserier) for å dekke behov og/eller øke bevisstheten om cybersikkerhet.
	",http://data.europa.eu/esco/skill/6c4fa8c8-e9e1-49b5-897f-6b61fe649488,gi opplæring i operasjonelle prosedyrer
KnowledgeSkillCompetence,http://data.europa.eu/esco/skill/54ddd422-5905-44db-93d4-03b17b913c5e,bruke CADD-programvare,released,skill/competence,cross-sector,,Bruke CADD-programvare for å utvikle detaljerte tegninger og designplaner.,http://data.europa.eu/esco/skill/b34e2ba1-9080-48c9-9b42-ee9192a4d3f1 | http://data.europa.eu/esco/skill/541561bc-510c-4a99-881c-2d8bf5a85462 | http://data.europa.eu/esco/skill/b1115b14-fa16-4c1e-be6c-91fd49a1808b,bruke CAD-programvare | bruke teknisk tegneprogramvare | bruke dataassisterte design- og tegneverktøy
KnowledgeSkillCompetence,http://data.europa.eu/esco/skill/553e1d2d-abf1-4b37-8ac4-c5c78a8edbc0,proxy-servere,released,knowledge,sector-specific,Nginx webserver,"Proxy-verktøyene fungerer som mellommenn for forespørsler fra brukere som søker etter ressurser, f.eks. filer og nettsider fra andre servere som Burp, WebScarab, Charles eller Fiddler.",http://data.europa.eu/esco/skill/d0c6d77e-cb25-4770-bf77-2073fc5f7523 | http://data.europa.eu/esco/isced-f/0611,IKT-infrastruktur | bruk av datamaskiner
KnowledgeSkillCompetence,http://data.europa.eu/esco/skill/557c86b8-a0bc-4545-bb30-d141b1d60bc1,gjennomføre klinisk programvareforskning,released,skill/competence,occupation-specific,,"Føre tilsyn med og gjennomføre nødvendige undersøkelser for å kjøpe, designe, utvikle, teste, trene og implementere programvare for klinisk pleie og i samsvar med retningslinjer for helseplaner.
	",http://data.europa.eu/esco/skill/7eafec38-621a-4b6e-9298-bfe70ec0b253,utføre akademiske undersøkelser eller markedsundersøkelser
KnowledgeSkillCompetence,http://data.europa.eu/esco/skill/557e9247-1a2d-4497-aa7f-0cded7768da1,Aircrack (verktøy for penetrasjonstesting),released,knowledge,sector-specific,,"Datamaskinprogrammet Aircrack er et cracking-program som gjenoppretter 802.11 WEP- og WPA-PSK-nøkler ved å gjøre flere nettverksangrep som FMS, KoreK og PTW.",http://data.europa.eu/esco/isced-f/0613 | http://data.europa.eu/esco/skill/de586dcf-d7e5-4340-bf5b-d59026f1b436,utvikling og analyse av programvare og dataprogrammer | verktøy for penetrasjonstesting
KnowledgeSkillCompetence,http://data.europa.eu/esco/skill/55c16653-343c-4d02-a9de-7d8e864a4592,Codenvy,released,knowledge,sector-specific,,Verktøyet Codenvy er en plattform som brukes til å lage arbeidsområder på forespørsel i skyen hvor utviklere kan samarbeide om kodingsprosjekter og jobbe sammen før de slår sammen arbeidet sitt i det sentrale datalageret.,http://data.europa.eu/esco/skill/9d2e926f-53d9-41f5-98f3-19dfaa687f3f | http://data.europa.eu/esco/isced-f/0613,verktøy for programvarekonfigurasjonsstyring | utvikling og analyse av programvare og dataprogrammer
KnowledgeSkillCompetence,http://data.europa.eu/esco/skill/55cc1f3f-69fc-46ec-b24a-9708f6bd92b4,bruke programvareverktøy for nettstedsmodellering,released,skill/competence,sector-specific,,"Bruke programvare og andre modellverktøy for å skape simuleringer og utvikle scenarioer for mulige utfall av driften av anlegget. Bruke opplysningene som er samlet inn fra simuleringer og modeller, til analyser og beslutninger.",http://data.europa.eu/esco/skill/b1115b14-fa16-4c1e-be6c-91fd49a1808b,bruke dataassisterte design- og tegneverktøy
KnowledgeSkillCompetence,http://data.europa.eu/esco/skill/55cd5608-1497-4ed1-96d0-cb9494749a09,reparere mobile enheter,released,skill/competence,cross-sector,,"Bytte deler og reparere feil på mobiltelefoner, nettbrett og andre små mobilenheter.",http://data.europa.eu/esco/skill/b4877620-c375-45f3-a678-2ddb4dae6a29 | http://data.europa.eu/esco/skill/a7065828-10aa-4aba-b7d4-f23a30df5060,"reparere IKT-enheter | installere og reparere elektrisitets-, elektro- og presisjonsutstyr"
KnowledgeSkillCompetence,http://data.europa.eu/esco/skill/5608d5a0-6d5e-43b7-be37-616501729bb4,kunstige nevrale nettverk,released,knowledge,cross-sector,,"Et nettverk av kunstige nevroner satt sammen for å løse kunstig intelligens-problemer. Disse databehandlingssystemene er inspirert av biologiske nevrale nettverk - hjerner. Forståelse av den generelle modellen og dens elementer. Kunnskap om bruksmulighetene for automatisering.
	",http://data.europa.eu/esco/skill/e465a154-93f7-4973-9ce1-31659fe16dd2 | http://data.europa.eu/esco/isced-f/0619,prinsipper for kunstig intelligens | ikke annetsteds klassifisert informasjons- og kommunikasjonsteknologi
KnowledgeSkillCompetence,http://data.europa.eu/esco/skill/5645b349-2b67-48cf-b290-bbb029e59dcf,medisinsk avbildningsteknologi,released,knowledge,cross-sector,teknologi for medisinsk bildebehandling | teknologier for medisinsk bildebehandling | medisinsk skanningsteknologi | teknologi for kroppsskanning | Standard HL7 | MR-teknologi | teknologi for medisinsk avbildning | DICOM | MR-skanning | medisinsk bildeteknologi | medisinsk skanneteknologi | medisinske bildeteknologier,"Sett med teknologier som brukes til å skape visuelle representasjoner av kroppens indre i forbindelse med klinisk analyse.
	",http://data.europa.eu/esco/isced-f/0914,medisinsk diagnose- og behandlingsteknologi
KnowledgeSkillCompetence,http://data.europa.eu/esco/skill/56a10e3e-c9e7-4d39-b6f1-6013398fcb3a,bruke systemprogramvare for innholdsstyring,released,skill/competence,cross-sector,,"Bruke programvare som gjør det mulig å publisere, redigere og modifisere innhold samt utføre vedlikehold fra et sentralt grensesnitt.",http://data.europa.eu/esco/skill/6a7fc30d-af16-4cc5-a957-29d174bdb61c,"innhente, forvalte og lagre data"
KnowledgeSkillCompetence,http://data.europa.eu/esco/skill/56a7f561-1d55-43c9-9cd7-36a0a9bc6c50,ASP.NET,released,knowledge,sector-specific,ASP.NET 2.0 | Aspx | ASP+ | ASP.NET 3.5,"Teknikker og prinsipper for programvareutvikling, som analyse, algoritmer, koding, testing og utarbeiding av programmønstre i ASP.NET.",http://data.europa.eu/esco/skill/21d2f96d-35f7-4e3f-9745-c533d2dd6e97 | http://data.europa.eu/esco/isced-f/0613,dataprogrammering | utvikling og analyse av programvare og dataprogrammer
KnowledgeSkillCompetence,http://data.europa.eu/esco/skill/5706691c-2c38-46e4-9e88-c55be7e5d3ff,digitale kamerasensorer,released,knowledge,sector-specific,,"Typer sensorer som brukes i digitale kameraer, som ladede koblede enheter (CCD) og komplimentære metalloksid-halvledende sensorer (CMOS).",http://data.europa.eu/esco/isced-f/0211,audiovisuell teknikk og medieproduksjon
KnowledgeSkillCompetence,http://data.europa.eu/esco/skill/571c8cb7-33f5-4a2e-999d-35688afed581,reparere maritimt kommunikasjonsutstyr,released,skill/competence,occupation-specific,,Reparere maritimt kommunikasjonsutstyr som kreves ved bruk av elektronisk testutstyr.,http://data.europa.eu/esco/skill/3c7d58c9-125e-4d8d-9102-b8022c54d0b5 | http://data.europa.eu/esco/skill/a7065828-10aa-4aba-b7d4-f23a30df5060,"betjene maritimt kommunikasjonsutstyr | installere og reparere elektrisitets-, elektro- og presisjonsutstyr"
KnowledgeSkillCompetence,http://data.europa.eu/esco/skill/57231a22-4da7-49c8-97b8-75672feadf1e,administrere kvantitative data,released,skill/competence,cross-sector,,"Samle inn, behandle og presentere kvantitative data. Bruke egnede programmer og metoder for validering, organisering og tolkning av data.
	",http://data.europa.eu/esco/skill/6b305973-8993-475f-bd8a-daf037c61401 | http://data.europa.eu/esco/skill/6a7fc30d-af16-4cc5-a957-29d174bdb61c,"organisere informasjon, objekter og ressurser | innhente, forvalte og lagre data"
KnowledgeSkillCompetence,http://data.europa.eu/esco/skill/574032f3-e427-49ad-8d88-2341ac6e1a7d,betjene seismisk utstyr,released,skill/competence,occupation-specific,,Flytte seismisk utstyr til forskjellige steder. Bruke seismometer. Observere opptaksutstyr for å avdekke anomalier og uregelmessigheter. Behandle og tolke seismisk data i både 2D og 3D.,http://data.europa.eu/esco/skill/7ca69606-5ffc-4668-ae53-713c1f1612e6,betjene vitenskapelig og laboratorisk utstyr
KnowledgeSkillCompetence,http://data.europa.eu/esco/skill/580660a6-5d3a-421d-a54f-d85b706c2b2f,bruke elektroniske verktøy for å samarbeide,released,skill/competence,cross-sector,,"Bruke nettressurser som møteverktøy på nett, VoIP-telefonmøter, filredigering i sanntid, samarbeide om å skape innhold og å samarbeide eksternt.",http://data.europa.eu/esco/skill/574257ea-7b64-4100-b7b6-e27c233fe143 | http://data.europa.eu/esco/skill/98fb499f-9155-412d-a8a0-95ba97126fec,digital kommunikasjon og digitalt samarbeid | bruke digitale verktøy for samarbeid og produktivitet
KnowledgeSkillCompetence,http://data.europa.eu/esco/skill/5865c47c-cf1a-4dcb-8871-d4a1ea4b047b,sette opp dokumentasjonskontrollsystem,released,skill/competence,occupation-specific,,Sette opp og vedlikeholde dokumentasjonskontrollsystem,http://data.europa.eu/esco/skill/32c017fd-28ab-4051-bf68-74de952c2f77,administrasjon av informasjon
KnowledgeSkillCompetence,http://data.europa.eu/esco/skill/58783f72-5098-4807-b1d1-954ec2ae94c4,Backbox (verktøy for penetrasjonstesting),released,knowledge,sector-specific,,"Programvaren BlackBox er en Linux-distribusjon som tester svakheter ved sikkerheten til systemer for potensiell uautorisert tilgang til systeminformasjon ved innhenting av informasjon, rettsmedisinske, trådløse og VoIP-analyser, utnyttelse og omvendt prosjektering.",http://data.europa.eu/esco/isced-f/0613 | http://data.europa.eu/esco/skill/de586dcf-d7e5-4340-bf5b-d59026f1b436,utvikling og analyse av programvare og dataprogrammer | verktøy for penetrasjonstesting
KnowledgeSkillCompetence,http://data.europa.eu/esco/skill/58888680-07cd-4baa-8eb1-f846bff7e2d4,administrere medlemskapsdatabase,released,skill/competence,sector-specific,,"Registrere og oppdatere medlemskapsinformasjon, og analysere og rapportere statistisk informasjon om medlemskap.",http://data.europa.eu/esco/skill/29fb0fb5-dfc4-4098-ac9b-3a712000f48f | http://data.europa.eu/esco/skill/32c017fd-28ab-4051-bf68-74de952c2f77,administrere database | administrasjon av informasjon
KnowledgeSkillCompetence,http://data.europa.eu/esco/skill/5898d99a-62a4-4e10-a2e3-0d815ce44248,mottiltak mot cyberangrep,released,knowledge,sector-specific,cybersikkerhetsforanstaltninger | sikkerhetstiltak for nettverkskommunikasjon | cyber/digital/IT/IKT/informasjonssikkerhetskontroller | cyberforsvarsmekanismer | cybersikkerhetstiltak,"Metoder, teknologier og teknikker som brukes til å forsvare (oppdage, overvåke og gjenopprette) mot cyberangrep. Disse cyberangrepene inkluderer flere angrepsvektorer som skadelig programvare, tjenestenektangrep (DoS) og phishing. Systemer for å forhindre inntrengning, brannmur, antivirus, inntrengningsdeteksjonssystemer (IDS), nettsikkerhetstrening, sikkerhetskopiering, Information Security Management System (ISM), flerfaktor autentisering og bruk av bevissthet, er noen eksempler på metodene som brukes.
	",http://data.europa.eu/esco/isced-f/1031,militær og forsvar
KnowledgeSkillCompetence,http://data.europa.eu/esco/skill/58bfa8b2-f39f-40c3-8e5e-2dc0d26c7601,sett opp systemer for medieintegrering,released,skill/competence,occupation-specific,,"Sette opp ulike typer lys- og lyd-, bilde- og bevegelseskontrollkort og relatert utstyr, slik som sporingssystemer, medieservere og kontrollprogramvare og -maskinvare.
	",http://data.europa.eu/esco/skill/8ddcb295-707e-459c-ba6a-66ffb37835c5,betjene audiovisuelt utstyr
KnowledgeSkillCompetence,http://data.europa.eu/esco/skill/58c3ed60-c06b-47c0-b213-4e3608608644,bruke fjernkontrollutstyr,released,skill/competence,cross-sector,,"Betjene utstyr ved hjelp av fjernstyring. Holde øye med utstyret under bruk, og bruke eventuelle sensorer eller kameraer som hjelpemidler.",http://data.europa.eu/esco/skill/494b8057-daf5-46a0-b33b-416e0115c30a,bruk av digitale verktøy for å kontrollere maskineriet
KnowledgeSkillCompetence,http://data.europa.eu/esco/skill/58d7a289-dafd-4363-833f-d1dc4140885e,APL,released,knowledge,sector-specific,,"Teknikker og prinsipper for programvareutvikling, som analyse, algoritmer, koding, testing og utarbeiding av programmønstre for APL.",http://data.europa.eu/esco/skill/21d2f96d-35f7-4e3f-9745-c533d2dd6e97 | http://data.europa.eu/esco/isced-f/0613,dataprogrammering | utvikling og analyse av programvare og dataprogrammer
KnowledgeSkillCompetence,http://data.europa.eu/esco/skill/598de5b0-5b58-4ea7-8058-a4bc4d18c742,SQL,released,knowledge,sector-specific,Informix 4GL/SQL | Subquery | SEQUEL,"Dataspråket SQL er et spørrespråk for gjenfinning av opplysninger fra en database, og for dokumenter som inneholder nødvendige opplysninger. Det er utviklet av American National Standards Institute og Den internasjonale standardiseringsorganisasjon.",http://data.europa.eu/esco/skill/9cf681c7-89ec-470c-b651-7fe03786f586 | http://data.europa.eu/esco/isced-f/0613,spørringsspråk | utvikling og analyse av programvare og dataprogrammer
KnowledgeSkillCompetence,http://data.europa.eu/esco/skill/59ea80e1-463a-4dba-82c6-d0b6d577d532,tekniske tegninger,released,knowledge,cross-sector,,"Tegneprogramvare og de ulike symbolene, perspektivene, enhetene for måling, notasjonssystemene, visuelle stilene og sideoppsettene som brukes i tekniske tegninger.",http://data.europa.eu/esco/isced-f/0732,bygg og anlegg
KnowledgeSkillCompetence,http://data.europa.eu/esco/skill/5a29fbb3-3b5c-44f2-b07a-e84faa790088,vedlikeholde sensorutstyr,released,skill/competence,cross-sector,,"Diagnostisere og registrere funksjonssvikt i sensorkomponenter, systemer og produkter ved hjelp av sensorer, og fjerne, bytte ut eller reparere disse komponentene ved behov. Utføre oppgaver i forbindelse med vedlikehold av utstyr, for eksempel å lagre komponenter i et rent, støvfritt, og tørt rom.",http://data.europa.eu/esco/skill/5033c2fb-ec55-4b8e-b0a4-9379593f1e1c | http://data.europa.eu/esco/skill/ec0401f1-f690-46be-934b-f6f5611085f5,"vedlikeholde utstyr | vedlikeholde elektrisitets-, elektro- og presisjonsutstyr"
KnowledgeSkillCompetence,http://data.europa.eu/esco/skill/5a6dda77-c09d-441a-8456-c6ca7e1bda06,systemer for veiing i bevegelse,released,knowledge,occupation-specific,,"Systemer for veiing i bevegelse, som måler vekten til et kjøretøy som kjører gjennom og kan sende ut en alarm dersom kjøretøyet er overlastet eller i ubalanse.",http://data.europa.eu/esco/isced-f/1041,transporttjenester
KnowledgeSkillCompetence,http://data.europa.eu/esco/skill/5ae6743f-8241-49f8-b447-0df43756cb1c,koordinere lydsystemprogrammer,released,skill/competence,sector-specific,,"Koordinere kravene, integreringen og monteringen av systemprogrammer for lydkontroll.",http://data.europa.eu/esco/skill/a7065828-10aa-4aba-b7d4-f23a30df5060,"installere og reparere elektrisitets-, elektro- og presisjonsutstyr"
KnowledgeSkillCompetence,http://data.europa.eu/esco/skill/5af49836-2269-46d9-87b9-0d3140c6c22e,integrere og gjennomarbeide digitalt innhold på nytt,released,skill/competence,cross-sector,,"Endre, forfine, forbedre og integrere opplysninger og innhold til eksisterende kunnskap for å skape nytt, originalt og relevant innhold og kunnskap.",http://data.europa.eu/esco/skill/f5369f2f-e52b-43d8-8d31-79a6c11188d8 | http://data.europa.eu/esco/skill/98fb499f-9155-412d-a8a0-95ba97126fec,opprettelse av digitalt innhold | bruke digitale verktøy for samarbeid og produktivitet
KnowledgeSkillCompetence,http://data.europa.eu/esco/skill/5b26f08b-88bc-45f0-b901-530d7786466b,vitenskapelig databehandling,released,knowledge,cross-sector,computational science | vitenskapelig beregning,"Det tverrfaglige feltet mellom informatikk, matematikk og ingeniørfag. Det dreier seg om bruk av tekniske tilnærminger og teoretiske rammer, og bruk av datamaskiner for å ta opp problemstillinger innen naturvitenskap og ingeniørfag.
	",http://data.europa.eu/esco/isced-f/0688,tverrfaglige programmer og kvalifikasjoner innen informasjons- og kommunikasjonsteknologi (ikt)
KnowledgeSkillCompetence,http://data.europa.eu/esco/skill/5b4ea415-3a3a-4d90-91d2-2d18ad196f4b,programmere lydsignaler,released,skill/competence,sector-specific,,Programmere lydsignaler og øve på lydtilstander før eller under prøver.,http://data.europa.eu/esco/skill/3ed245ce-6953-4203-94d7-89550bf502ba | http://data.europa.eu/esco/skill/8ddcb295-707e-459c-ba6a-66ffb37835c5,lage handlingsplan for en fremføring | betjene audiovisuelt utstyr
KnowledgeSkillCompetence,http://data.europa.eu/esco/skill/5b776f2d-cac1-437e-badd-9871876209a5,utvikle geologiske databaser,released,skill/competence,sector-specific,,Utvikle geologiske databaser for å innhente og organisere informasjon.,http://data.europa.eu/esco/skill/29fb0fb5-dfc4-4098-ac9b-3a712000f48f | http://data.europa.eu/esco/skill/6a7fc30d-af16-4cc5-a957-29d174bdb61c,"administrere database | innhente, forvalte og lagre data"
KnowledgeSkillCompetence,http://data.europa.eu/esco/skill/5b9cde20-f1b9-4adc-bfb3-dbf70b14138d,bruke objektorientert programmering,released,skill/competence,sector-specific,,"Bruke spesialiserte IKT-verktøy for programmeringsparadigme basert på objektkonseptene, som kan inneholde data i form av felt og kode i form av prosedyrer. Bruke programmeringsspråk som støtter denne metoden, som JAVA og C++.
	",http://data.europa.eu/esco/skill/a8c3186b-c791-4d57-8f4f-4d12c7a5c6a7,programmering av datasystemer
KnowledgeSkillCompetence,http://data.europa.eu/esco/skill/5bac4bcc-1846-4688-ba02-ad2b51544282,utvikle inkluderende kommunikasjonsmateriale,released,skill/competence,cross-sector,sikre tilgjengelighet av kommunikasjonsmateriell | utvikle kommunikasjonsmateriell som er tilgjengelig for mennesker med nedsatt funksjonsevne | bruke inkluderende markedsføringsmateriell,"Utvikle inkluderende kommunikasjonsressurser. Sørge for egnet og tilgjengelig digital og trykt informasjon, og bruke riktig språk for å sørge for at personer med funksjonshemninger blir representert og inkludert. Gjøre nettsteder og nettbaserte fasiliteter tilgjengelige, f.eks. for å sikre kompatibilitet med skjermlesere.
	",http://data.europa.eu/esco/skill/efb60300-0d55-4b2c-8038-8409587a4727,"fremme produkter, tjenester og ordninger"
KnowledgeSkillCompetence,http://data.europa.eu/esco/skill/5be3d306-6cf1-4b49-aa1d-01651dd4ba4c,objektorientert modellering,released,knowledge,sector-specific,,"Det objekt-orienterte paradigmet som er basert på klasser, objekter, metoder og grensesnitt, og deres anvendelse i programvareutforming og -analyse, programmeringsorganisering og -teknikker.",http://data.europa.eu/esco/isced-f/0613,utvikling og analyse av programvare og dataprogrammer
KnowledgeSkillCompetence,http://data.europa.eu/esco/skill/5c48050b-c4ca-467e-a4d3-9547bf362a17,synkronisere med munnbevegelser,released,skill/competence,sector-specific,,Synkronisere lydopptak med skuespillerens munnbevegelser.,http://data.europa.eu/esco/skill/80e961f6-1482-4a28-9810-941b8aea1e86 | http://data.europa.eu/esco/skill/8ddcb295-707e-459c-ba6a-66ffb37835c5,synkronisere lyd med bilder | betjene audiovisuelt utstyr
KnowledgeSkillCompetence,http://data.europa.eu/esco/skill/5c66ce3a-658d-43b1-9d8d-0f39be6c0f2e,WebCMS,released,knowledge,sector-specific,,"Nettprogramvaresystemene brukes til skaping, redigering, utgivelse og arkivering av blogger, artikler, nettsider eller pressemeldinger som hovedsakelig forvaltes av brukere med begrenset kunnskap om nettet.",http://data.europa.eu/esco/isced-f/0613,utvikling og analyse av programvare og dataprogrammer
KnowledgeSkillCompetence,http://data.europa.eu/esco/skill/5c845ff8-b3f7-42b1-a846-a4238a8b404e,bruke IKT-ressurser til å løse arbeidsrelaterte oppgaver,released,skill/competence,sector-specific,,"Velge og bruke IKT-ressurser til å løse relaterte oppgaver.
	",http://data.europa.eu/esco/skill/98fb499f-9155-412d-a8a0-95ba97126fec,bruke digitale verktøy for samarbeid og produktivitet
KnowledgeSkillCompetence,http://data.europa.eu/esco/skill/5c8aa481-9e7c-4f32-8197-a8b0fd7ca186,demonstrere funksjonaliteten til programvare,released,skill/competence,sector-specific,,Demonstrere programvarens egenskaper og funksjoner for kunder.,http://data.europa.eu/esco/skill/6c4fa8c8-e9e1-49b5-897f-6b61fe649488,gi opplæring i operasjonelle prosedyrer
KnowledgeSkillCompetence,http://data.europa.eu/esco/skill/5ca9f3d6-d7dd-4bb1-a4ca-75c6b14b7b6f,tilpasse seg ny teknologi som brukes i biler,released,skill/competence,sector-specific,,"Tilpasse seg ny teknologi som brukes i biler. Forstå systemer, og tilby feilsøking.",http://data.europa.eu/esco/skill/49de9958-2aa4-4eef-a89d-fe5d5bcd28c4 | http://data.europa.eu/esco/skill/a6c3bda0-c759-495e-b2c5-062b3abe2097,tilpasse seg endringer | implementere nye prosedyrer og prosesser
KnowledgeSkillCompetence,http://data.europa.eu/esco/skill/5cbfa47c-5363-46f2-91e7-01909e4f3b15,administrere frivillige på nettet,released,skill/competence,sector-specific,,"Administrere et team av frivillige som jobber på nettet. Rekruttere dem via nettbaserte verktøy og tilrettelegg for nettmøter for å etablere mål og evaluere aktivitetene deres.
	",http://data.europa.eu/esco/skill/aab9f44d-fe0e-46d8-a470-11ce82a64846,veilede et team eller en gruppe
KnowledgeSkillCompetence,http://data.europa.eu/esco/skill/5ce5236e-93e2-4899-8971-fff526f85a01,blokkjedeapplikasjoner,released,knowledge,cross-sector,blokkjedefunksjoner | blockchain-funksjoner,"Kunnskap om applikasjoner der blokkjeder kan gi betydelig merverdi. De inkluderer bruksområder innen bank og finans (internasjonale betalinger, kapitalmarkeder, handelsfinansiering, regulatorisk finansiering og revisjon, hvitvaskingsbeskyttelse, forsikring, peer-to-peer-transaksjoner) og virksomhet (Supply Chain Management, helsetjenester, eiendom, media, energi), myndigheter (identitetsforvaltning, stemmegivning, skatter, ideelle organisasjoner, samsvar / regulatorisk tilsyn).
	",http://data.europa.eu/esco/isced-f/0611,bruk av datamaskiner
KnowledgeSkillCompetence,http://data.europa.eu/esco/skill/5ce80f97-b385-4a41-9339-a6593d0709c1,utføre videoredigering,released,skill/competence,sector-specific,,"Organisere og redigere videoopptak i etterproduksjonsprosessen. Redigere videoopptaket ved hjelp av ulike programvarer, verktøy og teknikker, som korrigering og effekter, hastighetseffekter og lydstyrke.",http://data.europa.eu/esco/skill/c53a55a1-8b2b-4d2c-b12d-626742a3833a,bruke digitale verktøy for lyd- og bildebehandling
KnowledgeSkillCompetence,http://data.europa.eu/esco/skill/5cf70b66-f1b4-4c50-94fb-15ec74fad028,kommunisere ved hjelp av det globale maritime nød- og sikkerhetssystemet,released,skill/competence,cross-sector,,"Kommunisere ved hjelp av det globale maritime nød- og sikkerhetssystemet i nødssituasjoner, slik at det er stor sannsynlighet for at varselet mottas av enten redningstjenester på land eller andre fartøyer i området.",http://data.europa.eu/esco/skill/ef7562b2-f176-4d7c-a0b2-27ae8cce0b7d | http://data.europa.eu/esco/skill/69ab1f34-a861-49ab-96bb-1f235002d3f1 | http://data.europa.eu/esco/skill/0a88a13f-693a-4dde-b44c-22e6f98fabc6,reagere på fysiske endringer eller farer | betjene marine kommunikasjonssystemer | betjene kommunikasjonsutstyr
KnowledgeSkillCompetence,http://data.europa.eu/esco/skill/5d3798b0-d3a3-45ef-9df2-8b8756d4d79c,anvende termisk analyse,released,skill/competence,sector-specific,,"Bruk programvare som Icepak, Fluens og FloTHERM for å utvikle og optimere varmestyring for å håndtere en lang rekke utfordringer med hensyn til termiske produkter og termiske materialers egenskaper.",http://data.europa.eu/esco/skill/b1115b14-fa16-4c1e-be6c-91fd49a1808b,bruke dataassisterte design- og tegneverktøy
KnowledgeSkillCompetence,http://data.europa.eu/esco/skill/5d74614d-32c8-4ca4-9818-6980e52424b1,planlegge programvaretesting,released,skill/competence,sector-specific,,"Utarbeide og overvåke testplaner. Bestemme fordeling av ressurser, verktøy og teknikker. Definere testkriterier for risikostyring for defekter, tilpasse budsjetter og planlegge ekstrakostnader.",http://data.europa.eu/esco/skill/e6eeb84c-ad99-42e2-b883-e6ce338aef59,planlegge drift og produksjonsprosesser
KnowledgeSkillCompetence,http://data.europa.eu/esco/skill/5d852752-4bae-4c6e-ab2a-7eb6bf82a99d,føre datastyrte registre over jernbanetrafikk,released,skill/competence,sector-specific,,"Føre datastyrte registre over jernbanetrafikk som for eksempel koordinering og retning, utstede tillatelser og autorisasjoner og gjennomføre generell overvåkning av trafikken.",http://data.europa.eu/esco/skill/6a7fc30d-af16-4cc5-a957-29d174bdb61c,"innhente, forvalte og lagre data"
KnowledgeSkillCompetence,http://data.europa.eu/esco/skill/5da42cfd-1da8-4e4f-b68e-4f821d005fc5,virtuell virkelighet,released,knowledge,cross-sector,,"Prosessen med å simulere opplevelser i det virkelige liv i et fullstendig omsluttende (""immersivt"") digitalt miljø. Brukeren samhandler med VR-systemet via enheter som spesielt utformede hodesett.
	",http://data.europa.eu/esco/isced-f/0619,ikke annetsteds klassifisert informasjons- og kommunikasjonsteknologi
KnowledgeSkillCompetence,http://data.europa.eu/esco/skill/5da73370-f6b9-417d-a94c-09bf01f84aa2,bruke tilgangskontrollprogramvare,released,skill/competence,sector-specific,,"Benytte programvare til å definere roller og autentisere brukere, rettigheter og tilgang til IKT-systemer, data og tjenester.",http://data.europa.eu/esco/skill/185c56ee-098f-46a1-af87-56337085da6f,beskytte it-enheter
KnowledgeSkillCompetence,http://data.europa.eu/esco/skill/5da8018b-ae85-4cde-ad93-0394369018f3,SPARQL,released,knowledge,sector-specific,,Dataspråket SPARQL er et spørrespråk for gjenfinning av opplysninger fra en database og for dokumenter som inneholder nødvendige opplysninger. Det er utviklet av den internasjonale standardorganisasjonen World Wide Web Consortium.,http://data.europa.eu/esco/skill/9cf681c7-89ec-470c-b651-7fe03786f586 | http://data.europa.eu/esco/isced-f/0613 | http://data.europa.eu/esco/skill/99207709-d076-4cce-ba38-e90d3bb28806,spørringsspråk | utvikling og analyse av programvare og dataprogrammer | Resource Description Framework-spørringsspråk
KnowledgeSkillCompetence,http://data.europa.eu/esco/skill/5e0d6552-7efb-4207-b805-68fed752d778,anvende fargegradering,released,skill/competence,occupation-specific,,"Justere fargen på film eller video ved å justere fargesammensetningen enten manuelt, i et fotolaboratorium eller digitalt ved hjelp av programvare.",http://data.europa.eu/esco/skill/ab99d9a7-62eb-407b-92f2-bf7992a82004,skape kunstneriske design eller forestillinger
KnowledgeSkillCompetence,http://data.europa.eu/esco/skill/5e14de3d-d055-427e-9f5b-eb068f56b019,forske på nettstedbrukere,released,skill/competence,cross-sector,,Registrere og analysere trafikk til nettstedet ved hjelp av undersøkelser eller nettbutikk og analyser. Identifisere målgruppens behov og preferanser for å kunne bruke markedsstrategier for å øke trafikken til nettstedet.,http://data.europa.eu/esco/skill/7eafec38-621a-4b6e-9298-bfe70ec0b253,utføre akademiske undersøkelser eller markedsundersøkelser
KnowledgeSkillCompetence,http://data.europa.eu/esco/skill/5edaf4c4-6747-4eb8-b898-72dd2351dca8,kontrollere produksjonsflyt eksternt,released,skill/competence,cross-sector,,Utføre ekstern kontroll av produksjonsflyten fra oppstartsoperasjoner til nedstenging av utstyr og systemer ved hjelp av kontrollpanelet.,http://data.europa.eu/esco/skill/feceacee-d425-4e73-821a-02dfb85084db | http://data.europa.eu/esco/skill/494b8057-daf5-46a0-b33b-416e0115c30a,kontrollere produksjon | bruk av digitale verktøy for å kontrollere maskineriet
KnowledgeSkillCompetence,http://data.europa.eu/esco/skill/5ef0c719-5bcb-49f8-b8eb-824388225333,bruke skriptingsprogrammering,released,skill/competence,sector-specific,,"Bruke spesialiserte IKT-verktøy for å lage datakode som tolkes av tilsvarende løpetidsmiljøer for å utvide apper og automatisere vanlige datamaskinoperasjoner. Bruke programmeringsspråk som støtter denne metoden, for eksempel Unix Shell-skript, JavaScript, Python og Ruby.",http://data.europa.eu/esco/skill/a8c3186b-c791-4d57-8f4f-4d12c7a5c6a7,programmering av datasystemer
KnowledgeSkillCompetence,http://data.europa.eu/esco/skill/5f5e9350-1d13-4391-b9e1-07f6b2047fc5,e-læring,released,knowledge,sector-specific,,De strategiske og didaktiske metodene for læring der hovedelementene omfatter bruk av IKT-teknologier.,http://data.europa.eu/esco/skill/7fc4c18a-68f3-425a-aadf-f83633be47a1 | http://data.europa.eu/esco/isced-f/0111,læringsteknologier | pedagogikk
KnowledgeSkillCompetence,http://data.europa.eu/esco/skill/5f782745-6382-4873-b415-8fb91c705b03,lage digitale bilder,released,skill/competence,cross-sector,,Bruke programvare for animasjon eller modellering for å lage og behandle to- og tredimensjonale digitale bilder av animerte objekter eller bilder som illustrerer en prosess.,http://data.europa.eu/esco/skill/a556a3db-cd48-42a5-825c-f95f6f5ccbfe,skape visuelle utstillinger og dekorasjoner
KnowledgeSkillCompetence,http://data.europa.eu/esco/skill/5fd5c985-eaaa-47aa-8314-62359c54505a,utvikle digitalt innhold,released,skill/competence,cross-sector,,Utarbeide og redigere digitalt innhold i ulike formater. Uttrykke seg ved hjelp av digitale verktøy.,http://data.europa.eu/esco/skill/f5369f2f-e52b-43d8-8d31-79a6c11188d8 | http://data.europa.eu/esco/skill/98fb499f-9155-412d-a8a0-95ba97126fec,opprettelse av digitalt innhold | bruke digitale verktøy for samarbeid og produktivitet
KnowledgeSkillCompetence,http://data.europa.eu/esco/skill/5fd6c193-93c6-4f2d-bf9b-e0debb851f2d,programvare for samlingsadministrering,released,knowledge,sector-specific,,Kjenne til spesialiserte programvarer for samlingsadministrering som brukes til å dokumentere og føre register over museets samling.,http://data.europa.eu/esco/skill/6c8ed0d1-4fc9-41a6-9587-6dbc82cabfc3 | http://data.europa.eu/esco/isced-f/0322,"samlingsadministrering | bibliotek-, arkiv- og informasjonsfag"
KnowledgeSkillCompetence,http://data.europa.eu/esco/skill/5fed696b-77d6-46e1-aa57-e520928a9837,anvende skriveteknikker uten å se på tastaturet,released,skill/competence,cross-sector,,"Kjenne til, bruke og skrive dokumenter, tekster og annet innhold uten å se på tastatur. Bruke teknikker for å skrive dokumenter på en slik måte.",http://data.europa.eu/esco/skill/906211b3-afed-4a2b-b5e1-33f2885fee85,utføre generelle kontor- og administrasjonsoppgaver
KnowledgeSkillCompetence,http://data.europa.eu/esco/skill/6014921e-1d25-4039-adc2-04852d61880e,IKT-feilrettingsverktøy,released,knowledge,sector-specific,,"IKT-verktøyene som brukes til test- og feilsøkingsprogrammer og programvarekode, f.eks. GNU Debugger (GDB), Intel Debugger (IDB), Microsoft Visual Studio Debugger, Valgrnid og WinDbg.",http://data.europa.eu/esco/isced-f/0613,utvikling og analyse av programvare og dataprogrammer
KnowledgeSkillCompetence,http://data.europa.eu/esco/skill/604f62cc-0f04-4903-b9f9-7128f72d4e5a,Brightspace (læringsstyringssystemer),released,knowledge,sector-specific,,"Dataprogrammet Brightspace er en e-læringsplattform for å skape, administrere, arrangere, rapportere og levere e-læringskurs eller utdanningsprogrammer. Det er utviklet av programvareselskapet D2L Corporation.",http://data.europa.eu/esco/skill/6c80d53c-d8c9-41fe-998f-091fca208834 | http://data.europa.eu/esco/isced-f/0612,læringsstyringssystemer | utvikling og administrasjon av databaser og datanett
KnowledgeSkillCompetence,http://data.europa.eu/esco/skill/605399ce-4736-4b41-b41e-92ecf2139454,Solidity,released,knowledge,sector-specific,,"Teknikkene og prinsippene for utvikling av programvare, for eksempel analyse, algoritmer, koding, testing og utarbeiding av programmeringsparadigmer i Solidity.
	",http://data.europa.eu/esco/isced-f/0613,utvikling og analyse av programvare og dataprogrammer
KnowledgeSkillCompetence,http://data.europa.eu/esco/skill/60d48be0-4260-4b2e-85b9-aedff7a9b7d9,Strategier for IKT-kapasitetsplanlegging,released,knowledge,sector-specific,,"De metoder, teknikker og IKT-verktøy som brukes for planlegging av maksimal arbeidsmengde som en organisasjon er i stand til å gjennomføre i løpet av en gitt periode, basert på antall maskiner, arbeidstakere og skift, med hensyn til begrensninger som kvalitetsproblemer, forsinkelser og materialhåndtering.",http://data.europa.eu/esco/isced-f/0413,ledelse og administrasjon
KnowledgeSkillCompetence,http://data.europa.eu/esco/skill/60f2ec1a-9237-4d0e-8c4a-1a3e67a0d83d,definere himmellegemer,released,skill/competence,sector-specific,,"Analysere data og bilder for å beregne størrelsen, formen, lysstyrken og bevegelsen til himmellegemer.",http://data.europa.eu/esco/skill/d2e8f452-ac19-4eed-b984-8f55d2a5b763,teste og analysere stoffer
KnowledgeSkillCompetence,http://data.europa.eu/esco/skill/611ed16b-99bf-4840-9cab-f55d1d286e0a,lagre digitale data og systemer,released,skill/competence,cross-sector,,Bruke programvare for å lagre data ved å kopiere og sikkerhetskopiere dem for å sikre integritet og hindre tap av data.,http://data.europa.eu/esco/skill/6a7fc30d-af16-4cc5-a957-29d174bdb61c,"innhente, forvalte og lagre data"
KnowledgeSkillCompetence,http://data.europa.eu/esco/skill/6141595f-a016-4ef9-9487-3829f6804715,designe et medieintegreringssystem,released,skill/competence,occupation-specific,utvikle et medieintegrasjonssystem,"Designe et komplekst medieintegreringssystem basert på et gitt konsept og forhåndsdefinerte krav. Dette kan være både en permanent og en midlertidig installasjon.
	",http://data.europa.eu/esco/skill/883eab8c-d8a6-4e8b-9b11-7d9001e172ab,designe systemer og produkter
KnowledgeSkillCompetence,http://data.europa.eu/esco/skill/6195c5f7-a4fb-425d-a3dd-c4467c4471a3,distribuere skyressurser,released,skill/competence,sector-specific,distribusjon og levering | distribusjon av skyer | tilby skyressurser,"Identifisere og utfør trinnene som er nødvendige for å klargjøre skyressurser, for eksempel nettverk, servere, lagring, programmer, GPU-er og tjenester. Definere den globale skyinfrastrukturen og utbedre distribusjonsproblemer.
	",http://data.europa.eu/esco/skill/f839b1da-78b6-4466-86f4-a5798821ea20,sette opp datasystem
KnowledgeSkillCompetence,http://data.europa.eu/esco/skill/61c567d0-e01c-4f5c-9420-5926298f5099,velge opptakskilde,released,skill/competence,occupation-specific,,"Velge kilden programmene skal tas opp fra, for eksempel satellitt eller studio.",http://data.europa.eu/esco/skill/8ddcb295-707e-459c-ba6a-66ffb37835c5,betjene audiovisuelt utstyr
KnowledgeSkillCompetence,http://data.europa.eu/esco/skill/61c81161-b732-4c47-aba5-9e554d9a853f,integrerte kretstyper,released,knowledge,sector-specific,,"Typer integrerte kretser (IC), f.eks. analoge integrerte kretser, digitale integrerte kretser og integrerte kretser med blandet signal.",http://data.europa.eu/esco/isced-f/0714,elektronikk og automasjon
KnowledgeSkillCompetence,http://data.europa.eu/esco/skill/61d6ef20-6cc7-40f8-919e-3360db6cf2b3,maskinvarematerialer,released,knowledge,sector-specific,,"Egenskaper, bruksområder og påvirkning på miljø av materialer som brukes til å utvikle maskinvare.",http://data.europa.eu/esco/isced-f/0613,utvikling og analyse av programvare og dataprogrammer
KnowledgeSkillCompetence,http://data.europa.eu/esco/skill/625b57ee-29d4-425b-bf99-9fd54dd021fe,Kali Linux,released,knowledge,sector-specific,,"Verktøyet Kali Linux er et verktøy for penetrasjonstesting som tester sikkerhetssvakheter i systemene for potensielt uautorisert tilgang til systeminformasjon ved innsamling av informasjon, sårbarhetsanalyse og trådløst- og passordangrep.",http://data.europa.eu/esco/isced-f/0613 | http://data.europa.eu/esco/skill/de586dcf-d7e5-4340-bf5b-d59026f1b436,utvikling og analyse av programvare og dataprogrammer | verktøy for penetrasjonstesting
KnowledgeSkillCompetence,http://data.europa.eu/esco/skill/628664ec-a63b-4486-8d65-02aba81c82a0,IKT-salgsmetodikk,released,knowledge,sector-specific,,"Praksis som benyttes i IKT-sektoren for å fremme og selge produkter, tjenester eller anvendelser, f.eks. SPIN Selling, Conceptual Selling og SNAP Selling.",http://data.europa.eu/esco/isced-f/0414 | http://data.europa.eu/esco/skill/e7219848-a27a-4bf4-8775-d367707be7c9,markedsføring og reklame | salgsstrategier
KnowledgeSkillCompetence,http://data.europa.eu/esco/skill/6290031b-4183-4849-ab02-11a3ea0494da,teste trådløse enheter,released,skill/competence,occupation-specific,testing av trådløse enheter | analysere trådløse enheter | trådløs Bluetooth-teknologi | analyse av trådløse enheter | test av trådløse enheter,"Analysere og teste trådløse enheter og digitale plattformer som bruker integrerte kretser for energistyring (PMIC), integrerte kretser for radiofrekvens (RFIC) eller trådløse brikkesett.",http://data.europa.eu/esco/skill/6d0cad66-82dd-4854-a03a-68232942c68d,installere deler av tre og metall
KnowledgeSkillCompetence,http://data.europa.eu/esco/skill/62f2caf5-9f94-43a6-ac1c-5962de81643f,fremme reiseopplevelser i virtuell virkelighet,released,skill/competence,sector-specific,,"Bruke virtuell virkelighet-teknologi for å fordype kundene i opplevelser som virtuelle omvisninger ved et reisemål, attraksjon eller hotell. Fremme denne teknologien slik at kundene kan få en forsmak på attraksjoner eller hotellrom virtuelt, før de foretar en kjøpsbeslutning.
	",http://data.europa.eu/esco/skill/b1115b14-fa16-4c1e-be6c-91fd49a1808b,bruke dataassisterte design- og tegneverktøy
KnowledgeSkillCompetence,http://data.europa.eu/esco/skill/63206320-8fb8-481d-b969-5ebdd33ac32e,taktekkingsdroner,released,knowledge,occupation-specific,,"Typer fjerndrevne luftfartøyer (ROA) som brukes til visuell vurdering av takskade, opptak av video eller bilde som samler generell informasjon om størrelsen på takarbeidet og videre konstruksjon.",http://data.europa.eu/esco/isced-f/0732,bygg og anlegg
KnowledgeSkillCompetence,http://data.europa.eu/esco/skill/632843be-2872-47b4-a92e-352629f9bd88,analysere produkters stresstoleranse,released,skill/competence,cross-sector,,"Analysere produktenes evne til å tåle stress som kommer fra temperatur, belastning, bevegelse, vibrasjon og andre faktorer ved hjelp av matematiske formler og datasimuleringer.",http://data.europa.eu/esco/skill/0b3930a2-8a13-4932-8a09-4c72ec8af464,kvalitetskontrollere varer
KnowledgeSkillCompetence,http://data.europa.eu/esco/skill/6345d3a4-7d1a-40a9-9a82-6ed06beffe7b,online jobbplattformer,released,knowledge,occupation-specific,,Nettplattformer som viser jobbtilbud.,http://data.europa.eu/esco/isced-f/0413,ledelse og administrasjon
KnowledgeSkillCompetence,http://data.europa.eu/esco/skill/6360a934-cc87-4954-9656-b32db20592e3,kvantitativ analyse,released,knowledge,cross-sector,kvantitativ dataanalyse,"Teknikken for å bruke statistisk og matematisk modellering og måling for å representere en spesifikk virkelighet gjennom tall.
	",http://data.europa.eu/esco/isced-f/0388,"tverrfaglige programmer og kvalifikasjoner innen samfunnsvitenskap, journalistikk og informasjonsfag"
KnowledgeSkillCompetence,http://data.europa.eu/esco/skill/6391d9ad-165e-4c42-80af-1b478db422e6,forbedre kundeopplevelser med utvidet virkelighet,released,skill/competence,sector-specific,,"Bruke utvidet virkelighet-teknologi for å gi kundene bedre opplevelser på reiser, alt fra å utforske digitalt, interaktivt og mer dyptgående reisemål for turister, lokale attraksjoner og hotellrom.
	",http://data.europa.eu/esco/skill/b1115b14-fa16-4c1e-be6c-91fd49a1808b,bruke dataassisterte design- og tegneverktøy
KnowledgeSkillCompetence,http://data.europa.eu/esco/skill/63f0aa84-5e4c-4eb6-8e8c-876d9feedf1f,outscourcingsmodell,released,knowledge,sector-specific,,"Tjenesteutsettingsmodellen består av prinsipper og grunntrekk for serviceorientert modellering for virksomhets- og programvaresystemer som muliggjør utforming og spesifikasjon av serviceorienterte virksomhetssystemer innenfor en rekke arkitekturstiler, f.eks. foretaksarkitektur.",http://data.europa.eu/esco/skill/83218cac-3599-417e-93d2-26013cdccd98 | http://data.europa.eu/esco/isced-f/0612,tjenesteorientert modellering | utvikling og administrasjon av databaser og datanett
KnowledgeSkillCompetence,http://data.europa.eu/esco/skill/6417a4cc-6f61-4459-a114-761a7fa0279d,Puppet (verktøy for programvarekonfigurasjonsstyring),released,knowledge,sector-specific,,"Puppet-verktøyet er en programvare som utfører konfigurasjonsidentifkasjon, kontroll, tilstandsregistrering og revisjon.",http://data.europa.eu/esco/skill/9d2e926f-53d9-41f5-98f3-19dfaa687f3f | http://data.europa.eu/esco/isced-f/0613,verktøy for programvarekonfigurasjonsstyring | utvikling og analyse av programvare og dataprogrammer
KnowledgeSkillCompetence,http://data.europa.eu/esco/skill/6430eb0d-c6de-46b7-a7fc-3dd2e8e62a69,bruke IKT-billettsystem,released,skill/competence,cross-sector,bruke e-billettsystem,"Bruke et spesialsystem for å spore registrering, behandling og løsning av problemer i en organisasjon ved å tildele hvert spørsmål et saksnummer, registrere innspill fra personer som er involvert, spore endringer og vise status for saken til den er fullført.",http://data.europa.eu/esco/skill/31d35d3d-2bf2-49aa-9c20-92566ef80277 | http://data.europa.eu/esco/skill/6a7fc30d-af16-4cc5-a957-29d174bdb61c,"bruke IKT-systemer | innhente, forvalte og lagre data"
KnowledgeSkillCompetence,http://data.europa.eu/esco/skill/6468e5fb-f3be-4025-87be-4b6556755c61,programmerbar logisk kontroller,released,knowledge,cross-sector,,Programmerbare logiske kontroller eller PLS-er er logiske datakontrollsystemer som brukes til overvåking og kontroll av inndata og utdata samt automatisering av elektromekaniske prosesser.,http://data.europa.eu/esco/isced-f/0714,elektronikk og automasjon
KnowledgeSkillCompetence,http://data.europa.eu/esco/skill/6474fc36-67ae-436b-9d39-c14402c6a89b,bruke IKT-maskinvare,released,skill/competence,sector-specific,,"Evne til å bruke utstyr som for eksempel skjerm, mus, tastatur, lagringsenheter, skrivere, skannere og så videre for å utføre operasjoner som for eksempel å koble til, starte opp, avslutte, starte på nytt, lagre filer og andre operasjoner.",http://data.europa.eu/esco/skill/39499028-35bf-4d69-9275-fb98902ed88b,arbeide med datamaskiner
KnowledgeSkillCompetence,http://data.europa.eu/esco/skill/64852ade-6ae1-4760-ba4a-976bf07ca255,administrere planer for krisegjenoppretting,released,skill/competence,cross-sector,,"Klargjøre, teste og gjennomføre, ved behov, en handlingsplan, for å hente eller kompensere for tapt informasjon i systemdata.",http://data.europa.eu/esco/skill/164510d1-1216-4dc0-b9d1-a7f6af19e469,utvikle beredskaps- og responsplaner
KnowledgeSkillCompetence,http://data.europa.eu/esco/skill/64a3ce27-51c7-4b9d-8e6b-0b127558b3e2,plotte kontrollsignaler for forestillinger,released,skill/competence,occupation-specific,,"Angi, sjekke og prøve ut de forskjellige tilstandene i en fremvisningskontrolltavle eller et system. Stille inn nivåer, posisjoner, vekslinger osv.
	",http://data.europa.eu/esco/skill/8ddcb295-707e-459c-ba6a-66ffb37835c5,betjene audiovisuelt utstyr
KnowledgeSkillCompetence,http://data.europa.eu/esco/skill/64ab52f5-9200-45a3-a127-679b487c6415,bruke dataprogrammer til å forbedre pasienters ferdigheter,released,skill/competence,occupation-specific,,"Bruke spesialprogrammer for å hjelpe pasienter med å forbedre sine ferdigheter i hverdagen, ved å arbeide med beslutningstaking, abstrakt resonnement, minne, sekvensialisering, koordinering, problemløsning og perseptuelle ferdigheter.",http://data.europa.eu/esco/skill/98fb499f-9155-412d-a8a0-95ba97126fec,bruke digitale verktøy for samarbeid og produktivitet
KnowledgeSkillCompetence,http://data.europa.eu/esco/skill/64e09849-a7db-4d6b-a932-66264420eb97,anvende markedsføring i sosiale medier,released,skill/competence,cross-sector,,"Bruke trafikk på nettsteder for sosiale medier, for eksempel Facebook og Twitter, til å generere oppmerksomhet og deltakelse fra eksisterende og potensielle kunder, gjennom diskusjonsfora, blogger, mikroblogging og sosiale samfunn, for å få en rask oversikt eller innsikt i temaer og meninger på det sosiale nettet, og for å håndtere innledende potensielle kunder eller forespørsler.",http://data.europa.eu/esco/skill/efb60300-0d55-4b2c-8038-8409587a4727,"fremme produkter, tjenester og ordninger"
KnowledgeSkillCompetence,http://data.europa.eu/esco/skill/65e58886-bd1e-4c5b-8ca5-8d9b353c8aa1,datavisualiseringsprogramvare,released,knowledge,cross-sector,programvare for datapresentasjon,"Et dataverktøy eller applikasjon som skaper en grafisk og visuell representasjon av data, som tillater en bedre forståelse og tolkning av komplekse data gjennom visuelle elementer som kart, diagrammer, infografikk eller grafer.
	",http://data.europa.eu/esco/isced-f/0612,utvikling og administrasjon av databaser og datanett
KnowledgeSkillCompetence,http://data.europa.eu/esco/skill/668c3fd4-8443-4f27-bc1e-2d96205186b5,bruksområder for blokkjede,released,knowledge,cross-sector,bruksområder for blockchain | blockchain bruksområde,"Studien av områdene der blokkjede er implementert. Bank og finans, bedrifter (forsyningskjedestyring, helsevesen, eiendom, media, energi) og myndigheter er noen eksempler på disse bruksområdene.
	",http://data.europa.eu/esco/isced-f/0613,utvikling og analyse av programvare og dataprogrammer
KnowledgeSkillCompetence,http://data.europa.eu/esco/skill/6709e92c-7546-46a4-aa57-5e951bd4cb0f,byggautomasjon,released,knowledge,cross-sector,,"Type automatisk kontrollsystem der kontrollen av en bygnings ventilasjon, fuktighet, oppvarming, lys og andre systemer automatiseres på en sentralisert plassering og overvåkes gjennom elektroniske systemer med et bygningsadministrasjonssystem eller byggautomasjonssystem (BAS). Kan stilles inn for å optimere energiforbruket.
	",http://data.europa.eu/esco/isced-f/0714,elektronikk og automasjon
KnowledgeSkillCompetence,http://data.europa.eu/esco/skill/670f8eea-f25b-4c3f-97ef-a4729d4c63d6,smart kontrakt,released,knowledge,sector-specific,,"Programvare der vilkårene i en kontrakt eller transaksjon er direkte kodet. Smarte kontrakter oppfylles automatisk ved innfrielsen av vilkårene og krever derfor ikke at en tredjepart har oppsikt med og registrerer kontrakten eller transaksjonen.
	",http://data.europa.eu/esco/isced-f/0613,utvikling og analyse av programvare og dataprogrammer
KnowledgeSkillCompetence,http://data.europa.eu/esco/skill/67a118f4-8a5f-48f7-8e5f-de34b9ca2c37,Hybrid model,released,knowledge,sector-specific,,"Hybridmodellen består av prinsipper og grunnbegreper for tjenesteorientert modellering for virksomhets- og programvaresystemer som tillater utforming og spesifikasjon av tjenesteorienterte virksomhetssystemer innenfor en rekke arkitektoniske stiler, f.eks. foretaksarkitektur.",http://data.europa.eu/esco/skill/83218cac-3599-417e-93d2-26013cdccd98 | http://data.europa.eu/esco/isced-f/0612,tjenesteorientert modellering | utvikling og administrasjon av databaser og datanett
KnowledgeSkillCompetence,http://data.europa.eu/esco/skill/67d37d22-a013-4d79-9185-2f97820917d6,analysere blodprøver,released,skill/competence,sector-specific,,"Analysere blodprøver ved hjelp av dataassisterte og manuelle teknikker, og se etter avvik i hvite eller røde blodlegemer og andre risikofaktorer.",http://data.europa.eu/esco/skill/7dd94ad3-13d6-43fe-8b94-51fcbf67ced9 | http://data.europa.eu/esco/skill/d2e8f452-ac19-4eed-b984-8f55d2a5b763,tenke kritisk | teste og analysere stoffer
KnowledgeSkillCompetence,http://data.europa.eu/esco/skill/67dbfc2a-3dd4-41a1-90bd-97035e7add60,holde seg oppdatert på sosiale medier,released,skill/competence,sector-specific,,"Holde seg oppdatert på trender og mennesker på sosiale medier som Facebook, Twitter og Instagram.",http://data.europa.eu/esco/skill/9bf266a6-188b-4d17-a22f-2f266d76832b | http://data.europa.eu/esco/skill/e2a5e046-3357-493e-bbdc-8d0ef82005cc,vise vilje til å lære | overvåking av utviklingen innen kompetanseområdet
KnowledgeSkillCompetence,http://data.europa.eu/esco/skill/68174d5f-1646-42e2-b765-6a66cd1e59ae,tilpasse videooverføringer,released,skill/competence,occupation-specific,,"Justere gjengivelse, klarhet og kontrast i videooverføringer ved å bruke kontrollpaneler for videokonsoll.",http://data.europa.eu/esco/skill/8ddcb295-707e-459c-ba6a-66ffb37835c5,betjene audiovisuelt utstyr
KnowledgeSkillCompetence,http://data.europa.eu/esco/skill/683bc3e3-6ec1-4ad2-8d62-d0ac1fabbe76,bruke analyse for kommersielle formål,released,skill/competence,cross-sector,,"Forstå, trekke ut og bruke mønstre som finnes i dataene. Bruke analyser til å beskrive konsekvente hendelser i observerte prøver for å bruke dem på kommersielle planer, strategier og virksomhetsundersøkelser.",http://data.europa.eu/esco/skill/4707da90-9cfc-46ca-8de0-38a0b7bfb137 | http://data.europa.eu/esco/skill/ec528c47-65f4-4187-9dc1-5a8889f84a06 | http://data.europa.eu/esco/skill/062320e5-79d1-45e8-8b7e-5deeb53279a2,tenke analytisk | analysere forretningsvirksomheter | utføre elektronisk nettbasert dataanalyse
KnowledgeSkillCompetence,http://data.europa.eu/esco/skill/688e1fc3-cb58-4d56-85a0-97b84f37fb4a,betjene automatisert kontrollsystem for scenebevegelse,released,skill/competence,occupation-specific,,"Drive et automatisert system for kontroll av scenebevegelse og flysystemer. Klargjøre og programmere systemet, inkludert flere synkroniserte bevegelser.",http://data.europa.eu/esco/skill/494b8057-daf5-46a0-b33b-416e0115c30a,bruk av digitale verktøy for å kontrollere maskineriet
KnowledgeSkillCompetence,http://data.europa.eu/esco/skill/694f1a0a-b6bd-453f-af6d-a833503da307,administrere meteorologisk database,released,skill/competence,cross-sector,,Utvikle og vedlikeholde meteorologiske databaser. Registrere informasjon etter hver nye observasjon.,http://data.europa.eu/esco/skill/29fb0fb5-dfc4-4098-ac9b-3a712000f48f | http://data.europa.eu/esco/skill/4463a721-69f3-413d-8321-43e3af13a4f1 | http://data.europa.eu/esco/skill/32c017fd-28ab-4051-bf68-74de952c2f77,administrere database | bruke databaser | administrasjon av informasjon
KnowledgeSkillCompetence,http://data.europa.eu/esco/skill/696e3b5b-8b61-45af-ae4c-3ab700f197ec,fremhenting av informasjon,released,knowledge,sector-specific,,Teknikker og metoder som brukes for å framkalle og hente fram informasjon fra ustrukturerte eller halvstrukturerte digitale dokumenter og kilder.,http://data.europa.eu/esco/isced-f/0612,utvikling og administrasjon av databaser og datanett
KnowledgeSkillCompetence,http://data.europa.eu/esco/skill/697dcc9f-ae92-4506-b5f2-e770d7589f74,benytte regulære uttrykk,released,skill/competence,occupation-specific,,Kombinere tegn fra et spesifikt alfabet ved å bruke veldefinerte regler for å generere tegnstrenger som kan brukes til å beskrive et språk eller mønster.,http://data.europa.eu/esco/skill/a8c3186b-c791-4d57-8f4f-4d12c7a5c6a7,programmering av datasystemer
KnowledgeSkillCompetence,http://data.europa.eu/esco/skill/699c949a-699a-4858-a02e-a63f66872d6f,implementering av blokkjedekonsepter,released,knowledge,cross-sector,implementering av blockchainteknologi | anvendelse av blockchainteknologi,"Prosessen med å overføre viktige blokkjedekonsepter og mer generelt distribuerte hovedbokkonsepter til forskjellige applikasjonsdomener. For dette må de domenespesifikke utfordringene, løsningene og konsekvensene av å introdusere peer-to-peer-transaksjons- og konsensusmønstre være godt forstått.
	",http://data.europa.eu/esco/isced-f/0612,utvikling og administrasjon av databaser og datanett
KnowledgeSkillCompetence,http://data.europa.eu/esco/skill/69bbd53f-fbb0-4476-b4b2-ef7844464e28,nettprogrammering,released,knowledge,sector-specific,,"Programmeringsparadigmet som er basert på kombinasjonen av koding (som legger til kontekst og struktur i teksten) og annen nettprogrammeringskode, f.eks. AJAX, javascript og PHP for å kunne gjennomføre hensiktsmessige tiltak og visualisere innholdet.",http://data.europa.eu/esco/skill/21d2f96d-35f7-4e3f-9745-c533d2dd6e97 | http://data.europa.eu/esco/isced-f/0613,dataprogrammering | utvikling og analyse av programvare og dataprogrammer
KnowledgeSkillCompetence,http://data.europa.eu/esco/skill/69cfc5ed-6569-4aca-a4cc-fd782ba51d9c,implementere IKT-risikostyring,released,skill/competence,sector-specific,,"Utvikle og implementere prosedyrer for å identifisere, vurdere, behandle og redusere IKT-risikoer, for eksempel hacking eller datalekkasjer, i henhold til selskapets strategier, prosedyrer og retningslinjer. Analysere og administrere sikkerhetsrisikoer og hendelser. Anbefale tiltak for å forbedre strategien for digital sikkerhet.",http://data.europa.eu/esco/skill/7e153e1d-2b12-43ad-89f3-0cf82ebc4a30,utføre risikoanalyse og -styring
KnowledgeSkillCompetence,http://data.europa.eu/esco/skill/69f0167e-75d9-46cf-847f-72a592880ebb,STAF,released,knowledge,sector-specific,,"Verktøyet STAF er en programvare som utfører konfigurasjonsidentifikasjon, kontroll, tilstandsregistrering og revisjon.",http://data.europa.eu/esco/skill/9d2e926f-53d9-41f5-98f3-19dfaa687f3f | http://data.europa.eu/esco/isced-f/0613,verktøy for programvarekonfigurasjonsstyring | utvikling og analyse av programvare og dataprogrammer
KnowledgeSkillCompetence,http://data.europa.eu/esco/skill/6a2bc03b-e30d-429b-9549-5784cb92ae2f,kretskort,released,knowledge,cross-sector,,"Kretskort (PCB) er vesentlige komponenter i nesten alle elektroniske innretninger. De består av tynne skiver eller substrater, som elektroniske komponenter, f.eks. mikrobrikker, plasseres på. De elektroniske komponentene er elektrisk koplet gjennom ledende spor og kontaktflater.",http://data.europa.eu/esco/isced-f/0612,utvikling og administrasjon av databaser og datanett
KnowledgeSkillCompetence,http://data.europa.eu/esco/skill/6a322874-e32f-4cd8-9683-badce67a7f73,utvikle automatiserte programvaretester,released,skill/competence,sector-specific,,"Opprette programvaretester automatisk ved bruk av spesialiserte språk eller verktøy, som kan utføres av testverktøy, for å spare ressurser og sikre effektivitet under gjennomføring av testen.",http://data.europa.eu/esco/skill/5d74614d-32c8-4ca4-9818-6980e52424b1 | http://data.europa.eu/esco/skill/b590d4e5-7c62-4b4a-abc2-c270b482e0ce,planlegge programvaretesting | designe it-system eller -programvare
KnowledgeSkillCompetence,http://data.europa.eu/esco/skill/6a536b36-c5c7-4d10-bf67-a4fb0f8549b2,revisjonsteknikker,released,knowledge,cross-sector,,"Teknikkene og metodene som støtter systematisk og uavhengig undersøkelse av data, policyer, operasjoner og ytelser ved hjelp av datastyrt revisjonsverktøy og -teknikker (CAAT), f.eks. regneark, databaser, statistisk analyse og programvare for forretningsanalyse.",http://data.europa.eu/esco/isced-f/0411,bokføring og skatt
KnowledgeSkillCompetence,http://data.europa.eu/esco/skill/6a57def2-7b11-4b50-95b8-b16498795ad9,betjene imagesetter,released,skill/competence,occupation-specific,,Bruke en satsfremstillingsenhet som overfører elektronisk tekst og grafikk direkte til film og trykker plater eller fotosensitivt papir. Bildet genereres ved hjelp av en laser og rasterbildeprosessor. De brukes for å prøvetrykke dokumenter før det produseres trykkplater.,http://data.europa.eu/esco/skill/dcb9c446-bb08-44de-89b6-851ac2903eaf,betjene printere og utstyr for fotoproduksjon
KnowledgeSkillCompetence,http://data.europa.eu/esco/skill/6a876489-7ad8-4a13-b09c-c9b8e97a302e,vannkraftutvikling,released,knowledge,sector-specific,,Vannkraftutviklingsmodellen er en metodologi for å utvikle programvaresystemer og -programmer.,http://data.europa.eu/esco/skill/bec4359e-cb92-468f-a997-8fb28e32fba9 | http://data.europa.eu/esco/isced-f/0613,Metoder innen IKT-prosjektledelse | utvikling og analyse av programvare og dataprogrammer
KnowledgeSkillCompetence,http://data.europa.eu/esco/skill/6ad40ca3-dc34-4442-b23f-0b1b28936f56,vedlikeholde responsiv design,released,skill/competence,occupation-specific,,"Sikre at nettstedet bruker den nyeste teknologien, er kompatibelt med flere plattformer og er mobilvennlig.",http://data.europa.eu/esco/skill/b590d4e5-7c62-4b4a-abc2-c270b482e0ce,designe it-system eller -programvare
KnowledgeSkillCompetence,http://data.europa.eu/esco/skill/6ae8306a-4f9d-4410-ac82-6406f3cbd16a,administrere kontoranleggssystemer,released,skill/competence,cross-sector,,"Administrere og vedlikeholde kontorsystemer som trengs til daglig drift av kontoret, som systemer for intern kommunikasjon, programvare som brukes i selskapet, og kontorets nettverk.",http://data.europa.eu/esco/skill/f839b1da-78b6-4466-86f4-a5798821ea20,sette opp datasystem
KnowledgeSkillCompetence,http://data.europa.eu/esco/skill/6b21150f-e704-4758-b102-63fd3412543c,lage 3D-figurer,released,skill/competence,sector-specific,,Utvikle 3D-modeller ved å transformere og digitalisere figurer som er designet tidligere ved hjelp av spesialiserte 3D-verktøy,http://data.europa.eu/esco/skill/1859883d-c047-4fe1-8e74-7bb4385d6ad2 | http://data.europa.eu/esco/skill/f5b33464-4df9-4cf3-b468-b0a2d6b3ee85 | http://data.europa.eu/esco/skill/b1115b14-fa16-4c1e-be6c-91fd49a1808b,anvende 3D-avbildningsteknikker | betjene 3D-datagrafikkprogramvare | bruke dataassisterte design- og tegneverktøy
KnowledgeSkillCompetence,http://data.europa.eu/esco/skill/6b222aac-688c-4c9d-acbc-7fe25d37565e,føre systemlogger,released,skill/competence,cross-sector,,Vedlikeholde systemlogger eller håndbøker for å dokumentere testing og bruk av utstyr.,http://data.europa.eu/esco/skill/06fdd94c-292d-49e3-9c78-bbcbc2088232,vedlikeholde driftsregistre
KnowledgeSkillCompetence,http://data.europa.eu/esco/skill/6b2f8802-0cbf-436e-a37f-ca55ede41bbc,bruke digital maskinvare,released,skill/competence,transversal,bruke IKT-maskinvare | utføre praktiske oppgaver med smarte enheter | bruke digitale enheter | bruke mus | bruke maskinvare | bruke tastatur | bruke smarte IKT-enheter | arbeide med maskinvare og periferiutstyr | bruke maskinvarekomponenter | bruke IKT-periferiutstyr,"Bruke utstyr som skjerm, mus, tastatur, lagringsmedia, skrivere og skannere for å utføre operasjoner som å koble til, starte opp, avslutte, starte på nytt, lagre filer og andre operasjoner.
	",http://data.europa.eu/esco/skill/3399045f-8078-4066-8b46-475b49b260ab,arbeide med digitale enheter og applikasjoner
KnowledgeSkillCompetence,http://data.europa.eu/esco/skill/6b30644d-bdc5-4bca-b1af-edbf5c6b15ee,behandle innsamlede undersøkelsesdata,released,skill/competence,cross-sector,,"Analysere og tolke undersøkelsesdata som er hentet fra forskjellige kilder, for eksempel satellittundersøkelser, flyfoto og lasermålesystemer.",http://data.europa.eu/esco/skill/9bdf8a77-8524-43da-bac6-d15d22e1b7ed,legge inn og transformere opplysninger
KnowledgeSkillCompetence,http://data.europa.eu/esco/skill/6b3afb82-c4ea-4f14-be54-a757fb762663,Vagrant,released,knowledge,sector-specific,,"Verktøyet Vagrant er en programvare som utfører konfigurasjonsidentifikasjon, kontroll, tilstandsregistrering og revisjon.",http://data.europa.eu/esco/skill/9d2e926f-53d9-41f5-98f3-19dfaa687f3f | http://data.europa.eu/esco/isced-f/0613,verktøy for programvarekonfigurasjonsstyring | utvikling og analyse av programvare og dataprogrammer
KnowledgeSkillCompetence,http://data.europa.eu/esco/skill/6b42f6d0-709f-4011-b777-2c8ecc559214,vedlikeholde kringkastingsutstyr,released,skill/competence,occupation-specific,,"Vedlikeholde, kontrollere og reparere kringkastingstutstyr for å sikre kontinuitet i driften.",http://data.europa.eu/esco/skill/5033c2fb-ec55-4b8e-b0a4-9379593f1e1c | http://data.europa.eu/esco/skill/ec0401f1-f690-46be-934b-f6f5611085f5,"vedlikeholde utstyr | vedlikeholde elektrisitets-, elektro- og presisjonsutstyr"
KnowledgeSkillCompetence,http://data.europa.eu/esco/skill/6b4f794c-062e-4e05-863a-ae1bad44f395,Monte Carlo-simulering,released,knowledge,cross-sector,Monte Carlo-metoden,"En matematisk teknikk som brukes til å forutsi, estimere og analysere en rekke fremtidige mulige utfall for en usikker hendelse. Prosessen utføres gjennom en simulering for å estimere en rekke verdier.
	",http://data.europa.eu/esco/isced-f/054,matematikk og statistikk
KnowledgeSkillCompetence,http://data.europa.eu/esco/skill/6b643893-0a1f-4f6c-83a1-e7eef75849b9,utvikle med skytjenester,released,skill/competence,sector-specific,utvikle skyapplikasjoner | kode med skytjenester | skrive kode med skytjenester,"Skrive kode som samhandler med skytjenester ved bruk av API-er, SDK-er og sky-CLI. Skrive kode for serverløse programmer, oversette funksjonelle krav til applikasjonsdesign, implementere applikasjonsdesign til programkode.
	",http://data.europa.eu/esco/skill/a8c3186b-c791-4d57-8f4f-4d12c7a5c6a7,programmering av datasystemer
KnowledgeSkillCompetence,http://data.europa.eu/esco/skill/6b6a9252-2ed7-4862-a02f-1578f4a532ea,Eclipse (integrert utviklingsmiljøprogramvare),released,knowledge,sector-specific,,"Dataprogrammet Eclipse er en serie programvareutviklingsverktøy for skriveprogrammer, f.eks. kompilator, feilsøkingsprogram, koderedigeringsprogram og kodehøydepunkter samlet i et enhetlig brukergrensesnitt. Den er utviklet av Eclipse Foundation.",http://data.europa.eu/esco/skill/925463a7-d51f-4d5b-9f79-4d28cf30acde | http://data.europa.eu/esco/isced-f/0611,integrert utviklingsmiljøprogramvare | bruk av datamaskiner
KnowledgeSkillCompetence,http://data.europa.eu/esco/skill/6b9c6280-cd0b-4462-885e-da63fe5918ea,tegne sceneoppsett digitalt,released,skill/competence,sector-specific,planlegg sceneoppsett digitalt,"Tegne og designe scenekulisser og oppsett ved hjelp av programvare, for eksempel CAD.",http://data.europa.eu/esco/skill/b2c688b0-9106-466d-8b88-eafdfe608e7d,designe strukturer eller fasiliteter
KnowledgeSkillCompetence,http://data.europa.eu/esco/skill/6c08403c-a5bb-4868-b8c2-b7d039c0e511,utforme databaseskjema,released,skill/competence,sector-specific,,"Lage utkast til et databaseoppsett ved å følge reglene for relasjonsdatabasestyringssystemet (RDBMS) for å skape en logisk organisert gruppe av objekter som tabeller, kolonner og prosesser.",http://data.europa.eu/esco/skill/29fb0fb5-dfc4-4098-ac9b-3a712000f48f | http://data.europa.eu/esco/skill/b590d4e5-7c62-4b4a-abc2-c270b482e0ce,administrere database | designe it-system eller -programvare
KnowledgeSkillCompetence,http://data.europa.eu/esco/skill/6c153605-d62c-4970-81a9-49646ab32032,forbrukerelektronikk,released,knowledge,sector-specific,,"Hvordan elektroniske forbruksvarer, f.eks. TV-er, radioer kameraer og annet lyd- og videoutstyr, fungerer.",http://data.europa.eu/esco/skill/95c35c3a-035f-47c2-90cf-7e934d20fc08 | http://data.europa.eu/esco/isced-f/0714,elektronikk | elektronikk og automasjon
KnowledgeSkillCompetence,http://data.europa.eu/esco/skill/6c80d53c-d8c9-41fe-998f-091fca208834,læringsstyringssystemer,released,knowledge,cross-sector,,"E-læringsplattformen for å opprette, administrere, organisere, rapportere og levere utdanningskurs eller opplæringsprogrammer med e-læring.",http://data.europa.eu/esco/isced-f/0413,ledelse og administrasjon
KnowledgeSkillCompetence,http://data.europa.eu/esco/skill/6cad4013-3055-47ba-8316-0720e1a55256,lage teknisk design av et lydsystem,released,skill/competence,sector-specific,,"Opprette, teste og drive et komplekst lydsystem som er basert på et gitt lydkonsept. Dette kan være både en permanent og en midlertidig installasjon.",http://data.europa.eu/esco/skill/883eab8c-d8a6-4e8b-9b11-7d9001e172ab,designe systemer og produkter
KnowledgeSkillCompetence,http://data.europa.eu/esco/skill/6d289e8b-2cc1-4eda-ab1f-ad1090ef98f0,WordPress,released,knowledge,sector-specific,,"De nettbaserte programvaresystemene med åpen kildekode, som brukes til oppretting, redigering, publisering og arkivering av blogger, artikler, nettsider eller pressemeldinger som hovedsakelig administreres av brukere med begrenset kunnskap om webprogrammering.",http://data.europa.eu/esco/skill/5c66ce3a-658d-43b1-9d8d-0f39be6c0f2e | http://data.europa.eu/esco/isced-f/0613,WebCMS | utvikling og analyse av programvare og dataprogrammer
KnowledgeSkillCompetence,http://data.europa.eu/esco/skill/6e34b68e-0d61-49f2-bc4d-571c0326d857,teste sensorer,released,skill/competence,cross-sector,,"Teste sensorer ved hjelp av egnet utstyr. Innhente og analysere data. Overvåke og evaluere systemets ytelse, og iverksette tiltak ved behov.",http://data.europa.eu/esco/skill/7dd94ad3-13d6-43fe-8b94-51fcbf67ced9 | http://data.europa.eu/esco/skill/465ff64a-1271-4064-8ed1-e969cb68d8b4 | http://data.europa.eu/esco/skill/6d0cad66-82dd-4854-a03a-68232942c68d,tenke kritisk | utføre testkjøring | installere deler av tre og metall
KnowledgeSkillCompetence,http://data.europa.eu/esco/skill/6e3e5c17-0d46-4376-9928-8dbaaea27164,konservere nye medier,released,skill/competence,sector-specific,,Konservere og arkivere elektroniske registre digitalt ved hjelp av moderne teknologi.,http://data.europa.eu/esco/skill/1034004c-0347-4765-8794-b65d2c92b379,dokumentering og registrering av informasjon
KnowledgeSkillCompetence,http://data.europa.eu/esco/skill/6e4f264a-e2e1-42fb-9866-e64069f8b441,vedlikeholde audiovisuelt utstyr,released,skill/competence,sector-specific,,"Gjennomføre rutinemessige vedlikeholdsoppgaver på audiovisuelt utstyr, og mindre reparasjoner, for eksempel utskifting av deler og kalibrering av instrumenter, på utstyr som brukes i bearbeiding av lyd og bilder.",http://data.europa.eu/esco/skill/5033c2fb-ec55-4b8e-b0a4-9379593f1e1c | http://data.europa.eu/esco/skill/386774ac-fe5b-431a-b485-9aec0bf5c09e | http://data.europa.eu/esco/skill/ec0401f1-f690-46be-934b-f6f5611085f5,"vedlikeholde utstyr | vedlikeholde elektrisk utstyr | vedlikeholde elektrisitets-, elektro- og presisjonsutstyr"
KnowledgeSkillCompetence,http://data.europa.eu/esco/skill/6e4f75b4-c60f-4623-a9ba-760c8245753b,IKT-kommunikasjonsprotokoller,released,knowledge,sector-specific,,Regelsystemet som gjør det mulig å utveksle opplysninger mellom datamaskiner eller annet utstyr via datanettverk.,http://data.europa.eu/esco/isced-f/0714,elektronikk og automasjon
KnowledgeSkillCompetence,http://data.europa.eu/esco/skill/6e53fd99-b646-4327-9580-ac062ab21188,3D-belysning,released,knowledge,sector-specific,,Plassering eller digital effekt som simulerer belysning i et 3D-miljø.,http://data.europa.eu/esco/isced-f/0211,audiovisuell teknikk og medieproduksjon
KnowledgeSkillCompetence,http://data.europa.eu/esco/skill/6e8fe5de-fe6d-482c-92fe-20e56ee57324,ytelsesparametere for globalt satellittnavigeringssystem,released,knowledge,sector-specific,globalt navigasjonssatellittsystem | ytelsesparametere for globalt navigasjonssatellittsystem | ytelseskriterier for globalt navigasjonssatellittsystem | ytelseskriterier for globalt satellittnavigasjonssystem | spesifikasjoner for ytelsen til globalt satellittnavigasjonssystem | GNSS ytelsesparametere | ytelsesspesifikasjoner for GNSS | spesifikasjoner for ytelsen til det globale navigasjonssatellittsystemet | ytelsesparametere for GNSS | ytelseskriterier for GNSS | globalt satellittnavigasjonssystem | ytelsesparametere for globale navigasjonssatellittsystem | ytelsesparametere for globalt satellittnavigasjonssystem,"Ytelsesparametrene for Global Navigation Satellite Systems (GNSS), og kravene som ethvert GNSS-system bør ha under spesifikke forhold.
	",http://data.europa.eu/esco/isced-f/0532,jordvitenskap
KnowledgeSkillCompetence,http://data.europa.eu/esco/skill/6efef9df-ac86-45ca-8b1b-a8178ef17b5c,løse plasserings- og navigasjonsproblemer ved hjelp av GPS-verktøy,released,skill/competence,sector-specific,,"Bruke applikasjoner og enheter som gir brukerne nøyaktig verdi for plasseringen ved hjelp av satellittsystemer, for eksempel navigasjonssystemer.",http://data.europa.eu/esco/skill/0a88a13f-693a-4dde-b44c-22e6f98fabc6,betjene kommunikasjonsutstyr
KnowledgeSkillCompetence,http://data.europa.eu/esco/skill/6f728d63-5c45-40b3-8bfd-e17c5dba28ad,håndtere CNC-slipemaskin,released,skill/competence,cross-sector,,"Håndtere en slipemaskin med datamaskinbasert numerisk styring (CNC) utformet for produksjonsprosessen i metall, tre, plastmaterialer og andre materialer, overvåke og betjene den i tråd med forskrifter.",http://data.europa.eu/esco/skill/494b8057-daf5-46a0-b33b-416e0115c30a,bruk av digitale verktøy for å kontrollere maskineriet
KnowledgeSkillCompetence,http://data.europa.eu/esco/skill/6f7512ab-d46d-402a-8c30-a8878d7c1f88,SQL Server Integration Services,released,knowledge,sector-specific,,"Dataprogrammet SQL Integration Services er et verktøy for integrasjon av informasjon fra flere programmer, opprettet og vedlikeholdt av organisasjoner, til en ensartet og åpen datastruktur, som er utviklet av programvareselskapet Microsoft.",http://data.europa.eu/esco/skill/9d0d89be-bffa-4393-b6f6-8d05bea49051 | http://data.europa.eu/esco/isced-f/0612,"verktøy for datautvinning, -transformering og -lasting | utvikling og administrasjon av databaser og datanett"
KnowledgeSkillCompetence,http://data.europa.eu/esco/skill/6f8a40d6-f9ce-43ec-a72f-d4213a53f3ed,Ansible,released,knowledge,sector-specific,,"Verktøyet Ansible er en programvare som utfører konfigurasjonsidentifikasjon, kontroll, tilstandsregistrering og revisjon.",http://data.europa.eu/esco/skill/9d2e926f-53d9-41f5-98f3-19dfaa687f3f | http://data.europa.eu/esco/isced-f/0613,verktøy for programvarekonfigurasjonsstyring | utvikling og analyse av programvare og dataprogrammer
KnowledgeSkillCompetence,http://data.europa.eu/esco/skill/6f993130-082b-4732-b62f-52cdf2096ad9,bruke metoder for logistisk dataanalyse,released,skill/competence,cross-sector,,"Lese og tolke data om forsyningskjede og transport. Analysere påliteligheten og tilgjengeligheten av funn ved hjelp av metoder som for eksempel datautvinning, datamodellering og lønnsomhetsanalyse.",http://data.europa.eu/esco/skill/ec528c47-65f4-4187-9dc1-5a8889f84a06 | http://data.europa.eu/esco/skill/47a49cd6-097d-457a-9f7b-c290c14930d5 | http://data.europa.eu/esco/skill/9af1bd12-01bd-4d6a-947b-69e64f23150a | http://data.europa.eu/esco/skill/1e77e42a-181f-4b48-8e74-201ce50ffc29,analysere forretningsvirksomheter | analysere store data | prosessere kvalitativ informasjon | tolke gjeldende data
KnowledgeSkillCompetence,http://data.europa.eu/esco/skill/6fa1c2c0-a012-4ca0-9642-e01569ba322c,IKT-systemintegrering,released,knowledge,sector-specific,,"Prinsipper for integrering av IKT-komponenter og produkter fra en rekke kilder for å opprette et operativt IKT-system, teknikker som sikrer interoperabilitet og grensesnitt mellom komponenter og systemet.",http://data.europa.eu/esco/isced-f/0612,utvikling og administrasjon av databaser og datanett
KnowledgeSkillCompetence,http://data.europa.eu/esco/skill/6fe76a8b-4d5f-4cea-b76b-5908463fb014,undersøke nettstedsatferdsmønstre,released,skill/competence,cross-sector,,"Undersøke, analysere og optimalisere bedriftenes resultater og brukeropplevelse på internett gjennom bruk av måleverktøy for sporing av nettsted.",http://data.europa.eu/esco/skill/7eafec38-621a-4b6e-9298-bfe70ec0b253,utføre akademiske undersøkelser eller markedsundersøkelser
KnowledgeSkillCompetence,http://data.europa.eu/esco/skill/70988d2c-a750-4808-a360-5aaf859cf39a,kringkaste ved hjelp av Internet Protocol,released,skill/competence,occupation-specific,,Håndtere kringkasting via Internett på riktig måte ved hjelp av internett-protokollen for å sikre at brukerne har tilgang til kringkastingen.,http://data.europa.eu/esco/skill/0a88a13f-693a-4dde-b44c-22e6f98fabc6,betjene kommunikasjonsutstyr
KnowledgeSkillCompetence,http://data.europa.eu/esco/skill/709ef32a-7435-48e2-8fa2-16e389ecab8a,Cisco,released,knowledge,sector-specific,Cisco Systems | Network Magic | Cisco 7600,"Produkter som er tilgjengelige fra Cisco, leverandør av nettverksutstyr, og metoder for å velge og skaffe utstyret.",http://data.europa.eu/esco/skill/32428b21-514b-42c2-81b5-244a7804ea74 | http://data.europa.eu/esco/isced-f/0613,anskaffelse av IKT-nettverksutstyr | utvikling og analyse av programvare og dataprogrammer
KnowledgeSkillCompetence,http://data.europa.eu/esco/skill/70a7b3b3-31ef-4b29-a30f-bb7299dff39b,sensorer,released,knowledge,cross-sector,,"Sensorer er transdusere som kan påvise eller oppdage egenskaper i miljøet. De påviser endringer i apparatet eller miljøet og gir et motsvarende optisk eller elektrisk signal. Sensorer er vanligvis delt inn i seks klasser. mekaniske, elektroniske, termiske, magnetiske, elektrokjemiske og optiske sensorer.",http://data.europa.eu/esco/isced-f/0715,mekanikk og metallfag
KnowledgeSkillCompetence,http://data.europa.eu/esco/skill/70b0bc44-6751-4530-ac5c-a893d4241aeb,elektronisk adgangsutstyr til bygninger,released,knowledge,sector-specific,,"Typer, egenskaper og metoder for bruk av elektronisk utstyr som brukes til å få tilgang til bygninger, f.eks. kontrollpaneler, kortlesere eller infrarøde lesere.",http://data.europa.eu/esco/isced-f/0714,elektronikk og automasjon
KnowledgeSkillCompetence,http://data.europa.eu/esco/skill/70de94f5-9575-4edd-bca7-c797b023b9d6,Oracle WebLogic,released,knowledge,sector-specific,,Programserveren Oracle WebLogic er en Java EE-basert programserver som fungerer som et mellomnivå som kobler bakdatabaseservere til tilknyttede programmer.,http://data.europa.eu/esco/isced-f/0613 | http://data.europa.eu/esco/skill/69bbd53f-fbb0-4476-b4b2-ef7844464e28,utvikling og analyse av programvare og dataprogrammer | nettprogrammering
KnowledgeSkillCompetence,http://data.europa.eu/esco/skill/7106b5df-e017-4c28-8c40-98814db5b775,Prince2-prosjektledelse,released,knowledge,sector-specific,,"PRINCE2-ledelsestilnærmingen er en metode for planlegging, administrasjon og overvåking av IKT-ressurser for å nå bestemte mål, ved bruk av prosjektledelsesverktøy.",http://data.europa.eu/esco/isced-f/0413 | http://data.europa.eu/esco/skill/bec4359e-cb92-468f-a997-8fb28e32fba9,ledelse og administrasjon | Metoder innen IKT-prosjektledelse
KnowledgeSkillCompetence,http://data.europa.eu/esco/skill/713fb616-118e-40bc-9366-4a69879a49d5,implementere datakvalitetsprosesser,released,skill/competence,cross-sector,,"Bruke kvalitetsanalyse, teknikker for validering og verifisering av data for å kontrollere integriteten til datakvaliteten.",http://data.europa.eu/esco/skill/4463a721-69f3-413d-8321-43e3af13a4f1 | http://data.europa.eu/esco/skill/6a7fc30d-af16-4cc5-a957-29d174bdb61c,"bruke databaser | innhente, forvalte og lagre data"
KnowledgeSkillCompetence,http://data.europa.eu/esco/skill/7193cb6d-8334-494f-86e5-21e6d03a47c3,samordnet modelleringsspråk,released,knowledge,sector-specific,,"Det universelle modelleringsspråket som brukes i programvareutvikling, som tilbyr standard visualisering av systemdesign.",http://data.europa.eu/esco/skill/2450c3b3-e78e-435b-b84d-e05d984e71dc | http://data.europa.eu/esco/isced-f/0611,programvarearkitekturmodeller | bruk av datamaskiner
KnowledgeSkillCompetence,http://data.europa.eu/esco/skill/719d8699-a221-4b5a-8fc3-68a8645cbe03,Adobe Creative Cloud,released,knowledge,sector-specific,,"Settet med programmer som brukes til å lage visuelt innhold for personlig eller forretningsbruk. Eksempler på elementer som kan genereres er flygeblad, brosjyrer, bøker, nettsteder og videoer.
	",http://data.europa.eu/esco/isced-f/0613,utvikling og analyse av programvare og dataprogrammer
KnowledgeSkillCompetence,http://data.europa.eu/esco/skill/71c2f41e-14de-4b23-82ad-5dbcd54ba5b0,distribuere IKT-systemer,released,skill/competence,sector-specific,,"Levere og installere datamaskiner eller IKT-systemer; teste dem og gjøre dem klare for bruk.
	",http://data.europa.eu/esco/skill/31d35d3d-2bf2-49aa-9c20-92566ef80277 | http://data.europa.eu/esco/skill/f839b1da-78b6-4466-86f4-a5798821ea20,bruke IKT-systemer | sette opp datasystem
KnowledgeSkillCompetence,http://data.europa.eu/esco/skill/71f81e1a-e2ca-48d6-b7b8-7a34c56c51f8,overføringsteknologi,released,knowledge,cross-sector,,"Teknologier som gjør det mulig å overføre analoge eller digitale informasjonssignaler via punkt til punkt eller punkt til multipunkt, gjennom bruken av kommunikasjonskanaler eller overføringsmedier, f.eks. optiske fibrer, kobbertråd eller trådløse kommunikasjonskanaler. Informasjonen eller dataene overføres vanligvis som et elektromagnetisk signal, f.eks. radiobølger eller mikrobølger.",http://data.europa.eu/esco/isced-f/0612,utvikling og administrasjon av databaser og datanett
KnowledgeSkillCompetence,http://data.europa.eu/esco/skill/7229b6dc-e2ef-44fe-b9a1-06b1c1075d8f,automatisk kontrollsystem,released,knowledge,cross-sector,autonome kontrollsystemer | selvkontrollerende system | automatisert kontrollsystem | mekanisert kontrollsystem | autonomt kontrollsystem,"Sett med sammenkoblede mekanismer og komponenter, for eksempel kontrollere eller sensorelementer, som bruker programmeringslogikk for å automatisere driften og oppførselen til en prosess eller et system uten kontinuerlig menneskelig inngripen, for å oppnå ønsket ytelse som stabilitet.
	",http://data.europa.eu/esco/isced-f/0611,bruk av datamaskiner
KnowledgeSkillCompetence,http://data.europa.eu/esco/skill/7234e847-451d-499a-9c7b-0050a4e758d6,benytte innholdstyper,released,skill/competence,cross-sector,,"Bruke MIME-typer og undertyper som standardidentifikator for å angi typen data en saksmappe inneholder, for eksempel type kobling, objekt, skript og stilelementer og medietype.",http://data.europa.eu/esco/skill/6a7fc30d-af16-4cc5-a957-29d174bdb61c,"innhente, forvalte og lagre data"
KnowledgeSkillCompetence,http://data.europa.eu/esco/skill/7253d98c-4a6d-4e37-8b6c-accca9f4b639,utvikle IKT-testverktøy,released,skill/competence,sector-specific,,Opprette en serie med testtilfeller for å kontrollere programvareatferd opp mot spesifikasjonene. Disse testtilfellene skal deretter brukes i påfølgende tester.,http://data.europa.eu/esco/skill/5d74614d-32c8-4ca4-9818-6980e52424b1 | http://data.europa.eu/esco/skill/6a322874-e32f-4cd8-9683-badce67a7f73 | http://data.europa.eu/esco/skill/b590d4e5-7c62-4b4a-abc2-c270b482e0ce,planlegge programvaretesting | utvikle automatiserte programvaretester | designe it-system eller -programvare
KnowledgeSkillCompetence,http://data.europa.eu/esco/skill/727eb829-28da-4d6a-8552-ba5b5d280c41,installere bildeutstyr,released,skill/competence,occupation-specific,,Installere og koble sammen projeksjon- og bildeutstyr.,http://data.europa.eu/esco/skill/a7065828-10aa-4aba-b7d4-f23a30df5060,"installere og reparere elektrisitets-, elektro- og presisjonsutstyr"
KnowledgeSkillCompetence,http://data.europa.eu/esco/skill/72812eb6-5a0f-48e8-815d-3d2a16b8e963,betjene en lydmikserkontroll,released,skill/competence,sector-specific,,Betjene et lydmiksesystem under øvelser eller under fremføringer.,http://data.europa.eu/esco/skill/8ddcb295-707e-459c-ba6a-66ffb37835c5,betjene audiovisuelt utstyr
KnowledgeSkillCompetence,http://data.europa.eu/esco/skill/7341904f-5913-470c-8c53-bc832df248ec,vedlikeholde robotutstyr,released,skill/competence,sector-specific,,"Diagnostisere og avdekke feil i robotutstyr og systemer, og fjerne, bytte eller reparere disse komponentene når dette er nødvendig. Utføre preventive oppgaver i forbindelse med vedlikehold av utstyr, for eksempel lagring av robotkomponenter på et rent sted uten støv og fuktighet.",http://data.europa.eu/esco/skill/5033c2fb-ec55-4b8e-b0a4-9379593f1e1c | http://data.europa.eu/esco/skill/ec0401f1-f690-46be-934b-f6f5611085f5,"vedlikeholde utstyr | vedlikeholde elektrisitets-, elektro- og presisjonsutstyr"
KnowledgeSkillCompetence,http://data.europa.eu/esco/skill/7369f779-4b71-4aab-8836-48b69c676eec,betjene administreringssystem for relasjonsdatabase,released,skill/competence,sector-specific,,"Hente ut, lagre og verifisere informasjon ved hjelp av databasebehandlingssystemer basert på relasjonsdatabasemodellen, som ordner data i tabeller med rader og kolonner, for eksempel Oracle Database, Microsoft SQL Server og MySQL.
	",http://data.europa.eu/esco/skill/6a7fc30d-af16-4cc5-a957-29d174bdb61c,"innhente, forvalte og lagre data"
KnowledgeSkillCompetence,http://data.europa.eu/esco/skill/736ef286-fbd3-4e5c-a4b4-d1e2008c9898,planlegge digital markedsføring,released,skill/competence,cross-sector,,"Utvikle digitale markedsføringsstrategier for både fritid og næringsliv, opprette nettsteder og håndtere mobilteknologi og sosiale nettverk.",http://data.europa.eu/esco/skill/1a4cc54f-1e53-442b-a6d2-1682dc8ef8f9 | http://data.europa.eu/esco/skill/08fd2839-670c-4f16-8024-97437f2035ab | http://data.europa.eu/esco/skill/37272760-957a-4c34-b4f3-780ee285334d,"bruke digitale teknologier kreativt | planlegge markedsstrategi | utvikle økonomi-, virksomhets- og markedsføringsplaner"
KnowledgeSkillCompetence,http://data.europa.eu/esco/skill/7373abdb-ee5a-4949-b4ae-dee60ab37914,bruke kommunikasjonsutstyr,released,skill/competence,sector-specific,,"Konfigurere, teste og betjene forskjellige typer kommunikasjonsutstyr, for eksempel overføringsutstyr, digitalt nettverksutstyr eller telekommunikasjonsutstyr.",http://data.europa.eu/esco/skill/0a88a13f-693a-4dde-b44c-22e6f98fabc6,betjene kommunikasjonsutstyr
KnowledgeSkillCompetence,http://data.europa.eu/esco/skill/737f8895-46df-4283-8f38-13f3f0fc3b77,digital tvilling-teknologi,released,knowledge,sector-specific,digital modelleringsteknologi | digital replikeringsteknologi | digital replikasjonsteknologi | virtuell tvillingmodell,"Modell designet for å generere en virtuell representasjon av et objekt eller system oppdatert fra sanntidsdata. Den virtuelle representasjonsprosessen er gjennom kombinasjonen av data- og teknologisimulering, ved å bruke sensorer for å produsere data om det fysiske objektet, for eksempel temperatur eller energi for å bygge dens digitale tvilling. Maskinlæring, simulering og resonnering er involvert i denne prosessen.
	",http://data.europa.eu/esco/isced-f/0613,utvikling og analyse av programvare og dataprogrammer
KnowledgeSkillCompetence,http://data.europa.eu/esco/skill/73c7d0d9-092f-4f6e-800a-5759f45a6fc6,betjene 2D CAD for fottøy,released,skill/competence,sector-specific,,"Kunne lese og tolke designspesifikasjoner for å overføre virtuelle 3D-modeller, datategninger og hjemmelagde skisser til 2D-miljøet i CAD-programvaren. Flate ut og arbeide med digitaliserte skall. Bruke skannere og nettbrett. Produsere, justere og endre 2D-designer av alle mønstre, inkludert tekniske spesifikasjoner, for ulike skotyper med 2D CAD-systemer. Gradere og lage nestingen. Produsere tekniske ark.
	",http://data.europa.eu/esco/skill/b34e2ba1-9080-48c9-9b42-ee9192a4d3f1 | http://data.europa.eu/esco/skill/c34b06c4-d164-4e49-a784-89d47de42ec2,"bruke CAD-programvare | designe industrimateriale, -system eller -produkt"
KnowledgeSkillCompetence,http://data.europa.eu/esco/skill/744442ac-c157-4350-8be0-ce454df4f5c5,utføre IKT-feilsøking,released,skill/competence,cross-sector,,"Identifisere problemer med servere, stasjonære datamaskiner, skrivere, nettverk og fjerntilgang, og gjennomføre tiltak for å løse problemene.",http://data.europa.eu/esco/skill/14832d87-2f2f-4895-b290-e4760ebae42a | http://data.europa.eu/esco/skill/0b9968af-72de-470a-98e1-2d19577443fb,løse tekniske problemer | løse dataproblemer
KnowledgeSkillCompetence,http://data.europa.eu/esco/skill/7482a123-e801-48de-9733-262125671410,oppgavealgorytmisering,released,knowledge,cross-sector,,Teknikker for å konvertere ustrukturerte beskrivelser av en prosess i trinnvise handlingssekvenser for et bestemt antall trinn.,http://data.europa.eu/esco/isced-f/0612,utvikling og administrasjon av databaser og datanett
KnowledgeSkillCompetence,http://data.europa.eu/esco/skill/749ae61c-fe7b-461b-8bc3-349f46617ee7,finne mikrobrikker i dyr,released,skill/competence,occupation-specific,,"Skanne dyret ved hjelp av riktig fremgangsmåte for skannertypen for å finne en mulig mikrobrikke. Kontrollere data i relevant database eller annen dokumentasjon der mikrobrikker registreres. Bruke sporingssystem til å identifisere hvem som satte inn brikken, hvis den ikke er registrert i en database.
	",http://data.europa.eu/esco/skill/7194cdea-bca7-4c4a-8d49-3cb54b89d5a0,tilby dyreterapi eller veterinærbehandling
KnowledgeSkillCompetence,http://data.europa.eu/esco/skill/74cb80c4-df6b-4d79-a153-cb7b3b3b6eb0,planlegge markedsføringskampanjer for sosiale medier,released,skill/competence,sector-specific,organisere digitale kampanjer | organisere markedsføringskampanjer på sosiale medier,"Planlegge og implementere en markedsføringskampanje på sosiale medier.
	",http://data.europa.eu/esco/skill/9c6e951f-aa88-4890-983d-e7a6ee49f5bb | http://data.europa.eu/esco/skill/37272760-957a-4c34-b4f3-780ee285334d,"planlegge markedsføringskampanje | utvikle økonomi-, virksomhets- og markedsføringsplaner"
KnowledgeSkillCompetence,http://data.europa.eu/esco/skill/750f86d2-18be-4015-84b1-d4a26d9b2d88,teknikker for nettbaserte reklamekampanjer,released,knowledge,cross-sector,webkampanjeteknikker | online reklame | annonser på nettet,"Teknikker for å planlegge og implementere en markedsføringskampanje på nettbaserte annonseplattformer.
	",http://data.europa.eu/esco/isced-f/0414,markedsføring og reklame
KnowledgeSkillCompetence,http://data.europa.eu/esco/skill/751941a0-5645-4f8b-b97e-b252909d5edb,utvikle IKT-arbeidsflyt,released,skill/competence,sector-specific,,"Lage kontrollerbare mønstre for IKT-virksomheten i en organisasjon for å forbedre den systematiske transformasjonen av produkter, informasjonsprosesser og tjenester i produksjonen.",http://data.europa.eu/esco/skill/d9013e0e-e937-43d5-ab71-0e917ee882b8 | http://data.europa.eu/esco/skill/c23e0a2f-f04b-45bc-b0dd-20571f6b502c | http://data.europa.eu/esco/skill/8add048c-4d51-41c5-8aa2-f57412c4a637,administrere tid | utarbeide retningslinjer og rutiner for drift | forbedre produksjonsarbeidsflyt
KnowledgeSkillCompetence,http://data.europa.eu/esco/skill/7557f0f4-b8bc-4ac0-b91e-222ab1ba744f,verktøy for IKT-testautomatisering,released,knowledge,sector-specific,,"Den spesialiserte programvaren for å utføre eller kontrollere tester og sammenligne forventede testresultater med faktiske testresultater, f.eks. Selenium, QTP og LoadRunner",http://data.europa.eu/esco/isced-f/0613,utvikling og analyse av programvare og dataprogrammer
KnowledgeSkillCompetence,http://data.europa.eu/esco/skill/755a5df2-863e-44c1-b4a2-83eb33bac492,designe elektronisk kommunikasjonsplan for merkevaren,released,skill/competence,occupation-specific,,"Designe innhold og presentasjon av merkevaren på en nettbasert, interaktiv plattform.",http://data.europa.eu/esco/skill/37272760-957a-4c34-b4f3-780ee285334d,"utvikle økonomi-, virksomhets- og markedsføringsplaner"
KnowledgeSkillCompetence,http://data.europa.eu/esco/skill/75d2ac62-700a-41d1-b920-5cd7aaa78553,betjene kontrollsystemer,released,skill/competence,sector-specific,,"Konfigurere og drive elektrisk utstyr, elektronisk utstyr og kontrollutstyr. Opprettholde, overvåke og kontrollere driften på et kontrollsystem for å sikre at større risikoer begrenses og forhindres.
	",http://data.europa.eu/esco/skill/494b8057-daf5-46a0-b33b-416e0115c30a,bruk av digitale verktøy for å kontrollere maskineriet
KnowledgeSkillCompetence,http://data.europa.eu/esco/skill/75f839c2-fd9a-4ad3-8921-6e734608568d,bruke spørringsspråk,released,skill/competence,sector-specific,,Hente informasjon fra en database eller et informasjonssystem ved hjelp av datamaskinspråk som er utformet for å hente ut data.,http://data.europa.eu/esco/skill/bf4d884f-c848-402a-b130-69c266b04164 | http://data.europa.eu/esco/skill/a8c3186b-c791-4d57-8f4f-4d12c7a5c6a7,anvende grunnleggende programmeringskunnskaper | programmering av datasystemer
KnowledgeSkillCompetence,http://data.europa.eu/esco/skill/76415d7f-0fde-4364-b45f-5c044580d2aa,utarabeide CAD-tegninger,released,skill/competence,cross-sector,tegne med CAD | lage CAD-tegninger | oppretting av CAD-tegninger,"Skape As Built-kommunetegninger ved hjelp av CAD.
	",http://data.europa.eu/esco/skill/541561bc-510c-4a99-881c-2d8bf5a85462 | http://data.europa.eu/esco/skill/b1115b14-fa16-4c1e-be6c-91fd49a1808b,bruke teknisk tegneprogramvare | bruke dataassisterte design- og tegneverktøy
KnowledgeSkillCompetence,http://data.europa.eu/esco/skill/76842746-cacb-4e6d-adc6-0656d75c9c51,bruke CAD for hæler,released,skill/competence,sector-specific,,"Digitalisere og skanne lester. Arbeide med filer i ulike CAD-systemer. Produsere 3D-modeller av hæler, og lage 2D datastøttet design. Gradere og innhente størrelsesseriene. Utarbeide tekniske spesifikasjoner for produksjonen. Produsere 2D og 3D datastøttet produksjonsdesign og tekniske tegninger av vulkaniserte og injiserte hæler. Eksportere filer med de virtuelle modellene til 3D-skrivere, CAM- eller CNC-systemer.",http://data.europa.eu/esco/skill/b1115b14-fa16-4c1e-be6c-91fd49a1808b,bruke dataassisterte design- og tegneverktøy
KnowledgeSkillCompetence,http://data.europa.eu/esco/skill/768fe91b-ccde-4649-94f3-07be5d8b6be1,lese 3D-skjermer,released,skill/competence,cross-sector,,"Lese 3D-skjermer, og forstå opplysningene de gir om posisjoner, avstander og andre parametre.",http://data.europa.eu/esco/skill/316df5b7-31c4-4f4e-ae69-aad1b873b995,fortolke teknisk dokumentasjon og diagram
KnowledgeSkillCompetence,http://data.europa.eu/esco/skill/76ef6ed3-1658-4a1a-9593-204d799c6d0c,NoSQL,released,knowledge,sector-specific,,"Not Only SQL ikke-relasjonsdatabase som brukes til å opprette, oppdatere og administrere store mengder ustrukturerte data som er lagret i skyer.",http://data.europa.eu/esco/skill/ab1e97ed-2319-4293-a8b7-072d2648822f | http://data.europa.eu/esco/isced-f/0612,systemer for databaseadministrering | utvikling og administrasjon av databaser og datanett
KnowledgeSkillCompetence,http://data.europa.eu/esco/skill/770d4956-b5e0-4d44-bf42-3a766b232c5d,opprettholde et sentralt prosjektlager,released,skill/competence,cross-sector,,"Lagre prosjektfiler og dokumenter i et sentralt lager som er tilgjengelig for prosjektlederen og for alle prosjektteamene. Bruke tilgjengelige nettbaserte verktøy og spesiell programvare.
	",http://data.europa.eu/esco/skill/32c017fd-28ab-4051-bf68-74de952c2f77,administrasjon av informasjon
KnowledgeSkillCompetence,http://data.europa.eu/esco/skill/772a9c72-abef-4333-9788-f4cb48ad8e08,identifisere programvare for lagerstyring,released,skill/competence,cross-sector,,"Identifisere relevant programvare for lagerstyring og finne ut hvilke egenskaper denne har, og hvilken merverdi den gir i lagerstyringen.
	",http://data.europa.eu/esco/skill/98fb499f-9155-412d-a8a0-95ba97126fec,bruke digitale verktøy for samarbeid og produktivitet
KnowledgeSkillCompetence,http://data.europa.eu/esco/skill/77592603-505b-4096-97dd-d0def6bd7601,datastyrt fluiddynamikk,released,knowledge,cross-sector,,"Prinsipper for datamanipulert fluidmekanikk, som avgjør funksjonen til væsker i bevegelse. ",http://data.europa.eu/esco/isced-f/0611 | http://data.europa.eu/esco/skill/87b1c959-236d-4761-b3be-b1c729497f75,bruk av datamaskiner | væskemekanikk
KnowledgeSkillCompetence,http://data.europa.eu/esco/skill/778ca7ad-6c5d-4868-9b96-a7777dca799c,IKT-hjelpeplattformer,released,knowledge,sector-specific,,Plattformer for levering av hjelpesystemer for operativsystemer.,http://data.europa.eu/esco/isced-f/0611,bruk av datamaskiner
KnowledgeSkillCompetence,http://data.europa.eu/esco/skill/77bf865e-6360-424f-9d77-ce03918c7dcf,designe kretskort,released,skill/competence,cross-sector,,"Designe kretskort til elektroniske produkter, for eksempel mobiltelefoner og datamaskiner, og inkludere integrerte kretser og mikrobrikker i utformingen.",http://data.europa.eu/esco/skill/39fa260c-4f85-48e3-83ce-e292e696c233,designe elektriske eller elektroniske system eller utstyr
KnowledgeSkillCompetence,http://data.europa.eu/esco/skill/7814e88f-c133-4c3b-b27f-857afa145d42,IKT-sikkerhetslovgivning,released,knowledge,sector-specific,,"Lovgivning som beskytter informasjonsteknologi, IKT-nettverk og datasystemer og juridiske konsekvenser som følge av misbruk. Regulerte tiltak omfatter brannvegger, angrepsdetektering, antivirusprogramvare og kryptering.",http://data.europa.eu/esco/isced-f/0421,jus
KnowledgeSkillCompetence,http://data.europa.eu/esco/skill/78845d0c-e56f-4318-a9c6-bf75931dd520,innhente trusseletterretning,released,skill/competence,sector-specific,foreta CTI | organisere cybertrusseletterforskning | planlegge CTI | etterforske cybertrusler | organisere trusseletterretning | planlegge cybertrusseletterforskning | planlegge trusseletterretning | gjennomføre CTI | organisere CTI,"Gjennomføre etterretning om cybertrusler ved å samle inn, analysere og tolke data om potensielle cybertrusler. Utnytter ulike informasjonskilder som åpen kildekode-intelligens (OSINT), sosiale medier eller dark web-tjenester.
	",http://data.europa.eu/esco/skill/6a7fc30d-af16-4cc5-a957-29d174bdb61c,"innhente, forvalte og lagre data"
KnowledgeSkillCompetence,http://data.europa.eu/esco/skill/78a74fd1-efc6-49dc-adb1-1b0fbe35c22c,levere dokumentasjon for programvaretesting,released,skill/competence,sector-specific,,"Beskrive fremgangsmåter for testing av programvare til det tekniske teamet, og analysere testresultater for brukere og klienter for å informere dem om programvarens tilstand og effektivitet.",http://data.europa.eu/esco/skill/2636b3d3-843e-46a9-8b4c-a9d6ca3f5a2d | http://data.europa.eu/esco/skill/6e62e776-fbfa-486c-a6df-58cd239c86fe | http://data.europa.eu/esco/skill/385479b7-5da5-4367-9763-0d15b41bb65b,fremlegge teknisk dokumentasjon | skrive teknisk eller akademisk | tilby brukerdokumentasjon
KnowledgeSkillCompetence,http://data.europa.eu/esco/skill/78b26c92-da70-4c72-9f10-7a8c8b9db02e,bruke Internett til å øke salg,released,skill/competence,sector-specific,,"Markedsføre varer og tjenester ved hjelp av nettbaserte systemer, for eksempel nettbutikker, mobilbutikker og sosiale medier for å øke salget.",http://data.europa.eu/esco/skill/efb60300-0d55-4b2c-8038-8409587a4727,"fremme produkter, tjenester og ordninger"
KnowledgeSkillCompetence,http://data.europa.eu/esco/skill/78d90f00-5226-44fc-95c2-0d8dac6b081b,teknologiutdanning,released,knowledge,sector-specific,teknologiutdanningsmetoder | teknologiske utdanningsmetoder,"Utdanningsgrenen som tar sikte på å gi studentene relevant kunnskap om teknologi og dens bruk og anvendelser.
	",http://data.europa.eu/esco/isced-f/0114,lærerutdanning uten fagspesialisering
KnowledgeSkillCompetence,http://data.europa.eu/esco/skill/7957b5f9-1f33-4ff8-84e9-e258b17882c2,teste mikroelektronikk,released,skill/competence,sector-specific,,"Teste mikroelektronikk ved hjelp av egnet utstyr. Samle inn og analysere data. Overvåke og vurdere systemets ytelse, og utføre tiltak dersom det er nødvendig.",http://data.europa.eu/esco/skill/7dd94ad3-13d6-43fe-8b94-51fcbf67ced9 | http://data.europa.eu/esco/skill/465ff64a-1271-4064-8ed1-e969cb68d8b4 | http://data.europa.eu/esco/skill/87a6436a-c83f-4afe-a93a-d807a988e0ec | http://data.europa.eu/esco/skill/6d0cad66-82dd-4854-a03a-68232942c68d,tenke kritisk | utføre testkjøring | vedlikeholde mikroelektronikk | installere deler av tre og metall
KnowledgeSkillCompetence,http://data.europa.eu/esco/skill/7961413f-61d0-4722-9cd9-20a050a29899,utføre programvareenhetstesting,released,skill/competence,sector-specific,,Teste enkelte enheter med kildekode for å avgjøre om de er egnet til bruk ved å skape korte kodefragmenter.,http://data.europa.eu/esco/skill/5d74614d-32c8-4ca4-9818-6980e52424b1 | http://data.europa.eu/esco/skill/913e7e83-b8f8-4574-b1ca-1b38f3fd974a | http://data.europa.eu/esco/skill/a8c3186b-c791-4d57-8f4f-4d12c7a5c6a7,planlegge programvaretesting | utføre programvaretester | programmering av datasystemer
KnowledgeSkillCompetence,http://data.europa.eu/esco/skill/797a4416-0b8d-44f3-8fcd-eb10bd0be6b4,utvikle programvareprototype,released,skill/competence,sector-specific,,Utvikle første delvis ufullstendige eller innledende versjon av en programvareapplikasjon for å simulere enkelte særlige aspekter ved sluttproduktet.,http://data.europa.eu/esco/skill/a8c3186b-c791-4d57-8f4f-4d12c7a5c6a7,programmering av datasystemer
KnowledgeSkillCompetence,http://data.europa.eu/esco/skill/79a5bc25-5b59-47bc-a4c2-fb8e8cb1ddf6,smartnettsystemer,released,knowledge,sector-specific,smartnett | smarte nett,"Smarte nett er digitale strømnett. Systemet involverer elektronisk digital kontroll av produksjon, distribusjon og bruk av elektrisitet, informasjonsstyring av komponentene og energisparing.
	",http://data.europa.eu/esco/isced-f/0713,elektrisitet og energi
KnowledgeSkillCompetence,http://data.europa.eu/esco/skill/79c366d4-0316-4838-b72e-c3be4f90fbd3,bruke kommunikasjonsenheter,released,skill/competence,cross-sector,,"Drive kommunikasjonsenheter for å samhandle med kunder, kolleger og andre.",http://data.europa.eu/esco/skill/0a88a13f-693a-4dde-b44c-22e6f98fabc6,betjene kommunikasjonsutstyr
KnowledgeSkillCompetence,http://data.europa.eu/esco/skill/79e29b8b-47d1-470d-b7b1-32506bfe7d9a,samle inn IKT-data,released,skill/competence,cross-sector,,Samle inn data ved å utforme og bruke søke- og prøvetakingsmetoder.,http://data.europa.eu/esco/skill/0d6714c6-720e-4985-9791-5ab85d28da79 | http://data.europa.eu/esco/skill/29dcc31e-a8d6-4a62-b3c1-2de81e966e39,samle inn data | samle opplysninger fra fysiske eller elektroniske kilder
KnowledgeSkillCompetence,http://data.europa.eu/esco/skill/7a6b4549-cd3e-46c7-8a40-9096520dff84,tilpasse design for tekstil,released,skill/competence,sector-specific,,Redigere skisser og digital design av tekstiler til de oppfyller kundenes krav.,http://data.europa.eu/esco/skill/8542b62b-18b1-4c7f-9d4e-e717c10fbd72 | http://data.europa.eu/esco/skill/883eab8c-d8a6-4e8b-9b11-7d9001e172ab,produsere tekstildesign | designe systemer og produkter
KnowledgeSkillCompetence,http://data.europa.eu/esco/skill/7a757fa5-9a6f-43ab-9e66-f8f4dba1ffcb,bruke CAM-programvare,released,skill/competence,cross-sector,,"Bruke CAM-programmer (programmer for datastøttet produksjon) og maskinverktøy for å skape, modifisere, analysere eller optimalisere som ledd i fremstilliongen av arbeidsstykker.",http://data.europa.eu/esco/skill/494b8057-daf5-46a0-b33b-416e0115c30a,bruk av digitale verktøy for å kontrollere maskineriet
KnowledgeSkillCompetence,http://data.europa.eu/esco/skill/7a950986-27fe-4b6c-adf3-88f211e77019,robotkomponenter,released,knowledge,cross-sector,,"Komponenter som finnes i robotsystemer, f.eks. mikroprosessorer, elektronikk, sensorer, kretskort, kodeinnretninger, servomotorer, kontrollere, pneumatikk eller hydraulikk.",http://data.europa.eu/esco/isced-f/0714,elektronikk og automasjon
KnowledgeSkillCompetence,http://data.europa.eu/esco/skill/7aa52bdc-9c56-4341-be65-e8e30f64403f,overvåke automatiserte maskiner,released,skill/competence,cross-sector,,"Kontinuerlig kontrollere den automatiske maskinens konfigurasjon og utførelse, eller foreta regelmessige kontrollrunder. Om nødvendig registrere og tolke data om driftsvilkår for installasjon og utstyr for å identifisere avvik.",http://data.europa.eu/esco/skill/a4cf0e8a-54f6-4fd5-8650-1c82ea86cfd2,arbeid med maskiner og spesialutstyr
KnowledgeSkillCompetence,http://data.europa.eu/esco/skill/7abf5b24-8f18-49c5-a64b-5a5870a03a56,konvertere kladd til virtuelle skisser,released,skill/competence,occupation-specific,,Bruke programvare for å konvertere en beskrivelse av en konstruksjon til en todimensjonal geometrisk skisse som kan videreutvikles for å oppnå det endelige konseptet.,http://data.europa.eu/esco/skill/b1115b14-fa16-4c1e-be6c-91fd49a1808b,bruke dataassisterte design- og tegneverktøy
KnowledgeSkillCompetence,http://data.europa.eu/esco/skill/7adb8473-bcc6-4ff8-9850-76d945d40092,analysere IKT-system,released,skill/competence,sector-specific,,"Analysere informasjonssystemers funksjon og ytelse for å definere målene, arkitekturen og tjenestene de har, og angi prosedyrer og operasjoner for å oppfylle sluttbrukerens krav.
	",http://data.europa.eu/esco/skill/39499028-35bf-4d69-9275-fb98902ed88b,arbeide med datamaskiner
KnowledgeSkillCompetence,http://data.europa.eu/esco/skill/7b0d5000-00da-4864-b776-6de49a87a669,datasyn,released,knowledge,cross-sector,keras | openCV | matlab | OCR | tensorflow | cuda | simpleCV,"Definisjonen og funksjonen til datasyn. Datasynverktøy som gjør det mulig for datamaskiner å hente ut informasjon fra digitale bilder, for eksempel fotografier eller videoer. Kan brukes til å løse problemer i virkeligheten, slik som sikkerhet, autonom kjøring, robotproduksjon og -inspeksjon, digital bildeklassifisering, medisinsk bildebehandling og diagnostisering, og annet.
	",http://data.europa.eu/esco/isced-f/0619,ikke annetsteds klassifisert informasjons- og kommunikasjonsteknologi
KnowledgeSkillCompetence,http://data.europa.eu/esco/skill/7b5cb897-2ee8-450c-85a6-d73925cbd1dc,GameSalad,released,knowledge,sector-specific,,"Dra og slipp-programvaregrensesnittet som består av spesialisert designverktøy, som brukes til rask iterasjon av dataspill som er avledet av brukere med begrenset kunnskap om programmering.",http://data.europa.eu/esco/skill/966f2fd3-3de6-42da-b87c-da924c6d7960 | http://data.europa.eu/esco/isced-f/0211,digitale spillutviklingssystemer | audiovisuell teknikk og medieproduksjon
KnowledgeSkillCompetence,http://data.europa.eu/esco/skill/7b5cce4d-c7fe-4119-b48f-70aa05391787,informatikk,released,knowledge,cross-sector,,"Det vitenskapelige og praktiske studiet som omhandler grunnlaget for informasjon og kalkyler, det vil si algoritmer, datastrukturer, programmering og dataarkitektur. Det omhandler om praktisk gjennomførbarhet, struktur og mekanisering av metodiske prosedyrer som administrerer anskaffelsen, bearbeidingen og tilgangen til informasjon.",http://data.europa.eu/esco/isced-f/0613,utvikling og analyse av programvare og dataprogrammer
KnowledgeSkillCompetence,http://data.europa.eu/esco/skill/7bf4539a-3f2e-4485-876b-1c9306b181af,John The Ripper (verktøy for penetrasjonstesting),released,knowledge,sector-specific,,"Verktøyet John the Ripper er et verktøy for gjenoppretting av passord, som tester svakheter i sikkerheten til systemene for potensielt uautorisert tilgang til systeminformasjon. Hovedfunksjonene til dette verktøyet er koden for styrkekontroll og hash-koden for passord.",http://data.europa.eu/esco/isced-f/0613 | http://data.europa.eu/esco/skill/de586dcf-d7e5-4340-bf5b-d59026f1b436,utvikling og analyse av programvare og dataprogrammer | verktøy for penetrasjonstesting
KnowledgeSkillCompetence,http://data.europa.eu/esco/skill/7c5b66c6-36a1-4e03-bb57-64e8688b8f58,betjene hussentral,released,skill/competence,sector-specific,,"Betjene hussentral (PBX), et telekommunikasjonssystem i en organisasjon som setter over anrop mellom brukere på lokale linjer. Samtidig gjør systemet det mulig for alle brukere å dele eksterne telefonlinjer.",http://data.europa.eu/esco/skill/0a88a13f-693a-4dde-b44c-22e6f98fabc6,betjene kommunikasjonsutstyr
KnowledgeSkillCompetence,http://data.europa.eu/esco/skill/7c821387-b428-4f75-b5a7-7b038aa81cfd,bruke et lagerstyringssystem,released,skill/competence,cross-sector,,"Bruke programvare til å lagre materialer i et lager og utføre operasjoner som forsendelse, mottak og plukking.
	",http://data.europa.eu/esco/skill/39499028-35bf-4d69-9275-fb98902ed88b,arbeide med datamaskiner
KnowledgeSkillCompetence,http://data.europa.eu/esco/skill/7c939ef4-adb2-4c0c-aa27-9cc1aefd7c81,regulering av blokkjedetjenester,released,knowledge,cross-sector,juridiske bestemmelser for blockchain | blockchanregelverk | juridisk veiledning for blockchain | lovbestemmelser for blockchain,"Viktige lovbestemmelser rundt blokkjede, både eksisterende og nye. I Europa anses reguleringer rundt digital Euro og kryptoressurser, samt den paneuropeiske regulatoriske sandkassen for blokkjede som de mest essensielle.
	",http://data.europa.eu/esco/isced-f/068,tverrfaglige programmer og kvalifikasjoner innen informasjons- og kommunikasjonsteknologi (ikt)
KnowledgeSkillCompetence,http://data.europa.eu/esco/skill/7c9cb75d-ca4a-47c0-a989-ec0ba65a4bf0,bruke satsfremstillingsprogramvare,released,skill/competence,sector-specific,,Bruke spesialiserte dataprogrammer for å organisere tekst og bilder som skal trykkes.,http://data.europa.eu/esco/skill/446a36a5-2376-439f-b46b-4a214ba0acdf,"bruke programvare for tekstbehandling, publisering og presentasjon"
KnowledgeSkillCompetence,http://data.europa.eu/esco/skill/7ca5d3c2-2cea-4fac-88e4-f2955c5b705c,bruke IT-systemer for kommersielle formål,released,skill/competence,sector-specific,,"Formidle og kommunisere data og ta kommersielle beslutninger ved hjelp av interne og eksterne IT-systemer, dersom det er relevant.",http://data.europa.eu/esco/skill/f774131e-8f2d-43b6-8c20-7fe35fa0f0bd,"bruk av digitale verktøy for samarbeid, innholdsoppretting og problemløsning"
KnowledgeSkillCompetence,http://data.europa.eu/esco/skill/7d02180a-87d1-4e25-92e1-653309c173c4,betjene maskin for automatisert optisk inspeksjon,released,skill/competence,sector-specific,,Inspisere kvaliteten på monterte trykte kretskort (PCB) eller lignende overflateplassert utstyr (SMD) ved å betjene den automatiske optiske kontrollmaskinen. Under hver test blir flere nye bilder tatt ved hjelp av et spesialkamera og sammenlignet med tidligere monterte kort.,http://data.europa.eu/esco/skill/0a0532c2-ee60-4410-8e07-70e4d69370ec | http://data.europa.eu/esco/skill/57e6af87-8a6b-4ecb-88e5-7c80b582ddd7,betjene automatisert prosesskontroll | bruk av presisjonsinstrumentering og utstyr
KnowledgeSkillCompetence,http://data.europa.eu/esco/skill/7d10fcb2-b368-48ab-996b-7c9fafcf68ed,bruke automatisk programmering,released,skill/competence,sector-specific,,"Benytte spesialisert programvare for å generere datakode fra spesifikasjoner, for eksempel diagrammer, strukturerte opplysninger eller andre metoder som beskriver funksjonaliteten.",http://data.europa.eu/esco/skill/a8c3186b-c791-4d57-8f4f-4d12c7a5c6a7,programmering av datasystemer
KnowledgeSkillCompetence,http://data.europa.eu/esco/skill/7d11f682-644f-44fa-ad08-d6b0d97d2f28,utvikle forsendelsesruter,released,skill/competence,occupation-specific,,"Utvikle et samlet transportscenario ved bruk av utstyr og spesialisert programvare. Utvikle flere havneruter, samtidig som bruken av lasterom og skipskapasitet optimaliseres for hele reisen.",http://data.europa.eu/esco/skill/cfd5ab8f-ef8a-4877-8243-ddf17ac74604,planlegge arrangementer og programmer
KnowledgeSkillCompetence,http://data.europa.eu/esco/skill/7d5ff73e-7bea-436d-974f-3a51ce24a138,utvikle virtuell spillmotor,released,skill/competence,sector-specific,,Skape et virtuelt programvarerammeverk som beskriver gjennomføring av vanlige spillrelaterte oppgaver.,http://data.europa.eu/esco/skill/a8c3186b-c791-4d57-8f4f-4d12c7a5c6a7,programmering av datasystemer
KnowledgeSkillCompetence,http://data.europa.eu/esco/skill/7d913551-e17a-40ba-baf7-48d0c3b12e50,prediktivt vedlikehold,released,knowledge,occupation-specific,tilstandsbasert vedlikehold,"Bruk av dataanalyse og matematisk beregning for å administrere og overvåke tilstandene til maskiner og produksjonsprosesser.
	",http://data.europa.eu/esco/skill/6cb9c23b-e3bc-4917-b588-26c4cef9d920 | http://data.europa.eu/esco/isced-f/079,"vedlikeholdsdrift | ikke annetsteds klassifisert produksjon, bygg og anlegg"
KnowledgeSkillCompetence,http://data.europa.eu/esco/skill/7dde2d1d-48fa-43c9-8b48-1372b6e7cb4c,betjene datasystemer ombord,released,skill/competence,sector-specific,,Betjene datasystemer om bord i tunge lastebiler og kjøretøy. Kommunisere med stasjonsledelsens datasystem.,http://data.europa.eu/esco/skill/494b8057-daf5-46a0-b33b-416e0115c30a,bruk av digitale verktøy for å kontrollere maskineriet
KnowledgeSkillCompetence,http://data.europa.eu/esco/skill/7deca286-1bd6-490e-851f-82d9d410d584,"designe det digitale grensesnittet for gambling, vedding og lotterispill",released,skill/competence,occupation-specific,,"Utarbeide den digitale vurderingen for pengespill, veddemål og lotterier for å gjøre dem attraktive for publikum.",http://data.europa.eu/esco/skill/b590d4e5-7c62-4b4a-abc2-c270b482e0ce,designe it-system eller -programvare
KnowledgeSkillCompetence,http://data.europa.eu/esco/skill/7dfbe0f3-076f-4a19-9eaa-db4d6db704b6,holde seg oppdatert om datamaskintrender,released,skill/competence,sector-specific,,"Være oppmerksom på utvikling og trender innen maskinvare, programvare og eksterne enheter.",http://data.europa.eu/esco/skill/01e7dee7-3ff1-4807-acad-058dbed91aba | http://data.europa.eu/esco/skill/f698f8df-b473-40aa-a5c9-033cd892467a | http://data.europa.eu/esco/skill/efda73b4-5212-40a7-b2f8-d2f754ffdf2b | http://data.europa.eu/esco/skill/e2a5e046-3357-493e-bbdc-8d0ef82005cc,holde seg oppdatert på produktkunnskap | holde seg oppdatert på forskrifter | holde tritt med trender | overvåking av utviklingen innen kompetanseområdet
KnowledgeSkillCompetence,http://data.europa.eu/esco/skill/7e1f9657-ab4e-407c-842f-b846197060e3,gjennomføre IKT-revisjon,released,skill/competence,sector-specific,utføre IKT-sikkerhetsrevisjoner | utføre cybersikkerhetsrevisjoner | utføre IT-sikkerhetsrevisjoner | utfør informasjonssikkerhetsrevisjoner | gjennomføre IKT-sikkerhetsrevisjoner | utføre informasjonssikkerhetsrevisjoner,"Organisere og gjennomføre revisjoner for å vurdere IKT-systemer, overholdelse av komponentene i systemer, informasjonssystemer og informasjonssikkerhet. Identifisere og samle inn potensielle kritiske problemer, og anbefale løsninger som bygger på nødvendige standarder og løsninger.",http://data.europa.eu/esco/skill/f2cf57fe-d4cb-4b4a-831d-73171cc73909 | http://data.europa.eu/esco/skill/d83cba15-8511-4d07-b89a-9fde0d1d8241,"evaluere system, program, utstyr og produkter | utføre kvalitetsrevisjoner"
KnowledgeSkillCompetence,http://data.europa.eu/esco/skill/7e796b51-49d7-4e73-95af-2e7323763f15,designe database i skyen,released,skill/competence,sector-specific,designe skydataarkitektur | utvikle cloud database design,"Bruke designprinsipper for en adaptiv, elastisk, automatisert, løst sammenknyttet database som bruker skyinfrastruktur. Ta sikte på å bli kvitt alle svake punkt gjennom distribuert databasedesign.
	",http://data.europa.eu/esco/skill/b590d4e5-7c62-4b4a-abc2-c270b482e0ce,designe it-system eller -programvare
KnowledgeSkillCompetence,http://data.europa.eu/esco/skill/7edd11f2-6b4a-4a76-8b82-b5c57f3d8f07,animere organiske 3D-former,released,skill/competence,sector-specific,,"Vitalisere digitale 3D-modeller av organiske deler, for eksempel følelser og ansiktsbevegelser, og plassere dem i et digitalt 3D-miljø.",http://data.europa.eu/esco/skill/ab99d9a7-62eb-407b-92f2-bf7992a82004,skape kunstneriske design eller forestillinger
KnowledgeSkillCompetence,http://data.europa.eu/esco/skill/7f0b1a66-ebaf-4c8a-b606-4c1844eb692e,ivareta IKT-systemkvalitet,released,skill/competence,sector-specific,,"Sikre korrekt drift i samsvar med konkrete behov og resultater med hensyn til utvikling, integrasjon, sikkerhet og generell forvaltning av IKT-systemer.",http://data.europa.eu/esco/skill/35ebe444-9ece-4fbc-a55d-e99ea37267ae | http://data.europa.eu/esco/skill/185c56ee-098f-46a1-af87-56337085da6f,administrere kvalitet | beskytte it-enheter
KnowledgeSkillCompetence,http://data.europa.eu/esco/skill/7f27f1ff-2e17-4b69-990e-c23334478313,vurdering av risikoer og trusler,released,knowledge,cross-sector,,Sikkerhetsdokumentasjon og annen sikkerhetsrelatert kommunikasjon og informasjon.,http://data.europa.eu/esco/isced-f/0612,utvikling og administrasjon av databaser og datanett
KnowledgeSkillCompetence,http://data.europa.eu/esco/skill/7f2afce6-e98b-4bbe-8441-d52b45e28ab8,telekomforskrifter,released,knowledge,sector-specific,elektronisk kommunikasjonslovgivning,"Regler for å beskytte telekommunikasjonsforbrukere, som sikrer høye standarder for kommunikasjonstjenester som likeverdig og rimelig tilgang, tilkobling, åpenhet i kontrakter eller sikkerhet mot skadelig programvare. Forordningen omfatter nettbaserte og tradisjonelle tjenester.
	",http://data.europa.eu/esco/isced-f/0714,elektronikk og automasjon
KnowledgeSkillCompetence,http://data.europa.eu/esco/skill/7fb699d9-182a-430e-b7a0-6d8ed05c284b,grafisk design,released,knowledge,cross-sector,,Teknikker for å skape en visuell framstilling av ideer og meldinger.,http://data.europa.eu/esco/isced-f/0211,audiovisuell teknikk og medieproduksjon
KnowledgeSkillCompetence,http://data.europa.eu/esco/skill/7fc4c18a-68f3-425a-aadf-f83633be47a1,læringsteknologier,released,knowledge,sector-specific,,"Teknologier og kanaler, inkludert digital for å forbedre læring.",http://data.europa.eu/esco/isced-f/0111,pedagogikk
KnowledgeSkillCompetence,http://data.europa.eu/esco/skill/7ffae77a-93ce-40a3-af99-fae5729e8b15,montere roboter,released,skill/competence,sector-specific,,"Montere robotmaskiner, enheter og komponenter i samsvar med tekniske tegninger. Programmere og installere de nødvendige komponentene i robotsystemer, som robotkontroller, samlebånd og verktøy på enden av armen.",http://data.europa.eu/esco/skill/87a0c0e6-c114-4ea1-b2d0-933bce1f3c5f | http://data.europa.eu/esco/skill/592525ab-b517-4c55-8c65-17e0f5d99205,montere maskiner | montere elektriske og elektroniske produkter
KnowledgeSkillCompetence,http://data.europa.eu/esco/skill/805e4fac-5325-42a2-a9e7-c6c777185a05,administrere online gambling,released,skill/competence,occupation-specific,,"Opprette, koordinere og forvalte pengespillaktiviteter på nettet. Overvåke handlingen på nettspillsiden, og sikre at prosedyrene for kundeservice gjennomføres som planlagt. Samordne det tekniske personalet for å opprettholde programvare for pengespill, og planlegge prosedyrer for å sikre overskudd.",http://data.europa.eu/esco/skill/4781b6b1-07bc-44be-8c2d-de0fa5db4250,lede spill-aktiviteter
KnowledgeSkillCompetence,http://data.europa.eu/esco/skill/8088750d-8388-4170-a76f-48354c469c44,cybersikkerhet,released,knowledge,sector-specific,IKT-sikkerhet | IT-sikkerhet | informasjons- og kommunikasjonssikkerhet | digital sikkerhet | informasjonssikkerhet,"Metodene og beste praksis som beskytter IKT-systemer, nettverk, datamaskiner, enheter, tjenester, prosesser og personer mot uautorisert tilgang, modifikasjon og/eller tjenestenekt for eiendeler.
	",http://data.europa.eu/esco/isced-f/1031,militær og forsvar
KnowledgeSkillCompetence,http://data.europa.eu/esco/skill/81086bb0-a110-470d-ba5a-2c68fc535407,administrere program for flyvningsdatakommunikasjon,released,skill/competence,sector-specific,,"Administrere utvekslingen av digitale data mellom flygeledere og piloter for å kunne gjennomføre flyoperasjoner på en effektiv måte, for eksempel banebasert ruting og optimale profilnedstigninger. Sikre at det er trygt å fly, og støtte kontroll og informasjonstjenester ved hjelp av datatilkobling. Gi bakkemannskapet automatiske meldinger, overføringer og ruting.",http://data.europa.eu/esco/skill/57231a22-4da7-49c8-97b8-75672feadf1e | http://data.europa.eu/esco/skill/6a7fc30d-af16-4cc5-a957-29d174bdb61c,"administrere kvantitative data | innhente, forvalte og lagre data"
KnowledgeSkillCompetence,http://data.europa.eu/esco/skill/812b8819-9b7a-4df9-9c9f-1b60888d0861,e-skreddersøm,released,knowledge,sector-specific,,Forretningsmodellen som bruker programvare og tekniske programmer for å samle inn informasjon om kunder for produksjonen av tilpassede produkter.,http://data.europa.eu/esco/isced-f/0723,"tekstiler (klær, sko og lærvarer)"
KnowledgeSkillCompetence,http://data.europa.eu/esco/skill/81633a44-f1db-4a01-a940-804c6905e330,bruke tekstbehandlingsprogramvare,released,skill/competence,cross-sector,,"Bruke dataprogramvare for å utarbeide, redigere, formatere og trykke alle typer skriftlige materialer.",http://data.europa.eu/esco/skill/d822b4b2-26c7-4bd9-970d-229c6504f615 | http://data.europa.eu/esco/skill/446a36a5-2376-439f-b46b-4a214ba0acdf,"skape digitalt innhold | bruke programvare for tekstbehandling, publisering og presentasjon"
KnowledgeSkillCompetence,http://data.europa.eu/esco/skill/8181aa4c-42bc-4036-a3d2-5cb6bbb34239,håndtere cybersikkerhetshendelser,released,skill/competence,sector-specific,analysere cybersikkerhetshendelser | overvåke sikkerhetslogger | overvåke sikkerheten til digitale systemer | reagere på cyberhendelser,"Oppdage, identifisere, analysere og respondere på cybersikkerhetshendelser i en organisasjons systemer eller nettverk. Det involverer hendelsesresponsplaner som inntrengningsdeteksjonssystemer, logganalyse og dokumentering av detaljert informasjon om potensielle hendelser.
	",http://data.europa.eu/esco/skill/802deca0-b880-4d1a-b366-e13b27621baf,følge driftsrutiner
KnowledgeSkillCompetence,http://data.europa.eu/esco/skill/818c2b89-1335-4443-ada7-e1046862e273,installere automatiseringskomponenter,released,skill/competence,sector-specific,,Installere automatiseringskomponentene i samsvar med spesifikasjonene i kretsdiagrammet.,http://data.europa.eu/esco/skill/f839b1da-78b6-4466-86f4-a5798821ea20,sette opp datasystem
KnowledgeSkillCompetence,http://data.europa.eu/esco/skill/81b082fb-9a00-4660-976a-10c985979100,IBM InfoSphere Information Server,released,knowledge,sector-specific,,"Programvaren IBM InfoSphere Information Server er en plattform for integrering av informasjon fra flere bruksområder, opprettet og vedlikeholdt av organisasjoner, i en konsekvent og åpen datastruktur, utviklet av programvareselskapet IBM.",http://data.europa.eu/esco/skill/9d0d89be-bffa-4393-b6f6-8d05bea49051 | http://data.europa.eu/esco/isced-f/0612,"verktøy for datautvinning, -transformering og -lasting | utvikling og administrasjon av databaser og datanett"
KnowledgeSkillCompetence,http://data.europa.eu/esco/skill/8203b07a-8097-4383-aff6-603b7df7f0f4,ATM-systemer,released,knowledge,occupation-specific,,"Den ulike teknologiene, programvaren, maskinvaren og virksomheten som brukes eller som finnes i pengeautomater.",http://data.europa.eu/esco/isced-f/0613,utvikling og analyse av programvare og dataprogrammer
KnowledgeSkillCompetence,http://data.europa.eu/esco/skill/82312096-4df8-49ce-9cdd-a6e08af56b45,evaluere informasjonstjenester ved hjelp av beregninger,released,skill/competence,occupation-specific,,"Bruk av bibliometri, nettmetri og nettmetrikk for å vurdere informasjonstjenester.",http://data.europa.eu/esco/skill/1d6c7de4-350e-4868-a47b-333b4b0d9650 | http://data.europa.eu/esco/skill/1f2950c0-ef1e-44b4-9a55-125ccd7b78af | http://data.europa.eu/esco/skill/57231a22-4da7-49c8-97b8-75672feadf1e,"evaluere data, informasjon og digitalt innhold | analyse og evaluering av informasjon og data | administrere kvantitative data"
KnowledgeSkillCompetence,http://data.europa.eu/esco/skill/82313e12-9d39-47d1-b7c9-78bbd6bb50e2,CAE-programvare,released,knowledge,cross-sector,,"Programvaren for å utføre dataassistert teknikk (CAE) analyseoppgaver, f.eks. elementmetoden og datastyrt fluiddynamikk.",http://data.europa.eu/esco/isced-f/0613,utvikling og analyse av programvare og dataprogrammer
KnowledgeSkillCompetence,http://data.europa.eu/esco/skill/82394321-7f35-4a29-b2fa-4a58f66258f5,simulere transportproblemer,released,skill/competence,cross-sector,,Implementere transportrelatert data i programvaremodeller for å simulere transportproblemer som trafikkork for å finne nyskapende løsninger.,http://data.europa.eu/esco/skill/a432ffcd-b58d-4417-836c-ea3282b626ca | http://data.europa.eu/esco/skill/b1115b14-fa16-4c1e-be6c-91fd49a1808b,gjennomføre simuleringer | bruke dataassisterte design- og tegneverktøy
KnowledgeSkillCompetence,http://data.europa.eu/esco/skill/82de2df7-0d6c-42b1-94ac-b3e9a029e917,bruke back-up utstyr,released,skill/competence,cross-sector,bruke sikkerhetskopierings- og gjenopprettingsverktøy,"Bruke verktøy som gjør det mulig for brukerne å kopiere og arkivere dataprogramvare, konfigurasjoner og å gjenopprette dem i tilfelle tap.",http://data.europa.eu/esco/skill/185c56ee-098f-46a1-af87-56337085da6f,beskytte it-enheter
KnowledgeSkillCompetence,http://data.europa.eu/esco/skill/8300443c-c793-4102-bff5-aa917a0cb39f,definere veikart for blokkjede i applikasjoner,released,skill/competence,cross-sector,lage et blockchain-veikart i applikasjoner,"Definere og følge et veikart for innføring av blokkjede i et bestemt bruksområde. Identifiserer de viktigste handlingene og rollene som kreves, samt de viktige milepælene og leveransene som skal oppnås.
	",http://data.europa.eu/esco/skill/b590d4e5-7c62-4b4a-abc2-c270b482e0ce,designe it-system eller -programvare
KnowledgeSkillCompetence,http://data.europa.eu/esco/skill/83218cac-3599-417e-93d2-26013cdccd98,tjenesteorientert modellering,released,knowledge,sector-specific,,"Prinsipper og grunnbegreper for tjenesteorientert modellering for virksomhets- og programvaresystemer som tillater utforming og spesifikasjon av tjenesteorienterte virksomhetssystemer innenfor en rekke arkitektoniske stiler, f.eks. foretaksarkitektur og programarkitektur.",http://data.europa.eu/esco/isced-f/0612,utvikling og administrasjon av databaser og datanett
KnowledgeSkillCompetence,http://data.europa.eu/esco/skill/8327754d-3990-4056-b07e-4faa49cfcd26,fornye IKT,released,skill/competence,sector-specific,,"Utforme og beskrive nye unike forsknings- og innovasjonsideer innen informasjons- og kommunikasjonsteknologi, sammenligne med ny teknologi og utvikling, og planlegge utviklingen av nye ideer.",http://data.europa.eu/esco/skill/f975091a-e5a5-4472-ac17-11680e53e98f | http://data.europa.eu/esco/skill/c2a0c52c-0b4b-4180-a918-92650ea3b458 | http://data.europa.eu/esco/skill/ab877a24-335d-4676-b366-c5c06651481a,"søke innovasjon i gjeldende praksis | tenke innovativt | kommunikasjon, samarbeid og kreativitet"
KnowledgeSkillCompetence,http://data.europa.eu/esco/skill/8359bd04-d2cb-4757-af1f-39a921df9efe,fjerne datamaskinvirus eller skadelig programvare fra en datamaskin,released,skill/competence,cross-sector,,Gjennomføre tiltak for å fjerne datavirus eller andre typer skadelig programvare fra en datamaskin.,http://data.europa.eu/esco/skill/185c56ee-098f-46a1-af87-56337085da6f,beskytte it-enheter
KnowledgeSkillCompetence,http://data.europa.eu/esco/skill/8369c2d6-c100-4cf6-bd83-9668d8678433,benytte maskinlæring,released,skill/competence,sector-specific,,"Bruke teknikker og algoritmer for å samle inn data, lære av informasjonen og utarbeide prognoser i forbindelse med optimalisering av program, tilpasning av applikasjon, mønstergjenkjenning, filtrering, søkemotorer og maskinell synsevne.",http://data.europa.eu/esco/skill/a8c3186b-c791-4d57-8f4f-4d12c7a5c6a7,programmering av datasystemer
KnowledgeSkillCompetence,http://data.europa.eu/esco/skill/8369ede5-4200-4a44-be2e-bc60ef959259,Microsoft Visual C++,released,knowledge,sector-specific,,"Dataprogrammet Visual C++ er en serie programvareutviklingsverktøy for skriveprogrammer, f.eks. kompilator, feilsøkingsprogram, koderedigeringsprogram og kodehøydepunkter samlet i et enhetlig brukergrensesnitt. Det er utviklet av programvareselskapet Microsoft.",http://data.europa.eu/esco/skill/925463a7-d51f-4d5b-9f79-4d28cf30acde | http://data.europa.eu/esco/isced-f/0611,integrert utviklingsmiljøprogramvare | bruk av datamaskiner
KnowledgeSkillCompetence,http://data.europa.eu/esco/skill/83934f53-5ffa-478f-9f8f-b779e9b4fc7a,selvbetjeningsteknologi innen turisme,released,knowledge,sector-specific,,"Bruken av selvbetjeningsteknologi i reiselivsbransjen: nettbestilling, selvinnsjekk på hoteller og hos flyselskaper, slik at kundene selv kan utføre og fullføre reservasjoner ved hjelp av digitale verktøy.
	",http://data.europa.eu/esco/isced-f/0619,ikke annetsteds klassifisert informasjons- og kommunikasjonsteknologi
KnowledgeSkillCompetence,http://data.europa.eu/esco/skill/83b33952-3872-46ec-9a2e-b28f91303a7e,overvåke utvikling av programvare,released,skill/competence,sector-specific,,"Organisere, planlegge og føre tilsyn med utviklingen av applikasjonene og rammeverket for å skape et programvareprodukt, fra de første planleggingsfasene til testing av det ferdige produktet.",http://data.europa.eu/esco/skill/aab9f44d-fe0e-46d8-a470-11ce82a64846,veilede et team eller en gruppe
KnowledgeSkillCompetence,http://data.europa.eu/esco/skill/83b493c8-4837-41e3-9800-cff1df06cf38,konfigurere systemer for medieintegrering,released,skill/competence,occupation-specific,,"Definere og konfigurer forholdet mellom innkommende og utgående signaler for applikasjoner i forbindelse med forestillinger og arrangementer. Bruke visuell programmeringsprogramvare til å oversette de brukte signalprotokollene, oppdatere, slå sammen eller dele opp datastrømmer.
	",http://data.europa.eu/esco/skill/8ddcb295-707e-459c-ba6a-66ffb37835c5,betjene audiovisuelt utstyr
KnowledgeSkillCompetence,http://data.europa.eu/esco/skill/84251cb1-babf-4d17-a3cd-baa642c24c8d,IBM Informix,released,knowledge,sector-specific,,"Dataprogrammet IBM Informix er et verktøy for å opprette, oppdatere og administrere databaser, utviklet av programvareselskapet IBM.",http://data.europa.eu/esco/skill/ab1e97ed-2319-4293-a8b7-072d2648822f | http://data.europa.eu/esco/isced-f/0612,systemer for databaseadministrering | utvikling og administrasjon av databaser og datanett
KnowledgeSkillCompetence,http://data.europa.eu/esco/skill/84f583f4-f32a-4202-9b92-e25f0c978410,kjernebankprogramvare,released,knowledge,sector-specific,kjernebankapplikasjon,"Utvalg av programvare for styring av kjernebankaktiviteter (f. eks. innskudd, betalinger, lån, banktransaksjoner, kundedata) og andre funksjoner knyttet til bankvirksomhet.
	",http://data.europa.eu/esco/isced-f/0611,bruk av datamaskiner
KnowledgeSkillCompetence,http://data.europa.eu/esco/skill/84f58e3d-8669-4d83-8c1d-5dd1e73a654f,lage databasediagrammer,released,skill/competence,sector-specific,,Utarbeide databasedesignmodeller og -diagrammer som etablerer strukturen av en database ved hjelp av modellprogramvareverktøy som skal implementeres i videre prosesser.,http://data.europa.eu/esco/skill/29fb0fb5-dfc4-4098-ac9b-3a712000f48f | http://data.europa.eu/esco/skill/4463a721-69f3-413d-8321-43e3af13a4f1 | http://data.europa.eu/esco/skill/b590d4e5-7c62-4b4a-abc2-c270b482e0ce,administrere database | bruke databaser | designe it-system eller -programvare
KnowledgeSkillCompetence,http://data.europa.eu/esco/skill/84f73180-4a45-49f4-9140-cb49bbc29531,stille skannerkontroller,released,skill/competence,sector-specific,,"Bruke mus, tastatur eller andre kontroller for å konfigurere skanneren på en nøyaktig måte.",http://data.europa.eu/esco/skill/a1a032e1-4b7a-4603-8516-43d83707ffac | http://data.europa.eu/esco/skill/494b8057-daf5-46a0-b33b-416e0115c30a,sette opp maskinkontroller | bruk av digitale verktøy for å kontrollere maskineriet
KnowledgeSkillCompetence,http://data.europa.eu/esco/skill/85038d57-1fdd-40de-b908-2c005545a8c3,SketchBook Pro,released,knowledge,sector-specific,,Dataprogrammet SketchBook Pro er et grafisk IKT-verktøy som muliggjør digital redigering og sammensetning av grafikk for å generere både 2D-rastergrafikk og 2D-vektorgrafikk. Det er utviklet av programvareselskapet Autodesk.,http://data.europa.eu/esco/isced-f/0611 | http://data.europa.eu/esco/skill/a71577b2-7550-4222-88ee-dcbd2d881516,bruk av datamaskiner | programvare for redigering av grafikk
KnowledgeSkillCompetence,http://data.europa.eu/esco/skill/8542b62b-18b1-4c7f-9d4e-e717c10fbd72,produsere tekstildesign,released,skill/competence,sector-specific,,Tegne skisser for tekstildesign for hånd eller på datamaskin med spesialisert CAD-programvare (datamaskinassistert designprogramvare).,http://data.europa.eu/esco/skill/883eab8c-d8a6-4e8b-9b11-7d9001e172ab,designe systemer og produkter
KnowledgeSkillCompetence,http://data.europa.eu/esco/skill/85616cc4-98bf-4355-9cf1-72ff11752848,utvikle IKT-enhetsdriver,released,skill/competence,occupation-specific,,Utvikle en programvare som styrer en IKT-enhet og dens samspill med andre applikasjoner.,http://data.europa.eu/esco/skill/a8c3186b-c791-4d57-8f4f-4d12c7a5c6a7,programmering av datasystemer
KnowledgeSkillCompetence,http://data.europa.eu/esco/skill/85a67bc3-708c-4eab-86f6-4529d01d12a6,bidra til utvikling av biometriske systemer,released,skill/competence,occupation-specific,,"Bidra til utvikling eller optimalisering av teknologiske systemer, som er basert på konkrete biologiske data, via algoritmer for å identifisere mennesker.",http://data.europa.eu/esco/skill/b590d4e5-7c62-4b4a-abc2-c270b482e0ce,designe it-system eller -programvare
KnowledgeSkillCompetence,http://data.europa.eu/esco/skill/85f46538-ae70-498a-bfbc-b8ddafe96c7d,nivåer av programvaretesting,released,knowledge,sector-specific,,"Nivåene for testing i programvareutviklingsprosessen, f.eks. utvikling av programvare, f.eks. enhetstesting, systemtesting og aksepttesting.",http://data.europa.eu/esco/isced-f/0613,utvikling og analyse av programvare og dataprogrammer
KnowledgeSkillCompetence,http://data.europa.eu/esco/skill/861313ba-3a1a-4d33-842a-1b8e45e2415b,administrere eldre IKT-implikasjon,released,skill/competence,sector-specific,,"Føre tilsyn med overføringsprosessen fra et utdatert system til et oppdatert system ved å kartlegge, finne grensesnitt, flytte, dokumentere og endre data.",http://data.europa.eu/esco/skill/6a7fc30d-af16-4cc5-a957-29d174bdb61c,"innhente, forvalte og lagre data"
KnowledgeSkillCompetence,http://data.europa.eu/esco/skill/861cc783-6d4c-442e-9081-3a6e389be454,installere elektronisk kommunikasjonsutstyr,released,skill/competence,sector-specific,,Utarbeide og rulle ut digital og analog elektronisk kommunikasjon. Forstå koblingsskjemaer og utstyrsspesifikasjoner.,http://data.europa.eu/esco/skill/52797dce-911c-4e6d-b0cb-491f6469014f | http://data.europa.eu/esco/skill/a7065828-10aa-4aba-b7d4-f23a30df5060,"installere elektrisk og elektronisk utstyr | installere og reparere elektrisitets-, elektro- og presisjonsutstyr"
KnowledgeSkillCompetence,http://data.europa.eu/esco/skill/8645704c-a896-4ac1-8189-9ac5586d5c3a,forberede detaljerte arbeidstegninger for interiørdesign,released,skill/competence,sector-specific,,Forberede tilstrekkelig detaljerte arbeidstegninger eller digitale bilder ved hjelp av programvare for å formidle et realistisk bilde av det innvendige designprosjektet.,http://data.europa.eu/esco/skill/ac51e567-2261-48c7-b0cb-97c07fc60b6c | http://data.europa.eu/esco/skill/a556a3db-cd48-42a5-825c-f95f6f5ccbfe,utvikle spesifikk interiørdesign | skape visuelle utstillinger og dekorasjoner
KnowledgeSkillCompetence,http://data.europa.eu/esco/skill/867137fb-ff1b-4ca3-99f3-cb6969aa2c68,TypeScript,released,knowledge,sector-specific,,"Teknikkene og prinsippene for utvikling av programvare, f.eks. analyse, algoritmer, koding, testing og utarbeiding av programmeringsparadigmer i TypeScript.",http://data.europa.eu/esco/skill/21d2f96d-35f7-4e3f-9745-c533d2dd6e97 | http://data.europa.eu/esco/isced-f/0613,dataprogrammering | utvikling og analyse av programvare og dataprogrammer
KnowledgeSkillCompetence,http://data.europa.eu/esco/skill/8682024b-2c8b-4de4-8cd7-23ea6169da57,betjene signalgenerator,released,skill/competence,cross-sector,,"Betjene elektroniske enheter eller programvare som produserer digitale eller analoge repeterende eller ikke-repeterende elektroniske signaler for å designe, teste og reparere elektronisk og akustisk utstyr.",http://data.europa.eu/esco/skill/4d6a48ae-352e-4823-bc3a-3f3e9e2cae86,tilgang til og analyse av digitale data
KnowledgeSkillCompetence,http://data.europa.eu/esco/skill/8696aff0-18c0-4ba6-a4d0-9a21861b3e5e,World Wide Web Consortium-standarder,released,knowledge,cross-sector,,"Standardene, de tekniske spesifikasjonene og retningslinjene utarbeidet av den internasjonale organisasjonen World Wide Web Consortium (W3C), som gjør det mulig å utforme og utvikle nettprogrammer.",http://data.europa.eu/esco/isced-f/0613,utvikling og analyse av programvare og dataprogrammer
KnowledgeSkillCompetence,http://data.europa.eu/esco/skill/86f7126d-97fd-4da5-be96-d1cf6ecd54e6,Microsoft Visio,released,knowledge,sector-specific,,Dataprogrammet Microsoft Visio er et grafisk IKT-verktøy som muliggjør digital redigering og sammensetning av grafikk for å generere både 2D-rastergrafikk og 2D-vektorgrafikk. Det er utviklet av programvareselskapet Microsoft.,http://data.europa.eu/esco/isced-f/0611 | http://data.europa.eu/esco/skill/a71577b2-7550-4222-88ee-dcbd2d881516,bruk av datamaskiner | programvare for redigering av grafikk
KnowledgeSkillCompetence,http://data.europa.eu/esco/skill/8759c352-8b00-498f-985a-935f13e1b043,hjelpemidler,released,knowledge,cross-sector,,Feltet som omhandler personer som trenger tjenestedyr og arbeid med hjelpemidler og teknologier.,http://data.europa.eu/esco/isced-f/0921,omsorg for eldre og voksne med nedsatt funksjonsevne
KnowledgeSkillCompetence,http://data.europa.eu/esco/skill/8764d4b1-e069-44f2-8baa-fb1eee1850ec,Oracle Application Development Framework,released,knowledge,sector-specific,,"Java-programvareutviklingsmiljøet som gir bestemte funksjoner og komponenter (for eksempel forbedrede funksjoner for gjenbruk, visuell og deklarativ programmering) som støtter og veileder utviklingen av virksomhetsprogrammer.",http://data.europa.eu/esco/skill/24c200e5-be20-4370-a137-ab53797f3a17 | http://data.europa.eu/esco/isced-f/0613,programvarerammeverk | utvikling og analyse av programvare og dataprogrammer
KnowledgeSkillCompetence,http://data.europa.eu/esco/skill/8785ccda-6f9f-4cf3-9033-fda10653d0be,JSSS,released,knowledge,sector-specific,,"Dataspråket JSSS er et stilarkspråk som gir et språk som viser en presentasjon av strukturerte dokumenter. Disse dokumentene må holde seg til stilark, et sett med regler, f.eks. skrift, farge og oppsett.",http://data.europa.eu/esco/skill/c2999f0c-eb37-4cdf-b9b0-82107b628794 | http://data.europa.eu/esco/isced-f/0612,stilarkspråk | utvikling og administrasjon av databaser og datanett
KnowledgeSkillCompetence,http://data.europa.eu/esco/skill/87f31087-4c7c-4a71-b7b8-4039d94b4c12,analysere 3D-prototyper av klær,released,skill/competence,occupation-specific,justere 3d-prototypen,"Analysere prototypen for å justere mønsteret for kleselementene på en 3D-avatar.
	",http://data.europa.eu/esco/skill/a556a3db-cd48-42a5-825c-f95f6f5ccbfe,skape visuelle utstillinger og dekorasjoner
KnowledgeSkillCompetence,http://data.europa.eu/esco/skill/88564d2d-2dc9-4789-864a-f9cb73f389ec,vedlikeholde dataangivelseskrav,released,skill/competence,sector-specific,,Opprettholde forhold for registrering av data. Følge framgangsmåter og bruke teknikker for dataprogram.,http://data.europa.eu/esco/skill/9bdf8a77-8524-43da-bac6-d15d22e1b7ed,legge inn og transformere opplysninger
KnowledgeSkillCompetence,http://data.europa.eu/esco/skill/88b9ac3d-1c1d-44d1-9584-c4f5dd2503b3,forbedre brukervennlighet,released,skill/competence,occupation-specific,,"Forskning på og utprøving av nye metoder for å gjøre et produkt, for eksempel et nettsted eller kart, lettere å bruke og forstå.",http://data.europa.eu/esco/skill/b590d4e5-7c62-4b4a-abc2-c270b482e0ce,designe it-system eller -programvare
KnowledgeSkillCompetence,http://data.europa.eu/esco/skill/89227433-950f-4d9d-b0b0-abc33356ab42,administrere datamaskinbaserte styringssystemer for transportdrift,released,skill/competence,occupation-specific,,"Administrere digitale driftskontrollsystemer for å sikre dataoverføring mellom busser, overvåke sanntidsopplysninger om infrastruktur, trafikktilstander, trafikklys, kontrollere talemeldinger på busser og gi passasjerer opplysninger i sanntid.",http://data.europa.eu/esco/skill/6a7fc30d-af16-4cc5-a957-29d174bdb61c,"innhente, forvalte og lagre data"
KnowledgeSkillCompetence,http://data.europa.eu/esco/skill/8975edb1-d2cb-4c49-a3c0-3b21a9ab8797,håndtere CNC-bormaskin,released,skill/competence,cross-sector,,"Håndtere en CNC-maskin for å kutte i metall, tre, plast eller lignende, og bruke den i tråd med forskriftene.",http://data.europa.eu/esco/skill/494b8057-daf5-46a0-b33b-416e0115c30a,bruk av digitale verktøy for å kontrollere maskineriet
KnowledgeSkillCompetence,http://data.europa.eu/esco/skill/897b393f-e7e0-4248-a40d-d77119694e83,distribuert databehandling,released,knowledge,sector-specific,,Programvareprosessen der datakomponenter virker sammen over et nett og sender meldinger for å kommunisere sine handlinger.,http://data.europa.eu/esco/isced-f/0612,utvikling og administrasjon av databaser og datanett
KnowledgeSkillCompetence,http://data.europa.eu/esco/skill/89839842-a111-411f-b64a-94354d6118e0,kvanteteknologi,released,knowledge,sector-specific,prinsipper for kvanteteknologi,"Teknologien som fungerer gjennom prinsipper for kvantemekanikk som kvantesammenfiltring og kvantesuperposisjon.
	",http://data.europa.eu/esco/isced-f/0588,"tverrfaglige programmer og kvalifikasjoner innen naturvitenskap, matematikk og statistikk"
KnowledgeSkillCompetence,http://data.europa.eu/esco/skill/89d574b8-f0ea-4ae8-9008-f575e37e9f11,implementere smartkontrakter,released,skill/competence,cross-sector,bruke smarte kontrakter,"Implementere smartkontrakter for ulike applikasjoner, og i de viktigste smarte kontraktsrammene som Bitcoin og Ethereum, og i de best egnede programmeringsspråkene som Solidity, Rust, JavaScript, Vyper og Yul.
	",http://data.europa.eu/esco/skill/b590d4e5-7c62-4b4a-abc2-c270b482e0ce,designe it-system eller -programvare
KnowledgeSkillCompetence,http://data.europa.eu/esco/skill/89f6560b-2194-45c9-9ece-d33049a73eef,datateknikk,released,knowledge,cross-sector,,"Teknikkdisiplin som kombinerer informatikk med elektroteknikk for å utvikle maskinvare og programvare for datamaskiner. Datateknikk omhandler elektronikk, programvaredesign og integrasjon av maskinvare og programvare.",http://data.europa.eu/esco/isced-f/0714,elektronikk og automasjon
KnowledgeSkillCompetence,http://data.europa.eu/esco/skill/8a16ada9-2794-4c81-bb48-5ec1cfbcf1db,bruke telecine-apparat,released,skill/competence,sector-specific,,Bruke et bilderørsystem eller en ladekoblet  telecine som produserer hvitt lys for å fargekorrigere film ved å eksponere den for dette lyset.,http://data.europa.eu/esco/skill/8ddcb295-707e-459c-ba6a-66ffb37835c5,betjene audiovisuelt utstyr
KnowledgeSkillCompetence,http://data.europa.eu/esco/skill/8a211052-4bec-49c2-9b4e-7914c37d21b4,mikroprosessorer,released,knowledge,cross-sector,,Dataprosessorer på en mikroskala som integrerer den sentrale prosessoren (CPU) på en enkelt brikke.,http://data.europa.eu/esco/isced-f/0611,bruk av datamaskiner
KnowledgeSkillCompetence,http://data.europa.eu/esco/skill/8a30eb28-eca0-4ab6-8c05-32c47d3e0dd6,BlackArch,released,knowledge,sector-specific,,"BlackArch Linux-distribusjonen er et verktøy for penetrasjonstesting som tester sikkerhetssvakheter i systemet, for potensielt uautorisert tilgang til systeminformasjon.",http://data.europa.eu/esco/isced-f/0613 | http://data.europa.eu/esco/skill/de586dcf-d7e5-4340-bf5b-d59026f1b436,utvikling og analyse av programvare og dataprogrammer | verktøy for penetrasjonstesting
KnowledgeSkillCompetence,http://data.europa.eu/esco/skill/8a6394d1-f44f-4b0d-81d5-7201fc025ba8,utvikle e-læringsplan,released,skill/competence,cross-sector,,"Utvikle en strategisk plan for å maksimere produksjon av utdanningsteknologi, både internt i organisasjonen og eksternt.",http://data.europa.eu/esco/skill/7e0b93e0-0de7-4607-b07f-27a6828d3ff0,utvikle utdanningsordninger
KnowledgeSkillCompetence,http://data.europa.eu/esco/skill/8a7a0d46-d88a-4ab0-bfa4-d861a82bab3c,betjene fjernkringkastingsutstyr,released,skill/competence,sector-specific,,Betjene utstyr som brukes til kringkasting fra steder som er langt fra stasjonen. Oppfangingsenheten (RPU) er det vanligste verktøyet for denne kommunikasjonen.,http://data.europa.eu/esco/skill/af529b5d-a055-4dfa-a386-1b1c1c8670e3 | http://data.europa.eu/esco/skill/0256f6b0-f4a9-4c5e-9cfd-96d58a2a70fe | http://data.europa.eu/esco/skill/0a88a13f-693a-4dde-b44c-22e6f98fabc6,betjene kringkastingsutstyr | betjene radioutstyr | betjene kommunikasjonsutstyr
KnowledgeSkillCompetence,http://data.europa.eu/esco/skill/8afe68ff-b261-4fa8-ab25-bb30b0e5c292,bevegelsesgrafikk,released,knowledge,cross-sector,,"Teknikkene og programvaren for å skape illusjonen av bevegelse, f.eks. keyframing, Adobe After Effects og Nuke.",http://data.europa.eu/esco/isced-f/0211,audiovisuell teknikk og medieproduksjon
KnowledgeSkillCompetence,http://data.europa.eu/esco/skill/8b94aa1e-89c9-459d-b3b4-1dfab8dec2df,bruke programvarebiblioteker,released,skill/competence,sector-specific,,Bruke kodesamlinger og programvarepakker som fanger opp ofte brukte rutiner for å hjelpe programmerere med å forenkle arbeidet sitt.,http://data.europa.eu/esco/skill/6a7fc30d-af16-4cc5-a957-29d174bdb61c,"innhente, forvalte og lagre data"
KnowledgeSkillCompetence,http://data.europa.eu/esco/skill/8bbdb795-0deb-478f-91e4-5238867ed8ba,blokkjedeterminologi,released,knowledge,sector-specific,blockchain-begreper,"Begrepene som brukes i blokkjedesektoren som inkluderer konto, attestering, blokk, bysantinsk feil, mynt, konsensus, krypto-, desentralisert applikasjon (DApp), DeFi, digital identitet, distribuert hovedbok, kryptering, eter, gaffel, hyperledger, Merkle trie, gruvedrift, node, NFT, autoritetsbevis, bevis på innsats, bevis på arbeid, offentlig/privat blokkjede, tillitsløs, gyldighetsbevis, 51 %-angrep etc.
	",http://data.europa.eu/esco/isced-f/0612,utvikling og administrasjon av databaser og datanett
KnowledgeSkillCompetence,http://data.europa.eu/esco/skill/8bc3c77c-30c3-45e6-bd61-069ba433ecfe,programvareinfrastruktur for e-læring,released,knowledge,sector-specific,,"Nødvendige infrastrukturegenskaper og spesifikasjoner for å opprette et miljø for e-læring, som gir målgruppen læringserfaringer.",http://data.europa.eu/esco/isced-f/0613,utvikling og analyse av programvare og dataprogrammer
KnowledgeSkillCompetence,http://data.europa.eu/esco/skill/8c88d336-c249-4537-b26e-d679a85c4b9b,Ajax Framework,released,knowledge,sector-specific,,Ajax-programvareutviklingsmiljøene som gir bestemte funksjoner og komponenter som støtter og veileder utviklingen av nettprogrammer.,http://data.europa.eu/esco/skill/24c200e5-be20-4370-a137-ab53797f3a17 | http://data.europa.eu/esco/isced-f/0613,programvarerammeverk | utvikling og analyse av programvare og dataprogrammer
KnowledgeSkillCompetence,http://data.europa.eu/esco/skill/8ca08a35-2d2e-46f5-b440-8fc8ce736287,anvende presisjonslandbruk,released,skill/competence,sector-specific,,"Bruke moderne teknologi og utstyr med høypresisjonssystemer, geokartlegging og/eller automatiske styresystemer for landbruksvirksomhet.",http://data.europa.eu/esco/skill/64acded2-d944-4f85-a703-cfe9375f706a,betjene land- og skogbruksmaskiner
KnowledgeSkillCompetence,http://data.europa.eu/esco/skill/8d17898e-cd9c-444d-b084-8708a5447747,betjene medisinsk avbildningsutstyr,released,skill/competence,sector-specific,,"Produsere medisinske bilder av høy kvalitet ved hjelp av teknologisk avansert medisinsk avbildningsutstyr, for eksempel CT (computertomografi), MR (magnetresonanstomografi), mobile røntgenmaskiner, ultralyd, nukleærmedisin med PET (positronemisjonstomografi) og SPECT (Single Photon Emission Computed Tomography).",http://data.europa.eu/esco/skill/872c0ddb-f056-4f51-afac-fc3d6fae0f5b,betjene medisinsk utstyr
KnowledgeSkillCompetence,http://data.europa.eu/esco/skill/8dcc1c68-1ebe-412b-b437-cab3c26da509,registrere data fra biomedisinske prøver,released,skill/competence,cross-sector,,"Bruke informasjonsteknologi for å registrere og analysere data fra biomedisinske tester, skrive rapporter om dataene og dele resultater med riktige personer.",http://data.europa.eu/esco/skill/6a7fc30d-af16-4cc5-a957-29d174bdb61c | http://data.europa.eu/esco/skill/561c2525-5bd8-4d86-8f45-820f4be7db93 | http://data.europa.eu/esco/skill/328733a7-6d84-420d-a65c-2a8014fadc60,"innhente, forvalte og lagre data | rapportere testfunn | registrere testdata"
KnowledgeSkillCompetence,http://data.europa.eu/esco/skill/8deb6cb7-15e3-4fd7-a9eb-644c23de95fa,bruke stenografidataprogram,released,skill/competence,cross-sector,,Bruke dataprogramvarer for stenografi for å skrive og oversette stenografi og bruke den i tradisjonelt lesbare avskrifter.,http://data.europa.eu/esco/skill/7df4c2c2-6d09-498d-9ad5-eb4ac6f4db1a | http://data.europa.eu/esco/skill/446a36a5-2376-439f-b46b-4a214ba0acdf,"anvende stenografi | bruke programvare for tekstbehandling, publisering og presentasjon"
KnowledgeSkillCompetence,http://data.europa.eu/esco/skill/8e46491b-7ae4-4add-bb6f-b8854e73c914,vedlikeholde automatisert belysningsutstyr,released,skill/competence,sector-specific,,"Konfigurere, kontrollere og reparere automatisert belysningsutstyr og vedlikeholde programvaren.",http://data.europa.eu/esco/skill/9f436e91-bc51-4d18-a3c7-17c1271e2ed0 | http://data.europa.eu/esco/skill/ec0401f1-f690-46be-934b-f6f5611085f5,"vedlikeholde belysningsutstyr | vedlikeholde elektrisitets-, elektro- og presisjonsutstyr"
KnowledgeSkillCompetence,http://data.europa.eu/esco/skill/8e91c9b3-45de-4db2-91df-138d10031cf0,logge senderavlesninger,released,skill/competence,sector-specific,,"Loggføre senderobservasjoner som kalibreringer av fjernkontrollutstyr, måling av utstyrsytelse, måling av antennefeltstyrke og andre avlesninger.",http://data.europa.eu/esco/skill/be6ab363-3de1-427f-a8ef-85d5b0250822 | http://data.europa.eu/esco/skill/29dcc31e-a8d6-4a62-b3c1-2de81e966e39,rapportere fakta | samle opplysninger fra fysiske eller elektroniske kilder
KnowledgeSkillCompetence,http://data.europa.eu/esco/skill/8ee39fb7-8b46-490e-ae21-6e8b32854dd6,administrere forsendelse av programvaresystemer,released,skill/competence,sector-specific,,"Administrere forsendelsesprogramvare for å gjennomføre oppgaver som å generere arbeidsordre, planlegge ruter og annen virksomhet.",http://data.europa.eu/esco/skill/494b8057-daf5-46a0-b33b-416e0115c30a,bruk av digitale verktøy for å kontrollere maskineriet
KnowledgeSkillCompetence,http://data.europa.eu/esco/skill/8efa6a7a-6556-4cb8-908d-59d3b5c58d2f,skyovervåking og -rapportering,released,knowledge,sector-specific,overvåking og rapportering av cloud computing | skyrapportering | skyovervåking,"Måledata og alarmer som bruker skybaserte overvåkingstjenester, spesielt måledata for ytelse og tilgjengelighet.
	",http://data.europa.eu/esco/skill/bd14968e-e409-45af-b362-3495ed7b10e0 | http://data.europa.eu/esco/isced-f/0612,nettskyteknologier | utvikling og administrasjon av databaser og datanett
KnowledgeSkillCompetence,http://data.europa.eu/esco/skill/8f113113-aa20-48f7-8da1-ac0051505d03,analysere melkekontrolltestresultater,released,skill/competence,occupation-specific,,"Analysere og dokumentere melkekontrolltestresultater basert på faglige standarder og bedriftskrav. Bruke programvare for melketesting, og tolke resultatene.",http://data.europa.eu/esco/skill/ec528c47-65f4-4187-9dc1-5a8889f84a06 | http://data.europa.eu/esco/skill/57231a22-4da7-49c8-97b8-75672feadf1e,analysere forretningsvirksomheter | administrere kvantitative data
KnowledgeSkillCompetence,http://data.europa.eu/esco/skill/8f32e02a-9290-47ab-ad28-6567bfc2f17a,designprosess for blokkjedebaserte systemer,released,skill/competence,sector-specific,design av et blockchain-basert system | designprosess for blockchain-teknologi | designprosess for blockchain-applikasjonsarkitektur,"Design prosesser for blokkjedebaserte systemer som innebærer tydelig identifisering av problemer som skal løses gjennom blokkjede, spesifisere forretningskravene, identifisere en konsensusmekanisme, velge den mest passende blokkjeden-plattformen, designe blokkjedenoder, planlegge konfigurasjonen av blokkjeden, bygge API-er for blokkjede, designe brukergrensesnitt og integrere akseleratorer for optimalisering.
	",http://data.europa.eu/esco/skill/b590d4e5-7c62-4b4a-abc2-c270b482e0ce,designe it-system eller -programvare
KnowledgeSkillCompetence,http://data.europa.eu/esco/skill/8f6ed69b-29d0-4c01-81ba-f05920a185f3,digital kuratering,released,knowledge,occupation-specific,digital forskningskuratering,"Feltet som omhandler å opprettholde, bevare og tilføre verdi til digital forskning.
	",http://data.europa.eu/esco/isced-f/0322,"bibliotek-, arkiv- og informasjonsfag"
KnowledgeSkillCompetence,http://data.europa.eu/esco/skill/8f849584-2326-4e7b-9a3e-d40d7cdb729f,betjene integrert elektronisk togkontrollsenter,released,skill/competence,occupation-specific,,"Betjene integrerte elektroniske kontrollsentre, hvor signalavsendere benytter moderne teknologiske driftssystemer og -utstyr for å kontrollere togets posisjon over lange strekninger med jernbanespor.",http://data.europa.eu/esco/skill/494b8057-daf5-46a0-b33b-416e0115c30a,bruk av digitale verktøy for å kontrollere maskineriet
KnowledgeSkillCompetence,http://data.europa.eu/esco/skill/8fa510d0-a8a6-4932-a361-00f8442cfe23,Wireshark,released,knowledge,sector-specific,,"Wireshark-verktøyet er et verktøy for penetrasjonstesting, som evaluerer sikkerhetssvakheter , analyserer nettverksprotokoller gjennom dyp protokollinspeksjon, direkte oppfanging, visningsfiltre, frakoblet analyse, VoIP-analyse, protokolldekryptering.",http://data.europa.eu/esco/isced-f/0613 | http://data.europa.eu/esco/skill/de586dcf-d7e5-4340-bf5b-d59026f1b436,utvikling og analyse av programvare og dataprogrammer | verktøy for penetrasjonstesting
KnowledgeSkillCompetence,http://data.europa.eu/esco/skill/8fa840f7-e66a-4370-8e6d-7d554260c31c,forutsi fremtidige IKT-nettverksbehov,released,skill/competence,sector-specific,,"Identifisere gjeldende datatrafikk, og anslå hvordan veksten vil påvirke IKT-nettet.",http://data.europa.eu/esco/skill/42fcf80d-7b45-40f3-bd2f-5411c4c0dfa0 | http://data.europa.eu/esco/skill/ec528c47-65f4-4187-9dc1-5a8889f84a06,identifisere teknologiske behov | analysere forretningsvirksomheter
KnowledgeSkillCompetence,http://data.europa.eu/esco/skill/8fb72af6-c2a9-4b12-aaf0-f5dbd4a9db9e,tolke grafiske registreringer fra skinnefeildetekteringsmaskin,released,skill/competence,occupation-specific,,"Lese, analysere og tolke de grafiske registeringene fra skinneinspeksjonsmaskinen for å finne feil eller problemer på skinnene.",http://data.europa.eu/esco/skill/7dd94ad3-13d6-43fe-8b94-51fcbf67ced9 | http://data.europa.eu/esco/skill/d34ed027-4050-4612-b70e-e4242cdbdcc1 | http://data.europa.eu/esco/skill/f2cf57fe-d4cb-4b4a-831d-73171cc73909 | http://data.europa.eu/esco/skill/ea99e1f2-ad03-4bb3-8960-1227fc76bb2a | http://data.europa.eu/esco/skill/21743bbb-e44a-4ad5-bfbe-293405285375,"tenke kritisk | oppdage funksjonssvikt ved jernbanespor | evaluere system, program, utstyr og produkter | tolke grafiske kommunikasjonsgrensesnitt | betjene maskin for å finne feil på skinnegangen"
KnowledgeSkillCompetence,http://data.europa.eu/esco/skill/8ff015a0-98ea-4d80-a23e-1f68110a919e,metoder for programvaredesign,released,knowledge,sector-specific,,"Metoder for eksempel Scrum, V-model og Waterfall for å designe programvaresystemer og programmer.",http://data.europa.eu/esco/isced-f/0613,utvikling og analyse av programvare og dataprogrammer
KnowledgeSkillCompetence,http://data.europa.eu/esco/skill/8ff314a8-57d7-4b8c-bf41-79f9572fedd0,bruke digitale illustrasjonsteknikker,released,skill/competence,sector-specific,,Lage tegninger ved hjelp av digitale illustrasjonsprogrammer og -teknikker.,http://data.europa.eu/esco/skill/b1115b14-fa16-4c1e-be6c-91fd49a1808b,bruke dataassisterte design- og tegneverktøy
KnowledgeSkillCompetence,http://data.europa.eu/esco/skill/90227e81-a1f1-47ae-8e8a-453fb5661f08,bruke 3D-skannere for klær,released,skill/competence,sector-specific,,Bruke forskjellige 3D-kropsskannere og programvarer for å registrere form og størrelse på menneskekroppen for å produsere 3D-kroppsmodeller for å skape avatarer og mannekenger.,http://data.europa.eu/esco/skill/c8f4aad2-ea23-49a2-9708-a6049c2d28ce,bruke presisjonsmåleutstyr
KnowledgeSkillCompetence,http://data.europa.eu/esco/skill/902fb91c-3113-4004-9b4f-79aa86b638b7,sikkerhetstrusler mot nettapplikasjon,released,knowledge,sector-specific,,"Angrepene, vektorene, framvoksende trusler på nettsteder, nettprogrammer og nettjenester, rangering av alvorlighetsgrad, som identifiseres av dedikerte samfunn, f.eks. OWASP.",http://data.europa.eu/esco/isced-f/0611,bruk av datamaskiner
KnowledgeSkillCompetence,http://data.europa.eu/esco/skill/9035afc4-5317-455d-ab60-f32e2ecc6bfc,blokkjedeplattformer,released,knowledge,sector-specific,blockchainøkosystemer,"De forskjellige integrerte infrastrukturene, som hver har sine egne egenskaper, som gjør det mulig å utvikle blokkjedeapplikasjoner. Eksempler er Multichain, Ethereum, Hyperledger, Corda, Ripple, Openchain osv.
	",http://data.europa.eu/esco/isced-f/0613,utvikling og analyse av programvare og dataprogrammer
KnowledgeSkillCompetence,http://data.europa.eu/esco/skill/906323f4-00c4-4c3b-ab5a-8af77be3456e,opprette datasett,released,skill/competence,cross-sector,,"Skape en samling nye eller eksisterende relaterte datasett som består av separate elementer, men som kan håndteres som én enhet.",http://data.europa.eu/esco/skill/4463a721-69f3-413d-8321-43e3af13a4f1 | http://data.europa.eu/esco/skill/32c017fd-28ab-4051-bf68-74de952c2f77,bruke databaser | administrasjon av informasjon
KnowledgeSkillCompetence,http://data.europa.eu/esco/skill/906ef09c-959c-42de-8c65-6e11c73c3570,utføre datamaskinanalyser av geotekniske strukturer,released,skill/competence,sector-specific,,"Bruke spesialiserte digitale databaser, og gjennomføre dataassisterte analyser av geotekniske strukturer.",http://data.europa.eu/esco/skill/6a7fc30d-af16-4cc5-a957-29d174bdb61c,"innhente, forvalte og lagre data"
KnowledgeSkillCompetence,http://data.europa.eu/esco/skill/90be83d9-56f1-46a4-a6bc-96c51f6c9025,anskaffe systemkomponent,released,skill/competence,sector-specific,,"Anskaffe maskinvare, programvare eller nettverkskomponenter som er i samsvar med andre systemkomponenter, for å utvide systemet og utføre nødvendige oppgaver.",http://data.europa.eu/esco/skill/f839b1da-78b6-4466-86f4-a5798821ea20,sette opp datasystem
KnowledgeSkillCompetence,http://data.europa.eu/esco/skill/90f9dc0c-f9c0-45a7-9fb4-20a7e4ca4632,blokkoppgraderinger for luftromssystem,released,knowledge,occupation-specific,,Blokkoppgraderinger for luftromssystem (ASBU) designer et sett med tiltak som kan implementeres for å forbedre funksjonaliteten til ATM-systemet.,http://data.europa.eu/esco/isced-f/1041,transporttjenester
KnowledgeSkillCompetence,http://data.europa.eu/esco/skill/9136cbf1-7916-4f1c-bc9a-0318ee1d6016,menneske-maskin-interaksjon,released,knowledge,sector-specific,,Studiet av atferd og samhandling mellom digitale enheter og mennesker.,http://data.europa.eu/esco/isced-f/0611,bruk av datamaskiner
KnowledgeSkillCompetence,http://data.europa.eu/esco/skill/913e4f09-6b22-4f36-9a32-b4508ec824fe,vedlikeholde projeksjonsutstyr,released,skill/competence,occupation-specific,,"Vedlikeholde, teste og reparere projeksjonsutstyr for å sikre lyd- og bildekvaliteten.",http://data.europa.eu/esco/skill/5033c2fb-ec55-4b8e-b0a4-9379593f1e1c | http://data.europa.eu/esco/skill/ec0401f1-f690-46be-934b-f6f5611085f5,"vedlikeholde utstyr | vedlikeholde elektrisitets-, elektro- og presisjonsutstyr"
KnowledgeSkillCompetence,http://data.europa.eu/esco/skill/913e7e83-b8f8-4574-b1ca-1b38f3fd974a,utføre programvaretester,released,skill/competence,sector-specific,,"Gjennomføre tester for å sikre at et programvareprodukt fungerer problemfritt i henhold til de angitte kundekravene, og identifisere feil og feilfunksjoner i programvare ved hjelp av spesialisert programvareverktøy og testteknikker.
	",http://data.europa.eu/esco/skill/465ff64a-1271-4064-8ed1-e969cb68d8b4 | http://data.europa.eu/esco/skill/ce354460-500e-4eaa-8e95-8f243fcea3db | http://data.europa.eu/esco/skill/5d74614d-32c8-4ca4-9818-6980e52424b1 | http://data.europa.eu/esco/skill/a8c3186b-c791-4d57-8f4f-4d12c7a5c6a7,utføre testkjøring | administrere systemtesting | planlegge programvaretesting | programmering av datasystemer
KnowledgeSkillCompetence,http://data.europa.eu/esco/skill/9156104b-9bcb-4c22-aaa8-02e3e990ebc7,maritim telekommunikasjon,released,knowledge,sector-specific,,"Kunnskap om overføring, kringkasting av utstyr og generell drift av telekommunikasjonssystemer.",http://data.europa.eu/esco/isced-f/0714,elektronikk og automasjon
KnowledgeSkillCompetence,http://data.europa.eu/esco/skill/9190d87f-9792-42e0-bb7f-64294a656bcd,overvåke systemytelse,released,skill/competence,sector-specific,,"Måle systemets pålitelighet og yteevne før, under og etter integrering av komponenter og ved drift og vedlikehold av systemet. Velge og bruke verktøy og teknikker for overvåking, for eksempel spesialprogramvare.",http://data.europa.eu/esco/skill/6d0cad66-82dd-4854-a03a-68232942c68d,installere deler av tre og metall
KnowledgeSkillCompetence,http://data.europa.eu/esco/skill/91aade3a-9427-4e80-998b-29492dcb9ffd,benytte reservoarovervåkning,released,skill/competence,sector-specific,,Forstå og bruke brønn- og reservoarovervåkning og fjernsansingsteknologi; overvåke reservoarnivået og velge ingeniørmessige inngrep ved behov.,http://data.europa.eu/esco/skill/15fa3879-ac0e-46e6-ae36-609bae9c19c3,overvåke driftsaktiviteter
KnowledgeSkillCompetence,http://data.europa.eu/esco/skill/91ba97f5-7518-4638-b2d2-308996db3cf8,utføre bilderedigering,released,skill/competence,cross-sector,,"Redigere ulike typer bilder, for eksempel analoge og digitale fotografier eller illustrasjoner.",http://data.europa.eu/esco/skill/c53a55a1-8b2b-4d2c-b12d-626742a3833a,bruke digitale verktøy for lyd- og bildebehandling
KnowledgeSkillCompetence,http://data.europa.eu/esco/skill/925463a7-d51f-4d5b-9f79-4d28cf30acde,integrert utviklingsmiljøprogramvare,released,knowledge,sector-specific,,"Serien programvareverktøy for utvikling av programvare for skriveprogrammer, f.eks. kompilator, feilsøkingsprogram, koderedigeringsprogram og kodehøydepunkter, samlet i et enhetlig brukergrensesnitt, f.eks. Visual Studio eller Eclipse.",http://data.europa.eu/esco/isced-f/0612,utvikling og administrasjon av databaser og datanett
KnowledgeSkillCompetence,http://data.europa.eu/esco/skill/9295d1c5-8d7d-423e-a6ce-dfbc1d991f88,anvende digital kartlegging,released,skill/competence,cross-sector,,Lage kart ved å formatere innhentede data i et virtuelt bilde som gir en riktig representasjon av et spesifikt område.,http://data.europa.eu/esco/skill/5af49836-2269-46d9-87b9-0d3140c6c22e | http://data.europa.eu/esco/skill/b1115b14-fa16-4c1e-be6c-91fd49a1808b,integrere og gjennomarbeide digitalt innhold på nytt | bruke dataassisterte design- og tegneverktøy
KnowledgeSkillCompetence,http://data.europa.eu/esco/skill/930c5458-9b5d-4438-bef6-fc69c2c08548,overvåke flyenes sensor- og registreringssystemer,released,skill/competence,sector-specific,,Føre tilsyn med montering av luftfartøyets sensorer og registreringssystemer ved flygningstestene for å sikre at de oppfyller de påkrevde dataparameterne.,http://data.europa.eu/esco/skill/6d0cad66-82dd-4854-a03a-68232942c68d,installere deler av tre og metall
KnowledgeSkillCompetence,http://data.europa.eu/esco/skill/933efc5f-a797-4581-8a8b-c08956ff7d58,Grovo,released,knowledge,sector-specific,,"Læringsstyringssystemet Grovo er en e-læringsplattform for å opprette, administrere, organisere, rapportere og levere utdanningskurs og opplæringsprogrammer med e-læring.",http://data.europa.eu/esco/skill/6c80d53c-d8c9-41fe-998f-091fca208834 | http://data.europa.eu/esco/isced-f/0612,læringsstyringssystemer | utvikling og administrasjon av databaser og datanett
KnowledgeSkillCompetence,http://data.europa.eu/esco/skill/93a2f730-d5f6-4604-a25e-a2ee206ea468,gi opplæring i e-læring,released,skill/competence,occupation-specific,,"Gi teknisk opplæring, inkludert hvordan man bruker en e-læringsplattform, kursapper og standarder som SCORM samt e-undervisningsmetoder for læreren eller foreleseren.",http://data.europa.eu/esco/skill/699e7c26-6502-4e78-a823-3656ff5a5b8b | http://data.europa.eu/esco/skill/caede8f1-6658-4d78-9eb4-2ad2c7ebf09b | http://data.europa.eu/esco/skill/e54ff029-1ce9-447d-a5b2-eb7283a23e6e,instruere andre | undervisning og opplæring | lære opp ansatte
KnowledgeSkillCompetence,http://data.europa.eu/esco/skill/93aaf65c-5aad-4e6f-a7ba-ce9bf7c0e6e6,informasjonskategorisering,released,knowledge,sector-specific,,Klassifisere informasjonen i kategorier og vise relasjonene mellom dataene for klart definerte formål.,http://data.europa.eu/esco/isced-f/0322,"bibliotek-, arkiv- og informasjonsfag"
KnowledgeSkillCompetence,http://data.europa.eu/esco/skill/93b22bbf-ece1-4e2d-8d47-0c9392c5a4fd,utvikle blokkjedeteknologi,released,skill/competence,cross-sector,integrere blokkjedeteknologi | integrere blockchain-teknologi | innlemme blockchain-teknologi,"Utvikle og integrere blokkjedeteknologi i nye eller eksisterende IKT-infrastrukturer, og forstå de viktigste utfordringene og løsningstilnærmingene til denne integrasjonen.
	",http://data.europa.eu/esco/skill/f839b1da-78b6-4466-86f4-a5798821ea20,sette opp datasystem
KnowledgeSkillCompetence,http://data.europa.eu/esco/skill/93e65de1-923c-437e-aa5b-e6002967ce71,nettbaserte samarbeidsplattformer,released,knowledge,sector-specific,digitale samarbeidsverktøy | online samarbeidsverktøy | nettbaserte samarbeidsverktøy,"Nettbaserte verktøy som forenkler kommunikasjon og samarbeid mellom internettbrukere i sanntid. Plattformer med en rekke funksjoner opprettet for å lette organisatorisk teamarbeid eller fremme produktiv arbeidsflyt blant andre funksjoner.
	",http://data.europa.eu/esco/isced-f/0612,utvikling og administrasjon av databaser og datanett
KnowledgeSkillCompetence,http://data.europa.eu/esco/skill/945b8655-5577-4c3a-946a-842d4527afa8,digital bildebehandling,released,knowledge,cross-sector,,"De forskjellige aspektene og praksisene ved bildebehandling og -manipulering, slik som bildeinnlegging, aliasing, bildeforbedring, kontrastutstrekking, histogrambehandling og utligning, entallsverdinedbryting, entallsverdiutligning, bølgelagsfiltrering og mange andre.
	",http://data.europa.eu/esco/isced-f/0211,audiovisuell teknikk og medieproduksjon
KnowledgeSkillCompetence,http://data.europa.eu/esco/skill/94758266-bb0f-4e41-bedb-349ecacfaf5c,opprette fraktratedatabaser,released,skill/competence,occupation-specific,,"Utvikle og opprettholde databaser for godstransportmetoder, med henblikk på å fastslå og benytte de mest kostnadseffektive transportmetodene.
	",http://data.europa.eu/esco/skill/4463a721-69f3-413d-8321-43e3af13a4f1 | http://data.europa.eu/esco/skill/0df2e216-68ae-4952-b9dc-3c2f2bc04fe3 | http://data.europa.eu/esco/skill/6a7fc30d-af16-4cc5-a957-29d174bdb61c,"bruke databaser | vedlikeholde freelancedatabase | innhente, forvalte og lagre data"
KnowledgeSkillCompetence,http://data.europa.eu/esco/skill/94dd823c-148e-4614-a6e8-99249b16357d,IKT-prosjektledelse,released,knowledge,sector-specific,,"Metoder for planlegging, implementering, gjennomgåelse og oppfølging av IKT-prosjekter, f.eks. utvikling, integrasjon, endring og salg av IKT-produkter og tjenester samt prosjekter relatert til teknologisk nyskaping på IKT-området.",http://data.europa.eu/esco/isced-f/0413,ledelse og administrasjon
KnowledgeSkillCompetence,http://data.europa.eu/esco/skill/95324ac5-69a5-419b-a877-720b1ee44236,forske på fjernfølingsteknologier,released,skill/competence,occupation-specific,,Gjennomføre forskning for å utvikle nye teknikker og utstyr for ekstern registrering.,http://data.europa.eu/esco/skill/7eafec38-621a-4b6e-9298-bfe70ec0b253,utføre akademiske undersøkelser eller markedsundersøkelser
KnowledgeSkillCompetence,http://data.europa.eu/esco/skill/95c35c3a-035f-47c2-90cf-7e934d20fc08,elektronikk,released,knowledge,cross-sector,,"Virkemåte til elektroniske kretskort, prosessorer, brikker og maskinvare og programvare for datamaskiner, inkludert programmering og programmer. Bruke denne kunnskapen for å sikre at elektronisk utstyr fungerer på en forsvarlig måte.",http://data.europa.eu/esco/isced-f/0714,elektronikk og automasjon
KnowledgeSkillCompetence,http://data.europa.eu/esco/skill/95d84b77-ba94-492f-a1e6-18be13f16cf0,bruke dataassistert oversettelse,released,skill/competence,cross-sector,,"Bruke programvare for datamaskinassistert oversettelse (CAT) for å forenkle oversettelsesprosessene.
	",http://data.europa.eu/esco/skill/98fb499f-9155-412d-a8a0-95ba97126fec,bruke digitale verktøy for samarbeid og produktivitet
KnowledgeSkillCompetence,http://data.europa.eu/esco/skill/966f2fd3-3de6-42da-b87c-da924c6d7960,digitale spillutviklingssystemer,released,knowledge,sector-specific,Gamebryo | Arsys Engine | GoldSrc | Unigine | Clausewitz Engine | NeoAxis Engine | MT Framework | Dunia Engine | RuneTek | M.U.G.E.N | S2Engine HD | Dagor Engine | K2 Engine | videospillmotor | spillmotor | Panda3D | BigWorld | 3D engine | Onyx Engine | UbiArt Framework | RPG Maker | HPL Engine | 3D-motor | 3D MMORPG Game Engine | spillmellomvare | PhyreEngine | videogame engine | digitale spillskapingssystemer | video game engine | Scimitar | ShiVa3D | TGEA | Infinity Engine | game engine | Flare3D | Nebula Device | game middleware | Flixel | Antiryad Gx | digital game creation systems | CPAL3D | Panta Rhei | 4A Engine | flanging,"De integrerte utviklingsmiljøene og spesialiserte designverktøyene, som er designet for rask iterasjon av dataspill som er avledet av brukerne.",http://data.europa.eu/esco/isced-f/0211,audiovisuell teknikk og medieproduksjon
KnowledgeSkillCompetence,http://data.europa.eu/esco/skill/96eb286a-58b7-45ff-a916-5578d0b79b8c,Hurtigapplikasjonsutvikling,released,knowledge,sector-specific,,Hurtigapplikasjonsutviklingsmodellen er en metode for utforming av programvaresystemer og programmer.,http://data.europa.eu/esco/skill/bec4359e-cb92-468f-a997-8fb28e32fba9 | http://data.europa.eu/esco/isced-f/0613,Metoder innen IKT-prosjektledelse | utvikling og analyse av programvare og dataprogrammer
KnowledgeSkillCompetence,http://data.europa.eu/esco/skill/9707091a-323b-4240-877a-5999a19286f0,anvende retningslinjer for IKT-systembruk,released,skill/competence,sector-specific,,Følge skriftlige og etiske lover og retningslinjer med hensyn til riktig IKT-systembruk og -administrasjon.,http://data.europa.eu/esco/skill/802deca0-b880-4d1a-b366-e13b27621baf,følge driftsrutiner
KnowledgeSkillCompetence,http://data.europa.eu/esco/skill/9710092c-f174-4e84-95bf-2064d39ad7a0,administrere innholdsmetadata,released,skill/competence,cross-sector,,"Bruke metoder og prosedyrer for håndtering av innhold for å definere og bruke metadatakonsepter, som skapelsesdata, for å beskrive, organisere og arkivere innhold som dokumenter, video- og lydfiler, applikasjoner og bilder.",http://data.europa.eu/esco/skill/32c017fd-28ab-4051-bf68-74de952c2f77,administrasjon av informasjon
KnowledgeSkillCompetence,http://data.europa.eu/esco/skill/97272b3e-d497-4420-893d-612b15d377d9,e-landbruk,released,knowledge,sector-specific,smart landbruk | informasjons- og kommunikasjonsteknologi i landbruket,"Design og anvendelse av innovative IKT-løsninger innen landbruk, hagebruk, vindyrking, fiskeri, skogbruk og husdyrforvaltning.
	",http://data.europa.eu/esco/isced-f/0811,dyrking av nyttevekster og dyreoppdrett
KnowledgeSkillCompetence,http://data.europa.eu/esco/skill/976455eb-5bbe-4493-ae64-ed16c3b009ea,mobile operativsystemer,released,knowledge,sector-specific,,"Funksjonene, begrensningene, arkitekturen og andre egenskaper ved operativsystemer som er designet for å kjøre på mobile enheter, f.eks. Android eller iOS.",http://data.europa.eu/esco/skill/f9a6f35b-01a7-40c9-8b61-b6ee46f97272 | http://data.europa.eu/esco/isced-f/0613,operativsystemer | utvikling og analyse av programvare og dataprogrammer
KnowledgeSkillCompetence,http://data.europa.eu/esco/skill/978db6a1-7297-4c89-819a-47605f2c3ba8,administrere programvareversjoner,released,skill/competence,occupation-specific,,Undersøke og godkjenne foreslåtte programvareutviklingsversjoner. Håndtere fremtidig versjonsprosess.,http://data.europa.eu/esco/skill/c23e0a2f-f04b-45bc-b0dd-20571f6b502c,utarbeide retningslinjer og rutiner for drift
KnowledgeSkillCompetence,http://data.europa.eu/esco/skill/97965983-0da4-4902-9daf-d5cd2693ef73,3D-modellering,released,knowledge,cross-sector,,"Utvikle en matematisk framstilling av den tredimensjonale overflaten til et objekt via spesialisert programvare. Produktet kalles en 3D-modell. Den kan vises som et todimensjonalt bilde gjennom en prosess som kalles 3D-gjengivelse, eller brukes i datasimulering for fysiske fenomener. Modell kan også lages fysisk ved hjelp av 3D-trykkinnretningene.",http://data.europa.eu/esco/isced-f/0541,matematikk
KnowledgeSkillCompetence,http://data.europa.eu/esco/skill/97bd1c21-66b2-4b7e-ad0f-e3cda590e378,dataanalyse,released,knowledge,cross-sector,,"Vitenskapen om å analysere og ta avgjørelser basert på rådata samlet inn fra ulike kilder. Inkluderer kunnskap om teknikker med algoritmer som oppnår innsikt eller ser trender basert på disse dataene, for å støtte beslutningsprosesser.
	",http://data.europa.eu/esco/isced-f/0612,utvikling og administrasjon av databaser og datanett
KnowledgeSkillCompetence,http://data.europa.eu/esco/skill/97bdd757-29d4-4126-92a6-07608825aa3b,QlikView Expressor,released,knowledge,sector-specific,,"Dataprogrammet QlikView Expressor er et verktøy for integrasjon av informasjon fra flere programmer, opprettet og vedlikeholdt av organisasjoner, til en ensartet og åpen datastruktur, som er utviklet av programvareselskapet Qlik.",http://data.europa.eu/esco/skill/9d0d89be-bffa-4393-b6f6-8d05bea49051 | http://data.europa.eu/esco/isced-f/0612,"verktøy for datautvinning, -transformering og -lasting | utvikling og administrasjon av databaser og datanett"
KnowledgeSkillCompetence,http://data.europa.eu/esco/skill/97fb21db-a4e5-4b03-af21-03b9d510d872,betjene GPS-systemer,released,skill/competence,cross-sector,,Bruke GPS-systemer.,http://data.europa.eu/esco/skill/98fb499f-9155-412d-a8a0-95ba97126fec,bruke digitale verktøy for samarbeid og produktivitet
KnowledgeSkillCompetence,http://data.europa.eu/esco/skill/9889b795-d755-41b2-8afd-2e3c87a65a38,bruke programvare for kunderelasjonsstyring,released,skill/competence,cross-sector,,"Bruke spesialisert programvare for å håndtere selskapets samhandling med eksisterende og framtidige kunder. Organisere, automatisere og synkronisere salg, markedsføring, kundeservice og teknisk støtte for å øke målrettede salg.",http://data.europa.eu/esco/skill/98fb499f-9155-412d-a8a0-95ba97126fec,bruke digitale verktøy for samarbeid og produktivitet
KnowledgeSkillCompetence,http://data.europa.eu/esco/skill/98a1dec3-8138-4f46-a596-5e2a83b884b9,bedriftsanalyse,released,knowledge,sector-specific,analyse av forretningsdata | forretningsdataanalyse,"Disipliner og teknologier for å løse forretningsproblemer gjennom å bruke kvantitative metoder som dataanalyse og statistiske modeller.
	",http://data.europa.eu/esco/isced-f/0542,statistikk
KnowledgeSkillCompetence,http://data.europa.eu/esco/skill/98a57799-0146-4849-a1d2-41021c4b7b8f,sikkerhetsprinsipper for blokkjedeapplikasjoner,released,knowledge,sector-specific,blockchain-sikkerhet | blokkjedesikkerhet | sikkerhetskontroller for blokkjedeapplikasjoner,"De grunnleggende sikkerhetsprinsippene, metodene og kontrollene for blokkjedeapplikasjoner. Identitets- og tilgangsadministrasjon, nøkkelhåndtering, datavern, sikker kommunikasjon, smartkontraktssikkerhet og transaksjonsgodkjenning er inkludert som en del av disse prinsippene.
	",http://data.europa.eu/esco/isced-f/0612,utvikling og administrasjon av databaser og datanett
KnowledgeSkillCompetence,http://data.europa.eu/esco/skill/99207709-d076-4cce-ba38-e90d3bb28806,Resource Description Framework-spørringsspråk,released,knowledge,sector-specific,,"Spørringsspråkene, f.eks. SPARQL, som brukes til å hente og manipulere data, lagret i Resource Description Framework-format (RDF).",http://data.europa.eu/esco/skill/9cf681c7-89ec-470c-b651-7fe03786f586 | http://data.europa.eu/esco/isced-f/0613,spørringsspråk | utvikling og analyse av programvare og dataprogrammer
KnowledgeSkillCompetence,http://data.europa.eu/esco/skill/993b1e23-f2de-4bd8-b33f-f86dde1c8e9d,CoffeeScript,released,knowledge,sector-specific,,"Teknikkene og prinsippene for utvikling av programvare, f.eks. analyse, algoritmer, koding, prøving og utarbeiding av programmeringsparadigmer i CoffeeScript.",http://data.europa.eu/esco/skill/21d2f96d-35f7-4e3f-9745-c533d2dd6e97 | http://data.europa.eu/esco/isced-f/0613,dataprogrammering | utvikling og analyse av programvare og dataprogrammer
KnowledgeSkillCompetence,http://data.europa.eu/esco/skill/9973a5a2-7822-4161-99e9-95c781eb63f8,Objective-C,released,knowledge,sector-specific,Objective-C 2.0 | Object-C | Objective C++ | Obj-C | Smalltalk and C,"Teknikkene og prinsippene for utviklingen av programvare, f.eks. analyse, algoritmer, koding, prøving og utarbeiding av programmeringsparadigmer i Objective-C.",http://data.europa.eu/esco/skill/21d2f96d-35f7-4e3f-9745-c533d2dd6e97 | http://data.europa.eu/esco/isced-f/0613,dataprogrammering | utvikling og analyse av programvare og dataprogrammer
KnowledgeSkillCompetence,http://data.europa.eu/esco/skill/99814cb0-5f6c-4663-99a4-af28b11d5d2f,systemer for helsetjenestedata,released,knowledge,occupation-specific,,Typer systemer som forvalter og opprettholder helsetjenestedata.,http://data.europa.eu/esco/isced-f/0914,medisinsk diagnose- og behandlingsteknologi
KnowledgeSkillCompetence,http://data.europa.eu/esco/skill/9983816d-cc78-4d3f-9e3c-c7baa9ebc77a,datamaskinutstyr,released,knowledge,sector-specific,,"Datamaskiner, eksternt datautstyr, og programvareprodukter som tilbys, og deres funksjoner, egenskaper samt krav i lover og forskrifter.",http://data.europa.eu/esco/skill/d6d3fee7-47e2-47f4-a0ec-6c75f28c6abd | http://data.europa.eu/esco/isced-f/0611,produktforståelse | bruk av datamaskiner
KnowledgeSkillCompetence,http://data.europa.eu/esco/skill/9a35cb50-8106-45f9-8aba-2df99dd6f913,ABBYY FineReader,released,knowledge,sector-specific,,"Dataprogrammet ABBYY FineReader er programvare som elektronisk omdanner trykte og maskinskrevne bilder til maskinkodet tekst, slik at dokumentene kan lagres elektronisk, redigeres og vises digitalt.",http://data.europa.eu/esco/skill/12c82224-6394-4c3c-9831-2a8198ed1274 | http://data.europa.eu/esco/isced-f/0613,programvare for optisk tegngjenkjenning | utvikling og analyse av programvare og dataprogrammer
KnowledgeSkillCompetence,http://data.europa.eu/esco/skill/9a8f5432-fb04-498d-9ba4-a4e1444ff056,spille inn lyd med flere spor,released,skill/competence,sector-specific,,"Spille inn og blande lydsignaler fra forskjellige lydkilder, som en flersporsopptaker.",http://data.europa.eu/esco/skill/8ddcb295-707e-459c-ba6a-66ffb37835c5,betjene audiovisuelt utstyr
KnowledgeSkillCompetence,http://data.europa.eu/esco/skill/9ab0a456-e4f6-4070-a360-46e1009b6c0d,bruke CAE-programvare,released,skill/competence,sector-specific,,"Bruke verktøy for dataassistert teknikk (CAE) til å gjennomføre analyseoppgaver, for eksempel elementmetoden og datastyrt væskedynamikk.",http://data.europa.eu/esco/skill/b1115b14-fa16-4c1e-be6c-91fd49a1808b,bruke dataassisterte design- og tegneverktøy
KnowledgeSkillCompetence,http://data.europa.eu/esco/skill/9b30c8fd-6467-4d16-99e0-32899a9ceec0,legge ut digitalt skriftlig innhold,released,skill/competence,cross-sector,,"Sette opp sider ved å velge størrelser, stiler og sette inn tekst og grafikk i datasystemer.",http://data.europa.eu/esco/skill/9bdf8a77-8524-43da-bac6-d15d22e1b7ed,legge inn og transformere opplysninger
KnowledgeSkillCompetence,http://data.europa.eu/esco/skill/9b9de2a4-d8af-4a7b-933a-a8334ae60067,JavaScript Framework,released,knowledge,sector-specific,,"JavaScript-programvareutviklingsmiljøene som gir bestemte funksjoner og komponenter (for eksempel HTML-genereringsverktløy, støtte for Canvas eller Visual-design) som støtter og veileder utviklingen av nettprogrammer for JavaScript.",http://data.europa.eu/esco/skill/24c200e5-be20-4370-a137-ab53797f3a17 | http://data.europa.eu/esco/isced-f/0612,programvarerammeverk | utvikling og administrasjon av databaser og datanett
KnowledgeSkillCompetence,http://data.europa.eu/esco/skill/9ba355be-f119-42b6-a7d6-52f6ce2e4a3f,utforme kretser ved hjelp av CAD,released,skill/competence,cross-sector,,Lage skisser og designe elektroniske kretser; bruke DAK-programvare (dataassistert konstruksjon) og utstyr.,http://data.europa.eu/esco/skill/b34e2ba1-9080-48c9-9b42-ee9192a4d3f1 | http://data.europa.eu/esco/skill/39fa260c-4f85-48e3-83ce-e292e696c233,bruke CAD-programvare | designe elektriske eller elektroniske system eller utstyr
KnowledgeSkillCompetence,http://data.europa.eu/esco/skill/9ba8fd27-275d-4bad-8c48-f668aa99a578,balansere databaseressurser,released,skill/competence,sector-specific,,"Stabilisere belastningen av og ressursene i en database ved å styre transaksjonskravene, fordele diskplass og sørge for servernes pålitelighet for å redusere kostnader og risiko.",http://data.europa.eu/esco/skill/29fb0fb5-dfc4-4098-ac9b-3a712000f48f | http://data.europa.eu/esco/skill/4463a721-69f3-413d-8321-43e3af13a4f1 | http://data.europa.eu/esco/skill/6a7fc30d-af16-4cc5-a957-29d174bdb61c,"administrere database | bruke databaser | innhente, forvalte og lagre data"
KnowledgeSkillCompetence,http://data.europa.eu/esco/skill/9bb7a97a-1a16-431e-8ea6-ad0f9f59aa0a,kontrollmål for informasjonsteknologi og relatert teknologi,released,knowledge,occupation-specific,,"Risiko- og kontrollrammeverk, f.eks. kontrollmål for informasjonsteknologi og relatert teknologi (COBIT), som støtter beslutninger som er rettet mot å løse skillet mellom forretningsrisiko, krav og tekniske spørsmål.",http://data.europa.eu/esco/isced-f/0322,"bibliotek-, arkiv- og informasjonsfag"
KnowledgeSkillCompetence,http://data.europa.eu/esco/skill/9bc3b9ae-50d8-4a32-857e-8cf8d9b4ba8e,3D-kroppsskanningsteknologier,released,knowledge,sector-specific,,Prinsipper og bruk av teknologi for 3D-kroppsskanning som brukes til å fange opp organers størrelse og form i menneskekroppen.,http://data.europa.eu/esco/isced-f/0914,medisinsk diagnose- og behandlingsteknologi
KnowledgeSkillCompetence,http://data.europa.eu/esco/skill/9bfae677-2b7f-49bf-b7eb-2ade795df734,forberede digital kunst for originalfotografi,released,skill/competence,sector-specific,,"Montere, sette, skanne og produsere digital kunst som er klar til å bli fotografert som originalfotografi.",http://data.europa.eu/esco/skill/c53a55a1-8b2b-4d2c-b12d-626742a3833a,bruke digitale verktøy for lyd- og bildebehandling
KnowledgeSkillCompetence,http://data.europa.eu/esco/skill/9c48a5cc-d4a5-4cef-93f7-504902f35319,id Tech,released,knowledge,sector-specific,,"Spillmotoren id Tech, som består av integrerte utviklingsmiljøer og spesialisert designverktøy, som er designet for rask iterasjon av dataspill som er avledet av brukerne.",http://data.europa.eu/esco/skill/966f2fd3-3de6-42da-b87c-da924c6d7960 | http://data.europa.eu/esco/isced-f/0211,digitale spillutviklingssystemer | audiovisuell teknikk og medieproduksjon
KnowledgeSkillCompetence,http://data.europa.eu/esco/skill/9c6e951f-aa88-4890-983d-e7a6ee49f5bb,planlegge markedsføringskampanje,released,skill/competence,cross-sector,,"Utvikle en metode for å markedsføre et produkt gjennom ulike kanaler, som TV, radio, trykte medier, nettplattformer og sosiale medier, for å formidle og levere verdi til kundene.",http://data.europa.eu/esco/skill/90398aca-82b7-4f56-8e0f-814d949162b4 | http://data.europa.eu/esco/skill/08fd2839-670c-4f16-8024-97437f2035ab | http://data.europa.eu/esco/skill/37272760-957a-4c34-b4f3-780ee285334d,"koordinere markedsføringsplanhandlinger | planlegge markedsstrategi | utvikle økonomi-, virksomhets- og markedsføringsplaner"
KnowledgeSkillCompetence,http://data.europa.eu/esco/skill/9ce52938-fe28-4548-b38d-0c783933e19a,redigere digitale bevegelige bilder,released,skill/competence,sector-specific,,Bruke spesialprogramvare til å redigere videobilder til bruk i en kunstnerisk produksjon.,http://data.europa.eu/esco/skill/8ff314a8-57d7-4b8c-bf41-79f9572fedd0 | http://data.europa.eu/esco/skill/a556a3db-cd48-42a5-825c-f95f6f5ccbfe,bruke digitale illustrasjonsteknikker | skape visuelle utstillinger og dekorasjoner
KnowledgeSkillCompetence,http://data.europa.eu/esco/skill/9ce670ec-318c-4a91-9179-03437db728dc,IKT-programvarespesifikasjoner,released,knowledge,sector-specific,,"Egenskaper, bruken og driften til ulike programvareprodukter, f.eks. dataprogrammer og programvare.",http://data.europa.eu/esco/isced-f/0613,utvikling og analyse av programvare og dataprogrammer
KnowledgeSkillCompetence,http://data.europa.eu/esco/skill/9ce7c497-a019-435b-90ca-27b6889c2cb9,estimere kostnader for installasjon av telekommunikasjonsenheter,released,skill/competence,sector-specific,,"Estimere de samlede installasjonskostnadene for telekommunikasjonsutstyr som modemer, rutere, analoge sentraler, optiske fibre og fastlinjetelefoner.",http://data.europa.eu/esco/skill/e95058a6-e139-42e7-a470-72038a606649 | http://data.europa.eu/esco/skill/cfbde1b6-8e47-4b83-b430-3d5f7f38d69a | http://data.europa.eu/esco/skill/b917784a-d7c9-437c-be6e-0de41067fa62,vurdere økonomisk levedyktighet | vurdere driftskostnader | estimere ressursbehov
KnowledgeSkillCompetence,http://data.europa.eu/esco/skill/9cf681c7-89ec-470c-b651-7fe03786f586,spørringsspråk,released,knowledge,sector-specific,,"Området for standardiserte dataspråk for gjenfinning av informasjon fra en database, og på dokumenter som inneholder nødvendig informasjon.",http://data.europa.eu/esco/isced-f/0613,utvikling og analyse av programvare og dataprogrammer
KnowledgeSkillCompetence,http://data.europa.eu/esco/skill/9d0d89be-bffa-4393-b6f6-8d05bea49051,"verktøy for datautvinning, -transformering og -lasting",released,knowledge,cross-sector,,"Verktøy for integrasjon av informasjon fra flere programmer, opprettet og vedlikeholdt av organisasjoner, inn i en ensartet og åpen datastruktur.",http://data.europa.eu/esco/isced-f/0612,utvikling og administrasjon av databaser og datanett
KnowledgeSkillCompetence,http://data.europa.eu/esco/skill/9d1b08b3-ba1e-41f6-a466-1ac1e62eb5f0,gjennomføre gjennomgang på IKT-kode,released,skill/competence,sector-specific,,"Undersøke og systematisk kontrollere datakildekode for å finne feil i alle trinn i utviklingen, og for å heve den generelle programvarekvaliteten.",http://data.europa.eu/esco/skill/a8c3186b-c791-4d57-8f4f-4d12c7a5c6a7,programmering av datasystemer
KnowledgeSkillCompetence,http://data.europa.eu/esco/skill/9d2e926f-53d9-41f5-98f3-19dfaa687f3f,verktøy for programvarekonfigurasjonsstyring,released,knowledge,sector-specific,,"Programvarene som utfører konfigurasjonsidentifikasjon, kontroll, tilstandsregistrering og revisjon, f.eks. CVS, ClearCase, Subversion, GIT, og TortoiseSVN , administrerer dette.",http://data.europa.eu/esco/isced-f/0613,utvikling og analyse av programvare og dataprogrammer
KnowledgeSkillCompetence,http://data.europa.eu/esco/skill/9d2f77af-4307-4ac5-bc50-a9980cec7e83,utvikle rapporteringsprogramvare,released,skill/competence,occupation-specific,,Utvikle rapporteringsprogramvare og programmer som brukes til å utarbeide rapporter om data.,http://data.europa.eu/esco/skill/a8c3186b-c791-4d57-8f4f-4d12c7a5c6a7,programmering av datasystemer
KnowledgeSkillCompetence,http://data.europa.eu/esco/skill/9dfab993-ecab-4292-9cb2-528a93eb3161,anvende teknikker for habitatsundersøkelse,released,skill/competence,sector-specific,,"Bruke utvalgsstrategier og en rekke teknikker for habitatundersøkelser, for eksempel geografiske informasjonssystemer (GIS), Global Positioning System (GPS), flyfotografier, registre og kart.",http://data.europa.eu/esco/skill/d519fadd-85bf-475f-bf14-c53a0290687d,overvåke miljøforhold
KnowledgeSkillCompetence,http://data.europa.eu/esco/skill/9e06bac6-6b91-48ca-8b7d-c1f48cdecd7c,løse IKT-systemproblemer,released,skill/competence,cross-sector,,"Identifisere mulig funksjonssvikt i komponenter. Overvåke, dokumentere og kommunisere om hendelser. Ta i bruk egnede ressurser med minst mulig nedetid, og ta i bruk egnede diagnoseverktøy.",http://data.europa.eu/esco/skill/334e3e49-fb02-4051-809a-f06adfdc1c40 | http://data.europa.eu/esco/skill/14832d87-2f2f-4895-b290-e4760ebae42a | http://data.europa.eu/esco/skill/0b9968af-72de-470a-98e1-2d19577443fb | http://data.europa.eu/esco/skill/03b9b491-fc9b-4868-914a-bf7cd47b5041,feilsøke | løse tekniske problemer | løse dataproblemer | finne løsninger på problemer
KnowledgeSkillCompetence,http://data.europa.eu/esco/skill/9e14c1d8-72f2-45ba-815d-0d12e12d19fa,lage temakart,released,skill/competence,cross-sector,,"Bruke ulike teknikker, som for eksempel kloropletkart og dasymetriske kart, til å lage temakart med utgangspunkt i stedsspesifikk informasjon ved hjelp av programvare.",http://data.europa.eu/esco/skill/b1115b14-fa16-4c1e-be6c-91fd49a1808b,bruke dataassisterte design- og tegneverktøy
KnowledgeSkillCompetence,http://data.europa.eu/esco/skill/9ecd4016-b9de-480d-8ec3-9881644f0eda,bruke lydmålingsinstrumenter,released,skill/competence,occupation-specific,,"Betjene instrumenter, for eksempel omformere og lydmålere, for å måle støynivåer i et miljø for å hindre støyforurensning.",http://data.europa.eu/esco/skill/c8f4aad2-ea23-49a2-9708-a6049c2d28ce | http://data.europa.eu/esco/skill/b92758d4-4591-4df1-9ceb-f907aa71ebd9,bruke presisjonsmåleutstyr | bruke måleinstrumenter
KnowledgeSkillCompetence,http://data.europa.eu/esco/skill/9ef0f3a0-9ce2-4ef1-a987-0366b5cb2dbe,databaseutviklingsverktøy,released,knowledge,sector-specific,mikrokontrollere | verktøy for databaseutvikling,"Metoder og verktøy som brukes for å opprette logiske og fysiske strukturer for databaser, f.eks. logiske datastrukturer, diagrammer, modellmetoder og enhetsrelasjoner.",http://data.europa.eu/esco/isced-f/0612,utvikling og administrasjon av databaser og datanett
KnowledgeSkillCompetence,http://data.europa.eu/esco/skill/9effa3d7-c0c4-4583-ad94-b496ba5e5f2c,datautvinningsmetoder,released,knowledge,cross-sector,,Datautvinningsteknikker som brukes til å bestemme og analysere relasjonen mellom ulike elementer i økonomi og markedsføring.,http://data.europa.eu/esco/skill/25f0ea33-b4a2-4f31-b7b4-7d20e827b180 | http://data.europa.eu/esco/isced-f/0612,datautvinning | utvikling og administrasjon av databaser og datanett
KnowledgeSkillCompetence,http://data.europa.eu/esco/skill/9faa44df-0821-4f69-8f86-184c799cf44f,HeroEngine,released,knowledge,sector-specific,,"Den skybaserte plattformen for samarbeid i sanntid, som består av integrerte utviklingsmiljøer og spesialisert designverktøy, som er designet for rask iterasjon av dataspill som er avledet av brukerne. 
 ",http://data.europa.eu/esco/skill/966f2fd3-3de6-42da-b87c-da924c6d7960 | http://data.europa.eu/esco/isced-f/0211,digitale spillutviklingssystemer | audiovisuell teknikk og medieproduksjon
KnowledgeSkillCompetence,http://data.europa.eu/esco/skill/9ff9db9d-d14b-426e-83f3-e7449af6c79f,administrere data,released,skill/competence,sector-specific,,"Forvalte alle typer dataressurser gjennom hele livssyklusen ved å utføre dataprofilering, analyse, standardisering, identitetsløsning, rensing, forbedring og revisjon. Sikre at dataene er egnet for formålet ved hjelp av egne IKT-verktøy for å oppfylle kriteriene for datakvalitet.",http://data.europa.eu/esco/skill/32c017fd-28ab-4051-bf68-74de952c2f77,administrasjon av informasjon
KnowledgeSkillCompetence,http://data.europa.eu/esco/skill/a056851d-4a8b-4007-b0f6-8224ca1ec1c2,beregningsorientert lingvistikk,released,knowledge,sector-specific,,Det datavitenskapelige feltet som forsker på modellering av naturlige språk til beregningsorienterte språk og programmeringsspråk.,http://data.europa.eu/esco/skill/810df100-e85a-4c13-b619-34030a75ecc2 | http://data.europa.eu/esco/isced-f/0232,lingvistikk | litteratur og lingvistikk
KnowledgeSkillCompetence,http://data.europa.eu/esco/skill/a06a0d41-10fa-4ba7-a988-e8b5eba966fb,mobilitet som tjeneste,released,knowledge,sector-specific,MaaS,"Levering av mobilitetstjenester gjennom digitale teknologier som gjør det mulig for kundene å planlegge, bestille og betale for reisen sin. Det inkluderer tilbud om delte og bærekraftige mobilitetstjenester, skreddersydd etter brukernes reisebehov og kunnskap om ulike applikasjoner som brukes til dette formålet.
	",http://data.europa.eu/esco/isced-f/1041,transporttjenester
KnowledgeSkillCompetence,http://data.europa.eu/esco/skill/a06aa85f-2879-4a02-a6bd-cd60cdfc3f12,automatisert optisk inspeksjon,released,knowledge,sector-specific,,"Under en automatisk optisk inspeksjon (AOI) undersøkes kretskort (PCB) eller overflatemonterte enheter (SMD) ved hjelp av en maskin for automatisert optisk inspeksjon. Under hver automatisert optisk inspeksjonstest tas en rekke nye bilder med et spesialkamera, og sammenlignes med tidligere monterte kort for å oppdage eventuelle avvik.",http://data.europa.eu/esco/isced-f/0914,medisinsk diagnose- og behandlingsteknologi
KnowledgeSkillCompetence,http://data.europa.eu/esco/skill/a0b6f2b8-0f41-420d-9d7b-942026f83b50,programvare for akvakulturproduksjonsplanlegging,released,knowledge,sector-specific,,De fungerende prinsippene og bruken av en programvare dedikert til planlegging av akvakulturproduksjon.,http://data.europa.eu/esco/skill/5475343c-5e75-415f-b431-17f3c20a347e | http://data.europa.eu/esco/isced-f/0831,bruke programvare for produksjonsplanlegging | fiskeri
KnowledgeSkillCompetence,http://data.europa.eu/esco/skill/a0bf9b9d-e53f-418c-a839-5d99eff718fe,gjennomføre søkemotoroptimalisering,released,skill/competence,cross-sector,,"Gjennomføre optimale markedsføringsundersøkelser og -strategier for søkemotorprosesser, også kjent som søkemotormarkedsføring (SEM), for å øke nettrafikken og nettstedets eksponering.",http://data.europa.eu/esco/skill/258fea29-09db-4918-8235-0d7d529cd31c,"bla gjennom, søke i og filtrere digitale data"
KnowledgeSkillCompetence,http://data.europa.eu/esco/skill/a12057b4-6d11-4a12-ab8e-15a028ef0a6d,samhandle gjennom digitale teknologier,released,skill/competence,cross-sector,,"Samhandle gjennom ulike typer digital teknologi, og forstå relevante metoder for digital kommunikasjon i en gitt sammenheng.",http://data.europa.eu/esco/skill/574257ea-7b64-4100-b7b6-e27c233fe143 | http://data.europa.eu/esco/skill/98fb499f-9155-412d-a8a0-95ba97126fec,digital kommunikasjon og digitalt samarbeid | bruke digitale verktøy for samarbeid og produktivitet
KnowledgeSkillCompetence,http://data.europa.eu/esco/skill/a1388163-462a-4b76-8649-67470ea858a1,søke i databaser,released,skill/competence,cross-sector,,Søke etter informasjon eller mennesker ved hjelp av databaser.,http://data.europa.eu/esco/skill/1d6c7de4-350e-4868-a47b-333b4b0d9650 | http://data.europa.eu/esco/skill/ba93b71b-c433-4a01-8246-ed2daa85a9a2 | http://data.europa.eu/esco/skill/4463a721-69f3-413d-8321-43e3af13a4f1 | http://data.europa.eu/esco/skill/258fea29-09db-4918-8235-0d7d529cd31c,"evaluere data, informasjon og digitalt innhold | foreta søk på nett | bruke databaser | bla gjennom, søke i og filtrere digitale data"
KnowledgeSkillCompetence,http://data.europa.eu/esco/skill/a18b1d91-f0bd-495d-ba8e-d9532f117b89,videospillfunksjonalitet,released,knowledge,cross-sector,,Egenskaper og innsikt i videospill med sikte på å gi råd til kunder i henhold til dette.,http://data.europa.eu/esco/isced-f/0416,engros- og detaljsalg
KnowledgeSkillCompetence,http://data.europa.eu/esco/skill/a283db93-b160-4b6f-9855-4e79806c4674,Project Anarchy,released,knowledge,sector-specific,,"Den mobile spillmotoren, som er et programvarerammeverk som består av integrerte utviklingsmiljøer og spesialisert designverktøy, som er designet for rask iterasjon av dataspill som er avledet av brukerne. 
 ",http://data.europa.eu/esco/skill/966f2fd3-3de6-42da-b87c-da924c6d7960 | http://data.europa.eu/esco/isced-f/0211,digitale spillutviklingssystemer | audiovisuell teknikk og medieproduksjon
KnowledgeSkillCompetence,http://data.europa.eu/esco/skill/a2842c30-be76-4327-9dce-ff56cf830533,utføre scramblingoperasjoner,released,skill/competence,occupation-specific,,"Styre og overvåke luftforsvarets radionett og gjennomføre scramblingoperasjoner eller inntrenging, som innebærer å forstyrre fiendtlige sendinger. Scrambling utføres hovedsakelig på talekommunikasjon og signaler ved hjelp av digitale signalprosessorer (DSP).",http://data.europa.eu/esco/skill/0a88a13f-693a-4dde-b44c-22e6f98fabc6,betjene kommunikasjonsutstyr
KnowledgeSkillCompetence,http://data.europa.eu/esco/skill/a28df07f-976c-4eb4-b29a-06161af39756,bruke datastyrte vedlikeholdsstyringssystemer,released,skill/competence,sector-specific,,Bruke datastyrte vedlikeholdsstyringssystemer (CMMS) for å legge til rette for effektiv oppfølging av arbeidet som er utført i vedlikeholdsanleggene.,http://data.europa.eu/esco/skill/b916d60e-38e9-4241-914a-4e2144bda711 | http://data.europa.eu/esco/skill/c5bc42be-4970-4dce-80e2-af78bae42e84 | http://data.europa.eu/esco/skill/98fb499f-9155-412d-a8a0-95ba97126fec,betjene datakontrollsystemer | administrere vedlikeholdsoperasjoner | bruke digitale verktøy for samarbeid og produktivitet
KnowledgeSkillCompetence,http://data.europa.eu/esco/skill/a2b566b0-1070-47a4-adc8-88839942ce25,hybridkontrollsystemer,released,knowledge,cross-sector,,Kontrollsystemer som inneholder både delsystemer med kontinuerlig dynamikk og delsystemer med diskret dynamikk.,http://data.europa.eu/esco/isced-f/0613,utvikling og analyse av programvare og dataprogrammer
KnowledgeSkillCompetence,http://data.europa.eu/esco/skill/a2b5dcf3-5b6a-453d-876c-cff540c0faf1,CAD-programvare,released,knowledge,cross-sector,,"Den dataassisterte designprogramvaren (CAD) for å opprette, endre, analysere eller optimalisere et design.",http://data.europa.eu/esco/isced-f/0613,utvikling og analyse av programvare og dataprogrammer
KnowledgeSkillCompetence,http://data.europa.eu/esco/skill/a2fef437-6719-47c2-8552-73b9fe81df86,planlegge IKT-kapasitet,released,skill/competence,occupation-specific,,"Planlegge den langsiktige maskinvarekapasiteten, IKT-infrastrukturen, databehandlingsressurser, personale og andre aspekter som trengs for å håndtere endringer i behovet for IKT-produkter og -tjenester.",http://data.europa.eu/esco/skill/2c5cbddf-3393-452f-abb0-8e734d1b61be | http://data.europa.eu/esco/skill/92fc9726-5b5e-439e-a33c-06a8c63fbb9a,planlegge fremtidige kapasitetskrav | tildeling og kontroll av ressurser
KnowledgeSkillCompetence,http://data.europa.eu/esco/skill/a32c2a6d-02ea-42ec-b2b7-66659ce1811c,betjene ekkoloddingsutstyr,released,skill/competence,sector-specific,,Betjene teknologisk utstyr for å måle sjødybden. Beregne og tolke resultater og formidle dem til ledelsen.,http://data.europa.eu/esco/skill/7ca69606-5ffc-4668-ae53-713c1f1612e6,betjene vitenskapelig og laboratorisk utstyr
KnowledgeSkillCompetence,http://data.europa.eu/esco/skill/a35b9b1c-ebfe-41ac-96be-2a7b2ea04670,filbasert arbeidsflyt,released,knowledge,sector-specific,,"Opptak av bevegelige bilder uten bruk av bånd, men ved å lagre disse digitale videoene på optiske film på optiske stasjoner, harddisker og andre digitale lagringsenheter.",http://data.europa.eu/esco/isced-f/0211,audiovisuell teknikk og medieproduksjon
KnowledgeSkillCompetence,http://data.europa.eu/esco/skill/a3882117-5ace-40b3-ad39-014d8b53c835,produsere skannede bilder,released,skill/competence,sector-specific,,"Produsere skannede bilder som oppfyller forskjellige kategorier, og som er fri for potensielle mangler.",http://data.europa.eu/esco/skill/a556a3db-cd48-42a5-825c-f95f6f5ccbfe,skape visuelle utstillinger og dekorasjoner
KnowledgeSkillCompetence,http://data.europa.eu/esco/skill/a3bd38a7-06e4-4e9c-8bbc-75aa36871801,betjene postinformasjonssystemer,released,skill/competence,sector-specific,,Betjene postinformasjonssystemer for å registrere behandling og håndtering av post. Registrere feil og identifisere pakker som ikke er levert. Sørge for at post og småpakker kan spores helt til de leveres til mottakerne.,http://data.europa.eu/esco/skill/1034004c-0347-4765-8794-b65d2c92b379,dokumentering og registrering av informasjon
KnowledgeSkillCompetence,http://data.europa.eu/esco/skill/a3ce2bf7-5562-4639-9b52-fdb4850a3904,Teknikker for IKT-problemadministrering,released,knowledge,sector-specific,,Teknikker som er knyttet til identifisering av løsninger på de grunnleggende årsakene til IKT-hendelser.,http://data.europa.eu/esco/isced-f/0611,bruk av datamaskiner
KnowledgeSkillCompetence,http://data.europa.eu/esco/skill/a3e7ebba-5183-4df8-9203-35b9b9b8f4fa,innhente kundedata,released,skill/competence,sector-specific,,"Innhente kundedata som kontaktopplysninger, betalings- eller faktureringsopplysninger; samle opplysninger for å fastslå kjøpshistorikk.",http://data.europa.eu/esco/skill/29dcc31e-a8d6-4a62-b3c1-2de81e966e39,samle opplysninger fra fysiske eller elektroniske kilder
KnowledgeSkillCompetence,http://data.europa.eu/esco/skill/a4346013-a967-4a58-a533-6b32ad1364c5,databeskyttelse,released,knowledge,sector-specific,,"Prinsipper, etiske spørsmål, regelverk og protokoller for vern av personopplysninger.",http://data.europa.eu/esco/isced-f/0612,utvikling og administrasjon av databaser og datanett
KnowledgeSkillCompetence,http://data.europa.eu/esco/skill/a46743b7-ff8c-49b6-99f7-7fa5bc241771,bruke elektroniske pasientjournaler innen sykepleie,released,skill/competence,sector-specific,,"Bruke elektroniske journaler for å dokumentere sykepleievurdering, diagnose, intervensjoner og utfall basert på sammenlignbare ordninger for klassifisering av sykepleie og sykepleietaksonomi.",http://data.europa.eu/esco/skill/4463a721-69f3-413d-8321-43e3af13a4f1 | http://data.europa.eu/esco/skill/6a7fc30d-af16-4cc5-a957-29d174bdb61c,"bruke databaser | innhente, forvalte og lagre data"
KnowledgeSkillCompetence,http://data.europa.eu/esco/skill/a47d194d-0ffd-4aaa-b695-fbbe0255000e,designe informasjonssystem,released,skill/competence,sector-specific,,"Definere arkitektur, sammensetning, komponenter, moduler, grensesnitt og data for integrerte informasjonssystemer (maskinvare, programvare og nett), basert på systemkrav og spesifikasjoner.",http://data.europa.eu/esco/skill/b590d4e5-7c62-4b4a-abc2-c270b482e0ce,designe it-system eller -programvare
KnowledgeSkillCompetence,http://data.europa.eu/esco/skill/a4881e54-6055-4e61-855a-0a56ced7cfa3,vurdering av internettstrategi,released,knowledge,sector-specific,analyse av nettstrategi | vurdering av tilstedeværelse på nettet | vurdering på nett,"Teknikker for å utføre en grundig analyse av et selskaps tilstedeværelse på internett.
	",http://data.europa.eu/esco/isced-f/0414,markedsføring og reklame
KnowledgeSkillCompetence,http://data.europa.eu/esco/skill/a48e97cc-9240-46e3-b62d-a6935f132bea,finne fossiler,released,skill/competence,occupation-specific,,"Fastslå hvor fossiler ligger, ved hjelp av radarskannere og annet utstyr.",http://data.europa.eu/esco/skill/7ca69606-5ffc-4668-ae53-713c1f1612e6,betjene vitenskapelig og laboratorisk utstyr
KnowledgeSkillCompetence,http://data.europa.eu/esco/skill/a4a882a1-0263-4dd2-b29a-f0028cac2393,definere integreringsstrategi,released,skill/competence,sector-specific,,"Spesifisere strategier for systemintegrasjon, innarbeiding av tidsplan, prosessene som kreves for å integrere komponenter i delsystemer og systemer, måten komponentene kommuniserer på, samt risikoene forbundet med integrasjonen.",http://data.europa.eu/esco/skill/248894d1-42dc-474f-af6e-2da52ac0c679 | http://data.europa.eu/esco/skill/b590d4e5-7c62-4b4a-abc2-c270b482e0ce,definere teknologistrategi | designe it-system eller -programvare
KnowledgeSkillCompetence,http://data.europa.eu/esco/skill/a4bead49-86a0-4849-8b6a-77cdcc157808,produsentens instruksjoner for lyd- og bildeutstyr,released,knowledge,sector-specific,,"Produsentens anvisninger for å installere lyd- og videoutstyr, som angitt i bruksanvisningen.",http://data.europa.eu/esco/isced-f/0211,audiovisuell teknikk og medieproduksjon
KnowledgeSkillCompetence,http://data.europa.eu/esco/skill/a4c2aa71-086f-4a46-b481-2619673c9dfe,gjennomføre forskning på IKT-brukeres aktiviteter,released,skill/competence,sector-specific,,"Utføre forskningsoppgaver, som rekruttering av deltakere, planlegging av oppgaver, innsamling av empiriske data, dataanalyse og produksjon av materiale for å vurdere hvordan brukerne bruker et IKT-system, et program eller en app.",http://data.europa.eu/esco/skill/ddfe79e2-c2e3-4ba7-9bdf-3820b4f75b54 | http://data.europa.eu/esco/skill/8fde007e-ea4c-48c2-84c5-752834acd31d,"identifisere IKT-brukerbehov | gjennomføring av studier, undersøkelser og eksamener"
KnowledgeSkillCompetence,http://data.europa.eu/esco/skill/a4d336a6-9ffd-402a-91cc-f359716ba4e0,ML (dataprogrammering),released,knowledge,sector-specific,,"Teknikker og prinsipper for utvikling av programvare, f.eks. analyse, algoritmer, koding, testing og kompilering av programmeringsparadigmer i ML.",http://data.europa.eu/esco/skill/21d2f96d-35f7-4e3f-9745-c533d2dd6e97 | http://data.europa.eu/esco/isced-f/0613,dataprogrammering | utvikling og analyse av programvare og dataprogrammer
KnowledgeSkillCompetence,http://data.europa.eu/esco/skill/a4e31589-3632-4926-91d0-15b889c90b9b,IBM WebSphere,released,knowledge,sector-specific,,Programserveren IBM WebSphere tilbyr fleksible og sikre Java EE-kjøretidsmiljøer som støtter programinfrastruktur og distribusjoner.,http://data.europa.eu/esco/isced-f/0613 | http://data.europa.eu/esco/skill/69bbd53f-fbb0-4476-b4b2-ef7844464e28,utvikling og analyse av programvare og dataprogrammer | nettprogrammering
KnowledgeSkillCompetence,http://data.europa.eu/esco/skill/a4ec696c-ac73-4bd5-8a3c-09a783cf3944,bruke gruveplanleggingsprogramvare,released,skill/competence,sector-specific,,"Bruk spesialisert programvare til å planlegge, designe og modellere gruvedrift.",http://data.europa.eu/esco/skill/5475343c-5e75-415f-b431-17f3c20a347e | http://data.europa.eu/esco/skill/b1115b14-fa16-4c1e-be6c-91fd49a1808b,bruke programvare for produksjonsplanlegging | bruke dataassisterte design- og tegneverktøy
KnowledgeSkillCompetence,http://data.europa.eu/esco/skill/a50c6a0a-5171-4be6-aa2b-50fe4d025d45,lage 3D CAD-fottøyprototyper,released,skill/competence,sector-specific,,"Kunne lese og forstå de visuelle elementene og de tekniske konstruksjonsspesifikasjonene fra håndtegnede eller datamaskintegnede skisser, bilder og tegninger. Digitalisere eller skanne lestene. Lage design med utgangspunkt i lestens form i henhold til kundens krav til mål. Utføre 3D-modellering av fottøy ved hjelp av ulike funksjoner i CAD-programvaren, som f.eks. produksjon, manipulering og testing av virtuelle bilder for dataassistert kunstnerisk og teknisk design av fottøy i 3D. Produsere alternative design og utvikle virtuelle modeller og kolleksjoner. Lage presentasjonstavler og kataloger.",http://data.europa.eu/esco/skill/b34e2ba1-9080-48c9-9b42-ee9192a4d3f1 | http://data.europa.eu/esco/skill/b1115b14-fa16-4c1e-be6c-91fd49a1808b,bruke CAD-programvare | bruke dataassisterte design- og tegneverktøy
KnowledgeSkillCompetence,http://data.europa.eu/esco/skill/a520b743-8f40-43ac-a2d5-755899120844,lydteknologi,released,knowledge,cross-sector,,"Ulike typer teknologier for produksjon, opptak og gjengivelse av lyd.",http://data.europa.eu/esco/isced-f/0211,audiovisuell teknikk og medieproduksjon
KnowledgeSkillCompetence,http://data.europa.eu/esco/skill/a521903b-aa32-4954-9790-961b0df1261f,ubemannede luftsystemer,released,knowledge,sector-specific,,Systemene som brukes til å fjernkontrollere ubemannede luftfartøyer ved hjelp av datamaskiner om bord eller av en pilot på bakken eller i luften.,http://data.europa.eu/esco/isced-f/0714,elektronikk og automasjon
KnowledgeSkillCompetence,http://data.europa.eu/esco/skill/a56dec32-05ef-45de-a256-ee6741f356db,informasjonskonfidensialitet,released,knowledge,sector-specific,,"Mekanismene og regelverket som gjør det mulig med selektiv tilgangskontroll og garanti for at bare autoriserte parter (personer, prosesser, systemer og enheter) har tilgang til data, måten konfidensiell informasjon overholdes på og risikoen ved manglende overholdelse.",http://data.europa.eu/esco/skill/e37d64dc-0f05-4ee8-b065-bf76f70d8f5c | http://data.europa.eu/esco/isced-f/0612,overholde taushetsplikt | utvikling og administrasjon av databaser og datanett
KnowledgeSkillCompetence,http://data.europa.eu/esco/skill/a571ae14-3e16-4fd3-a615-5646e0b0b696,inspisere data,released,skill/competence,cross-sector,,"Analysere, transformere og modellere data for å finne nyttig informasjon og støtte beslutninger.",http://data.europa.eu/esco/skill/1d6c7de4-350e-4868-a47b-333b4b0d9650 | http://data.europa.eu/esco/skill/1f2950c0-ef1e-44b4-9a55-125ccd7b78af,"evaluere data, informasjon og digitalt innhold | analyse og evaluering av informasjon og data"
KnowledgeSkillCompetence,http://data.europa.eu/esco/skill/a572fd00-6735-428b-9fb1-fd2bf6262b21,overvåke online-konkurrenter,released,skill/competence,occupation-specific,,"Følge med på aktivitetene til selskaper i samme bransje, som tilbyr lignende produkter eller tjenester på nett.",http://data.europa.eu/esco/skill/5c2d5780-23ed-4372-bb8d-c1846ee404ae,overvåke finansielle og økonomiske ressurser og aktiviteter
KnowledgeSkillCompetence,http://data.europa.eu/esco/skill/a57a54b6-2f2e-43e4-9621-b52f4a63cb08,LDAP,released,knowledge,sector-specific,,Dataspråket LDAP er et spørringsspråk for innhenting av informasjon fra en database og dokumenter som inneholder nødvendige opplysninger.,http://data.europa.eu/esco/skill/9cf681c7-89ec-470c-b651-7fe03786f586 | http://data.europa.eu/esco/isced-f/0613,spørringsspråk | utvikling og analyse av programvare og dataprogrammer
KnowledgeSkillCompetence,http://data.europa.eu/esco/skill/a59708e3-e654-4e37-8b8a-741c3b756eee,multimediesystemer,released,knowledge,cross-sector,,"Metoder, framgangsmåter og teknikker som gjelder driften av multimediesystemer, vanligvis en kombinasjon av programvare og maskinvare, og som inneholder ulike typer medier, f.eks. video og lyd.",http://data.europa.eu/esco/isced-f/0211,audiovisuell teknikk og medieproduksjon
KnowledgeSkillCompetence,http://data.europa.eu/esco/skill/a6532ae5-efc4-4ca4-b172-c11471940d09,elektronisk virksomhet,released,knowledge,sector-specific,e-virksomhet | e-business,"Enhver forretningsprosess som implementeres gjennom et datamediert nettverk. Hovedsakelig handler det om bruk av nettet, internett og intranett for å drive virksomhet. Den omhandler blant annet forretningsprosesser som kundehåndtering og forsyningskjedestyring.
	",http://data.europa.eu/esco/isced-f/068,tverrfaglige programmer og kvalifikasjoner innen informasjons- og kommunikasjonsteknologi (ikt)
KnowledgeSkillCompetence,http://data.europa.eu/esco/skill/a71577b2-7550-4222-88ee-dcbd2d881516,programvare for redigering av grafikk,released,knowledge,sector-specific,GraphicConverter | Phatch | Adobe Photoshop Elements | IrfanView | GIMPshop | sK1 | Chasys Draw IES | Corel Photo-Paint | Sodipodi | Color It! | CinePaint | PhotoPerfect | Macromedia FreeHand | Fotografix | Pixia | Tux Paint | UFRaw | PMview | FastStone Image Viewer | Apache OpenOffice Draw | PhotoScape | Paint.NET | TVPaint | PixBuilder Photo Editor | SVG-edit | OmniGraffle | Darktable | Autodesk SketchBook Pro | Swift 3D | Zoner Photo Studio | Photogenics | QFX | ArtRage | GimPhoto | Corel Painter Essentials | Pixlr.com | Fatpaint | Pixelmator | Iridient Developer | Rawstudio | ACD Canvas | DigiKam | KolourPaint | Xara Xtreme LX | Shotwell | Project Dogwaffle | F-Spot | GraphicsMagick | CodedColor | cosmigo Pro Motion | Unified Color HDR PhotoStudio | Inkscape | Ulead PhotoImpact | XnView | LView Pro | vector graphics editor | G'MIC | Erdas Imagine | RawTherapee | ArcSoft PhotoImpression | LibreOffice Draw | Serif Photoplus | Picasa | Embroidermodder | NeoPaint | LazPaint | Serif DrawPlus | SAILightZone | GrafX2 | Pictor Paint | Balsamiq | Ability Photopaint | Photo Mechanic | XPaint | Xara Photo & Graphic Designer | PicMonkey | ImageMagick,"Området for grafiske IKT-verktøy som muliggjør digital redigering og sammensetning av grafikk, f.eks. GIMP, Adobe Photoshop og Adobe Illustrator for å utvikle både 2D-rastergrafikk og 2D-vektorgrafikk.",http://data.europa.eu/esco/skill/9ce670ec-318c-4a91-9179-03437db728dc | http://data.europa.eu/esco/skill/f058bf62-70d1-4f5e-be2a-8b26fac24a96 | http://data.europa.eu/esco/isced-f/0611,IKT-programvarespesifikasjoner | designgrafikk | bruk av datamaskiner
KnowledgeSkillCompetence,http://data.europa.eu/esco/skill/a72408af-b488-4ad4-801b-bbf16f7a7b57,installere persiennedrivsystemer,released,skill/competence,sector-specific,,"Installere mekaniske og elektriske persiennedrivsystemer, f.eks. sveiver og rørmotorer. Om nødvendig installere og koble til datastyringssystemer som fjernkontroller, sol- og vindsensorer.",http://data.europa.eu/esco/skill/a7065828-10aa-4aba-b7d4-f23a30df5060,"installere og reparere elektrisitets-, elektro- og presisjonsutstyr"
KnowledgeSkillCompetence,http://data.europa.eu/esco/skill/a7242a8d-3762-42b7-b430-3369351bbd7d,fargegradere bilder digitalt,released,skill/competence,sector-specific,,Bruk en skanneenhet til å skanne filmnegativer for å finjustere dem digitalt med bilderedigeringsprogramvare.,http://data.europa.eu/esco/skill/9ce52938-fe28-4548-b38d-0c783933e19a | http://data.europa.eu/esco/skill/c53a55a1-8b2b-4d2c-b12d-626742a3833a,redigere digitale bevegelige bilder | bruke digitale verktøy for lyd- og bildebehandling
KnowledgeSkillCompetence,http://data.europa.eu/esco/skill/a7723f06-53c3-4228-9fd0-1952ea1d7391,Havok Vision,released,knowledge,sector-specific,,"Spillmotoren som består av integrerte utviklingsmiljøer og spesialisert designverktøy, som er designet for rask iterasjon av dataspill som er avledet av brukerne. 
 ",http://data.europa.eu/esco/skill/966f2fd3-3de6-42da-b87c-da924c6d7960 | http://data.europa.eu/esco/isced-f/0211,digitale spillutviklingssystemer | audiovisuell teknikk og medieproduksjon
KnowledgeSkillCompetence,http://data.europa.eu/esco/skill/a7a14be2-78b5-4b4a-ba77-2658285e2756,anvende omvendt utvikling,released,skill/competence,sector-specific,,"Bruke teknikker for få informasjon ut av eller dekonstruere IKT-komponenter, -programmer eller -systemer for å analysere, korrigere og rekonstruere eller reprodusere disse.",http://data.europa.eu/esco/skill/a8c3186b-c791-4d57-8f4f-4d12c7a5c6a7,programmering av datasystemer
KnowledgeSkillCompetence,http://data.europa.eu/esco/skill/a7f0fbe0-c546-4f30-8e41-34a58c64567e,datalagring,released,knowledge,sector-specific,filhostingtjeneste | filvertstjeneste,"De fysiske og tekniske begrepene for hvordan digital datalagring er organisert i bestemte skjemaer, både lokalt, f.eks. harddisker og random-access memory (RAM), og eksternt, via nettverk, Internett eller sky.",http://data.europa.eu/esco/isced-f/0612,utvikling og administrasjon av databaser og datanett
KnowledgeSkillCompetence,http://data.europa.eu/esco/skill/a800a15c-2d1b-4151-8bf3-b21d47f709a1,utvikle nettsamfunnsplan,released,skill/competence,sector-specific,,"Planlegge nettsamfunnets vekst, øke bruken, beholde nye brukere og øke brukerens deltakelse.",http://data.europa.eu/esco/skill/52e3507b-1cad-409f-9146-3c5e2afe7df9 | http://data.europa.eu/esco/skill/b590d4e5-7c62-4b4a-abc2-c270b482e0ce,administrere online kommunikasjon | designe it-system eller -programvare
KnowledgeSkillCompetence,http://data.europa.eu/esco/skill/a80fb090-63f4-4b05-83a5-2f090deb7757,administrere datainnsamlingssystemer,released,skill/competence,sector-specific,,"Utvikle og håndtere metoder og strategier som brukes for å oppnå best mulig datakvalitet og statistisk effektivitet ved innsamling av data, for å sikre at de innsamlede dataene er optimalisert for videre behandling.",http://data.europa.eu/esco/skill/9ff9db9d-d14b-426e-83f3-e7449af6c79f | http://data.europa.eu/esco/skill/79e29b8b-47d1-470d-b7b1-32506bfe7d9a | http://data.europa.eu/esco/skill/32c017fd-28ab-4051-bf68-74de952c2f77,administrere data | samle inn IKT-data | administrasjon av informasjon
KnowledgeSkillCompetence,http://data.europa.eu/esco/skill/a87c1c42-8927-4183-97c7-a17554c22b29,Litmos,released,knowledge,sector-specific,,"Dataprogrammet Litmos er en e-læringsplattform for å opprette, administrere, organisere, rapportere og levere utdanningskurs og opplæringsprogrammer med e-læring. Det er utviklet av programvareselskapet CallidusCloud.",http://data.europa.eu/esco/skill/6c80d53c-d8c9-41fe-998f-091fca208834 | http://data.europa.eu/esco/isced-f/0612,læringsstyringssystemer | utvikling og administrasjon av databaser og datanett
KnowledgeSkillCompetence,http://data.europa.eu/esco/skill/a88da605-095f-4a4f-be1c-d1444df8228a,digitale medier,released,knowledge,cross-sector,digitale lydmedier | digitale videomedier,"Settet med medier som overføres via elektroniske enheter.
	",http://data.europa.eu/esco/isced-f/0211,audiovisuell teknikk og medieproduksjon
KnowledgeSkillCompetence,http://data.europa.eu/esco/skill/a8d07b5a-c1a1-42c6-9d53-db9c7a2ca996,PostgreSQL,released,knowledge,sector-specific,,"Dataprogrammet PostgreSQL er et gratis programvareverktøy med åpen kildekode for oppretting, oppdatering og administrering av databaser som er utviklet av PostgreSQL Global Development Group.",http://data.europa.eu/esco/skill/ab1e97ed-2319-4293-a8b7-072d2648822f | http://data.europa.eu/esco/isced-f/0612,systemer for databaseadministrering | utvikling og administrasjon av databaser og datanett
KnowledgeSkillCompetence,http://data.europa.eu/esco/skill/a91732ce-988e-4105-9570-f425c6ffdc82,immaterielle rettigheter for digitalt innhold,released,knowledge,cross-sector,,"Opphavsretts- og lisensbestemmelser som gjelder for data, informasjon og digitalt innhold.
	",http://data.europa.eu/esco/skill/f5369f2f-e52b-43d8-8d31-79a6c11188d8 | http://data.europa.eu/esco/isced-f/0211,opprettelse av digitalt innhold | audiovisuell teknikk og medieproduksjon
KnowledgeSkillCompetence,http://data.europa.eu/esco/skill/a9622bbb-3a6f-4819-a3fe-cd6a447a78e9,Sakai,released,knowledge,sector-specific,,"Dataprogrammet Sakai er en e-læringsplattform for å opprette, administrere, organisere, rapportere og levere utdanningskurs og opplæringsprogrammer med e-læring. Det er utviklet av programvareselskapet Apereo.",http://data.europa.eu/esco/skill/6c80d53c-d8c9-41fe-998f-091fca208834 | http://data.europa.eu/esco/isced-f/0612,læringsstyringssystemer | utvikling og administrasjon av databaser og datanett
KnowledgeSkillCompetence,http://data.europa.eu/esco/skill/a96dea4e-1c76-4808-8f18-3ce662ff82cb,spesifisere digitale spillscener,released,skill/competence,occupation-specific,,"Beskrive scener i digitale spill ved å kommunisere og samarbeide med kunstnere, designere og artister for å definere omfanget av spillets virtuelle omgivelser.",http://data.europa.eu/esco/skill/b590d4e5-7c62-4b4a-abc2-c270b482e0ce,designe it-system eller -programvare
KnowledgeSkillCompetence,http://data.europa.eu/esco/skill/a9b68e58-766a-403d-b5fe-955b57bdad1b,betjene elektroniske måleinstrumenter,released,skill/competence,sector-specific,,"Betjene ulike innretninger for å måle elektroniske karakteristika for systemkomponenter, for eksempel optiske effektmålere, fibereffektmålere, digitale effektmålere og multimetere.",http://data.europa.eu/esco/skill/c8f4aad2-ea23-49a2-9708-a6049c2d28ce | http://data.europa.eu/esco/skill/cb1a2fbf-242d-4a4e-a466-588378f124c1 | http://data.europa.eu/esco/skill/b92758d4-4591-4df1-9ceb-f907aa71ebd9,bruke presisjonsmåleutstyr | betjene vitenskapelig måleutstyr | bruke måleinstrumenter
KnowledgeSkillCompetence,http://data.europa.eu/esco/skill/a9d2af37-f208-4ce8-8cc2-24de0b02b555,analysere stresstoleransen til materialer,released,skill/competence,cross-sector,,"Analysere materialers evne til å tåle belastninger basert på temperatur, last, bevegelse, vibrasjon og andre faktorer ved hjelp av matematiske formler og datasimuleringer.",http://data.europa.eu/esco/skill/d2e8f452-ac19-4eed-b984-8f55d2a5b763 | http://data.europa.eu/esco/skill/a93011ca-e6ab-4182-8a05-4d4b282cff27,teste og analysere stoffer | kontrollere kvaliteten på råmaterialer
KnowledgeSkillCompetence,http://data.europa.eu/esco/skill/a9dc215e-4e26-4ac0-b1e8-a721a88af813,gjennomføre konverteringstesting,released,skill/competence,occupation-specific,,"Planlegge, utføre og måle konverteringstester og eksperimenter for å teste muligheten for å konvertere ett dataformat til et annet.
	",http://data.europa.eu/esco/skill/913e7e83-b8f8-4574-b1ca-1b38f3fd974a | http://data.europa.eu/esco/skill/f839b1da-78b6-4466-86f4-a5798821ea20,utføre programvaretester | sette opp datasystem
KnowledgeSkillCompetence,http://data.europa.eu/esco/skill/aa0d8201-5a8e-417f-81f4-c04601139582,digitalisering,released,knowledge,cross-sector,digital muliggjøring | digital aktivering,"Prosessen med å transformere et objekt fra sin analogiske form til et digitalt format. Det skaper en digital representasjon av objektet uten å gjøre endringer i den.
	",http://data.europa.eu/esco/isced-f/0322,"bibliotek-, arkiv- og informasjonsfag"
KnowledgeSkillCompetence,http://data.europa.eu/esco/skill/ab1e97ed-2319-4293-a8b7-072d2648822f,systemer for databaseadministrering,released,knowledge,sector-specific,,"Verktøy for å opprette, oppdatere og administrere databaser, f.eks. Oracle, MySQL og Microsoft SQL Server.",http://data.europa.eu/esco/isced-f/0612,utvikling og administrasjon av databaser og datanett
KnowledgeSkillCompetence,http://data.europa.eu/esco/skill/ab20726a-14dd-4536-9aa1-6166bc1a5832,vurdere kostnader for programvareprodukter,released,skill/competence,occupation-specific,,"Bruke metoder og teknikker for å estimere og vurdere kostnadene for programvareprodukter gjennom hele livssyklusen, herunder utviklings- og ervervskostnader, vedlikeholdskostnader, innbakte kvalitetskostnader – kostnader knyttet til overholdelse og avvik.",http://data.europa.eu/esco/skill/19ba11f3-9c99-41fd-a7c9-f77e6a026186 | http://data.europa.eu/esco/skill/f2cf57fe-d4cb-4b4a-831d-73171cc73909,"utføre beregninger | evaluere system, program, utstyr og produkter"
KnowledgeSkillCompetence,http://data.europa.eu/esco/skill/ab49f767-296b-47d5-af56-0b4a69515b03,vedlikeholde IKT-identitetsadministrering,released,skill/competence,sector-specific,,"Forvalte identifisering, autentisering og godkjenning av enkeltpersoner i et system og kontrollere deres tilgang til ressurser ved hjelp av brukerrettigheter og -begrensninger.",http://data.europa.eu/esco/skill/e67fd42d-25f1-4124-b0be-3b1e3bfdd70c,verifisere identiteter og dokumentasjon
KnowledgeSkillCompetence,http://data.europa.eu/esco/skill/ab67fbfb-0ca7-4345-8bf6-af8f59480212,utforme spesifikasjoner for databasegjenoppretting,released,skill/competence,sector-specific,,"Spesifisere prosedyrene som skal utføres på databaser, som sikrer kopiering og arkivering av data for mulig gjenoppretting i tilfelle datatap.",http://data.europa.eu/esco/skill/b590d4e5-7c62-4b4a-abc2-c270b482e0ce,designe it-system eller -programvare
KnowledgeSkillCompetence,http://data.europa.eu/esco/skill/aba363e7-07ec-4eb2-a89e-bcba397c25ab,betjene digitale skrivere,released,skill/competence,sector-specific,,"Håndtere blekk- og laserskrivere slik at brukeren enkelt kan skrive ut dokumenter. Laste ned eller skrive ut digitale filer til den digitale trykkemaskinen ved hjelp av riktig maskin og innstillinger for nedlasting slik at de riktige skrifttypene og substratene brukes, og slik at resultatet oppfyller spesifikasjonene og ønsket kvalitetsstandard.",http://data.europa.eu/esco/skill/b769f524-0f25-44d7-8538-5c46710a040e | http://data.europa.eu/esco/skill/6b2f8802-0cbf-436e-a37f-ca55ede41bbc | http://data.europa.eu/esco/skill/494b8057-daf5-46a0-b33b-416e0115c30a,administrere digitale dokumenter | bruke digital maskinvare | bruk av digitale verktøy for å kontrollere maskineriet
KnowledgeSkillCompetence,http://data.europa.eu/esco/skill/abdc7ac8-151f-40c6-bc1a-1e9b4b073290,utvidet virkelighet,released,knowledge,cross-sector,,"Prosessen med å legge til forskjellig digitalt innhold (for eksempel bilder, 3D-objekter osv.) på overflater som finnes i den virkelige verden. Brukeren kan samhandle i sanntid med teknologien ved å bruke enheter som mobiltelefoner.
	",http://data.europa.eu/esco/isced-f/0619,ikke annetsteds klassifisert informasjons- og kommunikasjonsteknologi
KnowledgeSkillCompetence,http://data.europa.eu/esco/skill/ac516e9b-8bfa-4b72-8e3e-340b0a3a51d5,administrere innholdsutviklingsprosjekter,released,skill/competence,sector-specific,,"Planlegge og gjennomføre opprettelse, levering og administrasjon av digitalt eller trykt innhold, utvikle et system som beskriver hele utviklings- og publiseringsprosessen for det redaksjonelle innholdet og bruke IKT-verktøy til hjelp i prosessen.",http://data.europa.eu/esco/skill/190f64e1-b7b6-4c53-b20b-80f9215ef6ca,"lede, ha oversyn med og samordne prosjekter"
KnowledgeSkillCompetence,http://data.europa.eu/esco/skill/acf0a78c-f4e3-4bd9-a5cc-9cf4791b3b95,lage et virtuelt privat nettverk,released,skill/competence,sector-specific,,"Opprette en kryptert forbindelse mellom private nettverk, for eksempel ulike lokale nett i et selskap, over internett for å sikre at bare godkjente brukere kan få tilgang til dem, og at dataene ikke kan oppfanges.",http://data.europa.eu/esco/skill/185c56ee-098f-46a1-af87-56337085da6f,beskytte it-enheter
KnowledgeSkillCompetence,http://data.europa.eu/esco/skill/ad008df3-dcaf-45ee-8892-2319a3b66c98,overvåke aktiviteter i klinisk informasjonssystem,released,skill/competence,occupation-specific,,"Føre tilsyn med og overvåke daglig drift av driftsmessige og kliniske informasjonssystemer, for eksempel CIS, som brukes til å samle inn og lagre kliniske opplysninger om prosessen med levering av helsetjenester.",http://data.europa.eu/esco/skill/75d8e5d9-bef3-418b-9011-01bff9f27207 | http://data.europa.eu/esco/skill/32c017fd-28ab-4051-bf68-74de952c2f77,lede andre | administrasjon av informasjon
KnowledgeSkillCompetence,http://data.europa.eu/esco/skill/ad59afe4-6f8a-4bc4-acfd-0f228277508a,systemprogramvare for statistisk analyse,released,knowledge,cross-sector,,"Spesifikk programvare (SAS) som brukes til avansert analyse, forretningsdata, datastyring og prediktiv analyse.",http://data.europa.eu/esco/isced-f/0542,statistikk
KnowledgeSkillCompetence,http://data.europa.eu/esco/skill/adcca622-b933-4ba3-bc43-bf371879edc3,prinsipper for datasikkerhet,released,knowledge,sector-specific,prinsipper for informasjonssikkerhet | metoder for datasikkerhet | informasjonssikkerhetsprinsipper | datasikkerhetsmetoder,"Prinsippene for informasjons- og datasikkerhet. De inkluderer blant annet konfidensialitet, integritet og tilgjengelighet.
	",http://data.europa.eu/esco/isced-f/0612,utvikling og administrasjon av databaser og datanett
KnowledgeSkillCompetence,http://data.europa.eu/esco/skill/ae4f0cc6-e0b9-47f5-bdca-2fc2e6316dce,administrere IKT-virtualiseringsmiljø,released,skill/competence,sector-specific,administrere virtualisering av servere og arbeidsstasjoner | administrere IKT-virtualiseringsmaskiner | administrere containerisering,"Ha oppsyn med verktøy, for eksempel VMware, kvm, Xen, Docker, Kubernetes og andre, som brukes til å aktivere et virtuelt miljø for ulike formål, for eksempel maskinvarevirtualisering, skrivebordsvirtualisering og virtualisering på operativsystemnivå.
	",http://data.europa.eu/esco/skill/f5ac9226-0ace-4d34-a1c3-7b3845834a98 | http://data.europa.eu/esco/skill/f839b1da-78b6-4466-86f4-a5798821ea20,vedlikeholde IKT-server | sette opp datasystem
KnowledgeSkillCompetence,http://data.europa.eu/esco/skill/ae57a9c3-f761-4b03-be2b-99a781704c73,bruke salgsprognoseprogramvare,released,skill/competence,cross-sector,,Betjene programvare for salgsprognoser for å fastslå etterspørselen etter produkter med større grad av nøyaktighet.,http://data.europa.eu/esco/skill/4d6a48ae-352e-4823-bc3a-3f3e9e2cae86,tilgang til og analyse av digitale data
KnowledgeSkillCompetence,http://data.europa.eu/esco/skill/ae6c1227-dd33-4df0-a64e-439cfdf948ea,utvikle enheter for matskanning,released,skill/competence,sector-specific,designe sensorer for matskanning | utvikle matskannere | designe matskannere | utvikle matsensorenheter | utvikle sensorer for matskanning,"Designe og utvikle teknologier for matskanning som gir informasjon om nivået av allergener, kjemikalier, næringsstoffer, kalorier og ingredienser i mat.
	",http://data.europa.eu/esco/skill/b590d4e5-7c62-4b4a-abc2-c270b482e0ce,designe it-system eller -programvare
KnowledgeSkillCompetence,http://data.europa.eu/esco/skill/aee24c19-7dfd-4011-ae95-7a2fe2f7e369,vedlikeholde radiokommunikasjonsutstyr,released,skill/competence,sector-specific,,"Utføre teste- eller reparasjonsaktiviteter på utstyr for sending og mottak av radiobølger, for eksempel testing av styringskretser.",http://data.europa.eu/esco/skill/7373abdb-ee5a-4949-b4ae-dee60ab37914 | http://data.europa.eu/esco/skill/ec0401f1-f690-46be-934b-f6f5611085f5,"bruke kommunikasjonsutstyr | vedlikeholde elektrisitets-, elektro- og presisjonsutstyr"
KnowledgeSkillCompetence,http://data.europa.eu/esco/skill/af1d906a-c13d-4de1-a362-6980e6dc9937,designe chassis,released,skill/competence,occupation-specific,,"Tenke ut og produsere en serie med tilpassede chassiser ved hjelp av designprogramvare. Sørge for etterlevelse av egne planer, verk og arbeidstegninger.",http://data.europa.eu/esco/skill/883eab8c-d8a6-4e8b-9b11-7d9001e172ab,designe systemer og produkter
KnowledgeSkillCompetence,http://data.europa.eu/esco/skill/af313ba1-a39e-49ac-99ec-94630fbe4f7f,utvikle sårbarhetsutnyttende kode,released,skill/competence,sector-specific,,Lage og teste utnyttende kode i et kontrollert miljø for å avdekke og finne feil og sårbarheter i systemet.,http://data.europa.eu/esco/skill/a8c3186b-c791-4d57-8f4f-4d12c7a5c6a7,programmering av datasystemer
KnowledgeSkillCompetence,http://data.europa.eu/esco/skill/af529b5d-a055-4dfa-a386-1b1c1c8670e3,betjene kringkastingsutstyr,released,skill/competence,sector-specific,,"Betjene kringkastingsutstyr for å produsere, vende, motta, ta opp, redigere og gjengi fjernsyns- og radiosignaler.",http://data.europa.eu/esco/skill/0a88a13f-693a-4dde-b44c-22e6f98fabc6,betjene kommunikasjonsutstyr
KnowledgeSkillCompetence,http://data.europa.eu/esco/skill/af6ea157-8c10-4c5b-8015-0e184946127a,skissere blokkjedebasert identitetsadministrasjon,released,skill/competence,cross-sector,forklare blockchain-basert identitetsstyringssystem,"Skissere blokkjedebasert identitetsadministrasjon og tilgangskontroll når det gjelder hvordan de fungerer, hvilke fordeler de har sammenlignet med dagens løsninger, og hvordan de kan brukes for spesifikke applikasjoner.
	",http://data.europa.eu/esco/skill/258fea29-09db-4918-8235-0d7d529cd31c,"bla gjennom, søke i og filtrere digitale data"
KnowledgeSkillCompetence,http://data.europa.eu/esco/skill/af7ae54f-4649-4c16-87c7-59ba41d4d57f,SPARK,released,knowledge,sector-specific,,Programvareutviklingsmiljøet for Java mikrorammeverk gir spesifikke funksjoner og komponenter som støtter og veileder utviklingen av nettapplikasjoner.,http://data.europa.eu/esco/skill/24c200e5-be20-4370-a137-ab53797f3a17 | http://data.europa.eu/esco/isced-f/0613,programvarerammeverk | utvikling og analyse av programvare og dataprogrammer
KnowledgeSkillCompetence,http://data.europa.eu/esco/skill/af8ca5cf-7fd1-4275-a886-e951c335d497,bistå multimedieoperatør,released,skill/competence,sector-specific,,Overta oppgaver fra multimedieoperatøren etter behov. Oppfatte signaler fra multimedieoperatøren eller betjene multimedieutstyret selv.,http://data.europa.eu/esco/skill/8ddcb295-707e-459c-ba6a-66ffb37835c5,betjene audiovisuelt utstyr
KnowledgeSkillCompetence,http://data.europa.eu/esco/skill/afa14e38-5973-4cce-a077-f796c1ced2cc,blokkjede,released,knowledge,sector-specific,blokkjedeteknologi | blockchain-teknologi,"En desentralisert, offentlig og distribuert digital hovedbok som brukes til å registrere transaksjoner mellom mange datamaskiner. Det garanterer at postene ikke kan endres med tilbakevirkende kraft uten konsensus fra hele nettverket, nemlig alle de påfølgende blokkene i kjeden.
	",http://data.europa.eu/esco/isced-f/0619,ikke annetsteds klassifisert informasjons- og kommunikasjonsteknologi
KnowledgeSkillCompetence,http://data.europa.eu/esco/skill/afd63e8c-a4e7-42d3-86c9-3b2dd549a353,Parrot Security OS,released,knowledge,sector-specific,,Operativsystemet Parrot Security er en Linux-distribusjon som utfører testing av gjennomtrengning av skyer og analyserer svakheter i sikkerheten for potensielt uautorisert adgang.,http://data.europa.eu/esco/isced-f/0613 | http://data.europa.eu/esco/skill/de586dcf-d7e5-4340-bf5b-d59026f1b436,utvikling og analyse av programvare og dataprogrammer | verktøy for penetrasjonstesting
KnowledgeSkillCompetence,http://data.europa.eu/esco/skill/afda6ca0-7aa8-41ef-ba5e-8dc607839daf,datagrafikk,released,knowledge,cross-sector,interaktiv datagrafikk | vektorgrafikk,"Feltet som fusjonerer tilnærminger fra informatikk og design. Det innebærer prosessen med å lage bilder, generering av 3D-modeller, samt gjengivelse, teksturering og belysning av dem. Bruksområdene varierer fra digital fotografering, film og videospill, og visning av bilder på elektroniske enheter.
	",http://data.europa.eu/esco/isced-f/068,tverrfaglige programmer og kvalifikasjoner innen informasjons- og kommunikasjonsteknologi (ikt)
KnowledgeSkillCompetence,http://data.europa.eu/esco/skill/aff205d0-b338-4020-9c19-45044b545835,bruke digitale instrumenter,released,skill/competence,occupation-specific,,Komponere musikk ved bruk av datamaskiner eller andre digitale verktøy.,http://data.europa.eu/esco/skill/d12a1be6-d916-436d-8274-ad97b5f24415,komponere musikk
KnowledgeSkillCompetence,http://data.europa.eu/esco/skill/b0096dc5-2e2d-4bc1-8172-05bf486c3968,utforme applikasjonsgrensesnitt,released,skill/competence,sector-specific,,"Skape og programmere applikasjonsprogrammer, deres virksomhet, innsatsfaktorer og resultater og de underliggende typene.",http://data.europa.eu/esco/skill/b590d4e5-7c62-4b4a-abc2-c270b482e0ce,designe it-system eller -programvare
KnowledgeSkillCompetence,http://data.europa.eu/esco/skill/b0288eea-74b3-460a-8ac5-edc4ba70b75c,administrere overvåkningskamera,released,skill/competence,cross-sector,,Overvåke et system av kameraer i et anlegg som overfører et signal til et bestemt sett med visningsskjermer.,http://data.europa.eu/esco/skill/4d6a48ae-352e-4823-bc3a-3f3e9e2cae86,tilgang til og analyse av digitale data
KnowledgeSkillCompetence,http://data.europa.eu/esco/skill/b04c4965-4fd7-4dfa-a8d4-0cec5c5f5d0c,Unreal Engine,released,knowledge,sector-specific,,"Spillmotoren Unreal Engine som er et programvarerammeverk som består av integrerte utviklingsmiljøer og spesialiserte designverktøy, som er utformet for rask iterasjon av brukerderiverte dataspill.",http://data.europa.eu/esco/skill/966f2fd3-3de6-42da-b87c-da924c6d7960 | http://data.europa.eu/esco/isced-f/0211,digitale spillutviklingssystemer | audiovisuell teknikk og medieproduksjon
KnowledgeSkillCompetence,http://data.europa.eu/esco/skill/b080a008-a35d-4bd0-92e9-edf3773bb2b7,bruke programvare for kommunikasjon og samarbeid,released,skill/competence,transversal,kommunisere på nettet | kommunisere på nett | kommunisere i digitale miljøer | bruke e-postprogramvare og -tjenester | samhandle gjennom IKT,"Bruke enkle digitale verktøy og teknologi for å kommunisere, samhandle og samarbeide med andre.
  ",http://data.europa.eu/esco/skill/3399045f-8078-4066-8b46-475b49b260ab,arbeide med digitale enheter og applikasjoner
KnowledgeSkillCompetence,http://data.europa.eu/esco/skill/b0a3bb25-a02f-43ed-ab1f-994fa66a424a,analytisk online behandling,released,knowledge,sector-specific,,"Nettbaserte verktøy som analyserer, samler og presenterer flerdimensjonelle data som gjør det mulig for brukere å interaktivt trekke ut og se utvalgte data fra bestemte perspektiver.",http://data.europa.eu/esco/isced-f/0612,utvikling og administrasjon av databaser og datanett
KnowledgeSkillCompetence,http://data.europa.eu/esco/skill/b0ac313d-de44-4344-ada6-76d2177b6d92,Synfig,released,knowledge,sector-specific,,Dataprogrammet Synfig er et grafisk IKT-verktøy som muliggjør digital redigering og sammensetning av grafikk for å skape 2D-raster eller 2D-vektorgrafikk. Den er utviklet av Robert Quattlebaum.,http://data.europa.eu/esco/isced-f/0611 | http://data.europa.eu/esco/skill/a71577b2-7550-4222-88ee-dcbd2d881516,bruk av datamaskiner | programvare for redigering av grafikk
KnowledgeSkillCompetence,http://data.europa.eu/esco/skill/b105ec9b-0857-41d6-8d07-a83e58b73d90,IKT-systemprogrammering,released,knowledge,sector-specific,,"De metoder og verktøy som kreves for å utvikle systemprogramvare, spesifikasjoner for systemarkitektur og grensesnitt mellom nettverk, systemmoduler og komponenter.",http://data.europa.eu/esco/isced-f/0613,utvikling og analyse av programvare og dataprogrammer
KnowledgeSkillCompetence,http://data.europa.eu/esco/skill/b11fe9a5-4e80-4cb8-a902-7d53a6b28b47,håndtere CNC-laserkuttemaskin,released,skill/competence,cross-sector,,Overvåke og betjene en CNC-laserkuttemaskin i henhold til forordninger.,http://data.europa.eu/esco/skill/45bef06d-dba9-4192-9805-2f7d27523638 | http://data.europa.eu/esco/skill/494b8057-daf5-46a0-b33b-416e0115c30a,betjene laserskjæringsutstyr | bruk av digitale verktøy for å kontrollere maskineriet
KnowledgeSkillCompetence,http://data.europa.eu/esco/skill/b1272de4-1f5f-408b-8b26-061f2550fc72,e-handelssystemer,released,knowledge,sector-specific,,"Grunnleggende digital arkitektur og kommersielle transaksjoner for produkter eller tjenester via Internett, e-post, mobile innretninger, sosiale medier, osv.",http://data.europa.eu/esco/isced-f/0611,bruk av datamaskiner
KnowledgeSkillCompetence,http://data.europa.eu/esco/skill/b13e0689-636d-42d0-86c3-df9d6f85a882,forvalte miljøstyringssystem,released,skill/competence,cross-sector,,Utvikle og gjennomføre et miljøstyringssystem.,http://data.europa.eu/esco/skill/4c3ab565-747c-4db3-8c47-79e8d6f98cf4 | http://data.europa.eu/esco/skill/8064ae65-5d1b-44e1-9aaf-246a4285a9a6,bidra til å minske de negative følgene av forbruk | overholde lover og standarder for miljøbeskyttelse
KnowledgeSkillCompetence,http://data.europa.eu/esco/skill/b1604a2d-c26a-427d-bda9-b8073a319fe9,juster IKT-systemkapasiteten,released,skill/competence,sector-specific,,"Endre virkeområdet for et IKT-system ved å legge til eller omfordele ytterligere IKT-systemkomponenter, for eksempel nettkomponenter, servere eller lagre, for å oppfylle kapasitets- eller volumkrav.",http://data.europa.eu/esco/skill/f839b1da-78b6-4466-86f4-a5798821ea20,sette opp datasystem
KnowledgeSkillCompetence,http://data.europa.eu/esco/skill/b16200f4-4f39-4b8b-aa9d-3568054d6bdb,Åpen kilde-modell,released,knowledge,sector-specific,,"Den åpne kildemodellen består av prinsipper og grunnprinsipper for servicebaserte modeller for industri- og programvaresystemer som gjør det mulig å utforme og foreta spesifikasjoner for forretningssystemer i foretak innenfor en rekke arkitekturstiler, f.eks. foretaksarkitektur.",http://data.europa.eu/esco/skill/83218cac-3599-417e-93d2-26013cdccd98 | http://data.europa.eu/esco/isced-f/0612,tjenesteorientert modellering | utvikling og administrasjon av databaser og datanett
KnowledgeSkillCompetence,http://data.europa.eu/esco/skill/b16bcbcb-1d3f-42b3-a6a5-b91348a72b70,WildFly,released,knowledge,sector-specific,,"Applikasjonsserveren med åpen kildekode, JBoss, er en Linux-basert plattform som støtter Java-applikasjoner og større nettsider.",http://data.europa.eu/esco/isced-f/0613 | http://data.europa.eu/esco/skill/69bbd53f-fbb0-4476-b4b2-ef7844464e28,utvikling og analyse av programvare og dataprogrammer | nettprogrammering
KnowledgeSkillCompetence,http://data.europa.eu/esco/skill/b21e2984-c6b2-4352-bbe8-8f3b03bd50f6,medisinsk informatikk,released,knowledge,cross-sector,,Prosesser og verktøy som brukes til analyse og spredning av medisinske data gjennom edb-baserte systemer.,http://data.europa.eu/esco/isced-f/0914,medisinsk diagnose- og behandlingsteknologi
KnowledgeSkillCompetence,http://data.europa.eu/esco/skill/b2bdd9ad-4ecb-4ced-80c3-623686ef5328,utføre pillemerking,released,skill/competence,sector-specific,,Foreta trykking av institusjonens identitet på piller ved å bruke en bærbar datamaskin for pillemerking.,http://data.europa.eu/esco/skill/dcb9c446-bb08-44de-89b6-851ac2903eaf,betjene printere og utstyr for fotoproduksjon
KnowledgeSkillCompetence,http://data.europa.eu/esco/skill/b2f9eb81-eda4-49a9-8453-3ba345da2d98,konvertere til animert objekt,released,skill/competence,sector-specific,,Konvertere reelle gjenstander til animerte elementer ved hjelp av animasjonsteknikker som f.eks. optisk skanning.,http://data.europa.eu/esco/skill/5f782745-6382-4873-b415-8fb91c705b03 | http://data.europa.eu/esco/skill/a556a3db-cd48-42a5-825c-f95f6f5ccbfe,lage digitale bilder | skape visuelle utstillinger og dekorasjoner
KnowledgeSkillCompetence,http://data.europa.eu/esco/skill/b34e2ba1-9080-48c9-9b42-ee9192a4d3f1,bruke CAD-programvare,released,skill/competence,cross-sector,,"Bruke systemer for  dataassistert konstruksjon (CAD) til hjelp ved utarbeidelse, endring, analyse eller optimering av et design.",http://data.europa.eu/esco/skill/b1115b14-fa16-4c1e-be6c-91fd49a1808b,bruke dataassisterte design- og tegneverktøy
KnowledgeSkillCompetence,http://data.europa.eu/esco/skill/b36176ec-3499-4235-a15c-cb485a386dc6,sette sammen videofilmklipp,released,skill/competence,sector-specific,,"Sette sammen alle rå videofilmklipp, som enten er tatt opp på film eller overført til film før overføring til datamaskinen.",http://data.europa.eu/esco/skill/c53a55a1-8b2b-4d2c-b12d-626742a3833a,bruke digitale verktøy for lyd- og bildebehandling
KnowledgeSkillCompetence,http://data.europa.eu/esco/skill/b363bb5f-2c79-40af-94da-33e06f9dee9f,bruke blandet læring,released,skill/competence,cross-sector,,"Ha kjennskap til verktøy for blandet læring ved å kombinere tradisjonell personlig undervisning med undervisning på nettet, ved å bruke digitale verktøy, Internett-teknologi og e-læringsmetoder.
	",http://data.europa.eu/esco/skill/caede8f1-6658-4d78-9eb4-2ad2c7ebf09b,undervisning og opplæring
KnowledgeSkillCompetence,http://data.europa.eu/esco/skill/b3a186be-5f1b-45d3-a468-41183e9780f3,konfigurasjon av overvåkingsrommaskinvare,released,knowledge,occupation-specific,,"Funksjonene til de ulike delene av maskinvare, innstillingene og bruksområdene.",http://data.europa.eu/esco/isced-f/0619,ikke annetsteds klassifisert informasjons- og kommunikasjonsteknologi
KnowledgeSkillCompetence,http://data.europa.eu/esco/skill/b3a75400-103f-42c7-b742-be11d161d05b,administrere produksjonssystemer,released,skill/competence,sector-specific,,"Organisere, forvalte og opprettholde alle sider ved produksjonen, herunder produktdesign, planlegging og produksjonskontrollsystemer (for eksempel ved bruk av dataprogrammet WFM).",http://data.europa.eu/esco/skill/75d8e5d9-bef3-418b-9011-01bff9f27207 | http://data.europa.eu/esco/skill/feceacee-d425-4e73-821a-02dfb85084db | http://data.europa.eu/esco/skill/1d4be2e3-ac64-426f-838d-1e7cb8600927,lede andre | kontrollere produksjon | lederegenskaper
KnowledgeSkillCompetence,http://data.europa.eu/esco/skill/b3c8eada-b0a8-4b61-968b-b354fbfb6874,konfigurere IKT-system,released,skill/competence,sector-specific,,"Innføre og tilpasse et IKT-system som oppfyller kravene ved første gjennomføring, samt når det oppstår nye forretningsmessige behov.",http://data.europa.eu/esco/skill/1e7ed56a-6d6b-422f-962e-38543d150755 | http://data.europa.eu/esco/skill/f839b1da-78b6-4466-86f4-a5798821ea20,administrere endringer i IKT-system | sette opp datasystem
KnowledgeSkillCompetence,http://data.europa.eu/esco/skill/b3f971b2-6c11-43d3-b5ce-8ba7f5a223c7,satellittyper,released,knowledge,sector-specific,varianter av satellitter | typer satellitter | klassifisering av satellitter | klasser av satellitter | klassifiseringer av satellitter | typer av satellitter | funksjoner til forskjellige satellitter | formål med ulike satellitter | satellittfunksjonalitet | formål med forskjellige satellitter | kategorier av satellitter | funksjoner av ulike satellitter | bruk av ulike satellitter,"De forskjellige typene satellitter som brukes til kommunikasjon, strømmetjenester, overvåking og vitenskapelig forskning.
	",http://data.europa.eu/esco/isced-f/0533,fysikk
KnowledgeSkillCompetence,http://data.europa.eu/esco/skill/b3fc5018-ff7b-46fd-be18-dd4148e9b241,gi kunder informasjon om datautstyrstyper,released,skill/competence,sector-specific,,Gi kunder faglig råd om datamaskiner og programvare.,http://data.europa.eu/esco/skill/045f71e6-0699-4169-8a54-9c6b96f3174d | http://data.europa.eu/esco/skill/62afcfdd-a2a6-4143-bafb-59c77e15a01c | http://data.europa.eu/esco/skill/00ff06cc-103f-4c85-b5df-6f75acff6abf | http://data.europa.eu/esco/skill/8a6c6fe0-bbd1-4225-b8cb-246ddde8e73d,gi råd | gi råd om produkter og tjenester | gi råd om tollbestemmelser | gi kunder råd om nytt utstyr
KnowledgeSkillCompetence,http://data.europa.eu/esco/skill/b4057ecb-06d6-45db-a352-ce73e3fd991d,blokkjedehistorikk,released,knowledge,sector-specific,informasjon om blockchain | historien til blockchain | blokkjedens historie | blockchain-teknologiens historie | blokkjedeinformasjon,"Viktige historiske fakta og milepæler i blokkjedeteknologien, samt implementeringene og applikasjonene som dukket opp på toppen av den.
	",http://data.europa.eu/esco/isced-f/068,tverrfaglige programmer og kvalifikasjoner innen informasjons- og kommunikasjonsteknologi (ikt)
KnowledgeSkillCompetence,http://data.europa.eu/esco/skill/b4877620-c375-45f3-a678-2ddb4dae6a29,reparere IKT-enheter,released,skill/competence,sector-specific,,"Opprettholde og reparere IKT-tilknyttet utstyr som for eksempel bærbare datamaskiner, stasjonære datamaskiner, nettbrett, mobilutstyr, kommunikasjonsutstyr, skrivere og annet datarelatert periferiutstyr. Oppdage feil, funksjonssvikt og erstatte deler dersom det er nødvendig.",http://data.europa.eu/esco/skill/a7065828-10aa-4aba-b7d4-f23a30df5060,"installere og reparere elektrisitets-, elektro- og presisjonsutstyr"
KnowledgeSkillCompetence,http://data.europa.eu/esco/skill/b4dc6e4f-dc7d-445f-8ce2-d7b9d225e282,AJAX,released,knowledge,sector-specific,Asynchronous Javascript and XML,"Teknikkene og prinsipper for utvikling av programvare, som analyse, algoritmer, koding, prøving og utarbeiding av paradigmer i AJAX.",http://data.europa.eu/esco/skill/21d2f96d-35f7-4e3f-9745-c533d2dd6e97 | http://data.europa.eu/esco/isced-f/0613 | http://data.europa.eu/esco/skill/69bbd53f-fbb0-4476-b4b2-ef7844464e28,dataprogrammering | utvikling og analyse av programvare og dataprogrammer | nettprogrammering
KnowledgeSkillCompetence,http://data.europa.eu/esco/skill/b5b09dac-5b28-40a5-b671-5f9aa31f65d8,betjene lydutstyr,released,skill/competence,sector-specific,,"Anvende teknologi for å gjenskape eller ta opptak av lyder som for eksempel tale eller lyd av instrumenter, i elektrisk eller mekanisk form.",http://data.europa.eu/esco/skill/8ddcb295-707e-459c-ba6a-66ffb37835c5,betjene audiovisuelt utstyr
KnowledgeSkillCompetence,http://data.europa.eu/esco/skill/b5c7e0dc-dda3-4790-a7d1-d6d8023b3089,databasekvalitetsstandarder,released,knowledge,sector-specific,,Teknikker og metoder for beregning og vurdering av systemkvalitet og den samlede kvaliteten på databasen samt de fastsatte kvalitetsstandardene og forskriftene.,http://data.europa.eu/esco/isced-f/0612,utvikling og administrasjon av databaser og datanett
KnowledgeSkillCompetence,http://data.europa.eu/esco/skill/b633eb55-8f1f-4ae6-ab4c-2022ffe2cb7f,C++,released,knowledge,sector-specific,,"Teknikkene og prinsippene for utvikling av programvare, f.eks. analyse, algoritmer, koding, prøving og utarbeiding av programvern ved C++.",http://data.europa.eu/esco/skill/21d2f96d-35f7-4e3f-9745-c533d2dd6e97 | http://data.europa.eu/esco/isced-f/0613,dataprogrammering | utvikling og analyse av programvare og dataprogrammer
KnowledgeSkillCompetence,http://data.europa.eu/esco/skill/b63ba4e4-ebf4-4e17-b0d6-662244022a4f,gi retningslinjer for innholdsutvikling,released,skill/competence,sector-specific,,"Utvikle standarder og strukturer for utvikling av innhold, for eksempel formater, stiler, utforming, strukturer, typer innhold, terminologi, XML og DITA. Implementere dem i dokumenttypedefinisjoner og anvende dem i arbeidsprosessen og vurdere resultatene i lys av etablerte standarder.",http://data.europa.eu/esco/skill/c23e0a2f-f04b-45bc-b0dd-20571f6b502c,utarbeide retningslinjer og rutiner for drift
KnowledgeSkillCompetence,http://data.europa.eu/esco/skill/b6d14ab8-3441-4cbe-8a0e-5b4f7f994730,utvikle digitale lærematerialer,released,skill/competence,cross-sector,,"Skape ressurser og opplæringsmateriale (e-læring, video- og lydmateriale til undervisning) ved bruk av digital teknologi for å overføre innsikt og bevissthet for å øke elevers ekspertise.",http://data.europa.eu/esco/skill/3a5b7435-c262-4a9d-893d-ee6c19bd9d92 | http://data.europa.eu/esco/skill/d1815c8a-7755-4fe3-bacf-68bb0b6a0b55,utvikle pedagogiske ressurser | utarbeide instruksjoner eller reklamemateriell
KnowledgeSkillCompetence,http://data.europa.eu/esco/skill/b769f524-0f25-44d7-8538-5c46710a040e,administrere digitale dokumenter,released,skill/competence,cross-sector,,"Håndtere ulike dataformater og filer ved å navngi, utgi, transformere og dele filer og dokumenter og transformere filformater.",http://data.europa.eu/esco/skill/6a7fc30d-af16-4cc5-a957-29d174bdb61c,"innhente, forvalte og lagre data"
KnowledgeSkillCompetence,http://data.europa.eu/esco/skill/b78f324d-e16c-43f8-97d2-50d3a7cd1fb3,arbeide med virtuelle læringsmiljøer,released,skill/competence,cross-sector,,Innarbeide bruk av nettlæringsmiljøer og -plattformer i undervisningen.,http://data.europa.eu/esco/skill/59eb177a-2f30-4943-8b30-5f87dd51a80d | http://data.europa.eu/esco/skill/a44c0ed6-68b1-457a-9c6d-ea8487bdfeb2 | http://data.europa.eu/esco/skill/98fb499f-9155-412d-a8a0-95ba97126fec,anvende læringsstrategier | bruke læringsstrategier | bruke digitale verktøy for samarbeid og produktivitet
KnowledgeSkillCompetence,http://data.europa.eu/esco/skill/b7b381f5-7de2-4f91-9a8f-524041cb47d9,instrumenteringsteknikk,released,knowledge,cross-sector,,Det vitenskapelige og tekniske faget som forsøker å kontrollere prosessvariabler for produksjon og framstilling. Det fokuserer også på utformingen av systemer som har ønsket atferd. Disse systemene bruker følere som skal måle ytelsen til innretningen som kontrolleres.,http://data.europa.eu/esco/isced-f/0714,elektronikk og automasjon
KnowledgeSkillCompetence,http://data.europa.eu/esco/skill/b820c9de-4d00-4e79-9af9-33f26044ff42,undervise i informatikk,released,skill/competence,sector-specific,,"Gi studenter teoretisk og praksisk undervisning i informatikk, nærmere bestemt i utvikling av programvaresystemer, programmeringsspråk, kunstig intelligens og programvaresikkerhet.",http://data.europa.eu/esco/skill/335be43a-3267-400e-b5cb-c9e234dc7544,undervise i akademiske eller yrkesrettede fag
KnowledgeSkillCompetence,http://data.europa.eu/esco/skill/b8271c8a-cba6-4baa-80f5-6361af3f07e3,sikre overholdelse av organisatoriske IKT-standarder,released,skill/competence,sector-specific,,"Garantere at situasjonen er i samsvar med de reglene og framgangsmåtene for IKT som en organisasjon har beskrevet for sine produkter, tjenester og løsninger.",http://data.europa.eu/esco/skill/802deca0-b880-4d1a-b366-e13b27621baf | http://data.europa.eu/esco/skill/aa238394-8126-4ada-be2f-9dfe065cf314,følge driftsrutiner | overholde organisatoriske retningslinjer
KnowledgeSkillCompetence,http://data.europa.eu/esco/skill/b8b2a035-38f0-4c0e-94ee-edefc266c643,mikroelektromekaniske systemer,released,knowledge,sector-specific,,"Mikroelektromekaniske systemer (MEMS) er miniatyriserte, elektromekaniske systemer laget ved hjelp av mikroframstillingsprosesser. MEMS består av mikrofølere, mikroaktuatorer, mikrostrukturer og mikroelektronikk. MEMS kan også brukes i en rekke apparater, f.eks. bildeskjermer, digitale lysbehandlere, gyroskoper i smarttelefoner, akselerometre for kollisjonsputer og miniatyrmikrofoner.",http://data.europa.eu/esco/isced-f/0715,mekanikk og metallfag
KnowledgeSkillCompetence,http://data.europa.eu/esco/skill/b8c01891-e3df-4a4b-948d-95b45e1788f5,programvarerammeverk for mobile enheter,released,knowledge,sector-specific,,"API-en (applikasjonsprogramgrensesnittet) som Android, iOS, Windows Phone som gjør det mulig for programmerere raskt og enkelt å skrive applikasjoner for mobilenheter.",http://data.europa.eu/esco/isced-f/0613,utvikling og analyse av programvare og dataprogrammer
KnowledgeSkillCompetence,http://data.europa.eu/esco/skill/b8df1689-6763-437d-bfca-fe03d43f36c3,dataassistert språklæring,released,knowledge,occupation-specific,,"En språkundervisnings- og læringsmetode der informasjonsteknologi samt datamaskinbaserte ressurser brukes til å forsterke, presentere, gjøre interaktivt og vurdere andre- eller fremmedspråk som skal læres.
	",http://data.europa.eu/esco/isced-f/0113,lærerutdanning uten fagspesialisering
KnowledgeSkillCompetence,http://data.europa.eu/esco/skill/b8eb2517-37d8-43e6-9856-9c29d5c51fde,FileMaker (systemer for databaseadministrering),released,knowledge,sector-specific,,"Dataprogrammet FileMaker er et verktøy for å skape, ajourføre og håndtere databaser, utviklet av programvare i forbindelse med programvarebedriften FileMaker Inc.",http://data.europa.eu/esco/skill/ab1e97ed-2319-4293-a8b7-072d2648822f | http://data.europa.eu/esco/isced-f/0612,systemer for databaseadministrering | utvikling og administrasjon av databaser og datanett
KnowledgeSkillCompetence,http://data.europa.eu/esco/skill/b916d60e-38e9-4241-914a-4e2144bda711,betjene datakontrollsystemer,released,skill/competence,cross-sector,,"Drive elektroniske eller datastyrte kontrollpaneler for å overvåke og optimere prosessene og til å kontrollere oppstart og nedstengning.
	",http://data.europa.eu/esco/skill/494b8057-daf5-46a0-b33b-416e0115c30a,bruk av digitale verktøy for å kontrollere maskineriet
KnowledgeSkillCompetence,http://data.europa.eu/esco/skill/b928ae44-b19f-49c7-a823-b09094de1063,reparere utstyr på stedet,released,skill/competence,cross-sector,,"Identifisere funksjonssvikt og reparere eller skifte ut multimediesystemer, audiovisuelle systemer, datasystemer, maskinvare og utstyr på stedet.",http://data.europa.eu/esco/skill/c0fc7d2d-d013-40d7-bc58-75cf3771153f | http://data.europa.eu/esco/skill/1de6b87b-2c7d-49aa-bcc0-3b2ef75f064f | http://data.europa.eu/esco/skill/a7065828-10aa-4aba-b7d4-f23a30df5060,"utføre mindre reparasjoner av utstyr | utbedre utstyrsfeil | installere og reparere elektrisitets-, elektro- og presisjonsutstyr"
KnowledgeSkillCompetence,http://data.europa.eu/esco/skill/b997afc1-19a7-4208-8010-fa0ffef15799,administrere retningslinjer for arkivbrukere,released,skill/competence,sector-specific,,Utarbeide retningslinjer for offentlig tilgang til et (digitalt) arkiv og forsiktig bruk av eksisterende materialer. Kommunisere retningslinjene til besøkende.,http://data.europa.eu/esco/skill/fa3e5cec-703e-4d46-b3bb-e8a89540ab54 | http://data.europa.eu/esco/skill/c23e0a2f-f04b-45bc-b0dd-20571f6b502c,administrere digitale arkiver | utarbeide retningslinjer og rutiner for drift
KnowledgeSkillCompetence,http://data.europa.eu/esco/skill/b99c9b86-b16f-4592-8505-de3d9c99e25b,digital kunst,released,knowledge,occupation-specific,heldigitale kunstverk | digital fotografering | pikselkunst,"Produksjon av kunst gjennom digitale verktøy, programvare, datamaskiner eller andre elektroniske enheter. Det innebærer bruk av ulike medier for kunstneriske uttrykk som digital fotografering eller datagrafikk samt pikselkunst.
	",http://data.europa.eu/esco/isced-f/0211,audiovisuell teknikk og medieproduksjon
KnowledgeSkillCompetence,http://data.europa.eu/esco/skill/b9a57803-7f3d-42a7-a652-03c96de1d42f,modellere optiske systemer,released,skill/competence,sector-specific,,"Modellere og simulere optiske systemer, produkter og komponenter ved hjelp av teknisk designprogramvare. Vurdere produktets levedyktighet og undersøke de fysiske parametrene for å sikre en vellykket produksjonsprosess.",http://data.europa.eu/esco/skill/c34b06c4-d164-4e49-a784-89d47de42ec2,"designe industrimateriale, -system eller -produkt"
KnowledgeSkillCompetence,http://data.europa.eu/esco/skill/b9aad733-959a-4178-984f-53e4bd05b420,vedlikeholde Internett-protokollkonfigurasjon,released,skill/competence,sector-specific,,Anvende Internett-protokollkonfigurasjon (ipconfig) for å samle data om konfigurasjonsverdier for Transmission Control Protocol / Internet Protocol (TCP/IP) for å identifisere enheter og deres IP-adresser.,http://data.europa.eu/esco/skill/6a7fc30d-af16-4cc5-a957-29d174bdb61c,"innhente, forvalte og lagre data"
KnowledgeSkillCompetence,http://data.europa.eu/esco/skill/b9e451f5-a62f-4a16-a229-255fa5c222a5,utføre virtuell simulering,released,skill/competence,sector-specific,,"Utføre alle trinnene i en virtuell simulering, herunder posisjonere og immobilisere pasienten, ta de nødvendige bildene og registrere referansepunkter og andre merker.
	",http://data.europa.eu/esco/skill/73e602a0-f80f-4f56-8e21-3db4fd08709d,"gi lege-, tannlege- og sykepleiebehandling"
KnowledgeSkillCompetence,http://data.europa.eu/esco/skill/ba04b19b-0b18-4d5c-b799-4db31a98e58d,BlackBerry,released,knowledge,sector-specific,RIM BlackBerry | CrackBerry | Research In Motion BlackBerry,"Systemprogramvaren BlackBerry består av funksjoner, begrensninger, arkitektur og andre egenskaper ved operativsystemer som er beregnet på å kjøre på mobile enheter.",http://data.europa.eu/esco/isced-f/0613 | http://data.europa.eu/esco/skill/976455eb-5bbe-4493-ae64-ed16c3b009ea,utvikling og analyse av programvare og dataprogrammer | mobile operativsystemer
KnowledgeSkillCompetence,http://data.europa.eu/esco/skill/ba1b0441-a6b8-4e57-8ccc-871012f63e42,trading-programvare,released,knowledge,sector-specific,programvareløsning for handel | trading-applikasjon,"Finans- og handelsintegrerte programvareløsninger.
	",http://data.europa.eu/esco/isced-f/0611,bruk av datamaskiner
KnowledgeSkillCompetence,http://data.europa.eu/esco/skill/ba93b71b-c433-4a01-8246-ed2daa85a9a2,foreta søk på nett,released,skill/competence,transversal,bruke Yahoo-søk | søke etter informasjon på nettet | bruke Google-søk | se etter informasjon på internett | bruke Bing | bruke søkemotor,"Søke etter data, informasjon og innhold gjennom enkle søk i digitale miljøer.
  ",http://data.europa.eu/esco/skill/3399045f-8078-4066-8b46-475b49b260ab,arbeide med digitale enheter og applikasjoner
KnowledgeSkillCompetence,http://data.europa.eu/esco/skill/bac209e9-d337-4312-9041-17c2e75fa4df,maskinvareindustrien,released,knowledge,cross-sector,,"Forskjellige verktøy og merker i maskinvareindustrien, f.eks. elektriske verktøy.",http://data.europa.eu/esco/isced-f/0613,utvikling og analyse av programvare og dataprogrammer
KnowledgeSkillCompetence,http://data.europa.eu/esco/skill/bad66a63-4e3f-41f9-9e5d-a4d5f12f8d36,opprette GIS-rapporter,released,skill/competence,cross-sector,,"Bruke relevante geografiske informasjonssystemer for å utarbeide rapporter og kart basert på geospatial informasjon, ved bruk av GIS-programvare.",http://data.europa.eu/esco/skill/95bf4552-6d5b-41dc-b990-53ace372f705,"dokumentere tekniske tegninger, prosedyrer, problem eller aktiviteter"
KnowledgeSkillCompetence,http://data.europa.eu/esco/skill/baf1fadb-975a-42be-9744-d8ba02304d09,Samurai Web Testing Framework,released,knowledge,sector-specific,,Linux-miljøet Samurai Web Testing Framework er et spesialisert testverktøy for gjennomtrengning som tester svakheter i sikkerhetsnettsider for potensielt uautoriserte svakheter ved nettsteder som kan være ulovlig med uvedkommende.,http://data.europa.eu/esco/isced-f/0613 | http://data.europa.eu/esco/skill/de586dcf-d7e5-4340-bf5b-d59026f1b436,utvikling og analyse av programvare og dataprogrammer | verktøy for penetrasjonstesting
KnowledgeSkillCompetence,http://data.europa.eu/esco/skill/bb165899-d95f-4433-95f2-173fefd716d2,utvikle statistisk programvare,released,skill/competence,cross-sector,,"Delta i de ulike utviklingsfasene i dataprogrammer for  økonometrisk og statistisk analyse, som forskning, utvikling av nye produkter, utforming av prototyper og vedlikehold.",http://data.europa.eu/esco/skill/a8c3186b-c791-4d57-8f4f-4d12c7a5c6a7,programmering av datasystemer
KnowledgeSkillCompetence,http://data.europa.eu/esco/skill/bb2a71c4-ff2e-47cf-ab44-684797a1ee5d,beregningsorientert mekanikk,released,knowledge,sector-specific,,"Bruk av modellering og simulering for å forutsi kompleks fysisk atferd i vitenskap og ingeniørfag. Det samhandler med andre områder innen mekanikk, inkludert faststoffmekanikk og fluidmekanikk, men også materialvitenskap, matematikk og numeriske metoder.
	",http://data.europa.eu/esco/isced-f/058,"tverrfaglige programmer og kvalifikasjoner innen naturfag, matematikk og statistikk"
KnowledgeSkillCompetence,http://data.europa.eu/esco/skill/bb2b4485-2bad-402f-8517-44bf7d9afff4,implementere antivirusprogramvare,released,skill/competence,sector-specific,,"Laste ned, installere og oppdatere programvare for å forebygge, oppdage og fjerne virus og annen skadelig programvare.",http://data.europa.eu/esco/skill/185c56ee-098f-46a1-af87-56337085da6f,beskytte it-enheter
KnowledgeSkillCompetence,http://data.europa.eu/esco/skill/bb562019-5222-45db-a16c-730edbb1d27c,definere retningslinjer for IKT-nettverksdesign,released,skill/competence,occupation-specific,,"Angi politikk, prinsipper, regler, prosesser og kriterier for utforming, planlegging og gjennomføring av IKT-nettverk.",http://data.europa.eu/esco/skill/b590d4e5-7c62-4b4a-abc2-c270b482e0ce,designe it-system eller -programvare
KnowledgeSkillCompetence,http://data.europa.eu/esco/skill/bb979b3b-8292-409f-8c27-b17e13bab8bb,blande levende bilder,released,skill/competence,sector-specific,,"Følge ulike videostrømmer av en hendelse i nåtid, og blande dem sammen med spesialisert utstyr og programvare.",http://data.europa.eu/esco/skill/a556a3db-cd48-42a5-825c-f95f6f5ccbfe,skape visuelle utstillinger og dekorasjoner
KnowledgeSkillCompetence,http://data.europa.eu/esco/skill/bb99af26-71ff-4dca-bde7-1eb1f6194426,SAP R3,released,knowledge,sector-specific,,"Teknikkene og prinsippene for utvikling av programvare, som analyse, algoritmer, koding, testing og utarbeiding av programmønstre i SAP R3.",http://data.europa.eu/esco/skill/21d2f96d-35f7-4e3f-9745-c533d2dd6e97 | http://data.europa.eu/esco/isced-f/0613,dataprogrammering | utvikling og analyse av programvare og dataprogrammer
KnowledgeSkillCompetence,http://data.europa.eu/esco/skill/bbbd263e-affb-4ec8-84fb-3e5d9e62306b,modellere maskinvare,released,skill/competence,sector-specific,,Modellere og simulere maskinvare ved hjelp av teknisk designprogramvare. Vurdere produktets levedyktighet og undersøke de fysiske parametrene for å sikre en vellykket produksjonsprosess.,http://data.europa.eu/esco/skill/b590d4e5-7c62-4b4a-abc2-c270b482e0ce,designe it-system eller -programvare
KnowledgeSkillCompetence,http://data.europa.eu/esco/skill/bc067d2e-e151-408f-8e34-24effd2b7fd6,bruke e-innkjøp,released,skill/competence,sector-specific,,"Bruke digitale innkjøpsteknologier og e-anskaffelsesprogrammer og -verktøy for å redusere administrasjon, forbedre effektiviteten og styrke åpenhet og ansvarlighet i innkjøpsprosedyrene.
	",http://data.europa.eu/esco/skill/16a00c69-9c74-4c37-96d7-6301d285e5ce | http://data.europa.eu/esco/skill/98fb499f-9155-412d-a8a0-95ba97126fec,bruke e-tjenester | bruke digitale verktøy for samarbeid og produktivitet
KnowledgeSkillCompetence,http://data.europa.eu/esco/skill/bc0b0b5d-f6be-405a-b224-b6902a4dbe97,administrere digital identitet,released,skill/competence,cross-sector,,"Skape og forvalte ett eller flere digitale identiteter, være i stand til å beskytte eget omdømme, håndtere de dataene man produserer gjennom flere digitale verktøy, miljøer og tjenester.",http://data.europa.eu/esco/skill/574257ea-7b64-4100-b7b6-e27c233fe143 | http://data.europa.eu/esco/skill/3399045f-8078-4066-8b46-475b49b260ab,digital kommunikasjon og digitalt samarbeid | arbeide med digitale enheter og applikasjoner
KnowledgeSkillCompetence,http://data.europa.eu/esco/skill/bcc0db5f-c1e8-4f08-b68b-020396ef07b9,bruke lydgjengivelsesprogramvare,released,skill/competence,sector-specific,,Bruke programvare og utstyr som gjør analoge lydbølger om til digitale signaler som kan strømmes.,http://data.europa.eu/esco/skill/b5b09dac-5b28-40a5-b671-5f9aa31f65d8 | http://data.europa.eu/esco/skill/c53a55a1-8b2b-4d2c-b12d-626742a3833a,betjene lydutstyr | bruke digitale verktøy for lyd- og bildebehandling
KnowledgeSkillCompetence,http://data.europa.eu/esco/skill/bd08f332-a295-4a59-a13a-05b08ca3761b,installere skjermer for prosesskontroll,released,skill/competence,cross-sector,,Planlegge og iverksette et system av skjermer for kontroll av bestemte prosesser i en organisasjon eller et system.,http://data.europa.eu/esco/skill/a7065828-10aa-4aba-b7d4-f23a30df5060,"installere og reparere elektrisitets-, elektro- og presisjonsutstyr"
KnowledgeSkillCompetence,http://data.europa.eu/esco/skill/bd14968e-e409-45af-b362-3495ed7b10e0,nettskyteknologier,released,knowledge,sector-specific,kantprosessering | edge computing | databehandling i nettskyen | cloud computing | skyteknologier,"Teknologier som gjør det mulig å få tilgang til maskinvare, programvare, data og tjenester gjennom eksterne servere og programvare, uavhengig av deres plassering og arkitektur.",http://data.europa.eu/esco/isced-f/0612,utvikling og administrasjon av databaser og datanett
KnowledgeSkillCompetence,http://data.europa.eu/esco/skill/bdb4f02e-72d5-41ca-a662-0498dc3fb070,helseteknologivurdering,released,knowledge,occupation-specific,,"En vurdering av egenskapene, ytelsen og virkningen av helseteknologier som har som mål å oppdage direkte og indirekte effekter av helseteknologier og deres ønskede og uønskede konsekvenser.
	",http://data.europa.eu/esco/isced-f/0914,medisinsk diagnose- og behandlingsteknologi
KnowledgeSkillCompetence,http://data.europa.eu/esco/skill/be0ff6d8-5e61-4021-9c89-e40cf0b75cc6,måle programvarebrukervennlighet,released,skill/competence,sector-specific,,Undersøke om programvareproduktet er lett å bruke for sluttbrukeren. Identifisere brukerproblemer og foreta justeringer for å forbedre brukervennligheten. Samle inn data om hvordan brukere vurderer programvareprodukter.,http://data.europa.eu/esco/skill/6d0cad66-82dd-4854-a03a-68232942c68d,installere deler av tre og metall
KnowledgeSkillCompetence,http://data.europa.eu/esco/skill/be149bed-a789-48ee-832b-620ccf776af9,Frostbite (digitale spillutviklingssystemer),released,knowledge,sector-specific,,"Spillmotoren Frostbite, som er et programvarerammeverk som består av integrerte utviklingsmiljøer og spesialiserte designverktøy, designet for den raske iterasjonen av brukerderiverte dataspill.",http://data.europa.eu/esco/skill/966f2fd3-3de6-42da-b87c-da924c6d7960 | http://data.europa.eu/esco/isced-f/0211,digitale spillutviklingssystemer | audiovisuell teknikk og medieproduksjon
KnowledgeSkillCompetence,http://data.europa.eu/esco/skill/be457a1c-5973-4781-9bb8-809703931f43,typer av audiovisuelle formater,released,knowledge,cross-sector,,"Ulike lyd- og videoformater og videoformater, inkludert digitale.",http://data.europa.eu/esco/isced-f/0211,audiovisuell teknikk og medieproduksjon
KnowledgeSkillCompetence,http://data.europa.eu/esco/skill/be59c6bd-0e88-4ffe-bc81-50b86be815e6,lage 3D-teksturkart,released,skill/competence,occupation-specific,,"Legge til detaljer, farge eller overflateegenskaper til en datamaskinbasert 3D-modell eller grafikk.",http://data.europa.eu/esco/skill/c34b06c4-d164-4e49-a784-89d47de42ec2,"designe industrimateriale, -system eller -produkt"
KnowledgeSkillCompetence,http://data.europa.eu/esco/skill/be64bb4c-84ac-4c83-8cc7-fc8593e15136,teste systemtilgjengelighet for brukere med spesielle behov,released,skill/competence,sector-specific,,Undersøke om programvarens grensesnitt er i samsvar med standarder og regler slik at systemet kan brukes av mennesker med spesielle behov.,http://data.europa.eu/esco/skill/ddfe79e2-c2e3-4ba7-9bdf-3820b4f75b54 | http://data.europa.eu/esco/skill/15fa3879-ac0e-46e6-ae36-609bae9c19c3,identifisere IKT-brukerbehov | overvåke driftsaktiviteter
KnowledgeSkillCompetence,http://data.europa.eu/esco/skill/be80acfc-b6f2-4411-9b8d-b19d9cd2556a,Swift (dataprogrammering),released,knowledge,sector-specific,,"Teknikker og prinsipper for utvikling av programvare, som analyse, algoritmer, koding, prøving og utarbeiding av programmeringsparadigmer i Swift.",http://data.europa.eu/esco/skill/21d2f96d-35f7-4e3f-9745-c533d2dd6e97 | http://data.europa.eu/esco/isced-f/0613,dataprogrammering | utvikling og analyse av programvare og dataprogrammer
KnowledgeSkillCompetence,http://data.europa.eu/esco/skill/bec4359e-cb92-468f-a997-8fb28e32fba9,Metoder innen IKT-prosjektledelse,released,knowledge,sector-specific,smidig | programvare for prosjektledelse | gevingsrealisering | agil | rammeverk for prosjektledelse | ekstrem prosjektledelse | strukturert metode | Critical Chain prosjektledelse | kode-og-fikse-utvikling | strukturert metodikk | metoder for programvareutvikling,"Metoder eller modeller for planlegging, forvaltning og kontroll av IKT-ressurser for å oppfylle særlige mål, kan være Waterfall, Incremental, V-Model, Scrum eller Agile samt bruk av prosjektbehandlings-IKT-verktøy.",http://data.europa.eu/esco/isced-f/0413,ledelse og administrasjon
KnowledgeSkillCompetence,http://data.europa.eu/esco/skill/bedd8fa7-5a64-4134-9095-58f5709e25e4,Moodle,released,knowledge,sector-specific,,"Dataprogrammet Moodle er en e-læringsplattform for å skape, forvalte, organisere, rapportere og levere e-læringskurs eller opplæringsprogrammer.",http://data.europa.eu/esco/skill/6c80d53c-d8c9-41fe-998f-091fca208834 | http://data.europa.eu/esco/isced-f/0612,læringsstyringssystemer | utvikling og administrasjon av databaser og datanett
KnowledgeSkillCompetence,http://data.europa.eu/esco/skill/bee296bc-48f7-4df6-bd2c-8616c8a6c8de,designe maskinvare,released,skill/competence,sector-specific,,Utforme og utvikle nye datamaskinvaresystemer og -komponenter. Lag utkast og monteringstegninger som angir hvordan datamaskinen skal bygges opp.,http://data.europa.eu/esco/skill/39fa260c-4f85-48e3-83ce-e292e696c233,designe elektriske eller elektroniske system eller utstyr
KnowledgeSkillCompetence,http://data.europa.eu/esco/skill/bf1f763e-c505-46e7-8af3-e48f13ec5f44,reguleringsteknikk,released,knowledge,cross-sector,,Gren av ingeniørfaget som fokuserer på kontroll av systemenes atferd gjennom bruk av følere og aktuatorer.,http://data.europa.eu/esco/isced-f/0714,elektronikk og automasjon
KnowledgeSkillCompetence,http://data.europa.eu/esco/skill/bf298db2-b90e-4739-85ca-9c3003103fab,administrere programvarelokalisering,released,skill/competence,occupation-specific,,"Organisere prosessen med å overføre programvare fra ett sted til et annet, for å utvide antallet brukere, ved å oversette brukergrensesnittet, idet det tas hensyn til egenskapene til landet programvaren skal innføres i.",http://data.europa.eu/esco/skill/87dff904-fb74-4d59-972e-1c2387579d94,lede driftsaktiviteter
KnowledgeSkillCompetence,http://data.europa.eu/esco/skill/bf4d884f-c848-402a-b130-69c266b04164,anvende grunnleggende programmeringskunnskaper,released,skill/competence,transversal,bruke spørringsspråk | bruke grunnleggende kodeferdigheter,"Utarbeide enkle instruksjoner for et datasystem for å løse problemer eller utføre oppgaver på et grunnleggende nivå, om nødvendig med egnet veiledning.
  ",http://data.europa.eu/esco/skill/3399045f-8078-4066-8b46-475b49b260ab,arbeide med digitale enheter og applikasjoner
KnowledgeSkillCompetence,http://data.europa.eu/esco/skill/bf675dff-ce7b-4f88-8a93-683a06e6617e,bruke fargetrykkingsprogrammer,released,skill/competence,sector-specific,,"Bruke fargetrykkingsprogrammer, for eksempel fargemodellen CMYK (blekk) for ulike trykkmaskiner.",http://data.europa.eu/esco/skill/dcb9c446-bb08-44de-89b6-851ac2903eaf,betjene printere og utstyr for fotoproduksjon
KnowledgeSkillCompetence,http://data.europa.eu/esco/skill/bf6c5ed4-84af-440f-abcc-7fa5ba19c738,sanntidsdatabehandling,released,knowledge,occupation-specific,,"IKT-maskinvaren og programvaresystemene som skal reagere innenfor presise, trange tidsbegrensninger",http://data.europa.eu/esco/isced-f/0612,utvikling og administrasjon av databaser og datanett
KnowledgeSkillCompetence,http://data.europa.eu/esco/skill/bf7ea00f-db77-4a95-9b9f-2d12b6d9fcb4,implementere IKT-nettverksdiagnostiske verktøy,released,skill/competence,sector-specific,,"Bruke programvareverktøy eller -komponenter som overvåker IKT-parametere, for eksempel ytelse og gjennomstrømning, tilveiebringe data og statistikk, diagnostisere feil, svikt eller flaskehalser og støtte beslutninger.",http://data.europa.eu/esco/skill/f839b1da-78b6-4466-86f4-a5798821ea20,sette opp datasystem
KnowledgeSkillCompetence,http://data.europa.eu/esco/skill/bf942c60-8539-4951-83ee-63f770da1cb8,programmere en CNC-kontroller,released,skill/competence,cross-sector,,Sette opp ønsket produktutforming i CNC-kontrollerer i CNC-maskinen for framstilling av produktproduksjon.,http://data.europa.eu/esco/skill/5fc0d7d8-bb81-4c1e-b420-e0f1ef8c2743 | http://data.europa.eu/esco/skill/494b8057-daf5-46a0-b33b-416e0115c30a,angi utstyrskontroller | bruk av digitale verktøy for å kontrollere maskineriet
KnowledgeSkillCompetence,http://data.europa.eu/esco/skill/c022ff1b-7783-4e64-89ef-0422c81ff51f,designe mikroelektromekaniske systemer,released,skill/competence,cross-sector,,Utforme og utvikle mikrosensorer og andre mikroelektromekaniske systemer (MEMS). Lage en modell og en simulering ved hjelp av teknisk designprogramvare for å vurdere produktets levedyktighet og undersøke de fysiske parametrene for å sikre en vellykket produksjonsprosess.,http://data.europa.eu/esco/skill/39fa260c-4f85-48e3-83ce-e292e696c233,designe elektriske eller elektroniske system eller utstyr
KnowledgeSkillCompetence,http://data.europa.eu/esco/skill/c0326e27-5fa8-4dca-aecb-ed89ab491513,forberede visuelle data,released,skill/competence,cross-sector,,Utarbeide figurer og grafer for å legge fram data på en visuell måte.,http://data.europa.eu/esco/skill/446a36a5-2376-439f-b46b-4a214ba0acdf,"bruke programvare for tekstbehandling, publisering og presentasjon"
KnowledgeSkillCompetence,http://data.europa.eu/esco/skill/c0502e2a-1e12-422e-994e-cf9bf814e3b2,veilede elever i bruk av hjelpeteknologier,released,skill/competence,sector-specific,instruere elevene i bruk av hjelpeteknologi,"Instruere og veilede elevene i hvordan de bruker hjelpeteknologier som passer til deres spesifikke læringsutfordring: for eksempel forutsigelse av ord, tekst-til-tale eller talegjenkjenning. Forklare teknologiens funksjoner og dens fordeler for eleven.
	",http://data.europa.eu/esco/skill/6c4fa8c8-e9e1-49b5-897f-6b61fe649488,gi opplæring i operasjonelle prosedyrer
KnowledgeSkillCompetence,http://data.europa.eu/esco/skill/c062bab3-3ea0-4291-9220-a2d8fef4bead,SQL Server,released,knowledge,sector-specific,,"Dataprogrammet SQL Server er et verktøy for å opprette, oppdatere og administrere databaser, som er utviklet av programvareselskapet Microsoft.",http://data.europa.eu/esco/skill/ab1e97ed-2319-4293-a8b7-072d2648822f | http://data.europa.eu/esco/isced-f/0612,systemer for databaseadministrering | utvikling og administrasjon av databaser og datanett
KnowledgeSkillCompetence,http://data.europa.eu/esco/skill/c0e2f74c-51f0-4020-9756-d190848cf181,integrere innhold til utgangsmedier,released,skill/competence,sector-specific,,"Samle inn og integrere medier og tekstinnhold til online- og offlinesystemer, for eksempel nettsteder, plattformer, applikasjoner og sosiale medier, for offentliggjøring og distribusjon.",http://data.europa.eu/esco/skill/b769f524-0f25-44d7-8538-5c46710a040e | http://data.europa.eu/esco/skill/6a7fc30d-af16-4cc5-a957-29d174bdb61c,"administrere digitale dokumenter | innhente, forvalte og lagre data"
KnowledgeSkillCompetence,http://data.europa.eu/esco/skill/c13fb093-5ffb-491a-b8b7-fa2d42a57e2e,implementere skysikkerhet og -samsvar,released,skill/competence,sector-specific,skysikkerhet og -samsvar,"Implementere og administrere sikkerhetsretningslinjer og tilgangskontroller i nettskyen. Differensiere mellom roller og ansvarsområder i en modell for delt ansvar.
	",http://data.europa.eu/esco/skill/69cfc5ed-6569-4aca-a4cc-fd782ba51d9c | http://data.europa.eu/esco/skill/7e153e1d-2b12-43ad-89f3-0cf82ebc4a30,implementere IKT-risikostyring | utføre risikoanalyse og -styring
KnowledgeSkillCompetence,http://data.europa.eu/esco/skill/c1b4aa1e-bc42-49e4-952a-0cbd45f1d57b,museumsdatabaser,released,knowledge,sector-specific,,De verktøyene og prosessene som er involvert i arbeidet med museumsdatabaser.,http://data.europa.eu/esco/skill/4463a721-69f3-413d-8321-43e3af13a4f1 | http://data.europa.eu/esco/skill/43ae58b9-5e56-4524-b45a-b422777a0576 | http://data.europa.eu/esco/isced-f/0322,"bruke databaser | database | bibliotek-, arkiv- og informasjonsfag"
KnowledgeSkillCompetence,http://data.europa.eu/esco/skill/c1f29568-f2bb-49d2-b6c2-28748bd1629b,administrere elektronisk innhold,released,skill/competence,sector-specific,,"Sikre at innholdet på nettstedet er oppdatert, organisert og attraktivt, og at det oppfyller publikums behov, selskapets krav og internasjonale standarder, ved å kontrollere lenker, fastsette en tidsplan for offentliggjøring og orden.",http://data.europa.eu/esco/skill/6a7fc30d-af16-4cc5-a957-29d174bdb61c,"innhente, forvalte og lagre data"
KnowledgeSkillCompetence,http://data.europa.eu/esco/skill/c216b67a-7462-4f6a-ba14-db02f6e91b68,sette sammen data for navigasjonspublikasjoner,released,skill/competence,sector-specific,,Sette sammen data for navigasjonspublikasjoner; samle inn og prosessere autentiske og gyldige data.,http://data.europa.eu/esco/skill/f2d57f41-43b4-4f5b-8100-3df5c21eda50 | http://data.europa.eu/esco/skill/0d6714c6-720e-4985-9791-5ab85d28da79 | http://data.europa.eu/esco/skill/29dcc31e-a8d6-4a62-b3c1-2de81e966e39 | http://data.europa.eu/esco/skill/89db623e-e1fc-4ec2-9a0f-7b72b4c35303,behandle data | samle inn data | samle opplysninger fra fysiske eller elektroniske kilder | samle inn eksperimentelle data
KnowledgeSkillCompetence,http://data.europa.eu/esco/skill/c2218533-3e2a-4f50-b4fd-afde71dcf442,redigere innspilt lyd,released,skill/competence,sector-specific,,"Redigere lydopptak ved hjelp av en rekke typer programvare, verktøy og teknikker, for eksempel kryssfading, hastighetseffekter og fjerning av uønsket støy.",http://data.europa.eu/esco/skill/c53a55a1-8b2b-4d2c-b12d-626742a3833a,bruke digitale verktøy for lyd- og bildebehandling
KnowledgeSkillCompetence,http://data.europa.eu/esco/skill/c2296e2e-5fef-4f24-a24f-e5b3792268be,gi IKT-støtte,released,skill/competence,cross-sector,,"Løse IKT-relaterte hendelser og tjenesteanmodninger fra kunder, klienter eller kolleger, herunder tilbakestilling av passord og ajourføring av databaser, for eksempel Microsoft Exchange-e-post.",http://data.europa.eu/esco/skill/0b9968af-72de-470a-98e1-2d19577443fb,løse dataproblemer
KnowledgeSkillCompetence,http://data.europa.eu/esco/skill/c2999f0c-eb37-4cdf-b9b0-82107b628794,stilarkspråk,released,knowledge,cross-sector,,"Fagfelt for dataspråk som gir en presentasjon av strukturerte dokumenter som Cascading Style Sheets (CSS). Disse dokumentene må overholde stilark, et sett med stilistiske regler som font, farge og layout.",http://data.europa.eu/esco/isced-f/0612,utvikling og administrasjon av databaser og datanett
KnowledgeSkillCompetence,http://data.europa.eu/esco/skill/c2c1b595-20f5-4a13-885a-bcc1b7760e3e,designe dukker,released,skill/competence,occupation-specific,,Designe en modell dukken ved bruk av kreativitet og datamaskinferdigheter.,http://data.europa.eu/esco/skill/883eab8c-d8a6-4e8b-9b11-7d9001e172ab,designe systemer og produkter
KnowledgeSkillCompetence,http://data.europa.eu/esco/skill/c2cbbccf-4ffd-4626-86e7-505b39c872a0,implementere SPAM-beskyttelse,released,skill/competence,sector-specific,,"Installere og konfigurer programvare som støtter e-postfiltre for å filtrere ut meldinger som inneholder skadelig programvare, som kommer uten at man har bedt om det.",http://data.europa.eu/esco/skill/f4346299-e22a-4686-8e61-2c9b0cd51c7d | http://data.europa.eu/esco/skill/185c56ee-098f-46a1-af87-56337085da6f,anvende digitale sikkerhetstiltak | beskytte it-enheter
KnowledgeSkillCompetence,http://data.europa.eu/esco/skill/c2ce7fe9-203b-492a-961e-9698dce7de19,utføre sikkerhetsanalyse av data,released,skill/competence,cross-sector,,Bruke ulike sikkerhetsdatabaser for å foreta analyser av opplysninger om faktiske eller potensielle sikkerhetstrusler.,http://data.europa.eu/esco/skill/7dd94ad3-13d6-43fe-8b94-51fcbf67ced9 | http://data.europa.eu/esco/skill/6a7fc30d-af16-4cc5-a957-29d174bdb61c | http://data.europa.eu/esco/skill/1dd23dba-dd00-45ab-abf4-642902538317,"tenke kritisk | innhente, forvalte og lagre data | utføre risikoanalyse"
KnowledgeSkillCompetence,http://data.europa.eu/esco/skill/c31a222b-de0b-490c-82b8-472167cb0ba5,spesialisert astrologiprogramvare,released,knowledge,occupation-specific,,Programvaren som brukes til å samle og tolke data på den relevante plasseringen av de to andre objektene for å trekke fra deres innflytelse på menneskeliv.,http://data.europa.eu/esco/isced-f/0611,bruk av datamaskiner
KnowledgeSkillCompetence,http://data.europa.eu/esco/skill/c330db31-7fa9-4a8c-8ad6-baa957bcfed1,installere operativsystem,released,skill/competence,cross-sector,,"Installere operativsystemet (OS) eller programvaren som forvalter programvareressursene og datamaskinvaren i et datanett. Operativsystemet er en vesentlig del av ethvert datasystem og er et bindeledd mellom maskinvare, applikasjonene og sluttbrukeren. Kjente eksempler på operativsystemer er Microsoft Windows, Linux og Mac OS.",http://data.europa.eu/esco/skill/f839b1da-78b6-4466-86f4-a5798821ea20,sette opp datasystem
KnowledgeSkillCompetence,http://data.europa.eu/esco/skill/c3a03c5a-c260-4c26-9b9a-873abb396f4d,MATLAB,released,knowledge,sector-specific,,"Teknikker og prinsipper for utvikling av programvare, f.eks. analyse, algoritmer, koding, prøving og utarbeiding av programmeringsparadigmer i MATLAB.",http://data.europa.eu/esco/skill/21d2f96d-35f7-4e3f-9745-c533d2dd6e97 | http://data.europa.eu/esco/isced-f/0613,dataprogrammering | utvikling og analyse av programvare og dataprogrammer
KnowledgeSkillCompetence,http://data.europa.eu/esco/skill/c3e36d05-8ae8-447f-bb2b-6f9409f85389,levere visuell presentasjon av data,released,skill/competence,cross-sector,,"Lage visuelle presentasjoner av data, som for eksempel figurer eller diagrammer, for å lette forståelsen.",http://data.europa.eu/esco/skill/8f9f8b20-ff26-4392-b04f-695dcde5b90a,presentere forskning eller teknisk informasjon
KnowledgeSkillCompetence,http://data.europa.eu/esco/skill/c415ce6e-24f5-4130-add4-645b9d455c71,rigge 3D-figurer,released,skill/competence,cross-sector,,"Sett opp et skjelett som er bundet til et 3D-nett, laget av bein og ledd som gjør at 3D-karakterer kan plasseres i en ønsket posisjon ved hjelp av spesialiserte IKT-verktøy.",http://data.europa.eu/esco/skill/f5b33464-4df9-4cf3-b468-b0a2d6b3ee85 | http://data.europa.eu/esco/skill/6b21150f-e704-4758-b102-63fd3412543c | http://data.europa.eu/esco/skill/b1115b14-fa16-4c1e-be6c-91fd49a1808b,betjene 3D-datagrafikkprogramvare | lage 3D-figurer | bruke dataassisterte design- og tegneverktøy
KnowledgeSkillCompetence,http://data.europa.eu/esco/skill/c453cf81-6197-428e-84c6-70c773b63f27,Arkitektoniske IKT-rammeverk,released,knowledge,sector-specific,,Sett med krav som beskriver arkitekturen i et informasjonssystem.,http://data.europa.eu/esco/isced-f/0613,utvikling og analyse av programvare og dataprogrammer
KnowledgeSkillCompetence,http://data.europa.eu/esco/skill/c46cf6f9-8b1e-44b9-a529-f5774c9167dd,skrivebordspublisering,released,knowledge,cross-sector,,"Opprette dokumenter med sideoppsettferdigheter på datamaskin. Programmer for skrivebordpublisering kan danne grunnlaget for oppstillingsplanene, og produsere tekst og bilder av typografisk kvalitet.",http://data.europa.eu/esco/isced-f/0611,bruk av datamaskiner
KnowledgeSkillCompetence,http://data.europa.eu/esco/skill/c46f9312-e414-42f0-9c8b-1c1886af7b8d,CAD for fottøy,released,knowledge,sector-specific,,Arkitektur og funksjonalitet for 2D- og 3D-dataprogrammer for fottøy.,http://data.europa.eu/esco/skill/a2b5dcf3-5b6a-453d-876c-cff540c0faf1 | http://data.europa.eu/esco/isced-f/0723,"CAD-programvare | tekstiler (klær, sko og lærvarer)"
KnowledgeSkillCompetence,http://data.europa.eu/esco/skill/c4949dcf-bbcc-40f2-8584-6c6299beb7fb,håndtere dreiebenkmaskin med numerisk datamaskinkontroll,released,skill/competence,cross-sector,,"Betjene en datastyrt (CNC) dreiebenk laget for skjæring av metall, tre, plastmaterialer og annet, overvåke og betjene den i tråd med forskrifter.",http://data.europa.eu/esco/skill/e4a9ec84-4eb3-494b-8a70-0fcf0d687f03 | http://data.europa.eu/esco/skill/494b8057-daf5-46a0-b33b-416e0115c30a,håndtere dreiebenk | bruk av digitale verktøy for å kontrollere maskineriet
KnowledgeSkillCompetence,http://data.europa.eu/esco/skill/c4b1f326-224a-420a-b8b3-814a8f13b6cb,implementere frontnettdesign,released,skill/competence,sector-specific,,Utvikle nettsidedesign og forbedre brukeropplevelsen med utgangspunkt i fastsatte designkonsepter.,http://data.europa.eu/esco/skill/f839b1da-78b6-4466-86f4-a5798821ea20,sette opp datasystem
KnowledgeSkillCompetence,http://data.europa.eu/esco/skill/c4b626c1-e71c-44ec-9f88-042766f37fcc,applikasjonsanvendelighet,released,knowledge,sector-specific,,"Prosess der lærbarheten, effektiviteten, nytten og brukervennligheten til en programvare kan defineres og måles.",http://data.europa.eu/esco/isced-f/0613,utvikling og analyse av programvare og dataprogrammer
KnowledgeSkillCompetence,http://data.europa.eu/esco/skill/c4ba12d1-4698-42fa-8abb-789462ea2586,beskytte miljøet mot påvirkningen fra digitale teknologier,released,skill/competence,occupation-specific,,Være oppmerksom på miljøvirkningene av digital teknologi og bruken av den.,http://data.europa.eu/esco/skill/2aaad52d-599e-4e77-a681-bbc236825821 | http://data.europa.eu/esco/skill/426ceaba-6867-481c-bb6b-aee3933da7d2 | http://data.europa.eu/esco/skill/8064ae65-5d1b-44e1-9aaf-246a4285a9a6,vurdere miljøvirkningen av personlig atferd | IKT-sikkerhet | overholde lover og standarder for miljøbeskyttelse
KnowledgeSkillCompetence,http://data.europa.eu/esco/skill/c4ba511c-dc24-44bc-8bc5-10b2d4a191fb,designmønstre for blokkjede,released,knowledge,sector-specific,designmønstre for blockchain,"Gjenbrukbare blokkjedeløsninger, inkludert ikke-blokkerende brukergrensesnittdesign, asynkron API-design, sikker synkronisering, tidsstempling, bedriftsintegrasjon, enkle ressurser og ressurser med regler.
	",http://data.europa.eu/esco/isced-f/0613,utvikling og analyse av programvare og dataprogrammer
KnowledgeSkillCompetence,http://data.europa.eu/esco/skill/c5422318-3218-4ce9-9bdd-f38b93ff63a3,utforme elektromekaniske systemer,released,skill/competence,cross-sector,,"Lage skisser og utforme elektromekaniske systemer, produkter og komponenter ved hjelp av CAD-programvare (dataassistert konstruksjon) og -utstyr.",http://data.europa.eu/esco/skill/39fa260c-4f85-48e3-83ce-e292e696c233,designe elektriske eller elektroniske system eller utstyr
KnowledgeSkillCompetence,http://data.europa.eu/esco/skill/c5e8abde-d2ba-4e8e-a65e-720b71180666,ustrukturerte data,released,knowledge,sector-specific,,"Opplysninger som ikke er arrangert på en forhåndsdefinert måte, eller som ikke har en forhåndsdefinert datamodell, og som er vanskelige å forstå og finne mønstre i uten å bruke teknikker som databehandling.",http://data.europa.eu/esco/isced-f/0612,utvikling og administrasjon av databaser og datanett
KnowledgeSkillCompetence,http://data.europa.eu/esco/skill/c5ed451b-ef39-47a3-aee7-8f5be0aa8431,CA Datacom/DB,released,knowledge,sector-specific,,"Dataprogrammet CA Datacom/DB er et verktøy som er utformet for å skape, oppdatere og behandle databaser, er på det nåværende tidspunkt utviklet av programvareselskapet CA Technologies.",http://data.europa.eu/esco/skill/ab1e97ed-2319-4293-a8b7-072d2648822f | http://data.europa.eu/esco/isced-f/0612,systemer for databaseadministrering | utvikling og administrasjon av databaser og datanett
KnowledgeSkillCompetence,http://data.europa.eu/esco/skill/c6c23b4b-c9c9-42c8-86d2-3646631bdbd4,klippe råopptak digitalt,released,skill/competence,sector-specific,,Klippe råopptak digitalt for å sette sammen filmsekvensen og avgjøre hva som kan brukes.,http://data.europa.eu/esco/skill/8ddcb295-707e-459c-ba6a-66ffb37835c5,betjene audiovisuelt utstyr
KnowledgeSkillCompetence,http://data.europa.eu/esco/skill/c6c37f68-190e-4482-905c-93007a64ed61,betjene radarutstyr,released,skill/competence,cross-sector,studere radarbilder | utføre luftfartsnavigasjon ved bruk av radarutstyr | sikre flysikkerhet ved bruk av radarutstyr | bruke radarutstyr | utføre luftfartsnavigasjon gjennom bruk av radarutstyr | utføre radaroperasjoner for å sikre flysikkerheten | betjene radarenheter | betjene radarutstyr og enheter | bruke radarer for luftfart | drive luftfartsnavigasjonsvirksomhet ved bruk av radarutstyr | bruke radarenheter | bruke radarutstyr for å ivareta flysikkerheten | sikre flysikkerheten gjennom bruk av radarutstyr | sikre luftfartssikkerhet gjennom bruk av radarutstyr | utføre luftfartsnavigasjonsaktiviteter ved bruk av radarutstyr | bruke luftfartsradarer | utføre radaroperasjoner for å ivareta flysikkerheten,Betjene radarskjermer og annet radarutstyr; sikre at luftfartøyer flyr i en trygg avstand fra hverandre.,http://data.europa.eu/esco/skill/0a88a13f-693a-4dde-b44c-22e6f98fabc6,betjene kommunikasjonsutstyr
KnowledgeSkillCompetence,http://data.europa.eu/esco/skill/c7282ec3-9153-4b4b-b7de-777e3207b04e,datastyrte tilførselssystemer,released,knowledge,sector-specific,,Virkemåte til de datastyrte systemene som skal brukes som fôring.,http://data.europa.eu/esco/isced-f/0811,dyrking av nyttevekster og dyreoppdrett
KnowledgeSkillCompetence,http://data.europa.eu/esco/skill/c741be10-1d34-42ed-94fc-3e78791e4bd5,gi råd om online dating,released,skill/competence,occupation-specific,,"Hjelpe kunder med å lage en nettprofil på sosiale medier eller dating-nettsteder som gir et positivt og sannferdig bilde av dem. Gi dem råd om hvordan de sender meldinger, og oppretter kontakt med noen.",http://data.europa.eu/esco/skill/045f71e6-0699-4169-8a54-9c6b96f3174d | http://data.europa.eu/esco/skill/62afcfdd-a2a6-4143-bafb-59c77e15a01c | http://data.europa.eu/esco/skill/fcea2d0a-76ff-41ec-960d-ffc44dda252a,gi råd | gi råd om produkter og tjenester | gi datingveiledning
KnowledgeSkillCompetence,http://data.europa.eu/esco/skill/c7451027-8249-405a-bb1b-342ff0f3fb3b,Salt (verktøy for programvarekonfigurasjonsstyring),released,knowledge,sector-specific,,"Verktøyet Salt er en programvare for å utføre konfigurasjonsidentifisering, kontroll, status for regnskap og revisjon.",http://data.europa.eu/esco/skill/9d2e926f-53d9-41f5-98f3-19dfaa687f3f | http://data.europa.eu/esco/isced-f/0613,verktøy for programvarekonfigurasjonsstyring | utvikling og analyse av programvare og dataprogrammer
KnowledgeSkillCompetence,http://data.europa.eu/esco/skill/c779cf40-506b-44b6-a366-b3bff0a5e11a,bruke intranett,released,skill/competence,occupation-specific,bruke intranettsystemer,"Bruke et privat nettverk i en organisasjon for å lagre informasjon og forbedre kommunikasjon og samarbeid mellom ansatte.
	",http://data.europa.eu/esco/skill/98fb499f-9155-412d-a8a0-95ba97126fec,bruke digitale verktøy for samarbeid og produktivitet
KnowledgeSkillCompetence,http://data.europa.eu/esco/skill/c77db25e-bb51-4a10-b2ad-99b48b1b4a37,vedlikeholde datamaskinvare,released,skill/competence,cross-sector,,"Diagnostisere og påvise funksjonssvikt i datamaskinkomponenter og -systemer, og fjerne, skifte ut eller reparere disse komponentene når det er nødvendig. Utføre forebyggende vedlikeholdsoppgaver, som lagring av maskinvare på rene, støvfrie og tørre steder.",http://data.europa.eu/esco/skill/ec0401f1-f690-46be-934b-f6f5611085f5,"vedlikeholde elektrisitets-, elektro- og presisjonsutstyr"
KnowledgeSkillCompetence,http://data.europa.eu/esco/skill/c7d24594-0c11-4b27-9039-fe0bb903da8e,LINQ,released,knowledge,sector-specific,,"Dataspråket LINQ er et språk som gjør det mulig å samle inn opplysninger fra en database, og på dokumenter som inneholder nødvendige opplysninger. Det er utviklet av dataselskapet Microsoft.",http://data.europa.eu/esco/skill/9cf681c7-89ec-470c-b651-7fe03786f586 | http://data.europa.eu/esco/isced-f/0613 | http://data.europa.eu/esco/skill/99207709-d076-4cce-ba38-e90d3bb28806,spørringsspråk | utvikling og analyse av programvare og dataprogrammer | Resource Description Framework-spørringsspråk
KnowledgeSkillCompetence,http://data.europa.eu/esco/skill/c8ca84c8-7eb7-493f-9178-729f46b7591a,sette opp totalisatortavle,released,skill/competence,occupation-specific,sette opp totalisator,Montere totalisatortavlen som brukes til å vise informasjon i forbindelse med totalisatorveddemål.,http://data.europa.eu/esco/skill/f839b1da-78b6-4466-86f4-a5798821ea20,sette opp datasystem
KnowledgeSkillCompetence,http://data.europa.eu/esco/skill/c8d53d69-d900-4092-af80-c5d0422bcdb3,Source (digitale spillutviklingssystemer),released,knowledge,sector-specific,,"Spillmotoren Source som er et programrammeverk som består av integrerte miljøer for utvikling og spesialisert designverktøy, som er utformet for den raske iterasjon av brukerderiverte dataspill.",http://data.europa.eu/esco/skill/966f2fd3-3de6-42da-b87c-da924c6d7960 | http://data.europa.eu/esco/isced-f/0211,digitale spillutviklingssystemer | audiovisuell teknikk og medieproduksjon
KnowledgeSkillCompetence,http://data.europa.eu/esco/skill/c8de8023-ab8a-402b-a828-b2b57cd3b2f7,installere programvare,released,skill/competence,cross-sector,,"Installere maskinlesbare instruksjoner, som dataprogrammer, for å få datamaskinens prosessor til å utføre et visst sett med handlinger.",http://data.europa.eu/esco/skill/f839b1da-78b6-4466-86f4-a5798821ea20,sette opp datasystem
KnowledgeSkillCompetence,http://data.europa.eu/esco/skill/c8fa4313-80b0-4f37-8b1b-1739707bc362,undervise i digital kompetanse,released,skill/competence,cross-sector,,"Undervise studenter i teori og praksis for (grunnleggende) digital kompetanse og datakompetanse, som for eksempel effektiv maskinskriving, arbeid med grunnleggende netteknologier og sjekking av e-post. Dette omfatter også lære studentene opp i riktig bruk av datamaskiner og programvare.",http://data.europa.eu/esco/skill/238343b1-7b51-42b3-a9ed-cf24d3a236e7 | http://data.europa.eu/esco/skill/6c4fa8c8-e9e1-49b5-897f-6b61fe649488,identifisere gap innen digital kompetanse | gi opplæring i operasjonelle prosedyrer
KnowledgeSkillCompetence,http://data.europa.eu/esco/skill/c900bdb8-0ed1-4d39-80f8-6e0a05a575f4,arbeide med e-tjenester som er tilgjengelige for borgere,released,skill/competence,occupation-specific,,"Bruke, administrere og arbeide med offentlige og private nettjenester, for eksempel e-handel, e-styring, nettbank, e-helse.
	",http://data.europa.eu/esco/skill/16a00c69-9c74-4c37-96d7-6301d285e5ce | http://data.europa.eu/esco/skill/258fea29-09db-4918-8235-0d7d529cd31c,"bruke e-tjenester | bla gjennom, søke i og filtrere digitale data"
KnowledgeSkillCompetence,http://data.europa.eu/esco/skill/c95c29fe-3971-46b7-80e9-1f7e75ba99b3,bruke spesifikk dataanalyseprogramvare,released,skill/competence,occupation-specific,,"Bruke spesifikk programvare for dataanalyse, herunder statistikk, regneark og databaser. Utforske muligheter for å lage rapporter til ledere, overordnede eller kunder.",http://data.europa.eu/esco/skill/2b92a5b2-6758-4ee3-9fb4-b6387a55cc8f | http://data.europa.eu/esco/skill/6a7fc30d-af16-4cc5-a957-29d174bdb61c,"utføre dataanalyse | innhente, forvalte og lagre data"
KnowledgeSkillCompetence,http://data.europa.eu/esco/skill/c9b6aa32-6c42-4903-8e5a-23e43edf03fc,online moderasjonsteknikker,released,knowledge,sector-specific,,"Strategiene og metodene som er brukt for å samhandle på nettet, og moderere nettbrukere og grupper.",http://data.europa.eu/esco/isced-f/0413 | http://data.europa.eu/esco/skill/5b46f572-7ced-4efd-b270-a81a164d521c,ledelse og administrasjon | moderere diskusjoner
KnowledgeSkillCompetence,http://data.europa.eu/esco/skill/c9e96450-421d-48af-9ee6-d9c50e29afc2,IKT-gjenopprettingsteknikker,released,knowledge,sector-specific,,"Teknikker for gjenvinning av maskinvare eller programvare og data, etter svikt, korrupsjon eller skade.",http://data.europa.eu/esco/isced-f/0613,utvikling og analyse av programvare og dataprogrammer
KnowledgeSkillCompetence,http://data.europa.eu/esco/skill/ca71c597-51c2-4ead-a7b0-b108bce89caf,kognitiv databehandling,released,knowledge,sector-specific,kognitiv databehandlingsteknologi | kognitiv datateknologi,"Det tverrfaglige feltet mellom kognitiv vitenskap og datavitenskap som innebærer å simulere menneskelige tankeprosesser gjennom en datastyrt tilnærming. Den bruker algoritmer for datamining og naturlig språkbehandling for å etterligne funksjonen til den menneskelige hjerne.
	",http://data.europa.eu/esco/isced-f/0688,tverrfaglige programmer og kvalifikasjoner innen informasjons- og kommunikasjonsteknologi (ikt)
KnowledgeSkillCompetence,http://data.europa.eu/esco/skill/ca73ac82-867a-4afa-9732-834aebe896ff,IKT-systembrukerkrav,released,knowledge,sector-specific,,"Tilpasse brukerens og organisasjonens behov og systemkomponenter og -tjenester, idet det tas hensyn til den tilgjengelige teknologi og de teknikker som kreves for å framkalle eller angi krav, må det være mulig for brukerne å fastslå symptomer på problemet og analysere symptomer.",http://data.europa.eu/esco/isced-f/0613,utvikling og analyse av programvare og dataprogrammer
KnowledgeSkillCompetence,http://data.europa.eu/esco/skill/ca8fae74-46ff-4e1b-94ef-ce22393e02e7,transkribere tekster,released,skill/competence,occupation-specific,,"Bruke inndataenheter som mus, tastatur og skanner til å transkribere tekster på en datamaskin.",http://data.europa.eu/esco/skill/9bdf8a77-8524-43da-bac6-d15d22e1b7ed,legge inn og transformere opplysninger
KnowledgeSkillCompetence,http://data.europa.eu/esco/skill/cae4c053-05d1-413d-8499-f37793aad56e,lydredigeringsprogramvare,released,knowledge,cross-sector,,"De forskjellige programvarene for redigering og oppretting av lyd, f.eks. Adobe Audition, Soundforge og Power Sound Editor.",http://data.europa.eu/esco/isced-f/0611,bruk av datamaskiner
KnowledgeSkillCompetence,http://data.europa.eu/esco/skill/cb5cccc9-abe4-4b11-abe6-d27e5cd85fb1,administrere standarder for datautveksling,released,skill/competence,sector-specific,,Fastsette og opprettholde standarder for omdanning av data fra kildeskjemaer til den nødvendige datastrukturen i et resultatskjema.,http://data.europa.eu/esco/skill/c23e0a2f-f04b-45bc-b0dd-20571f6b502c,utarbeide retningslinjer og rutiner for drift
KnowledgeSkillCompetence,http://data.europa.eu/esco/skill/cb886ee9-c4e4-4d3b-9961-228e9f283a69,bruke ultrasonisk utstyr,released,skill/competence,occupation-specific,,Bruk ultralydteknikker og -utstyr til å oppdage feil i faste materialer.,http://data.europa.eu/esco/skill/7ca69606-5ffc-4668-ae53-713c1f1612e6,betjene vitenskapelig og laboratorisk utstyr
KnowledgeSkillCompetence,http://data.europa.eu/esco/skill/cbe2c304-1e7d-489a-97d9-a7d3e37a9db6,anvende IKT-systemteori,released,skill/competence,sector-specific,,Implementere prinsipper for IKT-systemteori for å forklare og dokumentere systemegenskaper som kan anvendes universelt på andre systemer.,http://data.europa.eu/esco/skill/f839b1da-78b6-4466-86f4-a5798821ea20,sette opp datasystem
KnowledgeSkillCompetence,http://data.europa.eu/esco/skill/cbeb1221-10ed-4676-a2a1-576718977001,betjene audiosignalprosessorer,released,skill/competence,cross-sector,,Betjene lydsignalprosessorer for å endre lydsignaler.,http://data.europa.eu/esco/skill/bcc0db5f-c1e8-4f08-b68b-020396ef07b9 | http://data.europa.eu/esco/skill/8ddcb295-707e-459c-ba6a-66ffb37835c5,bruke lydgjengivelsesprogramvare | betjene audiovisuelt utstyr
KnowledgeSkillCompetence,http://data.europa.eu/esco/skill/cc608319-716f-4940-b80d-79e76d8a2cad,projeksjonsutstyr,released,knowledge,occupation-specific,,"De forskjellige typene av projeksjonsutstyr, deres egenskaper og bruksområder.",http://data.europa.eu/esco/isced-f/0211,audiovisuell teknikk og medieproduksjon
KnowledgeSkillCompetence,http://data.europa.eu/esco/skill/cc716f65-a0d0-4fba-95d9-64c358f697c0,overvåke IKT-forskning,released,skill/competence,sector-specific,,Følge med på og undersøke nye trender og utvikling innen IKT-forskning. Følge med på og forutse kunnskapsøkning.,http://data.europa.eu/esco/skill/e2a5e046-3357-493e-bbdc-8d0ef82005cc | http://data.europa.eu/esco/skill/7a17d7ce-01a2-4746-bbcc-22ffe22fa16e,overvåking av utviklingen innen kompetanseområdet | overvåke teknologitrender
KnowledgeSkillCompetence,http://data.europa.eu/esco/skill/cc7370dd-69fa-4c67-a96f-d4d135d38700,datakvalitetsvurdering,released,knowledge,sector-specific,,"Gi opplysninger om dataproblemer ved hjelp av kvalitetsindikatorer, tiltak og måling i forbindelse med å planlegge rensing av data og data om berikelse av dataene i henhold til datakvalitetskriterier.",http://data.europa.eu/esco/isced-f/0417 | http://data.europa.eu/esco/skill/c7cc6dc5-d56b-4323-8e5c-47c4022f615f,arbeidsferdigheter | kvalitetssikringsmetoder
KnowledgeSkillCompetence,http://data.europa.eu/esco/skill/ccd0a1d9-afda-43d9-b901-96344886e14d,Python (dataprogrammering),released,knowledge,sector-specific,Python2 | Pyston | Py3K | Python prog | Python3 | Python 3k | Python3000,"Teknikkene og prinsippene for utvikling av programvare, f.eks. analyse, algoritmer, koding, testing og utarbeiding av programmeringsparadigmer i Python.",http://data.europa.eu/esco/skill/21d2f96d-35f7-4e3f-9745-c533d2dd6e97 | http://data.europa.eu/esco/isced-f/0613,dataprogrammering | utvikling og analyse av programvare og dataprogrammer
KnowledgeSkillCompetence,http://data.europa.eu/esco/skill/ccdbd9bb-4faf-403c-a968-e8bf487f8a53,IKT-forretningssystemer,released,knowledge,sector-specific,,"Programvarepakkene, maskinvare og nye teknologier som brukes til å støtte aktiviteter i næringslivet, f.eks. planlegging av foretaksressurser (ERP), kundebehandling (CRM), mobile enheter og nettverksløsninger.",http://data.europa.eu/esco/isced-f/0611,bruk av datamaskiner
KnowledgeSkillCompetence,http://data.europa.eu/esco/skill/cd56a093-3400-4635-80bd-b9611dcf1542,Gamemaker Studio,released,knowledge,sector-specific,,"Den plattformdekkende spillplattformen som er skrevet på programmeringsspråket Delphi og består av integrerte utviklingsmiljøer og spesialiserte designverktøy, designet for rask iterasjon av brukerderiverte dataspill.",http://data.europa.eu/esco/skill/966f2fd3-3de6-42da-b87c-da924c6d7960 | http://data.europa.eu/esco/isced-f/0211,digitale spillutviklingssystemer | audiovisuell teknikk og medieproduksjon
KnowledgeSkillCompetence,http://data.europa.eu/esco/skill/cd733651-f332-422e-a9a1-1b19b5e98449,bruke sensorer for skadedyrdeteksjon,released,skill/competence,sector-specific,,"Bruke trådløs sensornettverksteknologi som laveffekts bildesensorer, akustiske sensorer eller sensorer for måling av bladområdeindeksen til å overvåke og oppdage forekomster av skadelige insekter i avlingsproduksjon.
	",http://data.europa.eu/esco/skill/c8f4aad2-ea23-49a2-9708-a6049c2d28ce,bruke presisjonsmåleutstyr
KnowledgeSkillCompetence,http://data.europa.eu/esco/skill/cdaf66a1-eaf3-4fef-af6e-2e9bbe2c326c,sårbarheter i distribuert hovedbokteknologi,released,knowledge,sector-specific,sikkerhet i distribuert hovedbokteknologi,"Kunnskapen om de essensielle sårbarhetene i distribuert hovedbok, inkludert utvekslingshack, 51 %-angrep, exitscam, utpressing, DeFi, phishing og konklusjon.
	",http://data.europa.eu/esco/isced-f/0612,utvikling og administrasjon av databaser og datanett
KnowledgeSkillCompetence,http://data.europa.eu/esco/skill/cdd8b6b2-2fd9-453c-8d62-8a1dc6efcd49,systemteori,released,knowledge,sector-specific,,"Prinsipper som kan anvendes på alle typer systemer på alle hierarkiske nivåer, som beskriver systemets interne organisasjon, dets ordninger for å opprettholde identitet og stabilitet og å oppnå tilpasning og regler i form av sine avhengigheter og interaksjon med miljøet.",http://data.europa.eu/esco/isced-f/0613,utvikling og analyse av programvare og dataprogrammer
KnowledgeSkillCompetence,http://data.europa.eu/esco/skill/cdfb75ab-adc3-4143-a453-b91949dcfa1f,bruke programvare til å tegne skisser av tekstilprodukter,released,skill/competence,sector-specific,,"Tegne skisser av tekstilprodukter ved hjelp av programvare. Lage visualiseringer av motiver, mønstre eller produkter som skal produseres.",http://data.europa.eu/esco/skill/50373f03-3e81-4d2e-99c6-d0f2ff42b138 | http://data.europa.eu/esco/skill/541561bc-510c-4a99-881c-2d8bf5a85462 | http://data.europa.eu/esco/skill/d65e43ec-236d-4774-9ee6-f7f88e715bc4 | http://data.europa.eu/esco/skill/b1115b14-fa16-4c1e-be6c-91fd49a1808b,lage skisser | bruke teknisk tegneprogramvare | designe klær | bruke dataassisterte design- og tegneverktøy
KnowledgeSkillCompetence,http://data.europa.eu/esco/skill/ce26e71f-2d47-474e-89b6-7920931ac4fc,iOS,released,knowledge,sector-specific,IPad OS | Iphone os | Mac OS X | AppleiOS | OS X iPhone | IPod Touch OS | Apple iOS,"Operativsystemet iOS består av funksjoner, begrensninger, arkitekturer og andre egenskaper ved operativsystemer som er beregnet på å brukes på mobile enheter.",http://data.europa.eu/esco/isced-f/0613 | http://data.europa.eu/esco/skill/976455eb-5bbe-4493-ae64-ed16c3b009ea,utvikling og analyse av programvare og dataprogrammer | mobile operativsystemer
KnowledgeSkillCompetence,http://data.europa.eu/esco/skill/ce2dcc4b-d0a4-4aa4-b84a-a08da3c31d7d,forklare prinsipper for distribuert finansteknologi,released,skill/competence,cross-sector,forklare egenskaper ved distribuert finansteknologi,"Forklare prinsippene for systemarkitekturen som ligger til grunn for distribuerte hovedbokteknologier (DLT), spesielt blokkjede. Forstå DLT-systemarkitekturen når det gjelder funksjonelle komponenter i kjerne- og tjenestelagene, applikasjonstjenesteplattformen, DLT-tjenester og eksterne tjenester. Forstå samspillet mellom disse komponentene for å gi DLT-baserte funksjoner som konsensusmekanismefunksjoner, hovedbokhåndteringsfunksjoner, mekanismefunksjoner for smartkontrakter og distribuerte applikasjonsadministrasjonsfunksjoner.
	",http://data.europa.eu/esco/skill/a8c3186b-c791-4d57-8f4f-4d12c7a5c6a7,programmering av datasystemer
KnowledgeSkillCompetence,http://data.europa.eu/esco/skill/ce354460-500e-4eaa-8e95-8f243fcea3db,administrere systemtesting,released,skill/competence,sector-specific,,"Velge ut, gjennomføre og spore testing av programvare og maskinvare for å oppdage systemfeil, både i integrerte systemenheter, integrasjonskomponenter og systemet som helhet. Organisere testing som installasjonstesting, sikkerhetstesting og testing av brukergrensesnittet.",http://data.europa.eu/esco/skill/6d0cad66-82dd-4854-a03a-68232942c68d,installere deler av tre og metall
KnowledgeSkillCompetence,http://data.europa.eu/esco/skill/ce6242a1-a2d9-43e6-a481-ae89b9ec0460,modellere mikroelektronikk,released,skill/competence,sector-specific,,"Modellere og simulere mikroelektroniske systemer, produkter og komponenter ved hjelp av teknisk designprogramvare. Vurdere produktets levedyktighet og undersøke de fysiske parameterne for å sikre en vellykket produksjonsprosess.",http://data.europa.eu/esco/skill/74b7938e-f667-48ff-a26d-faed294ac6c9,lage modeller
KnowledgeSkillCompetence,http://data.europa.eu/esco/skill/ce8ae6ca-61d8-4174-b457-641de96cbff4,automatisere skyoppgaver,released,skill/competence,sector-specific,automatisering av skyoppgaver,"Automatisere manuelle eller repeterbare prosesser for å minimere administrasjonskostnader. Evaluere skyautomatiseringsalternativer for nettverksdistribueringer og verktøybaserte alternativer for nettverksoperasjoner og -administrasjon.
	",http://data.europa.eu/esco/skill/aca5081a-ceb0-4028-9cc5-1daafd4f86f9,utvikle løsninger
KnowledgeSkillCompetence,http://data.europa.eu/esco/skill/cf200547-25b5-47c8-9eda-bca4aedc13fb,programmere fastvare,released,skill/competence,cross-sector,,"Programmere fast programvare med skrivebeskyttet minne (ROM) på en maskinvareenhet, for eksempel en integrert krets.",http://data.europa.eu/esco/skill/a8c3186b-c791-4d57-8f4f-4d12c7a5c6a7,programmering av datasystemer
KnowledgeSkillCompetence,http://data.europa.eu/esco/skill/cf310cff-0d28-4dbc-9dbb-cc500a3196c2,kontorprogramvare,released,knowledge,cross-sector,,"Kjennetegn ved og virkemåte i dataprogrammer for kontoroppgaver, f.eks. tekstbehandling, regneark, presentasjon, e-post og database.",http://data.europa.eu/esco/isced-f/0611,bruk av datamaskiner
KnowledgeSkillCompetence,http://data.europa.eu/esco/skill/cf3e976d-2c3e-495c-a874-f9e8a66d3b48,utføre sikkerhetskopiering,released,skill/competence,sector-specific,,"Utføre prosedyrer for sikkerhetskopiering for å sikkerhetskopiere data og systemer for å sikre permanent og pålitelig drift av systemet. Utføre sikkerhetskopiering av data for å sikre informasjon, ved å kopiere og arkivere dem for å sikre integriteten ved systemintegrasjon og etter at tap av data har inntruffet.",http://data.europa.eu/esco/skill/611ed16b-99bf-4840-9cab-f55d1d286e0a | http://data.europa.eu/esco/skill/185c56ee-098f-46a1-af87-56337085da6f,lagre digitale data og systemer | beskytte it-enheter
KnowledgeSkillCompetence,http://data.europa.eu/esco/skill/cf532795-a1fd-43bd-8407-6e43f877e6e3,administrasjon av mobile enheter,released,knowledge,sector-specific,mobile terminaler | ta med din egen enhet | administrasjon av mobiltelefonenheter | BYOD,Metoder for håndtering av bruken av mobile innretninger i en organisasjon samtidig som sikkerheten ivaretas.,http://data.europa.eu/esco/isced-f/0612,utvikling og administrasjon av databaser og datanett
KnowledgeSkillCompetence,http://data.europa.eu/esco/skill/cfa2be0d-96d5-4017-a866-962efb9c5070,signalbehandling,released,knowledge,sector-specific,,"Algoritmer, bruksområder og implementeringer som omhandler behandling og overføring av opplysninger gjennom analoge eller digitale frekvenser.",http://data.europa.eu/esco/isced-f/0714,elektronikk og automasjon
KnowledgeSkillCompetence,http://data.europa.eu/esco/skill/cfb8d64c-f8d7-4894-a02e-2551ab33f1d0,Canvas (læringsstyringssystemer),released,knowledge,sector-specific,,"Canvas-nettverket er en e-læringsplattform for å opprette, administrere, ordne, rapportere og levere nettbaserte opplæringsprogrammer.",http://data.europa.eu/esco/skill/6c80d53c-d8c9-41fe-998f-091fca208834 | http://data.europa.eu/esco/isced-f/0612,læringsstyringssystemer | utvikling og administrasjon av databaser og datanett
KnowledgeSkillCompetence,http://data.europa.eu/esco/skill/d04ee340-5378-4601-8181-19da6d5cbfe0,administrere nettsted,released,skill/competence,cross-sector,,"Tilby ulike tjenester relatert til nettstedsadministrasjon, som å overvåke trafikk på nettet, administrere innhold, gi nettstedsstøtte og gjøre beregninger og forbedringer på et nettsted.
	",http://data.europa.eu/esco/skill/6a7fc30d-af16-4cc5-a957-29d174bdb61c,"innhente, forvalte og lagre data"
KnowledgeSkillCompetence,http://data.europa.eu/esco/skill/d0a7144b-ba91-4489-acb8-a055c6b7e968,skanne negativer,released,skill/competence,sector-specific,,"Skanne bearbeidede negativer, slik at de kan bli lagret digitalt, redigert og skrevet ut.",http://data.europa.eu/esco/skill/dcb9c446-bb08-44de-89b6-851ac2903eaf,betjene printere og utstyr for fotoproduksjon
KnowledgeSkillCompetence,http://data.europa.eu/esco/skill/d0c6d77e-cb25-4770-bf77-2073fc5f7523,IKT-infrastruktur,released,knowledge,sector-specific,,"Systemet, nettverket, maskinvare og programvarebruk samt komponenter, så vel som enheter og prosesser som brukes for å utvikle, teste, levere, overvåke, kontrollere eller støtte IKT-tjenester.",http://data.europa.eu/esco/isced-f/0714,elektronikk og automasjon
KnowledgeSkillCompetence,http://data.europa.eu/esco/skill/d0e438df-18fb-4d70-b661-09a4e879e0db,betjene livreddende utstyr,released,skill/competence,sector-specific,,"Betjene redningsfarkoster og deres sjøsettingsinnretninger og -metoder. Betjene redningsutstyr som radioredningsutstyr, satellitt-nødpeileutstyr, SART, redningsdrakter og termisk beskyttelsesutstyr.",http://data.europa.eu/esco/skill/872c0ddb-f056-4f51-afac-fc3d6fae0f5b,betjene medisinsk utstyr
KnowledgeSkillCompetence,http://data.europa.eu/esco/skill/d12e9d68-84c5-444e-aa98-d36533bf03f6,anvende operasjoner for et ITIL-basert miljø,released,skill/competence,occupation-specific,,Korrekt betjene ITIL-baserte brukerstøtteprosedyrer.,http://data.europa.eu/esco/skill/802deca0-b880-4d1a-b366-e13b27621baf,følge driftsrutiner
KnowledgeSkillCompetence,http://data.europa.eu/esco/skill/d1455e46-2d0d-4661-86ab-3cb7a0c46d02,logge informasjon om nødanrop elektronisk,released,skill/competence,occupation-specific,,"Registrere opplysninger som mottas under nødanrop, på en datamaskin for videre behandling eller for loggformål.",http://data.europa.eu/esco/skill/1034004c-0347-4765-8794-b65d2c92b379,dokumentering og registrering av informasjon
KnowledgeSkillCompetence,http://data.europa.eu/esco/skill/d15ce60f-ddab-41ce-ba56-398451b77b60,kunne betjene en datamaskin,released,skill/competence,cross-sector,,"Bruke datamaskiner, IT-utstyr og moderne teknologi på en effektiv måte.",http://data.europa.eu/esco/skill/4d6a48ae-352e-4823-bc3a-3f3e9e2cae86,tilgang til og analyse av digitale data
KnowledgeSkillCompetence,http://data.europa.eu/esco/skill/d181042e-c531-4461-af7c-4071c53418fe,skrive på elektroniske enheter,released,skill/competence,cross-sector,,Skrive raskt og feilfritt på elektroniske innretninger som datamaskiner for å sikre rask og nøyaktig registrering av data.,http://data.europa.eu/esco/skill/9bdf8a77-8524-43da-bac6-d15d22e1b7ed,legge inn og transformere opplysninger
KnowledgeSkillCompetence,http://data.europa.eu/esco/skill/d1a86399-24d8-415f-98b9-e8cbb6b04a26,Unity (digitale spillutviklingssystemer),released,knowledge,sector-specific,,"Spillmotoren Unity, som er et programvarerammeverk bestående av integrerte miljøer og spesialisert designverktøy, som er utformet for den raske iterasjon av brukerderiverte dataspill.",http://data.europa.eu/esco/skill/966f2fd3-3de6-42da-b87c-da924c6d7960 | http://data.europa.eu/esco/isced-f/0211,digitale spillutviklingssystemer | audiovisuell teknikk og medieproduksjon
KnowledgeSkillCompetence,http://data.europa.eu/esco/skill/d1e954cd-d290-4d80-97c0-7969960d2928,distribuerte kataloginformasjonstjenester,released,knowledge,sector-specific,,"Katalogtjenestene som automatiserer nettforvaltningen av sikkerhet, brukerdata og distribuerte ressurser og kan få tilgang til opplysninger i katalogen til et datasystem.",http://data.europa.eu/esco/isced-f/0612,utvikling og administrasjon av databaser og datanett
KnowledgeSkillCompetence,http://data.europa.eu/esco/skill/d1ed5b3a-cab5-4c5d-baf8-0214998b58fb,beskytte helse og velvære under bruk av digitale teknologier,released,skill/competence,cross-sector,,Være i stand til å unngå helsefare og trusler mot fysisk og psykisk velferd når digital teknologi brukes. Kunne beskytte seg og andre fra mulige farer i digitale miljøer (f.eks. digital mobbing). Være oppmerksom på digitale teknologier for sosial velferd og sosial integrasjon.,http://data.europa.eu/esco/skill/426ceaba-6867-481c-bb6b-aee3933da7d2 | http://data.europa.eu/esco/skill/5bcec244-3efe-45ac-8891-0ab4a91e9c48,IKT-sikkerhet | overholde helse- og sikkerhetsprosedyrer
KnowledgeSkillCompetence,http://data.europa.eu/esco/skill/d1fa702c-9ea8-4a60-bb76-5ca07c32b68c,overvåke videokvalitet,released,skill/competence,occupation-specific,,Følge med på kvaliteten og fremdriften ved lyd- og bildebehandling og -redigering.,http://data.europa.eu/esco/skill/35ebe444-9ece-4fbc-a55d-e99ea37267ae | http://data.europa.eu/esco/skill/5d34adde-0b78-42b4-9d3d-69e9388d8398 | http://data.europa.eu/esco/skill/8ddcb295-707e-459c-ba6a-66ffb37835c5,administrere kvalitet | overvåke kvalitetskontroll | betjene audiovisuelt utstyr
KnowledgeSkillCompetence,http://data.europa.eu/esco/skill/d2309723-3472-46d2-865a-db81db2269b6,gjenkjenne blokkjederisikoer,released,skill/competence,sector-specific,identifisere risikoer i blokkjedeteknologi | forutsi risiko i blokkjedeteknologi | forutsi risikoer i blockchain-teknologi,"Gjenkjenne risiko forbundet med blokkjede og kryptovaluta. Bortsett fra standardrisiko forbundet med forretningsprosessene de driver, har blokkjeder verdioverføringsrisiko knyttet til verdioverføring av peer-to-peer-typen. Risiko er også knyttet til smartkontrakter som digitale representasjoner av mer eller mindre komplekse forretningsforhold.
	",http://data.europa.eu/esco/skill/7e153e1d-2b12-43ad-89f3-0cf82ebc4a30,utføre risikoanalyse og -styring
KnowledgeSkillCompetence,http://data.europa.eu/esco/skill/d2adb565-a865-424d-aeb5-9fbcbf2afe2a,Joomla,released,knowledge,sector-specific,,"Det nettbaserte programvaresystemet med åpen kilde, skrevet i PHP, brukt til å skape, redigere, utgi og arkivere blogger, artikler, nettsteder for små og store bedrifter, sosiale nettverk eller pressemeldinger.",http://data.europa.eu/esco/skill/5c66ce3a-658d-43b1-9d8d-0f39be6c0f2e | http://data.europa.eu/esco/isced-f/0613,WebCMS | utvikling og analyse av programvare og dataprogrammer
KnowledgeSkillCompetence,http://data.europa.eu/esco/skill/d31fab87-2a7d-485c-b699-2901ca294b15,bruke funksjonell programmering,released,skill/competence,sector-specific,,"Bruke spesialiserte IKT-verktøy for å lage datakode som behandler data ved å evaluere matematiske funksjoner og prøver å unngå tilstandsavhengige og foranderlige data. Bruke programmeringsspråk som støtter denne metoden, som for eksempel LISP, PROLOG og Haskell.",http://data.europa.eu/esco/skill/a8c3186b-c791-4d57-8f4f-4d12c7a5c6a7,programmering av datasystemer
KnowledgeSkillCompetence,http://data.europa.eu/esco/skill/d3286405-49f8-4e8a-8046-a4376b4e7963,administrer skydata og -lagring,released,skill/competence,sector-specific,skylagring og datahåndtering,"Opprette og administrers databevaring i skyen. Identifisere behov for, og implementere, databeskyttelse, kryptering og kapasitetsplanlegging.
	",http://data.europa.eu/esco/skill/29fb0fb5-dfc4-4098-ac9b-3a712000f48f | http://data.europa.eu/esco/skill/32c017fd-28ab-4051-bf68-74de952c2f77,administrere database | administrasjon av informasjon
KnowledgeSkillCompetence,http://data.europa.eu/esco/skill/d32db06e-bd06-4415-a7ab-1b0ee68caa9a,IKT-kryptering,released,knowledge,sector-specific,,"Konvertere elektroniske data til et format som kan leses bare av godkjente parter, som bruker sentral kryptering, f.eks. Public Key Infrastructure (PKI) og Secure Socket Layer (SSL).",http://data.europa.eu/esco/isced-f/0612,utvikling og administrasjon av databaser og datanett
KnowledgeSkillCompetence,http://data.europa.eu/esco/skill/d38055cc-7c76-4e5e-90e7-5bb5d5851a92,koordinere allokering av Mode S-radarer til interrogatorkoder,released,skill/competence,sector-specific,,Sikre korrekt og sikker drift av sekundære overvåkingsraderer (Mode S). Sørge for at de blir konfigurert med en interrogatorkode (IC) som allokeres til hver enkelt radar spesielt.,http://data.europa.eu/esco/skill/c6c37f68-190e-4482-905c-93007a64ed61 | http://data.europa.eu/esco/skill/0a88a13f-693a-4dde-b44c-22e6f98fabc6,betjene radarutstyr | betjene kommunikasjonsutstyr
KnowledgeSkillCompetence,http://data.europa.eu/esco/skill/d3e36164-79aa-4f14-9a8c-d88d38f84ea0,tolke data om automatisk samtaledistribusjon,released,skill/competence,cross-sector,,"Tolke opplysninger om samtalestyringssystem, en enhet som sender innkommende anrop til bestemte grupper terminaler.",http://data.europa.eu/esco/skill/f2cf57fe-d4cb-4b4a-831d-73171cc73909 | http://data.europa.eu/esco/skill/1e77e42a-181f-4b48-8e74-201ce50ffc29,"evaluere system, program, utstyr og produkter | tolke gjeldende data"
KnowledgeSkillCompetence,http://data.europa.eu/esco/skill/d3e9b00a-0891-4fa8-836d-8240ec3d2758,personvernforordningen,released,knowledge,sector-specific,"GDPR | PVF | Eus generelle
personvernforordning","Personvernforordningen er EUs forordning om beskyttelse av fysiske personer med hensyn til behandling av personopplysninger og om fri bevegelse av slike data.
	",http://data.europa.eu/esco/skill/fbf53f87-9192-4a7f-b3c9-92a8c395c719 | http://data.europa.eu/esco/isced-f/0421,EU-lovgivningen | jus
KnowledgeSkillCompetence,http://data.europa.eu/esco/skill/d4789070-2ff7-4bbb-94ca-8bb1739826a9,redigeringsprogramvare,released,knowledge,cross-sector,,"Programvare som gir forhåndsprogrammerte elementer som gjør det mulig å utvikle interaktive multimedieapplikasjoner med sikte på å standardisere, utforme og fastsette innhold beregnet på offentliggjøring.",http://data.europa.eu/esco/isced-f/0611,bruk av datamaskiner
KnowledgeSkillCompetence,http://data.europa.eu/esco/skill/d4ae4774-a81d-4255-8491-cade3580685a,Adobe Photoshop Lightroom,released,knowledge,sector-specific,,Dataprogrammet Adobe Photoshop Lightroom er et grafisk IKT-verktøy som gir mulighet for digital redigering og sammensetning av grafikk til å gi både 2D-raster- eller 2D-vektorgrafikk. Det er utviklet av programvareselskapet Adobe.,http://data.europa.eu/esco/isced-f/0611 | http://data.europa.eu/esco/skill/a71577b2-7550-4222-88ee-dcbd2d881516,bruk av datamaskiner | programvare for redigering av grafikk
KnowledgeSkillCompetence,http://data.europa.eu/esco/skill/d503a629-9ac7-475f-8fd9-4cdcc14711cd,bruke IKT-utstyr innen vedlikeholdsaktiviteter,released,skill/competence,occupation-specific,,"Vedlikeholde eller reparere utstyr ved hjelp av informasjonsteknologi som skjermer, datamus, tastaturer, lagringsenheter, skrivere eller skannere.",http://data.europa.eu/esco/skill/0b9968af-72de-470a-98e1-2d19577443fb,løse dataproblemer
KnowledgeSkillCompetence,http://data.europa.eu/esco/skill/d52426a8-e84f-4652-a655-7a6195381fcd,identifisere GIS-problemer,released,skill/competence,cross-sector,,Se nærmere på GIS-problemer som krever særlig oppmerksomhet. Rapportere om disse problemene og utviklingen av dem regelmessig.,http://data.europa.eu/esco/skill/0b9968af-72de-470a-98e1-2d19577443fb,løse dataproblemer
KnowledgeSkillCompetence,http://data.europa.eu/esco/skill/d5464c09-f8b7-44b1-b216-db2bdc80dc17,betjene forhandlerstyringssystem,released,skill/competence,sector-specific,,"Betjene og vedlikeholde styringssystemet for finans, salg, deler, lager og administrative sider ved driften.",http://data.europa.eu/esco/skill/32c017fd-28ab-4051-bf68-74de952c2f77,administrasjon av informasjon
KnowledgeSkillCompetence,http://data.europa.eu/esco/skill/d560df46-dda4-4407-bab2-b87353a96814,designe kontrollsystemer,released,skill/competence,cross-sector,,Utvikle innretninger som styrer og overvåker andre innretninger og systemer ved hjelp av tekniske løsninger og elektronikkprinsipper.,http://data.europa.eu/esco/skill/39fa260c-4f85-48e3-83ce-e292e696c233,designe elektriske eller elektroniske system eller utstyr
KnowledgeSkillCompetence,http://data.europa.eu/esco/skill/d56358e4-3bcc-4b5d-981d-ea15b2743e9e,kvalitetskontrollsystemer,released,knowledge,sector-specific,,"Forståelse av og erfaring med kvalitetssystemer for produktutvikling, som FMEA, DOE, PPAP og APQP.",http://data.europa.eu/esco/skill/35ebe444-9ece-4fbc-a55d-e99ea37267ae | http://data.europa.eu/esco/skill/4ff549c3-daa5-4def-9916-301c7bdf13b8 | http://data.europa.eu/esco/isced-f/0714,administrere kvalitet | kontrollsystemer | elektronikk og automasjon
KnowledgeSkillCompetence,http://data.europa.eu/esco/skill/d56fc2b5-4b0a-4e7e-9bde-a33736f6ff18,Scratch (dataprogrammering),released,knowledge,sector-specific,,"Teknikker og prinsipper for utvikling av programvare, f.eks. analyse, algoritmer, koding, testing og utarbeiding av programmeringsparadigmer i Scratch.",http://data.europa.eu/esco/skill/21d2f96d-35f7-4e3f-9745-c533d2dd6e97 | http://data.europa.eu/esco/isced-f/0613,dataprogrammering | utvikling og analyse av programvare og dataprogrammer
KnowledgeSkillCompetence,http://data.europa.eu/esco/skill/d5a59ca8-2e91-472e-8571-d12ce4478679,Prosessbasert administrering,released,knowledge,sector-specific,,"Prosessbasert administrering er en metode for planlegging, forvaltning og overvåking av IKT-ressurser for å nå særlige mål, og ved hjelp av IKT-verktøy for prosjektledelse.",http://data.europa.eu/esco/isced-f/0413 | http://data.europa.eu/esco/skill/bec4359e-cb92-468f-a997-8fb28e32fba9,ledelse og administrasjon | Metoder innen IKT-prosjektledelse
KnowledgeSkillCompetence,http://data.europa.eu/esco/skill/d5bcc417-a004-4165-b7f1-ab739eadd2f4,smart by-funksjoner,released,knowledge,sector-specific,,"Bruken av stor data-teknologi i sammenheng med smarte byer for å utvikle nye programvareøkosystemer som basis for å utvikle avanserte mobilitetsfunksjoner.
	",http://data.europa.eu/esco/isced-f/0619,ikke annetsteds klassifisert informasjons- og kommunikasjonsteknologi
KnowledgeSkillCompetence,http://data.europa.eu/esco/skill/d663e407-33c6-4397-b40e-dced5ebe20b5,beregningsbasert kjemi,released,knowledge,sector-specific,kjemisk databehandling,"Den grenen av kjemi som tar sikte på å løse komplekse kjemiske problemer gjennom datasimuleringer.
	",http://data.europa.eu/esco/isced-f/0531,kjemi
KnowledgeSkillCompetence,http://data.europa.eu/esco/skill/d686f015-5568-4288-9135-74936cd7b655,blokkjedebaserte forretningsmodeller,released,knowledge,sector-specific,modeller for blockchain-basert virksomhet | modeller for blokkjedebasert virksomhet,"Studien av ulike blokkjede-forretningsmodeller som blokkjedebaserte programvareprodukter, Blockchain Development Platforms, Token Economy-Utility Token Business Model, P2P Blockchain Business Model, samt Blockchain as a Service Business Model (BaaS).
	",http://data.europa.eu/esco/isced-f/0612,utvikling og administrasjon av databaser og datanett
KnowledgeSkillCompetence,http://data.europa.eu/esco/skill/d68e8a54-7456-4f13-98d3-7aa0787fc6e2,betjene sorteringsmaskin,released,skill/competence,sector-specific,,Sette opp og overvåke maskinen som automatisk sorterer de ulike sidene av dokumenter.,http://data.europa.eu/esco/skill/dcb9c446-bb08-44de-89b6-851ac2903eaf,betjene printere og utstyr for fotoproduksjon
KnowledgeSkillCompetence,http://data.europa.eu/esco/skill/d6b31d8d-2f47-425a-a2b2-a6dddb3d2b19,typer digitale merker,released,knowledge,cross-sector,mikrolegitimasjon | digital legitimasjon | digitale merker | åpne merker,"Typene og egenskapene til digitale merker, for eksempel åpne merker, som lagrer informasjon om elevers ferdigheter og resultater og gjør det enklere for flere interessenter å bekrefte og anerkjenne denne informasjonen.
	",http://data.europa.eu/esco/isced-f/0188,tverrfaglige programmer og kvalifikasjoner innen undervisning
KnowledgeSkillCompetence,http://data.europa.eu/esco/skill/d6c29154-9cc1-48a4-a2de-3d1d0d7f0831,publiseringsstrategi,released,knowledge,sector-specific,,"Metoder, regler, medier og verktøy for offentliggjøring av innhold fra innholdsstyringssystemer i enkeltkilder eller på tvers av kilder.",http://data.europa.eu/esco/skill/e74f4f21-8d45-412c-b5c3-652e6167ee32 | http://data.europa.eu/esco/isced-f/0211,innholdsutviklingsprosesser | audiovisuell teknikk og medieproduksjon
KnowledgeSkillCompetence,http://data.europa.eu/esco/skill/d6cdef49-b669-4507-91d1-3f959cf98e47,vedlikeholde databaseytelse,released,skill/competence,sector-specific,,"Beregne verdier for databaseparametere. Implementere nye versjoner og utføre regelmessige vedlikeholdsoppgaver som strategier for sikkerhetskopiering og unngåelse av fragmenterte indekser.
	",http://data.europa.eu/esco/skill/29fb0fb5-dfc4-4098-ac9b-3a712000f48f | http://data.europa.eu/esco/skill/6a7fc30d-af16-4cc5-a957-29d174bdb61c,"administrere database | innhente, forvalte og lagre data"
KnowledgeSkillCompetence,http://data.europa.eu/esco/skill/d6e3395b-5ab6-4fba-969a-3df634e904c5,Begrensninger for IKT-nettverkskabel,released,knowledge,sector-specific,,"Begrensninger, f.eks. begrensninger i avstand og resistens ved typer kabler, f.eks. fiberkabel, coax-kabel og ethernet-kabel som brukes til oppbygging av nettverk.",http://data.europa.eu/esco/isced-f/0612,utvikling og administrasjon av databaser og datanett
KnowledgeSkillCompetence,http://data.europa.eu/esco/skill/d70701ca-d3be-44cb-963e-8e7142555144,overføre medisinsk informasjon,released,skill/competence,sector-specific,,Hente ut opplysninger fra pasienters journaler og legge dem inn i et datamaskinprogram.,http://data.europa.eu/esco/skill/7dd94ad3-13d6-43fe-8b94-51fcbf67ced9 | http://data.europa.eu/esco/skill/9bdf8a77-8524-43da-bac6-d15d22e1b7ed,tenke kritisk | legge inn og transformere opplysninger
KnowledgeSkillCompetence,http://data.europa.eu/esco/skill/d70cab7b-ad8c-4be8-84f0-c5f3f9501818,vedlikeholde utstyr for medieintegrering,released,skill/competence,occupation-specific,,"Kontrollere og reparere utstyr for medieintegrering og vedlikeholde programvaren.
	",http://data.europa.eu/esco/skill/ec0401f1-f690-46be-934b-f6f5611085f5,"vedlikeholde elektrisitets-, elektro- og presisjonsutstyr"
KnowledgeSkillCompetence,http://data.europa.eu/esco/skill/d78dedfc-21d2-45fd-ba05-e56b7a8865e6,nettverksstandarder,released,knowledge,sector-specific,retningslinjer for nettverket | nettverksretningslinjer | nettverksprotokoller | nettverksforskrifter,"Regulerte standarder som gir tekniske retningslinjer, spesifikasjoner og krav for å sikre sikker og effektiv interoperabilitet mellom enheter, programvare, utstyr og organisasjoner. Nettverksstandarder styrer programvaren og maskinvaren som bruker dem.
	",http://data.europa.eu/esco/isced-f/0612,utvikling og administrasjon av databaser og datanett
KnowledgeSkillCompetence,http://data.europa.eu/esco/skill/d7e4a9fa-cfc2-45f9-96eb-13dc6e48c86c,videokonferanseverktøy,released,knowledge,sector-specific,programvare for videokonferanser,"Programvaren som brukes til å muliggjøre virtuelle møter mellom mennesker via internett med sanntids multidireksjonell video- og lydstrømming.
	",http://data.europa.eu/esco/isced-f/0211,audiovisuell teknikk og medieproduksjon
KnowledgeSkillCompetence,http://data.europa.eu/esco/skill/d81b58ba-52e4-45fa-9f7c-f59b87fa6041,automatiske husholdningssystemer,released,knowledge,sector-specific,,"Smarte installasjoner i privatboliger for belysning, oppvarming, sikkerhet osv. som kan fjernstyres. Automatiske husholdningssystemer har som mål å forbedre livskvaliteten i hus og bygninger, inkludert å forbedre uavhengigheten til personer med funksjonshemninger og bidra til energisparing.
	",http://data.europa.eu/esco/isced-f/0714,elektronikk og automasjon
KnowledgeSkillCompetence,http://data.europa.eu/esco/skill/d822b4b2-26c7-4bd9-970d-229c6504f615,skape digitalt innhold,released,skill/competence,transversal,,"Skape og redigere enkelt digitalt innhold, om nødvendig med veiledning.
  ",http://data.europa.eu/esco/skill/3399045f-8078-4066-8b46-475b49b260ab,arbeide med digitale enheter og applikasjoner
KnowledgeSkillCompetence,http://data.europa.eu/esco/skill/d83e8dbd-257b-4aa9-abb5-e65924eb1797,etiske aspekter ved deling av arbeid gjennom sosiale medier,released,knowledge,sector-specific,prinsipper for å dele arbeid gjennom sosiale medier | idealer for deling av arbeid i sosiale medier | utføre justeringer etter hvert som arbeidet utvikler seg | prinsipper for deling av arbeid gjennom sosiale medier,"Etikken rundt riktig bruk av sosiale nettverk og mediekanaler for å dele arbeidet ditt.
	",http://data.europa.eu/esco/skill/5303169c-75d6-4751-9136-a4b88343388c | http://data.europa.eu/esco/isced-f/0223,administrasjon knyttet til sosiale medier | filosofi og etikk
KnowledgeSkillCompetence,http://data.europa.eu/esco/skill/d86595cb-0c68-4d98-aea8-32269da7eef5,betjene skanner,released,skill/competence,sector-specific,,Sette opp og betjene skannerutstyr og tilhørende maskin- og programvare.,http://data.europa.eu/esco/skill/dcb9c446-bb08-44de-89b6-851ac2903eaf | http://data.europa.eu/esco/skill/84f73180-4a45-49f4-9140-cb49bbc29531,betjene printere og utstyr for fotoproduksjon | stille skannerkontroller
KnowledgeSkillCompetence,http://data.europa.eu/esco/skill/d8726a5a-0614-4dc6-ad03-cf5e3b3caaa5,anvende IKT-terminologi,released,skill/competence,sector-specific,,Bruke IKT-terminologi og farsjargong på en systematisk og konsekvent måte i dokumentasjon og kommunikasjon.,http://data.europa.eu/esco/skill/6e62e776-fbfa-486c-a6df-58cd239c86fe,skrive teknisk eller akademisk
KnowledgeSkillCompetence,http://data.europa.eu/esco/skill/d87fe0be-9055-4a76-a444-e98b5bfad9d8,Taleo,released,knowledge,sector-specific,,"Dataprogrammet Taleo er en e-læringsportal for å skape, forvalte, organisere, rapportere og levere elektroniske utdannings- og opplæringsprogrammer.",http://data.europa.eu/esco/skill/6c80d53c-d8c9-41fe-998f-091fca208834 | http://data.europa.eu/esco/isced-f/0612,læringsstyringssystemer | utvikling og administrasjon av databaser og datanett
KnowledgeSkillCompetence,http://data.europa.eu/esco/skill/d8829a1d-dbde-435b-b921-29d6462f35c9,Android (mobile operativsystemer),released,knowledge,sector-specific,,"Operativsystemet Android består av egenskaper, begrensninger, arkitektur og andre egenskaper til et operativsystem som er beregnet på å brukes på mobile enheter.",http://data.europa.eu/esco/isced-f/0613 | http://data.europa.eu/esco/skill/976455eb-5bbe-4493-ae64-ed16c3b009ea,utvikling og analyse av programvare og dataprogrammer | mobile operativsystemer
KnowledgeSkillCompetence,http://data.europa.eu/esco/skill/d89b9a3f-19bf-4b9b-9664-ed35924eb399,samle inn data ved hjelp av GPS,released,skill/competence,cross-sector,,Samle inn data i felt ved hjelp av GPS-enheter (Global Positioning System).,http://data.europa.eu/esco/skill/97fb21db-a4e5-4b03-af21-03b9d510d872 | http://data.europa.eu/esco/skill/0d6714c6-720e-4985-9791-5ab85d28da79 | http://data.europa.eu/esco/skill/29dcc31e-a8d6-4a62-b3c1-2de81e966e39,betjene GPS-systemer | samle inn data | samle opplysninger fra fysiske eller elektroniske kilder
KnowledgeSkillCompetence,http://data.europa.eu/esco/skill/d8ee0b01-3d33-4a32-a07c-6a107400cac0,CAD for klesproduksjon,released,knowledge,sector-specific,,"Programvare for datamaskindesign i forbindelse med produksjon av klær, og som gir mulighet for 2- eller 3-dimensjonale tegninger.",http://data.europa.eu/esco/isced-f/0723,"tekstiler (klær, sko og lærvarer)"
KnowledgeSkillCompetence,http://data.europa.eu/esco/skill/d90bad2f-7fcc-4e85-a02f-ba4837732892,etterbehandling av bilder,released,knowledge,cross-sector,,Egenskaper ved programvare og teknikker som brukes ved fotografier.,http://data.europa.eu/esco/isced-f/0211,audiovisuell teknikk og medieproduksjon
KnowledgeSkillCompetence,http://data.europa.eu/esco/skill/d96078b0-12f4-47d3-a260-61d22050a840,kjøretøy-til-alt-teknologier,released,knowledge,sector-specific,V2X | V2X-teknologier,"Teknologi som gjør det mulig for kjøretøyer å kommunisere med andre kjøretøyer og trafikksysteminfrastruktur rundt dem. Denne teknologien består av to elementer: kjøretøy-til-kjøretøy-teknologi (V2V), som gjør det mulig for kjøretøy å kommunisere med hverandre, og kjøretøy-til-infrastruktur-teknologi (V2I), som gjør det mulig for kjøretøy å kommunisere med eksterne systemer som gatelys, bygninger og fotgjengere.
	",http://data.europa.eu/esco/isced-f/0619,ikke annetsteds klassifisert informasjons- og kommunikasjonsteknologi
KnowledgeSkillCompetence,http://data.europa.eu/esco/skill/d9818afc-1dec-4944-8c9c-e3ae8fad176d,sette opp styreenheten til en maskin,released,skill/competence,cross-sector,,Sette opp og gi kommandoer til en maskin ved å sende relevante data og inndata inn i (datamaskin)styreenheten som svarer til det ønskede bearbeidede produktet.,http://data.europa.eu/esco/skill/494b8057-daf5-46a0-b33b-416e0115c30a,bruk av digitale verktøy for å kontrollere maskineriet
KnowledgeSkillCompetence,http://data.europa.eu/esco/skill/d9eaf831-9348-4330-a83e-b7c099cdc8f6,Teradata Database,released,knowledge,sector-specific,,"Det er et verktøy som er utviklet for å skape, ajourføre og håndtere databaser, utviklet av programvareselskapet Teradata Corporation.",http://data.europa.eu/esco/skill/ab1e97ed-2319-4293-a8b7-072d2648822f | http://data.europa.eu/esco/isced-f/0612,systemer for databaseadministrering | utvikling og administrasjon av databaser og datanett
KnowledgeSkillCompetence,http://data.europa.eu/esco/skill/da042121-959d-451b-b4d0-3bbf07c1bc67,analysere nettverksbåndbreddekrav,released,skill/competence,sector-specific,,Undersøke kravene om overføringskapasitet i et IKT-nettverk eller et annet telekommunikasjonssystem.,http://data.europa.eu/esco/skill/f839b1da-78b6-4466-86f4-a5798821ea20,sette opp datasystem
KnowledgeSkillCompetence,http://data.europa.eu/esco/skill/da6393d5-a53c-4863-abc7-51f36281d74e,Veltrimmet prosjektledelse,released,knowledge,sector-specific,,"Prosjektstyringsmetoden lean er en metode for planlegging, forvaltning og overvåking av IKT-ressurser for å nå særlige mål, og ved hjelp av IKT-prosjektstyringsverktøy.",http://data.europa.eu/esco/isced-f/0413 | http://data.europa.eu/esco/skill/bec4359e-cb92-468f-a997-8fb28e32fba9,ledelse og administrasjon | Metoder innen IKT-prosjektledelse
KnowledgeSkillCompetence,http://data.europa.eu/esco/skill/da930e2f-6047-4616-a598-bba8ecef3039,administrere publikasjoner med åpen tilgang,released,skill/competence,cross-sector,,"Ha kjennskap til strategier for publisering med åpen tilgang, med bruk av informasjonsteknologi i forbindelse med forskning og med utvikling og administrasjon av CRIS (current research information systems) og institusjoners forskningsarkiv. Gi råd om lisensiering og opphavsrett, bruke bibliometriske indikatorer, og måle og rapportere forskningseffekt.
	",http://data.europa.eu/esco/skill/98fb499f-9155-412d-a8a0-95ba97126fec,bruke digitale verktøy for samarbeid og produktivitet
KnowledgeSkillCompetence,http://data.europa.eu/esco/skill/dad18fbb-7053-46ed-8a7e-817a10b26ab8,programmere hjemmealarmsystemer,released,skill/competence,occupation-specific,,"Velge riktige innstillinger for den spesifikke situasjonen der alarmsystemet skal operere. Sette opp soner med ulike retningslinjer, hvis nødvendig. Definere hvordan systemet skal aktiveres og deaktiveres. Velge tiltak som skal iverksettes dersom systemet utløses, og velge forskjellige andre innstillinger.",http://data.europa.eu/esco/skill/18ab25a5-ce2d-4cd5-b7b0-3890f595f77d | http://data.europa.eu/esco/skill/494b8057-daf5-46a0-b33b-416e0115c30a,administrere alarmsystem | bruk av digitale verktøy for å kontrollere maskineriet
KnowledgeSkillCompetence,http://data.europa.eu/esco/skill/dad7e408-162f-46a4-8567-db560e19e2fc,identifisere IKT-systemsvakheter,released,skill/competence,sector-specific,identifisere sårbarheter innen cyberinfrastruktur | identifisere sårbarheter i en cyberinfrastruktur,"Analysere systemet og nettarkitekturen, maskinvare- og programvarekomponenter og data for å identifisere svakheter og sårbarhet med tanke på forstyrrelser eller angrep. Utføre diagnostikkoperasjoner på cyberinfrastruktur inkludert forskning, identifisering, tolkning og kategorisering av sårbarheter, tilknyttede angrep og skadelig kode (f.eks. etterforskning av skadelig programvare og skadelig nettverksaktivitet). Sammenligne indikatorer eller det som kan observeres, med krav og gjennomgangslogger for å identifisere bevis på tidligere inntrengninger.
	",http://data.europa.eu/esco/skill/7adb8473-bcc6-4ff8-9850-76d945d40092 | http://data.europa.eu/esco/skill/185c56ee-098f-46a1-af87-56337085da6f,analysere IKT-system | beskytte it-enheter
KnowledgeSkillCompetence,http://data.europa.eu/esco/skill/db36f7f1-5900-45bd-9ffb-f2b19c4362ac,støtte IKT-systembrukere,released,skill/competence,sector-specific,,"Kommunisere med sluttbrukere, vise dem hvordan de utfører oppgaver, bruke IKT-støtteverktøy og -metoder for å løse problemer og identifisere mulige bivirkninger og gi løsninger.",http://data.europa.eu/esco/skill/699e7c26-6502-4e78-a823-3656ff5a5b8b | http://data.europa.eu/esco/skill/c2296e2e-5fef-4f24-a24f-e5b3792268be | http://data.europa.eu/esco/skill/6c4fa8c8-e9e1-49b5-897f-6b61fe649488,instruere andre | gi IKT-støtte | gi opplæring i operasjonelle prosedyrer
KnowledgeSkillCompetence,http://data.europa.eu/esco/skill/db77825e-0f3e-47d0-abdb-356794484272,bruke matematiske verktøy og matematisk utstyr,released,skill/competence,cross-sector,,Bruke en bærbar elektronisk enhet til å utføre både grunnleggende og komplekse aritmetiske operasjoner.,http://data.europa.eu/esco/skill/19ba11f3-9c99-41fd-a7c9-f77e6a026186 | http://data.europa.eu/esco/skill/f5f15f9c-6334-4728-8dc5-3a20a00dfc37,utføre beregninger | foreta kalkulasjoner
KnowledgeSkillCompetence,http://data.europa.eu/esco/skill/dba46f87-0831-49cd-a1c7-340a653c0221,Agile-utvikling,released,knowledge,sector-specific,,Den agile utviklingsmodellen er en metode for utforming av programvaresystemer og -bruk.,http://data.europa.eu/esco/skill/bec4359e-cb92-468f-a997-8fb28e32fba9 | http://data.europa.eu/esco/isced-f/0613,Metoder innen IKT-prosjektledelse | utvikling og analyse av programvare og dataprogrammer
KnowledgeSkillCompetence,http://data.europa.eu/esco/skill/dbab7fdd-b99b-4233-bc81-75563eee51a4,montere telekommunikasjonsenheter,released,skill/competence,occupation-specific,,Montere delene og komponentene til enheter ved hjelp av tekniske metoder for overføring og mottak av informasjon.,http://data.europa.eu/esco/skill/592525ab-b517-4c55-8c65-17e0f5d99205,montere elektriske og elektroniske produkter
KnowledgeSkillCompetence,http://data.europa.eu/esco/skill/dc298fac-7ab4-4feb-9b43-33d947d7703e,standarder for nettbasert e-læring,released,knowledge,sector-specific,,"Standardene og spesifikasjonene som er brukt for nettbasert e-læring, f.eks Sharable Content Object Reference Model (SCORM), som definerer kommunikasjon mellom innholdet fra kunden og et vertssystem som støttes av et læringssystem.",http://data.europa.eu/esco/isced-f/0612,utvikling og administrasjon av databaser og datanett
KnowledgeSkillCompetence,http://data.europa.eu/esco/skill/dcdd5ddf-82a6-4ac3-8edc-d4b23cae9a88,VBScript,released,knowledge,sector-specific,,"Teknikker og prinsipper for utvikling av programvare, som analyse, algoritmer, koding, prøving og utarbeiding av programmering i VBScript.",http://data.europa.eu/esco/skill/21d2f96d-35f7-4e3f-9745-c533d2dd6e97 | http://data.europa.eu/esco/isced-f/0613,dataprogrammering | utvikling og analyse av programvare og dataprogrammer
KnowledgeSkillCompetence,http://data.europa.eu/esco/skill/dd0e44b9-b285-4563-8ffc-1d4d96bf548c,reed-sensorer,released,knowledge,occupation-specific,,"Sensorer som gjør det mulig å oppdage flere magnetiske bestanddeler, ofte brukt til å påvise åpning av dører og vinduer med sikte på å forebygge innbrudd.",http://data.europa.eu/esco/isced-f/0714,elektronikk og automasjon
KnowledgeSkillCompetence,http://data.europa.eu/esco/skill/dd1e0bc8-d54a-435a-bc43-586bac0b8c02,utvikle IKT-sikkerhetsinformasjon,released,skill/competence,occupation-specific,,"Opprette advarselsmeldinger, for eksempel dialogbokser, meldinger på stedet, varsler eller ballonger, som varsler brukeren om en tilstand som kan forårsake et problem i fremtiden, og gi sikkerhetsinformasjon i henhold til standarder ved bruk av internasjonale signalord.",http://data.europa.eu/esco/skill/df329d70-87b0-466b-a214-3431f36e2a5e | http://data.europa.eu/esco/skill/185c56ee-098f-46a1-af87-56337085da6f,beskytte IKT-enheter | beskytte it-enheter
KnowledgeSkillCompetence,http://data.europa.eu/esco/skill/dd276faa-ef0a-4ad0-8744-37b883a79b64,justere antenne i forhold til mottakerantenner,released,skill/competence,occupation-specific,,Justere antenne i forhold til mottakerantenner for å få det tydeligste signalet for overføring av sendinger fra steder i felten.,http://data.europa.eu/esco/skill/0a88a13f-693a-4dde-b44c-22e6f98fabc6,betjene kommunikasjonsutstyr
KnowledgeSkillCompetence,http://data.europa.eu/esco/skill/dda69c90-2355-4ab5-b0ef-6ada47f74cc1,teste datamaskinvare,released,skill/competence,occupation-specific,,Teste datamaskinvaresystemer og -komponenter ved hjelp av passende utstyr. Samle inn og analysere data. Overvåke og evaluere systemets ytelse og iverksette tiltak hvis nødvendig.,http://data.europa.eu/esco/skill/7dd94ad3-13d6-43fe-8b94-51fcbf67ced9 | http://data.europa.eu/esco/skill/52b38e90-3d05-4042-a9e2-d19dec8dd7c1 | http://data.europa.eu/esco/skill/6d0cad66-82dd-4854-a03a-68232942c68d,tenke kritisk | teste maskinvare | installere deler av tre og metall
KnowledgeSkillCompetence,http://data.europa.eu/esco/skill/ddb65832-91a7-4157-9488-719a0e2ad87b,lede øvelser for krisegjenoppretting,released,skill/competence,sector-specific,,"Lede øvelser for å utdanne mennesker i hva de må gjøre i tilfelle det oppstår en uforutsett katastrofal hendelse knyttet til drift eller sikkerhet til IKT-systemer, for eksempel gjenvinning av data, beskyttelse av identitet og informasjon, og hvilke tiltak som skal iverksettes for å hindre ytterligere problemer.",http://data.europa.eu/esco/skill/75d8e5d9-bef3-418b-9011-01bff9f27207 | http://data.europa.eu/esco/skill/699e7c26-6502-4e78-a823-3656ff5a5b8b | http://data.europa.eu/esco/skill/b7e752ec-7b2e-46e6-ac24-8b1233609c31,lede andre | instruere andre | ledelse og motivasjon
KnowledgeSkillCompetence,http://data.europa.eu/esco/skill/ddc3119d-1d6e-4324-9125-a3380d299ac5,datateknologi,released,knowledge,cross-sector,,"Datamaskiner, datanett og annen informasjonsteknologi og utstyr som kan lagre, hente, overføre og manipulere data.",http://data.europa.eu/esco/isced-f/0714,elektronikk og automasjon
KnowledgeSkillCompetence,http://data.europa.eu/esco/skill/ddfd922f-a4f7-47a7-bf1c-cf9124e5bf40,lage værkart,released,skill/competence,cross-sector,,"Lage grafiske værkart for spesifikke områder som inneholder informasjon som temperatur, lufttrykk og regnbelter.",http://data.europa.eu/esco/skill/8f9f8b20-ff26-4392-b04f-695dcde5b90a,presentere forskning eller teknisk informasjon
KnowledgeSkillCompetence,http://data.europa.eu/esco/skill/ddfe79e2-c2e3-4ba7-9bdf-3820b4f75b54,identifisere IKT-brukerbehov,released,skill/competence,sector-specific,,"Fastslå behovene og kravene til IKT-brukere av et bestemt system ved hjelp av analysemetoder, for eksempel analyse av målgruppe.",http://data.europa.eu/esco/skill/42fcf80d-7b45-40f3-bd2f-5411c4c0dfa0 | http://data.europa.eu/esco/skill/ec528c47-65f4-4187-9dc1-5a8889f84a06 | http://data.europa.eu/esco/skill/db36f7f1-5900-45bd-9ffb-f2b19c4362ac | http://data.europa.eu/esco/skill/31c83903-8fc8-4bd8-9ca4-7a98a9c31eae,identifisere teknologiske behov | analysere forretningsvirksomheter | støtte IKT-systembrukere | utføre analyse av kundenes behov
KnowledgeSkillCompetence,http://data.europa.eu/esco/skill/de0be6e8-644c-4cc9-9c8d-925dd98dda56,programvareinteraksjonsdesign,released,knowledge,sector-specific,,"Metoder for å utforme samspillet mellom brukere og en programvare eller en tjeneste for å oppfylle behovene og preferansene hos de fleste personer som vil vurdere produktet, og for å forenkle kommunikasjonen mellom produktet og brukeren, som målrettet utforming.",http://data.europa.eu/esco/isced-f/0611,bruk av datamaskiner
KnowledgeSkillCompetence,http://data.europa.eu/esco/skill/de586dcf-d7e5-4340-bf5b-d59026f1b436,verktøy for penetrasjonstesting,released,knowledge,sector-specific,,"Spesialiserte IKT-verktøy som test av sikkerhetssvakheter i systemet for potensielt ulovlig tilgang til systeminformasjon, f.eks. Metasploit, Burp suite og Webinspect.",http://data.europa.eu/esco/isced-f/0613 | http://data.europa.eu/esco/skill/f4a85869-1855-45d5-a43c-7ee8cd451996,utvikling og analyse av programvare og dataprogrammer | utføre IKT-sikkerhetstesting
KnowledgeSkillCompetence,http://data.europa.eu/esco/skill/de804504-bd5c-465d-b54f-9da299d8ee90,vedlikeholde lagerkontrollsystemer,released,skill/competence,cross-sector,,Holde lagerkontrollsystemer oppdaterte og sørge for nøyaktighet på lager.,http://data.europa.eu/esco/skill/7a6f50a7-d876-461a-8336-f85a01af4c5f | http://data.europa.eu/esco/skill/e963cf1f-dc3c-48b2-a0fa-274f5e7f50f6,overvåke lagerkvalitetskontroll | lagre varer og materialer
KnowledgeSkillCompetence,http://data.europa.eu/esco/skill/de9f85ba-e77f-48fd-8c66-f5ebaf32d655,Oracle Relational Database,released,knowledge,sector-specific,,"Dataprogrammet Oracle Rdb er et verktøy for å skape, ajourføre og håndtere databaser, utviklet av programvareselskapet Oracle.",http://data.europa.eu/esco/skill/ab1e97ed-2319-4293-a8b7-072d2648822f | http://data.europa.eu/esco/isced-f/0612,systemer for databaseadministrering | utvikling og administrasjon av databaser og datanett
KnowledgeSkillCompetence,http://data.europa.eu/esco/skill/debef2fc-7af4-4bff-ac92-4d0317915a84,elektronisk kommunikasjon,released,knowledge,cross-sector,,"Datakommunikasjon ved hjelp av digitale midler som datamaskiner, telefon eller e-post.",http://data.europa.eu/esco/isced-f/0714,elektronikk og automasjon
KnowledgeSkillCompetence,http://data.europa.eu/esco/skill/def007fa-5fed-4a5f-91a2-b0d7e3db1be1,COBOL,released,knowledge,sector-specific,,"Teknikker og prinsipper for utvikling av programvare, f.eks. analyse, algoritmer, koding, prøving og utarbeiding av programmønstre for COBOL.",http://data.europa.eu/esco/skill/21d2f96d-35f7-4e3f-9745-c533d2dd6e97 | http://data.europa.eu/esco/isced-f/0613,dataprogrammering | utvikling og analyse av programvare og dataprogrammer
KnowledgeSkillCompetence,http://data.europa.eu/esco/skill/df0612db-366c-4ff5-b106-40b9e385195c,benytte beslutningsstøttesystem,released,skill/competence,sector-specific,,Bruke de tilgjengelige IKT-systemene som kan brukes til å støtte beslutningstaking for bedriften eller organisasjonen.,http://data.europa.eu/esco/skill/6dc2dfac-3e21-44dd-a71c-9a1c8fe2514c | http://data.europa.eu/esco/skill/98fb499f-9155-412d-a8a0-95ba97126fec,ta uavhengige driftsbeslutninger | bruke digitale verktøy for samarbeid og produktivitet
KnowledgeSkillCompetence,http://data.europa.eu/esco/skill/df11ab22-3c40-4dc8-ab0c-e9f41e62449e,redigere fotografier,released,skill/competence,sector-specific,,"Endre størrelse på, forbedre og retusjere bilder ved å bruke airbrushing, redigeringsprogramvare og andre teknikker.",http://data.europa.eu/esco/skill/91ba97f5-7518-4638-b2d2-308996db3cf8 | http://data.europa.eu/esco/skill/c53a55a1-8b2b-4d2c-b12d-626742a3833a,utføre bilderedigering | bruke digitale verktøy for lyd- og bildebehandling
KnowledgeSkillCompetence,http://data.europa.eu/esco/skill/df12fd50-55dc-4cfd-a021-818880668789,vedlikeholde kontrollsystemer for automatisk utstyr,released,skill/competence,sector-specific,,"Kontrollere, vedlikeholde og reparere elektriske og elektroniske elementer. Kontrollere og oppdatere programvare for automatisert utstyr.",http://data.europa.eu/esco/skill/ec0401f1-f690-46be-934b-f6f5611085f5,"vedlikeholde elektrisitets-, elektro- og presisjonsutstyr"
KnowledgeSkillCompetence,http://data.europa.eu/esco/skill/df329d70-87b0-466b-a214-3431f36e2a5e,beskytte IKT-enheter,released,skill/competence,cross-sector,,"Beskytte utstyr og digitalt innhold, og forstå risikoer og trusler i digitale miljøer. Vite om sikkerhetstiltak og ta behørig hensyn til pålitelighet og personvern. Bruke verktøy og metoder som gir størst mulig sikkerhet for IKT-enheter og -informasjon ved å kontrollere tilgangen, for eksempel passord, digitale signaturer, biometri og beskyttelsessystemer, for eksempel brannmur, antivirus, søppelpostfiltre.",http://data.europa.eu/esco/skill/426ceaba-6867-481c-bb6b-aee3933da7d2 | http://data.europa.eu/esco/skill/185c56ee-098f-46a1-af87-56337085da6f,IKT-sikkerhet | beskytte it-enheter
KnowledgeSkillCompetence,http://data.europa.eu/esco/skill/df538078-0ccb-4125-a61d-ebaa648b39f2,lage databasert kart over strålingsbehandling,released,skill/competence,sector-specific,,Utarbeide en tredimensjonal plan for fordelingen av stråling på tvers av det anatomiske området som skal behandles.,http://data.europa.eu/esco/skill/98fb499f-9155-412d-a8a0-95ba97126fec,bruke digitale verktøy for samarbeid og produktivitet
KnowledgeSkillCompetence,http://data.europa.eu/esco/skill/dfb9cec6-3ae3-408a-9d57-c44361bf7aaf,levere multimedieinnhold,released,skill/competence,sector-specific,,"Utvikle multimediematerialer, for eksempel skjermdumper, grafikk, lysbildefremvisninger, animasjoner og videoer, som skal brukes som innhold integrert i en bredere informasjonssammenheng.",http://data.europa.eu/esco/skill/96a67da1-881f-4d09-927e-ac75fcff4d93 | http://data.europa.eu/esco/skill/c53a55a1-8b2b-4d2c-b12d-626742a3833a,sette sammen innhold | bruke digitale verktøy for lyd- og bildebehandling
KnowledgeSkillCompetence,http://data.europa.eu/esco/skill/dfff95c6-9758-4c04-a228-7eaa88dec6cd,designe for organisasjonsmessig kompleksitet,released,skill/competence,sector-specific,designe skymiljø for komplekse organisasjoner,"Fastslå en strategi for krysskontogodkjenning og tilgang for komplekse organisasjoner (for eksempel en organisasjon med varierende samsvarskrav, flere forretningsenheter og varierende krav til skalerbarhet). Designe nettverk og skymiljøer med flere kontoer for komplekse organisasjoner.
	",http://data.europa.eu/esco/skill/aca5081a-ceb0-4028-9cc5-1daafd4f86f9,utvikle løsninger
KnowledgeSkillCompetence,http://data.europa.eu/esco/skill/e043aeeb-78f5-4049-afbf-12bba52225bc,design for maskinvaredeler og forbindelser,released,knowledge,sector-specific,maskinvarearkitekturer,Utforming av de fysiske maskinvare og forbindelser mellom disse.,http://data.europa.eu/esco/skill/d0c6d77e-cb25-4770-bf77-2073fc5f7523 | http://data.europa.eu/esco/isced-f/0714,IKT-infrastruktur | elektronikk og automasjon
KnowledgeSkillCompetence,http://data.europa.eu/esco/skill/e06ec50c-68f9-470f-8dc2-7488109c2dfd,analysere gamblingdata,released,skill/competence,sector-specific,,"Analysere relevante datapunkter som samles inn under gambling, veddemål eller lotteriaktivteter. Behandle dataene for å trekke nyttige konklusjoner for effektiv drift av veddemåls- og lotterivirksomhet.",http://data.europa.eu/esco/skill/1d6c7de4-350e-4868-a47b-333b4b0d9650 | http://data.europa.eu/esco/skill/ec528c47-65f4-4187-9dc1-5a8889f84a06 | http://data.europa.eu/esco/skill/57231a22-4da7-49c8-97b8-75672feadf1e | http://data.europa.eu/esco/skill/a571ae14-3e16-4fd3-a615-5646e0b0b696,"evaluere data, informasjon og digitalt innhold | analysere forretningsvirksomheter | administrere kvantitative data | inspisere data"
KnowledgeSkillCompetence,http://data.europa.eu/esco/skill/e08821b5-d6dd-4db9-a0f1-43185653c244,overvåke ytelsen til kommunikasjonskanaler,released,skill/competence,sector-specific,,Søke etter mulige feil. Foreta visuelle kontroller. Analysere systemindikatorer og bruke diagnostiske enheter.,http://data.europa.eu/esco/skill/f7fc7bf8-f41d-44af-81e3-09b88e9779e6,teste elektriske og mekaniske systemer eller utstyr
KnowledgeSkillCompetence,http://data.europa.eu/esco/skill/e0ae0101-ab8f-47a2-938b-ab0cc367b3b5,vedlikeholde varehusdatabase,released,skill/competence,sector-specific,,Holde digital varehusdatabase oppdatert og tilgjengelig for flere.,http://data.europa.eu/esco/skill/4463a721-69f3-413d-8321-43e3af13a4f1 | http://data.europa.eu/esco/skill/6a7fc30d-af16-4cc5-a957-29d174bdb61c,"bruke databaser | innhente, forvalte og lagre data"
KnowledgeSkillCompetence,http://data.europa.eu/esco/skill/e13b734a-218c-434a-a7cc-febac6d24ef3,kundesupportteknologi,released,knowledge,cross-sector,,"Et bredt spekter av telekommunikasjonsutstyr og programvare, f.eks. automatiske telefonsystemer og kommunikasjonsutstyr.",http://data.europa.eu/esco/isced-f/0612,utvikling og administrasjon av databaser og datanett
KnowledgeSkillCompetence,http://data.europa.eu/esco/skill/e1e99428-b91b-45e1-8ede-ed0cbf161930,etablere en IKT-kundestøtteprosess,released,skill/competence,sector-specific,,"Opprette en serie med aktiviteter for IKT-kundeservice før, under og etter en forespørsel. Sørge for et tilstrekkelig svar eller tiltak, forbedre kundetilfredsheten og samle tilbakemeldinger om IKT-produkter eller -tjenester.",http://data.europa.eu/esco/skill/c2296e2e-5fef-4f24-a24f-e5b3792268be | http://data.europa.eu/esco/skill/db36f7f1-5900-45bd-9ffb-f2b19c4362ac | http://data.europa.eu/esco/skill/c23e0a2f-f04b-45bc-b0dd-20571f6b502c,gi IKT-støtte | støtte IKT-systembrukere | utarbeide retningslinjer og rutiner for drift
KnowledgeSkillCompetence,http://data.europa.eu/esco/skill/e23e81f5-18db-49aa-ad9b-b3d0fdcad1d2,feilsøke nettsted,released,skill/competence,occupation-specific,,"Oppdage feil og funksjonssvikter på et nettsted. Bruke feilsøkingsteknikker på innhold, struktur, grensesnitt og samspill for å finne årsaker og løse funksjonssviktene.",http://data.europa.eu/esco/skill/334e3e49-fb02-4051-809a-f06adfdc1c40 | http://data.europa.eu/esco/skill/d04ee340-5378-4601-8181-19da6d5cbfe0 | http://data.europa.eu/esco/skill/744442ac-c157-4350-8be0-ce454df4f5c5 | http://data.europa.eu/esco/skill/0b9968af-72de-470a-98e1-2d19577443fb,feilsøke | administrere nettsted | utføre IKT-feilsøking | løse dataproblemer
KnowledgeSkillCompetence,http://data.europa.eu/esco/skill/e2b05bcb-b60e-45b5-baa6-3a67ebe77538,avanserte førerassistentsystemer,released,knowledge,sector-specific,,"Intelligente, kjøretøybaserte sikkerhetssystemer som kan forbedre trafikksikkerheten ved å unngå kollisjon, beskytte mot ulykker og redusere alvorlighetsgraden, og automatisk å varsle om kollisjon. Systemer integrert i kjøretøy eller infrastruktur, som bidrar til noen av eller alle disse krasjfasene. Generelt sett er noen førerstøttesystemer ment å forbedre sikkerheten, mens andre er komfortfunksjoner.
	",http://data.europa.eu/esco/isced-f/0619,ikke annetsteds klassifisert informasjons- og kommunikasjonsteknologi
KnowledgeSkillCompetence,http://data.europa.eu/esco/skill/e2b82b00-f07f-4fc8-a7bb-c8febf65efe5,sammenligne undersøkelsesberegninger,released,skill/competence,sector-specific,,Bestemme nøyaktigheten til dataene ved å sammenligne beregninger med gjeldende standarder.,http://data.europa.eu/esco/skill/ba1f6201-b206-4459-b178-706db34a851d,analysere vitenskapelige og medisinske data
KnowledgeSkillCompetence,http://data.europa.eu/esco/skill/e2d0daae-2aa1-40cc-99e2-b340b02f97d3,produktdataadministrering,released,knowledge,cross-sector,,"Bruke programvare for å spore alle opplysninger om et produkt, f.eks. tekniske spesifikasjoner, tegninger, konstruksjonsspesifikasjoner og produksjonskostnader.",http://data.europa.eu/esco/isced-f/0413,ledelse og administrasjon
KnowledgeSkillCompetence,http://data.europa.eu/esco/skill/e2fb1ee4-fbf9-4690-b677-3e6ff7cfdc48,teste IKT-spørringer,released,skill/competence,occupation-specific,,"Kontrollere at spørringene som er utviklet, returnerer riktige data og fører til at de riktige handlingene utføres.",http://data.europa.eu/esco/skill/6d0cad66-82dd-4854-a03a-68232942c68d,installere deler av tre og metall
KnowledgeSkillCompetence,http://data.europa.eu/esco/skill/e3201e73-ef4d-447d-ac9b-b18e45f35eea,overvåke satellitter,released,skill/competence,occupation-specific,,Analysere bakkesystemer og undersøke eventuell avvikende atferd til satellitter. Utvikle de riktige korrigerende tiltakene og implementere dem der det er nødvendig.,http://data.europa.eu/esco/skill/6d0cad66-82dd-4854-a03a-68232942c68d,installere deler av tre og metall
KnowledgeSkillCompetence,http://data.europa.eu/esco/skill/e36c1f47-3913-4d35-a6ae-fd9a7243483f,designe ventilasjonsnettverk,released,skill/competence,sector-specific,utforme ventilasjonsnettverk,"Skissere ventilasjonsnettverk. Forberede og planlegge ventilasjonsoppsettet ved hjelp av spesialprogramvare. Designe systemer for oppvarming eller avkjøling etter behov. Forbedre effektiviteten i ventilasjonsnettverket for å senke energiforbruket, inkludert samspillet mellom en nesten nullenergibygning (nZEB), bruken av bygningen og den riktige ventilasjonsstrategien for den.
	",http://data.europa.eu/esco/skill/6caa915b-b80d-4b43-8bbc-54914e0d5032 | http://data.europa.eu/esco/skill/b2c688b0-9106-466d-8b88-eafdfe608e7d,administrere gruveventilasjon | designe strukturer eller fasiliteter
KnowledgeSkillCompetence,http://data.europa.eu/esco/skill/e3840f20-1928-4d07-944c-d2dd2ae5cbba,evaluere musikalske ideer,released,skill/competence,sector-specific,,"Eksperimentere med ulike lydkilder, bruke synthesizere og datamaskinprogramvare, stadig utforske og evaluere musikalske ideer og konsepter.",http://data.europa.eu/esco/skill/d12a1be6-d916-436d-8274-ad97b5f24415,komponere musikk
KnowledgeSkillCompetence,http://data.europa.eu/esco/skill/e3eb64db-bc0b-4cc0-bd31-5feb94b2ef50,spore endringer i tekstredigering,released,skill/competence,cross-sector,,"Spore endringer som korrigering av grammatikk og stavefeil, elementtillegg og andre endringer når du redigerer (digitale) tekster.",http://data.europa.eu/esco/skill/6e62e776-fbfa-486c-a6df-58cd239c86fe,skrive teknisk eller akademisk
KnowledgeSkillCompetence,http://data.europa.eu/esco/skill/e43084e8-6e3d-4649-93e9-2455ff53bc84,forberede brønndataark,released,skill/competence,occupation-specific,,"Forberede dataark, liste opp all relevant informasjon om en brønn, herunder sted, geologiske egenskaper til brønnen, type ressurser, temperaturer og ulike analyser plottet mot dybde.",http://data.europa.eu/esco/skill/9bdf8a77-8524-43da-bac6-d15d22e1b7ed,legge inn og transformere opplysninger
KnowledgeSkillCompetence,http://data.europa.eu/esco/skill/e439742d-558d-4f52-885e-afdc740b48cf,"bla gjennom, søke i, og filtrere data, informasjon og digitalt innhold",released,skill/competence,cross-sector,,"Artikulere informasjonsbehov, søke etter data, informasjon og innhold i digitale miljøer, få tilgang til dem og navigere mellom dem. Opprette og oppdatere strategier for personlig søk.",http://data.europa.eu/esco/skill/629685b8-5f9e-4522-8cff-b3e2c4ec625a | http://data.europa.eu/esco/skill/258fea29-09db-4918-8235-0d7d529cd31c,"digital databehandling | bla gjennom, søke i og filtrere digitale data"
KnowledgeSkillCompetence,http://data.europa.eu/esco/skill/e46291c7-52b9-4174-bd59-178884861038,Hadoop,released,knowledge,sector-specific,,"Datalagring, -analyse og -behandlingsrammeverk med åpen kildekode som hovedsakelig består i MapReduce- og Hadoop-distribuerte filsystemkomponenter (HDFS), og det brukes til å gi støtte for å administrere og analysere store datasett.",http://data.europa.eu/esco/skill/24c200e5-be20-4370-a137-ab53797f3a17 | http://data.europa.eu/esco/isced-f/0613,programvarerammeverk | utvikling og analyse av programvare og dataprogrammer
KnowledgeSkillCompetence,http://data.europa.eu/esco/skill/e464363b-8346-421d-9035-52118b76d8c8,beregningsbiologi,released,knowledge,sector-specific,biologisk databehandling,"Det tverrfaglige vitenskapelige feltet som fokuserer på å bruke dataanalyse og teorier for å undersøke biologiske systemer som er oppnådd gjennom eksperimenter.
	",http://data.europa.eu/esco/isced-f/058,"tverrfaglige programmer og kvalifikasjoner innen naturfag, matematikk og statistikk"
KnowledgeSkillCompetence,http://data.europa.eu/esco/skill/e465a154-93f7-4973-9ce1-31659fe16dd2,prinsipper for kunstig intelligens,released,knowledge,sector-specific,,"Teoriene om kunstig intelligens, anvendte prinsipper, arkitekturer og systemer, f.eks. intelligente agenter, multiagentsystemer, ekspertsystemer, regelbaserte systemer, nevrale nettverk, ontologier og kognisjonsteorier.",http://data.europa.eu/esco/isced-f/0619,ikke annetsteds klassifisert informasjons- og kommunikasjonsteknologi
KnowledgeSkillCompetence,http://data.europa.eu/esco/skill/e4d34eaf-742e-4bba-801d-e8d617f1f419,betjene ballepresser,released,skill/competence,occupation-specific,,"Starte, betjene og overvåke datautstyrte ballepresser.",http://data.europa.eu/esco/skill/7ec00c15-c9bb-4b74-9b8b-681424e9ea2c,betjene pakkemaskiner
KnowledgeSkillCompetence,http://data.europa.eu/esco/skill/e4d90d50-bd28-4a0c-a3a7-d4963e2a307a,studere radarbilder,released,skill/competence,cross-sector,,Analysere radarbilder for å studere fenomener på jordens overflate.,http://data.europa.eu/esco/skill/77e167dc-70e6-4408-9718-019a4b9e96d9 | http://data.europa.eu/esco/skill/c4376e35-add7-43a0-8b2e-f5741f0df8fe,analysere bilder | utføre rettsmedisinske undersøkelser og politietterforskning
KnowledgeSkillCompetence,http://data.europa.eu/esco/skill/e5609f89-0daf-40bb-bd6b-94f5d7498131,IKT-marked,released,knowledge,sector-specific,,"Prosesser, berørte parter og dynamikk i forsyningskjeden for varer og tjenester i sektoren for IKT-markedet.",http://data.europa.eu/esco/isced-f/0414,markedsføring og reklame
KnowledgeSkillCompetence,http://data.europa.eu/esco/skill/e5a6e1e0-1b07-4432-83ba-77d593b2cb47,SAS Data Management,released,knowledge,sector-specific,,"Filprogrammet SAS Data Management er et verktøy for integrering av informasjon fra flere anvendelser, skapt og vedlikeholdt av organisasjoner, i en konsekvent og åpen datastruktur, utviklet av programvareselskapet SAS.",http://data.europa.eu/esco/skill/9d0d89be-bffa-4393-b6f6-8d05bea49051 | http://data.europa.eu/esco/isced-f/0612,"verktøy for datautvinning, -transformering og -lasting | utvikling og administrasjon av databaser og datanett"
KnowledgeSkillCompetence,http://data.europa.eu/esco/skill/e5b5053e-0ef6-4c4e-a3f2-42f955f4322c,implementere en brannmur,released,skill/competence,sector-specific,,"Laste ned, installere og oppdatere et system for nettverkssikkerhet designet for å forhindre ulovlig tilgang til et privat nettverk.",http://data.europa.eu/esco/skill/f4346299-e22a-4686-8e61-2c9b0cd51c7d | http://data.europa.eu/esco/skill/185c56ee-098f-46a1-af87-56337085da6f,anvende digitale sikkerhetstiltak | beskytte it-enheter
KnowledgeSkillCompetence,http://data.europa.eu/esco/skill/e5beeff8-7c98-490a-ae2c-16fbb6a87305,administrere nøkler for databeskyttelse,released,skill/competence,sector-specific,beskytte data | administrere databeskyttelse | databeskyttelsesnøkler | databeskyttelse og sentraladministrasjon | sentral ledelse,"Velge egnede autentiserings- og autorisasjonsmekanismer. Designe, implementere og feilsøke viktige styrings- og bruksvilkår. Designe og implementere en datakrypteringsløsning for stasjonære data og data som overføres.
	",http://data.europa.eu/esco/skill/2a3a96a3-709e-4d60-81f6-d247d6933f13 | http://data.europa.eu/esco/skill/185c56ee-098f-46a1-af87-56337085da6f,administrere systemsikkerhet | beskytte it-enheter
KnowledgeSkillCompetence,http://data.europa.eu/esco/skill/e5d1f825-60ed-4bdd-872a-e748c387f777,CSS,released,knowledge,sector-specific,,"Dataspråket CSS er et stilarkspråk som formidler presentasjonen av strukturerte dokumenter. Disse dokumentene må overholde stilark, et sett med stilistiske regler som font, farge og layout.",http://data.europa.eu/esco/skill/c2999f0c-eb37-4cdf-b9b0-82107b628794 | http://data.europa.eu/esco/isced-f/0612,stilarkspråk | utvikling og administrasjon av databaser og datanett
KnowledgeSkillCompetence,http://data.europa.eu/esco/skill/e6262391-ffda-4b8e-9f5c-89cf1a0e7384,audiovisuelt utstyr,released,knowledge,sector-specific,,Kjennetegn ved og bruk av ulike verktøy som bidrar til å stimulere synet og hørselsansen.,http://data.europa.eu/esco/isced-f/0211,audiovisuell teknikk og medieproduksjon
KnowledgeSkillCompetence,http://data.europa.eu/esco/skill/e63da991-d405-4463-9874-3555c80082d9,lage 2D-maleri,released,skill/competence,cross-sector,,Lage en tegning ved å bruke en rekke digitale verktøy.,http://data.europa.eu/esco/skill/ab99d9a7-62eb-407b-92f2-bf7992a82004,skape kunstneriske design eller forestillinger
KnowledgeSkillCompetence,http://data.europa.eu/esco/skill/e665d919-f28d-4ac4-adf0-8903ac66540e,utvikle designplaner,released,skill/competence,cross-sector,,Utvikle designplaner ved å bruke datamaskinassistert konstruksjon (DAK); arbeide i henhold til budsjettanslag; organisere og utføre møter med kunder.,http://data.europa.eu/esco/skill/b2c688b0-9106-466d-8b88-eafdfe608e7d,designe strukturer eller fasiliteter
KnowledgeSkillCompetence,http://data.europa.eu/esco/skill/e6b8f934-7f35-4dc6-9a64-f6c43acdc00b,leverandører av programvarekomponenter,released,knowledge,sector-specific,,Leverandører som kan levere de nødvendige programvarekomponentene.,http://data.europa.eu/esco/isced-f/0613,utvikling og analyse av programvare og dataprogrammer
KnowledgeSkillCompetence,http://data.europa.eu/esco/skill/e743a3f3-ba4a-4dab-99a6-6321dba6b502,vedlikeholde oppdaterte administreringssystemer for aeronautisk informasjon,released,skill/competence,occupation-specific,,"Vedlikeholde oppdaterte tjenester for administreringssystemer for aeronautisk informasjon (AIM), for eksempel aeronautiske datasett, diagrammer og publikasjoner.",http://data.europa.eu/esco/skill/f698f8df-b473-40aa-a5c9-033cd892467a | http://data.europa.eu/esco/skill/2579f843-87e8-4a9f-83ce-1284b2218b56 | http://data.europa.eu/esco/skill/32c017fd-28ab-4051-bf68-74de952c2f77,holde seg oppdatert på forskrifter | administrere informasjonsstyringstjenester for luftfart | administrasjon av informasjon
KnowledgeSkillCompetence,http://data.europa.eu/esco/skill/e74f4f21-8d45-412c-b5c3-652e6167ee32,innholdsutviklingsprosesser,released,knowledge,cross-sector,,"Spesialteknikkene som brukes til å utforme, skrive, samle, ødelegge og organisere digitalt innhold, f.eks. tekst, grafikk og video til utgivelse.",http://data.europa.eu/esco/isced-f/0211,audiovisuell teknikk og medieproduksjon
KnowledgeSkillCompetence,http://data.europa.eu/esco/skill/e79dab00-fe87-48f2-b8cc-f48b68bc7f35,WhiteHat Sentinel,released,knowledge,sector-specific,,"Dataprogrammet WhiteHat er et spesialisert IKT-verktøy som gjør det mulig å kartlegge svakheter i systemet når det gjelder potensielt ulovlig tilgang til systeminformasjon, utviklet av programvareselskapet WhiteHat Security.",http://data.europa.eu/esco/isced-f/0613 | http://data.europa.eu/esco/skill/de586dcf-d7e5-4340-bf5b-d59026f1b436,utvikling og analyse av programvare og dataprogrammer | verktøy for penetrasjonstesting
KnowledgeSkillCompetence,http://data.europa.eu/esco/skill/e8171178-9a60-40a6-ad3b-510e10cfebad,gjengi 3D-bilder,released,skill/competence,cross-sector,,Bruke spesialverktøy for å konvertere 3D-trådmodeller til 2D-bilder med fotorealistiske effekter i 3D eller ikke-fotorealistisk gjengivelse på en datamaskin.,http://data.europa.eu/esco/skill/1859883d-c047-4fe1-8e74-7bb4385d6ad2 | http://data.europa.eu/esco/skill/5f782745-6382-4873-b415-8fb91c705b03 | http://data.europa.eu/esco/skill/f5b33464-4df9-4cf3-b468-b0a2d6b3ee85 | http://data.europa.eu/esco/skill/a556a3db-cd48-42a5-825c-f95f6f5ccbfe,anvende 3D-avbildningsteknikker | lage digitale bilder | betjene 3D-datagrafikkprogramvare | skape visuelle utstillinger og dekorasjoner
KnowledgeSkillCompetence,http://data.europa.eu/esco/skill/e819cc1e-09d9-47f2-b418-93972852daef,MarkLogic,released,knowledge,sector-specific,,"Databasen NoSQL brukes til å opprette, ajourføre og håndtere store mengder ustrukturerte data som er lagret i skyen og som gir funksjoner som semantikk, fleksible datamodeller og Hadoop-integrasjon.",http://data.europa.eu/esco/skill/ab1e97ed-2319-4293-a8b7-072d2648822f | http://data.europa.eu/esco/isced-f/0612,systemer for databaseadministrering | utvikling og administrasjon av databaser og datanett
KnowledgeSkillCompetence,http://data.europa.eu/esco/skill/e81d7bed-b7c7-41bf-a30a-e3201e8f09b3,lydmestring,released,knowledge,sector-specific,,"Etterarbeidet etter produksjon, når ferdige lydsignaler overføres til en enhet for lagring av data, hvorfra de blir kopiert.",http://data.europa.eu/esco/skill/5ad2c837-d032-4803-aa4a-322a54936636 | http://data.europa.eu/esco/isced-f/0211,masterplateproduksjon | audiovisuell teknikk og medieproduksjon
KnowledgeSkillCompetence,http://data.europa.eu/esco/skill/e842ed4c-23c1-4c29-b1b1-b490889db735,plotte fraktnavigasjonsruter,released,skill/competence,sector-specific,,Plotte navigasjonsruten til et fartøy under tilsyn av en overordnet dekksoffiser. Betjene en skipsradar eller elektroniske sjøkart og et automatisk identifikasjonssystem.,http://data.europa.eu/esco/skill/e46186e4-c784-4122-9828-4881c01bfae0 | http://data.europa.eu/esco/skill/36c9717b-e53a-4d16-b7df-b6555eff43f8,forberede transportruter | drift av vannfarkost
KnowledgeSkillCompetence,http://data.europa.eu/esco/skill/e87ec79a-c9ff-46f5-84fa-7a0f394cdf40,robotikk,released,knowledge,cross-sector,,"Teknikkområde som omfatter utforming, drift, framstilling og anvendelse av roboter. Robotikk er en del av mekanisk teknisk og elektrisk ingeniør- og datavitenskap og overlapper med målrettet teknikk og automatisering.",http://data.europa.eu/esco/isced-f/0714,elektronikk og automasjon
KnowledgeSkillCompetence,http://data.europa.eu/esco/skill/e8b89eb6-51e8-4c3a-babb-88b2e110376b,Pascal (dataprogrammering),released,knowledge,sector-specific,,"Teknikker og prinsipper for utvikling av programvare, f.eks. analyse, algoritmer, koding, prøving og utarbeiding av programmønstre i Pascal.",http://data.europa.eu/esco/skill/21d2f96d-35f7-4e3f-9745-c533d2dd6e97 | http://data.europa.eu/esco/isced-f/0613,dataprogrammering | utvikling og analyse av programvare og dataprogrammer
KnowledgeSkillCompetence,http://data.europa.eu/esco/skill/e8bae3fe-6d8d-457e-a20b-6f8eea4d5402,betjene lydsystem live,released,skill/competence,sector-specific,,Betjene lydsystem og lydenheter under prøver eller i en live-situasjon.,http://data.europa.eu/esco/skill/8ddcb295-707e-459c-ba6a-66ffb37835c5,betjene audiovisuelt utstyr
KnowledgeSkillCompetence,http://data.europa.eu/esco/skill/e8dd9cc1-c83d-45ec-a7b0-e3727ab90336,lage bevegelige avbildninger,released,skill/competence,sector-specific,,Lage og utvikle todimensjonale og tredimensjonale bevegelige bilder og animasjoner.,http://data.europa.eu/esco/skill/5f782745-6382-4873-b415-8fb91c705b03 | http://data.europa.eu/esco/skill/a556a3db-cd48-42a5-825c-f95f6f5ccbfe,lage digitale bilder | skape visuelle utstillinger og dekorasjoner
KnowledgeSkillCompetence,http://data.europa.eu/esco/skill/e975b791-b488-4935-be44-06f2f9a443bb,sette opp automotiv robot,released,skill/competence,cross-sector,,"Sette opp og programmere en automotiv robot som arbeider med maskinprosesser og erstatter eller støtter menneskelig arbeidskraft, for eksempel den automotive roboten med seks akser.",http://data.europa.eu/esco/skill/494b8057-daf5-46a0-b33b-416e0115c30a,bruk av digitale verktøy for å kontrollere maskineriet
KnowledgeSkillCompetence,http://data.europa.eu/esco/skill/e9ac6d35-0219-44c3-b488-bfd14923d09f,bruke programvare for mønsterkutting,released,skill/competence,sector-specific,,"Bruke programvare for mønsterkutting for å lage maler for produksjonen av klær, sammensatte tekstilartikler og tekstilprodukter. Legg egnede mønstre inn i programvare for duplisering av produkter, og ta hensyn til størrelser og former.",http://data.europa.eu/esco/skill/2ac79be0-1f66-48da-84a6-2d294179927f | http://data.europa.eu/esco/skill/494b8057-daf5-46a0-b33b-416e0115c30a,lage mønstre for plagg | bruk av digitale verktøy for å kontrollere maskineriet
KnowledgeSkillCompetence,http://data.europa.eu/esco/skill/ea412de3-9d7a-4943-8d8c-c6d3c7495d0e,utføre integrasjonstesting,released,skill/competence,sector-specific,,"Utføre testing av system- eller programvarekomponenter som er sammensatt på flere måter, for å evaluere i hvilken grad de kan kobles sammen, hvordan grensesnittet fungerer, og i hvilken de sammenkoblede komponentene gir den tiltenkte generelle funksjonaliteten.",http://data.europa.eu/esco/skill/913e7e83-b8f8-4574-b1ca-1b38f3fd974a | http://data.europa.eu/esco/skill/f839b1da-78b6-4466-86f4-a5798821ea20,utføre programvaretester | sette opp datasystem
KnowledgeSkillCompetence,http://data.europa.eu/esco/skill/ea99e1f2-ad03-4bb3-8960-1227fc76bb2a,tolke grafiske kommunikasjonsgrensesnitt,released,skill/competence,cross-sector,,Være i stand til å forstå de ulike formene og representasjonene som er brukt i skjemaene og den 3D-isometriske modellen som presenteres av kommunikasjonsprogrammer.,http://data.europa.eu/esco/skill/1f403e44-7a79-4b91-b86a-e406208be161 | http://data.europa.eu/esco/skill/316df5b7-31c4-4f4e-ae69-aad1b873b995,tolke visuell kompetanse | fortolke teknisk dokumentasjon og diagram
KnowledgeSkillCompetence,http://data.europa.eu/esco/skill/eabc06f6-2daf-45bb-b525-7fc078e2eadf,utforme optiske prototyper,released,skill/competence,sector-specific,,Utforme og utvikle prototyper for optiske produkter og komponenter ved hjelp av programvare for teknisk tegning.,http://data.europa.eu/esco/skill/bacbfc27-4b5d-47de-8bfd-af5fa27562a2 | http://data.europa.eu/esco/skill/c34b06c4-d164-4e49-a784-89d47de42ec2,"designe prototyper | designe industrimateriale, -system eller -produkt"
KnowledgeSkillCompetence,http://data.europa.eu/esco/skill/eb0e5615-1575-4a86-a1a2-7d39595033c5,ABAP,released,knowledge,sector-specific,,"Teknikker og prinsipper for utvikling av programvare, som analyse, algoritmer, koding, prøving og utarbeiding av programmering i ABAP.",http://data.europa.eu/esco/skill/21d2f96d-35f7-4e3f-9745-c533d2dd6e97 | http://data.europa.eu/esco/isced-f/0613,dataprogrammering | utvikling og analyse av programvare og dataprogrammer
KnowledgeSkillCompetence,http://data.europa.eu/esco/skill/eb275d0d-64bb-49cb-a501-72aff776088f,bruke øktgrensekontroller,released,skill/competence,sector-specific,,"Administrere anrop under en bestemt VoIP-økt, og sørge for sikkerhet og tjenestekvalitet ved å betjene en øktgrensekontroller (SBC).",http://data.europa.eu/esco/skill/185c56ee-098f-46a1-af87-56337085da6f,beskytte it-enheter
KnowledgeSkillCompetence,http://data.europa.eu/esco/skill/eb2ae1c7-ba57-4695-8f29-9dd41c26e01e,utvikle elektronisk eller nettbasert salgsforretningsplan,released,skill/competence,cross-sector,,"Samle inn relevant informasjon og skrive et godt strukturert dokument som gir kursen til et forretningsprosjekt, tilpasset et nettmiljø.",http://data.europa.eu/esco/skill/37272760-957a-4c34-b4f3-780ee285334d,"utvikle økonomi-, virksomhets- og markedsføringsplaner"
KnowledgeSkillCompetence,http://data.europa.eu/esco/skill/eb3aa8c1-fb14-47b4-a352-b7975abd2480,replikere kundeprogramvareproblemer,released,skill/competence,sector-specific,,"Bruke spesialiserte verktøy for å replikere og analysere forholdene som førte til programvaretilstandene eller -resultatene rapportert av kunden, for å gi tilstrekkelige løsninger.",http://data.europa.eu/esco/skill/0b9968af-72de-470a-98e1-2d19577443fb,løse dataproblemer
KnowledgeSkillCompetence,http://data.europa.eu/esco/skill/ec0bbf39-0edd-4015-a2c3-82ad563ce3a8,lage utkast til bedrifts-e-poster,released,skill/competence,cross-sector,,"Forberede, sette sammen og skrive e-poster med tilstrekkelig informasjon og et egnet språk for å foreta intern eller ekstern kommunikasjon.",http://data.europa.eu/esco/skill/6e62e776-fbfa-486c-a6df-58cd239c86fe,skrive teknisk eller akademisk
KnowledgeSkillCompetence,http://data.europa.eu/esco/skill/ec0d2580-ee2f-45e6-a423-c69dd3f03868,tilpasse høreapparater,released,skill/competence,sector-specific,,"Programmere høreapparater ved hjelp av en datamaskin, tilpasse og dele ut høreapparater, eller administrere cochleaimplantater, elektroniske enheter som brukes til å forbedre en persons hørsel.",http://data.europa.eu/esco/skill/872c0ddb-f056-4f51-afac-fc3d6fae0f5b,betjene medisinsk utstyr
KnowledgeSkillCompetence,http://data.europa.eu/esco/skill/ec25e825-8c5b-4b46-950b-dcb87dd410e7,sette opp grunnleggende opptak,released,skill/competence,sector-specific,,Sette opp et grunnleggende lydopptakssystem.,http://data.europa.eu/esco/skill/8ddcb295-707e-459c-ba6a-66ffb37835c5,betjene audiovisuelt utstyr
KnowledgeSkillCompetence,http://data.europa.eu/esco/skill/ec85cc63-4e24-4631-bf92-8789db2605c0,vedlikeholde databasesikkerhet,released,skill/competence,sector-specific,,Beherske en rekke ulike kontroller for informasjonssikkerhet for å kunne utøve maksimal databasebeskyttelse.,http://data.europa.eu/esco/skill/0df2e216-68ae-4952-b9dc-3c2f2bc04fe3 | http://data.europa.eu/esco/skill/185c56ee-098f-46a1-af87-56337085da6f,vedlikeholde freelancedatabase | beskytte it-enheter
KnowledgeSkillCompetence,http://data.europa.eu/esco/skill/ec95d0a4-886e-4eb1-aa4c-2d5f2549df7d,bruke oversettelsesminnebasert programvare,released,skill/competence,cross-sector,,"Legge til rette for effektiv språkoversetting med programvare basert på oversettelsesminne.
	",http://data.europa.eu/esco/skill/95d84b77-ba94-492f-a1e6-18be13f16cf0 | http://data.europa.eu/esco/skill/98fb499f-9155-412d-a8a0-95ba97126fec,bruke dataassistert oversettelse | bruke digitale verktøy for samarbeid og produktivitet
KnowledgeSkillCompetence,http://data.europa.eu/esco/skill/ed1d8bd4-cd2a-4c64-b665-56d70651026c,Prototypingutvikling,released,knowledge,sector-specific,,Modell for utvikling av programvare er en metode for utforming av programvare og programmer.,http://data.europa.eu/esco/skill/bec4359e-cb92-468f-a997-8fb28e32fba9 | http://data.europa.eu/esco/isced-f/0613,Metoder innen IKT-prosjektledelse | utvikling og analyse av programvare og dataprogrammer
KnowledgeSkillCompetence,http://data.europa.eu/esco/skill/ed392b45-1087-44a7-89a9-d514224639ff,gjennomføre mobil markedsføring,released,skill/competence,cross-sector,,"Gjennomføre mobil markedsføring med en mobil enhet, for eksempel et nettbrett eller en smarttelefon. Samle inn personlig informasjon og overføre den til kunder for å promotere tjenester eller varer.",http://data.europa.eu/esco/skill/efb60300-0d55-4b2c-8038-8409587a4727,"fremme produkter, tjenester og ordninger"
KnowledgeSkillCompetence,http://data.europa.eu/esco/skill/ed39edd3-44d0-4a16-9796-bfb99f92baf3,IKT-ytelsesanalysemetoder,released,knowledge,sector-specific,,"Metoder som brukes til å analysere programvare, IKT-system og nettytelse som gir veiledning om årsaker til problemer innenfor informasjonssystemer. Metoder kan gjøre det mulig å analysere ressursflaskehalser, applikasjonstider, ventetid og resultatene av referansemåling.",http://data.europa.eu/esco/isced-f/0613,utvikling og analyse av programvare og dataprogrammer
KnowledgeSkillCompetence,http://data.europa.eu/esco/skill/ed5bbc64-7017-4e2e-b44e-65df88013a84,analysere informasjonssystemer,released,skill/competence,occupation-specific,,"Utføre analyser av informasjonssystemer, for eksempel arkiver, biblioteker og dokumentasjonssentre, for å bekrefte om de er effektive. Utvikle spesifikke teknikker for å løse problemer for å forbedre ytelsen til systemene.",http://data.europa.eu/esco/skill/f2cf57fe-d4cb-4b4a-831d-73171cc73909 | http://data.europa.eu/esco/skill/57231a22-4da7-49c8-97b8-75672feadf1e | http://data.europa.eu/esco/skill/9af1bd12-01bd-4d6a-947b-69e64f23150a,"evaluere system, program, utstyr og produkter | administrere kvantitative data | prosessere kvalitativ informasjon"
KnowledgeSkillCompetence,http://data.europa.eu/esco/skill/ed8de897-adbe-4f0e-b4d2-534953e64c72,integrere systemkomponenter,released,skill/competence,sector-specific,,"Velge og bruke integrasjonsteknikker og verktøy for å planlegge og implementere integrasjon av maskinvare- og programvaremoduler og komponenter i et system.
	",http://data.europa.eu/esco/skill/f839b1da-78b6-4466-86f4-a5798821ea20,sette opp datasystem
KnowledgeSkillCompetence,http://data.europa.eu/esco/skill/eda4d727-4374-49af-ace4-118c7c906835,søkemotoroptimalisering,released,knowledge,sector-specific,,Markedsføringsmetoden som fremmer nettsider ved å påvirke de særlige strukturene på nettstedet som påvirker dens synlighet i ubetalt søk.,http://data.europa.eu/esco/isced-f/0414 | http://data.europa.eu/esco/skill/1d6c7de4-350e-4868-a47b-333b4b0d9650,"markedsføring og reklame | evaluere data, informasjon og digitalt innhold"
KnowledgeSkillCompetence,http://data.europa.eu/esco/skill/edebd83d-35f6-4ed5-a940-6c203d178c01,datavitenskap,released,knowledge,cross-sector,datavitenskapelig prosess,"Fagfeltet som omhandler store mengder data ved hjelp av AI-teknikker som maskinlæringsalgoritmer for å forutsi mønstre og få nyttig informasjon for å ta forretningsbeslutninger
	",http://data.europa.eu/esco/isced-f/0688,tverrfaglige programmer og kvalifikasjoner innen informasjons- og kommunikasjonsteknologi (ikt)
KnowledgeSkillCompetence,http://data.europa.eu/esco/skill/edf081e4-d2dc-4a60-8c49-7b7e45b5ebe3,lage risikokart,released,skill/competence,sector-specific,,"Bruke datavisualiseringsverktøy for å kommunisere spesifikk økonomisk risiko, risikoens art og innvirkningen på en organisasjon.",http://data.europa.eu/esco/skill/7e153e1d-2b12-43ad-89f3-0cf82ebc4a30,utføre risikoanalyse og -styring
KnowledgeSkillCompetence,http://data.europa.eu/esco/skill/ee02393d-27dd-438a-8879-b8088ce45e79,IKT-miljøpolicy,released,knowledge,occupation-specific,,De internasjonale og organisatoriske prinsippene for vurdering av miljøvirkninger av innovasjon og utvikling på IKT-området samt metoder for å redusere negative virkninger og anvendelse av IKT-innovasjon på støtte av miljøet.,http://data.europa.eu/esco/isced-f/0611,bruk av datamaskiner
KnowledgeSkillCompetence,http://data.europa.eu/esco/skill/ee3b1553-2dc5-434b-8dcf-4ae3a40b3a48,verifisere formelle IKT-spesifikasjoner,released,skill/competence,sector-specific,,Sjekke planlagte algoritmers eller systemers riktighet og effektivitet for samsvar med bestemte formelle spesifikasjoner.,http://data.europa.eu/esco/skill/f7fc7bf8-f41d-44af-81e3-09b88e9779e6,teste elektriske og mekaniske systemer eller utstyr
KnowledgeSkillCompetence,http://data.europa.eu/esco/skill/ee46e1d3-a52c-4113-aab9-38dbc907085d,konsensusprotokoller for distribuerte hovedbokteknologier,released,knowledge,sector-specific,,"Kunnskapen om viktige blokkjede-konsensusprotokoller, inkludert Proof-of-Work (PoW), Proof-of-Stake (PoS), Delegated Proof-of-Stake (DPoS), Practical Byzantine Fault Tolerance (pBFT).
	",http://data.europa.eu/esco/isced-f/0612,utvikling og administrasjon av databaser og datanett
KnowledgeSkillCompetence,http://data.europa.eu/esco/skill/ee6c325b-223e-432f-89c3-a0f135adac9e,lage matrikkelkart,released,skill/competence,cross-sector,,Lage kart ved bruk av data samlet inn under kartleggings- og måleaktiviteter og spesialisert programvare som skisserer en regions konstruksjons- og bygningsgrenser.,http://data.europa.eu/esco/skill/b1115b14-fa16-4c1e-be6c-91fd49a1808b,bruke dataassisterte design- og tegneverktøy
KnowledgeSkillCompetence,http://data.europa.eu/esco/skill/ee8fee1a-75c1-43fb-b08d-779929f99249,anvende statistiske metoder for kontrollprosesser,released,skill/competence,cross-sector,,Anvende statistiske metoder fra eksperimentdesign (DOE) og statistisk prosesskontroll (SPC) for å kontrollere produksjonsprosesser.,http://data.europa.eu/esco/skill/ec528c47-65f4-4187-9dc1-5a8889f84a06 | http://data.europa.eu/esco/skill/382c11ed-20d5-4ae7-b60e-15fec527fa6c,analysere forretningsvirksomheter | anvende statistiske analyseteknikker
KnowledgeSkillCompetence,http://data.europa.eu/esco/skill/eee58e6d-4587-42f0-b9a0-fe055cfe2044,utvikle animasjoner,released,skill/competence,sector-specific,,"Designe og utvikle visuelle animasjoner ved bruk av kreativitet og dataferdigheter. Få objekter eller karakterer til å virke naturtro ved å manipulere lys, farge, tekstur, skygge og transparens, eller manipulere statiske bilder for å gi en illusjon av bevegelse.",http://data.europa.eu/esco/skill/ab99d9a7-62eb-407b-92f2-bf7992a82004,skape kunstneriske design eller forestillinger
KnowledgeSkillCompetence,http://data.europa.eu/esco/skill/eeef9d73-f215-40fb-92cc-6498f13fc3f2,lage infrarøde bilder,released,skill/competence,sector-specific,,Bruke et infrarødt kamera for å produsere bilder som viser den infrarøde delen av spekteret.,http://data.europa.eu/esco/skill/8ddcb295-707e-459c-ba6a-66ffb37835c5,betjene audiovisuelt utstyr
KnowledgeSkillCompetence,http://data.europa.eu/esco/skill/ef0527db-0442-4f05-a150-533b410e1cc1,betjene jernbanekontrollpaneler,released,skill/competence,sector-specific,,"Betjene forskjellige typer jernbanekontrollpaneler, for eksempel Individual Function Switch (IFS), One Control Switch (OCS) eller Entrance Exit (NX).",http://data.europa.eu/esco/skill/1fa420ed-5378-4258-8d7a-9ec274dda927 | http://data.europa.eu/esco/skill/494b8057-daf5-46a0-b33b-416e0115c30a,betjene kontrollpaneler | bruk av digitale verktøy for å kontrollere maskineriet
KnowledgeSkillCompetence,http://data.europa.eu/esco/skill/ef069fe6-305b-4452-8f7d-0c572e98effc,mobil markedsføring,released,knowledge,sector-specific,,"Undersøke markedsføring som bruker mobile innretninger som kommunikasjonskanal. Denne metoden kan gi mulighet for personlige kunder (ved bruk av plassering eller tid) som fremmer produkter, tjenester eller ideer.",http://data.europa.eu/esco/isced-f/0414,markedsføring og reklame
KnowledgeSkillCompetence,http://data.europa.eu/esco/skill/ef64005d-75bc-4597-8ed6-717edec5e55e,forbedre nettstedssynlighet,released,skill/competence,cross-sector,,"Promotere nettstedet for brukere, forretningspartnere og søkemotorer. Optimalisere nettstedets eksponering for søkemotorer, sende ut e-post, bestemme priser og policyer, og utføre markedsføringsaktiviteter.",http://data.europa.eu/esco/skill/d04ee340-5378-4601-8181-19da6d5cbfe0 | http://data.europa.eu/esco/skill/37272760-957a-4c34-b4f3-780ee285334d,"administrere nettsted | utvikle økonomi-, virksomhets- og markedsføringsplaner"
KnowledgeSkillCompetence,http://data.europa.eu/esco/skill/f0010b93-5552-45cb-ad26-168c8168f319,Nexpose,released,knowledge,sector-specific,,"Dataprogrammet Nexpose er et spesialisert IKT-verktøy som prøver sikkerhetssvakheter ved systemet for potensielt ulovlig tilgang til systeminformasjon, utarbeidet av programvareselskapet Rapid7.",http://data.europa.eu/esco/isced-f/0613 | http://data.europa.eu/esco/skill/de586dcf-d7e5-4340-bf5b-d59026f1b436,utvikling og analyse av programvare og dataprogrammer | verktøy for penetrasjonstesting
KnowledgeSkillCompetence,http://data.europa.eu/esco/skill/f0163b63-6794-4eb7-b17b-f91d11b2602d,implementere kryptografiske konstruksjoner,released,skill/competence,sector-specific,utvikle kryptografiske konstruksjoner,"Implementere kryptografiske konstruksjoner som hashfunksjoner, symmetriske nøkkelalgoritmer og asymmetriske nøkkelalgoritmer, i sammenheng med spesifikke applikasjoner.
	",http://data.europa.eu/esco/skill/f839b1da-78b6-4466-86f4-a5798821ea20,sette opp datasystem
KnowledgeSkillCompetence,http://data.europa.eu/esco/skill/f0393af3-bcd9-41af-a36e-0cfb83b60081,administrere standardsystem for virksomhetsressursplanlegging,released,skill/competence,sector-specific,,"Samle inn, administrere og tolke relevante data for selskaper relatert til frakt, betaling, varelager, ressurser og produksjon ved bruk av spesifikk forretningsstyringsprogramvare. Eksempler på slik programvare er Microsoft Dynamics, SAP ERP og Oracle ERP.",http://data.europa.eu/esco/skill/6a7fc30d-af16-4cc5-a957-29d174bdb61c,"innhente, forvalte og lagre data"
KnowledgeSkillCompetence,http://data.europa.eu/esco/skill/f049d050-12da-4e40-813a-2b5eb6df6b51,Internet of Things,released,knowledge,sector-specific,,"De allmenne prinsippene, kategoriene, kravene, begrensningene og sårbarheten ved intelligente innretninger (de fleste av dem er beregnet på Internett).",http://data.europa.eu/esco/isced-f/0611,bruk av datamaskiner
KnowledgeSkillCompetence,http://data.europa.eu/esco/skill/f0de4973-0a70-4644-8fd4-3a97080476f4,DevOps,released,knowledge,sector-specific,,"DevOps er en metode for utforming av programvaresystemer og programmer rettet mot samarbeid, og mellom programvareutviklere og annen IKT og automatisering.",http://data.europa.eu/esco/skill/bec4359e-cb92-468f-a997-8fb28e32fba9 | http://data.europa.eu/esco/isced-f/0613,Metoder innen IKT-prosjektledelse | utvikling og analyse av programvare og dataprogrammer
KnowledgeSkillCompetence,http://data.europa.eu/esco/skill/f0f2da78-ef60-4653-b2c8-ff0a7a9ea2f8,instruere biblioteksbrukere i digitale ferdigheter,released,skill/competence,occupation-specific,,"Lære bibliotekets besøkende om grunnleggende dataferdigheter, som søk i digitale databaser.
	",http://data.europa.eu/esco/skill/699e7c26-6502-4e78-a823-3656ff5a5b8b | http://data.europa.eu/esco/skill/caede8f1-6658-4d78-9eb4-2ad2c7ebf09b,instruere andre | undervisning og opplæring
KnowledgeSkillCompetence,http://data.europa.eu/esco/skill/f0f5bb34-71df-4715-9c9e-03567b76ec8f,lage hjemmesidetrådramme,released,skill/competence,sector-specific,,"Utvikle et bilde eller sett med bilder som viser de funksjonelle elementene for et nettsted eller en nettside, typisk brukt for planlegging av et nettsteds funksjonalitet og struktur.",http://data.europa.eu/esco/skill/6a7fc30d-af16-4cc5-a957-29d174bdb61c,"innhente, forvalte og lagre data"
KnowledgeSkillCompetence,http://data.europa.eu/esco/skill/f0ff6f10-cbb4-44c0-acd5-ed17046b1396,installere signalrepeatere,released,skill/competence,sector-specific,,"Sette opp og konfigurere enheter som forbedrer styrken på signalet i en kommunikasjonskanal, for å muliggjøre riktig mottak og reproduksjon flere steder.",http://data.europa.eu/esco/skill/a7065828-10aa-4aba-b7d4-f23a30df5060,"installere og reparere elektrisitets-, elektro- og presisjonsutstyr"
KnowledgeSkillCompetence,http://data.europa.eu/esco/skill/f1a56786-e6d7-4b2e-a39c-23e09024d473,begreper innen telekommunikasjon,released,knowledge,sector-specific,,"Telekommunikasjonsprinsippene, teoriene, modeller, utstyr og prosesser som overføringshastighet, båndbredde, signal-til-støyforhold, bitfeilforhold og C/N-forhold samt effekten av overføringsbanens kvaliteter på driften og kvaliteten på telekommunikasjon.",http://data.europa.eu/esco/isced-f/0714,elektronikk og automasjon
KnowledgeSkillCompetence,http://data.europa.eu/esco/skill/f22dd07b-cb0f-4b18-ba54-d922dfaa8c14,bruke CAD for varer,released,skill/competence,sector-specific,,Kunne digitalisere og skanne lestene. Arbeide med forskjellige 2D- og 3D-CAD-systemer og bruke programvaren til å ta i bruk og transformere lestenes form i henhold til dimensjonskrav fra kunden. Lage 2D-maler for å kontrollere formen til den nye lesten. Produsere tekniske tegninger og utarbeide tekniske spesifikasjonsark for produksjon. Klassifisere lesten. Eksportere filene for den virtuelle modellen til 3D-skrivere eller CAM- eller CNC-systemer.,http://data.europa.eu/esco/skill/b34e2ba1-9080-48c9-9b42-ee9192a4d3f1 | http://data.europa.eu/esco/skill/b1115b14-fa16-4c1e-be6c-91fd49a1808b,bruke CAD-programvare | bruke dataassisterte design- og tegneverktøy
KnowledgeSkillCompetence,http://data.europa.eu/esco/skill/f2741507-c5f7-45b6-8bcd-8d0d27650d68,forklare egenskapene til datamaskinperiferiutstyr,released,skill/competence,sector-specific,,"Forklare kunder om datamaskiner og perifert datautstyr; informere kunder om minnekapasitet, behandlingshastighet, inndata, ytelse osv.",http://data.europa.eu/esco/skill/62afcfdd-a2a6-4143-bafb-59c77e15a01c | http://data.europa.eu/esco/skill/b3fc5018-ff7b-46fd-be18-dd4148e9b241,gi råd om produkter og tjenester | gi kunder informasjon om datautstyrstyper
KnowledgeSkillCompetence,http://data.europa.eu/esco/skill/f28617ad-afdd-4041-814c-216153a38998,analysere programvarespesifikasjoner,released,skill/competence,sector-specific,,"Vurdere spesifikasjonene til et programvareprodukt eller system som skal utvikles, ved å identifisere funksjonelle og ikke-funksjonelle krav, begrensninger og mulige sett med brukstilfeller som illustrerer interaksjoner mellom programvaren og dens brukere.",http://data.europa.eu/esco/skill/a8c3186b-c791-4d57-8f4f-4d12c7a5c6a7,programmering av datasystemer
KnowledgeSkillCompetence,http://data.europa.eu/esco/skill/f2c26cd0-f823-4549-a418-f84d23131308,THC Hydra,released,knowledge,sector-specific,,Pakken THC Hydra er en parallellisert påloggingsknekker som tester sikkerhetssvakhetene i systemenes protokoller for potensielt uautorisert tilgang til systeminformasjon. De viktigste funksjonene inkluderer nettverkspåloggingsknekker og lesing og utskrift av passord.,http://data.europa.eu/esco/isced-f/0613 | http://data.europa.eu/esco/skill/de586dcf-d7e5-4340-bf5b-d59026f1b436,utvikling og analyse av programvare og dataprogrammer | verktøy for penetrasjonstesting
KnowledgeSkillCompetence,http://data.europa.eu/esco/skill/f2d57f41-43b4-4f5b-8100-3df5c21eda50,behandle data,released,skill/competence,cross-sector,,"Legge informasjon inn i et datalagrings- og datainnhentingssystem via prosesser som skanning, manuell inntasting eller elektronisk dataoverføring, for behandling av store datamengder.",http://data.europa.eu/esco/skill/9bdf8a77-8524-43da-bac6-d15d22e1b7ed,legge inn og transformere opplysninger
KnowledgeSkillCompetence,http://data.europa.eu/esco/skill/f36fb0bd-21d5-4347-b484-69c735f4e700,OmniPage,released,knowledge,sector-specific,,"Dataprogrammet OmniPage er en programvare som elektronisk konverterer trykte og skrevne bilder til maskinkodet tekst, slik at dokumenter kan lagres, redigeres og vises digitalt.",http://data.europa.eu/esco/skill/12c82224-6394-4c3c-9831-2a8198ed1274 | http://data.europa.eu/esco/isced-f/0613,programvare for optisk tegngjenkjenning | utvikling og analyse av programvare og dataprogrammer
KnowledgeSkillCompetence,http://data.europa.eu/esco/skill/f39336a8-8bf3-4a36-ac40-2f88836f5112,betjene et kommunikasjonssystem for nødssituasjoner,released,skill/competence,cross-sector,,"Effektivt bruke vanlige kommunikasjonssystemer til bruk i nødsituasjoner, for eksempel basestasjoner for mobile sendere og mottakere, bærbare sendere og mottakere, repeatere, mobiltelefoner, personsøkere, automatiserte kjøretøysøkere og satellittelefoner etter behov.",http://data.europa.eu/esco/skill/0a88a13f-693a-4dde-b44c-22e6f98fabc6,betjene kommunikasjonsutstyr
KnowledgeSkillCompetence,http://data.europa.eu/esco/skill/f399a9c1-be41-4117-bf86-a64b503c4cfd,overvåke dataregistrering,released,skill/competence,cross-sector,,"Overvåke registrering av informasjon som adresser eller navn i et datalagrings- og innhentingssystem ved manuell inntasting, elektronisk dataoverføring eller ved skanning.",http://data.europa.eu/esco/skill/4463a721-69f3-413d-8321-43e3af13a4f1 | http://data.europa.eu/esco/skill/9bdf8a77-8524-43da-bac6-d15d22e1b7ed,bruke databaser | legge inn og transformere opplysninger
KnowledgeSkillCompetence,http://data.europa.eu/esco/skill/f39ea734-faef-48a7-9544-14e691aed6ab,sette opp medielagring,released,skill/competence,occupation-specific,,"Sette opp og konfigurere systemer for lagring og tilgang til media, samt relaterte overflødighets- og sikkerhetskopieringssystemer, for å sikre maksimal datasikkerhet, maksimal tilgjengelighet og lav ventetid for det brukte mediet.
	",http://data.europa.eu/esco/skill/f839b1da-78b6-4466-86f4-a5798821ea20,sette opp datasystem
KnowledgeSkillCompetence,http://data.europa.eu/esco/skill/f3d8547b-e7c4-4024-8f2d-0ccf3f522779,anvende aeronautisk mobiltjenestekommunikasjon,released,skill/competence,occupation-specific,,Bruke aeronautiske kommunikasjonsenheter for overføring og mottak av teknisk informasjon til og fra luftfartøy i tråd med tekniske forskrifter og bestemmelser.,http://data.europa.eu/esco/skill/0a88a13f-693a-4dde-b44c-22e6f98fabc6,betjene kommunikasjonsutstyr
KnowledgeSkillCompetence,http://data.europa.eu/esco/skill/f40da95c-febe-406c-96aa-2d6d9c09a0a3,konvertere mellom ulike audiovisuelle formater,released,skill/competence,cross-sector,,"Bruke spesialisert programvare for å konvertere data fra ett lyd- og/eller videoformat til et annet.
	",http://data.europa.eu/esco/skill/6a7fc30d-af16-4cc5-a957-29d174bdb61c,"innhente, forvalte og lagre data"
KnowledgeSkillCompetence,http://data.europa.eu/esco/skill/f4229545-9cd3-4abf-ac7b-744040a7a61b,bruke melkekontrollprogramvare,released,skill/competence,sector-specific,,Effektivt bruke melkekontrollprogramvare og tolke resultatene på riktig måte.,http://data.europa.eu/esco/skill/6a7fc30d-af16-4cc5-a957-29d174bdb61c,"innhente, forvalte og lagre data"
KnowledgeSkillCompetence,http://data.europa.eu/esco/skill/f4346299-e22a-4686-8e61-2c9b0cd51c7d,anvende digitale sikkerhetstiltak,released,skill/competence,transversal,beskytte IKT-enheter | fjerne virus og skadelig programvare fra en datamaskin | beskytte personopplysninger | bruke antivirusprogramvare | beskytte digitale enheter | oppdatere sikkerhetstiltak på nett | implementere digitale sikkerhetstiltak,"Følge enkle måter å beskytte digitale enheter og innhold på.
  ",http://data.europa.eu/esco/skill/3399045f-8078-4066-8b46-475b49b260ab,arbeide med digitale enheter og applikasjoner
KnowledgeSkillCompetence,http://data.europa.eu/esco/skill/f47a1998-0beb-43be-9f46-380aa4d183da,Jenkins (verktøy for programvarekonfigurasjonsstyring),released,knowledge,sector-specific,,"Verktøyet Jenkins er et program for å utføre konfigurasjonsidentifikasjon, kontroll, statusregnskap og revisjon av programvare under utvikling og vedlikehold.",http://data.europa.eu/esco/skill/9d2e926f-53d9-41f5-98f3-19dfaa687f3f | http://data.europa.eu/esco/isced-f/0613,verktøy for programvarekonfigurasjonsstyring | utvikling og analyse av programvare og dataprogrammer
KnowledgeSkillCompetence,http://data.europa.eu/esco/skill/f4a6e9f7-5cff-46c0-894c-59c20bb78694,automatiseringsteknologi,released,knowledge,cross-sector,,"Sett med teknologier som gjør at en prosess, et system eller et apparat opererer automatisk ved bruk av kontrollsystemer.",http://data.europa.eu/esco/isced-f/0714,elektronikk og automasjon
KnowledgeSkillCompetence,http://data.europa.eu/esco/skill/f4a85869-1855-45d5-a43c-7ee8cd451996,utføre IKT-sikkerhetstesting,released,skill/competence,sector-specific,utføre sikkerhetsproblemer | utarbeide og anvende sikkerhetstestplaner,"Utføre ulike typer sikkerhetstesting, for eksempel testing av nettverks gjennomtrengbarhet, trådløs testing, kodegjennomganger og brannmurvurdering i samsvar med bransjens aksepterte metoder og protokoller, for å identifisere og analysere eventuelle sårbare punkter.
	",http://data.europa.eu/esco/skill/ce354460-500e-4eaa-8e95-8f243fcea3db | http://data.europa.eu/esco/skill/69cfc5ed-6569-4aca-a4cc-fd782ba51d9c | http://data.europa.eu/esco/skill/fe1c2b32-7fe9-4668-affa-07ff658a68cf | http://data.europa.eu/esco/skill/185c56ee-098f-46a1-af87-56337085da6f,administrere systemtesting | implementere IKT-risikostyring | identifisere IKT-sikkerhetsrisikoer | beskytte it-enheter
KnowledgeSkillCompetence,http://data.europa.eu/esco/skill/f5750c05-7b15-4e0b-8591-f9a1bb95aaac,betjene maskinverktøy,released,skill/competence,occupation-specific,,Programmere og bruke numerisk styrte maskinverktøy.,http://data.europa.eu/esco/skill/494b8057-daf5-46a0-b33b-416e0115c30a,bruk av digitale verktøy for å kontrollere maskineriet
KnowledgeSkillCompetence,http://data.europa.eu/esco/skill/f597f772-24d3-4cec-813c-cf5a7027c794,N1QL,released,knowledge,sector-specific,,"Dataspråket N1QL er et spørrespråk for gjenfinning av opplysninger fra en database, og av dokumenter som inneholder nødvendige opplysninger. Det er utviklet av programvareselskapet Couchbase.",http://data.europa.eu/esco/skill/9cf681c7-89ec-470c-b651-7fe03786f586 | http://data.europa.eu/esco/isced-f/0613 | http://data.europa.eu/esco/skill/99207709-d076-4cce-ba38-e90d3bb28806,spørringsspråk | utvikling og analyse av programvare og dataprogrammer | Resource Description Framework-spørringsspråk
KnowledgeSkillCompetence,http://data.europa.eu/esco/skill/f5ac9226-0ace-4d34-a1c3-7b3845834a98,vedlikeholde IKT-server,released,skill/competence,sector-specific,,"Diagnostisere og fjerne maskinvarefeil ved reparasjon eller utskifting. Treffe forebyggende tiltak, gjennomgå ytelse, oppdatere programvare, gjennomgå tilgjengelighet.",http://data.europa.eu/esco/skill/fbbcb9ab-4b95-4e57-a756-30d08b7da7a5 | http://data.europa.eu/esco/skill/39499028-35bf-4d69-9275-fb98902ed88b,vedlikeholde IKT-system | arbeide med datamaskiner
KnowledgeSkillCompetence,http://data.europa.eu/esco/skill/f5b33464-4df9-4cf3-b468-b0a2d6b3ee85,betjene 3D-datagrafikkprogramvare,released,skill/competence,sector-specific,,"Bruke grafiske IKT-verktøy, som Autodesk Maya og Blender, som muliggjør digital redigering, modellering, gjengivelse og sammensetning av grafikk. Disse verktøyene er basert på matematisk framstilling av tredimensjonale objekter.",http://data.europa.eu/esco/skill/a556a3db-cd48-42a5-825c-f95f6f5ccbfe,skape visuelle utstillinger og dekorasjoner
KnowledgeSkillCompetence,http://data.europa.eu/esco/skill/f5f9b6fe-0ff2-4c0b-887a-12702d8612ba,håndtere CNC-graveringsmaskin,released,skill/competence,cross-sector,,Overvåke og betjene en CNC-graveringsmaskin i henhold til forskrifter.,http://data.europa.eu/esco/skill/494b8057-daf5-46a0-b33b-416e0115c30a,bruk av digitale verktøy for å kontrollere maskineriet
KnowledgeSkillCompetence,http://data.europa.eu/esco/skill/f632251a-4078-4546-b19f-7ef528d08325,bruke IT-verktøy,released,skill/competence,cross-sector,,"Bruke datamaskiner, datanettverk og annen informasjonsteknologi og annet utstyr til lagring, henting, overføring og manipulering av data i forbindelse med en virksomhet eller bedrift.",http://data.europa.eu/esco/skill/580660a6-5d3a-421d-a54f-d85b706c2b2f | http://data.europa.eu/esco/skill/2b34a99f-9813-4c91-9509-b6b9b8c3132e | http://data.europa.eu/esco/skill/4d6a48ae-352e-4823-bc3a-3f3e9e2cae86,bruke elektroniske verktøy for å samarbeide | samarbeide gjennom digitale teknologier | tilgang til og analyse av digitale data
KnowledgeSkillCompetence,http://data.europa.eu/esco/skill/f6424ebb-8401-446b-9f7e-10d7c854da02,IKT-nettverkssimulering,released,knowledge,sector-specific,,Metoder og verktøy som muliggjør modellering av IKT-nettverkets oppførsel ved å beregne datautvekslingen mellom enheter eller fange opp og reprodusere egenskaper fra et fungerende nettverk.,http://data.europa.eu/esco/isced-f/0612,utvikling og administrasjon av databaser og datanett
KnowledgeSkillCompetence,http://data.europa.eu/esco/skill/f683ae1d-cb7c-4aa1-b9fe-205e1bd23535,bruke Microsoft Office,released,skill/competence,cross-sector,,"Bruke standardprogrammene i Microsoft Office. Lage et dokument og utføre grunnleggende formatering, sette inn sideskift, lage topp- eller bunntekst og sette inn grafikk, lage automatisk genererte innholdsfortegnelser og flette standardbrev fra en database med adresser. Lage regneark med automatiske beregninger, lage bilder og sortere og filtrere datatabeller.
	",http://data.europa.eu/esco/skill/98fb499f-9155-412d-a8a0-95ba97126fec,bruke digitale verktøy for samarbeid og produktivitet
KnowledgeSkillCompetence,http://data.europa.eu/esco/skill/f6868852-9bf6-4899-a5d6-5f9532fb877d,utforme komponentgrensesnitt,released,skill/competence,occupation-specific,,Bruke metoder og verktøy for å designe og programmere grensesnitt mellom programvare og systemkomponenter.,http://data.europa.eu/esco/skill/a8c3186b-c791-4d57-8f4f-4d12c7a5c6a7,programmering av datasystemer
KnowledgeSkillCompetence,http://data.europa.eu/esco/skill/f68cd42c-1d67-4ca7-9b37-8f024763823d,skanne fotografier,released,skill/competence,sector-specific,,"Skanne bilder til datamaskiner for redigering, lagring og elektronisk overføring.",http://data.europa.eu/esco/skill/64e505a8-8c7a-40a4-9776-0fd5ced146fa | http://data.europa.eu/esco/skill/6a7fc30d-af16-4cc5-a957-29d174bdb61c,"velge fotografier | innhente, forvalte og lagre data"
KnowledgeSkillCompetence,http://data.europa.eu/esco/skill/f6d294f4-db62-4fc5-a7b8-778e5071c112,gjennomføre moderering på forum,released,skill/competence,cross-sector,gjennomføre forummoderering,"Overvåke kommunikasjonsaktivitet på et nettforum og andre diskusjonsplattformer ved å vurdere om innholdet overholder forumets regelverk, håndheve regler for god oppførsel og sikre at forumet forblir fritt for ulovlig innhold og konflikt.",http://data.europa.eu/esco/skill/64e09849-a7db-4d6b-a932-66264420eb97 | http://data.europa.eu/esco/skill/5b46f572-7ced-4efd-b270-a81a164d521c | http://data.europa.eu/esco/skill/9c17f73f-345c-4c55-8b59-47b445941b7b,anvende markedsføring i sosiale medier | moderere diskusjoner | megle i og løse tvister
KnowledgeSkillCompetence,http://data.europa.eu/esco/skill/f6e32a5b-bd38-4dd2-87e5-24d56152bcc6,anvende gjennomhullingsteknologi manuelt,released,skill/competence,occupation-specific,,Bruke TH-teknologi til å feste ledningene fra større elektroniske komponenter i de motsvarende hullene på kretskort. Anvende denne teknikken manuelt.,http://data.europa.eu/esco/skill/f839b1da-78b6-4466-86f4-a5798821ea20,sette opp datasystem
KnowledgeSkillCompetence,http://data.europa.eu/esco/skill/f771d20c-815b-43e1-9355-b7f3f63a0b23,fremme forebygging av sosial isolasjon,released,skill/competence,occupation-specific,,Fremme bruken av IKT-enheter for å forhindre at pleiemottakeren mister kontakten med sitt sosiale miljø.,http://data.europa.eu/esco/skill/f9db77be-eb63-4937-a0d0-b581733e7d2a,gi støtte til å løse problem
KnowledgeSkillCompetence,http://data.europa.eu/esco/skill/f7e051fc-8f7b-45b3-8911-8ffb9b951f4a,blokkjedekonsensus-mekanismer,released,knowledge,sector-specific,CaaS | distribuerte hovedkonsensusprotokoller | blockchain konsensusprotokoller | POS | bevis på arbeid | bevis på innsats | konsensusbyggende mekanismer | delegert bevis på innsats | bevis på autoritet | dPOS | POW | konsensus som en tjeneste,"De forskjellige mekanismene og deres egenskaper som sikrer at en transaksjon overføres på riktig måte i den distribuerte hovedboken.
	",http://data.europa.eu/esco/isced-f/0619,ikke annetsteds klassifisert informasjons- og kommunikasjonsteknologi
KnowledgeSkillCompetence,http://data.europa.eu/esco/skill/f7e2eb04-3e50-4561-bce1-7e51a1fec308,definere programvarearkitektur,released,skill/competence,sector-specific,,"Lage og dokumentere strukturen til programvareprodukter, inkludert komponenter, koblinger og grensesnitt. Sikre gjennomførbarhet, funksjonalitet og kompatibilitet med eksisterende plattformer.",http://data.europa.eu/esco/skill/b590d4e5-7c62-4b4a-abc2-c270b482e0ce,designe it-system eller -programvare
KnowledgeSkillCompetence,http://data.europa.eu/esco/skill/f84a433f-34f1-4083-b0a3-24802623509c,webtjenester,released,knowledge,sector-specific,systemer for nettjenester | nettjenestesystemer,"XML-baserte informasjonssystemer som muliggjør direkte samhandling mellom programmer via internett. Det er et sett med protokoller for overføring av data mellom applikasjoner og systemer.
	",http://data.europa.eu/esco/isced-f/0613,utvikling og analyse av programvare og dataprogrammer
KnowledgeSkillCompetence,http://data.europa.eu/esco/skill/f88002a8-6355-4d33-9496-285c166ff375,IKT-strømforbruk,released,knowledge,sector-specific,,Energiforbruk og typer modeller for programvare samt maskinvare.,http://data.europa.eu/esco/isced-f/0611,bruk av datamaskiner
KnowledgeSkillCompetence,http://data.europa.eu/esco/skill/f8e3425c-fe44-4ffb-bafe-0e20d91dadf4,SAP Data Services,released,knowledge,sector-specific,,"Dataprogrammet SAP Data Services er et verktøy for integrering av informasjon fra flere anvendelser, opprettet og vedlikeholdt av organisasjoner til en ensartet og åpen datastruktur som er utviklet av programvareselskapet SAP.",http://data.europa.eu/esco/skill/9d0d89be-bffa-4393-b6f6-8d05bea49051 | http://data.europa.eu/esco/isced-f/0612,"verktøy for datautvinning, -transformering og -lasting | utvikling og administrasjon av databaser og datanett"
KnowledgeSkillCompetence,http://data.europa.eu/esco/skill/f8e7c608-a92d-4b61-b84f-e2453b0aa4a4,følge opp elektroniske brukerforespørsler,released,skill/competence,cross-sector,,Motta tilbakemeldinger fra besøkende på nettet og treffe tiltak som oppfyller deres forespørsler i henhold til deres spesifikke behov.,http://data.europa.eu/esco/skill/debb8d81-ed7f-447d-853a-5d107fda6fcf | http://data.europa.eu/esco/skill/119a2f5c-3c3e-4b0d-9813-06a553c8860c,levere oppfølgingstjenester til kunden | yte generell bistand til personer
KnowledgeSkillCompetence,http://data.europa.eu/esco/skill/f8f1f725-0105-41fa-9887-4df9e7a7af1e,administrere vertstjeneste for e-post,released,skill/competence,sector-specific,,"Overvåke den daglige driften av en privat e-postplattform ved å vedlikeholde og forbedre tjenester som tilbys, f.eks. spam- og virusbeskyttelse, blokkering av reklame, nytt design av nettstedet og søkemotoroptimalisering.",http://data.europa.eu/esco/skill/6a7fc30d-af16-4cc5-a957-29d174bdb61c,"innhente, forvalte og lagre data"
KnowledgeSkillCompetence,http://data.europa.eu/esco/skill/f9670490-8aa4-4540-b121-d440a8294aab,utvikle databehandlingsapplikasjoner,released,skill/competence,occupation-specific,,Lage tilpasset programvare for behandling av data ved å velge og bruke riktig dataprogrammeringsspråk for at et IKT-system skal kunne produsere etterspurte utdata basert på forventede inndata.,http://data.europa.eu/esco/skill/a8c3186b-c791-4d57-8f4f-4d12c7a5c6a7,programmering av datasystemer
KnowledgeSkillCompetence,http://data.europa.eu/esco/skill/f96f5aa5-6ed7-40dc-a431-68b0a09d6d4b,designe automatiseringskomponenter,released,skill/competence,cross-sector,,"Designe tekniske deler, sammenstillinger, produkter eller systemer som bidrar til automatisering av industrimaskiner.",http://data.europa.eu/esco/skill/87434439-c07d-48be-af34-b0cdd03121c4 | http://data.europa.eu/esco/skill/39fa260c-4f85-48e3-83ce-e292e696c233,utforme tekniske komponenter | designe elektriske eller elektroniske system eller utstyr
KnowledgeSkillCompetence,http://data.europa.eu/esco/skill/f9a6f35b-01a7-40c9-8b61-b6ee46f97272,operativsystemer,released,knowledge,sector-specific,,"Funksjonene, begrensningene, arkitekturene og andre egenskaper ved operativsystemer som Linux, Windows, MacOS osv.
	",http://data.europa.eu/esco/isced-f/0613,utvikling og analyse av programvare og dataprogrammer
KnowledgeSkillCompetence,http://data.europa.eu/esco/skill/f9da1ca4-40f4-483a-92e6-0a0c6d078638,bruke flåtestyringssystem,released,skill/competence,occupation-specific,,"Bruke en programvare for flåtestyring til å koordinere og organisere firmabilene fra et sentralt punkt. Programvaren inkluderer flere funksjoner som føreradministrasjon, kjøretøyvedlikehold, kjøretøysporing og -diagnostikk, kjøretøyfinansiering, hastighetsstyring, drivstoff- og tilstandsstyring og sikkerhetsstyring.
	",http://data.europa.eu/esco/skill/98fb499f-9155-412d-a8a0-95ba97126fec,bruke digitale verktøy for samarbeid og produktivitet
KnowledgeSkillCompetence,http://data.europa.eu/esco/skill/f9e788df-d68a-4f92-92c7-80e135fc35ff,IKT-nettverksmaskinvare,released,knowledge,cross-sector,,"IKT-nettverksutstyr eller datanettverksenheter, f.eks. UPS-systemer, elektriske systemer, nettverksfasiliteter og strukturerte kablingssystemer.",http://data.europa.eu/esco/isced-f/0612,utvikling og administrasjon av databaser og datanett
KnowledgeSkillCompetence,http://data.europa.eu/esco/skill/fa3e5cec-703e-4d46-b3bb-e8a89540ab54,administrere digitale arkiver,released,skill/competence,sector-specific,,"Opprette og vedlikeholde dataarkiver og databaser, og innlemme den siste utviklingen innen elektronisk informasjonslagringsteknologi.",http://data.europa.eu/esco/skill/611ed16b-99bf-4840-9cab-f55d1d286e0a | http://data.europa.eu/esco/skill/b769f524-0f25-44d7-8538-5c46710a040e | http://data.europa.eu/esco/skill/32c017fd-28ab-4051-bf68-74de952c2f77,lagre digitale data og systemer | administrere digitale dokumenter | administrasjon av informasjon
KnowledgeSkillCompetence,http://data.europa.eu/esco/skill/fae27053-8924-4bfd-b565-c9fe502044c9,systemdesign,released,knowledge,sector-specific,utforming av systemarkitektur | systemarkitekturdesign,"Prosessen med å definere arkitekturen for ulike komponenter og moduler i et system, samt relevante data, for å tilfredsstille spesifikke krav.
	",http://data.europa.eu/esco/isced-f/0613,utvikling og analyse av programvare og dataprogrammer
KnowledgeSkillCompetence,http://data.europa.eu/esco/skill/fae7e545-5114-43cc-8e83-178e2549ecb9,modellering av bygningsinformasjon,released,knowledge,sector-specific,byggeinformasjonsmodellering | bim,"En programvareplattform for integrert design, modellering, planlegging og samarbeid, som gir en digital representasjon av bygningens egenskaper gjennom hele livssyklusen.
	",http://data.europa.eu/esco/isced-f/0732,bygg og anlegg
KnowledgeSkillCompetence,http://data.europa.eu/esco/skill/fafe0b9d-dbd9-46bd-b770-26299539ce66,IKT-prosesskvalitetsmodeller,released,knowledge,sector-specific,,"Kvalitetsmodellene for IKT-tjenester som tar opp prosessenes modenhet, vedtakelse av anbefalt praksis og deres definisjon og institusjonalisering som gjør det mulig for organisasjonen på en pålitelig og bærekraftig måte å gi nødvendige resultater. Den omfatter modeller på mange IKT-områder.",http://data.europa.eu/esco/isced-f/0613,utvikling og analyse av programvare og dataprogrammer
KnowledgeSkillCompetence,http://data.europa.eu/esco/skill/fb601189-afa9-4a7b-8430-21a906483072,feltprogrammerbare gatearrayer,released,knowledge,occupation-specific,,"De integrerte kretser som kan omstilles til den ønskede anvendelsen eller kravene til funksjonalitet etter framstillingen, og som gjør det mulig for brukerne å tilpasse mikrokontrollere for å imøtekomme deres individuelle behov.",http://data.europa.eu/esco/isced-f/0713,elektrisitet og energi
KnowledgeSkillCompetence,http://data.europa.eu/esco/skill/fb7aee4d-f6c6-4a87-8e9d-8e542b3771f8,programvaremetrikk,released,knowledge,sector-specific,,En metode for måling av karakteristikk av programvare for å bestemme utviklingen av programvaren og evaluere den.,http://data.europa.eu/esco/isced-f/0613,utvikling og analyse av programvare og dataprogrammer
KnowledgeSkillCompetence,http://data.europa.eu/esco/skill/fb82ae25-b59f-43fd-aacf-a8308afbe85e,helseinformatikk,released,knowledge,cross-sector,,"Tverrfaglig felt innenfor datavitenskap, informasjonsteknologi og sosial vitenskap som benytter helseinformasjonsteknologi (HIT) for å forbedre helsetjenester.",http://data.europa.eu/esco/isced-f/0914,medisinsk diagnose- og behandlingsteknologi
KnowledgeSkillCompetence,http://data.europa.eu/esco/skill/fbafa41f-cd05-4109-a649-8b44d306d779,lage datamodeller,released,skill/competence,sector-specific,,"Bruke spesifikke teknikker og metoder for å analysere datakravene for en organisasjons forretningsprosesser for å lage modeller for disse dataene, som konseptuelle, logiske og fysiske modeller. Disse modellene har en spesifikk struktur og et særlig format.",http://data.europa.eu/esco/skill/9ff9db9d-d14b-426e-83f3-e7449af6c79f | http://data.europa.eu/esco/skill/32c017fd-28ab-4051-bf68-74de952c2f77,administrere data | administrasjon av informasjon
KnowledgeSkillCompetence,http://data.europa.eu/esco/skill/fbbcb9ab-4b95-4e57-a756-30d08b7da7a5,vedlikeholde IKT-system,released,skill/competence,sector-specific,,Velge og bruke system- og nettverksovervåkingsteknikker. Identifisere og fikse driftsproblemer. Sikre at systemets funksjoner og effektivitet samsvarer med selskapets spesifikasjoner.,http://data.europa.eu/esco/skill/31d35d3d-2bf2-49aa-9c20-92566ef80277 | http://data.europa.eu/esco/skill/39499028-35bf-4d69-9275-fb98902ed88b,bruke IKT-systemer | arbeide med datamaskiner
KnowledgeSkillCompetence,http://data.europa.eu/esco/skill/fc1fa8eb-a7fd-481c-b3b3-5fc45b3d1e97,evaluere oversettelsesteknologi,released,skill/competence,sector-specific,,Bruke teknologier for oversettelse og komme med observasjoner om deres bruk til definerte formål.,http://data.europa.eu/esco/skill/64aeee4d-3791-4448-8ed8-9b49ad04f2fb,oversette og tolke
KnowledgeSkillCompetence,http://data.europa.eu/esco/skill/fc2f1d4f-a46f-471e-a618-cbd4d0496a53,implementere IKT-gjenopprettingssystem,released,skill/competence,sector-specific,,"Lage, administrere og implementere gjenopprettingsplan for IKT-system i tilfelle krise for å hente informasjon og gjenoppta bruk av systemet.",http://data.europa.eu/esco/skill/0b9968af-72de-470a-98e1-2d19577443fb,løse dataproblemer
KnowledgeSkillCompetence,http://data.europa.eu/esco/skill/fc461d64-ef74-43d5-8fc1-e1d1943e5bc5,innstille trådløse lydsystemer,released,skill/competence,sector-specific,,Stille inn et trådløst lydsystem i en live-situasjon.,http://data.europa.eu/esco/skill/8ddcb295-707e-459c-ba6a-66ffb37835c5 | http://data.europa.eu/esco/skill/dfc63948-4423-4be0-9b32-8e532f90f2ed,betjene audiovisuelt utstyr | sette opp lydforsterkningssystem
KnowledgeSkillCompetence,http://data.europa.eu/esco/skill/fc5818b4-66f9-498b-a1bc-ff651db2af68,kybernetikk,released,knowledge,sector-specific,,"Fagfelt, mekanismer og komponenter som ligger til grunn for kybernetikk. Typen systemteori har som mål å få kontroll med tilbakemeldinger fra både levende og ikke-levende systemer.",http://data.europa.eu/esco/isced-f/0111,pedagogikk
KnowledgeSkillCompetence,http://data.europa.eu/esco/skill/fc6cddab-c9ce-4ce6-83ac-32b6854dd6da,installere elektroniske kommunikasjonsenheter på tog,released,skill/competence,cross-sector,,"Installere, justere og teste elektronisk kommunikasjonsutstyr, som inkluderer lyd, sikkerhet, navigasjon og overvåkingssystemer.",http://data.europa.eu/esco/skill/861cc783-6d4c-442e-9081-3a6e389be454 | http://data.europa.eu/esco/skill/a7065828-10aa-4aba-b7d4-f23a30df5060,"installere elektronisk kommunikasjonsutstyr | installere og reparere elektrisitets-, elektro- og presisjonsutstyr"
KnowledgeSkillCompetence,http://data.europa.eu/esco/skill/fc72d86f-7e69-4bf8-b407-23303a798a0b,kontrollpanelkomponenter,released,knowledge,sector-specific,,"De elementene som forekommer i kontrollpaneler, f.eks. ledninger, kretskort, DIN-skinner, brytere, programmerbare logiske kontrollere (PLS), kontaktorer og transformatorer.",http://data.europa.eu/esco/isced-f/0612,utvikling og administrasjon av databaser og datanett
KnowledgeSkillCompetence,http://data.europa.eu/esco/skill/fc94266b-322d-4f1d-87a0-03f999e72344,miningprinsipper for blokkjede,released,knowledge,sector-specific,prinsipper for blockchain mining,"Viktige typer og prinsipper for mining av blokkjede og kryptovaluta inkluderer ASIC-mining, GPU-mining, CPU-mining, skymining og miningpooler.
	",http://data.europa.eu/esco/isced-f/0612,utvikling og administrasjon av databaser og datanett
KnowledgeSkillCompetence,http://data.europa.eu/esco/skill/fcb5e5c1-69b4-46d7-b9e6-328a5381dd89,bruke spesielt høreutstyr for testing,released,skill/competence,cross-sector,,Bruke audiometre og datamaskiner for å bestemme graden av pasientens hørselshemming og finne andre faktorer relatert til problemet.,http://data.europa.eu/esco/skill/872c0ddb-f056-4f51-afac-fc3d6fae0f5b,betjene medisinsk utstyr
KnowledgeSkillCompetence,http://data.europa.eu/esco/skill/fcbb3a90-cdde-49ff-9ecc-8e2c0a6dfca2,samle inn data om cyberforsvar,released,skill/competence,sector-specific,drive etterretning for cyberforsvaret | samle inn opplysninger til bruk i cyberforsvar,"Samle inn data for cyberforsvar ved bruk av ulike verktøy for datainnsamling. Data kan samles inn fra en rekke interne eller eksterne kilder, for eksempel nettbasert handelshistorikk, DNS-forespørselslogger, e-postserverlogger, innhenting av digitale kommunikasjonspakker, dypnettressurser osv.
	",http://data.europa.eu/esco/skill/29dcc31e-a8d6-4a62-b3c1-2de81e966e39,samle opplysninger fra fysiske eller elektroniske kilder
KnowledgeSkillCompetence,http://data.europa.eu/esco/skill/fd33c66c-70c4-40e6-b87c-5495bd3bf26e,utforme brukergrensesnitt,released,skill/competence,sector-specific,,"Lage programvare eller enhetskomponenter som muliggjør interaksjon mellom mennesker og systemer eller maskiner, ved bruk av passende teknikker, språk og verktøy for å effektivisere samhandlingen ved bruk av systemet eller maskinen.",http://data.europa.eu/esco/skill/b590d4e5-7c62-4b4a-abc2-c270b482e0ce,designe it-system eller -programvare
KnowledgeSkillCompetence,http://data.europa.eu/esco/skill/fd6d2981-3d4a-4ce2-9741-cfc98c5b74bd,implementere datavarehusteknikker,released,skill/competence,sector-specific,,Bruke modeller og verktøy som online analytisk prosessering (OLAP) og online transaksjonsbehandling (OLTP) for å integrere strukturerte eller ustrukturerte data fra kilder for opprettelse av et sentralt arkiv med historiske og aktuelle data.,http://data.europa.eu/esco/skill/611ed16b-99bf-4840-9cab-f55d1d286e0a | http://data.europa.eu/esco/skill/382c11ed-20d5-4ae7-b60e-15fec527fa6c | http://data.europa.eu/esco/skill/6a7fc30d-af16-4cc5-a957-29d174bdb61c,"lagre digitale data og systemer | anvende statistiske analyseteknikker | innhente, forvalte og lagre data"
KnowledgeSkillCompetence,http://data.europa.eu/esco/skill/fda917eb-0d6a-4371-8c93-2a10bf950966,administrere semantisk IKT-integrasjon,released,skill/competence,sector-specific,,Føre tilsyn med integreringen av offentlige eller interne databaser og andre data ved bruk av semantiske teknologier for å produsere strukturert semantisk innhold.,http://data.europa.eu/esco/skill/46ec0033-3c71-415e-bcff-b065675ba2dc | http://data.europa.eu/esco/skill/a4a882a1-0263-4dd2-b29a-f0028cac2393 | http://data.europa.eu/esco/skill/f839b1da-78b6-4466-86f4-a5798821ea20,integrere IKT-data | definere integreringsstrategi | sette opp datasystem
KnowledgeSkillCompetence,http://data.europa.eu/esco/skill/fdc388ba-c8f4-4455-a55f-ffdf29b05f5f,bruke landbruksinformasjonssystemer og -databaser,released,skill/competence,sector-specific,,"Bruke relevante informasjonssystemer og databaser til å planlegge, styre og drifte landbruksbedrifter og -produksjon.",http://data.europa.eu/esco/skill/4463a721-69f3-413d-8321-43e3af13a4f1 | http://data.europa.eu/esco/skill/32c017fd-28ab-4051-bf68-74de952c2f77,bruke databaser | administrasjon av informasjon
KnowledgeSkillCompetence,http://data.europa.eu/esco/skill/fdf15b35-9028-4acb-bfd2-43f00a015cd9,bruke personlig organisasjonsprogramvare,released,skill/competence,cross-sector,,"Bruke programvareverktøy, som kalendere, gjørelister, tidssporing og kontaktlister, til hjelp i håndtering av personlig effektivitet.",http://data.europa.eu/esco/skill/b080a008-a35d-4bd0-92e9-edf3773bb2b7 | http://data.europa.eu/esco/skill/98fb499f-9155-412d-a8a0-95ba97126fec,bruke programvare for kommunikasjon og samarbeid | bruke digitale verktøy for samarbeid og produktivitet
KnowledgeSkillCompetence,http://data.europa.eu/esco/skill/fdfa3dcb-b8f0-454f-a659-64c66dc6b6a2,fiberoptikk,released,knowledge,cross-sector,,"Den teknologien som bruker optisk fiber, f.eks. plast- eller glasstråder for å overføre data. Optiske fibrer kan overføre lys mellom de to ender av fibrene og kan overføre bilder og meldinger modulert til lysbølger. Fiberoptiske kabler har økt popularitet på grunn av mulighet for at de kan overføre data over lange avstander ved høyere bredder og med mindre mengder interferens enn metallkabler.",http://data.europa.eu/esco/isced-f/0533,fysikk
KnowledgeSkillCompetence,http://data.europa.eu/esco/skill/fe1c2b32-7fe9-4668-affa-07ff658a68cf,identifisere IKT-sikkerhetsrisikoer,released,skill/competence,sector-specific,,"Bruke metoder og teknikker for å identifisere potensielle sikkerhetstrusler, sikkerhetsbrudd og risikofaktorer ved bruk av IKT-verktøy for kartlegging av IKT-systemer, analysere risikoer, sårbarheter og trusler og evaluere beredskapsplaner.",http://data.europa.eu/esco/skill/bc0b0b5d-f6be-405a-b224-b6902a4dbe97 | http://data.europa.eu/esco/skill/2a3a96a3-709e-4d60-81f6-d247d6933f13 | http://data.europa.eu/esco/skill/69cfc5ed-6569-4aca-a4cc-fd782ba51d9c | http://data.europa.eu/esco/skill/7e153e1d-2b12-43ad-89f3-0cf82ebc4a30 | http://data.europa.eu/esco/skill/14832d87-2f2f-4895-b290-e4760ebae42a,administrere digital identitet | administrere systemsikkerhet | implementere IKT-risikostyring | utføre risikoanalyse og -styring | løse tekniske problemer
KnowledgeSkillCompetence,http://data.europa.eu/esco/skill/fe4a9fb8-2963-4b23-8a18-e033197304f2,designe sensorer,released,skill/competence,sector-specific,utvikle sensorer,"Designe og utvikle forskjellige typer sensorer i henhold til spesifikasjoner, f.eks. vibrasjonssensorer, varmesensorer, optiske sensorer, fuktighetssensorer og el-sensorer.",http://data.europa.eu/esco/skill/c34b06c4-d164-4e49-a784-89d47de42ec2,"designe industrimateriale, -system eller -produkt"
KnowledgeSkillCompetence,http://data.europa.eu/esco/skill/feb717ff-fba6-4a91-aa10-ee11cf2da6b4,utforme elektroniske systemer,released,skill/competence,cross-sector,,"Lage utkast til skisser og designe elektroniske systemer, produkter og komponenter ved bruk av CAD-programvare og -utstyr (Computer Aided Design). Lage en simulering slik at det kan gjøres en vurdering av produktets levedyktighet, og slik at de fysiske parameterne kan undersøkes før selve byggingen av produktet.",http://data.europa.eu/esco/skill/39fa260c-4f85-48e3-83ce-e292e696c233,designe elektriske eller elektroniske system eller utstyr
KnowledgeSkillCompetence,http://data.europa.eu/esco/skill/febcc41e-bf0c-4733-a498-c2881c86ce88,sette opp kringkastingsutstyr,released,skill/competence,occupation-specific,,"Sette opp og kalibrere kringkastingsutstyr for å produsere, veksle, motta, ta opp, redigere og reprodusere TV- og radiosignaler.",http://data.europa.eu/esco/skill/3233330f-bb93-47ea-93b4-ed903d05d9f1 | http://data.europa.eu/esco/skill/f32eb5de-3fc7-4bba-853a-c6f2f043c33e | http://data.europa.eu/esco/skill/a7065828-10aa-4aba-b7d4-f23a30df5060,"sette opp multimedieutstyr | montere utstyr til avtalt tid | installere og reparere elektrisitets-, elektro- og presisjonsutstyr"
KnowledgeSkillCompetence,http://data.europa.eu/esco/skill/fecf8a0d-62c4-4e71-9b03-0f4fc2ad7bf5,datamodeller,released,knowledge,sector-specific,,"Teknikkene og de eksisterende systemene som brukes til å strukturere dataelementer, og som viser forbindelser mellom dem samt metoder for tolkning av datastrukturer og forhold.",http://data.europa.eu/esco/isced-f/0612,utvikling og administrasjon av databaser og datanett
KnowledgeSkillCompetence,http://data.europa.eu/esco/skill/fef18610-c8ca-431b-9ca8-d3d0cdffde72,bruke Internett-chat,released,skill/competence,sector-specific,,"Chatte på nettet ved bruk av dedikerte chat-nettsteder, meldingsapper eller sosiale medier.",http://data.europa.eu/esco/skill/a12057b4-6d11-4a12-ab8e-15a028ef0a6d | http://data.europa.eu/esco/skill/b080a008-a35d-4bd0-92e9-edf3773bb2b7 | http://data.europa.eu/esco/skill/848c0306-8cbe-4693-a275-d99807c0173c,samhandle gjennom digitale teknologier | bruke programvare for kommunikasjon og samarbeid | opprettholde forbindelser og kontakter
KnowledgeSkillCompetence,http://data.europa.eu/esco/skill/ff25cbf0-6978-4c4c-887e-d4b185410d74,utføre gjenopprettingstesting av programvare,released,skill/competence,sector-specific,,Utføre testing ved bruk av spesialiserte programvareverktøy for å framtvinge programvarefeil på ulike måter og undersøke hvor raskt programvaren bedre kan gjenopprette ulike typer krasj eller feil.,http://data.europa.eu/esco/skill/5d74614d-32c8-4ca4-9818-6980e52424b1 | http://data.europa.eu/esco/skill/913e7e83-b8f8-4574-b1ca-1b38f3fd974a | http://data.europa.eu/esco/skill/a8c3186b-c791-4d57-8f4f-4d12c7a5c6a7,planlegge programvaretesting | utføre programvaretester | programmering av datasystemer
KnowledgeSkillCompetence,http://data.europa.eu/esco/skill/ff6904ef-36e7-4890-8fb1-8353b299f047,mikrobrikkeskannere,released,knowledge,occupation-specific,,"De forskjellige tilgjengelige skannertyper, begrensninger og hvordan du forbereder, bruker og vedlikeholder dem. Miljøbegrensningene ved bruk av en skanner, inkludert hvilke eksterne faktorer som kan påvirke avlesningen av en mikrobrikke, f.eks. metallhalsbånd, nærhet til dataskjermer osv.",http://data.europa.eu/esco/isced-f/0611,bruk av datamaskiner
KnowledgeSkillCompetence,http://data.europa.eu/esco/skill/ffa1d58b-ba09-49bd-a982-e743b2237006,utføre energisimuleringer,released,skill/competence,sector-specific,,"Replisere bygningens energiytelse ved å kjøre datamaskinbaserte, matematiske modeller.
	",http://data.europa.eu/esco/skill/1f2950c0-ef1e-44b4-9a55-125ccd7b78af,analyse og evaluering av informasjon og data
KnowledgeSkillCompetence,http://data.europa.eu/esco/skill/ffc1e455-ced2-4e67-bdb3-1c50f9683859,Capture One,released,knowledge,sector-specific,,Dataprogrammet Capture One er et grafisk IKT-verktøy som gjør det mulig å lage digital redigering og en sammensetning av grafikk til å skape både 2D-raster og 2D-vektorgrafikk.,http://data.europa.eu/esco/isced-f/0611,bruk av datamaskiner
KnowledgeSkillCompetence,http://data.europa.eu/esco/skill/ffdd5e53-7191-4043-ae0e-eea1bb077080,modellere sensor,released,skill/competence,sector-specific,,"Modellere og simulere sensorer, produkter som bruker sensorer, og sensorkomponenter ved bruk av teknisk designprogramvare. På denne måten kan produktets levedyktighet vurderes og de fysiske parameterne undersøkes før selve byggingen av produktet.",http://data.europa.eu/esco/skill/c34b06c4-d164-4e49-a784-89d47de42ec2,"designe industrimateriale, -system eller -produkt"
KnowledgeSkillCompetence,http://data.europa.eu/esco/skill/ffddfc7c-a9dd-449f-9e96-882dc447c8b6,Scala,released,knowledge,sector-specific,,"Teknikker og prinsipper for utvikling av programvare, som analyse, algoritmer, koding, prøving og utarbeiding av programmønstre i Scala.",http://data.europa.eu/esco/isced-f/0613,utvikling og analyse av programvare og dataprogrammer
KnowledgeSkillCompetence,http://data.europa.eu/esco/skill/fff0e2cd-d0bd-4b02-9daf-158b79d9688a,naturlig språkprosessering,released,knowledge,sector-specific,,Teknologi som gjør det mulig for IKT-enheter å forstå og samarbeide med brukere via menneskelig språk.,http://data.europa.eu/esco/isced-f/0231,språklæring
