conceptType,conceptUri,preferredLabel,status,skillType,reuseLevel,altLabels,description,broaderConceptUri,broaderConceptPT
KnowledgeSkillCompetence,http://data.europa.eu/esco/skill/001d46db-035e-4b92-83a3-ed8771e0c123,lære opp ansatte i å redusere matavfall,released,skill/competence,sector-specific,lære elevene matsvinnreduksjon | utdanne ansatte om matsvinn | utdanne arbeidere om metoder for resirkulering av mat | informere personalet om matsvinnsreduksjon,"Etablere nye opplærings- og personalutviklingsbestemmelser for å støtte ansattes kunnskap om forebygging av matavfall og praksiser for resirkulering av mat. Sikre at ansatte forstår metoder og verktøy for resirkulering av mat, f.eks. å sortere avfall.
	",http://data.europa.eu/esco/skill/6c4fa8c8-e9e1-49b5-897f-6b61fe649488,gi opplæring i operasjonelle prosedyrer
KnowledgeSkillCompetence,http://data.europa.eu/esco/skill/0037c821-2898-4919-b96e-7ed1cd89554c,utvikle energisbeparende konsepter,released,skill/competence,cross-sector,,"Bruke nåværende forskningsresultater og samarbeide med sakkyndige for å optimere eller utvikle konsepter, utstyr og produksjonsprosesser som krever en mindre mengde energi, som nye isoleringsmetoder og materialer.",http://data.europa.eu/esco/skill/c2a0c52c-0b4b-4180-a918-92650ea3b458 | http://data.europa.eu/esco/skill/c23e0a2f-f04b-45bc-b0dd-20571f6b502c,tenke innovativt | utarbeide retningslinjer og rutiner for drift
KnowledgeSkillCompetence,http://data.europa.eu/esco/skill/00735755-adc6-4ea0-b034-b8caff339c9f,installere varmepumpe,released,skill/competence,cross-sector,,"Installere varmepumper, som bruker de fysiske egenskapene til stoffer som kalles kjølemidler, til å utvinne varme fra miljøet og frigjøre den i et varmere miljø, i motsetning til spontan varmestrøm. Lage nødvendige åpninger og installere delene av varmepumpen som skal være innendørs og utendørs. Kople til elektrisitet og eventuelle kanaler og konfigurere varmepumpen.",http://data.europa.eu/esco/skill/b85caa4a-f04b-4331-80df-11404fd71225,"installere utstyr for oppvarming, ventilasjon og luftkondisjonering"
KnowledgeSkillCompetence,http://data.europa.eu/esco/skill/0082c13b-5866-4542-bc4f-722a4ae9530e,designe biomasseinstallasjoner,released,skill/competence,sector-specific,design av installasjon av biomasse | design av biomassesystem,"Design energisystem for biomasse. Bestem omfanget av konstruksjonen, slik som påkrevd plass og vekt. Beregn indikatorer som kapasitet, strømning og temperaturer. Lag detaljerte beskrivelser og tegninger av designet.
	",http://data.europa.eu/esco/skill/39fa260c-4f85-48e3-83ce-e292e696c233,designe elektriske eller elektroniske system eller utstyr
KnowledgeSkillCompetence,http://data.europa.eu/esco/skill/012d6406-016a-4790-aeb8-853e61058517,vedlikeholde sorteringsutstyr,released,skill/competence,sector-specific,,Utføre rutinemessig vedlikehold samt mindre reparasjoner på utstyret som brukes til sortering av avfall og resirkulerbare materialer.,http://data.europa.eu/esco/skill/5033c2fb-ec55-4b8e-b0a4-9379593f1e1c | http://data.europa.eu/esco/skill/6d0cad66-82dd-4854-a03a-68232942c68d,vedlikeholde utstyr | installere deler av tre og metall
KnowledgeSkillCompetence,http://data.europa.eu/esco/skill/0171653e-c8e9-4c24-bb86-a4b6fe038f25,bidra til å fremme biologisk mangfold og dyrevelferd,released,skill/competence,transversal,tilegne seg bærekraftig matvaner | fremme økologisk og biologisk matforbruk | konkret støtte biologisk mangfold og dyrevelferd | ta hensyn til bærekraftsspørsmål i forbruksvalg | ta hensyn til dyrevelferd ved kjøp av matvarer | implementere miljøvalg i egne matvaner,"Leve på en måte som bidrar til å opprettholde stabile økosystemer og bekjempe masseutryddelse, for eksempel ved å gjøre bevisste kostholdsvalg som støtter økologisk matproduksjon og dyrevelferd
	",http://data.europa.eu/esco/skill/80cf002a-6586-4db7-9c9a-88325a9a5e1b,bruke miljørelatert kompetanse
KnowledgeSkillCompetence,http://data.europa.eu/esco/skill/01895f13-1989-4756-80d6-9b9ee19ddb32,utføre en forhåndsvurdering for bygningsstyringssystemer,released,skill/competence,sector-specific,gjennomføre bms-mulighetsstudie,"Utføre evaluering og vurdering av bygningsstyringssystemets potensial. Utføre en standardisert studie for å fastslå energisparingsbidrag, kostnader og restriksjoner, og foreta undersøkelser for å ta informerte beslutninger.
	",http://data.europa.eu/esco/skill/d74df140-eb69-43e2-bac9-1cafc824d702 | http://data.europa.eu/esco/skill/ec528c47-65f4-4187-9dc1-5a8889f84a06,gjennomføre mulighetsstudie | analysere forretningsvirksomheter
KnowledgeSkillCompetence,http://data.europa.eu/esco/skill/023faef3-0633-436d-8b91-389c45c1421c,forskrifter om smitteeksponering,released,knowledge,cross-sector,,"Regler for eksponering for forurensede materialer eller farlige miljøer som virker inn på tiltakene knyttet til risikovurdering, reduksjon av videre eksponering, karantene og behandling av utsatte personer.",http://data.europa.eu/esco/isced-f/1021,"vann, avløp og renhold"
KnowledgeSkillCompetence,http://data.europa.eu/esco/skill/02619401-8e21-46e5-8f19-204747fd755d,fjerne kontaminerte materialer,released,skill/competence,sector-specific,,"Fjerne materialer og utstyr som er forurenset med farlige stoffer, for å beskytte omgivelsene mot ytterligere forurensning, og for å behandle eller avhende forurensede materialer.",http://data.europa.eu/esco/skill/3727f0d3-da1b-4ce3-a9cb-efe6130fe41f | http://data.europa.eu/esco/skill/8bde58aa-9d5b-422b-801c-ff9186dd648e,vurdere forurensning | håndtere og kaste farlig avfall
KnowledgeSkillCompetence,http://data.europa.eu/esco/skill/03d93bf5-3c09-489c-a0d7-a895b068041a,redde dyr,released,skill/competence,sector-specific,,Redde dyr funnet i situasjoner som utgjør en umiddelbar eller potensiell trussel for deres velferd.,http://data.europa.eu/esco/skill/e9eb9c23-c1f4-4ce9-83c9-2f6a211cc536,opprettholde og håndheve fysisk sikkerhet
KnowledgeSkillCompetence,http://data.europa.eu/esco/skill/04012dd1-478d-4eec-9951-dd623bfe86ca,smart klimalandbruk,released,knowledge,sector-specific,,"En integrert tilnærming til landskapsforvaltning som tar sikte på å øke matproduktiviteten, forbedre motstandsdyktigheten til avlinger, sikre matvaresikkerhet og redusere utslipp, samt tilpasse seg klimaendringer.
	",http://data.europa.eu/esco/isced-f/0811,dyrking av nyttevekster og dyreoppdrett
KnowledgeSkillCompetence,http://data.europa.eu/esco/skill/052b829c-67c5-466f-9300-0e0b001a68ef,utarbeide energiytelseskontrakter,released,skill/competence,sector-specific,,"Utarbeide og gjennomgå kontrakter som beskriver energiytelsen, og sørge for at de overholder juridiske krav.
	",http://data.europa.eu/esco/skill/7954861c-86d4-4529-afbb-2c23dab9ac74 | http://data.europa.eu/esco/skill/6e62e776-fbfa-486c-a6df-58cd239c86fe,forhandle kompromiss | skrive teknisk eller akademisk
KnowledgeSkillCompetence,http://data.europa.eu/esco/skill/05dbdec3-c9d0-4f15-91ad-0700475a0f75,vurdere miljømessige påvirkninger på oksedyrføtter,released,skill/competence,occupation-specific,,"Vurdere miljøet og hvordan det kan påvirke helsetilstanden til okseføtter. Miljøfaktorer omfatter kosthold, boforhold og eksponering for miljøet.",http://data.europa.eu/esco/skill/062a9fde-cd91-44f9-9a2f-9e2bc3b281fd | http://data.europa.eu/esco/skill/e541c69c-ea80-4b17-87cb-4001d0b9d303,gi råd om miljøspørsmål | vurdere miljøpåvirkning
KnowledgeSkillCompetence,http://data.europa.eu/esco/skill/05e5e14f-ffa6-4106-b311-c6335ccc2bd2,solenergi,released,knowledge,cross-sector,energi fra sollys | solenergi-teknologi | fotovoltaisk energi | termisk energi fra solen | solteknologi | fornybar solenergi | termisk solenergi | energi fra solen,"Energi som stammer fra lys og varme fra solen, og som kan utnyttes og brukes som en fornybar energikilde ved hjelp av forskjellige teknologier, f.eks. solceller (PV) for kraftproduksjon og termisk solenergi (STE) for produksjon av termisk energi.",http://data.europa.eu/esco/skill/f8413360-6114-40de-a276-c59b764b9913 | http://data.europa.eu/esco/isced-f/0713,fornybare energiteknologier | elektrisitet og energi
KnowledgeSkillCompetence,http://data.europa.eu/esco/skill/062ec888-7fd2-4b1e-860e-4cdcc9503ab3,administrere landressursrelaterte tillatelser,released,skill/competence,sector-specific,,Studere den potensielle virkningen av landressursutnyttelse på vannhabitater og akvatiske habitater. Gi anbefalinger om godkjenning eller avvisning av tillatelser for disse formålene.,http://data.europa.eu/esco/skill/1bc1cf2a-a7f6-4769-a13b-cc26a2214498,"utarbeide dokumentasjon for kontrakter, søknader eller tillatelser"
KnowledgeSkillCompetence,http://data.europa.eu/esco/skill/065ec709-e0f4-407f-91fe-9feab66942be,designe sprinkleranlegg,released,skill/competence,occupation-specific,,"Designe sprinkleranlegg. Ta hensyn til problemstillinger som vannkonservering, eksisterende og foreslåtte landskapstrekk og tidsregulering av eksisterende systemer.",http://data.europa.eu/esco/skill/c34b06c4-d164-4e49-a784-89d47de42ec2,"designe industrimateriale, -system eller -produkt"
KnowledgeSkillCompetence,http://data.europa.eu/esco/skill/06a4004d-ee47-44ff-ae2f-a038ba0c0256,utføre en forhåndsvurdering av minivindkraft,released,skill/competence,sector-specific,gjennomføre mulighetsstudie om minivindkraft | gjøre en mulighetsstudie om minivindkraft,"Utføre en evaluering og vurdering av potensialet til minivindkraftsystemer. Fullføre en standardisert studie for å anslå bygningens behov for elektrisk kraft, andelen fra minivindkraft av total forsyning, og foreta undersøkelser for å støtte beslutningsprosessen.
	",http://data.europa.eu/esco/skill/d74df140-eb69-43e2-bac9-1cafc824d702 | http://data.europa.eu/esco/skill/ec528c47-65f4-4187-9dc1-5a8889f84a06,gjennomføre mulighetsstudie | analysere forretningsvirksomheter
KnowledgeSkillCompetence,http://data.europa.eu/esco/skill/072f35a1-98e7-4a6c-9a19-474ace5644da,dyrke avlinger for biomasse,released,skill/competence,sector-specific,,"Utføre dyrking av avlinger for biomasse, prosessen med avlinger for biomasse.",http://data.europa.eu/esco/skill/b7c82b1b-cff9-4641-a62f-e4e28395eade,dyrke jorden og avlinger
KnowledgeSkillCompetence,http://data.europa.eu/esco/skill/07c29939-d5fe-4f7f-8546-f1d02fd352db,inspisere silosystemer,released,skill/competence,sector-specific,,Inspisere silosystemer for å redusere eventuelle skadelige utslipp i forbindelse med bruken av disse.,http://data.europa.eu/esco/skill/8064ae65-5d1b-44e1-9aaf-246a4285a9a6,overholde lover og standarder for miljøbeskyttelse
KnowledgeSkillCompetence,http://data.europa.eu/esco/skill/07ec6866-d283-46a6-991c-e8ce0c6fc159,tolke vitenskapelige data for å vurdere vannkvalitet,released,skill/competence,cross-sector,,Analysere og tolke data som biologiske egenskaper for å finne ut kvaliteten på vann.,http://data.europa.eu/esco/skill/1aae38c8-f75a-4009-8aa0-c5fa94b06e6b | http://data.europa.eu/esco/skill/1d6c7de4-350e-4868-a47b-333b4b0d9650 | http://data.europa.eu/esco/skill/36ff57b0-637d-4a83-a0e8-d14f86f9f078 | http://data.europa.eu/esco/skill/ba1f6201-b206-4459-b178-706db34a851d,"administrere vannkvalitetstesting | evaluere data, informasjon og digitalt innhold | analysere vitenskapelige data | analysere vitenskapelige og medisinske data"
KnowledgeSkillCompetence,http://data.europa.eu/esco/skill/081d7679-5070-4777-bece-a28c49f15636,miljøpolitikk,released,knowledge,cross-sector,nasjonal miljøvernpolitikk | lokal miljøpolitikk | miljømessig bærekraftspolitikk | nasjonal miljøpolitikk | internasjonal miljøpolitikk | lokal miljøvernpolitikk | internasjonal miljøvernpolitikk,"Lokale, nasjonale og internasjonale retningslinjer for å fremme miljømessig bærekraft og utvikling av prosjekter som reduserer negative miljøvirkninger og forbedrer miljøets tilstand.",http://data.europa.eu/esco/isced-f/0521,miljøvitenskap
KnowledgeSkillCompetence,http://data.europa.eu/esco/skill/085c8851-2354-44ae-98de-367bdde8bf58,kommunisere med avfallsbehandlingsanlegg,released,skill/competence,occupation-specific,,"Kommunisere med anlegg som behandler farlig eller ikke-farlig avfall, for å sikre et effektivt samarbeid om organiseringen av prosedyrer for behandling av avfall.",http://data.europa.eu/esco/skill/47f14289-3bcd-4575-9cc1-15c582d1da29 | http://data.europa.eu/esco/skill/a19c5139-1250-4a60-9c31-a3243cca06cc,drifte anlegg for avfallshåndtering | kommunisere med medarbeidere og kunder
KnowledgeSkillCompetence,http://data.europa.eu/esco/skill/089ee650-297e-4716-87d1-440743b70a0d,sikre samsvar med miljølovgivning,released,skill/competence,cross-sector,,"Overvåke aktiviteter og utføre oppgaver som sikrer samsvar med standarder som omhandler miljøvern og bærekraft, og endre aktiviteter ved eventuelle endringer i miljølovgivningen. Sørge for at prosessene er i samsvar med miljøbestemmelser og beste praksis.",http://data.europa.eu/esco/skill/1dae8445-12e5-423a-bb26-824010e299b9 | http://data.europa.eu/esco/skill/8064ae65-5d1b-44e1-9aaf-246a4285a9a6,sikre overholdelse av lovpålagte krav | overholde lover og standarder for miljøbeskyttelse
KnowledgeSkillCompetence,http://data.europa.eu/esco/skill/08a5f6dd-d3dd-4371-9919-6d730f34499c,overvåke fotoelektriske paneler,released,skill/competence,occupation-specific,,Montere solcellepaneler på en sikker måte ved hjelp av et spesifisert monteringssystem på den definerte posisjonen og med den definerte helningen.,http://data.europa.eu/esco/skill/30b280e7-2468-440b-a78f-f1e7f515d60a,"posisjonere materiale, redskaper eller utstyr"
KnowledgeSkillCompetence,http://data.europa.eu/esco/skill/09473fea-69ea-40dc-9ff4-bbaaff10840e,gjennomføre revisjoner av tekniske anlegg,released,skill/competence,cross-sector,,"Samle inn strukturell, elektrisk og relatert anleggsinformasjon ved å utføre revisjoner av tekniske anlegg. De brukes til design av tekniske løsninger som solenergisystemer.",http://data.europa.eu/esco/skill/7dd94ad3-13d6-43fe-8b94-51fcbf67ced9 | http://data.europa.eu/esco/skill/15fa3879-ac0e-46e6-ae36-609bae9c19c3 | http://data.europa.eu/esco/skill/9af1bd12-01bd-4d6a-947b-69e64f23150a,tenke kritisk | overvåke driftsaktiviteter | prosessere kvalitativ informasjon
KnowledgeSkillCompetence,http://data.europa.eu/esco/skill/09c28e46-712a-4c11-a4ae-67ae554ea940,gi råd om reduksjon av kjemikaliebruk,released,skill/competence,cross-sector,råd om reduksjon av kjemikaliebruk,"Gi råd for å redusere bruken av kjemikalier som plantevernmidler, utslipp av ulike kjemiske stoffer for å begrense deres innvirkning på miljøet, samt forkorte risikoen for mennesker. Holde seg oppdatert på forskrifter og retningslinjer på området.
	",http://data.europa.eu/esco/skill/062a9fde-cd91-44f9-9a2f-9e2bc3b281fd,gi råd om miljøspørsmål
KnowledgeSkillCompetence,http://data.europa.eu/esco/skill/0aabb61b-5382-490a-bf44-375858f9cd3e,typer tidevannsgeneratorer,released,knowledge,sector-specific,typer tidevannsturbiner | tidevannskraftverk | TEC | tidevannsfabrikk | tidevannsmølle | typer tidevanns energiomformere,"Ulike typer generatorer, for eksempel tverrstrømsturbiner, strømningsforsterkede turbiner, venturieffektenheter eller tidevannsdrage-turbiner. De brukes til å produsere strøm fra vannstrømmer, enten i elver eller fjorder med tidevann, samt i undervannsstrømmer på åpent hav.
	",http://data.europa.eu/esco/isced-f/0713,elektrisitet og energi
KnowledgeSkillCompetence,http://data.europa.eu/esco/skill/0ad6d5e8-593f-4191-843c-439b23a468ca,gjennomføre energianalyse,released,skill/competence,sector-specific,,Analysere og evaluere energiforbruket på en systematisk måte for å forbedre energiytelsen.,http://data.europa.eu/esco/skill/7dd94ad3-13d6-43fe-8b94-51fcbf67ced9 | http://data.europa.eu/esco/skill/ec528c47-65f4-4187-9dc1-5a8889f84a06,tenke kritisk | analysere forretningsvirksomheter
KnowledgeSkillCompetence,http://data.europa.eu/esco/skill/0b3ae8c1-771e-4483-b3da-fd420fe6545b,strebe etter å bevare sammensetningen av vann,released,skill/competence,occupation-specific,,Unngå å endre vannets sammensetning unødig ved fjerning av uønskede bestanddeler.,http://data.europa.eu/esco/skill/d3b2c894-33fb-47c4-aff0-27935a082bf6,"betjene behandlingssystem eller -utstyr for petroleum, kjemikalier eller vann"
KnowledgeSkillCompetence,http://data.europa.eu/esco/skill/0b4f100c-813d-4eec-8aa5-4227bb98c635,skipsrelaterte lovkrav,released,knowledge,sector-specific,,"Konvensjonene til Den internasjonale sjøfartsorganisasjon (IMO) om sjøsikkerhet, beredskap og hindring av forurensing til sjøs.",http://data.europa.eu/esco/skill/243ffeb4-3395-4e39-9cf0-695be5b142aa | http://data.europa.eu/esco/isced-f/0421,maritim lovgivning | jus
KnowledgeSkillCompetence,http://data.europa.eu/esco/skill/0bca9840-478a-40fd-a6c3-c8cc923add98,utvikle forvaltningsplaner,released,skill/competence,sector-specific,,"Utvikle forvaltningsplaner for å opprettholde fiskerier og habitater, eller gjenopprette dem når det er nødvendig.",http://data.europa.eu/esco/skill/37272760-957a-4c34-b4f3-780ee285334d,"utvikle økonomi-, virksomhets- og markedsføringsplaner"
KnowledgeSkillCompetence,http://data.europa.eu/esco/skill/0cf3117a-c627-48e0-8d55-65b0f4557ae5,bruke bærekraftige bearbeidingsteknikker for jord,released,skill/competence,sector-specific,implementere bærekraftig jordbearbeiding,"Bruke bærekraftige bearbeidingsteknikker som ""conservation tillage"" (redusert pløying og bevaring av jorddekke) eller pløyefritt landbruk for å minimere innvirkningen på jord.
	",http://data.europa.eu/esco/skill/b7c82b1b-cff9-4641-a62f-e4e28395eade,dyrke jorden og avlinger
KnowledgeSkillCompetence,http://data.europa.eu/esco/skill/0d0fe364-462d-48dd-b54b-e972e2bdecb1,typer av isolasjonsmaterialer,released,knowledge,cross-sector,,"Ulike typer isolasjonsmateriale og bruksområder, fordeler, risikoer og kostnader.",http://data.europa.eu/esco/isced-f/0732,bygg og anlegg
KnowledgeSkillCompetence,http://data.europa.eu/esco/skill/0d75a128-bd88-4c1b-b70d-8e963aeb490c,bidra til redusert forurensning,released,skill/competence,transversal,hindre forurensning | velge offentlig transport istedenfor privat | bruke offentlig transport | redusere støy | håndtere sitt eget avfall,"Bidra til å redusere luft-, støy-, lys-, vann- og miljøforurensning, for eksempel ved å bruke offentlig transport, ikke kaste avfall i naturen og redusere unødvendige lys- og støyutslipp, særlig om natten.
  ",http://data.europa.eu/esco/skill/80cf002a-6586-4db7-9c9a-88325a9a5e1b,bruke miljørelatert kompetanse
KnowledgeSkillCompetence,http://data.europa.eu/esco/skill/0e0b8991-4b24-4bb8-9113-df3ce43c1ff9,gi råd om gruvedriftrelaterte miljøspørsmål,released,skill/competence,sector-specific,,"Gi ingeniører, landmålere, geotekniske ansatte og metallurger råd om miljøvern og rehabilitering av land i forbindelse med gruveaktiviteter.
	",http://data.europa.eu/esco/skill/045f71e6-0699-4169-8a54-9c6b96f3174d | http://data.europa.eu/esco/skill/062a9fde-cd91-44f9-9a2f-9e2bc3b281fd | http://data.europa.eu/esco/skill/8df86db8-dfcd-414b-854f-ad1cdb18d733,gi råd | gi råd om miljøspørsmål | kommunisere om de miljømessige konsekvensene av gruvedrift
KnowledgeSkillCompetence,http://data.europa.eu/esco/skill/0e628dde-8d1b-4a1d-b973-a349fe1725c8,gjennomføre sedimentkontroll,released,skill/competence,sector-specific,,Administrere sedimentkontrollprosesser og -prosjekter. Planlegge sedimentkontrollhandlinger for å forhindre at erodert jord forurenser nærliggende vannveier.,http://data.europa.eu/esco/skill/0779d482-4154-4fbb-9a22-d9fd89c39d67,organisering og planlegging av arbeid og aktiviteter
KnowledgeSkillCompetence,http://data.europa.eu/esco/skill/0e78d9c9-7c3c-4c5c-82cb-205c16edbcb8,grønn databehandling,released,knowledge,occupation-specific,,"Bruke IKT-systemer på en miljømessig ansvarlig og bærekraftig måte, f.eks. gjennom energieffektive servere og sentralenheter (CPU-er), reduksjon av ressurser og korrekt disponering av EE-avfall.",http://data.europa.eu/esco/isced-f/0712,miljøvernteknologi
KnowledgeSkillCompetence,http://data.europa.eu/esco/skill/0e81fcff-2fb5-4c87-afc2-49b5e5d9db50,betjene biogassanlegg,released,skill/competence,occupation-specific,,"Bruke utstyr som behandler energiavlinger og avfall fra gårder, kalt anaerobe råtnetanker. Sørge for at utstyret fungerer riktig under transformasjonen av biomasse til biogass, som brukes til å produsere varme og elektrisitet.",http://data.europa.eu/esco/skill/d3b2c894-33fb-47c4-aff0-27935a082bf6,"betjene behandlingssystem eller -utstyr for petroleum, kjemikalier eller vann"
KnowledgeSkillCompetence,http://data.europa.eu/esco/skill/0f4cc60e-820e-439d-8810-31a2cc27ada6,bruke vanndesinfiseringsutstyr,released,skill/competence,sector-specific,,"Bruke utstyr for desinfeksjon av vann ved å bruke forskjellige metoder og teknikker, for eksempel mekanisk filtrering, avhengig av behov.",http://data.europa.eu/esco/skill/d3b2c894-33fb-47c4-aff0-27935a082bf6,"betjene behandlingssystem eller -utstyr for petroleum, kjemikalier eller vann"
KnowledgeSkillCompetence,http://data.europa.eu/esco/skill/101d63ee-bb22-4a7c-9e0a-c2716063696a,"foreta helse-, miljø- og sikkerhetsvurderinger",released,skill/competence,cross-sector,,"Gjennomføre helse-, miljø- og sikkerhetsvurderinger for å sikre bra arbeidsmiljø og -forhold.",http://data.europa.eu/esco/skill/0e0a44a8-654c-4e85-986a-fb4386114838 | http://data.europa.eu/esco/skill/d2d9051a-10e1-41c5-9cfb-bbdc58016176 | http://data.europa.eu/esco/skill/60ccdd6a-c100-43cf-9797-543a5c42b922,overvåke trygghet eller sikkerhet | følge sikkerhetsforholdsregler innen arbeidspraksis | sørge for helse og sikkerhet innen produksjon
KnowledgeSkillCompetence,http://data.europa.eu/esco/skill/101e6f4c-c892-4812-9e2c-f2b888771bb3,teste vindturbinblader,released,skill/competence,sector-specific,,"Teste nye design på vindturbinblader som er beregnet på bruk i vindparker, for å sikre at bladene er funksjonelle og trygge for bruk i den aktuelle vindparken.
	",http://data.europa.eu/esco/skill/6d0cad66-82dd-4854-a03a-68232942c68d,installere deler av tre og metall
KnowledgeSkillCompetence,http://data.europa.eu/esco/skill/103f7814-d262-4df6-a1b6-759bc51f76cb,bærekraftige teknologier,released,knowledge,cross-sector,alternativ energi | grønn teknologi | grønne teknologier | ren energi,"Teknologier med sikte på å redusere miljømessige og økologiske risikoer, samtidig oppnå en positiv økonomisk, sosial og miljømessig påvirkning. De er innovative teknologier som er designet for å forhindre, redusere og forbedre menneskehetens negative påvirkning på planeten.
	",http://data.europa.eu/esco/isced-f/0712,miljøvernteknologi
KnowledgeSkillCompetence,http://data.europa.eu/esco/skill/1063b061-329e-4212-8db4-ab936dc60efc,miljøøkonomi,released,knowledge,sector-specific,prinsipper for miljøøkonomi,"Underfeltet av økonomi som studerer effektiv allokering av miljøressurser til sikte på å minimere de negative virkningene på det naturlige miljøet.
	",http://data.europa.eu/esco/isced-f/0311,økonomi
KnowledgeSkillCompetence,http://data.europa.eu/esco/skill/108320f7-c8a1-4386-aed9-91054ab05619,utvikle landbrukspolitikk,released,skill/competence,cross-sector,utvikle landbruksretningslinjer,"Utvikle programmer for utvikling av nye teknologier og metoder i landbruket, samt utvikling og implementering av forbedret bærekraft og miljøbevissthet i landbruket.",http://data.europa.eu/esco/skill/8ed41305-4abf-4b54-9f8f-0e043d26feba,utarbeide politiske retningslinjer og lovbestemmelser
KnowledgeSkillCompetence,http://data.europa.eu/esco/skill/10ff3d22-1f29-48bc-98e4-63fc61c78034,sosiale allianser,released,knowledge,sector-specific,,"Opprettelse av partnerskap mellom forskjellige aktører (virksomheter, ideelle organisasjoner eller offentlige organer) hvor de deler ressurser og kunnskap for et felles formål: Vanligvis for å løse en sosial eller miljømessig utfordring.
	",http://data.europa.eu/esco/isced-f/0314,sosiologi og kulturvitenskap
KnowledgeSkillCompetence,http://data.europa.eu/esco/skill/110d7aa3-e44e-4cce-a927-8d4de615f3d9,sortere avfall,released,skill/competence,cross-sector,,Manuell eller automatisk sortering av avfall ved å dele det inn i de forskjellige elementene.,http://data.europa.eu/esco/skill/485b2e3b-f883-46d8-901f-ab521d4f8e58,sortere materialer eller produkter
KnowledgeSkillCompetence,http://data.europa.eu/esco/skill/111b9dad-b2e0-4b55-8d0f-2e41cb435f64,sikre at det ikke oppstår noen skadelige effekter fra fôrtilsetningsstoffer,released,skill/competence,occupation-specific,,"Sørge for at fôrtilsetningsstoffer gjennomgår vitenskapelig evaluering, for å vurdere om tilsetningsstoffet har skadelige effekter på menneskers eller dyrs helse eller på miljøet.",http://data.europa.eu/esco/skill/5bcec244-3efe-45ac-8891-0ab4a91e9c48,overholde helse- og sikkerhetsprosedyrer
KnowledgeSkillCompetence,http://data.europa.eu/esco/skill/114a79ef-1e62-475b-a862-954f5b4cca20,utvikle avfallshåndteringsprosesser,released,skill/competence,sector-specific,,"Utvikle utstyr, metoder og prosedyrer som kan brukes i forskjellige typer avfallsbehandlings- og deponeringsanlegg for å effektivisere avfallshåndteringsprosessene, redusere miljøbelastningen og ivareta sikkerheten til staben som jobber med avfallshåndtering.",http://data.europa.eu/esco/skill/c23e0a2f-f04b-45bc-b0dd-20571f6b502c | http://data.europa.eu/esco/skill/73a9561d-112c-4d8a-9d5f-b2c11c5bbd5f,utarbeide retningslinjer og rutiner for drift | håndtere avfall
KnowledgeSkillCompetence,http://data.europa.eu/esco/skill/128f318e-1bc8-4921-821f-b0aad1d98922,avgjøre passende varme- og kjølesystem,released,skill/competence,sector-specific,bestemme systemer som passer til krav til nær nullutslipp-bygg | bestemme passende varme- og kjølesystem iht. krav til nær nullutslipp-bygg | avgjøre passende hvac-system iht. krav til nær nullutslipp-bygg,"Finne ut hvilket system som er egnet med tanke på tilgjengelige energikilder (jordvarme, gass, elektrisitet, fjernvarme osv.) og kravene til bygninger med nær nullutslipp.
	",http://data.europa.eu/esco/skill/6ee936b0-4e0c-4e04-97c7-1f4ee9230d67,utvikling av mål og strategier
KnowledgeSkillCompetence,http://data.europa.eu/esco/skill/12d7ea6f-ec1f-4f9a-a50b-8e2e9693f068,transport av farlige materialer,released,knowledge,sector-specific,,"Regelverk og sikkerhetsprosedyrer for transport av farlige materialer og produkter, f.eks. farlig avfall, kjemikalier, eksplosiver og brannfarlige materialer.",http://data.europa.eu/esco/isced-f/1041,transporttjenester
KnowledgeSkillCompetence,http://data.europa.eu/esco/skill/13f7cd7c-6ec5-4186-8744-de3c780b973d,gi råd om landskap,released,skill/competence,occupation-specific,,"Gi råd om planlegging, utvikling og stell av nye og eksisterende landskap.",http://data.europa.eu/esco/skill/062a9fde-cd91-44f9-9a2f-9e2bc3b281fd | http://data.europa.eu/esco/skill/6ebb869b-3931-4c7f-b168-07e2a271b1bc,gi råd om miljøspørsmål | lede hardlandskapsprosjekter
KnowledgeSkillCompetence,http://data.europa.eu/esco/skill/145fb42f-ebee-48e2-bdf8-2e935edc7158,desinfisere overflater,released,skill/competence,cross-sector,,"Bruke riktige fremgangsmåter for rengjøring mens det tas hensyn til sikker håndtering av desinfeksjonsmidler, for å fjerne kontaminerende stoffer, forurensende stoffer og bakterielle risikoer fra forskjellige overflater, for eksempel bygningsfasader, kjøretøy og veier.",http://data.europa.eu/esco/skill/2bf2c727-ee42-4fc5-a4d7-2cd62b880433,rengjøring
KnowledgeSkillCompetence,http://data.europa.eu/esco/skill/1565b401-1754-4b07-8f1a-eb5869e64d95,klimaendringers innvirkning,released,knowledge,cross-sector,,"Forstå virkningene av klimaendringer på det biologiske mangfoldet og på levevilkårene til planter og dyr.
    ",http://data.europa.eu/esco/isced-f/0532,jordvitenskap
KnowledgeSkillCompetence,http://data.europa.eu/esco/skill/15c522eb-cd6d-4b00-9d95-db20c0f8df88,energisparingspotensial i automatgirsystemer,released,knowledge,occupation-specific,,"Potensial til å spare energi i automatgirsystemer gjennom mekanismer som forbedret effektivitet og mer presis forutsigelse av neste hendelse.
	",http://data.europa.eu/esco/skill/83fc0b2b-6cd2-46af-b1ff-d3fc83604c26 | http://data.europa.eu/esco/isced-f/0713,energieffektivitet | elektrisitet og energi
KnowledgeSkillCompetence,http://data.europa.eu/esco/skill/17446f6d-d8b0-4945-a37b-9ad0dfc9f3e8,designe et solabsorpsjonskjølesystem,released,skill/competence,sector-specific,utforme et solabsorpsjonskjølesystem,"Designe et absorpsjonssystem for kjøling med solcellerør for regenerering av solenergi. Beregne nøyaktige kjølebehov for en bygning for å velge riktig kapasitet (kW). Lage et detaljert design av installasjonen, prinsippet, automatiseringsstrategien, ved hjelp av tilgjengelige produkter og konsepter, velge tilpassede produkter.
	",http://data.europa.eu/esco/skill/39fa260c-4f85-48e3-83ce-e292e696c233,designe elektriske eller elektroniske system eller utstyr
KnowledgeSkillCompetence,http://data.europa.eu/esco/skill/17447ce4-4c4a-4158-b1ea-03ed5364b4e8,administrere planer for oppbevaring av organiske biprodukter,released,skill/competence,occupation-specific,,Implementere metoder og prosedyrer for oppbevaring av organiske biprodukter i overensstemmelse med eksisterende lovgivning og retningslinjer for helse og sikkerhet. Overvåke gjennomføringen av planene og reagere på potensielle problemer.,http://data.europa.eu/esco/skill/26532713-d18f-4e5c-8365-1f57e00f8422 | http://data.europa.eu/esco/skill/e6eeb84c-ad99-42e2-b883-e6ce338aef59,administrere lageroperasjoner | planlegge drift og produksjonsprosesser
KnowledgeSkillCompetence,http://data.europa.eu/esco/skill/186da517-9a3e-41cd-9158-4001e3694459,økologisk jordbruk,released,knowledge,sector-specific,,"Prinsipper, teknikker og regler for økologisk landbruk. Organisk eller økologisk landbruk er en produksjonsmetode i landbruket som legger stor vekt på miljøvern og økologisk balanse.",http://data.europa.eu/esco/isced-f/0811,dyrking av nyttevekster og dyreoppdrett
KnowledgeSkillCompetence,http://data.europa.eu/esco/skill/189777b9-6e95-4f76-b8db-f8e0f0477bc6,utvikle irrigasjonsstrategier,released,skill/competence,sector-specific,,"Planlegge implementeringen av metoder og prosedyrer for vanning av land ved hjelp av kunstige midler, og ta hensyn til strategier for bærekraftig vannbruk.
 ",http://data.europa.eu/esco/skill/8ed41305-4abf-4b54-9f8f-0e043d26feba | http://data.europa.eu/esco/skill/7a8fb784-67fa-41e9-a75c-6b491d91f800,utarbeide politiske retningslinjer og lovbestemmelser | utvikle strategi for å løse problemer
KnowledgeSkillCompetence,http://data.europa.eu/esco/skill/18d3f89a-6ac5-4ca6-bf93-0baec4e13bcd,installere fotoelektriske systemer,released,skill/competence,occupation-specific,installasjon av fotovoltaiske systemer | installere solcelleutstyr | installasjon av solenergisystemer | installasjon av solcelleanlegg | installere fotovoltaiske systemer | plassere solcelleanlegg | installere pv-systemer | installere solenergianlegg | installering av pv-systemer | installere fotovoltaisk utstyr | installasjon av pv-systemer | installere solcelleanlegg,"Installere systemer som genererer elektrisk energi ved å omdanne lys til elektrisk strøm, den fotovoltaiske effekten. Sørge for at forskrifter overholdes, og at det fotovoltaiske strømsystemet installeres på riktig vis.",http://data.europa.eu/esco/skill/a7065828-10aa-4aba-b7d4-f23a30df5060,"installere og reparere elektrisitets-, elektro- og presisjonsutstyr"
KnowledgeSkillCompetence,http://data.europa.eu/esco/skill/192e12e7-6bf0-42e6-bfc3-70c08551f12a,vurdere miljøplaner mot finanskostnader,released,skill/competence,cross-sector,,Vurdere miljøplaner økonomisk sett for å balansere utgiftene som kreves for å oppnå miljøforbedringer. Vurdere de økonomiske fordelene investeringene vil gi selskapet på lang sikt.,http://data.europa.eu/esco/skill/37272760-957a-4c34-b4f3-780ee285334d,"utvikle økonomi-, virksomhets- og markedsføringsplaner"
KnowledgeSkillCompetence,http://data.europa.eu/esco/skill/192f3ca9-2232-40d0-b241-387966ce2de8,avfallstransportlovgivning,released,knowledge,cross-sector,,"Regelverk og lovgivning om sikker transport av farlig og ikke-farlig avfall, produkter og apparater.",http://data.europa.eu/esco/isced-f/0421,jus
KnowledgeSkillCompetence,http://data.europa.eu/esco/skill/1a09db78-cbcf-428a-a23c-5c3f3951cc4c,overvåke offentlige innsamlingspunkter for resirkulering,released,skill/competence,sector-specific,,"Overvåke områder og anlegg som inneholder gjenvinningspunkter, og der enkeltpersoner kan avhende husholdningsavfall, med sikte på å sikre sikkerhet, overholdelse av regelverket, og at offentligheten bruker anleggene i samsvar med avfallsbestemmelsene.
	",http://data.europa.eu/esco/skill/67117c88-c855-4fab-98c5-e322e838969f | http://data.europa.eu/esco/skill/0e0a44a8-654c-4e85-986a-fb4386114838,organisere fasiliteter på stedet | overvåke trygghet eller sikkerhet
KnowledgeSkillCompetence,http://data.europa.eu/esco/skill/1a6c7e0d-fc13-41d7-a5c0-8ca00606de89,fremme bærekraftig energi,released,skill/competence,sector-specific,,"Fremme bruken av fornybare kilder til elektrisk kraft og varme for organisasjoner og enkeltpersoner for å kunne arbeide mot en bærekraftig fremtid og oppmuntre til salg av utstyr for fornybar energi, for eksempel utstyr for solenergi.",http://data.europa.eu/esco/skill/469e19ed-a0bd-445a-ae2d-4ba9430e296b | http://data.europa.eu/esco/skill/efb60300-0d55-4b2c-8038-8409587a4727,"fremme bærekraft | fremme produkter, tjenester og ordninger"
KnowledgeSkillCompetence,http://data.europa.eu/esco/skill/1aae38c8-f75a-4009-8aa0-c5fa94b06e6b,administrere vannkvalitetstesting,released,skill/competence,cross-sector,,"Administrere prosedyrene i forbindelse med prøving og analyse av kvaliteten på vann og etterfølgende renseprosedyrer ved å styre driften, inkludert å samle inn prøver til laboratorietesting, lede personell og sikre overholdelse av regelverket.",http://data.europa.eu/esco/skill/75d8e5d9-bef3-418b-9011-01bff9f27207 | http://data.europa.eu/esco/skill/0b3930a2-8a13-4932-8a09-4c72ec8af464,lede andre | kvalitetskontrollere varer
KnowledgeSkillCompetence,http://data.europa.eu/esco/skill/1ab1449d-5b65-458b-b115-f5283a52da8e,gi råd om bruk av utstyr,released,skill/competence,sector-specific,,"Gi enkeltpersoner eller organisasjoner råd om hvordan de kan redusere forbruket av offentlige tjenester, som varme, vann, gass og elektrisitet, for å spare penger og innarbeide bærekraftig praksis.",http://data.europa.eu/esco/skill/045f71e6-0699-4169-8a54-9c6b96f3174d | http://data.europa.eu/esco/skill/062a9fde-cd91-44f9-9a2f-9e2bc3b281fd,gi råd | gi råd om miljøspørsmål
KnowledgeSkillCompetence,http://data.europa.eu/esco/skill/1b6197c8-a08b-412b-8be0-ed6de108b17e,utvikle forbedringer for elektriske systemer,released,skill/competence,occupation-specific,,"Designe, foreslå og implementere modifikasjoner for å forbedre elektriske systemer; ha fokus på bærekraft, kvalitet og sikkerhet.",http://data.europa.eu/esco/skill/39fa260c-4f85-48e3-83ce-e292e696c233,designe elektriske eller elektroniske system eller utstyr
KnowledgeSkillCompetence,http://data.europa.eu/esco/skill/1b644187-7c16-4685-bc80-fe1279492dea,koordinere kloakkslamhåndtering,released,skill/competence,sector-specific,,"Samordne behandling og avhending av halvfaste restprodukter som er et resultat av behandling av spillvann, for eksempel energigevinst gjennom fermentering, tørking og gjenbruk som gjødsel.",http://data.europa.eu/esco/skill/75d8e5d9-bef3-418b-9011-01bff9f27207 | http://data.europa.eu/esco/skill/61d1dab2-6007-4b7c-9380-cd88207fa30f,lede andre | kaste ikke-farlig avfall eller skrot
KnowledgeSkillCompetence,http://data.europa.eu/esco/skill/1b718a43-4295-44cc-9530-78323bbeb663,labskalafermentering,released,knowledge,occupation-specific,,"Trinn og krav som inngår i labskalafermentering for omdanning av biomasse til kjemikalier, sukker eller brensler.",http://data.europa.eu/esco/isced-f/0711,kjemiteknikk og kjemiske prosesser
KnowledgeSkillCompetence,http://data.europa.eu/esco/skill/1b73b2a7-aefc-49ef-8b30-b90ca7429984,gi kunder informasjon om byggematerialer,released,skill/competence,sector-specific,,"Gi kunder detaljerte råd om forskjellige byggematerialer; anbefale bærekraftig utvikling og fremme bruk av grønne materialer som tre, strå og bambus; fremme resirkulering og bruk av fornybare eller ikke-giftige materialer.",http://data.europa.eu/esco/skill/045f71e6-0699-4169-8a54-9c6b96f3174d | http://data.europa.eu/esco/skill/62afcfdd-a2a6-4143-bafb-59c77e15a01c | http://data.europa.eu/esco/skill/3b64ab47-a874-403a-b781-7b23c2fc3c6c | http://data.europa.eu/esco/skill/01c03003-516d-43c6-8477-45c472413521,gi råd | gi råd om produkter og tjenester | gi råd om byggesaker | gi råd om konstruksjonsmaterialer
KnowledgeSkillCompetence,http://data.europa.eu/esco/skill/1b94ad6c-c54d-4bdd-858d-81ebef51c5a4,bærekraftige fottøymaterialer og -komponenter,released,knowledge,sector-specific,bærekraftige tekstiler | grønt fottøy | miljøvennlige materialer for sko | bærekraftige materialer for fottøy,"Miljøvennlige materialer og komponenter, inkludert lær, tekstiler og syntetiske stoffer, materialer for såler og midtsåler, diverse komponenter og tilbehør.
	",http://data.europa.eu/esco/isced-f/0723,"tekstiler (klær, sko og lærvarer)"
KnowledgeSkillCompetence,http://data.europa.eu/esco/skill/1c4fa8a3-7f7e-4c63-a36c-89e4321774d6,bestemme historiske klimaendringer,released,skill/competence,occupation-specific,,"Analysere prøver fra iskjerner, treringer, sedimenter osv. for å få informasjon om klimaendringer i løpet av jordens historie og konsekvensene for livet på planeten.",http://data.europa.eu/esco/skill/ba1f6201-b206-4459-b178-706db34a851d | http://data.europa.eu/esco/skill/9af1bd12-01bd-4d6a-947b-69e64f23150a,analysere vitenskapelige og medisinske data | prosessere kvalitativ informasjon
KnowledgeSkillCompetence,http://data.europa.eu/esco/skill/1c9bb265-6ff7-428e-9a72-9c8df75178b8,vurdere virkningen av industrivirksomhet,released,skill/competence,cross-sector,,Analysere data for å anslå virkningen av industriell virksomhet på ressurstilgang og grunnvannskvalitet.,http://data.europa.eu/esco/skill/7dd94ad3-13d6-43fe-8b94-51fcbf67ced9 | http://data.europa.eu/esco/skill/e541c69c-ea80-4b17-87cb-4001d0b9d303 | http://data.europa.eu/esco/skill/d519fadd-85bf-475f-bf14-c53a0290687d,tenke kritisk | vurdere miljøpåvirkning | overvåke miljøforhold
KnowledgeSkillCompetence,http://data.europa.eu/esco/skill/1cf20c3c-027e-45f4-bad1-c91b98726d28,oppgi informasjon om geotermiske varmepumper,released,skill/competence,sector-specific,,"Gi organisasjoner og enkeltpersoner som leter etter alternative metoder for å tilføre energi til bygninger, informasjon om kostnader, fordeler og negative aspekter ved montering og bruk av geotermiske varmepumper for forsyningstjenester, og hva som må tas hensyn til ved kjøp og montering av geotermiske varmepumper.",http://data.europa.eu/esco/skill/045f71e6-0699-4169-8a54-9c6b96f3174d | http://data.europa.eu/esco/skill/062a9fde-cd91-44f9-9a2f-9e2bc3b281fd | http://data.europa.eu/esco/skill/732cb4dd-af91-4c88-9a9f-5fc62144e500,gi råd | gi råd om miljøspørsmål | gi informasjon
KnowledgeSkillCompetence,http://data.europa.eu/esco/skill/1d4ddf05-510a-424a-85d3-2305558665c5,undersøke havenergiprosjekter,released,skill/competence,sector-specific,,Gjennomføre undersøkelser i forbindelse med prosjekter om bølge- og tidevannsenergi og utvikle prosjektene fra konsept til leveranse.,http://data.europa.eu/esco/skill/7eafec38-621a-4b6e-9298-bfe70ec0b253,utføre akademiske undersøkelser eller markedsundersøkelser
KnowledgeSkillCompetence,http://data.europa.eu/esco/skill/1de91358-6ad3-4513-b975-396c61cf8858,gi råd om monterte ventilasjonssystemer,released,skill/competence,sector-specific,gi råd om naturlig ventilasjon for kjøling om sommeren,"Undersøke og gi råd om et ventilasjonssystem som passer energibehovene, men som også garanterer god luftkvalitet innendørs i henhold til minstekrav til innendørs luftkvalitet. Vurdere alternative ventilasjonsmåter (f.eks. sjaktventilasjon, bruk av skorsteinseffekt, naturlig ventilasjon).
	",http://data.europa.eu/esco/skill/eb6cc4ba-4bb8-4348-9a3b-dc419558f66a,gi råd om design eller teknologibruk
KnowledgeSkillCompetence,http://data.europa.eu/esco/skill/1e25d043-0307-4e50-8a19-9e7cce22caea,vurdere konserveringsbehov,released,skill/competence,sector-specific,,Vurdere og lage en oversikt over behovene for bevaring/restaurering i forbindelse med nåværende bruk og planlagt fremtidig bruk.,http://data.europa.eu/esco/skill/d62d2b4c-a6f8-439e-8a1b-4f29ab5f2c47 | http://data.europa.eu/esco/skill/1f2950c0-ef1e-44b4-9a55-125ccd7b78af,ta avgjørelser | analyse og evaluering av informasjon og data
KnowledgeSkillCompetence,http://data.europa.eu/esco/skill/1e3222fa-724d-41f0-9b0a-e88d1003cd35,utføre en forhåndsvurdering for solabsorpsjonskjøling,released,skill/competence,sector-specific,gjøre en mulighetsstudie om soldrevet absorpsjonskjøling | gjennomføre mulighetsstudie om soldrevet absorpsjonskjøling,"Utføre en evaluering og vurdering av hvilket potensiale anvendelse av solenergikjøling har. Utføre en standardisert studie for å anslå kjølebehovet til bygningen, kostnader, fordeler og livssyklusanalyse, og utføre undersøkelser for å støtte beslutningsprosessen.
	",http://data.europa.eu/esco/skill/d74df140-eb69-43e2-bac9-1cafc824d702 | http://data.europa.eu/esco/skill/ec528c47-65f4-4187-9dc1-5a8889f84a06,gjennomføre mulighetsstudie | analysere forretningsvirksomheter
KnowledgeSkillCompetence,http://data.europa.eu/esco/skill/1ead478f-4e9d-4aa7-a728-823fc1e894f5,vurdere avfallstype,released,skill/competence,sector-specific,,"Identifisere avfallsmaterialer under innsamlings- og sorteringsoperasjoner for å vurdere om de må resirkuleres, avhendes eller på annen måte behandles.
	",http://data.europa.eu/esco/skill/485b2e3b-f883-46d8-901f-ab521d4f8e58,sortere materialer eller produkter
KnowledgeSkillCompetence,http://data.europa.eu/esco/skill/1ee7d019-9226-4844-925f-a8a8c4db3444,koordinere flyplassmiljøretningslinjer,released,skill/competence,sector-specific,,"Lede og samordne miljøretningslinjer og -forskrifter for å redusere virkningen av lufthavnvirksomhet, f.eks. støy, redusert luftkvalitet, tung lokal trafikk eller forekomst av farlige materialer.",http://data.europa.eu/esco/skill/089ee650-297e-4716-87d1-440743b70a0d | http://data.europa.eu/esco/skill/190f64e1-b7b6-4c53-b20b-80f9215ef6ca | http://data.europa.eu/esco/skill/bd70f004-e1d6-43f0-96f1-59c014a4ea01,"sikre samsvar med miljølovgivning | lede, ha oversyn med og samordne prosjekter | koordinere innsats i miljøtiltak"
KnowledgeSkillCompetence,http://data.europa.eu/esco/skill/1f632076-fd9b-4b18-a9a2-b59a59181d3e,byplanleggingsloven,released,knowledge,cross-sector,,"Avtaler om investeringer og byutvikling. Den rettslige utviklingen vedrørende konstruksjon med hensyn til miljø, bærekraft, sosiale og finansielle spørsmål.",http://data.europa.eu/esco/isced-f/0421,jus
KnowledgeSkillCompetence,http://data.europa.eu/esco/skill/1fe682ad-b8a2-44bb-a557-7eccf79b2014,betjene resirkuleringsprosessutstyr,released,skill/competence,cross-sector,,"Betjene resirkuleringsprosessutstyr som granulatorer, knusere og presser; behandle og sortere materialer som skal resirkuleres.",http://data.europa.eu/esco/skill/3f1f77a5-9c2d-4b71-afb3-0328d8cbb05e,drift av maskiner for utvinning og prosessering av råvarer
KnowledgeSkillCompetence,http://data.europa.eu/esco/skill/203083ca-b051-4c28-8986-fc8731bacee5,bærekraftig finans,released,knowledge,sector-specific,ansvarlige investeringer | bærekraftige investeringer,"Prosessen med å integrere miljømessige, sosiale og styringsmessige hensyn (ESG) når du tar forretnings- eller investeringsbeslutninger, noe som fører til økte langsiktige investeringer til bærekraftige økonomiske aktiviteter og prosjekter.
	",http://data.europa.eu/esco/isced-f/0412,"finans, bank og forsikring"
KnowledgeSkillCompetence,http://data.europa.eu/esco/skill/21331900-9d2a-4806-9a0c-a1885e16dc3d,utføre skogsanalyse,released,skill/competence,sector-specific,,"Utvikle situasjonsanalyserapporter om biologisk mangfold og genetiske ressurser som er av betydning for skogbruk.
	",http://data.europa.eu/esco/skill/ba1f6201-b206-4459-b178-706db34a851d,analysere vitenskapelige og medisinske data
KnowledgeSkillCompetence,http://data.europa.eu/esco/skill/214c892e-e236-4e5f-9824-47316528cb42,administrere habitater til fordel for vilt,released,skill/competence,occupation-specific,,Utvikle og anvende en plan for habitatforvaltning.,http://data.europa.eu/esco/skill/a28c96cd-a43d-4143-b992-903356d0923e | http://data.europa.eu/esco/skill/0779d482-4154-4fbb-9a22-d9fd89c39d67,administrere habitater | organisering og planlegging av arbeid og aktiviteter
KnowledgeSkillCompetence,http://data.europa.eu/esco/skill/215d64d0-a698-4508-b1b4-3d8a56b3ce9e,utvikle skogbruksstrategier,released,skill/competence,sector-specific,,Utvikle skogbrukspolitikk for å styrke den bærekraftige forvaltningen og for å forbedre kommunikasjonen knyttet til skogbruksarbeid. Disse planene skal omfatte problemstillinger knyttet til miljø- og samfunnsmessige endringer.,http://data.europa.eu/esco/skill/8ed41305-4abf-4b54-9f8f-0e043d26feba | http://data.europa.eu/esco/skill/7a8fb784-67fa-41e9-a75c-6b491d91f800,utarbeide politiske retningslinjer og lovbestemmelser | utvikle strategi for å løse problemer
KnowledgeSkillCompetence,http://data.europa.eu/esco/skill/21934d08-3535-4dc2-ae67-fde9fd21dc60,bestemme interne parametere for luftkvalitet,released,skill/competence,sector-specific,bestemme iaq-parametere som skal kontrolleres i bms,"Bruke kunnskapen om viktige innendørs miljøkvalitetsparametere for å velge de som passer best for bygningsadministrasjonssystemet (BAS).
	",http://data.europa.eu/esco/skill/6ee936b0-4e0c-4e04-97c7-1f4ee9230d67,utvikling av mål og strategier
KnowledgeSkillCompetence,http://data.europa.eu/esco/skill/21b298f3-370d-4d9a-8601-ccfa7446446e,hjelpe folk i forurensede områder,released,skill/competence,sector-specific,,"Bistå arbeidere som foretar oppryddingsaktiviteter, samt personer som risikerer å bli eksponert under sikkerhetsoperasjoner, for eksempel ved å instruere dem om hvordan de skal bære verneutstyr, gå inn i og ut av restriksjonsområder og bruke oppryddingsutstyr.",http://data.europa.eu/esco/skill/e9eb9c23-c1f4-4ce9-83c9-2f6a211cc536,opprettholde og håndheve fysisk sikkerhet
KnowledgeSkillCompetence,http://data.europa.eu/esco/skill/21c27eba-bd1f-42f5-a1d5-c250227030f7,strømforbruk,released,knowledge,cross-sector,,"De ulike faktorene som er involvert i beregningen og estimeringen av strømforbruket i en bolig eller et anlegg, og metoder der strømforbruket kan senkes eller gjøres mer effektivt.",http://data.europa.eu/esco/isced-f/0713,elektrisitet og energi
KnowledgeSkillCompetence,http://data.europa.eu/esco/skill/22c45bf7-e52b-475f-847b-c32a87f65a5d,sirkulær økonomi,released,knowledge,cross-sector,,"Den sirkulære økonomien har som mål å holde materialer og produkter i bruk så lenge som mulig, få maksimal verdi fra dem mens de er i bruk, og resirkulere dem på slutten av livssyklusen. Det forbedrer ressurseffektiviteten og bidrar til å redusere etterspørselen etter nytt materiale.
	",http://data.europa.eu/esco/isced-f/0729,ikke annetsteds klassifisert produksjon og bearbeiding
KnowledgeSkillCompetence,http://data.europa.eu/esco/skill/23072dbb-e93b-48ab-8756-c64f74aaab26,anvende skoglovgivning,released,skill/competence,cross-sector,,"Bruke lover som styrer aktiviteter i skogsområder, for å beskytte ressurser og forhindre skadelige handlinger som tømmerdrift.
	",http://data.europa.eu/esco/skill/35dc2a23-cdc3-4291-930f-927ba2911949,sikre at lover og regler blir fulgt
KnowledgeSkillCompetence,http://data.europa.eu/esco/skill/23759dba-1abd-4865-b0f9-608012348870,geotermisk drift av kraftverk,released,knowledge,sector-specific,generering av geotermisk kraft | prosesser i geotermisk kraftproduksjon | geotermiske kraftverksoperasjoner | geotermisk produksjon | geotermisk kraftverk i drift | geotermisk kraftproduksjon | drift av geotermisk kraftverk | drift i geotermisk kraftverk | drift av geotermiske kraftverk,"De ulike trinnene i produksjonen av elektrisitet fra geotermisk energi og funksjonen av alle komponentene til det nødvendige utstyret som pumper, kompressorer, varmevekslere og turbiner.",http://data.europa.eu/esco/isced-f/0713,elektrisitet og energi
KnowledgeSkillCompetence,http://data.europa.eu/esco/skill/23845010-4c1e-41d3-94a3-940bcab65bce,overvåke naturvern,released,skill/competence,sector-specific,,Evaluere og overvåke trekk av naturverninteresse i habitater og andre steder.,http://data.europa.eu/esco/skill/8df12fb1-7f41-4068-8d05-007e8fec8f33 | http://data.europa.eu/esco/skill/b25c3eb8-fd63-4d77-8308-7061dbd271c1 | http://data.europa.eu/esco/skill/d519fadd-85bf-475f-bf14-c53a0290687d,bevare skog | sikre naturressurser | overvåke miljøforhold
KnowledgeSkillCompetence,http://data.europa.eu/esco/skill/23872ce8-ea42-44ac-9b00-ccc0dc407209,utføre en forhåndsvurdering av elektrisk oppvarming,released,skill/competence,sector-specific,gjøre mulighetsstudie om elektrisk oppvarming,"Utføre en evaluering og vurdering av potensialet til elektrisk oppvarming. Utføre en standardisert studie for å avgjøre om bruken av elektrisk oppvarming er egnet i gitte forhold, og utfør forskning for å støtte beslutningsprosessen.
	",http://data.europa.eu/esco/skill/d74df140-eb69-43e2-bac9-1cafc824d702 | http://data.europa.eu/esco/skill/ec528c47-65f4-4187-9dc1-5a8889f84a06,gjennomføre mulighetsstudie | analysere forretningsvirksomheter
KnowledgeSkillCompetence,http://data.europa.eu/esco/skill/23cb29ec-5738-4966-8453-09952ed8c1fc,utvikle bioremedieringsteknikker,released,skill/competence,occupation-specific,,Undersøke og utarbeide nye metoder for å nøytralisere eller fjerne forurensende stoffer ved hjelp av organismer som omdanner forurensende stoffer til mindre giftige stoffer.,http://data.europa.eu/esco/skill/c2a0c52c-0b4b-4180-a918-92650ea3b458 | http://data.europa.eu/esco/skill/7eafec38-621a-4b6e-9298-bfe70ec0b253,tenke innovativt | utføre akademiske undersøkelser eller markedsundersøkelser
KnowledgeSkillCompetence,http://data.europa.eu/esco/skill/23dc8bb2-1091-461e-9095-a048b7ffa009,flyplassmiljøretningslinjer,released,knowledge,sector-specific,,"De offisielle reguleringene for miljøstandarder på flyplasser som er diktert av nasjonale koder for planlegging av flyplassanlegg og relatert utvikling. Disse omfatter regulatoriske aspekter som gjelder for støy og miljø, tiltak for bærekraft og virkninger i forbindelse med arealbruk, utslipp og risikoreduksjon for dyr.",http://data.europa.eu/esco/isced-f/0712,miljøvernteknologi
KnowledgeSkillCompetence,http://data.europa.eu/esco/skill/2474e095-309f-4283-b880-6a3a9aec4d34,vurdere innhøstingens innvirkning på dyrelivet,released,skill/competence,sector-specific,,Overvåke viltbestander og habitater for å undersøke virkningen av tømmerinnhøsting og annen skogsvirksomhet.,http://data.europa.eu/esco/skill/62d227f1-3765-42f9-ab47-aaf8f7b423e8 | http://data.europa.eu/esco/skill/e541c69c-ea80-4b17-87cb-4001d0b9d303 | http://data.europa.eu/esco/skill/d519fadd-85bf-475f-bf14-c53a0290687d,overvåke dyreliv | vurdere miljøpåvirkning | overvåke miljøforhold
KnowledgeSkillCompetence,http://data.europa.eu/esco/skill/2479ac51-f43f-42d1-a912-ff000b351439,koordinere skogbruksforskning,released,skill/competence,occupation-specific,,"Samordne undersøkelser om skogbruk som omhandler skogsforvaltning og -bevaring, treforbedring, agroskogbruk, skogkultur, patologi og valg av jord med sikte på å forbedre produktiviteten.",http://data.europa.eu/esco/skill/190f64e1-b7b6-4c53-b20b-80f9215ef6ca,"lede, ha oversyn med og samordne prosjekter"
KnowledgeSkillCompetence,http://data.europa.eu/esco/skill/2492becf-6769-4431-8e95-bee41b36232a,sikre ansvarlig sourcing i matforsyningskjeder,released,skill/competence,sector-specific,sikre ansvarlig innkjøp i matforsyningskjeder | etablere ansvarlig innkjøp i matforsyningskjeder,"Arbeide for å sikre at produkter og ingredienser i matforsyningskjeden hentes bærekraftig. Dette innebærer full overholdelse av arbeids- og miljølovgivning samt samarbeid med lokale leverandører for å redusere miljøfotavtrykket til leverandørkjeden.
	",http://data.europa.eu/esco/skill/802deca0-b880-4d1a-b366-e13b27621baf,følge driftsrutiner
KnowledgeSkillCompetence,http://data.europa.eu/esco/skill/24ae68dc-59c5-4156-b25b-3070bfdaa79e,følge miljømessig bærekraftig arbeidspraksis innen veterinærsektoren,released,skill/competence,occupation-specific,,"Bidra til å verne miljøet ved å overholde prinsippene, policyene og forskriftene for bærekraft knyttet til arbeid med dyr.",http://data.europa.eu/esco/skill/4c3ab565-747c-4db3-8c47-79e8d6f98cf4 | http://data.europa.eu/esco/skill/8064ae65-5d1b-44e1-9aaf-246a4285a9a6,bidra til å minske de negative følgene av forbruk | overholde lover og standarder for miljøbeskyttelse
KnowledgeSkillCompetence,http://data.europa.eu/esco/skill/25fb676a-cf69-487d-a9c1-273c6f291b6a,vindenergi,released,knowledge,sector-specific,fornybar vindkraft | vindmøllepark | vindkraft | fornybar vindenergi | vindkraftverk,"Fornybar energi som utnytter vindkraft og omdanner luftkinetisk energi til elektrisk. Vindenergi krever bygging av vindparker på land eller i sjø for utvinning av energi gjennom vindturbiner.
	",http://data.europa.eu/esco/skill/f8413360-6114-40de-a276-c59b764b9913 | http://data.europa.eu/esco/isced-f/0713,fornybare energiteknologier | elektrisitet og energi
KnowledgeSkillCompetence,http://data.europa.eu/esco/skill/270c4de9-97f9-4a7a-95d1-63670f1ec3bc,forvaltning av økosystemer,released,knowledge,sector-specific,økosystemstyringsstrategier | strategier for økosystemforvaltning,"Settet av tilnærminger som tar hensyn til effekten av en forvaltningsbeslutning på andre elementer i et økosystem. Det tar også for seg optimalisering av ulike forvaltningsstrategier og utfordringene som oppstår fra fragmenterte landskap.
	",http://data.europa.eu/esco/isced-f/0413,ledelse og administrasjon
KnowledgeSkillCompetence,http://data.europa.eu/esco/skill/27273605-2400-4392-a6d6-cc8161a2d445,sikre etterlevelse av lovforskrifter for avfall,released,skill/competence,cross-sector,,"Gjennomføre og overvåke selskapets prosedyrer for innsamling, transport og avhending av avfall, i samsvar med alle forskrifter og rettslige krav.",http://data.europa.eu/esco/skill/089ee650-297e-4716-87d1-440743b70a0d | http://data.europa.eu/esco/skill/1dae8445-12e5-423a-bb26-824010e299b9 | http://data.europa.eu/esco/skill/35dc2a23-cdc3-4291-930f-927ba2911949,sikre samsvar med miljølovgivning | sikre overholdelse av lovpålagte krav | sikre at lover og regler blir fulgt
KnowledgeSkillCompetence,http://data.europa.eu/esco/skill/273407b4-0b00-4166-8211-1fc6bbcb6b42,bruke teknikker der man lar rismarkene tørke mellom vanningene,released,skill/competence,sector-specific,bruke AWD-teknikker | bruke alternate wetting and drying-teknikker,"Implementere teknikker i risdyrking der man vanner noen dager etter at det oppdemmede vannet er forsvunnet. Bruke et vannrør til å overvåke vanndybden.
	",http://data.europa.eu/esco/skill/a5b308e8-78b7-4376-bdf8-7dfe047d62a2 | http://data.europa.eu/esco/skill/b7c82b1b-cff9-4641-a62f-e4e28395eade,vanne jord | dyrke jorden og avlinger
KnowledgeSkillCompetence,http://data.europa.eu/esco/skill/27ad6528-0914-4049-87c0-2f05791d0e2e,designe hjemmeautomasjonssystemer,released,skill/competence,sector-specific,designe hjemmeautomasjonssystemer for boliger med nær nullutslipp | designe smarthussystemer,"Designe et komplett hjemmeautomasjonssystem, under hensyn til hver valgte komponent. Utføre en vekting og en balansering, og avgjør hvilke komponenter og systemer som skal inkluderes i hjemmeautomasjonssystemet, og hvilke som er mindre nyttige å inkludere, med tanke på energisparing.
	",http://data.europa.eu/esco/skill/39fa260c-4f85-48e3-83ce-e292e696c233,designe elektriske eller elektroniske system eller utstyr
KnowledgeSkillCompetence,http://data.europa.eu/esco/skill/27b6623b-e09c-4112-9672-8ddb9e354b9e,arealbruk for flyplassplanlegging,released,knowledge,occupation-specific,,"Forstå grundig prinsippene som styrer bruken av land til menneskelige aktiviteter i og rundt flyplasser, men hensyn til innvirkningen på naturressurser som vann, jord, næringsstoffer og dyreliv.",http://data.europa.eu/esco/isced-f/0731 | http://data.europa.eu/esco/skill/7f18039d-dfae-471b-9daa-507f6b2d2842,arkitektur og byplanlegging | urban planlegging
KnowledgeSkillCompetence,http://data.europa.eu/esco/skill/27c7910a-c3b5-4d8d-a713-a6c334929a42,arealplanlegging,released,knowledge,sector-specific,arealplanleggingsprinsipper | prinsipper for arealplanlegging,"Et tverrfaglig fagområde mellom ingeniørfag og samfunnsvitenskap. Det refererer til planlegging av økonomiske, miljømessige og sosiale prosesser for spesifikke mål. Disse prosessene er kombinert med diagrammer og visuell representasjon om sosiospatiale aktiviteter.
	",http://data.europa.eu/esco/isced-f/0732 | http://data.europa.eu/esco/skill/7f18039d-dfae-471b-9daa-507f6b2d2842,bygg og anlegg | urban planlegging
KnowledgeSkillCompetence,http://data.europa.eu/esco/skill/2879e8f6-037a-49ed-ba73-6f7d7766223e,overvåkingssystemer for matavfall,released,knowledge,sector-specific,,"Egenskapene og fordelene ved og måtene å bruke digitale verktøy på for å samle inn, overvåke og evaluere data om matavfall i en organisasjon eller et serveringssted.
	",http://data.europa.eu/esco/isced-f/0612,utvikling og administrasjon av databaser og datanett
KnowledgeSkillCompetence,http://data.europa.eu/esco/skill/28ad7c97-9fb3-4b1d-846a-654e529ab8ac,bærekraftig produksjon,released,knowledge,cross-sector,ressurseffektiv produksjon | miljøvennlig produksjon | bærekraftige skogsprodukter | grønn produksjon | karbonnøytral produksjon | bærekraftige skogprodukter,"Generering av produserte produkter ved hjelp av effektiv og bærekraftig produksjonsprosess som forbedrer bevaring av natur- og energiressurser samtidig som negative miljøpåvirkninger minimeres.
	",http://data.europa.eu/esco/isced-f/072,produksjon og bearbeiding
KnowledgeSkillCompetence,http://data.europa.eu/esco/skill/28bc5334-5372-4bd6-8458-c2b516dd6104,hente industriavfall,released,skill/competence,cross-sector,,"Samle inn ufarlig eller farlig avfall fra industrivirksomhet, f.eks. maling, kjemikalier, industribiprodukter og radioaktivt avfall.",http://data.europa.eu/esco/skill/f8c676de-c871-424f-9a65-77059d07910a,håndtering og avhending av avfall og farlige materialer
KnowledgeSkillCompetence,http://data.europa.eu/esco/skill/29bfe2cd-f011-4f94-a3aa-f77768e60460,analysere energiforbruk,released,skill/competence,cross-sector,,"Vurdere og analysere den samlede energien som brukes av et selskap eller en institusjon, ved å vurdere behovene knyttet til driftsprosessene og ved å identifisere årsakene til overforbruk.",http://data.europa.eu/esco/skill/7dd94ad3-13d6-43fe-8b94-51fcbf67ced9 | http://data.europa.eu/esco/skill/ec528c47-65f4-4187-9dc1-5a8889f84a06,tenke kritisk | analysere forretningsvirksomheter
KnowledgeSkillCompetence,http://data.europa.eu/esco/skill/29c60c96-d71c-4a6e-ad81-fca0a4e48925,habitatrestaurering,released,knowledge,sector-specific,økologisk restaurering | habitatrehabilitering | økosystemregenerering | restaurering av økosystem | restaurering av økosystemer | regenerering av økosystemer | rehabilitering av habitater,"Prosessen med å reparere og rehabilitere områder som har blitt ødelagt av habitat, endring av havbunnen eller trusselen om utryddelse av noen dyre- og plantearter. Habitatrestaurering innebærer også å redusere forurensning, erosjon og avskoging. Restaureringsprosedyren for å gjenskape biologisk mangfold og et økosystem i drift krever kunnskap om beskyttelse, forvaltning og reetablering av arter ved å føre biotiske og abiotiske faktorer tilbake til historiske nivåer.
	",http://data.europa.eu/esco/isced-f/0522,naturlig miljø og vilt
KnowledgeSkillCompetence,http://data.europa.eu/esco/skill/29f57ff2-2f7f-41e2-a1ed-30b3175c91a3,inspisere tak for kilde til regnvannforurensning,released,skill/competence,sector-specific,,"Kontrollere at taket som samler inn regnvann, ikke forurenser vannet med kjemikalier, smittebærere og andre biologiske forurensende stoffer.",http://data.europa.eu/esco/skill/54f7432d-a8b6-4ed4-a50e-9ec882320595 | http://data.europa.eu/esco/skill/f27bc0b0-5270-4467-9ea8-d6e8c2dbd9dc,"overvåking, inspeksjon og testing | inspisere tak"
KnowledgeSkillCompetence,http://data.europa.eu/esco/skill/2a2e85d7-75cc-40b4-8a34-82277d72eb84,overvåke avfallshåndtering,released,skill/competence,sector-specific,,Overvåke deponering av biologisk avfall og kjemisk avfall i samsvar med regler.,http://data.europa.eu/esco/skill/87dff904-fb74-4d59-972e-1c2387579d94,lede driftsaktiviteter
KnowledgeSkillCompetence,http://data.europa.eu/esco/skill/2a45f2d1-8f1a-4c62-9332-cfd3535d9d35,vedlikeholde vannbehandlingsutstyr,released,skill/competence,sector-specific,,Utføre reparasjoner og rutinemessige vedlikeholdsoppgaver på utstyr som brukes til rensing og behandling av vann og spillvann.,http://data.europa.eu/esco/skill/8bcf4ef0-edda-4f6a-a1ce-7defb1d324d6 | http://data.europa.eu/esco/skill/6d0cad66-82dd-4854-a03a-68232942c68d,utføre vannbehandlingsprosedyrer | installere deler av tre og metall
KnowledgeSkillCompetence,http://data.europa.eu/esco/skill/2a74063a-d4b1-42fb-bc90-cb8c06ff53ec,installere solenergidrevet varmtvannsbereder,released,skill/competence,cross-sector,installere soldrevet varmtvannsbereder | installasjon av solvarmer | igangkjøring av solvarmer | installere solvarmer | driftssette soldrevet varmtvannsbereder | igangsetting av solvarmer | ta i bruk solvarmer,"Montere solenergidrevne varmtvannsberedere, som bruker sollys til å varme opp vannet. Finne et egnet sted for berederne, ofte på taket på en struktur, plassere dem og koble dem til vannforsyningen. Klargjøre varmtvannsberederen for bruk.",http://data.europa.eu/esco/skill/982ccb23-102c-4d7a-a899-4df50a032def | http://data.europa.eu/esco/skill/b85caa4a-f04b-4331-80df-11404fd71225,"installere konsentrerte solenergisystemer | installere utstyr for oppvarming, ventilasjon og luftkondisjonering"
KnowledgeSkillCompetence,http://data.europa.eu/esco/skill/2a910a87-2253-404c-b75d-05af9b3363e3,gjennomføre kontroll av sykdom på skog,released,skill/competence,occupation-specific,,"Beskytte skogvekster mot skadedyr og sykdommer ved hjelp av kjemiske bekjempelsestiltak, sanering og utryddelse.",http://data.europa.eu/esco/skill/062a9fde-cd91-44f9-9a2f-9e2bc3b281fd,gi råd om miljøspørsmål
KnowledgeSkillCompetence,http://data.europa.eu/esco/skill/2a95d8f8-dcd8-4052-9805-2dd9c507d372,administrere havgående oljetankere,released,skill/competence,sector-specific,,Håndtere lektertransportoperasjoner på havgående oljetankere og sikre at prosedyrene for alle operasjonene er trygge og miljøvennlige.,http://data.europa.eu/esco/skill/6d0cad66-82dd-4854-a03a-68232942c68d,installere deler av tre og metall
KnowledgeSkillCompetence,http://data.europa.eu/esco/skill/2aaad52d-599e-4e77-a681-bbc236825821,vurdere miljøvirkningen av personlig atferd,released,skill/competence,transversal,innta en miljøvennlig holdning | vurdere virkningen av sine handlinger på miljøet | vise følsomhet for miljøspørsmål | anvende etisk og bærekraftig tenkning | innta en økologisk holdning,"Ha en bærekraftsorientert tankegang i dagliglivet og reflektere over egen holdning til miljøet og miljøvirkningen av egen atferd.
	",http://data.europa.eu/esco/skill/80cf002a-6586-4db7-9c9a-88325a9a5e1b,bruke miljørelatert kompetanse
KnowledgeSkillCompetence,http://data.europa.eu/esco/skill/2afefe51-4dcf-4314-a014-7c0477ee7372,utføre vannbehandlinger,released,skill/competence,sector-specific,,"Ta vannprøver regelmessig, sikre at vannbehandlings- og filtreringsprosessene følger rimelige håndteringspraksiser, bransjestandarder eller allment anerkjente driftsmetoder. Registrere tidligere vannforurensning, forurensningskilden og hvordan forurensningen ble utbedret. Treffe tiltak for å verne mot ytterligere forurensning.",http://data.europa.eu/esco/skill/0b3930a2-8a13-4932-8a09-4c72ec8af464,kvalitetskontrollere varer
KnowledgeSkillCompetence,http://data.europa.eu/esco/skill/2b281511-176e-4f7c-a581-0875d3c4cb51,skogbruksforskrifter,released,knowledge,sector-specific,,"Lovregler som gjelder for skogbruk: landbruksloven, bygdeloven, og lover om jakt og fiske.",http://data.europa.eu/esco/isced-f/0821,skogbruk
KnowledgeSkillCompetence,http://data.europa.eu/esco/skill/2b8d193d-4e87-41d0-8221-979c274b935c,sikre etterlevelse av akvakulturstandarder,released,skill/competence,sector-specific,,Sikre at driften er i samsvar med standarder for bærekraftig akvakultur.,http://data.europa.eu/esco/skill/3374fb57-056f-49e0-9fc5-000465e13794,undervise i sikkerhetsrutiner
KnowledgeSkillCompetence,http://data.europa.eu/esco/skill/2bc626f8-32ce-4131-9f65-c52929d55a95,elektriske varmesystemer,released,knowledge,sector-specific,elektrisk oppvarming,"Elektriske varmesystemer bidrar til innendørs komfort og energisparing under de riktige forholdene (bruk med lav frekvens eller svært isolerte bygninger). Eksempler på elektriske varmesystemer er infrarød og elektrisk gulv-/veggoppvarming.
	",http://data.europa.eu/esco/isced-f/0713,elektrisitet og energi
KnowledgeSkillCompetence,http://data.europa.eu/esco/skill/2bdc2f65-b42f-4963-abff-d7214ca4caae,emisjonsstandarder,released,knowledge,cross-sector,luftforurensningskontroller | kjøretøybestemmelser for luftforurensning | emisjonslovgivning | utslippslover | kontroll av luftforurensning | standarder for utslipp fra kjøretøy | emisjonslover | lovkrav til utslipp | utslippslovgivning | standarder for kontroll av luftforurensning | standarder for luftforurensning | standarder for kjøretøyutslipp | utslippsstandarder for kjøretøy | utslippsbestemmelser | utslippsforskrifter,"De juridiske begrensningene av mengden forurensende stoffer som kan slippes ut i miljøet. EUs regelverk som regulerer utslippsstandarder for kjøring av kjøretøy.
	",http://data.europa.eu/esco/isced-f/0712,miljøvernteknologi
KnowledgeSkillCompetence,http://data.europa.eu/esco/skill/2be2d20e-1191-4f85-8f8c-d49a60ca428a,lære om resirkuleringsforskrifter,released,skill/competence,sector-specific,opplyse om resirkuleringsforskrifter,"Lære opp organisasjoner og enkeltpersoner i de riktige prosedyrene og lovgivningen om resirkulering av ulike typer avfall i ulike beholdertyper, prosedyrer for avfallsinnsamling og sanksjoner ved manglende overholdelse av regelverket.",http://data.europa.eu/esco/skill/6c4fa8c8-e9e1-49b5-897f-6b61fe649488,gi opplæring i operasjonelle prosedyrer
KnowledgeSkillCompetence,http://data.europa.eu/esco/skill/2c8199c8-4e40-49b3-b878-caee6e1c1bc0,undersøke forurensning,released,skill/competence,sector-specific,,"Identifisere årsaken til tilfeller av forurensning, så vel som arten og omfanget av risikoene, ved å utføre tester både på forurensningsstedet og i et laboratorium og gjennomføre undersøkelser.",http://data.europa.eu/esco/skill/3f82a026-8a37-4b54-9ebb-7702b66eeb24 | http://data.europa.eu/esco/skill/d519fadd-85bf-475f-bf14-c53a0290687d | http://data.europa.eu/esco/skill/fac6dbca-0d38-48a0-a255-d2beea8156d6,utføre miljøundersøkelser | overvåke miljøforhold | forhindre marin forurensning
KnowledgeSkillCompetence,http://data.europa.eu/esco/skill/2cb27e30-2be7-4a09-9502-fdd2102c046b,gjennomføre opplæring innen miljøforhold,released,skill/competence,cross-sector,,Lære opp personalet og sørge for at alle medarbeiderne forstår hvordan de kan bidra til bedre miljøprestasjoner.,http://data.europa.eu/esco/skill/7f321b88-3d16-4e30-8163-5494ca8ce978 | http://data.europa.eu/esco/skill/699e7c26-6502-4e78-a823-3656ff5a5b8b | http://data.europa.eu/esco/skill/6c4fa8c8-e9e1-49b5-897f-6b61fe649488,engasjere andre i en miljøvennlig livsstil | instruere andre | gi opplæring i operasjonelle prosedyrer
KnowledgeSkillCompetence,http://data.europa.eu/esco/skill/2d158a78-179e-48e3-ab6f-dd5df7aedadb,administrere akvatisk habitat,released,skill/competence,occupation-specific,,"Fjerne kunstige barrierer for vannorganismers bevegelse, for eksempel kulverter og demninger. Opprettholde og gjenopprette naturlig vegetasjon langs kysten. Minimere erosjon langs utviklede kystlinjer. Forhindre spredning av vannlevende invasive arter og patogener, og kontrollere der det er mulig.
	",http://data.europa.eu/esco/skill/a28c96cd-a43d-4143-b992-903356d0923e | http://data.europa.eu/esco/skill/e52cd6e7-f8dc-4f6f-b988-5554423f53fb,administrere habitater | ta seg av og ale opp akvatiske dyr
KnowledgeSkillCompetence,http://data.europa.eu/esco/skill/2d73b2d4-2dfd-42e9-a9f4-106d9c58a4b9,integrerte matenergisystemer,released,knowledge,cross-sector,IFES,"Integrering av mat- og energiproduksjon i landbruks- eller matproduksjonssystemer.
	",http://data.europa.eu/esco/isced-f/0888,"tverrfaglige programmer og kvalifikasjoner innen landbruk, skogbruk, fiske og veterinærfag"
KnowledgeSkillCompetence,http://data.europa.eu/esco/skill/2dd79277-f639-463d-b74f-00b7501d742d,dekontamineringsteknikker,released,knowledge,sector-specific,,Metoder og teknikker som brukes for dekontaminering av avfall ved å fjerne eller nøytralisere det skadelige stoffet.,http://data.europa.eu/esco/isced-f/0712,miljøvernteknologi
KnowledgeSkillCompetence,http://data.europa.eu/esco/skill/2e55bf22-45f2-43f6-8aa0-28894263313d,elektriske motorer,released,knowledge,sector-specific,,Motorer som kan konvertere elektrisk energi til mekanisk energi.,http://data.europa.eu/esco/isced-f/0716,"motorvogner, skip og luftfartøy"
KnowledgeSkillCompetence,http://data.europa.eu/esco/skill/2e77d381-df21-4f84-b3dd-6062be7ef4e1,beskytte planter under skadedyrbekjempelse,released,skill/competence,occupation-specific,,Bruke teknikker for å beskytte planter mot farlige kjemikalier som brukes til skadedyrbekjempelse.,http://data.europa.eu/esco/skill/4c3ab565-747c-4db3-8c47-79e8d6f98cf4 | http://data.europa.eu/esco/skill/08881cb7-5331-4b11-9442-4d7c9fce749e | http://data.europa.eu/esco/skill/8064ae65-5d1b-44e1-9aaf-246a4285a9a6,bidra til å minske de negative følgene av forbruk | utføre skadedyrbekjempelse | overholde lover og standarder for miljøbeskyttelse
KnowledgeSkillCompetence,http://data.europa.eu/esco/skill/2eea3fd6-82ee-4334-8e36-62a0707cade1,designe bygningslufttetthet,released,skill/competence,sector-specific,konstruere en lufttett bygning,"Ta bygningens lufttetthet med som en del av et energisparingskonsept. Sørg for at designet oppnår ønsket lufttetthetsnivå.
	",http://data.europa.eu/esco/skill/7c3cde53-9ff7-4e82-8396-13fdfadd3432 | http://data.europa.eu/esco/skill/b2c688b0-9106-466d-8b88-eafdfe608e7d,designe bygninger | designe strukturer eller fasiliteter
KnowledgeSkillCompetence,http://data.europa.eu/esco/skill/2f05d09d-7e91-423c-9210-19da0b0e34c6,vedlikeholde irrigasjonskontrollere,released,skill/competence,sector-specific,,"Vedlikeholde og programmere ulike typer irrigasjonskontrollere, herunder mekaniske, solcelledrevne, digitale og datastyrte systemer.",http://data.europa.eu/esco/skill/cb073ba6-30bd-4fd5-871a-15b0fb1fa930 | http://data.europa.eu/esco/skill/ec0401f1-f690-46be-934b-f6f5611085f5,"vedlikeholde vanningsanlegg | vedlikeholde elektrisitets-, elektro- og presisjonsutstyr"
KnowledgeSkillCompetence,http://data.europa.eu/esco/skill/2f48c606-a936-46a4-9058-dd925973efd6,måle vannkvalitetsparametere,released,skill/competence,sector-specific,,"Kvalitetssikre vannet ved å ta hensyn til ulike elementer, blant annet temperatur.",http://data.europa.eu/esco/skill/23d7bd85-d8d5-4455-b64d-3b0998f2425d,ta mål av dimensjoner og relaterte egenskaper
KnowledgeSkillCompetence,http://data.europa.eu/esco/skill/2f4cdc7e-d98d-4e6c-9811-3dc28255c7ff,sosial virksomhet,released,knowledge,sector-specific,sosialt entreprenørskap | sosialt selskap | sosialt firma | bevisst virksomhet | sosial bedrift | sosialt foretak | samfunnsansvarlig virksomhet | sosialt ansvarlig virksomhet,"Virksomheter som bruker overskuddet til å reinvestere i sosiale oppdrag, som har en sosial eller miljømessig innvirkning på samfunnet.",http://data.europa.eu/esco/isced-f/0923,sosialarbeid og rådgivning
KnowledgeSkillCompetence,http://data.europa.eu/esco/skill/2fb4b423-c1e4-407d-ba48-38032d8dcda2,håndtere avfallsstein,released,skill/competence,sector-specific,,"Flytte innsamlede rester og avfall til det utpekte innsamlingspunktet og deponere det i samsvar med lovfestede og organisatoriske krav.
	",http://data.europa.eu/esco/skill/cc948c21-aa71-47c5-8df6-c5d0deb99eb2 | http://data.europa.eu/esco/skill/61d1dab2-6007-4b7c-9380-cd88207fa30f,administrere rutineavfall | kaste ikke-farlig avfall eller skrot
KnowledgeSkillCompetence,http://data.europa.eu/esco/skill/303c6ab0-21c3-4b09-ac77-d405936857d9,bærekraftige installasjonsmaterialer,released,knowledge,sector-specific,bærekraftige materialer for installasjon | miljøvennlige installasjonsmaterialer,"Typen installasjonsmateriale som minimerer den negative innvirkningen av bygninger og konstruksjoner på det ytre miljøet, gjennom hele livssyklusen.
	",http://data.europa.eu/esco/skill/e26e07ca-4a35-42e3-940d-e5868fd38fba | http://data.europa.eu/esco/isced-f/0732,byggevareindustrien | bygg og anlegg
KnowledgeSkillCompetence,http://data.europa.eu/esco/skill/30685aeb-512f-4517-adc8-63bdc1eefb8e,designe et solvarmesystem,released,skill/competence,sector-specific,designe et solvarmeanlegg,"Designe et solvarmesystem. Beregne nøyaktig oppvarmingsbehov for bygningen, beregne nøyaktig behov for husholdningsvarmtvann for å velge riktig kapasitet (kW, liter). Lag et detaljert design av installasjonen, prinsippet, automatiseringsstrategien, ved bruk av tilgjengelige produkter og konsepter. Fastslå og beregn ekstern oppvarming.
	",http://data.europa.eu/esco/skill/39fa260c-4f85-48e3-83ce-e292e696c233,designe elektriske eller elektroniske system eller utstyr
KnowledgeSkillCompetence,http://data.europa.eu/esco/skill/306d9964-2d32-4952-927a-e836bf7041ab,naturlig gjødsel,released,knowledge,occupation-specific,,"Sammensetning og virkninger av naturlig/organisk gjødsel, som mineralgjødsel eller gjødsel fra animalske- eller vegetabilske kilder.",http://data.europa.eu/esco/isced-f/0811,dyrking av nyttevekster og dyreoppdrett
KnowledgeSkillCompetence,http://data.europa.eu/esco/skill/30783499-3872-4b14-9684-6217e98c6e1d,uttømming av innsamlet avfall,released,knowledge,sector-specific,,Prosedyrer som skal følges for å tømme det oppsamlede avfallet trygt og på det angitte stedet for dette.,http://data.europa.eu/esco/isced-f/0712,miljøvernteknologi
KnowledgeSkillCompetence,http://data.europa.eu/esco/skill/30dce29d-0518-4f5d-aeb0-2b5b49e3afbe,akvaponikk,released,knowledge,sector-specific,,"Prinsippene og teknikkene som kombinerer hydroponikk og akvakultur for å produsere menneskeføde på en bærekraftig måte, basert på resirkulering av vann mellom fiskeoppdrett og plantedyrkingsavdelinger.
	",http://data.europa.eu/esco/isced-f/0811,dyrking av nyttevekster og dyreoppdrett
KnowledgeSkillCompetence,http://data.europa.eu/esco/skill/311832d1-1167-47c7-b613-fc64784ffeed,beskrive det elektriske drivsystemet,released,skill/competence,sector-specific,beskrive komponenter i elektriske kjøretøyer | beskrive elektriske drivkomponenter | forklare elektrisk drivsystem | beskrive komponenter i det elektriske drivsystemet,"Beskrive hele det elektriske drivsystemet med alle komponenter som trengs. Disse komponentene er vekselretteren, elektromotoren og annet ekstrautstyr, slik som DC/DC-omformere og ladere.
	",http://data.europa.eu/esco/skill/d54970ba-d9f2-41ec-a852-bbd1e5796823,tilby informasjon til offentligheten og kunder
KnowledgeSkillCompetence,http://data.europa.eu/esco/skill/3220a66f-d129-463b-848e-891b4f1c79e3,utvikle forvaltningstiltak for farlig avfall,released,skill/competence,cross-sector,,"Utvikle strategier for å øke et anleggs effektivitet ved behandling, transport og deponering av farlig avfall, for eksempel radioaktivt avfall, kjemikalier og elektronikk.",http://data.europa.eu/esco/skill/6ee936b0-4e0c-4e04-97c7-1f4ee9230d67 | http://data.europa.eu/esco/skill/7a8fb784-67fa-41e9-a75c-6b491d91f800,utvikling av mål og strategier | utvikle strategi for å løse problemer
KnowledgeSkillCompetence,http://data.europa.eu/esco/skill/32a76797-6235-4659-869f-c691ffd30463,paleoklimatologi,released,knowledge,occupation-specific,,"Fagfelt som forsker på klimaendringer gjennom hele jordens historie ved å samle inn og analysere prøver av elementer som bergarter, is, treringer og sedimenter.",http://data.europa.eu/esco/isced-f/0532,jordvitenskap
KnowledgeSkillCompetence,http://data.europa.eu/esco/skill/32f20d0e-d127-4901-a971-a53e26dfef14,gi kundene råd om hjemmeautomasjon,released,skill/competence,occupation-specific,gi kundene råd om smarthusteknologi,"Gi råd til kundene om mulighetene for installasjon av smarthusteknologier, gitt byggets forutsetninger og tilstand.
	",http://data.europa.eu/esco/skill/62afcfdd-a2a6-4143-bafb-59c77e15a01c,gi råd om produkter og tjenester
KnowledgeSkillCompetence,http://data.europa.eu/esco/skill/33784b61-bd86-4451-8a89-741ada5f8475,vedlikeholde fotoelektriske systemer,released,skill/competence,sector-specific,,"Utføre vedlikeholdsoppgaver og reparasjoner på systemer som genererer elektrisk energi gjennom omgjøring av lys til elektrisk strøm, den fotoelektriske effekt. Sikre samsvar med reglene og korrekt installasjon av solcellesystemet.",http://data.europa.eu/esco/skill/ec0401f1-f690-46be-934b-f6f5611085f5,"vedlikeholde elektrisitets-, elektro- og presisjonsutstyr"
KnowledgeSkillCompetence,http://data.europa.eu/esco/skill/340a75f4-76e1-4ef0-8f1e-1bb78ba561ef,kontroller at forskriftene om farlig avfall overholdes,released,skill/competence,cross-sector,,"Inspisere en organisasjons eller et anleggs strategier for håndtering av farlig avfall for å sikre at tiltakene er i samsvar med gjeldende lovgivning, og at det treffes tiltak for å bedre vernet mot eksponering og ivareta helse og sikkerhet.",http://data.europa.eu/esco/skill/0e0a44a8-654c-4e85-986a-fb4386114838,overvåke trygghet eller sikkerhet
KnowledgeSkillCompetence,http://data.europa.eu/esco/skill/3419fac9-575d-4492-a018-edff6f4dae26,miljølovgivning innen jordbruk og skogbruk,released,knowledge,cross-sector,,"Kjennskap til miljølovgivning, retningslinjer og relevante prinsipper for jordbruk og skogbruk. Kjennskap til påvirkningen av miljøet på lokale landbruksprosedyrer og -praksiser. Metoder for å tilpasse produksjonen til nye miljøbestemmelser og retningslinjer.",http://data.europa.eu/esco/isced-f/0421,jus
KnowledgeSkillCompetence,http://data.europa.eu/esco/skill/34406889-f522-47a7-b60d-8545b36d73bb,strebe etter harmoniske arkitektoniske konstruksjoner,released,skill/competence,occupation-specific,,Utforme og utvikle konstruksjoner som opprettholder balansen mellom natur og bygninger. Sikre at innlemmelse av bygninger i et område ivaretar stedets harmoni.,http://data.europa.eu/esco/skill/b2c688b0-9106-466d-8b88-eafdfe608e7d,designe strukturer eller fasiliteter
KnowledgeSkillCompetence,http://data.europa.eu/esco/skill/347b6a67-59ad-4408-bb9c-cfa502867e24,overvåke skogshelse,released,skill/competence,sector-specific,,Overvåke skogens helse for å sikre at alle nødvendige tiltak treffes av skogbruksarbeiderne.,http://data.europa.eu/esco/skill/d519fadd-85bf-475f-bf14-c53a0290687d,overvåke miljøforhold
KnowledgeSkillCompetence,http://data.europa.eu/esco/skill/351cd749-498c-4ed3-9e38-58fc9bbf8f0e,sikre samsvar med støystandarder,released,skill/competence,cross-sector,,"Sørge for at bygninger, veier, lufttrafikk og arrangementer er i samsvar med lokale, nasjonale og internasjonale støystandarder og -forskrifter for å redusere ulempene for naboene i størst mulig grad.",http://data.europa.eu/esco/skill/5bcec244-3efe-45ac-8891-0ab4a91e9c48,overholde helse- og sikkerhetsprosedyrer
KnowledgeSkillCompetence,http://data.europa.eu/esco/skill/3577e49b-951d-4d46-a1f4-417087a8fb6d,tilpasse seg ulike værforhold,released,skill/competence,cross-sector,,Tåle regelmessig eksponering for ekstreme værforhold og farlige miljøer.,http://data.europa.eu/esco/skill/49de9958-2aa4-4eef-a89d-fe5d5bcd28c4 | http://data.europa.eu/esco/skill/4feed491-dc09-4218-814a-0146e13ef4fe,tilpasse seg endringer | løse problemer
KnowledgeSkillCompetence,http://data.europa.eu/esco/skill/36359101-4488-4859-83a8-9600d9faf3f2,engasjere lokalsamfunn i forvaltningen av vernede naturområder,released,skill/competence,sector-specific,,"Etabler et godt forhold til personer i lokalsamfunnet ved reisemålet for å minimere konflikter. Dette kan gjøres gjennom å støtte den økonomiske veksten til lokale turismevirksomheter og respektere lokale normer og tradisjoner.
	",http://data.europa.eu/esco/skill/7d9bace0-63d0-4848-ac87-350a98082c12 | http://data.europa.eu/esco/skill/8a3b45dc-8299-4b67-99db-6542daf79ac3,delta aktivt i samfunnet | utvikle faglige relasjoner eller nettverk
KnowledgeSkillCompetence,http://data.europa.eu/esco/skill/3727f0d3-da1b-4ce3-a9cb-efe6130fe41f,vurdere forurensning,released,skill/competence,cross-sector,,Analysere tegn på forurensning. Gi råd om hvordan forurensningen kan fjernes.,http://data.europa.eu/esco/skill/3eef7ff2-3ade-41d4-b084-2bd2a3949e1c,vurdere landområde eller eiendom
KnowledgeSkillCompetence,http://data.europa.eu/esco/skill/37ba5509-9665-4947-a5ae-f124d5769473,lage papirslurry,released,skill/competence,occupation-specific,,Lage papirvelling eller -masse av resirkulert eller brukt papir med vann i blendere eller annet utstyr. Tilsette farger ved å tilføye papir i ulike farger.,http://data.europa.eu/esco/skill/06769591-b8cf-46b2-b1d3-6602b1cf440e,betjene treforedlings- og papirproduksjonsmaskiner
KnowledgeSkillCompetence,http://data.europa.eu/esco/skill/38f7be4a-f6af-4f1d-a972-8c51b27d2cea,håndheve parkregler,released,skill/competence,occupation-specific,,"Håndheve miljømessige lover og regler for skogforvaltning. Skogvoktere håndhever lokale, statlige og nasjonale regler som gjelder for skogbruk og konservering av dyre- og planteliv. De utfører sikkerhetsinspeksjoner på leirplasser og undersøker klager.",http://data.europa.eu/esco/skill/e9eb9c23-c1f4-4ce9-83c9-2f6a211cc536,opprettholde og håndheve fysisk sikkerhet
KnowledgeSkillCompetence,http://data.europa.eu/esco/skill/3936cc7d-d045-4eb0-b951-b862a072c0a2,designe indikatorer for reduksjon av matavfall,released,skill/competence,cross-sector,utvikle KPI om reduksjon av matsvinn | administrere KPI for å redusere matsvinn | utforme evalueringen av praksis og strategier for forebygging av matsvinn,"Fastsette prestasjonsmål (key performance indicators – KPI) for å redusere matavfall og håndtere i tråd med etablerte standarder. Ha tilsyn med evalueringen av metoder, utstyr og kostnader for forebygging av matavfall.
	",http://data.europa.eu/esco/skill/15fa3879-ac0e-46e6-ae36-609bae9c19c3,overvåke driftsaktiviteter
KnowledgeSkillCompetence,http://data.europa.eu/esco/skill/3955cd15-a1fa-4c16-99b4-c39cb17db21d,beskyttelsestiltak mot introduksjon av organismer,released,knowledge,sector-specific,,"De nasjonale og internasjonale vernetiltakene mot innføring av organismer, f.eks. rådsdirektiv 2000/29/EF, om vernetiltak mot innføring av organismer som er skadelige for planter eller planteprodukter inn i samfunnet og spredning av dem i samfunnet.",http://data.europa.eu/esco/isced-f/0522,naturlig miljø og vilt
KnowledgeSkillCompetence,http://data.europa.eu/esco/skill/395ace35-e463-4dc7-8181-c2dd43885107,utføre en forhåndsvurdering av varmepumper,released,skill/competence,sector-specific,gjennomføre mulighetsstudie om varmepumper | gjøre en mulighetsstudie om varmepumper,"Utføre evalueringen og vurderingen av potensialet til et varmepumpesystem. Gjennomføre en standardisert studie for å fastsette kostnader og restriksjoner, og utføre undersøkelser for å støtte beslutningsprosessen.
	",http://data.europa.eu/esco/skill/d74df140-eb69-43e2-bac9-1cafc824d702 | http://data.europa.eu/esco/skill/ec528c47-65f4-4187-9dc1-5a8889f84a06,gjennomføre mulighetsstudie | analysere forretningsvirksomheter
KnowledgeSkillCompetence,http://data.europa.eu/esco/skill/397412dc-47c4-4580-82d0-15a9f9a86ea2,utvikle dreneringsbrønnsystemer,released,skill/competence,sector-specific,,"Utvikle systemer som finnes på boligeiendommer, samt offentlige eiendommer som gater og tak på offentlige bygninger, som skal drenere overflødig vann fra disse områdene. Funksjonen deres er å bidra til flomutbedring, fjerne regn og begrense risikoen ved kraftig uvær, og deretter transportere det ubehandlede vann ut i naturen.",http://data.europa.eu/esco/skill/b2c688b0-9106-466d-8b88-eafdfe608e7d,designe strukturer eller fasiliteter
KnowledgeSkillCompetence,http://data.europa.eu/esco/skill/3a09d732-08b9-4c90-8fd3-34e2d69ce084,forklare blokkjedeimplikasjoner,released,skill/competence,sector-specific,analysere implikasjonene av blockchain for styringsformål | analysere implikasjonene av blokkjede for styringsformål | forklare praktiske implikasjoner av blockchain,"Forklare konsekvensene, innvirkningen og implikasjonene av å bruke blokkjedeteknologi på forretningsprosessene de driver, så vel som i større skala, inkludert sosiale og økologiske aspekter.
	",http://data.europa.eu/esco/skill/cd9c487e-09ad-4b82-854b-118feb01f2ed,informasjonsferdigheter
KnowledgeSkillCompetence,http://data.europa.eu/esco/skill/3a2f0b3f-8203-466f-89f9-207316ade4da,kassere loddingsavfall,released,skill/competence,occupation-specific,,Hente og transportere loddingsavfall i spesialbeholdere for farlig avfall.,http://data.europa.eu/esco/skill/40fa39b5-0f69-432a-b5ea-b01b5d98649a | http://data.europa.eu/esco/skill/8bde58aa-9d5b-422b-801c-ff9186dd648e | http://data.europa.eu/esco/skill/73a9561d-112c-4d8a-9d5f-b2c11c5bbd5f,kassere farlig avfall | håndtere og kaste farlig avfall | håndtere avfall
KnowledgeSkillCompetence,http://data.europa.eu/esco/skill/3a519990-ae6c-4c8b-a827-2bf96d949940,forvalte bevaring av natur- og kulturarv,released,skill/competence,sector-specific,,"Bruke inntekter fra turismeaktiviteter og donasjoner til å finansiere og ivareta bevaringsverdige områder og immateriell kulturarv som lokale håndverk, sanger og historier.
	",http://data.europa.eu/esco/skill/193af349-b20e-4277-94bf-b184e92b8d6a,administrere budsjett og økonomi
KnowledgeSkillCompetence,http://data.europa.eu/esco/skill/3a560dc4-ee2e-4437-b94f-c076a2b5f25e,inspisere vannbrønner,released,skill/competence,cross-sector,,Kontrollere vannbrønner for forurensning og samsvar med standarder for bygge- og anleggsvirksomhet. Beordre avstenging av brønner dersom det er nødvendig.,http://data.europa.eu/esco/skill/0e0a44a8-654c-4e85-986a-fb4386114838,overvåke trygghet eller sikkerhet
KnowledgeSkillCompetence,http://data.europa.eu/esco/skill/3b4f2a64-9884-4f3d-8020-44dc95919a7c,designe isolasjonskonseptet,released,skill/competence,sector-specific,utforme isolasjonskonseptet,"Designe detaljene for isolering og løsninger for varmebroer. Velge det mest egnede materialet for isolering, med tanke på bygningens behov.
	",http://data.europa.eu/esco/skill/39fa260c-4f85-48e3-83ce-e292e696c233,designe elektriske eller elektroniske system eller utstyr
KnowledgeSkillCompetence,http://data.europa.eu/esco/skill/3bf93cf6-2b6f-46ad-b0ba-3b161379bac1,utføre selektiv riving,released,skill/competence,sector-specific,,"Rive en konstruksjon, eller en del av den, ved selektiv rivning. Identifisere de forskjellige materialene i bygningen og vurdere deres verdi og hvorvidt de kan gjenbrukes. Fjerne alle materialer som kan brukes på nytt, uten å skade dem.
	",http://data.europa.eu/esco/skill/59c46f34-bffd-4859-adf4-3839c2a73821,bygningskonstruksjon
KnowledgeSkillCompetence,http://data.europa.eu/esco/skill/3c1622fc-6c95-4b51-98da-1814ebe6e889,geotermiske energisystemer,released,knowledge,sector-specific,geotermisk energi | geotermiske varmesystemer,"Lavtemperaturoppvarming og høytemperaturkjøling, generert ved bruk av geotermisk energi og deres bidrag til energiytelse.
	",http://data.europa.eu/esco/isced-f/0713,elektrisitet og energi
KnowledgeSkillCompetence,http://data.europa.eu/esco/skill/3d69b305-4051-4c1d-ba1e-d8c5b35e22db,overvåke produksjonspåvirkning,released,skill/competence,cross-sector,overvåke miljøparametere | kontroll av miljøparametere | sjekke miljøparametere | overvåking av miljøparametere,"Kontrollere produksjonsmaskinenes innvirkning på miljøet og analysere temperaturnivåer, vannkvalitet og luftforurensning.",http://data.europa.eu/esco/skill/4c3ab565-747c-4db3-8c47-79e8d6f98cf4 | http://data.europa.eu/esco/skill/7dd94ad3-13d6-43fe-8b94-51fcbf67ced9 | http://data.europa.eu/esco/skill/d519fadd-85bf-475f-bf14-c53a0290687d,bidra til å minske de negative følgene av forbruk | tenke kritisk | overvåke miljøforhold
KnowledgeSkillCompetence,http://data.europa.eu/esco/skill/3d9873e5-7128-49d9-9048-f72b8ea4b29e,administrere skoger,released,skill/competence,sector-specific,,Utvikle skogbruksplaner ved å anvende forretningsmetoder og skogbruksprinsipper for å håndtere skogressurser på en effektiv måte.,http://data.europa.eu/esco/skill/87dff904-fb74-4d59-972e-1c2387579d94,lede driftsaktiviteter
KnowledgeSkillCompetence,http://data.europa.eu/esco/skill/3de6d427-546b-450b-97ba-d3d50eb274da,betjene vannrenseutstyr,released,skill/competence,cross-sector,,"Utføre og justere utstyrskontroller for å rense vann, behandle avløpsvann, luft og faste stoffer, resirkulere eller slippe ut behandlet vann og generere kraft.",http://data.europa.eu/esco/skill/d3b2c894-33fb-47c4-aff0-27935a082bf6,"betjene behandlingssystem eller -utstyr for petroleum, kjemikalier eller vann"
KnowledgeSkillCompetence,http://data.europa.eu/esco/skill/3dffcb35-26d4-4fee-8517-002f9e40508a,integrere biogassenergi i bygninger,released,skill/competence,sector-specific,utforme biogassinstallasjoner,"Designe og beregne installasjoner for oppvarming og varmt drikkevann (VDV) som benytter seg av biogass.
	",http://data.europa.eu/esco/skill/b85caa4a-f04b-4331-80df-11404fd71225,"installere utstyr for oppvarming, ventilasjon og luftkondisjonering"
KnowledgeSkillCompetence,http://data.europa.eu/esco/skill/3e25fd3e-2bcd-4320-9587-0aadf7fb93b1,gi råd om jord- og vannbeskyttelse,released,skill/competence,sector-specific,,"Gi råd om metoder for å beskytte jord og vannkilder mot forurensing, for eksempel nitratlekking, som fører til jorderosjon.
	",http://data.europa.eu/esco/skill/062a9fde-cd91-44f9-9a2f-9e2bc3b281fd,gi råd om miljøspørsmål
KnowledgeSkillCompetence,http://data.europa.eu/esco/skill/3e37d714-4d65-416d-a138-46f7e2a98073,designe varmepumpeinstallasjoner,released,skill/competence,sector-specific,designe varmepumpe,"Designe et varmepumpesystem, inkludert beregninger av varmetap eller overføring, nødvendig kapasitet, mono- eller bivalent, energibalanse og støyreduksjon.
	",http://data.europa.eu/esco/skill/39fa260c-4f85-48e3-83ce-e292e696c233,designe elektriske eller elektroniske system eller utstyr
KnowledgeSkillCompetence,http://data.europa.eu/esco/skill/3ecde258-d1c6-4d6a-bfa7-ec4c5e4fc700,utvikle grønne kompounderingsløsninger,released,skill/competence,occupation-specific,bruke biobaserte polymerer | utvikle grønne kjemiske løsninger for gummiforbindelser | definere biologiske sammensatte løsninger | erstatte syntetiske ingredienser,"Utvikle kompounderingsløsninger som benytter biologiske i stedet for syntetiske ingredienser. Evaluere potensialet for vegetabilske oljer, sparkler og polymer samt nylige fremskritt innen disse.
	",http://data.europa.eu/esco/skill/c23e0a2f-f04b-45bc-b0dd-20571f6b502c,utarbeide retningslinjer og rutiner for drift
KnowledgeSkillCompetence,http://data.europa.eu/esco/skill/3edfa33c-c644-4a9a-acd1-e82039daa663,fremme bruken av bærekraftig transport,released,skill/competence,sector-specific,,"Fremme bruken av bærekraftig transport for å redusere karbonutslipp og støy og øke transportsystemers sikkerhet og effektivitet. Fastslå effektivitet ved bruk av bærekraftig transport, angi målsettinger for å fremme bruken av bærekraftig transport og foreslå miljøvennlige transportalternativer.
	",http://data.europa.eu/esco/skill/469e19ed-a0bd-445a-ae2d-4ba9430e296b | http://data.europa.eu/esco/skill/efb60300-0d55-4b2c-8038-8409587a4727,"fremme bærekraft | fremme produkter, tjenester og ordninger"
KnowledgeSkillCompetence,http://data.europa.eu/esco/skill/3efd2b02-f6f8-4911-a154-8bfcaeadeb5d,opprinnelsen til matfett og matoljer,released,knowledge,sector-specific,,Skillet mellom kostholdsfett som kommer fra dyr og oljer som stammer fra grønnsaker.,http://data.europa.eu/esco/isced-f/0721,matproduksjon
KnowledgeSkillCompetence,http://data.europa.eu/esco/skill/3f82a026-8a37-4b54-9ebb-7702b66eeb24,utføre miljøundersøkelser,released,skill/competence,sector-specific,,"Utføre miljøundersøkelser etter behov, kontrollere saksbehandling, mulige søksmål eller andre typer klager.",http://data.europa.eu/esco/skill/c4376e35-add7-43a0-8b2e-f5741f0df8fe,utføre rettsmedisinske undersøkelser og politietterforskning
KnowledgeSkillCompetence,http://data.europa.eu/esco/skill/407b1474-7cfb-4538-823b-7667604f0267,gjenopprette naturlig miljø etter boreaktivitet,released,skill/competence,occupation-specific,,Gjenopprette et boreområde til sin naturlige miljøtilstand dersom boring ikke skal finne sted.,http://data.europa.eu/esco/skill/aca5081a-ceb0-4028-9cc5-1daafd4f86f9,utvikle løsninger
KnowledgeSkillCompetence,http://data.europa.eu/esco/skill/40f65a56-ccbe-4601-9f32-1cc6cdd24f28,avfallshåndtering,released,knowledge,cross-sector,,"Metoder, materialer og forskrifter som brukes til å samle inn, transportere, behandle og avhende avfall. Dette inkluderer resirkulering og overvåking av avfallshåndtering.",http://data.europa.eu/esco/isced-f/1021,"vann, avløp og renhold"
KnowledgeSkillCompetence,http://data.europa.eu/esco/skill/40fa39b5-0f69-432a-b5ea-b01b5d98649a,kassere farlig avfall,released,skill/competence,cross-sector,,"Avhende farlige materialer som kjemiske eller radioaktive stoffer i henhold til forskrifter for helse, miljø og sikkerhet.",http://data.europa.eu/esco/skill/d2d9051a-10e1-41c5-9cfb-bbdc58016176 | http://data.europa.eu/esco/skill/8bde58aa-9d5b-422b-801c-ff9186dd648e,følge sikkerhetsforholdsregler innen arbeidspraksis | håndtere og kaste farlig avfall
KnowledgeSkillCompetence,http://data.europa.eu/esco/skill/41168850-6e3f-4fc8-afd5-9337f0c66190,vurdere miljøpåvirkning innen havbruksvirksomhet,released,skill/competence,sector-specific,,"Måle hvordan havbruksvirksomheten til et selskap påvirker miljøet. Ta hensyn til faktorer som kvaliteten på hav- og overflatevannet, fisk- og havplantehabitater og risikoer knyttet til luftkvalitet, lukt og støy.",http://data.europa.eu/esco/skill/444d3725-902f-49aa-9363-7de405bb991d | http://data.europa.eu/esco/skill/e541c69c-ea80-4b17-87cb-4001d0b9d303 | http://data.europa.eu/esco/skill/d519fadd-85bf-475f-bf14-c53a0290687d | http://data.europa.eu/esco/skill/d86babea-bf8b-4552-81a8-daf706066ad6,måle effekten av spesifikk akvakulturvirksomhet | vurdere miljøpåvirkning | overvåke miljøforhold | administrere virksomhetens miljøpåvirkning
KnowledgeSkillCompetence,http://data.europa.eu/esco/skill/41bbfa08-ce0b-478f-beaa-f51c62e61796,montere takvinduer,released,skill/competence,sector-specific,,"Montere ulike typer vinduer i taket, f.eks. overlysvinduer, kvistvinduer og vinduer for flate tak.",http://data.europa.eu/esco/skill/58edb789-d085-4e7d-8b6e-b70913bebfca,installere og montere bygginnredning
KnowledgeSkillCompetence,http://data.europa.eu/esco/skill/41de7eb8-be07-4822-ba85-b76e9b8d6e4e,bærekraftig skogforvaltning,released,knowledge,sector-specific,SFM,"Forvaltning og bruk av skogsområder på en måte og med en hastighet som opprettholder skogens produktivitet, biologiske mangfold, regenereringskapasitet, vitalitet og potensial til å oppfylle, både nå og i fremtiden, relevante økologiske, økonomiske og sosiale funksjoner på lokalt, nasjonalt og globalt nivå, og som ikke forårsaker skade på andre økosystemer.
	",http://data.europa.eu/esco/isced-f/0821,skogbruk
KnowledgeSkillCompetence,http://data.europa.eu/esco/skill/4300b453-9bcf-474c-9ee3-92ec2229720c,globale standarder for rapportering av bærekraft,released,knowledge,sector-specific,retningslinjer for ikke-finansiell rapportering,"Det globale, standardiserte rammeverket for rapportering, som gjør det mulig for organisasjoner å kvantifisere og kommunisere sitt postitive bidrag til endring av miljømessige, sosiale og styringsmessige forhold (ESG).
	",http://data.europa.eu/esco/isced-f/0412,"finans, bank og forsikring"
KnowledgeSkillCompetence,http://data.europa.eu/esco/skill/442328a8-8a11-4e15-b80c-402a9bd5844d,forske på klimaprosesser,released,skill/competence,cross-sector,,Utføre forskning på de karakteristiske hendelsene som finner sted i atmosfæren ved interaksjoner mellom og forandringer av ulike atmosfæriske komponenter og forhold.,http://data.europa.eu/esco/skill/7eafec38-621a-4b6e-9298-bfe70ec0b253,utføre akademiske undersøkelser eller markedsundersøkelser
KnowledgeSkillCompetence,http://data.europa.eu/esco/skill/44493977-83c4-49e0-88b2-28435da57cd0,minimere miljøpåvirkninger på området,released,skill/competence,occupation-specific,,"Minimere materialsvinn og avhende avfall på riktig måte. Sørge for at det oppstår minst mulig skade på planter, innslag og omliggende områder.",http://data.europa.eu/esco/skill/64acded2-d944-4f85-a703-cfe9375f706a,betjene land- og skogbruksmaskiner
KnowledgeSkillCompetence,http://data.europa.eu/esco/skill/444d3725-902f-49aa-9363-7de405bb991d,måle effekten av spesifikk akvakulturvirksomhet,released,skill/competence,sector-specific,,"Identifisere og måle hvilken biologisk, fysikalsk-kjemisk innvirkning den spesifikke havbruksaktiviteten har på miljøet. Utføre alle nødvendige prøver, inkludert innhenting og behandling av prøver for analyse.",http://data.europa.eu/esco/skill/23d7bd85-d8d5-4455-b64d-3b0998f2425d,ta mål av dimensjoner og relaterte egenskaper
KnowledgeSkillCompetence,http://data.europa.eu/esco/skill/44d5340c-45df-4478-9e55-2363342a7324,designe ettermonteringsløsninger for bygninger,released,skill/competence,sector-specific,utforme renoveringsplan for bygninger | utvikle renovasjonsplan for bygningen,"Å gi noe med en komponent eller funksjon som ikke er montert under produksjon eller legge til noe som den ikke hadde da den ble bygget. Brukes i forbindelse med installasjon av nye bygningssystemer, for eksempel varmesystemer, men det kan også referere til strukturen til en bygning, for eksempel ettermontering av isolasjon eller doble vinduer. Designe løsninger for å ettermontere eksisterende bolig- og næringsbygg for å oppgradere ytelsen, for eksempel ved å redusere energi- og vannforbruket. Vurdere rekkevidden av tilgjengelige ettermonteringsteknologier og velge de best egnede basert på bygningens egenskaper.
	",http://data.europa.eu/esco/skill/2eea3fd6-82ee-4334-8e36-62a0707cade1 | http://data.europa.eu/esco/skill/cc0a45a7-4883-4122-af11-7ca6c45a37c2 | http://data.europa.eu/esco/skill/b2c688b0-9106-466d-8b88-eafdfe608e7d,designe bygningslufttetthet | designe klimaskjermsystemer for bygninger | designe strukturer eller fasiliteter
KnowledgeSkillCompetence,http://data.europa.eu/esco/skill/450aeb6d-5f23-4e08-b088-3bbefbfb9f2d,akvatisk økologi,released,knowledge,cross-sector,,"Akvatisk økologi er studiet av akvatiske organismer, hvordan de samhandler, hvor de lever og hva de gjør.",http://data.europa.eu/esco/isced-f/0521,miljøvitenskap
KnowledgeSkillCompetence,http://data.europa.eu/esco/skill/4548416b-2310-4afc-bd6a-c022d3e41014,sikre kostnadseffektivitet i matproduksjon,released,skill/competence,sector-specific,,"Sikre at hele matproduksjonsprosessen, inkludert mottak av råvarer, tilvirkning, matproduksjon og innpakning, er økonomisk og effektiv.",http://data.europa.eu/esco/skill/ce541a71-0eaa-40e7-999d-793d1f16fa4c | http://data.europa.eu/esco/skill/7a93e22f-54d8-4bf0-9213-d711f6601b49 | http://data.europa.eu/esco/skill/0779d482-4154-4fbb-9a22-d9fd89c39d67,tilpasse effektiv matbehandlingspraksis | arbeide effektivt | organisering og planlegging av arbeid og aktiviteter
KnowledgeSkillCompetence,http://data.europa.eu/esco/skill/4562497f-836c-415a-b5ce-4ec3b5766d09,foreslå alternative gummiblandingsingredienser,released,skill/competence,occupation-specific,foreslå trygge blandingsalternativer | foreslå alternative sammensatte ingredienser | definere sikre blandingsløsninger,"Identifisere potensielt giftige ingredienser i gummiforbindelser og foreslå alternative ingredienser eller sammensetninger med lignende funksjonalitet.
	",http://data.europa.eu/esco/skill/aca5081a-ceb0-4028-9cc5-1daafd4f86f9,utvikle løsninger
KnowledgeSkillCompetence,http://data.europa.eu/esco/skill/456f68b4-ca28-4029-a67f-7813b2c6cb4d,matetikk,released,knowledge,sector-specific,næringsmiddeletikk | matetiske prinsipper | matetiske verdier,"Sett med etiske verdier og prinsipper som styrer produksjon, distribusjon og forbruk av mat. Det omfatter et bredt spekter av saker, inkludert mattrygghet, miljømessig bærekraft, kulturell sensitivitet, rettferdig arbeidspraksis, dyrevelferd og sosialt ansvar. Matetikk kan omfatte kollektivt og individuelt ansvar.
	",http://data.europa.eu/esco/isced-f/0223,filosofi og etikk
KnowledgeSkillCompetence,http://data.europa.eu/esco/skill/45b2a257-1c28-4c84-bc71-a4871e398c54,undersøke steder for vindparker,released,skill/competence,sector-specific,,"Gjennomføre undersøkelser på stedet og bruke et vindatlas for å evaluere forskjellige plasseringer som kan være egnet for konstruksjon av vindturbingrupper, samt gjennomføre oppfølgende undersøkelser på stedet for å bistå i utviklingen av konstruksjonsplaner.",http://data.europa.eu/esco/skill/3eef7ff2-3ade-41d4-b084-2bd2a3949e1c,vurdere landområde eller eiendom
KnowledgeSkillCompetence,http://data.europa.eu/esco/skill/45b79278-465a-4eed-8809-369318bab119,utvikle stedsutbedringsstrategier,released,skill/competence,sector-specific,,Gjennomføre feltundersøkelser og gi råd om områder med forurenset jord eller grunnvann ved industrianlegg og gruveanlegg. Finne opp metoder for å oppbevare utgravd jord. Utvikle strategier for å rehabilitere tømte gruveområder til sin naturlige tilstand.,http://data.europa.eu/esco/skill/c23e0a2f-f04b-45bc-b0dd-20571f6b502c | http://data.europa.eu/esco/skill/e4ff825c-7376-4135-93cd-3892fd67b7c1,utarbeide retningslinjer og rutiner for drift | utvikle miljøtiltaksstrategier
KnowledgeSkillCompetence,http://data.europa.eu/esco/skill/46454506-fb7c-4ad7-84e0-d4a6a5589ea1,design av nullenergibygg,released,knowledge,sector-specific,nullenergibyggeprosjekt | forslag til nullenergibygg | null-energi bygningsdesign | null-energi byggeplan | plan for nullenergibygg | design av nær-nullenergibygg | nullenergibyggdesign,"Design- og bygningsprinsippet der nettomengden av energi som brukes av bygningen, tilsvarer mengden fornybar energi selve bygningen lager. Konseptet refererer til selvopprettholdende konstruksjoner.",http://data.europa.eu/esco/isced-f/0731,arkitektur og byplanlegging
KnowledgeSkillCompetence,http://data.europa.eu/esco/skill/465af498-53b1-4e04-9f49-7458afb59274,designe hjelpeutstyr,released,skill/competence,sector-specific,,"Designe utstyr som brukes til å levere tjenester som varme, damp, strøm og kjøling, for å forbedre effektiviteten og bærekraften i levering av tjenester til anlegg og boliger.",http://data.europa.eu/esco/skill/b2c688b0-9106-466d-8b88-eafdfe608e7d,designe strukturer eller fasiliteter
KnowledgeSkillCompetence,http://data.europa.eu/esco/skill/467cfa0a-f6d8-4f07-a770-11d2ea3546cd,redusere utslipp fra garving,released,skill/competence,sector-specific,redusere VOC-utslipp i skinnindustrien | redusere utslipp av flyktige organiske forbindelser i skinnindustrien,"Justere etterbehandlingen av lær i henhold til hvert lærmarked, og reduse utslipp av flyktige organiske forbindelser (VOC).
	",http://data.europa.eu/esco/skill/8064ae65-5d1b-44e1-9aaf-246a4285a9a6,overholde lover og standarder for miljøbeskyttelse
KnowledgeSkillCompetence,http://data.europa.eu/esco/skill/469e19ed-a0bd-445a-ae2d-4ba9430e296b,fremme bærekraft,released,skill/competence,cross-sector,gå inn for bærekraft | implementere bærekraftsmarkedsføring | implementere bærekraftig markedsføring | oppmuntre til bærekraft | utvikle bærekraftskampanjer | ta til orde for bærekraft,"Fremme konseptet om bærekraft overfor offentligheten, kollegaer og fagfeller gjennom foredrag, omvisninger, fremvisninger og seminarer.",http://data.europa.eu/esco/skill/efb60300-0d55-4b2c-8038-8409587a4727,"fremme produkter, tjenester og ordninger"
KnowledgeSkillCompetence,http://data.europa.eu/esco/skill/47d491a9-f7c0-4b13-a10f-983d3aa0113e,sikkerhetsteknikk,released,knowledge,cross-sector,sikkerhetsvitenskap | systemsikkerhetsteknikk | prosesssikkerhetsteknikk,"Studien av risiko forbundet med konstruert design og systemer, ulykkesforebygging samt sikkerhetsfordelene ved å redusere dødsfall og skader. Disiplinen fokuserer på å analysere og redusere potensielle farer i ingeniørprosesser.
	",http://data.europa.eu/esco/skill/6f1edc19-191f-4ba5-a048-ee69aff05bab | http://data.europa.eu/esco/isced-f/0710,sikkerhetsteknikk | ikke nærmere definerte tekniske fag og ingeniørfag
KnowledgeSkillCompetence,http://data.europa.eu/esco/skill/47f14289-3bcd-4575-9cc1-15c582d1da29,drifte anlegg for avfallshåndtering,released,skill/competence,occupation-specific,,"Lede driften på et anlegg for behandling og avhending av avfall, f.eks. sorterings-, resirkulerings- og oppbevaringsprosedyrer, for å sikre at anlegget og utstyret vedlikeholdes, og at prosedyrene utføres i samsvar med loven.",http://data.europa.eu/esco/skill/746d4d58-7e6b-417c-a0b3-3f0c44564a2e | http://data.europa.eu/esco/skill/87dff904-fb74-4d59-972e-1c2387579d94 | http://data.europa.eu/esco/skill/73a9561d-112c-4d8a-9d5f-b2c11c5bbd5f,planlegge retningslinjer for anleggsadministrasjon | lede driftsaktiviteter | håndtere avfall
KnowledgeSkillCompetence,http://data.europa.eu/esco/skill/4817fa29-7e52-41ee-a112-c1454012ca95,gjennomgå byggeplaner av anlegg for avfallshåndtering,released,skill/competence,occupation-specific,,Fastslå om planene for nye anlegg for avfallsbehandling samsvarer med forordninger.,http://data.europa.eu/esco/skill/ebbf3488-7d1e-4603-b7d4-938d23bc1af1 | http://data.europa.eu/esco/skill/54f7432d-a8b6-4ed4-a50e-9ec882320595,"gjennomgå godkjenninger av byggeplaner | overvåking, inspeksjon og testing"
KnowledgeSkillCompetence,http://data.europa.eu/esco/skill/492214f5-5bfd-4f2a-9a48-c36240ce100d,følge miljøvennlige retningslinjer under behandling av mat,released,skill/competence,sector-specific,,"Besørge miljømiljøvennlige retningslinjer ved arbeid med naturressurser som kjøtt, frukt og grønnsaker. Dette vil si å håndtere ressursene på en mest mulig effektiv og miljøvennlig måte, samtidig som man forsøker å belaste økosystemet minst mulig.",http://data.europa.eu/esco/skill/4c3ab565-747c-4db3-8c47-79e8d6f98cf4 | http://data.europa.eu/esco/skill/2aaad52d-599e-4e77-a681-bbc236825821 | http://data.europa.eu/esco/skill/8064ae65-5d1b-44e1-9aaf-246a4285a9a6,bidra til å minske de negative følgene av forbruk | vurdere miljøvirkningen av personlig atferd | overholde lover og standarder for miljøbeskyttelse
KnowledgeSkillCompetence,http://data.europa.eu/esco/skill/49298916-2090-4b08-ac57-5cfedaa5af36,redusere miljøpåvirkningen av fottøyproduksjon,released,skill/competence,sector-specific,,Vurdere miljøbelastningen av fottøyproduksjon og redusere miljørisikoene til et minimum. Redusere miljøskadelige arbeidspraksiser i ulike ledd av fottøyproduksjonen.,http://data.europa.eu/esco/skill/4c3ab565-747c-4db3-8c47-79e8d6f98cf4 | http://data.europa.eu/esco/skill/062a9fde-cd91-44f9-9a2f-9e2bc3b281fd | http://data.europa.eu/esco/skill/e541c69c-ea80-4b17-87cb-4001d0b9d303,bidra til å minske de negative følgene av forbruk | gi råd om miljøspørsmål | vurdere miljøpåvirkning
KnowledgeSkillCompetence,http://data.europa.eu/esco/skill/4aba6668-6118-4953-804b-869cef94422a,avhende ikke-farlig avfall,released,skill/competence,cross-sector,,"Avhende avfall som ikke utgjør noen fare for helse og sikkerhet, på en måte som er i samsvar med rutinene for resirkulering og avfallshåndtering.",http://data.europa.eu/esco/skill/61d1dab2-6007-4b7c-9380-cd88207fa30f,kaste ikke-farlig avfall eller skrot
KnowledgeSkillCompetence,http://data.europa.eu/esco/skill/4ac715f8-7c4e-4e78-a96d-2398b8bdc49d,planlegge kommunale boliger,released,skill/competence,cross-sector,,Planlegge bygging av kommunale boliger i tråd med arkitektoniske forskrifter og prinsipper for byplanlegging.,http://data.europa.eu/esco/skill/8ed41305-4abf-4b54-9f8f-0e043d26feba,utarbeide politiske retningslinjer og lovbestemmelser
KnowledgeSkillCompetence,http://data.europa.eu/esco/skill/4b5f0aeb-875b-4afb-befc-2465b45602d8,kontrollere resirkuleringsprosedyrer,released,skill/competence,sector-specific,,"Inspisere gjennomføringen av rutiner for avfallsbehandling og resirkulering i en organisasjon, samt gjeldende lovgivning, for å sikre overholdelse.",http://data.europa.eu/esco/skill/15fa3879-ac0e-46e6-ae36-609bae9c19c3,overvåke driftsaktiviteter
KnowledgeSkillCompetence,http://data.europa.eu/esco/skill/4c3ab565-747c-4db3-8c47-79e8d6f98cf4,bidra til å minske de negative følgene av forbruk,released,skill/competence,transversal,følge innsamlingsplaner for gjenvinning | unngå plast | gjenbruke produkter | redusere vann- eller energiforbruk | praktisere en minimalistisk livsstil | dele fysiske ressurser | unngå engangsartikler | minimere avfallsproduksjonen i husholdningene | gjenbruk av materialer | redusere energibruken | følge miljømessig bærekraftig arbeidspraksis | gjenbruke materialer,"Anvende prinsipper, retningslinjer og forskrifter for miljømessig bærekraft, herunder redusere avfall, energi- og vannforbruk, gjenbruke og gjenvinne produkter, og bidra til delingsøkonomien.
	",http://data.europa.eu/esco/skill/80cf002a-6586-4db7-9c9a-88325a9a5e1b,bruke miljørelatert kompetanse
KnowledgeSkillCompetence,http://data.europa.eu/esco/skill/4c4235a9-a1fb-403f-a173-37d9297c218c,resirkulere husdyrgjødsel,released,skill/competence,sector-specific,,"Ta i bruk teknikker for håndtering av husdyrgjødsel på korrekt måte, for å resirkulere husdyrgjødsel som økologisk næringsstoff for jord og redusere miljøpåvirkningen.
	",http://data.europa.eu/esco/skill/61d1dab2-6007-4b7c-9380-cd88207fa30f,kaste ikke-farlig avfall eller skrot
KnowledgeSkillCompetence,http://data.europa.eu/esco/skill/4c598891-db23-4b7c-9b39-233ba8eaf848,landskapsarkitektur,released,knowledge,sector-specific,,Prinsipper og praksiser som brukes i arkitektur og design av utendørsområder.,http://data.europa.eu/esco/isced-f/0731,arkitektur og byplanlegging
KnowledgeSkillCompetence,http://data.europa.eu/esco/skill/4c5fed97-939f-4050-adc0-7adaf15065e5,planlegge vannressursutvikling,released,skill/competence,occupation-specific,,Overvåke nedbør og bruk av vann for å organisere utviklingen av vannressurser.,http://data.europa.eu/esco/skill/d519fadd-85bf-475f-bf14-c53a0290687d,overvåke miljøforhold
KnowledgeSkillCompetence,http://data.europa.eu/esco/skill/4ca83b9d-afa0-49f8-b7af-e4e6a42ad299,avlingsproduksjonsprinsipper,released,knowledge,sector-specific,,"Prinsipper for dyrking av avlinger, den naturlige syklusen, stelling av naturen, vekstforhold og prinsipper for organisk og bærekraftig produksjon. Kvalitetskriterier og -krav til frø, planter og avlinger.",http://data.europa.eu/esco/isced-f/0811,dyrking av nyttevekster og dyreoppdrett
KnowledgeSkillCompetence,http://data.europa.eu/esco/skill/4d032f82-6279-48e6-9892-116440a071e3,gi råd om forebygging av forurensning,released,skill/competence,cross-sector,,Gi råd til personer og organisasjoner om utvikling og gjennomføring av tiltak som bidrar til forebygging av forurensning og tilknyttede risikoer.,http://data.europa.eu/esco/skill/045f71e6-0699-4169-8a54-9c6b96f3174d | http://data.europa.eu/esco/skill/062a9fde-cd91-44f9-9a2f-9e2bc3b281fd,gi råd | gi råd om miljøspørsmål
KnowledgeSkillCompetence,http://data.europa.eu/esco/skill/4d30ad07-9e39-4899-81dd-02b280f162f9,bruke systematisk designtenkning,released,skill/competence,cross-sector,bruke systemisk design,"Løse komplekse samfunnsproblemer på en innovativ og bærekraftig måte gjennom en kombinasjon av systemtenkning og menneskesentrert design. Denne fremgangsmåten brukes oftest i praksiser for sosial innovasjon som fokuserer mindre på design av frittstående produkter og tjenester enn på design av komplekse servicesystemer, organisasjoner eller politikk som kan ha verdi for samfunnet som helhet.
	",http://data.europa.eu/esco/skill/103af23e-d56c-47ab-b991-55c94dcdef50,rådgivning og konsultasjon
KnowledgeSkillCompetence,http://data.europa.eu/esco/skill/4e09e2d2-e317-47d2-bf5e-1d6c66be3efc,bygningers energiytelse,released,knowledge,cross-sector,,Faktorer som bidrar til lavere energiforbruk i bygninger. Bygnings- og renoveringsteknikker som brukes for å oppnå dette. Lovgivning og prosedyrer med hensyn til energiytelse for bygninger.,http://data.europa.eu/esco/isced-f/0713,elektrisitet og energi
KnowledgeSkillCompetence,http://data.europa.eu/esco/skill/4e0a7f6e-b546-4cc6-9f8b-53e4fa31a426,designe smartnett,released,skill/competence,sector-specific,,"Designe og beregne smartnettsystemet, basert på varmebelastning, varighetskurver, energisimuleringer osv.
	",http://data.europa.eu/esco/skill/39fa260c-4f85-48e3-83ce-e292e696c233,designe elektriske eller elektroniske system eller utstyr
KnowledgeSkillCompetence,http://data.europa.eu/esco/skill/4e0ba879-1cf3-4260-822b-2c2e3cc5e269,installere vindkraftsystemer på land,released,skill/competence,occupation-specific,montere vindturbiner | inspisere vindturbinutstyr | installere vindturbiner,"Installere systemer som genererer strøm gjennom vindkraftteknologier på land. Montere turbinene på fundamentet, koble til den elektriske tilkoblingen og koble sammen vindparkens strømnett.
	",http://data.europa.eu/esco/skill/52797dce-911c-4e6d-b0cb-491f6469014f | http://data.europa.eu/esco/skill/a7065828-10aa-4aba-b7d4-f23a30df5060,"installere elektrisk og elektronisk utstyr | installere og reparere elektrisitets-, elektro- og presisjonsutstyr"
KnowledgeSkillCompetence,http://data.europa.eu/esco/skill/4e87c852-602a-4a0e-b8d8-20709ce14ac5,vurdere livssyklusen til ressurser,released,skill/competence,sector-specific,,"Vurdere bruken og mulig resirkulering av råstoffer i hele produktets livssyklus. Vurdere gjeldende regler, for eksempel EU-kommisjonens pakke for sirkulær økonomi.
	",http://data.europa.eu/esco/skill/062a9fde-cd91-44f9-9a2f-9e2bc3b281fd,gi råd om miljøspørsmål
KnowledgeSkillCompetence,http://data.europa.eu/esco/skill/4ee4ed1d-dc38-48e0-a9e6-a6b64f316ea6,vannpolitikk,released,knowledge,cross-sector,reguleringer av vannressurser | vannreguleringer | vannressursregulering | innholdet i vannpolitikken | vannregulering | forskrifter om vann | omfang av vannpolitikk | retningslinjer for vann | dekning av vannpolitikk | vannpolitikkens omfang | vannressursforskrifter | vannforskrifter | regulering av vann | forskrift om vannressurser | interessenter i vannpolitikken | politikk vedrørende vann | regulering av vannressurser,"Rammeverket for politikk, strategier, institusjoner og forskrifter angående vann.
	",http://data.europa.eu/esco/isced-f/1021,"vann, avløp og renhold"
KnowledgeSkillCompetence,http://data.europa.eu/esco/skill/4efb00d2-e8b3-4d13-8ab7-70bc7a0a8af9,undersøke mikroklimaer for bygninger,released,skill/competence,sector-specific,undersøke mikroklima | undersøke mikroklima i nær nullutslipp-bygg,"Undersøk egnede løsninger vedrørende mikroklimabetingelser for bygninger for å sikre ansvarlig energiforbruk og termisk komfort. Vurder passive designstrategier som dagslys, passiv kjøling, naturlig kjøling, termisk masse, soloppvarming og annet.
	",http://data.europa.eu/esco/skill/aca5081a-ceb0-4028-9cc5-1daafd4f86f9,utvikle løsninger
KnowledgeSkillCompetence,http://data.europa.eu/esco/skill/4f4ca760-970a-4839-9ce2-ab85ed66772e,kassere avskåret avfallsmateriale,released,skill/competence,cross-sector,,"Kassere potensielt farlig avfall som skapes under kutteprosessen, som spon, skrap og metallklumper, sortere avfallet i henhold til regelverket og rydde opp på arbeidsplassen.",http://data.europa.eu/esco/skill/8bde58aa-9d5b-422b-801c-ff9186dd648e | http://data.europa.eu/esco/skill/73a9561d-112c-4d8a-9d5f-b2c11c5bbd5f,håndtere og kaste farlig avfall | håndtere avfall
KnowledgeSkillCompetence,http://data.europa.eu/esco/skill/4fb7f781-9362-426a-9eb6-65c360f83e31,utføre rengjøringsaktiviteter på en miljøvennlig måte,released,skill/competence,cross-sector,,"Utføre alle rengjøringsoppgaver på en måte som fører til minst mulig skade på miljøet, følge metoder som minsker forurensning og sløsing av ressurser.",http://data.europa.eu/esco/skill/4c3ab565-747c-4db3-8c47-79e8d6f98cf4 | http://data.europa.eu/esco/skill/2aaad52d-599e-4e77-a681-bbc236825821 | http://data.europa.eu/esco/skill/8064ae65-5d1b-44e1-9aaf-246a4285a9a6,bidra til å minske de negative følgene av forbruk | vurdere miljøvirkningen av personlig atferd | overholde lover og standarder for miljøbeskyttelse
KnowledgeSkillCompetence,http://data.europa.eu/esco/skill/4fdcf911-b738-4cf4-80ab-aa5a14d22f73,gjennomføre undersøkelse av skogfornyelse,released,skill/competence,sector-specific,,"Fastsette vedlikehold og distribusjon av frøplanter. Identifisere sykdommer og skader påført av dyr. Utarbeide og fremlegge underretninger, skriftlige planer og budsjetter for gjenplantning av skog.",http://data.europa.eu/esco/skill/3eef7ff2-3ade-41d4-b084-2bd2a3949e1c,vurdere landområde eller eiendom
KnowledgeSkillCompetence,http://data.europa.eu/esco/skill/507e2b21-1285-47e9-bf09-0db794df1bf0,utvikle miljøretningslinjer,released,skill/competence,cross-sector,,Utvikle organisatoriske retningslinjer for bærekraftig utvikling og overholdelse av miljølovgivning i tråd med retningslinjemekanismene som brukes på miljøvernfeltet.,http://data.europa.eu/esco/skill/089ee650-297e-4716-87d1-440743b70a0d | http://data.europa.eu/esco/skill/8ed41305-4abf-4b54-9f8f-0e043d26feba,sikre samsvar med miljølovgivning | utarbeide politiske retningslinjer og lovbestemmelser
KnowledgeSkillCompetence,http://data.europa.eu/esco/skill/509ff122-3546-40a7-ae02-3ee7395b3a76,veitransportlovgivning,released,knowledge,sector-specific,forskrifter innen veitransport | veitransportlovgivningen | lovverket innen veitransport | regulering av veitransport | lovgivning innen veitransport | lovgivning om veitransport,"Regelverket på regionalt, nasjonalt og europeisk nivå i spørsmål om sikkerhet og miljøkrav for veitransportvirksomhet.
	",http://data.europa.eu/esco/isced-f/0421,jus
KnowledgeSkillCompetence,http://data.europa.eu/esco/skill/50a382c6-e848-467d-b156-7a1a3610b522,utvikling av økonomiske prognoser,released,knowledge,cross-sector,,"De økologiske og økonomiske endringene i samfunnet og måten disse faktorene utvikles gjennom tidligere, nåværende og framtidige økonomiske prognoser på.",http://data.europa.eu/esco/skill/88af9294-b697-4687-ae19-aefbb6234dfa | http://data.europa.eu/esco/isced-f/0311,økonomi
KnowledgeSkillCompetence,http://data.europa.eu/esco/skill/50ac5186-bb18-4ffb-9f29-00636853c8ea,designe solenergisystemer,released,skill/competence,sector-specific,spesifisere solenergisystemer | utforme solenergisystemer | solpumpet laser | spesifisering av solenergisystem | utforming av solenergisystemer | skissere PV-systemer | planlegge solenergisystemer | design av solenergisystemer | utforming av solenergisystem,Utvikle designspesifikasjoner for solenergisystemer og deres komponenter. Lage sjekklister for inspeksjon og overvåking av fullførte prosjekter for solenergianlegg.,http://data.europa.eu/esco/skill/c34b06c4-d164-4e49-a784-89d47de42ec2,"designe industrimateriale, -system eller -produkt"
KnowledgeSkillCompetence,http://data.europa.eu/esco/skill/50b7b13a-4e58-43b8-b7c4-edbd09145798,ta vare på dyre- og planteliv,released,skill/competence,occupation-specific,,"Ta vare på dyrelivet, trærne og plantene i skogen og bevare den.",http://data.europa.eu/esco/skill/0171653e-c8e9-4c24-bb86-a4b6fe038f25 | http://data.europa.eu/esco/skill/888f286e-272f-4e54-8a3b-9fa391870618,"bidra til å fremme biologisk mangfold og dyrevelferd | plante, beskjære og høste trær, planter og andre vekster"
KnowledgeSkillCompetence,http://data.europa.eu/esco/skill/50e6eba0-4440-4ba5-bb58-3ee78a96e29b,hydroelektrisitet,released,knowledge,cross-sector,elektrisitet fra vannkraft | vannkraft,"Produksjon av elektrisk kraft gjennom bruk av vannkraft, som anvender gravitasjonskraften ved flytting av vann, og fordelene og de negative aspektene ved bruk av vannkraft som en fornybar energikilde.",http://data.europa.eu/esco/skill/f8413360-6114-40de-a276-c59b764b9913 | http://data.europa.eu/esco/isced-f/0713,fornybare energiteknologier | elektrisitet og energi
KnowledgeSkillCompetence,http://data.europa.eu/esco/skill/51399b1c-15d6-4e4c-8673-30c25a094fce,fremme bærekraftig emballering,released,skill/competence,occupation-specific,,"Bruke sikre og sunne emballeringsprosedyrer, maksimere bruken av resirkulerte eller fornybare kildematerialer, implementere rene produksjonsteknologier.",http://data.europa.eu/esco/skill/4c3ab565-747c-4db3-8c47-79e8d6f98cf4 | http://data.europa.eu/esco/skill/fb01d224-882a-4346-99e2-bfd56f52d09c,"bidra til å minske de negative følgene av forbruk | markedsføring, salg og innkjøp"
KnowledgeSkillCompetence,http://data.europa.eu/esco/skill/51729032-56d3-4092-9dd8-23d6cbd97511,undervise i energiprinsipper,released,skill/competence,sector-specific,,"Undervise studenter i teori og praksis innenfor energi, med mål om å bistå dem med å gjennomføre en framtidig karriere innen dette området, spesielt når det gjelder vedlikehold og reparasjon av kraftanleggs produksjonsprosesser og -utstyr.",http://data.europa.eu/esco/skill/335be43a-3267-400e-b5cb-c9e234dc7544,undervise i akademiske eller yrkesrettede fag
KnowledgeSkillCompetence,http://data.europa.eu/esco/skill/5195eebc-f400-467c-97a3-6f9fbf136169,geotermisk energi,released,knowledge,sector-specific,geotermisk energiteknikk | geotermisk energiteknologi | geotermisk ingeniørteknikk | geotermisk kraftteknikk | geotermisk kraft | geotermisk prosjektering,"Ingeniørfaget fokuserte på geotermiske systemer som utnytter naturlige varmekilder for å produsere fornybar energi.
	",http://data.europa.eu/esco/skill/f8413360-6114-40de-a276-c59b764b9913 | http://data.europa.eu/esco/isced-f/0713,fornybare energiteknologier | elektrisitet og energi
KnowledgeSkillCompetence,http://data.europa.eu/esco/skill/519e5731-4d6c-4f98-938e-0976a202c6ba,behandling av farlig avfall,released,knowledge,cross-sector,,"Metoder som brukes i behandling og avhending av farlig avfall som asbest, farlige kjemikalier og ulike forurensende stoffer samt de gjeldende miljøforskriftene og -lovgivningene.",http://data.europa.eu/esco/isced-f/1021,"vann, avløp og renhold"
KnowledgeSkillCompetence,http://data.europa.eu/esco/skill/5206a9b8-8337-4f0b-ae00-163a2f55d8cf,utføre behandling av avløpsvann,released,skill/competence,cross-sector,,Utføre behandling av avløpsvann i samsvar med forskrifter for biologisk og kjemisk avfall.,http://data.europa.eu/esco/skill/d3b2c894-33fb-47c4-aff0-27935a082bf6,"betjene behandlingssystem eller -utstyr for petroleum, kjemikalier eller vann"
KnowledgeSkillCompetence,http://data.europa.eu/esco/skill/52242966-692f-4a4f-8279-cadbc7874183,inspisere vindturbiner,released,skill/competence,cross-sector,,"Foreta rutinemessige inspeksjoner av vindturbiner ved å klatre på turbinene og grundig kontrollere alle deler for å identifisere eventuelle problemer, og å vurdere om reparasjoner skal gjennomføres.",http://data.europa.eu/esco/skill/6d0cad66-82dd-4854-a03a-68232942c68d,installere deler av tre og metall
KnowledgeSkillCompetence,http://data.europa.eu/esco/skill/5354a726-ee64-4f34-90f8-8436f9f374b8,analysere økologiske data,released,skill/competence,cross-sector,,Analysere og tolke økologiske og biologiske data ved hjelp av spesialprogramvarer.,http://data.europa.eu/esco/skill/36ff57b0-637d-4a83-a0e8-d14f86f9f078 | http://data.europa.eu/esco/skill/ba1f6201-b206-4459-b178-706db34a851d | http://data.europa.eu/esco/skill/57231a22-4da7-49c8-97b8-75672feadf1e | http://data.europa.eu/esco/skill/a571ae14-3e16-4fd3-a615-5646e0b0b696,analysere vitenskapelige data | analysere vitenskapelige og medisinske data | administrere kvantitative data | inspisere data
KnowledgeSkillCompetence,http://data.europa.eu/esco/skill/5368a46a-54b5-4874-a06f-964d557c1cfb,strategier for grøntområder,released,knowledge,cross-sector,,"Myndighetenes syn på hvordan grøntområdet skal brukes. Dette inkluderer målene de ønsker å oppnå, ressurser, metodene, lovverket og tiden som kreves for å nå disse målene. ",http://data.europa.eu/esco/isced-f/0731 | http://data.europa.eu/esco/skill/7f18039d-dfae-471b-9daa-507f6b2d2842,arkitektur og byplanlegging | urban planlegging
KnowledgeSkillCompetence,http://data.europa.eu/esco/skill/538f8bc6-a5bf-422b-8112-5ad3fe9de9a0,urban bærekraft,released,knowledge,sector-specific,urban bærekraftsplanlegging,"Grenen av byplanlegging som tar sikte på å forbedre, sosiale, økonomiske og miljømessige forhold i en by.
	",http://data.europa.eu/esco/isced-f/0731 | http://data.europa.eu/esco/skill/7f18039d-dfae-471b-9daa-507f6b2d2842,arkitektur og byplanlegging | urban planlegging
KnowledgeSkillCompetence,http://data.europa.eu/esco/skill/53af2b85-fac4-4c3f-afe2-44aa4a545ff3,administrere elver og bekker,released,skill/competence,occupation-specific,beskyttelse av elver og bekker | elve- og bekkforvaltning | forvaltning av elver og bekker | beskytte elver og bekker | restaurere bekk | vern av elver og bekker | restaurere bekker,Beskytte og administrere elver og bekker som leveområder for ørret og laks.,http://data.europa.eu/esco/skill/8064ae65-5d1b-44e1-9aaf-246a4285a9a6,overholde lover og standarder for miljøbeskyttelse
KnowledgeSkillCompetence,http://data.europa.eu/esco/skill/53d89f4e-c819-490d-ad32-fed731f32639,undersøke steder for offshore-vindparker,released,skill/competence,sector-specific,vurdere steder for offshore energianlegg,"Gjennomføre undersøkelser på stedet og bruke oseanografisk informasjon for å evaluere forskjellige steder som kan være egnede for bygging av offshore-vindparker, samt gjennomføre oppfølgende undersøkelser på stedet for å bistå i utviklingen av byggeplaner.
	",http://data.europa.eu/esco/skill/3eef7ff2-3ade-41d4-b084-2bd2a3949e1c,vurdere landområde eller eiendom
KnowledgeSkillCompetence,http://data.europa.eu/esco/skill/5483c363-e942-4787-8686-0f29c593357f,unngå kontaminering,released,skill/competence,cross-sector,,Unngå blanding eller kontaminering av materialer.,http://data.europa.eu/esco/skill/fe317a4c-e4e0-45ee-8b0d-204a68014f9e,beskytte og håndheve
KnowledgeSkillCompetence,http://data.europa.eu/esco/skill/54c8490d-067a-40f1-96ca-4960a30d6eb5,delta som observatør i ulike typer revisjoner i matsektoren,released,skill/competence,sector-specific,,"Delta som observatør i revisjoner for effektivitet, sikkerhet, miljø, kvalitet og mattrygghet på en regelmessig basis.",http://data.europa.eu/esco/skill/802deca0-b880-4d1a-b366-e13b27621baf,følge driftsrutiner
KnowledgeSkillCompetence,http://data.europa.eu/esco/skill/55116536-a3e0-4c32-818d-cc567fd3023e,minimere risiko ved arbeid på trær,released,skill/competence,sector-specific,vurdere farer forbundet med treoperasjoner | vurdere implisitte farer ved treoperasjoner | vurdere treoperasjoner for underforståtte farer | vurdere implisitte farer i treoperasjoner | evaluering av underforståtte farer ved treoperasjoner | vurdering av treoperasjoner for underforståtte farer | vurdering av farer som følger med treoperasjoner | utføre trygge treoperasjoner | evaluere treoperasjoner for underliggende farer | vurdere underforståtte farer i treoperasjoner | utføre sikre treoperasjoner | vurdere underforståtte farer ved treoperasjoner,"Vurdere risikoer og farer, utføre effektive tiltak for å redusere risikoene og for å tilbakeføre trær til deres originale tilstand, eller plante nye trær.
	",http://data.europa.eu/esco/skill/1f2950c0-ef1e-44b4-9a55-125ccd7b78af,analyse og evaluering av informasjon og data
KnowledgeSkillCompetence,http://data.europa.eu/esco/skill/555343c3-e580-4b3d-82dc-51af4e1b3b75,definere energiprofiler,released,skill/competence,sector-specific,bestemme energiprofiler | beregne energiprofiler,"Definere energiprofilen til bygninger. Dette inkluderer å identifisere energibehovet og -tilførselen til bygningen og lagringskapasiteten.
	",http://data.europa.eu/esco/skill/7dd94ad3-13d6-43fe-8b94-51fcbf67ced9 | http://data.europa.eu/esco/skill/1f2950c0-ef1e-44b4-9a55-125ccd7b78af,tenke kritisk | analyse og evaluering av informasjon og data
KnowledgeSkillCompetence,http://data.europa.eu/esco/skill/55a4ae74-45e3-4f5c-8646-17149edfbddb,drive økologisk forskning,released,skill/competence,cross-sector,,"Drive økologisk og biologisk forskning på området og under kontrollerte forhold, ved bruk av vitenskapelige metoder og utstyr.",http://data.europa.eu/esco/skill/7eafec38-621a-4b6e-9298-bfe70ec0b253,utføre akademiske undersøkelser eller markedsundersøkelser
KnowledgeSkillCompetence,http://data.europa.eu/esco/skill/5641a2af-9eb2-4209-9fc6-856f78f2d2f2,forurensningslovgivning,released,knowledge,sector-specific,,Være fortrolig med europeisk og nasjonal lovgivning om risikoen for forurensning.,http://data.europa.eu/esco/isced-f/0421,jus
KnowledgeSkillCompetence,http://data.europa.eu/esco/skill/564e86a6-0916-44e6-b3d6-d99bc0c1f194,redusere miljøpåvirkningen av rørledningsprosjekter,released,skill/competence,cross-sector,,"Strebe for å redusere miljøpåvirkningen av rørledninger og det som transporteres i dem. Bruke tid og ressurser på å ta hensyn til miljøpåvirkningen av rørledninger, hvilke tiltak som kan utføres for å verne miljøet og den potensielle kostnadsøkningen i prosjektet.",http://data.europa.eu/esco/skill/d3a8ef9c-8572-438c-91dc-010537070be3 | http://data.europa.eu/esco/skill/e541c69c-ea80-4b17-87cb-4001d0b9d303 | http://data.europa.eu/esco/skill/8064ae65-5d1b-44e1-9aaf-246a4285a9a6,håndtere miljøpåvirkning | vurdere miljøpåvirkning | overholde lover og standarder for miljøbeskyttelse
KnowledgeSkillCompetence,http://data.europa.eu/esco/skill/585593ef-d0a3-47a2-82da-14f26d75d83e,biosikkerhet i biomedisinsk laboratorium,released,knowledge,sector-specific,,"Prinsipper og metoder for håndtering av smittsomme materialer i laboratoriemiljøet, bionivåer, klassifisering og risikovurdering, patogenitet og giftighet hos levende organismer og deres mulige farer for å redusere risikoen for menneskers helse og miljøet mest mulig.",http://data.europa.eu/esco/skill/8259c2c0-2749-41e2-a4a8-4a64a76eab37 | http://data.europa.eu/esco/isced-f/0512 | http://data.europa.eu/esco/skill/01e66e1c-97d9-4829-bee1-f3ab649161e8,laboratorieteknikker | biokjemi | biomedisinsk vitenskap
KnowledgeSkillCompetence,http://data.europa.eu/esco/skill/589f0d24-0846-4971-bc6c-a42bb274f69a,lufttett konstruksjon,released,knowledge,sector-specific,lufttetthet,"Lufttett konstruksjon sikrer at det ikke er utilsiktede mellomrom i bygningers klimaskjermsystem som gjør at luft lekker inn i eller ut av bygningen, og bidrar i så måte til energiytelsen.
	",http://data.europa.eu/esco/skill/83fc0b2b-6cd2-46af-b1ff-d3fc83604c26 | http://data.europa.eu/esco/isced-f/0732,energieffektivitet | bygg og anlegg
KnowledgeSkillCompetence,http://data.europa.eu/esco/skill/58c089ab-338b-4e4c-8117-7c1fcc89af69,administrere donerte varer i bruktbutikk,released,skill/competence,occupation-specific,,Koordinere donerte varer i en bruktbutikk. Velge hvilke gjenstander som skal resirkuleres eller selges.,http://data.europa.eu/esco/skill/485b2e3b-f883-46d8-901f-ab521d4f8e58,sortere materialer eller produkter
KnowledgeSkillCompetence,http://data.europa.eu/esco/skill/59004ee8-3975-4877-bf82-ff0b8070ef28,implementere miljøhandlingsplaner,released,skill/competence,sector-specific,,"Implementere planer for håndtering av miljøspørsmål i prosjekter, inngrep i naturen, selskaper og annet.",http://data.europa.eu/esco/skill/4c3ab565-747c-4db3-8c47-79e8d6f98cf4 | http://data.europa.eu/esco/skill/089ee650-297e-4716-87d1-440743b70a0d | http://data.europa.eu/esco/skill/b13e0689-636d-42d0-86c3-df9d6f85a882 | http://data.europa.eu/esco/skill/a6c3bda0-c759-495e-b2c5-062b3abe2097,bidra til å minske de negative følgene av forbruk | sikre samsvar med miljølovgivning | forvalte miljøstyringssystem | implementere nye prosedyrer og prosesser
KnowledgeSkillCompetence,http://data.europa.eu/esco/skill/5944cee9-763e-4b08-99e4-f514bdde14a6,farlige avfallstyper,released,knowledge,cross-sector,,"De forskjellige typer avfall som utgjør en risiko for miljøet eller menneskers helse og sikkerhet, f.eks. radioaktivt avfall, kjemikalier og løsemidler, elektronikk og avfall som inneholder kvikksølv.",http://data.europa.eu/esco/isced-f/1021,"vann, avløp og renhold"
KnowledgeSkillCompetence,http://data.europa.eu/esco/skill/59998878-fa14-458a-9085-06b45e89df1b,typer varmepumper,released,knowledge,sector-specific,varmepumpeanlegg,"Ulike typer varmepumper, som brukes til å produsere varme, kjøling og varmt tappevann, og som bruker en energikilde med lav temperatur og varmer den opp.
	",http://data.europa.eu/esco/isced-f/0713,elektrisitet og energi
KnowledgeSkillCompetence,http://data.europa.eu/esco/skill/5aec5b83-df71-483e-90b9-21e56a0a3cb2,måle forurensning,released,skill/competence,sector-specific,,"Utføre målinger av forurensning for å avgjøre om de fastsatte grenseverdiene for forurensende stoffer overholdes. Kontrollere fyringssystemer og eksosrør for varmepumpeanlegg, varmeanlegg og lignende utstyr.",http://data.europa.eu/esco/skill/ab75d510-ac75-482d-b671-bb3bad741f07 | http://data.europa.eu/esco/skill/23d7bd85-d8d5-4455-b64d-3b0998f2425d,utføre arbeidsrelaterte målinger | ta mål av dimensjoner og relaterte egenskaper
KnowledgeSkillCompetence,http://data.europa.eu/esco/skill/5b06c369-10db-477d-a8df-987179324001,administrere vanndistribusjonsprosedyrer,released,skill/competence,sector-specific,,"Sikre at forsyningssystemene opprettholdes, og at driften skjer effektivt og i samsvar med reglene for å sikre korrekt distribusjon og forsyning av vann fra anlegget.",http://data.europa.eu/esco/skill/58bd927f-e4cc-4b61-a679-cb91b3f8075a,følge instruksjoner og prosedyrer
KnowledgeSkillCompetence,http://data.europa.eu/esco/skill/5b91b6d4-345e-4195-a078-218514871e7b,sikre effektiv utnyttelse av lagerplass,released,skill/competence,sector-specific,,"Sikre effektiv bruk av lagerplassen og best mulig effektivitet, samtidig som miljø- og budsjettmål skal nås.",http://data.europa.eu/esco/skill/8c5d6b8a-55c9-4f5d-8d47-bf23e15ecb71 | http://data.europa.eu/esco/skill/c23e0a2f-f04b-45bc-b0dd-20571f6b502c,administrere plassutnyttelse | utarbeide retningslinjer og rutiner for drift
KnowledgeSkillCompetence,http://data.europa.eu/esco/skill/5be72e00-e506-45ca-a251-b59500d7fca7,beskytte villmarksområder,released,skill/competence,occupation-specific,,Beskytte villmarksområder ved å overvåke bruk og håndheving av reglene.,http://data.europa.eu/esco/skill/8064ae65-5d1b-44e1-9aaf-246a4285a9a6,overholde lover og standarder for miljøbeskyttelse
KnowledgeSkillCompetence,http://data.europa.eu/esco/skill/5bf756dd-a54a-47cd-80fe-3418fedd1c51,beregne solcellepanelretning,released,skill/competence,cross-sector,spore solcellepanelets orientering | beregn solpanelposisjonering | beregne solcellepanelinnretting | beregninger for solcellepanelorientering | beregning av solcellepanelorientering | beregne solcellepanelposisjonering | bestemme solcellepanelets orientering | beregne solcellepanelets helning | beregne solcellepanelorientering | beregne helling for solpaneler | beregning for solcellepanelorientering | beregn solpaneljustering,"Beregne optimal plassering av solcellepaneler. Ta hensyn til lengdegraden, isolasjonsverdier, sørlig retning og plassering av strukturer som kan kaste skygge, for å finne den beste plasseringen og hellingen for panelene.",http://data.europa.eu/esco/skill/7832b684-580c-4eaf-a8b3-322164b041ab | http://data.europa.eu/esco/skill/19ba11f3-9c99-41fd-a7c9-f77e6a026186 | http://data.europa.eu/esco/skill/f5f15f9c-6334-4728-8dc5-3a20a00dfc37,oppgi informasjon om solcellepaneler | utføre beregninger | foreta kalkulasjoner
KnowledgeSkillCompetence,http://data.europa.eu/esco/skill/5bf97b49-74b4-4d4d-9d07-5b51ab1cd704,utvikle naturprogrammer,released,skill/competence,occupation-specific,,Utdanne fellesskapet og svare på forespørsler om hjelp og informasjon om områdets dyreliv.,http://data.europa.eu/esco/skill/c23e0a2f-f04b-45bc-b0dd-20571f6b502c,utarbeide retningslinjer og rutiner for drift
KnowledgeSkillCompetence,http://data.europa.eu/esco/skill/5cddc62d-3958-4390-b17e-0aecb5848c40,avhende kloakkslam,released,skill/competence,cross-sector,,Betjene utstyr for å pumpe kloakk og lagre den i beholderen slik at gassen omdannes til energi. Deretter tørke slammet og bestemme om det kan brukes som gjødsel. Kassere slammet hvis det inneholder farlige stoffer.,http://data.europa.eu/esco/skill/8bde58aa-9d5b-422b-801c-ff9186dd648e,håndtere og kaste farlig avfall
KnowledgeSkillCompetence,http://data.europa.eu/esco/skill/5def6d00-daed-4d21-af9e-47938cf1877f,bærekraftig bygningsdesign,released,knowledge,occupation-specific,bærekraftig bygg,"Prosessen med å skape bygninger med lavest mulig innvirkning på miljøet. Det tar også sikte på å forbedre helsen til beboerne i en bygning.
	",http://data.europa.eu/esco/isced-f/0731,arkitektur og byplanlegging
KnowledgeSkillCompetence,http://data.europa.eu/esco/skill/5dfd1b83-8b77-444b-94cd-72f8e13472fa,lovgivning i landbruket,released,knowledge,cross-sector,,"Organ i regional, nasjonal og europeisk lovgivning som er vedtatt på området for landbruk og skogbruk med hensyn til ulike spørsmål som produktkvalitet, miljøvern og handel.",http://data.europa.eu/esco/isced-f/0421,jus
KnowledgeSkillCompetence,http://data.europa.eu/esco/skill/5e80353d-53ed-4e64-a5ff-0e3ec52156fa,dirigere logistiske funksjoner,released,skill/competence,sector-specific,styre logistiske funksjoner for produktlivssykluser | styre logistiske funksjoner for lagerlivssykluser | styre logistiske funksjoner for varelivssykluser,"Koordinere logistikkoperasjoner i forbindelse med produktlivssyklus, som distribusjon, levering og kassering av produkter eller ressurser.",http://data.europa.eu/esco/skill/d6c8dacb-b0c0-4544-b0b7-69b24df41ba1,administrere transport og logistikk
KnowledgeSkillCompetence,http://data.europa.eu/esco/skill/5efdcf3b-9c19-4b1c-ac41-7347493da37d,lagre sortert avfall,released,skill/competence,sector-specific,,"Lagre avfall, produkter og apparater som er sortert i separate kategorier for resirkulering eller disponering i egnede containere og lagringsutstyr eller anlegg.",http://data.europa.eu/esco/skill/e963cf1f-dc3c-48b2-a0fa-274f5e7f50f6,lagre varer og materialer
KnowledgeSkillCompetence,http://data.europa.eu/esco/skill/5f1f365c-ad8c-4291-9ba5-79e2132a334d,brenselcelletyper,released,knowledge,cross-sector,,"Brenncellefunksjonaliteter og -typer. Det inkluderer driftsforholdene for brenselceller og mulige relaterte problemer.
	",http://data.europa.eu/esco/isced-f/0714,elektronikk og automasjon
KnowledgeSkillCompetence,http://data.europa.eu/esco/skill/60032986-43ac-4c26-a830-c825f3fa205a,designe systemer for fjernvarme og -kjøling,released,skill/competence,sector-specific,utforme fjernvarme og -kjølesystem,"Design et fjernvarme og -kjølingssystem, inkludert beregninger av varmetap og kjølebelastning, fastsettelse av kapasitet, strømning, temperaturer, hydrauliske konsepter osv.
	",http://data.europa.eu/esco/skill/39fa260c-4f85-48e3-83ce-e292e696c233,designe elektriske eller elektroniske system eller utstyr
KnowledgeSkillCompetence,http://data.europa.eu/esco/skill/60097ab6-722e-4a22-9f3e-40aecb24daef,økologiske byggematerialer,released,knowledge,sector-specific,,Typer og behandling av økologiske materialer for å bygge produkter eller deler av produkter.,http://data.europa.eu/esco/skill/e26e07ca-4a35-42e3-940d-e5868fd38fba | http://data.europa.eu/esco/isced-f/0732,byggevareindustrien | bygg og anlegg
KnowledgeSkillCompetence,http://data.europa.eu/esco/skill/609d6bb4-db16-4578-87fc-57b11a701cc2,bioøkonomi,released,knowledge,cross-sector,bioraffineri | biotekonomi | bioraffinerier | biobasert økonomi,"Produksjon av fornybare biologiske ressurser og konvertering av disse ressursene og avfallsstrømmene til verdiskapende produkter, for eksempel mat, fôr, biobaserte produkter og bioenergi.
	",http://data.europa.eu/esco/isced-f/051,biologi og relaterte studier
KnowledgeSkillCompetence,http://data.europa.eu/esco/skill/60ab2bf7-c812-4a88-86c0-7c81a9b2f77c,gjennomføre miljørevisjoner,released,skill/competence,cross-sector,,Bruke utstyr for å måle ulike miljøparametere for å identifisere miljøproblemer og undersøke hvordan de kan løses. Gjennomføre inspeksjoner for å sikre at miljølovgivningen overholdes.,http://data.europa.eu/esco/skill/4c3ab565-747c-4db3-8c47-79e8d6f98cf4 | http://data.europa.eu/esco/skill/8064ae65-5d1b-44e1-9aaf-246a4285a9a6,bidra til å minske de negative følgene av forbruk | overholde lover og standarder for miljøbeskyttelse
KnowledgeSkillCompetence,http://data.europa.eu/esco/skill/60c4cdfa-1aa3-452d-a989-10fd61706911,europeisk pesticidlovgivning,released,knowledge,sector-specific,,EUs rammeverk for samfunnsaksjoner som fremmer bærekraftig bruk av pesticider.,http://data.europa.eu/esco/skill/fbf53f87-9192-4a7f-b3c9-92a8c395c719 | http://data.europa.eu/esco/isced-f/0421,EU-lovgivningen | jus
KnowledgeSkillCompetence,http://data.europa.eu/esco/skill/610ccf09-e9f2-4268-bb93-442dde5bf26e,gi råd om emner innen fornybar energi offshore,released,skill/competence,cross-sector,gi råd om grønn offshore energi,"Gi informasjon og råd om maritim lovgivning, retningslinjer for energisektoren og eventuelt spesifikke forskrifter som gjelder for fornybar energi offshore.
	",http://data.europa.eu/esco/skill/efbb3d3b-a41c-4e0a-90a8-8e611eb1db9f,"gi råd om juridiske, regulatoriske eller prosessuelle forhold"
KnowledgeSkillCompetence,http://data.europa.eu/esco/skill/615cfc39-797f-4229-8e92-159fcf8f3030,byggforskrifter,released,knowledge,cross-sector,,Retningslinjer som bestemmer minstestandardene for bygninger og andre konstruksjoner for å verne menneskers helse og sikkerhet.,http://data.europa.eu/esco/isced-f/0732,bygg og anlegg
KnowledgeSkillCompetence,http://data.europa.eu/esco/skill/62685d7a-a8be-4070-89e9-8699ad1201b6,økologiske prinsipper,released,knowledge,cross-sector,,Forståelsen av hvordan et økosystem fungerer og dets forhold til miljøplanlegging og utforming.,http://data.europa.eu/esco/isced-f/0521,miljøvitenskap
KnowledgeSkillCompetence,http://data.europa.eu/esco/skill/6385444a-2e10-41c9-9a65-88455655543d,fremme entusiasme for naturen,released,skill/competence,cross-sector,,Utløse en lidenskap for de naturlige egenskapene til fauna og flora og det menneskelige samspillet med dem.,http://data.europa.eu/esco/skill/7f321b88-3d16-4e30-8163-5494ca8ce978 | http://data.europa.eu/esco/skill/e2d44a9b-f28c-489e-9861-b654b5ded507 | http://data.europa.eu/esco/skill/caede8f1-6658-4d78-9eb4-2ad2c7ebf09b,engasjere andre i en miljøvennlig livsstil | motivere andre | undervisning og opplæring
KnowledgeSkillCompetence,http://data.europa.eu/esco/skill/63e92f65-e70d-421e-94ac-40f944966161,fremme etisk kosthold,released,skill/competence,sector-specific,oppmuntre til etisk spising | stimulere til etisk ernæringsadferd | oppmuntre til etisk kosthold,"Kjempe for og fremme etiske hensyn i matvalg og ernæringsatferd hos forbrukere, knyttet til blant annet beskyttelse av miljøet, matmangel og knapphet på ressurser og dyrevelferd.
	",http://data.europa.eu/esco/skill/efb60300-0d55-4b2c-8038-8409587a4727,"fremme produkter, tjenester og ordninger"
KnowledgeSkillCompetence,http://data.europa.eu/esco/skill/63eee3cc-9864-485e-bb95-5daa145d0c78,lære om farlig avfall,released,skill/competence,sector-specific,opplyse om farlig avfall,"Gi offentligheten eller enkeltorganisasjoner opplæring i viktigheten av korrekt håndtering av farlig avfall for å fremme offentlig sikkerhet, sikre overholdelse av regelverket og øke bevisstheten om de ulike typene farlig avfall og trusselen mot folkehelsen, sikkerheten og miljøet.",http://data.europa.eu/esco/skill/3374fb57-056f-49e0-9fc5-000465e13794,undervise i sikkerhetsrutiner
KnowledgeSkillCompetence,http://data.europa.eu/esco/skill/63f9a5bc-f070-46a6-bea7-c6b9e9dbacc3,klimaskjermsystemer for bygninger,released,knowledge,sector-specific,konvoluttsystemer | konvoluttsystemer for nzeb,"Klimaskjermsystemenes fysiske egenskaper og begrensninger for bygninger. Varmeoverføringsprinsippet i klimaskjermsystemet.
	",http://data.europa.eu/esco/skill/46454506-fb7c-4ad7-84e0-d4a6a5589ea1 | http://data.europa.eu/esco/isced-f/0731,design av nullenergibygg | arkitektur og byplanlegging
KnowledgeSkillCompetence,http://data.europa.eu/esco/skill/64091c5d-a448-4f01-8a80-058ff91483ab,installere fornybare offshore-energisystemer,released,skill/competence,sector-specific,installere marine fornybare energisystemer,"Installere systemer som genererer elektrisk energi gjennom fornybar energiteknologi offshore; sikre samsvar med forskrifter og korrekt installasjon av strømsystemet.
	",http://data.europa.eu/esco/skill/a7065828-10aa-4aba-b7d4-f23a30df5060,"installere og reparere elektrisitets-, elektro- og presisjonsutstyr"
KnowledgeSkillCompetence,http://data.europa.eu/esco/skill/6561f116-70de-47d8-80b8-f0e2a1d2cf11,utføre forhåndsvurdering av soloppvarming,released,skill/competence,sector-specific,gjøre en mulighetsstudie om solvarmeanlegg | gjennomføre mulighetsstudie om solvarmeanlegg,"Utføre evaluering og vurdering av potensialet til systemer for soloppvarming. Utføre en standardisert studie for å anslå varmetapet i bygningen og oppvarmingsbehovet, etterspørselen etter varmtvann i bygningen, det nødvendige lagringsvolumet og mulige typer lagringstank, og foreta undersøkelser for å støtte beslutningsprosessen.
	",http://data.europa.eu/esco/skill/d74df140-eb69-43e2-bac9-1cafc824d702 | http://data.europa.eu/esco/skill/ec528c47-65f4-4187-9dc1-5a8889f84a06,gjennomføre mulighetsstudie | analysere forretningsvirksomheter
KnowledgeSkillCompetence,http://data.europa.eu/esco/skill/66c88f8d-b73e-4f9d-8cf3-15d9c68b5384,identifisere risiko innen akvakulturanlegg,released,skill/competence,sector-specific,,Identifisere farene og evaluere risikoene for helse og sikkerhet i akvakulturanlegg.,http://data.europa.eu/esco/skill/7e153e1d-2b12-43ad-89f3-0cf82ebc4a30 | http://data.europa.eu/esco/skill/d2d9051a-10e1-41c5-9cfb-bbdc58016176 | http://data.europa.eu/esco/skill/5f97fac8-2001-4b81-ae8b-22f9062d921a,utføre risikoanalyse og -styring | følge sikkerhetsforholdsregler innen arbeidspraksis | identifisere farer på arbeidsplassen
KnowledgeSkillCompetence,http://data.europa.eu/esco/skill/66db424f-2abe-420d-8e5b-186607266b61,forretningsrelatert samfunnsansvar,released,knowledge,sector-specific,,"Håndtere eller administrere forretningsprosesser på en ansvarlig og etisk måte, der det økonomiske ansvaret overfor interessenter er like viktig som ansvaret overfor miljømessige og sosiale interessenter.",http://data.europa.eu/esco/isced-f/0413,ledelse og administrasjon
KnowledgeSkillCompetence,http://data.europa.eu/esco/skill/66dbdb89-74ca-45b7-b8af-2479fc0e22c0,administrere dyrevelferd,released,skill/competence,sector-specific,,"Planlegge, administrere og evaluere bruken av fem universelt anerkjente dyrevelferdsbehov som er nødvendige for arter, situasjon og eget yrke.",http://data.europa.eu/esco/skill/936bac96-56cf-4a5a-a693-3cf69715c06e | http://data.europa.eu/esco/skill/d2d9051a-10e1-41c5-9cfb-bbdc58016176 | http://data.europa.eu/esco/skill/edcfd6ef-1a42-4e0a-97e2-2a2d61cac181,overvåke dyrehold | følge sikkerhetsforholdsregler innen arbeidspraksis | ta seg av og ale opp dyr
KnowledgeSkillCompetence,http://data.europa.eu/esco/skill/6709e92c-7546-46a4-aa57-5e951bd4cb0f,byggautomasjon,released,knowledge,cross-sector,,"Type automatisk kontrollsystem der kontrollen av en bygnings ventilasjon, fuktighet, oppvarming, lys og andre systemer automatiseres på en sentralisert plassering og overvåkes gjennom elektroniske systemer med et bygningsadministrasjonssystem eller byggautomasjonssystem (BAS). Kan stilles inn for å optimere energiforbruket.
	",http://data.europa.eu/esco/isced-f/0714,elektronikk og automasjon
KnowledgeSkillCompetence,http://data.europa.eu/esco/skill/670ebf56-761c-4d3d-865a-db14085b77f7,anvende prosedyrer og forskrifter for økomerking,released,skill/competence,sector-specific,,"Identifisere, velge og bruke prosedyrer og forskrifter for å bekrefte overholdelsen av spesifikke krav til EUs økomerking.
	",http://data.europa.eu/esco/skill/54f7432d-a8b6-4ed4-a50e-9ec882320595 | http://data.europa.eu/esco/skill/6fcf2fc7-7b74-42e5-845f-f5854fd44f37,"overvåking, inspeksjon og testing | sikre korrekt varemerking"
KnowledgeSkillCompetence,http://data.europa.eu/esco/skill/6742977a-aa00-4c8c-9861-898b0373907e,gi råd om retningslinjer for bærekraftig forretningsledelse,released,skill/competence,cross-sector,,"Bidra i planleggingen og utviklingen av retningslinjer for bærekraftig administrasjon, inkludert innspill i vurderinger av miljøpåvirkning.
	",http://data.europa.eu/esco/skill/4c3ab565-747c-4db3-8c47-79e8d6f98cf4 | http://data.europa.eu/esco/skill/469e19ed-a0bd-445a-ae2d-4ba9430e296b | http://data.europa.eu/esco/skill/062a9fde-cd91-44f9-9a2f-9e2bc3b281fd,bidra til å minske de negative følgene av forbruk | fremme bærekraft | gi råd om miljøspørsmål
KnowledgeSkillCompetence,http://data.europa.eu/esco/skill/6825a7dd-c2da-40fa-b745-508ff20ee293,vedlikehold av naturområder,released,knowledge,sector-specific,,"Metoder for å opprettholde ressursene (både naturlige og konstruerte) i naturlige områder, inkludert programutvikling og -implementering.",http://data.europa.eu/esco/isced-f/0522,naturlig miljø og vilt
KnowledgeSkillCompetence,http://data.europa.eu/esco/skill/6853886b-ebc5-4b91-98af-9a4ecca803bd,vindturbintyper,released,knowledge,cross-sector,typer av vindturbiner | vannrett vindturbin | typer vindturbiner | horisontal vindturbin | vertikal vindturbin | vindturbiner,"De to hovedtypene av vindturbiner, det vil si de som roterer langs en vannrett eller de som roterer langs en loddrett akse, og deres undertyper. Egenskapene og bruksområdene for hver av dem.",http://data.europa.eu/esco/isced-f/0713,elektrisitet og energi
KnowledgeSkillCompetence,http://data.europa.eu/esco/skill/68d5d7e2-1e9e-4b2b-bce9-ff6c687e4f45,utvikle kloakknettverk,released,skill/competence,sector-specific,,Utvikle systemer og metoder for konstruksjon og installasjon av transport av avløpsvann og behandlingsutstyr som brukes til å transportere avløpsvann fra boliger og anlegg gjennom vannbehandlingsanlegg eller andre kloakksystemer for å sikre korrekt deponering eller gjenvinning. Utvikle slike systemer med hensyn til miljø og bærekraft.,http://data.europa.eu/esco/skill/b2c688b0-9106-466d-8b88-eafdfe608e7d,designe strukturer eller fasiliteter
KnowledgeSkillCompetence,http://data.europa.eu/esco/skill/68e8e227-b843-4f2b-8572-9cbe63aada3a,spesifisere landskapsdesignkomponenter,released,skill/competence,sector-specific,,"Lage komponenter og materialer som er relevante for anlegget, formålet og forventet bruk. Anbefale planter og materialer som passer til planen og budsjettet.",http://data.europa.eu/esco/skill/a556a3db-cd48-42a5-825c-f95f6f5ccbfe,skape visuelle utstillinger og dekorasjoner
KnowledgeSkillCompetence,http://data.europa.eu/esco/skill/691c7db6-bad8-4a09-a3c4-4bf799375a35,bærekraftige prinsipper for jordbruksproduksjon,released,knowledge,sector-specific,prinsipper for økologisk landbruksproduksjon | vilkår for bærekraftig landbruksproduksjon | omfanget av økologiske landbruksproduksjonsprinsipper | vilkår for økologisk landbruksproduksjon | betingelser for økologisk landbruksproduksjon | omfanget av økologiske landbruksproduksjonsforhold,"Prinsipper og betingelser for økologisk og bærekraftig jordbruksproduksjon.
	",http://data.europa.eu/esco/isced-f/0811,dyrking av nyttevekster og dyreoppdrett
KnowledgeSkillCompetence,http://data.europa.eu/esco/skill/6962058d-9808-4820-a6bc-d7cabce60cde,implementere bærekraftige innkjøp,released,skill/competence,sector-specific,grønne offentlige anskaffelser | sosialt ansvarlige offentlige anskaffelser,"Inkorporere strategiske offentlige politikkmål i innkjøpsprosedyrer, slik som anskaffelse av miljøvennlige offentlige tjenester (MOT) og sosialt ansvarlige offentlige innkjøp (SAOI). Bidra til å redusere miljøpåvirkningen av innkjøp, oppnå sosiale mål og få mer valuta for pengene, for organisasjonen og for samfunnet generelt.
	",http://data.europa.eu/esco/skill/469e19ed-a0bd-445a-ae2d-4ba9430e296b | http://data.europa.eu/esco/skill/efb60300-0d55-4b2c-8038-8409587a4727,"fremme bærekraft | fremme produkter, tjenester og ordninger"
KnowledgeSkillCompetence,http://data.europa.eu/esco/skill/6af000e5-a451-4f78-9feb-723971f2ad05,utvikle vannrensemetoder,released,skill/competence,cross-sector,,"Utarbeide strategier for utvikling og bruk av utstyr og planer for vannrensing ved å hjelpe til med å designe utstyr, planlegge renseprosedyrer og identifisere nødvendige tiltak og potensielle risikoer.",http://data.europa.eu/esco/skill/7a8fb784-67fa-41e9-a75c-6b491d91f800 | http://data.europa.eu/esco/skill/c34b06c4-d164-4e49-a784-89d47de42ec2,"utvikle strategi for å løse problemer | designe industrimateriale, -system eller -produkt"
KnowledgeSkillCompetence,http://data.europa.eu/esco/skill/6b41fcd8-85eb-4b27-b409-05ffcc663a3d,forebygge forurensning til sjøs,released,skill/competence,sector-specific,,Organisere og overvåke miljøvern ved å bruke reglene for forebygging av forurensning til sjøs.,http://data.europa.eu/esco/skill/8064ae65-5d1b-44e1-9aaf-246a4285a9a6,overholde lover og standarder for miljøbeskyttelse
KnowledgeSkillCompetence,http://data.europa.eu/esco/skill/6b5d032a-b85a-44ea-9dad-5201048d2dd2,utvikle flomutbedringsstrategier,released,skill/competence,cross-sector,,"Utvikle planer og utstyr for forebygging av flom og effektiv bistand ved flom ved å vurdere risikoene, identifisere forbedringer i eksisterende strategier og utforme nye strategier for tiltak ved flom.",http://data.europa.eu/esco/skill/164510d1-1216-4dc0-b9d1-a7f6af19e469 | http://data.europa.eu/esco/skill/7a8fb784-67fa-41e9-a75c-6b491d91f800,utvikle beredskaps- og responsplaner | utvikle strategi for å løse problemer
KnowledgeSkillCompetence,http://data.europa.eu/esco/skill/6c2182f9-9068-42e8-8855-31252d62fbb0,økoturisme,released,knowledge,sector-specific,,"Praksisen med bærekraftig reise til naturlige områder som bevarer og støtter det lokale miljøet, og som fremmer miljø- og kulturforståelse. Den involverer vanligvis observasjon av naturlig dyreliv i eksotiske, naturlige miljøer.
	",http://data.europa.eu/esco/isced-f/0521,miljøvitenskap
KnowledgeSkillCompetence,http://data.europa.eu/esco/skill/6c6daac0-80f5-431f-a33f-c5b722094657,energilagringssystemer,released,knowledge,cross-sector,energilagring | batterityper | lagring av energi | superkondensatorer,"Systemene som lagrer energi produsert for bruk på et senere tidspunkt. Dette inkluderer forskjellene mellom hovedbatteritypene, superkondensatorer og hydrogen- eller drivstofftanker.
	",http://data.europa.eu/esco/isced-f/0713,elektrisitet og energi
KnowledgeSkillCompetence,http://data.europa.eu/esco/skill/6d355a4e-d9b6-4a24-a79b-30176e15589e,drikkefiltreringsprosesser,released,knowledge,sector-specific,,"Sikker og økonomisk metode for å fjerne urenheter fra matprodukter og utvide holdbarheten. Viktigheten av forurensningskontroll og hvordan det bidrar til at produkter får høy kvalitet, betydelig reduksjon av avfall og minimal mengde produktsvinn.",http://data.europa.eu/esco/skill/f3c3e51d-f4dc-49a8-8725-2a2d3160446e | http://data.europa.eu/esco/skill/dc57f705-75b6-4232-b531-1f020afa0364 | http://data.europa.eu/esco/isced-f/0721 | http://data.europa.eu/esco/skill/c2fb860d-7866-4909-9eaf-0a2af58b24a3,prosesser innen matvare- og drikkevareproduksjon | næringsmiddelindustrien | matproduksjon | drikkeproduksjonsprosess
KnowledgeSkillCompetence,http://data.europa.eu/esco/skill/6d53015b-6867-408f-8f3a-4eb9d5dae101,vedlikeholde plantejordernæring,released,skill/competence,sector-specific,,"Administrere og støtte samlet jordernæring. Bruke bærekraftige teknikker for hagearbeid og integrert håndtering av skadedyr i hager, både utendørs og innendørs.",http://data.europa.eu/esco/skill/b7c82b1b-cff9-4641-a62f-e4e28395eade,dyrke jorden og avlinger
KnowledgeSkillCompetence,http://data.europa.eu/esco/skill/6d6ad261-4d81-4d7f-98fb-3587c25deb74,fremme landbrukspolitikk,released,skill/competence,sector-specific,,Fremme inkludering av landbruksprogrammer på lokalt og nasjonalt nivå for å sikre støtte til landbruksutvikling og bevissthet om bærekraft.,http://data.europa.eu/esco/skill/efb60300-0d55-4b2c-8038-8409587a4727,"fremme produkter, tjenester og ordninger"
KnowledgeSkillCompetence,http://data.europa.eu/esco/skill/6f30181d-65b5-4527-b36e-a686d47fed84,sykkeldelingssystemer,released,knowledge,cross-sector,bysykkelordninger | sykkeldeling | offentlige sykkelordninger,"De forskjellige offentlige og private tjenestene som mot betaling tilbyr sykler til enkeltpersoner for korttidsbruk.
	",http://data.europa.eu/esco/isced-f/104,transporttjenester
KnowledgeSkillCompetence,http://data.europa.eu/esco/skill/6f5850ea-5785-4e2c-b062-743066fd5bdb,miljølovgivning,released,knowledge,cross-sector,,Miljøregler og lovgivning som gjelder for et bestemt område.,http://data.europa.eu/esco/isced-f/0421,jus
KnowledgeSkillCompetence,http://data.europa.eu/esco/skill/705f5906-9b08-4562-9544-46f6ab944a7e,skogvern,released,knowledge,cross-sector,praksis for skogforvaltning | metoder for skogkonservasjon | bevaring av skog | teknikker for bevaring av skog | praksis for skogvern | teknikker for skogforvaltning | teknikker for skogvern | metoder for skogforvaltning,"Praksisen med å plante og vedlikeholde skogkledde områder for å bevare og beskytte skog og beskytte miljøet.
	",http://data.europa.eu/esco/skill/8034a1ea-5ee0-4a84-8fd3-16411c8d86fb | http://data.europa.eu/esco/isced-f/0821,skogsjordbruk | skogbruk
KnowledgeSkillCompetence,http://data.europa.eu/esco/skill/70d9b308-f8f2-4a4f-b4d9-54b5c8648c05,syntetisk biologi,released,knowledge,sector-specific,prinsipper for syntetisk biologi,"Vitenskapsfeltet som er tverrfaglig mellom ingeniørfag og biologi. Den tar sikte på å redesigne organismer og fremstille biologiske komponenter og konstruere dem til å ha nye evner. Det brukes av forskere til å løse problemer innen medisinsk sektor, produksjon og landbruk.
	",http://data.europa.eu/esco/isced-f/051,biologi og relaterte studier
KnowledgeSkillCompetence,http://data.europa.eu/esco/skill/7109d172-c370-47fe-ac81-8fe93550a9e3,impact investing,released,knowledge,sector-specific,,"Investeringsstrategi som tar sikte på å investere i organisasjoner eller initiativer med sosiale eller miljømessige formål, som ikke bare genererer økonomisk gevinst, men også søker å bidra positivt i samfunnet.
	",http://data.europa.eu/esco/isced-f/0412,"finans, bank og forsikring"
KnowledgeSkillCompetence,http://data.europa.eu/esco/skill/722058b4-2b90-453c-8ba1-88f74e8fb645,sammenligne alternative kjøretøy,released,skill/competence,sector-specific,vurdere kjøretøyers ytelse | sammenligne kjøretøyer mht. ytelse | vurdere kjøretøyers utslipp,"Sammenligne ytelsen til alternative kjøretøy basert på faktorer som energiforbruk og energitetthet per volum og per masse ved forskjellige drivstoffer.
	",http://data.europa.eu/esco/skill/f7fc7bf8-f41d-44af-81e3-09b88e9779e6,teste elektriske og mekaniske systemer eller utstyr
KnowledgeSkillCompetence,http://data.europa.eu/esco/skill/72627d40-488a-4ef5-9c72-3c048361102c,demontere ødelagte apparater,released,skill/competence,sector-specific,,"Demontere utstyr og apparater som er ødelagt og ikke egnet for reparasjon, slik at de ulike komponentene kan sorteres, gjenvinnes og kastes på i tråd med lovgivningen for avfall og resirkulering.",http://data.europa.eu/esco/skill/0b8d15c9-7b4f-4163-b863-fe5b756d3e7f,reparere og installere mekanisk utstyr
KnowledgeSkillCompetence,http://data.europa.eu/esco/skill/72886bc5-eeb0-42d5-9b01-f83b4cf138b4,vannforbruk,released,knowledge,occupation-specific,,"Faktorer som er involvert i beregningen og estimeringen av vannforbruk til en bolig eller et anlegg, og metoder der vannforbruket kan senkes eller gjøres mer effektivt.",http://data.europa.eu/esco/isced-f/1021,"vann, avløp og renhold"
KnowledgeSkillCompetence,http://data.europa.eu/esco/skill/73576419-31c2-4e45-8e30-ab1afec3db4e,bruke bærekraftige materialer og komponenter,released,skill/competence,cross-sector,bruke bærekraftige komponenter | anvende bærekraftige materialer | bruke bærekraftige materialer,"Identifisere og velge miljøvennlige materialer og komponenter. Ta beslutninger om å erstatte visse materialer med mer miljøvennlige materialer, samtidig som funksjonalitetsnivå og andre egenskaper ved produktet forblir som før.
	",http://data.europa.eu/esco/skill/8064ae65-5d1b-44e1-9aaf-246a4285a9a6,overholde lover og standarder for miljøbeskyttelse
KnowledgeSkillCompetence,http://data.europa.eu/esco/skill/73a9561d-112c-4d8a-9d5f-b2c11c5bbd5f,håndtere avfall,released,skill/competence,cross-sector,biologisk og kjemisk avfallshåndtering | deponering av biologisk og kjemisk avfall | kaste biologisk og kjemisk avfall | kaste avfall | deponering av avfall | avfallshåndtering | fjerne avfall | kvitte seg med avfall | avhendig av biologisk og kjemisk avfall | bli kvitt avfall | håndtere biologisk og kjemisk avfall,"Håndtere eller avhende betydelige mengder avfall og/eller farlige materialer, i samsvar med lovgivningen, og dermed respektere miljø- og selskapsansvar. Sørge for at nødvendige lisenser og tillatelser er på plass, og at rimelig forvaltningspraksis, industristandarder eller allment akseptert oppdrettspraksis følges.
	",http://data.europa.eu/esco/skill/4c3ab565-747c-4db3-8c47-79e8d6f98cf4 | http://data.europa.eu/esco/skill/f8c676de-c871-424f-9a65-77059d07910a,bidra til å minske de negative følgene av forbruk | håndtering og avhending av avfall og farlige materialer
KnowledgeSkillCompetence,http://data.europa.eu/esco/skill/73cc1ce2-4ada-4ae1-9f8e-d7efadcd52f6,designe et elektrisk varmesystem,released,skill/competence,sector-specific,designe elektrisk varmesystem,"Designe detaljene i elektriske varmesystemer. Beregne den nødvendige kapasiteten for romoppvarming under gitte forhold i samsvar med tilgjengelig elektrisk strømforsyning.
	",http://data.europa.eu/esco/skill/883eab8c-d8a6-4e8b-9b11-7d9001e172ab,designe systemer og produkter
KnowledgeSkillCompetence,http://data.europa.eu/esco/skill/7493634f-30ea-4f2f-8fd4-c78b4a309bf7,ferskvannsøkosystemer,released,knowledge,sector-specific,kunnskap om ferskvannsøkosystemer | innsikt i ferskvannsøkosystemer,"Typer og naturlige egenskaper ved ferskvannsøkosystemer som innsjøer, dammer, elver, våtmarker, bekker etc.
	",http://data.europa.eu/esco/isced-f/0831,fiskeri
KnowledgeSkillCompetence,http://data.europa.eu/esco/skill/75f312e1-622b-4751-8d93-815b32feaf8d,forurensingsforebygging,released,knowledge,cross-sector,,"Prosesser som brukes for å forebygge forurensing: forholdsregler knyttet til forurensning av miljøet, prosedyrer for forebygging av forurensing og tilknyttet utstyr, og mulige tiltak for å verne om miljøet.",http://data.europa.eu/esco/isced-f/0712,miljøvernteknologi
KnowledgeSkillCompetence,http://data.europa.eu/esco/skill/7608e884-6f73-4205-a02a-ea7062a2337e,overvåke kassering av radioaktive stoffer,released,skill/competence,cross-sector,,"Sikre korrekt forvaltning og kassering av radioaktive stoffer som brukes til medisinske formål, i samsvar med fastsatte prosedyrer.",http://data.europa.eu/esco/skill/8bde58aa-9d5b-422b-801c-ff9186dd648e,håndtere og kaste farlig avfall
KnowledgeSkillCompetence,http://data.europa.eu/esco/skill/761de590-ca64-423f-a5a7-8639abd8c615,teknologier for mikrogenerering av energi,released,knowledge,sector-specific,mikrogenerasjon,"Teknologiene som tillater produksjonsprosessen i småskala med å høste lavkarbonkilder som sol, vind eller vannstrøm, for å produsere varme eller elektrisitet. Teknologier for energimikrogenerasjon finner ikke sted i store kraftverk, og øker dermed effektiviteten og eliminerer distribusjonskostnadene.
	",http://data.europa.eu/esco/isced-f/0713,elektrisitet og energi
KnowledgeSkillCompetence,http://data.europa.eu/esco/skill/761e1acc-d38b-4524-9890-6a119fb7e98c,støtte lokale økonomier,released,skill/competence,sector-specific,,"Reklamere for lokale produkter og tjenester overfor besøkende og oppmuntre til bruk av lokale reiselivsoperatører på et reisemål.
	",http://data.europa.eu/esco/skill/f9db77be-eb63-4937-a0d0-b581733e7d2a,gi støtte til å løse problem
KnowledgeSkillCompetence,http://data.europa.eu/esco/skill/765f2d06-775e-45bf-93a7-c83b8fad5a1a,håndtere regnvann,released,skill/competence,sector-specific,,"Implementere vannfølsomme, urbane designelementer, som basseng, drenering og infiltrasjon.",http://data.europa.eu/esco/skill/583b1fb5-be8d-41f0-aa81-0b6bef4793c2,installere utstyr eller system for rørlegging eller rør
KnowledgeSkillCompetence,http://data.europa.eu/esco/skill/76654176-5cc8-4cb3-b307-4ef1b6c2543c,sonekoder,released,knowledge,cross-sector,,"Deling av land i soner der det er tillatt med ulike bruksområder og aktiviteter, f.eks. bolig- landbruks- og industrielle aktiviteter. Disse sonene reguleres av lovgivende prosedyrer og lokale myndigheter.",http://data.europa.eu/esco/isced-f/0731 | http://data.europa.eu/esco/skill/7f18039d-dfae-471b-9daa-507f6b2d2842,arkitektur og byplanlegging | urban planlegging
KnowledgeSkillCompetence,http://data.europa.eu/esco/skill/76f552ef-bb2d-4f66-83a8-ad205086967e,lære folk om naturen,released,skill/competence,sector-specific,,"Snakke til forskjellige publikum om for eksempel informasjon, konsepter, teorier eller aktiviteter knyttet til natur og naturvern. Utarbeide skriftlig informasjon. Denne informasjonen kan presenteres i mange formater, for eksempel med skilt, informasjonsark, plakater, tekst til nettsted og så videre.",http://data.europa.eu/esco/skill/699e7c26-6502-4e78-a823-3656ff5a5b8b | http://data.europa.eu/esco/skill/e2bdf081-333a-414f-b8ac-93c76290f167,instruere andre | veilede og gi råd
KnowledgeSkillCompetence,http://data.europa.eu/esco/skill/772a9c72-abef-4333-9788-f4cb48ad8e08,identifisere programvare for lagerstyring,released,skill/competence,cross-sector,,"Identifisere relevant programvare for lagerstyring og finne ut hvilke egenskaper denne har, og hvilken merverdi den gir i lagerstyringen.
	",http://data.europa.eu/esco/skill/98fb499f-9155-412d-a8a0-95ba97126fec,bruke digitale verktøy for samarbeid og produktivitet
KnowledgeSkillCompetence,http://data.europa.eu/esco/skill/77f109c4-3107-4d2a-a512-5160ac103933,analysere miljødata,released,skill/competence,sector-specific,,Analysere data som tolker korrelasjoner mellom menneskelig aktivitet og miljøpåvirkning.,http://data.europa.eu/esco/skill/1d6c7de4-350e-4868-a47b-333b4b0d9650 | http://data.europa.eu/esco/skill/36ff57b0-637d-4a83-a0e8-d14f86f9f078 | http://data.europa.eu/esco/skill/1b70a55d-b8a4-49fc-96c6-15ab4cff2522 | http://data.europa.eu/esco/skill/81a2db2c-7e55-44d0-9cd9-74c25147d7cd | http://data.europa.eu/esco/skill/ba1f6201-b206-4459-b178-706db34a851d | http://data.europa.eu/esco/skill/57231a22-4da7-49c8-97b8-75672feadf1e | http://data.europa.eu/esco/skill/a571ae14-3e16-4fd3-a615-5646e0b0b696 | http://data.europa.eu/esco/skill/9af1bd12-01bd-4d6a-947b-69e64f23150a | http://data.europa.eu/esco/skill/1e77e42a-181f-4b48-8e74-201ce50ffc29,"evaluere data, informasjon og digitalt innhold | analysere vitenskapelige data | bruke dataprosesseringsteknikker | analysere testdata | analysere vitenskapelige og medisinske data | administrere kvantitative data | inspisere data | prosessere kvalitativ informasjon | tolke gjeldende data"
KnowledgeSkillCompetence,http://data.europa.eu/esco/skill/7808ccb8-9797-4864-80e3-37119ca32b30,overvåke kompostering,released,skill/competence,occupation-specific,,Blande det nedbrytbare materialet og ta hensyn til relevante proporsjoner og overvåke nedbrytningsprosessen for økologisk avfall.,http://data.europa.eu/esco/skill/bf4822d3-1f66-499d-afc9-151a9ba33e58,tilberede blandinger eller oppløsninger
KnowledgeSkillCompetence,http://data.europa.eu/esco/skill/7832b684-580c-4eaf-a8b3-322164b041ab,oppgi informasjon om solcellepaneler,released,skill/competence,cross-sector,,"Informere organisasjoner og enkeltpersoner som leter etter alternative metoder for energilevering til anlegg og boliger om kostnadene, fordelene og ulempene ved installasjon og bruk av solcellepaneler, og hva man må ta hensyn til ved kjøp og montering av solcelleanlegg.",http://data.europa.eu/esco/skill/045f71e6-0699-4169-8a54-9c6b96f3174d | http://data.europa.eu/esco/skill/d54970ba-d9f2-41ec-a852-bbd1e5796823 | http://data.europa.eu/esco/skill/732cb4dd-af91-4c88-9a9f-5fc62144e500,gi råd | tilby informasjon til offentligheten og kunder | gi informasjon
KnowledgeSkillCompetence,http://data.europa.eu/esco/skill/78d6270a-2f81-45a8-8558-5112926febba,fjerne kontaminanter fra rullebaner,released,skill/competence,occupation-specific,,"Fjerne forurensning på rullebanen som for eksempel drivstoff, smøremidler, hydraulikkolje, maling og gummi. Bruke teknikker som kjemisk rengjøring, mekanisk sliping eller høytrykksspyler for å fjerne forurensning.",http://data.europa.eu/esco/skill/3b86c15f-3f66-4e50-abf5-544f2a942a0b,rengjøre utendørsområder
KnowledgeSkillCompetence,http://data.europa.eu/esco/skill/792789aa-6122-4dd7-be50-bcdb46f85725,"installere kanaler for oppvarming, ventilasjon, luftkondisjonering og kjøling",released,skill/competence,cross-sector,,"Installere kanaler for å levere og fjerne luft. Finne ut om kanalen bør være fleksibel eller ikke, og velge egnet materiale på grunnlag av forventet bruk. Gjøre kanalen vanntett og lufttett, og isolere den mot temperaturpåvirkning for å sikre størst mulig effektivitet og hindre muggforurensning. Installere tilstrekkelige forbindelser mellom kanaler og endepunkter.",http://data.europa.eu/esco/skill/b85caa4a-f04b-4331-80df-11404fd71225,"installere utstyr for oppvarming, ventilasjon og luftkondisjonering"
KnowledgeSkillCompetence,http://data.europa.eu/esco/skill/79a5bc25-5b59-47bc-a4c2-fb8e8cb1ddf6,smartnettsystemer,released,knowledge,sector-specific,smartnett | smarte nett,"Smarte nett er digitale strømnett. Systemet involverer elektronisk digital kontroll av produksjon, distribusjon og bruk av elektrisitet, informasjonsstyring av komponentene og energisparing.
	",http://data.europa.eu/esco/isced-f/0713,elektrisitet og energi
KnowledgeSkillCompetence,http://data.europa.eu/esco/skill/7ac88283-80aa-4a1f-93f8-213cd2a469cb,designe offshore-energisystemer,released,skill/competence,sector-specific,designe havenergisystemer | spesifisere offshore energisystemer | designe marine energisystemer,"Utvikle designspesifikasjoner for offshore-energisystemer og deres komponenter, og sikre at designet er optimert for å sikre trygg og effektiv energiproduksjon. Lage en sjekkliste for inspeksjon og overvåking av utførte installsajonsprosjekter offshore.
	",http://data.europa.eu/esco/skill/c34b06c4-d164-4e49-a784-89d47de42ec2,"designe industrimateriale, -system eller -produkt"
KnowledgeSkillCompetence,http://data.europa.eu/esco/skill/7afd29d7-9c9f-4151-83f2-562b8c94a3af,anvende transportledelseskonsepter,released,skill/competence,sector-specific,,"Bruke forvaltningskonsepter for transportindustrien til å forbedre transportprosessene, redusere avfallet, øke effektiviteten og forbedre utarbeidelse av tidsplanen.",http://data.europa.eu/esco/skill/58bd927f-e4cc-4b61-a679-cb91b3f8075a | http://data.europa.eu/esco/skill/6a59e69f-4f2c-4277-bbb3-c7bb792569d5,følge instruksjoner og prosedyrer | administrere selskapets transportstrategi
KnowledgeSkillCompetence,http://data.europa.eu/esco/skill/7b3717e4-e963-44e0-b94f-1088a7242da0,stelle planter,released,skill/competence,sector-specific,,"Fastsette behovet for pleie, utføre pleie ved å dyrke, vedlikeholde, vanne og sprøyte plantene og trærne manuelt eller ved hjelp av egnet utstyr og ta hensyn til plantearten og at sikkerhetskrav overholdes.",http://data.europa.eu/esco/skill/b7c82b1b-cff9-4641-a62f-e4e28395eade,dyrke jorden og avlinger
KnowledgeSkillCompetence,http://data.europa.eu/esco/skill/7c2c81fe-b5f5-4691-a58d-7fd0a8b6c0e1,forhindre ovnsvarmetap,released,skill/competence,occupation-specific,,Hindre varmetap ved å forsegle tørkeovnens dør med murstein og leire.,http://data.europa.eu/esco/skill/bdf2aa76-360d-429d-a967-bdb691f241fa,"betjene ovner, fyringsanlegg og tørkeutstyr"
KnowledgeSkillCompetence,http://data.europa.eu/esco/skill/7cefbd03-d544-4184-a9b4-caa1eea2a646,miljøkonsekvensene av turisme,released,knowledge,sector-specific,,Studiet av miljøkonsekvensene fra reiser og turistaktiviteter på turistdestinasjoner.,http://data.europa.eu/esco/isced-f/1015,"reiseliv, turisme og fritid"
KnowledgeSkillCompetence,http://data.europa.eu/esco/skill/7d70ed20-1c29-4ce3-bda5-9ba6c957a2d2,typer bølgeenergiomformere,released,knowledge,sector-specific,typer WEC,"Ulike typer enheter for å utnytte bølgekraft, for eksempel punktabsorbatorer, linjeabsorbatorer, svingende vannsøyler, kilerennekraftverk og nedsenkede trykkdifferanseomformere.
	",http://data.europa.eu/esco/isced-f/0713,elektrisitet og energi
KnowledgeSkillCompetence,http://data.europa.eu/esco/skill/7e420d23-3733-482b-8513-4611f8a70059,fjerne betongformer,released,skill/competence,sector-specific,,"Fjerne betongformer etter at betongen har herdet helt. Gjenvinne materialer om mulig, rengjøre dem og gjennomføre de riktige trinnene for senere bruk.",http://data.europa.eu/esco/skill/aa95f606-13ec-4242-a6bc-635a1aaa841c | http://data.europa.eu/esco/skill/d9be4ab0-f7d9-4b27-bd01-6cf1d43d1865,plassere betongformer | installere betongkomponenter
KnowledgeSkillCompetence,http://data.europa.eu/esco/skill/7f321b88-3d16-4e30-8163-5494ca8ce978,engasjere andre i en miljøvennlig livsstil,released,skill/competence,transversal,gå inn for bærekraft | fremme bærekraft | fremme miljøvennlig atferd | informere om bærekraft | oppmuntre andre til å respektere miljøet,"Informere om og fremme miljøvennlig atferd i sosiale medier og på jobb.
  ",http://data.europa.eu/esco/skill/80cf002a-6586-4db7-9c9a-88325a9a5e1b,bruke miljørelatert kompetanse
KnowledgeSkillCompetence,http://data.europa.eu/esco/skill/7f4d1dee-bc5a-495a-926b-17b383b8d8fd,grønne byggestandarder,released,knowledge,sector-specific,grønne byggeretningslinjer | energieffektive byggeregler | bærekraftige byggestandarder | energieffektive byggeforskrifter,"Retningslinjene for hvordan man designer og bygger bærekraftige bygninger. De følger kriteriet om å redusere miljøpåvirkningen av bygninger samtidig som de fremmer grønn praksis blant beboerne.
	",http://data.europa.eu/esco/isced-f/0732,bygg og anlegg
KnowledgeSkillCompetence,http://data.europa.eu/esco/skill/7feca0cc-f0b3-470d-ba03-48c0f7cff286,gi opplæring i bærekraftig turisme,released,skill/competence,sector-specific,,"Utvikle utdanningsprogrammer og ressurser for enkeltpersoner eller guidede grupper, med informasjon om bærekraftig turisme og innvirkningen av menneskelig aktivitet på miljøet, lokal kultur og naturarv. Informer reisende om hvordan de kan ha en positiv innvirkning og øke bevisstheten rundt miljøproblemer.
	",http://data.europa.eu/esco/skill/e2bdf081-333a-414f-b8ac-93c76290f167,veilede og gi råd
KnowledgeSkillCompetence,http://data.europa.eu/esco/skill/7ff9cce1-6518-48db-8f59-2beb81508fb2,oppgi informasjon om vindturbiner,released,skill/competence,sector-specific,,"Gi informasjon til organisasjoner og enkeltpersoner som leter etter alternative energikilder, om kostnader, fordeler og ulemper ved vindturbiner, både i boliger og felles, og hva som må tas hensyn til ved implementering av vindturbinteknologi.",http://data.europa.eu/esco/skill/d54970ba-d9f2-41ec-a852-bbd1e5796823 | http://data.europa.eu/esco/skill/732cb4dd-af91-4c88-9a9f-5fc62144e500,tilby informasjon til offentligheten og kunder | gi informasjon
KnowledgeSkillCompetence,http://data.europa.eu/esco/skill/8029637c-00eb-4764-ae88-387611176c4b,analysere logistikkbehov,released,skill/competence,sector-specific,,Analysere logistikkbehovene i alle de ulike avdelingene på det organisatoriske nivået.,http://data.europa.eu/esco/skill/7dd94ad3-13d6-43fe-8b94-51fcbf67ced9 | http://data.europa.eu/esco/skill/ec528c47-65f4-4187-9dc1-5a8889f84a06,tenke kritisk | analysere forretningsvirksomheter
KnowledgeSkillCompetence,http://data.europa.eu/esco/skill/8034a1ea-5ee0-4a84-8fd3-16411c8d86fb,skogsjordbruk,released,knowledge,sector-specific,agroskogbruk | skogslandbruk,"Jordbruk som innebærer ivaretagelse av skogsområder kombinert med tradisjonelt jordbruk, for å opprettholde jordbruksproduksjon og ivareta miljøet.
	",http://data.europa.eu/esco/isced-f/0821,skogbruk
KnowledgeSkillCompetence,http://data.europa.eu/esco/skill/811f3583-3956-477e-b4c8-e8c53eb44cc3,primitiv teknologi,released,knowledge,occupation-specific,,"Teknologi som er laget eller formet av naturlige elementer som bidrar til overlevelse av villmark, f.eks. håndverk, overlevelsesverktøy og våpen.",http://data.europa.eu/esco/isced-f/0214,håndverk
KnowledgeSkillCompetence,http://data.europa.eu/esco/skill/81af8698-9873-4b3d-b6d2-8eb275bf170b,miljøtrusler,released,knowledge,sector-specific,,"Truslene mot miljøet, som er knyttet til biologiske, kjemiske, kjernefysiske, radiologiske og fysiske farer.",http://data.europa.eu/esco/isced-f/0521,miljøvitenskap
KnowledgeSkillCompetence,http://data.europa.eu/esco/skill/82423b5c-486f-42e7-b00e-7358757a8de5,teste prøver for miljøforurensende stoffer,released,skill/competence,sector-specific,,"Måle konsentrasjoner av forurensning i prøvene. Beregne luftforurensning eller gasstrøm som brukes i industrielle prosesser. Identifisere mulige risikoer for sikkerhet eller helse, som stråling.",http://data.europa.eu/esco/skill/5aec5b83-df71-483e-90b9-21e56a0a3cb2 | http://data.europa.eu/esco/skill/b5a1fc87-c9f2-41f4-a1ae-28e023715592 | http://data.europa.eu/esco/skill/d2e8f452-ac19-4eed-b984-8f55d2a5b763,måle forurensning | utføre prøvetesting | teste og analysere stoffer
KnowledgeSkillCompetence,http://data.europa.eu/esco/skill/8248a071-5307-4a64-a62d-643a35ec31e2,typer av fotoelektriske paneler,released,knowledge,cross-sector,solcelle | typer av fotovoltaiske paneler | PV-celletyper | typer av solcellepaneler | polymersolceller | typer av PV-celler | solceller | typer PV-paneler | polymersolcelle | solcellepanel | nanokrystallsolcelle | fotovoltaisk matrise | PV-utstyr | solcelleløsninger | fotovoltaiske paneltyper | typer av fotovoltaiske celler | fotovoltaiske løsninger | typer solcelleceller | typer PV-celler | typer solcellepaneler | fotovoltaiske celletyper | solcelletyper,"Ulike typer fotoelektriske celler og paneler med ulik yteevne i ulike typer vær, kostnader, holdbarhet og levetidsvurderinger samt monteringsmuligheter.",http://data.europa.eu/esco/isced-f/0713,elektrisitet og energi
KnowledgeSkillCompetence,http://data.europa.eu/esco/skill/829d1376-41bf-4c41-9bc3-62dce647677c,kunstige lyssystemer,released,knowledge,sector-specific,kunstig lys og strømforbruk,"Typer kunstig belysning og strømforbruk. HF-lysstoffrør, LED-belysning, naturlig dagslys og programmerte kontrollsystemer gir effektiv bruk av energi.
	",http://data.europa.eu/esco/isced-f/0713,elektrisitet og energi
KnowledgeSkillCompetence,http://data.europa.eu/esco/skill/82b14cde-76e7-4d4b-b564-c45c014f3ce4,forskrifter for fjerning avfall,released,knowledge,sector-specific,,"Forskrifter og juridiske avtaler som regulerer utførelsen av aktiviteter knyttet til fjerning av avfall.
	",http://data.europa.eu/esco/isced-f/1021,"vann, avløp og renhold"
KnowledgeSkillCompetence,http://data.europa.eu/esco/skill/82ea1455-ff29-43c8-8074-685fa2653144,føre avfallsinnsamlingsregistre,released,skill/competence,sector-specific,,"Føre registre over innsamling av avfall, tidsplanlegging, og typer og mengde av avfall som er samlet inn.",http://data.europa.eu/esco/skill/7837ef5c-2c81-4a89-8227-b4d4f1f7331e | http://data.europa.eu/esco/skill/06fdd94c-292d-49e3-9c78-bbcbc2088232,vedlikeholde profesjonelle registre | vedlikeholde driftsregistre
KnowledgeSkillCompetence,http://data.europa.eu/esco/skill/82fea746-853f-4f1b-8ab7-55de8619cccd,strømlinjeformet produksjon,released,knowledge,cross-sector,forretningsmessig fortreffelighet | totalt produktivt vedlikehold | prosessfortreffelighet | WCM produksjon i verdensklasse | operativ fortreffelighet | PDCA | produksjonskunnskap,"Strømlinjeformet produksjon er en metodikk som fokuserer på å minimere svinn i produksjonssystemer og samtidig maksimere produktiviteten.
	",http://data.europa.eu/esco/isced-f/0413,ledelse og administrasjon
KnowledgeSkillCompetence,http://data.europa.eu/esco/skill/8318ca1f-117e-4a21-a07a-5d7515a21035,gi opplæring i bærekraftig utvikling og forvaltning av turisme,released,skill/competence,sector-specific,,"Levere opplæring og kapasitetsbygging for ansatte som arbeider i reiselivsbransjen, for å informere dem om beste praksis innen utvikling og forvaltning av reisemål og pakketurer. Samtidig skal minst mulig innvirkning på miljøet og lokalsamfunnet oppnås, og vernede områder og vernet fauna og flora tas nøye vare på.
	",http://data.europa.eu/esco/skill/6c4fa8c8-e9e1-49b5-897f-6b61fe649488 | http://data.europa.eu/esco/skill/2cb27e30-2be7-4a09-9502-fdd2102c046b,gi opplæring i operasjonelle prosedyrer | gjennomføre opplæring innen miljøforhold
KnowledgeSkillCompetence,http://data.europa.eu/esco/skill/83fc0b2b-6cd2-46af-b1ff-d3fc83604c26,energieffektivitet,released,knowledge,sector-specific,,"Informasjonsområde som omhandler reduksjon i bruken av energi. Det omfatter beregning av forbruket av energi og tilby sertifikater og støttetiltak, sparer energi ved å redusere etterspørselen, oppmuntrer til effektiv bruk av fossilt brensel og fremmer bruken av fornybar energi.",http://data.europa.eu/esco/isced-f/0713,elektrisitet og energi
KnowledgeSkillCompetence,http://data.europa.eu/esco/skill/8570573a-937b-406a-b4b2-1def0387d0d1,vedlikeholde konsentrerte solenergisystemer,released,skill/competence,sector-specific,,"Gjennomføre rutinemessig vedlikehold samt reparasjoner av systemer som bruker reflekterende materialer, for eksempel linser og speil, og sporingssystemer for å konsentrere sollys i en stråle som driver et elektrisk kraftverk med varmeproduksjon.",http://data.europa.eu/esco/skill/ec0401f1-f690-46be-934b-f6f5611085f5,"vedlikeholde elektrisitets-, elektro- og presisjonsutstyr"
KnowledgeSkillCompetence,http://data.europa.eu/esco/skill/85947873-e99a-4b08-a4e3-743942710fea,administrere fiskeriprosjekter,released,skill/competence,sector-specific,,"Rådføre seg med entreprenører i både statlige og private sektorer for fiskeriprosjekter, som for eksempel restaureringsarbeid. Gå gjennom de foreslåtte planene og bidra med ekspertise. Utarbeide søknader om tilskudd til fiskeriprogrammet. Gi faglig bistand til samfunnsfiskeriprosjekter. Studere konsekvensene av miljøendringer i vann. Løse klager fra allmennheten. Forberede resepter for å identifisere fiskeriproblemer og anbefale løsninger.",http://data.europa.eu/esco/skill/190f64e1-b7b6-4c53-b20b-80f9215ef6ca | http://data.europa.eu/esco/skill/cd5efa8c-e44d-4cbc-91c6-796018dbed68,"lede, ha oversyn med og samordne prosjekter | utføre prosjektledelse"
KnowledgeSkillCompetence,http://data.europa.eu/esco/skill/85f73cdf-fb6f-434d-8fff-fcd723834a90,utføre miljøutbedring,released,skill/competence,sector-specific,foreta miljøsanering | utføre miljøopprydding | gjennomføre miljøsanering | miljøsanering utføres | miljøsanering gjennomføres | utføre miljøsanering,"Gjennomføre aktiviteter som sikrer fjerning av forurensningskilder fra miljøet, i samsvar med forskrifter for miljøområdet.",http://data.europa.eu/esco/skill/0d75a128-bd88-4c1b-b70d-8e963aeb490c | http://data.europa.eu/esco/skill/089ee650-297e-4716-87d1-440743b70a0d | http://data.europa.eu/esco/skill/8064ae65-5d1b-44e1-9aaf-246a4285a9a6,bidra til redusert forurensning | sikre samsvar med miljølovgivning | overholde lover og standarder for miljøbeskyttelse
KnowledgeSkillCompetence,http://data.europa.eu/esco/skill/8604cb5f-9e1f-427c-ba23-3c4a6853fe95,designe innsamlingssystemer for vindmøllepark,released,skill/competence,sector-specific,utforming av vindkraftsamlersystemer | designe landbasert vindpark | utforming av vindparksamlere,"Designe systemer som forbinder enkeltvindturbiner i en vindmøllepark og samler inn energi og overfører den til en understasjon, slik at produsert elektrisk energi kan overføres, og slik at systemet forbinder turbinene med hverandre og understasjonen på en sikker og effektiv måte.",http://data.europa.eu/esco/skill/c34b06c4-d164-4e49-a784-89d47de42ec2,"designe industrimateriale, -system eller -produkt"
KnowledgeSkillCompetence,http://data.europa.eu/esco/skill/8614b988-b907-473e-a701-47b525959dc8,gi råd om oppvarmingssystemers energieffektivitet,released,skill/competence,cross-sector,,"Gi informasjon og råd til klienter om hvordan de kan ta vare på et energieffektivt oppvarmingsanlegg hjemme eller på kotnoret, og mulige alternativer.",http://data.europa.eu/esco/skill/045f71e6-0699-4169-8a54-9c6b96f3174d | http://data.europa.eu/esco/skill/8bc75dce-beba-40f9-93fc-66c9708ed74b | http://data.europa.eu/esco/skill/62afcfdd-a2a6-4143-bafb-59c77e15a01c,gi råd | gi råd om effektivisering | gi råd om produkter og tjenester
KnowledgeSkillCompetence,http://data.europa.eu/esco/skill/862920c8-f2d0-4058-8fb8-9f06fbfc2446,utvikle resirkuleringsprogrammer,released,skill/competence,sector-specific,,Utarbeide og koordinere resirkuleringsprogrammer. Samle inn og behandle resirkulerbare materialer for å redusere avfallsmengden.,http://data.europa.eu/esco/skill/c23e0a2f-f04b-45bc-b0dd-20571f6b502c,utarbeide retningslinjer og rutiner for drift
KnowledgeSkillCompetence,http://data.europa.eu/esco/skill/86df7af2-f9f3-4c06-a500-7f1fba9e78fe,følge helse- og sikkerhetsprosedyrer innen bygg og anlegg,released,skill/competence,cross-sector,,"Bruke de relevante prosedyrene for helse og sikkerhet for å forebygge ulykker, forurensning og andre risikoer.",http://data.europa.eu/esco/skill/5bcec244-3efe-45ac-8891-0ab4a91e9c48,overholde helse- og sikkerhetsprosedyrer
KnowledgeSkillCompetence,http://data.europa.eu/esco/skill/86f0bb12-6491-4be7-8306-c88900e91a63,grønne obligasjoner,released,knowledge,sector-specific,bærekraftsobligasjoner,"Finansinstrumenter som omsettes i finansmarkeder med sikte på å innhente kapital til prosjekter med spesifikke miljøfordeler.
	",http://data.europa.eu/esco/isced-f/0412,"finans, bank og forsikring"
KnowledgeSkillCompetence,http://data.europa.eu/esco/skill/885808f7-f42b-406e-95f2-28efcd45ddda,gjennomføre energistyring av anlegg,released,skill/competence,cross-sector,,Bidra til å utvikle effektive strategier for energiforvaltning og sørge for at disse er bærekraftige for bygninger. Vurdere bygninger og anlegg for å fastslå hvor energieffektiviteten kan forbedres.,http://data.europa.eu/esco/skill/4c3ab565-747c-4db3-8c47-79e8d6f98cf4 | http://data.europa.eu/esco/skill/b2c688b0-9106-466d-8b88-eafdfe608e7d,bidra til å minske de negative følgene av forbruk | designe strukturer eller fasiliteter
KnowledgeSkillCompetence,http://data.europa.eu/esco/skill/88de7361-2054-4402-8e1a-a6feb61d8ba9,gjennomføre studier av flyplassmiljø,released,skill/competence,sector-specific,,"Forberede og gjennomføre miljøundersøkelser, modellberegning av luftkvalitet og undersøkelser av arealbruk.",http://data.europa.eu/esco/skill/7eafec38-621a-4b6e-9298-bfe70ec0b253,utføre akademiske undersøkelser eller markedsundersøkelser
KnowledgeSkillCompetence,http://data.europa.eu/esco/skill/89a94a26-29d4-4cd7-9e9d-faebc300c1b1,gjennomføre erosjonssikring,released,skill/competence,sector-specific,gjennomføre erosjonskontroll | utføre erosjonskontroll | gjennomføring av erosjonskontroll | administrere erosjonskontroll,Administrere erosjonssikringsprosesser og -prosjekter. Planlegge erosjonssikringshandlinger for å kontrollere eller forebygge erosjon og unngå vannforurensning eller jordtap.,http://data.europa.eu/esco/skill/8064ae65-5d1b-44e1-9aaf-246a4285a9a6,overholde lover og standarder for miljøbeskyttelse
KnowledgeSkillCompetence,http://data.europa.eu/esco/skill/89f5fa96-ae45-4906-902c-d50ca51009c6,identifisere nye resirkuleringsmuligheter,released,skill/competence,cross-sector,,"Undersøke ideer og se muligheter for å forbedre innsamling, behandling og gjenvinning av avfall.",http://data.europa.eu/esco/skill/22c45bf7-e52b-475f-847b-c32a87f65a5d | http://data.europa.eu/esco/skill/bdcf429c-5ccf-4c3d-bb61-4c987573a35e | http://data.europa.eu/esco/skill/cbe1b24e-00f3-4b17-94e9-1fcd34a11c3e,sirkulær økonomi | utvise gründerånd | identifisere muligheter
KnowledgeSkillCompetence,http://data.europa.eu/esco/skill/8abdc43c-2bfd-417c-97c2-27fcdaf53171,fremme miljøbevissthet,released,skill/competence,cross-sector,,"Fremme bærekraft og øke bevisstheten om den miljømessige innvirkningen av menneskelig og industriell aktivitet basert på karbonfotavtrykkene til forretningsprosesser og andre praksiser.
	",http://data.europa.eu/esco/skill/4c3ab565-747c-4db3-8c47-79e8d6f98cf4 | http://data.europa.eu/esco/skill/062a9fde-cd91-44f9-9a2f-9e2bc3b281fd,bidra til å minske de negative følgene av forbruk | gi råd om miljøspørsmål
KnowledgeSkillCompetence,http://data.europa.eu/esco/skill/8b46636e-e201-4086-a8d5-049b65eaf40e,gi råd om bruk av land,released,skill/competence,cross-sector,,"Anbefale de beste måtene å bruke land og ressurser på. Gi råd om plassering av veier, skoler, parker og så videre.",http://data.europa.eu/esco/skill/045f71e6-0699-4169-8a54-9c6b96f3174d | http://data.europa.eu/esco/skill/414332e4-8347-4771-b947-65bd3801a620 | http://data.europa.eu/esco/skill/b036eb5c-6a48-45b9-b2c6-f42f9e336204,gi råd | anvende konsulentteknikker | gi råd om forretnings- eller driftsforhold
KnowledgeSkillCompetence,http://data.europa.eu/esco/skill/8bcf4ef0-edda-4f6a-a1ce-7defb1d324d6,utføre vannbehandlingsprosedyrer,released,skill/competence,sector-specific,,"Utføre handlinger som filtrering, sterilisering og avkloring for å rense vannet for drikking og bruk i mat ved hjelp av forskjellige prosedyrer og teknologier som mikrofiltrering, omvendt osmose, ozonering, karbonfiltrering eller ultrafiolett lys (UV).",http://data.europa.eu/esco/skill/d3b2c894-33fb-47c4-aff0-27935a082bf6,"betjene behandlingssystem eller -utstyr for petroleum, kjemikalier eller vann"
KnowledgeSkillCompetence,http://data.europa.eu/esco/skill/8bdd25f8-4b6e-40fe-a2cf-c1badc594114,geologi,released,knowledge,cross-sector,,"Fast jord, steintyper, strukturer og prosessene som har endret dem.",http://data.europa.eu/esco/skill/944e06e8-7b12-4064-9e72-d80cd6d0cbba | http://data.europa.eu/esco/isced-f/0532,Jordvitenskap | jordvitenskap
KnowledgeSkillCompetence,http://data.europa.eu/esco/skill/8be4540d-db79-4213-8820-bda0d3fb74a7,aeroponikk,released,knowledge,sector-specific,,"Dyrking av planter uten bruk av et vekstmedium, for eksempel jord. Planters røtter er direkte eksponert mot den omkringliggende luften eller tåken og vannet med næringsstoffløsninger.
	",http://data.europa.eu/esco/isced-f/0812,hagebruk
KnowledgeSkillCompetence,http://data.europa.eu/esco/skill/8c609e7c-5002-41a7-b629-0b98f132afb0,regulering av utslipp av råmaterialer i sjøen,released,knowledge,occupation-specific,lovbestemmelser om utslipp av råvarer i havet | miljøkrav for utslipp av råstoff i havet | lov om utslipp av råstoff i havet | lovgivning om utslipp av råmaterialer til sjøs | miljøkrav for utslipp av råvarer til sjøs | forskrift om utslipp av råstoff i havet | reguleringer om utslipp av råstoffer i havet | lovverket om utslipp av råstoff i havet på en miljøvennlig måte | lovkrav for utslipp av råstoff i havet | reguleringer om utslipp av råstoffer til havet,"Miljøbestemmelsene for utslipp av råvarer i havet, herunder bruk av kjemisk desinfeksjon og deklorering for å produsere et rent og trygt avløp egnet for utslipp til sjøs.
	",http://data.europa.eu/esco/isced-f/0712,miljøvernteknologi
KnowledgeSkillCompetence,http://data.europa.eu/esco/skill/8c7707b3-cd9b-405a-b2e5-9df24172d4f9,overvåke terreng,released,skill/competence,occupation-specific,,"Overvåke område under arrangementer for å beskytte systemet, rapportere områdets tilstand og tap av vann eller anlegg på grunn av systemfeil.",http://data.europa.eu/esco/skill/d519fadd-85bf-475f-bf14-c53a0290687d,overvåke miljøforhold
KnowledgeSkillCompetence,http://data.europa.eu/esco/skill/8ca08a35-2d2e-46f5-b440-8fc8ce736287,anvende presisjonslandbruk,released,skill/competence,sector-specific,,"Bruke moderne teknologi og utstyr med høypresisjonssystemer, geokartlegging og/eller automatiske styresystemer for landbruksvirksomhet.",http://data.europa.eu/esco/skill/64acded2-d944-4f85-a703-cfe9375f706a,betjene land- og skogbruksmaskiner
KnowledgeSkillCompetence,http://data.europa.eu/esco/skill/8ddd7e74-d187-48a1-9009-ff06b268f6cc,håndtere avfallsstein,released,skill/competence,occupation-specific,,Håndtere avfallsmaterialene som er innhentet ved utviklingsvirksomheten.,http://data.europa.eu/esco/skill/61d1dab2-6007-4b7c-9380-cd88207fa30f | http://data.europa.eu/esco/skill/73a9561d-112c-4d8a-9d5f-b2c11c5bbd5f,kaste ikke-farlig avfall eller skrot | håndtere avfall
KnowledgeSkillCompetence,http://data.europa.eu/esco/skill/8df12fb1-7f41-4068-8d05-007e8fec8f33,bevare skog,released,skill/competence,sector-specific,,"Arbeide for å bevare og gjenopprette skogstrukturer, biologisk mangfold og økologiske funksjoner.",http://data.europa.eu/esco/skill/8064ae65-5d1b-44e1-9aaf-246a4285a9a6,overholde lover og standarder for miljøbeskyttelse
KnowledgeSkillCompetence,http://data.europa.eu/esco/skill/8df86db8-dfcd-414b-854f-ad1cdb18d733,kommunisere om de miljømessige konsekvensene av gruvedrift,released,skill/competence,sector-specific,,"Forberede diskusjoner, foredrag, konsultasjoner med interessenter og offentlige høringer angående miljøspørsmål knyttet til gruvedrift.",http://data.europa.eu/esco/skill/062a9fde-cd91-44f9-9a2f-9e2bc3b281fd | http://data.europa.eu/esco/skill/e541c69c-ea80-4b17-87cb-4001d0b9d303,gi råd om miljøspørsmål | vurdere miljøpåvirkning
KnowledgeSkillCompetence,http://data.europa.eu/esco/skill/8e01e994-0e09-4fbb-a76b-7f615678cc7d,vedlikeholde biogassanlegg,released,skill/competence,occupation-specific,,"Gjennomføre rutinemessig vedlikehold og reparasjoner av utstyr som behandler avlinger for energi og avfall fra bondegårder, kjent som metanisering. Sikre at utstyret fungerer på riktig måte ved transformering av biomasse til biogass, som brukes til å produsere varme og elektrisitet.",http://data.europa.eu/esco/skill/6d0cad66-82dd-4854-a03a-68232942c68d,installere deler av tre og metall
KnowledgeSkillCompetence,http://data.europa.eu/esco/skill/8f585def-6ade-41b3-b897-3d71fba4151d,alternativ energi,released,knowledge,cross-sector,alternative energikilder,"Energikilder som ikke stammer fra fossile drivstoff og har få klimagassutslipp.
	",http://data.europa.eu/esco/skill/1e38f5be-bb7d-42c5-8301-c16cf400f8ee | http://data.europa.eu/esco/isced-f/0713,fornybar energi | elektrisitet og energi
KnowledgeSkillCompetence,http://data.europa.eu/esco/skill/8f98653a-4aee-4619-91c7-0cdc2f8e225a,administrere planer for utnyttelse av organiske biprodukter,released,skill/competence,occupation-specific,,"Implementere planer for utnyttelse av organiske biprodukter. Sikre at planer for utnyttelse av organiske biprodukter er i samsvar med relevant lovgivning, regler for god praksis og retningslinjer for avlinger. Sikre at det finnes systemer for å beskytte mennesker og dyr mot farene ved å arbeide med organiske biprodukter, som gjødselgass. Overvåke bruken av organiske biprodukter, og iverksette egnede tiltak dersom problemer påvises.",http://data.europa.eu/esco/skill/a6c3bda0-c759-495e-b2c5-062b3abe2097,implementere nye prosedyrer og prosesser
KnowledgeSkillCompetence,http://data.europa.eu/esco/skill/901297b8-9f66-431b-a6ab-bc2235acf056,samle inn ødelagte apparater,released,skill/competence,occupation-specific,,"Innhente eller motta produkter som ikke lenger fungerer og ikke kan repareres fra husholdninger, organisasjoner eller innsamlingsanlegg, slik at de kan sorteres for kasting eller resirkulering.",http://data.europa.eu/esco/skill/485b2e3b-f883-46d8-901f-ab521d4f8e58,sortere materialer eller produkter
KnowledgeSkillCompetence,http://data.europa.eu/esco/skill/90d04cf8-dcc1-45cf-93e1-a2eba80aed6f,hybridbilarkitektur,released,knowledge,sector-specific,hydrogenkjøretøy | hybrid klassifisering | hybridkjøretøy | hybridbiler | hybridbusser | plug-in hybrider | plug-in hybrid,"Hybridbilens nomenklatur, klassifisering og arkitektur, inkludert effektivitetshensyn. Fordeler og ulemper med serier, parallelle løsninger og kraftdelingsløsninger.
	",http://data.europa.eu/esco/isced-f/0714,elektronikk og automasjon
KnowledgeSkillCompetence,http://data.europa.eu/esco/skill/9263f0d8-7266-4782-b0ee-38f62656e97e,fremme bærekraftig interiørdesign,released,skill/competence,cross-sector,,Utvikle en miljøvennlig interiørdesign og fremme bruken av kostnadseffektive og fornybare materialer.,http://data.europa.eu/esco/skill/4c3ab565-747c-4db3-8c47-79e8d6f98cf4 | http://data.europa.eu/esco/skill/469e19ed-a0bd-445a-ae2d-4ba9430e296b | http://data.europa.eu/esco/skill/b2c688b0-9106-466d-8b88-eafdfe608e7d,bidra til å minske de negative følgene av forbruk | fremme bærekraft | designe strukturer eller fasiliteter
KnowledgeSkillCompetence,http://data.europa.eu/esco/skill/92e4064a-a93c-4e22-a63b-8da91757b90c,oppdage flaskehalser,released,skill/competence,cross-sector,,Identifisere flaskehalser i forsyningskjeden.,http://data.europa.eu/esco/skill/15fa3879-ac0e-46e6-ae36-609bae9c19c3,overvåke driftsaktiviteter
KnowledgeSkillCompetence,http://data.europa.eu/esco/skill/9349f502-9c11-476c-957d-2e016790a2ee,koordinere avfallshåndteringsprosedyrer,released,skill/competence,sector-specific,,"Samordne driften ved et anlegg eller en organisasjon som håndterer avfall, for eksempel innsamling, sortering, gjenvinning og kasting av avfall, for å sikre optimal virksomhetseffektivitet, forbedre metoder for avfallsreduksjon og sikre samsvar med lovverket.",http://data.europa.eu/esco/skill/75d8e5d9-bef3-418b-9011-01bff9f27207 | http://data.europa.eu/esco/skill/87dff904-fb74-4d59-972e-1c2387579d94 | http://data.europa.eu/esco/skill/73a9561d-112c-4d8a-9d5f-b2c11c5bbd5f,lede andre | lede driftsaktiviteter | håndtere avfall
KnowledgeSkillCompetence,http://data.europa.eu/esco/skill/942edf03-a450-4261-b65c-9b447fdddc51,sette opp generatorer,released,skill/competence,cross-sector,,Installere og betjene generatorer som strømforsyning i samsvar med regler og spesifikasjoner.,http://data.europa.eu/esco/skill/a7065828-10aa-4aba-b7d4-f23a30df5060,"installere og reparere elektrisitets-, elektro- og presisjonsutstyr"
KnowledgeSkillCompetence,http://data.europa.eu/esco/skill/9438b0dc-062a-4893-b176-959706e4ae1e,bruke miljøvennlige materialer,released,skill/competence,cross-sector,,Arbeide med miljøvennlige materialer som vannbaserte etterbehandlingssystemer for materialer eller klebemidler uten formaldehyd.,http://data.europa.eu/esco/skill/4c3ab565-747c-4db3-8c47-79e8d6f98cf4 | http://data.europa.eu/esco/skill/2aaad52d-599e-4e77-a681-bbc236825821 | http://data.europa.eu/esco/skill/8064ae65-5d1b-44e1-9aaf-246a4285a9a6,bidra til å minske de negative følgene av forbruk | vurdere miljøvirkningen av personlig atferd | overholde lover og standarder for miljøbeskyttelse
KnowledgeSkillCompetence,http://data.europa.eu/esco/skill/94747ff4-603d-47d4-9780-bf53be41e190,inspisere industrielt utstyr,released,skill/competence,cross-sector,,"Inspisere utstyr som brukes i industrien, for eksempel produksjons- eller anleggsutstyr, for å sikre at utstyret er i samsvar med lovverket for helse, sikkerhet og miljø.",http://data.europa.eu/esco/skill/6d0cad66-82dd-4854-a03a-68232942c68d,installere deler av tre og metall
KnowledgeSkillCompetence,http://data.europa.eu/esco/skill/956487a3-5b0b-4d03-8d0e-01e71fb65482,sosiale obligasjoner,released,knowledge,sector-specific,obligasjoner med utbetaling ved suksess | betale for suksess-finansiering | sosiale ytelsesobligasjoner | sosiale konsekvensbindinger,"Et sett med finansielle instrumenter som tar sikte på å innhente kapital for prosjekter med positive sosiale resultater, og som gir avkastning på investeringen ved oppnåelse av spesifikke sosialpolitiske mål. Sosiale obligasjoner brukes vanligvis til å finansiere prosjekter på områder som rimelig infrastruktur, tilgang til viktige tjenester, ansettelsesprogrammer, matvaresikkerhet og bærekraftige matvaresystemer.
	",http://data.europa.eu/esco/isced-f/0412,"finans, bank og forsikring"
KnowledgeSkillCompetence,http://data.europa.eu/esco/skill/9582094d-e08c-4df2-a6f1-7c321724f273,naturlige matressurser,released,knowledge,occupation-specific,,"Beliggenhet, kvaliteter og bearbeiding av sikre, spiselige, drikkelige naturlige produkter, f.eks. frukt, planter, kjøtt og friskt eller resirkulert vann.",http://data.europa.eu/esco/isced-f/0721,matproduksjon
KnowledgeSkillCompetence,http://data.europa.eu/esco/skill/95bff246-c3ce-4181-a11b-e4363453c2f8,miljøstyringsstandarder,released,knowledge,cross-sector,ISO 14000 | ISO 14001,"Kravene til en organisasjon for å implementere miljøstyringssystemet for å forbedre miljøprestasjonen, for eksempel ISO 14001.
	",http://data.europa.eu/esco/isced-f/0712,miljøvernteknologi
KnowledgeSkillCompetence,http://data.europa.eu/esco/skill/96835f47-da71-415b-8cbf-d37386dc98d4,gjennomføre miljøundersøkelser,released,skill/competence,cross-sector,,Gjennomføre undersøkelser for å innhente informasjon for analyse og håndtering av miljørisiko i en organisasjon eller i en bredere sammenheng.,http://data.europa.eu/esco/skill/7eafec38-621a-4b6e-9298-bfe70ec0b253,utføre akademiske undersøkelser eller markedsundersøkelser
KnowledgeSkillCompetence,http://data.europa.eu/esco/skill/96d549bb-3e62-4c45-92a7-f114df089581,analysere forsyningskjedestrategier,released,skill/competence,cross-sector,,"Undersøke en organisasjons planleggingsdetaljer for produksjon, forventede behov for produksjonsenheter, kvalitet, mengde, kostnad, tilgengelig tid og arbeidskraft. Gi forslag for å forbedre produkter og tjenestekvalitet, og for å redusere kostnader.",http://data.europa.eu/esco/skill/7dd94ad3-13d6-43fe-8b94-51fcbf67ced9 | http://data.europa.eu/esco/skill/bdcf429c-5ccf-4c3d-bb61-4c987573a35e | http://data.europa.eu/esco/skill/ec528c47-65f4-4187-9dc1-5a8889f84a06,tenke kritisk | utvise gründerånd | analysere forretningsvirksomheter
KnowledgeSkillCompetence,http://data.europa.eu/esco/skill/96d901a6-c931-4e8d-b685-a47e1deaaa1b,identifisere energibehov,released,skill/competence,sector-specific,,"Identifisere typen og mengden energitilførsel som er nødvendig for en bygning eller et anlegg for å gi de mest gunstige, bærekraftige og kostnadseffektive energitjenestene for en forbruker.",http://data.europa.eu/esco/skill/b917784a-d7c9-437c-be6e-0de41067fa62,estimere ressursbehov
KnowledgeSkillCompetence,http://data.europa.eu/esco/skill/97725325-5287-4ebb-9f83-1ba2c38f465c,produsere bærekraftige produkter,released,skill/competence,cross-sector,utvikle bærekraftige produkter | lage grønne produkter | produsere produkter med lav innvirkning | produsere laveffektsprodukter | produsere grønne produkter,"Produsere varer på en bærekraftig måte gjennom hele produktets livssyklus som innebærer å fremme sosialt ansvar, spare ressurser og minimere negative miljøpåvirkninger.
	",http://data.europa.eu/esco/skill/8064ae65-5d1b-44e1-9aaf-246a4285a9a6,overholde lover og standarder for miljøbeskyttelse
KnowledgeSkillCompetence,http://data.europa.eu/esco/skill/97902800-f9e0-4a73-8826-6cc42f874a18,grønn logistikk,released,knowledge,cross-sector,miljøbevisst logistikk | grønn logistikkvirksomhet | miljøvennlig logistikk | økologisk bevisst logistikk | grønne logistikkprinsipper | grønne logistikkparadigmer | grunnprinsipper for grønn logistikk | grønne logistikkoperasjoner | paradigmer for grønn logistikk | prinsipper for grønn logistikk,"Tilnærmingene og aktivitetene som tar sikte på å minimere den økologiske påvirkningen av logistikkaktiviteter.
	",http://data.europa.eu/esco/isced-f/0413 | http://data.europa.eu/esco/skill/e843973c-23dd-416a-8a9c-9e89512542fb,ledelse og administrasjon | logistikk
KnowledgeSkillCompetence,http://data.europa.eu/esco/skill/97b473ae-8535-498d-9999-cc77549c5e50,identifisere montert kilde for varmepumper,released,skill/competence,sector-specific,velge ideell kilde for varmepumper | velge kilde til varmepumper,"Bestemme tilgjengelige varme- og energikilder, og velge mellom ulike typer tilgjengelige varmekilder, under hensyn til kildetemperaturens virkning på energieffektiviteten.
	",http://data.europa.eu/esco/skill/6ee936b0-4e0c-4e04-97c7-1f4ee9230d67,utvikling av mål og strategier
KnowledgeSkillCompetence,http://data.europa.eu/esco/skill/982ccb23-102c-4d7a-a899-4df50a032def,installere konsentrerte solenergisystemer,released,skill/competence,occupation-specific,installere fotovoltaisk kraftanlegg | installasjon av konsentrerte solenergisystemer | installere systemer for konsentrert solenergi | montering av konsentrert solenergisystem | installasjon av konsentrert solenergisystem | installering av konsentrerte solenergisystemer | installere solcellekraftverk,"Installere systemer som bruker reflekterende materialer, for eksempel linser og speil, og sporingssystemer for å konsentrere sollys til en stråle som driver et elektrisk kraftverk gjennom varmeproduksjon.",http://data.europa.eu/esco/skill/b85caa4a-f04b-4331-80df-11404fd71225,"installere utstyr for oppvarming, ventilasjon og luftkondisjonering"
KnowledgeSkillCompetence,http://data.europa.eu/esco/skill/988f696e-01c9-4aa5-b024-4aa96505ee0c,betjene vannoppvarmingsutstyr,released,skill/competence,sector-specific,,"Betjene vannoppvarmingsutstyr, for eksempel elektrisk utstyr, varmevekslere, varmepumper og solvarmeanlegg.",http://data.europa.eu/esco/skill/8bf9699c-f964-4e4b-ac3d-55aface09cbc,betjene utstyr for energiproduksjon eller -distribusjon
KnowledgeSkillCompetence,http://data.europa.eu/esco/skill/9920e559-e66c-44a8-b853-bf5c66f123fe,overvåke biofiltersystemer,released,skill/competence,occupation-specific,,"Overvåke biofiltersystemer som brukes til å kontrollere vann- og luftforurensning.
	",http://data.europa.eu/esco/skill/6d0cad66-82dd-4854-a03a-68232942c68d,installere deler av tre og metall
KnowledgeSkillCompetence,http://data.europa.eu/esco/skill/995f7d9c-45c9-4622-b704-739982ff9070,vannkildeutvikling,released,knowledge,sector-specific,,"Studie av relevante egenskaper til en vannkilde, som tar sikte på en bærekraftig fordeling av sine ressurser og prosessen med å opprette og gjennomføre planer, programmer og prosjekter for å opprettholde og styrke vannkildefunksjoner som påvirker planten, dyret og menneskelige samfunn innenfor et vannkildefelt.",http://data.europa.eu/esco/isced-f/0732,bygg og anlegg
KnowledgeSkillCompetence,http://data.europa.eu/esco/skill/9a354775-1a03-4258-a357-be4ab0a07465,etablere grønne tak,released,skill/competence,sector-specific,,"Etablere vegetasjon på tak, og ta hensyn til vann og drenering, filter og jord. Plante egnet gress, eventuelt busker og trær. Lage grønne tak i samsvar med HMS-regler.",http://data.europa.eu/esco/skill/b2c688b0-9106-466d-8b88-eafdfe608e7d,designe strukturer eller fasiliteter
KnowledgeSkillCompetence,http://data.europa.eu/esco/skill/9b242812-7d88-4219-bac7-1195ecc4db51,resirkuleringssystemer,released,knowledge,sector-specific,,"Egenskaper og virkemåte for kompleks sirkulasjon, lufting og biofiltersystemer.",http://data.europa.eu/esco/isced-f/0732,bygg og anlegg
KnowledgeSkillCompetence,http://data.europa.eu/esco/skill/9b5aa426-7daa-4143-8d70-c3623e8c7e60,designe vindu- og glassystemer,released,skill/competence,sector-specific,designe energieffektive løsninger for vindus- og glassystemer,"Designe vindu-/glassystem for optimal komfort og energiytelse. Evaluere og designe et optimalt skjermingssystem med tilhørende kontrollstrategi.
	",http://data.europa.eu/esco/skill/883eab8c-d8a6-4e8b-9b11-7d9001e172ab,designe systemer og produkter
KnowledgeSkillCompetence,http://data.europa.eu/esco/skill/9be02d2d-9d45-400b-aa05-1e9aee7bd815,mini-vindkraftgenerering,released,knowledge,sector-specific,innenlandske vindturbiner | vindgenerator | mini-vindanlegg | minivindturbiner,"Mini-vindturbiner for strømproduksjon på stedet (på et tak o.l.), og deres bidrag til energiytelse.
	",http://data.europa.eu/esco/skill/25fb676a-cf69-487d-a9c1-273c6f291b6a | http://data.europa.eu/esco/isced-f/0713,vindenergi | elektrisitet og energi
KnowledgeSkillCompetence,http://data.europa.eu/esco/skill/9c07b3e2-b919-4594-b6f2-e01df6e9390f,designe mikroklimaer i bygninger,released,skill/competence,sector-specific,designe mikroklima i nær nullutslipp-bygg | design av mikroklima i nær nullutslipp-bygg,"Diskutere og vurdere de klimatiske og lokale forholdene på stedet for bruk av optimale passive strategier (mikro- og makroklima). Kombinere flere designstrategier, inkludert de viktigste passive designstrategiene, og vurdere ytelsen som et helhetlig energikonsept for bygg.
	",http://data.europa.eu/esco/skill/883eab8c-d8a6-4e8b-9b11-7d9001e172ab,designe systemer og produkter
KnowledgeSkillCompetence,http://data.europa.eu/esco/skill/9ccb56ee-3d5f-4d48-8692-8f96fe1e4adb,kjølesystem – solabsorpsjon,released,knowledge,sector-specific,solkjøling | dampabsorberingskjøling | solabsorberende kjøling | solabsorpsjonskjølesystem,"Solabsorpsjonskjøling er et varmeaktivert kjølesystem basert på en løsningsabsorpsjonsprosess. Det bidrar til bedre utnyttelse av energi.
	",http://data.europa.eu/esco/isced-f/0713,elektrisitet og energi
KnowledgeSkillCompetence,http://data.europa.eu/esco/skill/9cf2856d-0375-4ec3-a51f-7f9c82119859,vedlikeholde solenergisystemer,released,skill/competence,cross-sector,vedlikeholde solskorsteinen | teste ytelsen til solcellepanelet | vedlikeholde Solar Updraft Tower | vedlikeholde solcellepaneler | vedlikehold av solcellepaneler | reparere solcellepaneler | vedlikehold av solenergisystemer,"Teste ytelsen til solcellepaneler, lese av måleapparatene for å sjekke strømindikatorer, identifisere og utbedre funksjonssvikt og rengjøre panelene ved behov.",http://data.europa.eu/esco/skill/ab75d510-ac75-482d-b671-bb3bad741f07 | http://data.europa.eu/esco/skill/ec0401f1-f690-46be-934b-f6f5611085f5,"utføre arbeidsrelaterte målinger | vedlikeholde elektrisitets-, elektro- og presisjonsutstyr"
KnowledgeSkillCompetence,http://data.europa.eu/esco/skill/9d04490c-cea5-4765-a15e-99c46b543c1d,koordinere leveranser av gjenvinningsmaterialer,released,skill/competence,cross-sector,,Koordinere og føre tilsyn med levering av gjenvinningsmaterialer. Kommunisere med gjenvinningsbedrifter og speditører.,http://data.europa.eu/esco/skill/40f27736-0d98-4446-8234-11646e4f4bc3 | http://data.europa.eu/esco/skill/cfd5ab8f-ef8a-4877-8243-ddf17ac74604,overvåke logistikken til ferdige produkter | planlegge arrangementer og programmer
KnowledgeSkillCompetence,http://data.europa.eu/esco/skill/9d3490b2-a0e6-415b-81a4-a3a4a63268b0,vedlikeholde plantehelse,released,skill/competence,sector-specific,,"Forvalte og støtte generell plantehelse. Bruke bærekraftige hagebruksteknikker og integrert bekjempelse av skadedyr i hager, både utendørs og innendørs.",http://data.europa.eu/esco/skill/b7c82b1b-cff9-4641-a62f-e4e28395eade,dyrke jorden og avlinger
KnowledgeSkillCompetence,http://data.europa.eu/esco/skill/9d75efb9-0c77-4f86-b5e7-99100808564a,skadedyrbekjempelse i planter,released,knowledge,cross-sector,,"Typer og funksjoner til skadedyr i planter og avlinger. Ulike typer metoder for bekjempelse av skadedyr, aktiviteter som bruker konvensjonelle eller biologiske metoder, tatt i betraktning typen plante eller avling, miljø- og klimaforhold og regelverk for helse og sikkerhet. Lagre og håndtere produkter.",http://data.europa.eu/esco/isced-f/0811,dyrking av nyttevekster og dyreoppdrett
KnowledgeSkillCompetence,http://data.europa.eu/esco/skill/9da6f4ba-24a0-485f-bf66-3f632387dcd9,overvåke sirkulasjonssystem for akvakultur,released,skill/competence,occupation-specific,,"Føre tilsyn med sirkulasjons- og luftesystemer ved hjelp av vannkjemianalyse.
	",http://data.europa.eu/esco/skill/6d0cad66-82dd-4854-a03a-68232942c68d,installere deler av tre og metall
KnowledgeSkillCompetence,http://data.europa.eu/esco/skill/9dfab993-ecab-4292-9cb2-528a93eb3161,anvende teknikker for habitatsundersøkelse,released,skill/competence,sector-specific,,"Bruke utvalgsstrategier og en rekke teknikker for habitatundersøkelser, for eksempel geografiske informasjonssystemer (GIS), Global Positioning System (GPS), flyfotografier, registre og kart.",http://data.europa.eu/esco/skill/d519fadd-85bf-475f-bf14-c53a0290687d,overvåke miljøforhold
KnowledgeSkillCompetence,http://data.europa.eu/esco/skill/9ecd4016-b9de-480d-8ec3-9881644f0eda,bruke lydmålingsinstrumenter,released,skill/competence,occupation-specific,,"Betjene instrumenter, for eksempel omformere og lydmålere, for å måle støynivåer i et miljø for å hindre støyforurensning.",http://data.europa.eu/esco/skill/c8f4aad2-ea23-49a2-9708-a6049c2d28ce | http://data.europa.eu/esco/skill/b92758d4-4591-4df1-9ceb-f907aa71ebd9,bruke presisjonsmåleutstyr | bruke måleinstrumenter
KnowledgeSkillCompetence,http://data.europa.eu/esco/skill/9f719da2-5ba8-46b8-b20b-3d5f59208f49,monteringssystemer for solcellepaneler,released,knowledge,sector-specific,solcellepanelfester | systemer for montering av solcellepaneler | stangfester | fester for solcellepaneler | solcellepaneler | ballastfester | sporfester,"Ulike måter å sette opp solpaneler på, f.eks. stolpemontering, der panelene er festet til en flate, montering med ballast, der det brukes vekter til å holde panelene på plass, og solsporing, der paneler er montert på en overflate i bevegelse for å følge solen på himmelen for optimal solbestråling.",http://data.europa.eu/esco/isced-f/0713,elektrisitet og energi
KnowledgeSkillCompetence,http://data.europa.eu/esco/skill/9f763ac3-1d6c-48d2-ab54-324b1b144f40,håndtere luftkvalitet,released,skill/competence,cross-sector,,"Overvåke, revidere og håndtere luftkvaliteten, inkludert utbedringstiltak.",http://data.europa.eu/esco/skill/d519fadd-85bf-475f-bf14-c53a0290687d,overvåke miljøforhold
KnowledgeSkillCompetence,http://data.europa.eu/esco/skill/a118a699-7258-48d1-bc45-45fc04f792c8,ingredienstrusler,released,knowledge,sector-specific,,"Ingredienser og potensielle risikoer som kan skade mennesker, flora og fauna. Funksjoner i ingrediensoppskrifter.",http://data.europa.eu/esco/isced-f/0721,matproduksjon
KnowledgeSkillCompetence,http://data.europa.eu/esco/skill/a2723f98-0fb2-469b-8c79-7ad2d0f73660,håndtere avfall fra gruveanlegg,released,skill/competence,sector-specific,,"Sørge for at avfall fra gruveanlegg deponeres på en trygg, effektiv og miljøvennlig måte.",http://data.europa.eu/esco/skill/2fb4b423-c1e4-407d-ba48-38032d8dcda2 | http://data.europa.eu/esco/skill/61d1dab2-6007-4b7c-9380-cd88207fa30f,håndtere avfallsstein | kaste ikke-farlig avfall eller skrot
KnowledgeSkillCompetence,http://data.europa.eu/esco/skill/a28c96cd-a43d-4143-b992-903356d0923e,administrere habitater,released,skill/competence,cross-sector,,Skape og administrere naturlige habitater.,http://data.europa.eu/esco/skill/8064ae65-5d1b-44e1-9aaf-246a4285a9a6,overholde lover og standarder for miljøbeskyttelse
KnowledgeSkillCompetence,http://data.europa.eu/esco/skill/a3629b49-ef78-49ce-8538-033772d6e6ca,utføre en forhåndsvurdering av kraftvarme,released,skill/competence,sector-specific,utføre mulighetsstudie om kogenanlegg | gjøre en mulighetsstudie om kogenanlegg,"Utføre evalueringen og vurderingen av potensialet til kraftvarme. Utføre en standardisert studie for å avgjøre tekniske krav, reguleringer og kostnader. Estimere behovet for elektrisk kraft, oppvarming og varmelagring for å avgjøre mulighetene ved kraftvarme ved hjelp av belastnings- og belastningsvarighetskurver, og utføre undersøkelser for å støtte beslutningstaking.
	",http://data.europa.eu/esco/skill/d74df140-eb69-43e2-bac9-1cafc824d702 | http://data.europa.eu/esco/skill/ec528c47-65f4-4187-9dc1-5a8889f84a06,gjennomføre mulighetsstudie | analysere forretningsvirksomheter
KnowledgeSkillCompetence,http://data.europa.eu/esco/skill/a366bfc5-8d17-4792-a9f0-db0951528dda,gi råd om håndtering av systemer for miljørisiko,released,skill/competence,cross-sector,,Vurdere krav og gi råd om systemer for styring av miljørisiko. Sørge for kunden gjøs sin del for å forebygge eller begrense skadevirkninger på miljøet gjennom bruk av teknologi. Sørge for at nødvendige lisenser og tillatelser innhentes.,http://data.europa.eu/esco/skill/045f71e6-0699-4169-8a54-9c6b96f3174d | http://data.europa.eu/esco/skill/0efbe2dc-2770-47ec-b8f4-d1bdff6ac0a4 | http://data.europa.eu/esco/skill/7e153e1d-2b12-43ad-89f3-0cf82ebc4a30 | http://data.europa.eu/esco/skill/b13e0689-636d-42d0-86c3-df9d6f85a882,gi råd | gi råd om risikostyring | utføre risikoanalyse og -styring | forvalte miljøstyringssystem
KnowledgeSkillCompetence,http://data.europa.eu/esco/skill/a420a3ed-32a1-4ab8-b590-cba5a89bc8f8,analysere reisealternativer,released,skill/competence,sector-specific,,"Analysere mulige forbedringer av reiseeffektiviteten ved å redusere reisetiden gjennom å endre ruter og skissere alternativer.
	",http://data.europa.eu/esco/skill/d9013e0e-e937-43d5-ab71-0e917ee882b8 | http://data.europa.eu/esco/skill/8bc75dce-beba-40f9-93fc-66c9708ed74b | http://data.europa.eu/esco/skill/f2cf57fe-d4cb-4b4a-831d-73171cc73909,"administrere tid | gi råd om effektivisering | evaluere system, program, utstyr og produkter"
KnowledgeSkillCompetence,http://data.europa.eu/esco/skill/a5f836cc-7e6d-4f3d-a7ee-0146ebb84260,lage jord- og planteforbedringsprogrammer,released,skill/competence,sector-specific,,Utvikle og gi råd om gjennomføring av programmer for sunn jord og plantenæring.,http://data.europa.eu/esco/skill/6ee936b0-4e0c-4e04-97c7-1f4ee9230d67,utvikling av mål og strategier
KnowledgeSkillCompetence,http://data.europa.eu/esco/skill/a7573f65-d00c-417f-b952-441ebaeed675,lage plantevernplaner,released,skill/competence,sector-specific,,Overvåke avlinger for å se etter problemer med plantevernet. Utforme integrerte kontrollstrategier. Vurdere konsekvensene ved bruk av plantevernmidler. Holde tritt med utviklingen innen bioteknologi for å bidra til å redusere bruken av kjemikalier. Håndtere plantevernmidler.,http://data.europa.eu/esco/skill/8064ae65-5d1b-44e1-9aaf-246a4285a9a6,overholde lover og standarder for miljøbeskyttelse
KnowledgeSkillCompetence,http://data.europa.eu/esco/skill/a8429098-ddac-481b-91e7-688d021c092e,økologi,released,knowledge,cross-sector,,Studie av hvordan organismer samhandler og deres forhold til omgivelsene.,http://data.europa.eu/esco/isced-f/0521,miljøvitenskap
KnowledgeSkillCompetence,http://data.europa.eu/esco/skill/a8f1c3cf-bd8b-4c85-80d3-c69955f6bd00,beskjæringsteknikker,released,knowledge,sector-specific,,Teknikker for selektiv fjerning av deler på trær og planter for å fremme bedre vekst og regenerering.,http://data.europa.eu/esco/isced-f/0812,hagebruk
KnowledgeSkillCompetence,http://data.europa.eu/esco/skill/a929f335-e5b9-4f8f-a052-0a8b166d595c,geotermiske kraftgenereringsmetoder,released,knowledge,occupation-specific,,"Ulike måter å trekke ut den termiske energien lagret i jorden på for å produsere elektrisk kraft ved å utvinne damp for å aktivere turbiner, ved å trekke ut varmt vann og omdanne dette til damp, eller ved å bruke et binært system som endrer en sekundær væske til damp.",http://data.europa.eu/esco/isced-f/0713,elektrisitet og energi
KnowledgeSkillCompetence,http://data.europa.eu/esco/skill/a94dbd21-611b-4540-9ce0-66db8e8f6ed8,kystforvaltning,released,knowledge,sector-specific,kystforvaltningsstrategier,"Prosessen med å nå og opprettholde en likevekt mellom naturfenomener og menneskelige aktiviteter i kystområder.
	",http://data.europa.eu/esco/isced-f/0521,miljøvitenskap
KnowledgeSkillCompetence,http://data.europa.eu/esco/skill/a9c1a772-8ef6-4dd7-93a4-c6bbf3293688,Code of Conduct for Responsible Fisheries,released,knowledge,cross-sector,,De forente nasjoners organisasjon for næringsmidler og landbruk (FAO) for ansvarlig fiskeri og retningslinjer som er etablert for yrkesfiskere.,http://data.europa.eu/esco/isced-f/0831,fiskeri
KnowledgeSkillCompetence,http://data.europa.eu/esco/skill/aaa84f7f-4006-4d9b-81e0-e8eeacdde025,utføre en forhåndsvurdering av biogassenergi,released,skill/competence,sector-specific,gjennomføre mulighetsstudie om biogassenergi | utføre en mulighetsstudie om biogassenergi | gjøre en mulighetsstudie om biogassenergi,"Utføre evaluering og vurdering av potensialet for å generere biogass fra avfallsmaterialer. Realisere en standardisert studie for å avgjøre den totale eierkostnaden, fordeler og ulemper ved å bruke denne formen for energi, og utføre forskning for å støtte beslutningsprosessen.
	",http://data.europa.eu/esco/skill/d74df140-eb69-43e2-bac9-1cafc824d702 | http://data.europa.eu/esco/skill/ec528c47-65f4-4187-9dc1-5a8889f84a06,gjennomføre mulighetsstudie | analysere forretningsvirksomheter
KnowledgeSkillCompetence,http://data.europa.eu/esco/skill/aac9e93a-106a-4cdc-8d27-ac3a9ffce0ac,International Convention for the Prevention of Pollution from Ships,released,knowledge,cross-sector,,"De grunnleggende prinsippene og kravene som er fastsatt i International Convention for the Prevention of Pollution from Ships (MARPOL): Regulations for the Prevention of Pollution by Oil, Regulations for the Control of Pollution by Noxious Liquid Substances in Bulk, prevention of Pollution by Harmful Substances Carried by Sea in Packaged Form, Prevention of Pollution by Sewage from Ships, Prevention of Pollution by Garbage from Ships, Prevention of Air Pollution from Ships.",http://data.europa.eu/esco/skill/243ffeb4-3395-4e39-9cf0-695be5b142aa | http://data.europa.eu/esco/isced-f/0421,maritim lovgivning | jus
KnowledgeSkillCompetence,http://data.europa.eu/esco/skill/aadf267e-08f0-4bf3-ae4a-f1670b8e9e5d,fornybare energiteknologier – offshore,released,knowledge,sector-specific,teknologi for offshore fornybar energi | teknologi for marin fornybar energi | marine fornybare energiteknologier,"De forskjellige teknologiene som brukes til å implementere maritim fornybar energi i økende grad, for eksempel vind-, bølge- og tidevannsturbiner, flytende fotovoltaikk, hydrokratiske generatorer og konvertering av termisk energi i sjøen (OTEC).
	",http://data.europa.eu/esco/isced-f/0713,elektrisitet og energi
KnowledgeSkillCompetence,http://data.europa.eu/esco/skill/ab0deac2-b872-45c8-ad65-657938d2fe79,drifte solvarmesystemer for varmtvann og oppvarming,released,skill/competence,sector-specific,implementere solvarmesystemer | ta i bruk solvarmesystemer | solrørsamlere | betjene solrørsamlere | systemer basert på termisk solenergi,"Bruk av solrørsamlersystemer for å generere og lagre varmt tappevann og vann til oppvarming og dets bidrag til energiytelse.
	",http://data.europa.eu/esco/skill/8bf9699c-f964-4e4b-ac3d-55aface09cbc,betjene utstyr for energiproduksjon eller -distribusjon
KnowledgeSkillCompetence,http://data.europa.eu/esco/skill/ab1cb4c3-8a39-4e26-aa53-6e0680eb08dc,kjølesystemer for hjem,released,knowledge,sector-specific,kjølesystemer | huskjøling | hjemmekjølesystemer | klimaanlegg,"Moderne og tradisjonelle kjølesystemer som klimaanlegg, ventilasjon eller strålekjøling, og disse systemenes energisparingsprinsipper.
	",http://data.europa.eu/esco/isced-f/0713,elektrisitet og energi
KnowledgeSkillCompetence,http://data.europa.eu/esco/skill/ae6d655d-bbce-4701-ba04-d687cfa90eda,beskytte biologisk mangfold,released,skill/competence,sector-specific,,"Beskytte det biologiske mangfoldet blant dyr, planter og mikroorganismer gjennom miljømessig bærekraftige tiltak som å opprettholde naturlige habitater og bevare naturen.
	",http://data.europa.eu/esco/skill/d168d98c-b7bb-4b9a-b1dc-eac008af4df3 | http://data.europa.eu/esco/skill/8064ae65-5d1b-44e1-9aaf-246a4285a9a6,implementere handlingsplaner for biologisk mangfold | overholde lover og standarder for miljøbeskyttelse
KnowledgeSkillCompetence,http://data.europa.eu/esco/skill/aeb400b6-d38c-45cc-9252-3c6983c614bb,gjennomføre økologiske feltundersøkelser,released,skill/competence,sector-specific,,Gjennomføre feltundersøkelser for å samle inn informasjon om antall og fordeling av organismer.,http://data.europa.eu/esco/skill/7eafec38-621a-4b6e-9298-bfe70ec0b253,utføre akademiske undersøkelser eller markedsundersøkelser
KnowledgeSkillCompetence,http://data.europa.eu/esco/skill/afdcb380-ef9f-4785-b877-cc551f035034,agronomi,released,knowledge,cross-sector,,Studien av kombinering av landbruksproduksjon og beskyttelse og regenerering av naturlig miljø. Omfatter prinsipper og metoder for kritisk utvelging og egnede metoder for anvendelse av bærekraft i landbruket.,http://data.europa.eu/esco/isced-f/0811,dyrking av nyttevekster og dyreoppdrett
KnowledgeSkillCompetence,http://data.europa.eu/esco/skill/affb720b-98e7-4ae6-b833-b12e94fa8987,hydroponikk,released,knowledge,sector-specific,,"Dyrking av planter uten bruk av jord, ved å bruke mineralnæringsløsninger.
	",http://data.europa.eu/esco/isced-f/0812,hagebruk
KnowledgeSkillCompetence,http://data.europa.eu/esco/skill/b013ae1f-5efc-42b5-8dab-8a8add39bbd8,håndheve lover for drivstofflager,released,skill/competence,sector-specific,,"Håndheve regler for oppbevaring av drivstoff i samsvar med lover, regler og retningslinjer, herunder miljørelaterte.",http://data.europa.eu/esco/skill/802deca0-b880-4d1a-b366-e13b27621baf,følge driftsrutiner
KnowledgeSkillCompetence,http://data.europa.eu/esco/skill/b115cabc-c030-45b2-ac8e-922d45716183,biomassekonvertering,released,knowledge,sector-specific,,"Konverteringsprosess hvorved biologisk materiale blir varmt gjennom forbrenning eller biodrivstoff gjennom kjemiske, termiske og biokjemiske metoder.",http://data.europa.eu/esco/skill/e9ff446f-6a8a-4e35-a611-176508964be3 | http://data.europa.eu/esco/skill/609d6bb4-db16-4578-87fc-57b11a701cc2 | http://data.europa.eu/esco/isced-f/0512,alternative drivstoff | bioøkonomi | biokjemi
KnowledgeSkillCompetence,http://data.europa.eu/esco/skill/b13e0689-636d-42d0-86c3-df9d6f85a882,forvalte miljøstyringssystem,released,skill/competence,cross-sector,,Utvikle og gjennomføre et miljøstyringssystem.,http://data.europa.eu/esco/skill/4c3ab565-747c-4db3-8c47-79e8d6f98cf4 | http://data.europa.eu/esco/skill/8064ae65-5d1b-44e1-9aaf-246a4285a9a6,bidra til å minske de negative følgene av forbruk | overholde lover og standarder for miljøbeskyttelse
KnowledgeSkillCompetence,http://data.europa.eu/esco/skill/b1b118c4-3291-484e-b64d-6d51fd5da8b3,miljøingeniørfag,released,knowledge,cross-sector,,"Anvendelse vitenskapelige og tekniske teorier og prinsipper som tar sikte på å forbedre miljø og bærekraft, f.eks. levering av rene boligfasiliteter (for eksempel luft, vann og grunn) for mennesker og andre organismer, for miljøvern i forbindelse med forurensning, bærekraftig utvikling av energi og bedre avfallshåndtering og metoder for å redusere avfall.",http://data.europa.eu/esco/isced-f/0712,miljøvernteknologi
KnowledgeSkillCompetence,http://data.europa.eu/esco/skill/b21072bc-7c50-4ec7-a822-5233e9363b53,kontamineringsfarer knyttet til tilberedt dyrefôr,released,knowledge,sector-specific,,Farer for forurensning og fare for ødeleggelse i forbindelse med dyrefôr. Forebygging og reaksjon.,http://data.europa.eu/esco/isced-f/0811,dyrking av nyttevekster og dyreoppdrett
KnowledgeSkillCompetence,http://data.europa.eu/esco/skill/b25c3eb8-fd63-4d77-8308-7061dbd271c1,sikre naturressurser,released,skill/competence,sector-specific,bevare naturressurser,Beskytte farvann og naturressurser og samordne tiltak. Arbeide med miljøbyråer og ressursforvaltningpersonale.,http://data.europa.eu/esco/skill/8064ae65-5d1b-44e1-9aaf-246a4285a9a6,overholde lover og standarder for miljøbeskyttelse
KnowledgeSkillCompetence,http://data.europa.eu/esco/skill/b2b970ad-0276-4069-ba31-899a53191b95,biofiltersystemer,released,knowledge,occupation-specific,,Teknikker som brukes til å bekjempe forurensning gjennom biofiltreringsprosesser.,http://data.europa.eu/esco/isced-f/0712,miljøvernteknologi
KnowledgeSkillCompetence,http://data.europa.eu/esco/skill/b2f05068-c409-43ec-ba58-b5dfe991ca5e,gi råd om samfunnsansvar,released,skill/competence,occupation-specific,,"Informere andre om det sosiale ansvaret for selskaper og organisasjoner i samfunnet og gi råd for å forlenge deres bærekraft.
	",http://data.europa.eu/esco/skill/062a9fde-cd91-44f9-9a2f-9e2bc3b281fd,gi råd om miljøspørsmål
KnowledgeSkillCompetence,http://data.europa.eu/esco/skill/b30c2dd2-996c-4984-9c68-ce05bf26f1e1,lære opp personell om resirkulering,released,skill/competence,cross-sector,,"Lære opp personell om de ulike typene gjenvinningsmetoder og -programmer som er tilgjengelige for et selskap, samt alle de framgangsmåter og retningslinjer som må tas i betraktning.",http://data.europa.eu/esco/skill/699e7c26-6502-4e78-a823-3656ff5a5b8b | http://data.europa.eu/esco/skill/9601b2a8-68e4-4906-9306-a23679b8f0b0 | http://data.europa.eu/esco/skill/6c4fa8c8-e9e1-49b5-897f-6b61fe649488,instruere andre | overvåke personell | gi opplæring i operasjonelle prosedyrer
KnowledgeSkillCompetence,http://data.europa.eu/esco/skill/b34f8562-9fcc-4e58-bd1c-8088ebadd315,gi råd om naturvern,released,skill/competence,sector-specific,,Gi opplysninger og foreslå tiltak i forbindelse med bevaring av naturen.,http://data.europa.eu/esco/skill/045f71e6-0699-4169-8a54-9c6b96f3174d | http://data.europa.eu/esco/skill/062a9fde-cd91-44f9-9a2f-9e2bc3b281fd,gi råd | gi råd om miljøspørsmål
KnowledgeSkillCompetence,http://data.europa.eu/esco/skill/b422efe7-b151-4120-86ae-db11a48dd0fa,gi råd om miljøtiltak,released,skill/competence,cross-sector,,Gi råd om utvikling og gjennomføring av tiltak som har som mål å fjerne kilder til forurensning fra miljøet.,http://data.europa.eu/esco/skill/045f71e6-0699-4169-8a54-9c6b96f3174d | http://data.europa.eu/esco/skill/062a9fde-cd91-44f9-9a2f-9e2bc3b281fd,gi råd | gi råd om miljøspørsmål
KnowledgeSkillCompetence,http://data.europa.eu/esco/skill/b4db1a85-2488-4dc9-bd53-3dcb3f9deac7,gjødslingsprinsipper,released,knowledge,cross-sector,,"Studier av anlegg, jordsmonntruktur, klimatiske og miljømessige problemstillinger i forbindelse med agronomisk produksjon.",http://data.europa.eu/esco/isced-f/0811,dyrking av nyttevekster og dyreoppdrett
KnowledgeSkillCompetence,http://data.europa.eu/esco/skill/b552832c-ad26-4901-b76c-232a53c74aba,koordinere kraftgenerering,released,skill/competence,sector-specific,,Kommunisere gjeldende etterspørsel etter produksjon av elektrisk kraft til personalet og fasilitetene for å sikre at produksjonen av elektrisk kraft økes eller reduseres tilsvarende.,http://data.europa.eu/esco/skill/75d8e5d9-bef3-418b-9011-01bff9f27207 | http://data.europa.eu/esco/skill/a19c5139-1250-4a60-9c31-a3243cca06cc,lede andre | kommunisere med medarbeidere og kunder
KnowledgeSkillCompetence,http://data.europa.eu/esco/skill/b55376e1-41c3-45f8-9b35-d3e7b1288a33,evaluere kjøretøyers miljømessige fotavtrykk,released,skill/competence,sector-specific,vurdere kjøretøyets CO2-utslipp | vurdere klimagassutslipp fra kjøretøy,"Evaluere kjøretøyenes miljømessige fotavtrykk og bruke ulike metoder for å analysere utslipp av drivhusgasser, for eksempel CO2-utslipp.
	",http://data.europa.eu/esco/skill/f7fc7bf8-f41d-44af-81e3-09b88e9779e6,teste elektriske og mekaniske systemer eller utstyr
KnowledgeSkillCompetence,http://data.europa.eu/esco/skill/b589ce7c-588f-4045-be2d-9332c2d2278d,overflateteknikk,released,knowledge,cross-sector,,"Ingeniørfaget som undersøker måter å motvirke forringelse av miljøet på, f.eks. korrosjon og deformasjon av overflater av materialer, ved å endre egenskapene til overflater og gjøre dem resistente mot miljøet der de vil bli brukt.",http://data.europa.eu/esco/skill/b1b118c4-3291-484e-b64d-6d51fd5da8b3 | http://data.europa.eu/esco/isced-f/0712,miljøingeniørfag | miljøvernteknologi
KnowledgeSkillCompetence,http://data.europa.eu/esco/skill/b589fa82-f177-4cce-9fb4-31bbbebf792b,grønn kjemi,released,knowledge,sector-specific,bærekraftig kjemi,"Prosessen med å lage kjemiske produkter som reduserer eller opphever den negative påvirkningen på miljøet forårsaket av bruk av farlige stoffer. Den følger alle fasene av kjemisk produktgenerering fra design til produksjon og avhending.
	",http://data.europa.eu/esco/isced-f/0711,kjemiteknikk og kjemiske prosesser
KnowledgeSkillCompetence,http://data.europa.eu/esco/skill/b70ab677-5781-40b5-9198-d98f4a34310f,toksikologi,released,knowledge,cross-sector,,"Negative virkninger av kjemikalier på levende organismer, deres dose og eksponering.",http://data.europa.eu/esco/isced-f/0512,biokjemi
KnowledgeSkillCompetence,http://data.europa.eu/esco/skill/b71fc6e4-14eb-488b-9f26-a7c15fd6d6e8,utføre forhåndsvurdering av geotermisk energi,released,skill/competence,sector-specific,gjøre en mulighetsstudie om geotermisk energi,"Utføre evaluering og vurdering av potensialet til et geotermisk energisystem. Utfør en standardisert studie for å fastsette kostnader, restriksjoner og tilgjengelige komponenter, og utføre forskning for å støtte beslutningsprosessen. Undersøke den beste systemtypen i kombinasjon med den tilgjengelige varmepumpetypen.
	",http://data.europa.eu/esco/skill/d74df140-eb69-43e2-bac9-1cafc824d702 | http://data.europa.eu/esco/skill/ec528c47-65f4-4187-9dc1-5a8889f84a06,gjennomføre mulighetsstudie | analysere forretningsvirksomheter
KnowledgeSkillCompetence,http://data.europa.eu/esco/skill/b7a26b32-c457-49aa-9a78-25ade10090e3,vedlikeholde vindturbiner,released,skill/competence,sector-specific,reparere vindturbiner,"Utføre alle nødvendige aktiviteter for å vedlikeholde vindturbinene slik at de fungerer som de skal. Smøre bevegelige deler som girkasser og lagre, kontrollere koblingene i systemet og løse eventuelle større problemer som måtte oppstå.
	",http://data.europa.eu/esco/skill/ec0401f1-f690-46be-934b-f6f5611085f5,"vedlikeholde elektrisitets-, elektro- og presisjonsutstyr"
KnowledgeSkillCompetence,http://data.europa.eu/esco/skill/b8316819-feca-403d-902f-a86562fd91e9,analysere transportbedriftsnettverk,released,skill/competence,cross-sector,,Analysere ulike transportbedriftsnettverk for å tilrettelegge for en mest mulig effektiv transport. Analysere nettverkene som har som mål å oppnå lavest mulig kostnader og høyest mulig effektivitet.,http://data.europa.eu/esco/skill/5da3c765-10a3-49eb-934c-ec401ceb1a34 | http://data.europa.eu/esco/skill/56042303-972b-41be-9310-58467599ff7e | http://data.europa.eu/esco/skill/1f2950c0-ef1e-44b4-9a55-125ccd7b78af,analysere forretningsplaner | analysere forretningsprosesser | analyse og evaluering av informasjon og data
KnowledgeSkillCompetence,http://data.europa.eu/esco/skill/b970e437-2f8b-42e3-ae49-6718a0cca44f,vanngjenbruk,released,knowledge,cross-sector,,Prinsipper for vanngjenbruksprosesser i komplekse sirkulasjonssystemer.,http://data.europa.eu/esco/isced-f/0732,bygg og anlegg
KnowledgeSkillCompetence,http://data.europa.eu/esco/skill/b9931096-a9b9-4db4-b210-6fcada68c2ff,koordinere forsendelser av avfallsmaterialer,released,skill/competence,occupation-specific,,"Organisere transport av farlig eller ikke-farlig avfall fra en kunde til et anlegg for behandling, lagring eller deponering av avfall, og sørge for at alle prosedyrer er i samsvar med miljøregelverket.",http://data.europa.eu/esco/skill/4c3ab565-747c-4db3-8c47-79e8d6f98cf4 | http://data.europa.eu/esco/skill/e6eeb84c-ad99-42e2-b883-e6ce338aef59,bidra til å minske de negative følgene av forbruk | planlegge drift og produksjonsprosesser
KnowledgeSkillCompetence,http://data.europa.eu/esco/skill/b9f67432-0057-4247-aa84-469f8c53b39d,avfalls- og skrapprodukter,released,knowledge,sector-specific,,"Det tilbys avfalls- og skrapprodukter, deres funksjoner, egenskaper samt krav i lover og forskrifter.",http://data.europa.eu/esco/skill/d6d3fee7-47e2-47f4-a0ec-6c75f28c6abd | http://data.europa.eu/esco/isced-f/1021,"produktforståelse | vann, avløp og renhold"
KnowledgeSkillCompetence,http://data.europa.eu/esco/skill/ba54cf3c-dd64-48ea-8a9d-ee621a05fb07,vurdere ventilasjonssystemers energiforbruk,released,skill/competence,sector-specific,gjøre energiberegning av ventilasjonssystemer,"Beregne og evaluere det totale energiforbruket til ventilasjonssystemet vedrørende elektrisk strømforbruk, varmetap i systemet og bygningen, på en årlig basis, for å velge et passende konsept.
	",http://data.europa.eu/esco/skill/f5f15f9c-6334-4728-8dc5-3a20a00dfc37,foreta kalkulasjoner
KnowledgeSkillCompetence,http://data.europa.eu/esco/skill/ba8b530e-8f6f-4667-b734-3358797c0595,typegodkjenning av kjøretøyer,released,knowledge,sector-specific,godkjenningssystem for hele kjøretøyer | EU-typegodkjenning,"Prosessen for å sertifisere at et kjøretøy eller dets systemer og komponenter oppfyller kravene angitt av gjeldende miljømessige, administrative og tekniske standarder og forskrifter.
	",http://data.europa.eu/esco/isced-f/1041,transporttjenester
KnowledgeSkillCompetence,http://data.europa.eu/esco/skill/bb4f3174-8d64-478b-8d9b-5f37cbf557b7,administrere antallet besøkende i vernede naturområder,released,skill/competence,sector-specific,,"Styre strømmen av besøkende i vernede naturområder for å minimere de besøkendes langsiktige innvirkning og for å sikre bevaring av lokal flora og fauna, i tråd med miljøforskrifter.
	",http://data.europa.eu/esco/skill/15fa3879-ac0e-46e6-ae36-609bae9c19c3,overvåke driftsaktiviteter
KnowledgeSkillCompetence,http://data.europa.eu/esco/skill/bb859329-0cd8-45c0-a09f-48b6dcd9fc1a,beskytte trær,released,skill/competence,sector-specific,,Bevare trær og ta hensyn til helsen og tilstanden til trær og planter for bevaring av området. Dette omfatter hugging og beskjæring av trær ved å anvende kunnskap om treets biologi.,http://data.europa.eu/esco/skill/8df12fb1-7f41-4068-8d05-007e8fec8f33 | http://data.europa.eu/esco/skill/8064ae65-5d1b-44e1-9aaf-246a4285a9a6,bevare skog | overholde lover og standarder for miljøbeskyttelse
KnowledgeSkillCompetence,http://data.europa.eu/esco/skill/bbfb0e36-807c-492f-bed2-267224ba7bc7,utføre forskning på forebygging av matavfall,released,skill/competence,cross-sector,utføre undersøkelser for å redusere matsvinn | analysere data om forebygging av matsvinn og komparativ reduksjon av matkostnader,"Undersøke og evaluere metoder, utstyr og kostnader for å redusere og håndtere matavfall. Overvåke registrerte måledata og identifisere områder for forbedring i forbindelse med forebygging av matavfall.
	",http://data.europa.eu/esco/skill/7eafec38-621a-4b6e-9298-bfe70ec0b253,utføre akademiske undersøkelser eller markedsundersøkelser
KnowledgeSkillCompetence,http://data.europa.eu/esco/skill/bc70f963-c1c0-49a5-b940-3e28e163db45,planlegge tiltak for å beskytte kulturarv,released,skill/competence,sector-specific,,"Utforme beskyttelsesplaner for uventede katastrofer for å redusere innvirkningen på kulturarv som bygninger, konstruksjoner eller landskap.
	",http://data.europa.eu/esco/skill/164510d1-1216-4dc0-b9d1-a7f6af19e469,utvikle beredskaps- og responsplaner
KnowledgeSkillCompetence,http://data.europa.eu/esco/skill/bc97c755-2174-4d02-adaf-21b8b1863742,håndtere miljøaspekter ved transport på innlands vannveier,released,skill/competence,sector-specific,vurdere miljøelementene ved transport på innlands vannveier | ta miljøhensyn ved transport langs innlandsvannveier | håndtere miljøaspekter ved å navigere på innlands vannveier | forstå økologiske aspekter ved transport langs indre vannveier | ta hensyn til miljøaspekter ved transport langs indre vannveier | vurdere miljøpåvirkningen ved å navigere indre vannveier | håndtere den økologiske påvirkningen fra transport langs indre vannveier | håndtere den økologiske effekten av transport langs indre vannveier | ta opp miljøhensyn ved innlandsvannstransport | håndtere miljøaspekter ved navigering i indre vannveier | reflektere over økologiske hensyn ved transport langs innlandsvannveier,Vurdere økologiske aspekter ved driften av skip for å bruke fartøy på en effektiv og miljøvennlig måte. Forstå miljøaspektene ved fart på innlandsvannveier.,http://data.europa.eu/esco/skill/8064ae65-5d1b-44e1-9aaf-246a4285a9a6,overholde lover og standarder for miljøbeskyttelse
KnowledgeSkillCompetence,http://data.europa.eu/esco/skill/bce60ecd-ceee-4dbd-b619-70c9789ec634,teste tetthet og trykk i kjølekretser,released,skill/competence,occupation-specific,utføre nitrogentrykktest | kjøre kjøletrykktest | utføre vakuumtest,"Utføre systemtrykktester på kjøleutstyr, klimaanlegg eller varmepumper ved hjelp av trykkforsynt gass og vakuumpumpe for å kontrollere tettheten til kjølekretsen og dets deler.
	",http://data.europa.eu/esco/skill/a7065828-10aa-4aba-b7d4-f23a30df5060,"installere og reparere elektrisitets-, elektro- og presisjonsutstyr"
KnowledgeSkillCompetence,http://data.europa.eu/esco/skill/bd70f004-e1d6-43f0-96f1-59c014a4ea01,koordinere innsats i miljøtiltak,released,skill/competence,cross-sector,,"Organisere og integrere selskapets innsats for miljøet, herunder bekjempelse av forurensning, resirkulering, avfallshåndtering, miljøhelse, naturvern og fornybar energi.",http://data.europa.eu/esco/skill/4c3ab565-747c-4db3-8c47-79e8d6f98cf4 | http://data.europa.eu/esco/skill/8064ae65-5d1b-44e1-9aaf-246a4285a9a6,bidra til å minske de negative følgene av forbruk | overholde lover og standarder for miljøbeskyttelse
KnowledgeSkillCompetence,http://data.europa.eu/esco/skill/be973dc1-6aa9-4aed-954c-644affe78639,bruke isolasjonsbånd,released,skill/competence,cross-sector,,Anvende isolasjonsbånd for å hindre luftutveksling mellom utendørs- og innendørsområder.,http://data.europa.eu/esco/skill/0edd863d-b02d-4714-a1a2-835d6dd23c55,installere isolasjonsmateriale
KnowledgeSkillCompetence,http://data.europa.eu/esco/skill/bed97655-cb0c-4f05-bfd7-9a79d058619d,dyre- og plantelivprosjekter,released,knowledge,sector-specific,,"Dyreliv og dyrekonservering, som har som mål å beskytte og bevare økosystemer og habitater for et vidt spekter av dyr truet av urbanisering.",http://data.europa.eu/esco/isced-f/0522,naturlig miljø og vilt
KnowledgeSkillCompetence,http://data.europa.eu/esco/skill/bf056c12-eaba-4f00-b5a9-c4add7f841f3,landskapsbehandlingsmaterialer,released,knowledge,sector-specific,,"Informasjonsfelt som skiller mellom enkelte nødvendige materialer, f.eks. tre og trefliser, sement, småstein og jord til bruk i forbindelse med landskapsarkitektur.",http://data.europa.eu/esco/isced-f/0812,hagebruk
KnowledgeSkillCompetence,http://data.europa.eu/esco/skill/bf4779c9-ce55-4110-a996-a7014ca3f1f9,grønn bilteknologi,released,knowledge,sector-specific,rene transportteknologier | bærekraftige mobilitetsløsninger,"Teknologier som tillater utvikling av bærekraftig praksis innen bilindustrien. De er fokusert på å redusere de negative effektene av denne industrien på miljøet som luftforurensning eller bruk av ikke-fornybare kilder, og på å bruke grønne metoder i design og produksjon av bilprodukter.
	",http://data.europa.eu/esco/isced-f/0712,miljøvernteknologi
KnowledgeSkillCompetence,http://data.europa.eu/esco/skill/bf9a2403-850d-4dd3-b266-edaabebc8ab0,evaluere integrert design av bygninger,released,skill/competence,sector-specific,analysere integrert design,"Vurdere designforslag mot visse målsetninger for å se hvilke som er mest vellykkede. Anvende, kombinere og evaluere avanserte metoder for analyse av samspillet mellom energisystemer, arkitekturkonsepter, bygningsdesign, bygningsbruk, utendørsklima og HVAC-systemer.
	",http://data.europa.eu/esco/skill/1f2950c0-ef1e-44b4-9a55-125ccd7b78af,analyse og evaluering av informasjon og data
KnowledgeSkillCompetence,http://data.europa.eu/esco/skill/bfa5427c-83ec-404f-8465-dd49b42fde8e,rengjøring av gjenbrukbar emballasje,released,knowledge,sector-specific,,Metoder for rengjøring og desinfisering av gjenbruksemballasje for å hindre eller fjerne avleiringer av organisk eller uorganisk emballasje.,http://data.europa.eu/esco/isced-f/1021,"vann, avløp og renhold"
KnowledgeSkillCompetence,http://data.europa.eu/esco/skill/c0133edf-845a-47bf-968b-bd4a5bd03bbf,bruke akvakulturoppvarmingsutstyr,released,skill/competence,sector-specific,,"Betjene vannoppvarmings- og pumpeutstyr etter behov, som elektriske varmeanlegg, varmevekslingspumper, varmepumper og solpumper.",http://data.europa.eu/esco/skill/8bf9699c-f964-4e4b-ac3d-55aface09cbc,betjene utstyr for energiproduksjon eller -distribusjon
KnowledgeSkillCompetence,http://data.europa.eu/esco/skill/c0ccbd15-36f3-4515-ae0b-b4062d225ee2,overholde retningslinjer vedrørende forbudte materialer,released,skill/competence,sector-specific,,"Overholde regler om forbud mot tungmetaller i loddemateriale, flammehemmende midler i plast og ftalatmyknere i plast og ledningsnettsisolasjon under EUs RoHS- og WEEE-direktiv og Kinas RoHS-lovgivning.",http://data.europa.eu/esco/skill/35dc2a23-cdc3-4291-930f-927ba2911949,sikre at lover og regler blir fulgt
KnowledgeSkillCompetence,http://data.europa.eu/esco/skill/c1de3963-05eb-4e45-8496-58156a345fb1,regulere energibehov,released,skill/competence,sector-specific,,Besørge en midlertidig stans i systemer for produksjon av elektrisk kraft ved endrede energibehov. Målet er å begrense forstyrrelser i kraftforsyningen til kundene mens et problem identifiseres og behandles.,http://data.europa.eu/esco/skill/8bf9699c-f964-4e4b-ac3d-55aface09cbc,betjene utstyr for energiproduksjon eller -distribusjon
KnowledgeSkillCompetence,http://data.europa.eu/esco/skill/c214d86e-fbb8-45c0-87d4-f2cefc954057,velge bærekraftige teknologier innen design,released,skill/competence,sector-specific,velge bærekraftig teknologi i design av nær nullutslipp-bygg,"Skape et helhetlig design der passive tiltak utfylles av aktive teknologier på en fornuftig måte.
	",http://data.europa.eu/esco/skill/62afcfdd-a2a6-4143-bafb-59c77e15a01c | http://data.europa.eu/esco/skill/01c03003-516d-43c6-8477-45c472413521,gi råd om produkter og tjenester | gi råd om konstruksjonsmaterialer
KnowledgeSkillCompetence,http://data.europa.eu/esco/skill/c291df22-0d6b-4cea-8feb-11c350a33081,overvåke strålingsnivåer,released,skill/competence,cross-sector,,"Bruke utstyr og teknikker for måling og testing for å identifisere nivået av stråling eller radioaktive stoffer for å kontrollere eksponering og redusere helse-, sikkerhets- og miljørisikoer.",http://data.europa.eu/esco/skill/d519fadd-85bf-475f-bf14-c53a0290687d | http://data.europa.eu/esco/skill/d2d9051a-10e1-41c5-9cfb-bbdc58016176,overvåke miljøforhold | følge sikkerhetsforholdsregler innen arbeidspraksis
KnowledgeSkillCompetence,http://data.europa.eu/esco/skill/c29fed5c-f03b-4389-b110-29b6db00cd01,kasting av ikke-matbasert avfall i næringsmiddelindustrien,released,skill/competence,sector-specific,,"Avhende, på miljøgodkjente måter, avfall som ikke er mat, i næringsmiddelindustrien.",http://data.europa.eu/esco/skill/61d1dab2-6007-4b7c-9380-cd88207fa30f,kaste ikke-farlig avfall eller skrot
KnowledgeSkillCompetence,http://data.europa.eu/esco/skill/c3108ed8-de97-41fc-9ff7-8c028e662734,bioteknologi innen akvakultur,released,knowledge,cross-sector,,Bioteknologi og polymerasekjedereaksjoner for undersøkelser av bærekraftige produksjonsmetoder i akvakultur.,http://data.europa.eu/esco/skill/61bef658-d7f9-4759-b1b0-0f9cb3bc581a | http://data.europa.eu/esco/isced-f/0831,bioteknologi | fiskeri
KnowledgeSkillCompetence,http://data.europa.eu/esco/skill/c33877c2-be85-458b-ab59-327c1c6a3507,reparere ventilasjonsutstyr,released,skill/competence,cross-sector,,"Inspisere ventilasjonssystemet for å påvise skader, rengjøre luftrør, erstatte varmefiltre og planlegge ytterligere vedlikehold eller reparasjoner.",http://data.europa.eu/esco/skill/b85caa4a-f04b-4331-80df-11404fd71225,"installere utstyr for oppvarming, ventilasjon og luftkondisjonering"
KnowledgeSkillCompetence,http://data.europa.eu/esco/skill/c36dc79e-3414-4283-a85d-f664a523837f,lære offentligheten om dyre- og planteliv,released,skill/competence,cross-sector,,"Snakke med grupper av voksne og barn for å lære dem hvordan de kan nyte skogen, uten at det skader skogen eller dem selv. Snakke på skoler eller med spesielle ungdomsgrupper om ønskelig.  Utvikle og håndtere programmer knyttet til vern av natur.",http://data.europa.eu/esco/skill/335be43a-3267-400e-b5cb-c9e234dc7544,undervise i akademiske eller yrkesrettede fag
KnowledgeSkillCompetence,http://data.europa.eu/esco/skill/c3ac5c4c-b4b9-4842-b871-43e12cfc0442,grønn byggeskikk,released,knowledge,sector-specific,bærekraftige byggemetoder | nZEB | solskorstein,"Praksisen som er involvert i utforming og opprettelse av bygningskonstruksjoner på en miljømessig ansvarlig, kostnadseffektiv og ressurseffektiv måte. Grønn byggepraksis som bruk av miljøvennlige byggematerialer utfyller klassisk byggeskikk som søker en bærekraftig og en livssyklus med høytytende bygninger.
	",http://data.europa.eu/esco/isced-f/0732,bygg og anlegg
KnowledgeSkillCompetence,http://data.europa.eu/esco/skill/c3bb5700-a94d-407a-8cd0-147727378f25,konsekvenser knyttet til storbyforurensning,released,knowledge,sector-specific,implikasjoner knyttet til urban forurensning,"Innsamling av forurensende stoffer som skapes av byer og dets virkninger på luft, vann og jord i hele miljøet.",http://data.europa.eu/esco/isced-f/0712,miljøvernteknologi
KnowledgeSkillCompetence,http://data.europa.eu/esco/skill/c4867766-50f8-489e-98d7-262da5589c0a,solenergiprodukter,released,knowledge,cross-sector,fotovoltaiske produkter | solcelleprodukter | solenergi-enheter,"Variasjonene og nøkkelfunksjonene til solenergiprodukter som solcellepaneler, solvarmere eller solcelledrevne ladere. Videre kunnskap om deres funksjonalitet, komponenter og juridiske krav.
	",http://data.europa.eu/esco/skill/f8413360-6114-40de-a276-c59b764b9913 | http://data.europa.eu/esco/isced-f/0713,fornybare energiteknologier | elektrisitet og energi
KnowledgeSkillCompetence,http://data.europa.eu/esco/skill/c4b03a17-a93e-4a8e-9846-4c4d469d4001,agroøkologi,released,knowledge,sector-specific,,"Studien og anvendelsen av økologiske og agronomiske konsepter og prinsipper for landbruksproduksjonssystemer.
	",http://data.europa.eu/esco/skill/a8429098-ddac-481b-91e7-688d021c092e | http://data.europa.eu/esco/isced-f/0811,økologi | dyrking av nyttevekster og dyreoppdrett
KnowledgeSkillCompetence,http://data.europa.eu/esco/skill/c4ba12d1-4698-42fa-8abb-789462ea2586,beskytte miljøet mot påvirkningen fra digitale teknologier,released,skill/competence,occupation-specific,,Være oppmerksom på miljøvirkningene av digital teknologi og bruken av den.,http://data.europa.eu/esco/skill/2aaad52d-599e-4e77-a681-bbc236825821 | http://data.europa.eu/esco/skill/426ceaba-6867-481c-bb6b-aee3933da7d2 | http://data.europa.eu/esco/skill/8064ae65-5d1b-44e1-9aaf-246a4285a9a6,vurdere miljøvirkningen av personlig atferd | IKT-sikkerhet | overholde lover og standarder for miljøbeskyttelse
KnowledgeSkillCompetence,http://data.europa.eu/esco/skill/c4e9f0d0-bbdd-42d7-83a5-2c131f6d67c2,utvikle energiretningslinjer,released,skill/competence,sector-specific,,Utvikle og opprettholde en organisasjons strategi med hensyn til sin energiytelse.,http://data.europa.eu/esco/skill/8ed41305-4abf-4b54-9f8f-0e043d26feba,utarbeide politiske retningslinjer og lovbestemmelser
KnowledgeSkillCompetence,http://data.europa.eu/esco/skill/c4f97536-866b-4a4f-b91d-da07809ef2d8,utføre forhåndsvurdering av hydrogen,released,skill/competence,sector-specific,vurdere gjennomførbarhet av hydrogen | vurdere bruk av hydrogen | utføre forskning på hydrogen | forske på hydrogen | undersøke hydrogenimplementering,"Utføre evaluering og vurdering av bruken av hydrogen som et alternativt drivstoff. Sammenligne kostnader, teknologier og tilgjengelige kilder for produksjon, transport og lagring av hydrogen. Ta hensyn til miljøpåvirkningen for å støtte beslutningsprosessen.
	",http://data.europa.eu/esco/skill/d74df140-eb69-43e2-bac9-1cafc824d702 | http://data.europa.eu/esco/skill/ec528c47-65f4-4187-9dc1-5a8889f84a06,gjennomføre mulighetsstudie | analysere forretningsvirksomheter
KnowledgeSkillCompetence,http://data.europa.eu/esco/skill/c5320743-60f2-40dc-bc13-337cc3834892,studere grunnvann,released,skill/competence,sector-specific,,"Forberede og gjennomføre feltundersøkelser for å fastslå kvaliteten på grunnvannet. Analysere og tolke kart, modeller og geografiske data. Lage et bilde av et områdes grunnvann og jordforurensning. Sende rapporter om utfordringer med grunnvannet ved deponier, for eksempel forurensning av området som følge av kullforbrenningsprodukter.",http://data.europa.eu/esco/skill/2db2667c-bbaf-4e30-8640-c9a647bd2512 | http://data.europa.eu/esco/skill/3eef7ff2-3ade-41d4-b084-2bd2a3949e1c,utføre vannanalyse | vurdere landområde eller eiendom
KnowledgeSkillCompetence,http://data.europa.eu/esco/skill/c565e722-0e14-4f57-99ff-267dd9ea2510,samarbeide om internasjonale energiprosjekter,released,skill/competence,sector-specific,,"Gi sakkunnskap om energisparing og energieffektivitet ved realisering av internasjonale prosjekter, også prosjekter innen utviklingssamarbeid.",http://data.europa.eu/esco/skill/062a9fde-cd91-44f9-9a2f-9e2bc3b281fd,gi råd om miljøspørsmål
KnowledgeSkillCompetence,http://data.europa.eu/esco/skill/c582dd36-a83d-4d61-b87a-364b84950a3f,installere resirkuleringsbeholdere,released,skill/competence,sector-specific,,"Sørge for montering av beholdere for resirkulering av avfall, for eksempel papp, glassflasker og klær, på egnede steder.",http://data.europa.eu/esco/skill/61d1dab2-6007-4b7c-9380-cd88207fa30f,kaste ikke-farlig avfall eller skrot
KnowledgeSkillCompetence,http://data.europa.eu/esco/skill/c5afeb33-4291-44c9-a89a-373185d0bfef,"studere forholdet mellom bygninger, mennesker og miljø",released,skill/competence,occupation-specific,"forstå samspillet mellom bygninger, mennesker og miljø | se på grensesnittet mellom bygninger, mennesker og miljø | analysere forholdet mellom bygninger, mennesker og miljø","Forstå sammenhengene og samspillet mellom mennesker, bygninger og miljø for å tilpasse arkitektvirksomhet og behov for menneskelige behov.",http://data.europa.eu/esco/skill/8fde007e-ea4c-48c2-84c5-752834acd31d,"gjennomføring av studier, undersøkelser og eksamener"
KnowledgeSkillCompetence,http://data.europa.eu/esco/skill/c65ac31c-fdaf-4e87-beca-8ed952c3aa35,biogassenergi,released,knowledge,sector-specific,biogasssystemer | produksjon av biogassenergi,"Energiproduksjon for oppvarming og varmt tappevann ved hjelp av biogass (biogassen genereres utenfor stedet) og dens bidrag til energiytelse.
	",http://data.europa.eu/esco/skill/f8413360-6114-40de-a276-c59b764b9913 | http://data.europa.eu/esco/isced-f/0713,fornybare energiteknologier | elektrisitet og energi
KnowledgeSkillCompetence,http://data.europa.eu/esco/skill/c71e5209-dfb8-456d-a1ad-5ac657a92812,bruke agronomisk modellering,released,skill/competence,sector-specific,bygge agronomiske modeller | bruke avlingsmodellering,"Bygge og ta i bruk fysiske og matematiske formler for å studere bønders gjødsling, administrere vanningsplanlegging, definere avlsmål, støtte dyrkingsvalg i et gitt miljø og evaluere miljøytelsen til avlingsproduksjoner.
	",http://data.europa.eu/esco/skill/47b0d855-ea3c-45e9-8dcf-0e12e62261c4 | http://data.europa.eu/esco/skill/38d49d88-9069-467b-b29e-3cae739bdd4d,beregning og estimering | lage prediktive modeller
KnowledgeSkillCompetence,http://data.europa.eu/esco/skill/c76ea1b8-25a3-4084-a684-dcf10b7c880c,økopedagogikk,released,knowledge,sector-specific,økologisk pedagogikk | økologisk utdanning | miljøpedagogikk | økologisk opplæring,"En pedagogisk tilnærming som fremmer miljøbevissthet ved å integrere økologiske og bærekraftige prinsipper i undervisningen. Det tar sikte på å øke samfunnsansvaret og avslutte sosio-miljømessige urettferdigheter.
	",http://data.europa.eu/esco/isced-f/0111,pedagogikk
KnowledgeSkillCompetence,http://data.europa.eu/esco/skill/c8195036-dab3-4d87-b83b-395a59b18a42,treffe beslutninger vedrørende skogbruksforvaltning,released,skill/competence,sector-specific,,"Avgjøre spørsmål om ulike aspekter vedrørende forvaltning av naturressurser, for eksempel skoger og skogmark.",http://data.europa.eu/esco/skill/d62d2b4c-a6f8-439e-8a1b-4f29ab5f2c47 | http://data.europa.eu/esco/skill/c7f96545-46c4-451a-b284-014f4baed5ed,ta avgjørelser | ta beslutninger
KnowledgeSkillCompetence,http://data.europa.eu/esco/skill/c8b34758-5954-4388-b475-a4e57b3906ac,inkubasjonsteknologi for grøntvann,released,knowledge,occupation-specific,,Den grønne vanninkubasjonsteknologien som brukes under akvakultur.,http://data.europa.eu/esco/isced-f/0831,fiskeri
KnowledgeSkillCompetence,http://data.europa.eu/esco/skill/c8b4b02c-d9ce-4e24-ab43-5dd52c6dff48,gi råd om reduksjon av karbonutslipp,released,skill/competence,cross-sector,gi råd om reduksjon av karbonavtrykk | råd om reduksjon av CO2-utslipp | gi råd om reduksjon av karbonfotavtrykk | råd om reduksjon av karbonutslipp,"Gi selskaper råd om å redusere industriens karbonutslipp, identifisere insentiver og holde dem oppdatert på forskrifter og retningslinjer for karbonutslipp, samt med innovative reduksjonsmetoder.
	",http://data.europa.eu/esco/skill/062a9fde-cd91-44f9-9a2f-9e2bc3b281fd,gi råd om miljøspørsmål
KnowledgeSkillCompetence,http://data.europa.eu/esco/skill/c9b97523-d520-4494-aa60-e3bc9ef0d8a4,male avfallsplast,released,skill/competence,sector-specific,,Male opp avfallsplast til pulver for gjenbruk.,http://data.europa.eu/esco/skill/a7956044-f468-4bc1-a83c-a8821b903a09,"betjene skjære-, slipe- og pussemaskiner"
KnowledgeSkillCompetence,http://data.europa.eu/esco/skill/c9bb544b-99a1-4335-bcea-23f84b01095a,utvikle forvaltningstiltak for ikke-farlig avfall,released,skill/competence,cross-sector,,"Utvikle strategier som tar sikte på å øke effektiviteten med hvilken et anlegg behandler, transporter og avhender ikke-farlig avfall, for eksempel emballasje, tekstiler, skrap, rester og papir.",http://data.europa.eu/esco/skill/6ee936b0-4e0c-4e04-97c7-1f4ee9230d67 | http://data.europa.eu/esco/skill/7a8fb784-67fa-41e9-a75c-6b491d91f800,utvikling av mål og strategier | utvikle strategi for å løse problemer
KnowledgeSkillCompetence,http://data.europa.eu/esco/skill/c9eea75d-918e-4733-bf1d-86ecd7a04946,utføre studier og feltundersøkelse,released,skill/competence,occupation-specific,,Planlegge og utfører studier og feltundersøkelser etter behov. Inspisere landskap ved hjelp av etablerte teknikker og prosedyrer.,http://data.europa.eu/esco/skill/7eafec38-621a-4b6e-9298-bfe70ec0b253,utføre akademiske undersøkelser eller markedsundersøkelser
KnowledgeSkillCompetence,http://data.europa.eu/esco/skill/ca4ae285-244f-4321-83d6-b109bd1693bc,følge gjenvinningsplaner for avfallsinnsamling,released,skill/competence,cross-sector,,"Følge og iverksette avfallsinnsamlingsplaner som deles ut av organisasjonene som samler inn og behandler avfallet for gjenvinning, for å øke effektiviteten og tjenestenivået.",http://data.europa.eu/esco/skill/61d1dab2-6007-4b7c-9380-cd88207fa30f,kaste ikke-farlig avfall eller skrot
KnowledgeSkillCompetence,http://data.europa.eu/esco/skill/cb21f7c2-6bf6-46b5-a638-ad494e95ffbf,anvende miljøtiltak for veitransport,released,skill/competence,occupation-specific,,Anvende Europakommisjonens strategier for å redusere utslipp av CO²; håndheve miljøtiltak for å sikre at reduksjonsmålene for utslipp av CO² blir oppfylt.,http://data.europa.eu/esco/skill/f6d7ba88-5234-4994-944d-843ca453c923 | http://data.europa.eu/esco/skill/8064ae65-5d1b-44e1-9aaf-246a4285a9a6,implementere miljøverntiltak | overholde lover og standarder for miljøbeskyttelse
KnowledgeSkillCompetence,http://data.europa.eu/esco/skill/cc0a45a7-4883-4122-af11-7ca6c45a37c2,designe klimaskjermsystemer for bygninger,released,skill/competence,sector-specific,utforme klimaskjermsystemer for bygninger,"Designe et klimaskjermsystem som del av et komplett energisystem for en bygning, under hensyn til energisparingskonsepter.
	",http://data.europa.eu/esco/skill/883eab8c-d8a6-4e8b-9b11-7d9001e172ab,designe systemer og produkter
KnowledgeSkillCompetence,http://data.europa.eu/esco/skill/ce541a71-0eaa-40e7-999d-793d1f16fa4c,tilpasse effektiv matbehandlingspraksis,released,skill/competence,sector-specific,,"Sørge for at de mest effektive produksjonsteknikkene brukes ved matbehandlingsoppgaver, slik at disse kan gjennomføres mest mulig effektivt med hensyn til tid, innsats og kostnad.",http://data.europa.eu/esco/skill/7a93e22f-54d8-4bf0-9213-d711f6601b49 | http://data.europa.eu/esco/skill/15fa3879-ac0e-46e6-ae36-609bae9c19c3,arbeide effektivt | overvåke driftsaktiviteter
KnowledgeSkillCompetence,http://data.europa.eu/esco/skill/ce689fb5-2c21-4f96-a4b0-d02d4af35923,designe passive energitiltak,released,skill/competence,sector-specific,konstruere passive tiltak,"Designe systemer som oppnår energiytelse ved bruk av passive tiltak (dvs. naturlig lys og ventilasjon, kontroll av solenergi), er mindre utsatt for feil og uten vedlikeholdskostnader og -krav. Komplettere de passive tiltakene med så få aktive tiltak som mulig.
	",http://data.europa.eu/esco/skill/39fa260c-4f85-48e3-83ce-e292e696c233,designe elektriske eller elektroniske system eller utstyr
KnowledgeSkillCompetence,http://data.europa.eu/esco/skill/cfbe1cdb-1738-45a1-b442-75cbda1fff06,utforme gruveavfallsplass,released,skill/competence,cross-sector,,Utvikle og gjennomføre sikker og effektiv  håndtering av avfall og avfallsplass. Redusere det økologiske fotavtrykket i driften og følge rettslige krav.,http://data.europa.eu/esco/skill/c23e0a2f-f04b-45bc-b0dd-20571f6b502c,utarbeide retningslinjer og rutiner for drift
KnowledgeSkillCompetence,http://data.europa.eu/esco/skill/cfccea88-0558-40d4-b896-56a1e7993e24,klimatologi,released,knowledge,cross-sector,,"Det vitenskapelige feltet med forskning som forsker på gjennomsnittlige værforhold over et nærmere angitt tidsrom, og hvordan de påvirkes av naturen.",http://data.europa.eu/esco/isced-f/0532,jordvitenskap
KnowledgeSkillCompetence,http://data.europa.eu/esco/skill/d0fc1d32-c64d-4b53-923f-953f648715ab,bildelingstjenester,released,knowledge,occupation-specific,bildeling | utleie av biler,"Tjenester som tilbyr delte bilreiser for å redusere reisekostnader og fremme bærekraft.
	",http://data.europa.eu/esco/isced-f/1041,transporttjenester
KnowledgeSkillCompetence,http://data.europa.eu/esco/skill/d10030a4-f49c-4125-8646-6b091efe5089,overvåke dyrevelferd,released,skill/competence,cross-sector,,"Overvåke dyrenes fysiske tilstand og atferd og rapportere eventuelle problemer eller uventede endringer, herunder tegn på god eller dårlig helse, utseende, tilstanden til dyrenes innkvartering, inntak av fôr og vann, og miljøforhold.",http://data.europa.eu/esco/skill/c5ff50d7-97d3-401e-90ac-e5ae756a52de,overvåke helsetilstanden til mennesker og dyr
KnowledgeSkillCompetence,http://data.europa.eu/esco/skill/d13f1685-9848-4c9e-a40a-686ddb407858,forskrifter om asbestfjerning,released,knowledge,cross-sector,,"Lovgivning og forskrifter for fjerning av asbestkontaminasjon fra bygninger eller anlegg, sikker fjerning av forurensede materialer og forskriftene for å unngå og hindre forurensning.",http://data.europa.eu/esco/isced-f/1022,helse og sikkerhet på arbeidsplassen
KnowledgeSkillCompetence,http://data.europa.eu/esco/skill/d168d98c-b7bb-4b9a-b1dc-eac008af4df3,implementere handlingsplaner for biologisk mangfold,released,skill/competence,sector-specific,,Fremme og gjennomføre lokale og nasjonale tiltak for biologisk mangfold i samarbeid med lokale/nasjonale statlige og frivillige organisasjoner.,http://data.europa.eu/esco/skill/a6c3bda0-c759-495e-b2c5-062b3abe2097,implementere nye prosedyrer og prosesser
KnowledgeSkillCompetence,http://data.europa.eu/esco/skill/d1ec6846-dd8a-4810-8115-474cdf271540,forskrifter om stoffer,released,knowledge,sector-specific,,"Nasjonale og internasjonale bestemmelser om klassifisering, merking og emballering av stoffer og stoffblandinger, f.eks. forordning (EF) nr. 1272/2008.",http://data.europa.eu/esco/isced-f/0531,kjemi
KnowledgeSkillCompetence,http://data.europa.eu/esco/skill/d1ee1caa-1956-48f6-a009-318204bf908e,modellere grunnvannsflyt,released,skill/competence,occupation-specific,,Modellere grunnvannsflyt; analysere grunnvannets temperatur og egenskaper; identifisere geologiske formasjoner og menneskeskapte påvirkningsfaktorer.,http://data.europa.eu/esco/skill/2db2667c-bbaf-4e30-8640-c9a647bd2512 | http://data.europa.eu/esco/skill/1f2950c0-ef1e-44b4-9a55-125ccd7b78af,utføre vannanalyse | analyse og evaluering av informasjon og data
KnowledgeSkillCompetence,http://data.europa.eu/esco/skill/d1f73ae9-d348-4aac-b5d5-9b6d508401d3,ressurseffektive teknologier,released,knowledge,cross-sector,ressurseffektivitet,"Bærekraftige teknologier som gjør det mulig å produsere mer verdi ved å bruke begrensede ressurser samtidig som den reduserer påvirkningen på miljøet, og begrenser risikoen for knapphet.
	",http://data.europa.eu/esco/skill/103f7814-d262-4df6-a1b6-759bc51f76cb | http://data.europa.eu/esco/isced-f/0712,bærekraftige teknologier | miljøvernteknologi
KnowledgeSkillCompetence,http://data.europa.eu/esco/skill/d28bf3f7-4659-4405-9979-b1270c4c4322,administrere ovnventilasjon,released,skill/competence,sector-specific,,Administrere produktspesifikk og energieffektiv ovnventilasjon.,http://data.europa.eu/esco/skill/bdf2aa76-360d-429d-a967-bdb691f241fa,"betjene ovner, fyringsanlegg og tørkeutstyr"
KnowledgeSkillCompetence,http://data.europa.eu/esco/skill/d2c81ad1-2439-43cf-9c63-204187b8f771,redusere sløsing med ressurser,released,skill/competence,cross-sector,,Vurdere og identifisere muligheter til mer effektiv ressursbruk og kontinuerlig arbeide for å redusere ressurssløsing.,http://data.europa.eu/esco/skill/2aaad52d-599e-4e77-a681-bbc236825821 | http://data.europa.eu/esco/skill/cbe1b24e-00f3-4b17-94e9-1fcd34a11c3e,vurdere miljøvirkningen av personlig atferd | identifisere muligheter
KnowledgeSkillCompetence,http://data.europa.eu/esco/skill/d2c9c20e-ff2f-4684-bf93-1d04c78f698f,vedlikeholde avsaltingskontrollsystem,released,skill/competence,sector-specific,,Vedlikeholde et system som lager drikkevann av saltvann.,http://data.europa.eu/esco/skill/75d2ac62-700a-41d1-b920-5cd7aaa78553 | http://data.europa.eu/esco/skill/d3b2c894-33fb-47c4-aff0-27935a082bf6,"betjene kontrollsystemer | betjene behandlingssystem eller -utstyr for petroleum, kjemikalier eller vann"
KnowledgeSkillCompetence,http://data.europa.eu/esco/skill/d3672a07-6a5b-49f4-bdd3-fcd539594556,biodiesel,released,knowledge,occupation-specific,,"Vegetabilsk oljebasert eller animalsk fettbasert dieselolje, framstilt av lipider som reagerer med alkoholer.",http://data.europa.eu/esco/isced-f/0531,kjemi
KnowledgeSkillCompetence,http://data.europa.eu/esco/skill/d3a8ef9c-8572-438c-91dc-010537070be3,håndtere miljøpåvirkning,released,skill/competence,cross-sector,,"Gjennomføre tiltak for å redusere den biologiske, kjemiske og fysiske virkningen av gruvedrift på miljøet i størst mulig grad.",http://data.europa.eu/esco/skill/8064ae65-5d1b-44e1-9aaf-246a4285a9a6,overholde lover og standarder for miljøbeskyttelse
KnowledgeSkillCompetence,http://data.europa.eu/esco/skill/d483ae95-5f25-4601-ba97-113bbb7a31b0,overvåke gårdens miljøforvaltningsplan,released,skill/competence,sector-specific,,"Identifisere miljøbetegnelser og -direktiver som gjelder en bestemt gård, og innarbeide kravene i disse i gårdens planleggingsprosess. Overvåke gjennomføringen av gårdens miljøforvaltningsplan og gjennomgå tidsplanen.",http://data.europa.eu/esco/skill/b13e0689-636d-42d0-86c3-df9d6f85a882 | http://data.europa.eu/esco/skill/8064ae65-5d1b-44e1-9aaf-246a4285a9a6,forvalte miljøstyringssystem | overholde lover og standarder for miljøbeskyttelse
KnowledgeSkillCompetence,http://data.europa.eu/esco/skill/d53eab76-e8ff-4e28-af26-7e012951c763,måle selskapets bærekraftytelse,released,skill/competence,cross-sector,vurdere bærekraftsresultater | vurdere bærekraftsprestasjoner,"Holde oversikt over bærekraftindikatorer, og analysere hvor godt selskapet gjør det i bærekraftytelse, sett i forhold til mål for bærekraftig utvikling eller de globale standardene for rapportering av bærekraft.
	",http://data.europa.eu/esco/skill/8064ae65-5d1b-44e1-9aaf-246a4285a9a6,overholde lover og standarder for miljøbeskyttelse
KnowledgeSkillCompetence,http://data.europa.eu/esco/skill/d589970b-933d-4656-bcb6-a43b3cc67888,overvåke vannkvalitet,released,skill/competence,cross-sector,,"Måle vannkvalitet: temperatur, oksygen, salinitet, pH, N2, NO2, NH4, CO2, sløring, klorofyll. Overvåke den mikrobiologiske vannkvaliteten.",http://data.europa.eu/esco/skill/0b3930a2-8a13-4932-8a09-4c72ec8af464,kvalitetskontrollere varer
KnowledgeSkillCompetence,http://data.europa.eu/esco/skill/d5bcc417-a004-4165-b7f1-ab739eadd2f4,smart by-funksjoner,released,knowledge,sector-specific,,"Bruken av stor data-teknologi i sammenheng med smarte byer for å utvikle nye programvareøkosystemer som basis for å utvikle avanserte mobilitetsfunksjoner.
	",http://data.europa.eu/esco/isced-f/0619,ikke annetsteds klassifisert informasjons- og kommunikasjonsteknologi
KnowledgeSkillCompetence,http://data.europa.eu/esco/skill/d62755fd-2b38-45b8-aed6-22b4cb36f8c8,overvåke akvakulturanlegg,released,skill/competence,sector-specific,,"Føre tilsyn med akvakulturdyr og identifisere behov for utstyr. Forstå tegninger av akvakulturutstyr, plantegninger og designprinsipper for ulike atskillelsessystemer.",http://data.europa.eu/esco/skill/87dff904-fb74-4d59-972e-1c2387579d94,lede driftsaktiviteter
KnowledgeSkillCompetence,http://data.europa.eu/esco/skill/d7d39ebe-3960-4c8f-a504-19b441990cfa,kaste avfall bestående av tilberedt dyrefôr,released,skill/competence,occupation-specific,,Kaste avfall bestående av tilberedt dyrefôr og samtidig prøve å redusere miljøvirkningen av fôrsammensetningen mest mulig. Følge det aktuelle regelverket.,http://data.europa.eu/esco/skill/61d1dab2-6007-4b7c-9380-cd88207fa30f | http://data.europa.eu/esco/skill/73a9561d-112c-4d8a-9d5f-b2c11c5bbd5f,kaste ikke-farlig avfall eller skrot | håndtere avfall
KnowledgeSkillCompetence,http://data.europa.eu/esco/skill/d7d53919-5313-4f23-a701-d12f86c03a60,bruke ressurseffektive teknologier innen hotell- og restaurantbransjen,released,skill/competence,sector-specific,,"Implementere teknologiske forbedringer innen hotell- og restaurantbransjen, slik som tilkoblingsfrie dampkokere, sprayventiler for forhåndsrensing og vasksluker med lav strømning, som optimaliserer vann- og energiforbruket i oppvask, rengjøring og tilberedning av mat.
	",http://data.europa.eu/esco/skill/8064ae65-5d1b-44e1-9aaf-246a4285a9a6,overholde lover og standarder for miljøbeskyttelse
KnowledgeSkillCompetence,http://data.europa.eu/esco/skill/d81b58ba-52e4-45fa-9f7c-f59b87fa6041,automatiske husholdningssystemer,released,knowledge,sector-specific,,"Smarte installasjoner i privatboliger for belysning, oppvarming, sikkerhet osv. som kan fjernstyres. Automatiske husholdningssystemer har som mål å forbedre livskvaliteten i hus og bygninger, inkludert å forbedre uavhengigheten til personer med funksjonshemninger og bidra til energisparing.
	",http://data.europa.eu/esco/isced-f/0714,elektronikk og automasjon
KnowledgeSkillCompetence,http://data.europa.eu/esco/skill/d84326c9-a3d3-4e22-a6a1-1ad42a356f10,bærekraftsrådgivning,released,knowledge,sector-specific,konsulenttjenester for bærekraft,"Konsulenttilnærmingen som brukes for å hjelpe bedrifter til å vite mer om deres bærekraftspåvirkning og implementere strategier for å bli miljøvennlige og effektive.
	",http://data.europa.eu/esco/isced-f/0712,miljøvernteknologi
KnowledgeSkillCompetence,http://data.europa.eu/esco/skill/d86babea-bf8b-4552-81a8-daf706066ad6,administrere virksomhetens miljøpåvirkning,released,skill/competence,cross-sector,,"Administrere selskapers samspill med og innvirkning på miljøet. Identifisere og vurdere miljøvirkningene av produksjonsprosessen og tilknyttede tjenester, og regulere en reduksjon av virkningene på miljøet og mennesker. Organisere handlingsplaner og følge med på indikatorer for forbedring.",http://data.europa.eu/esco/skill/4c3ab565-747c-4db3-8c47-79e8d6f98cf4 | http://data.europa.eu/esco/skill/8064ae65-5d1b-44e1-9aaf-246a4285a9a6,bidra til å minske de negative følgene av forbruk | overholde lover og standarder for miljøbeskyttelse
KnowledgeSkillCompetence,http://data.europa.eu/esco/skill/d96b6330-c73f-443f-9048-702b2226f62b,behandle kontaminert vann,released,skill/competence,sector-specific,,"Behandle forurenset vann ved hjelp av en rekke ulike teknikker, for eksempel slamlaguner og våtmarksfiltre.
	",http://data.europa.eu/esco/skill/8bde58aa-9d5b-422b-801c-ff9186dd648e,håndtere og kaste farlig avfall
KnowledgeSkillCompetence,http://data.europa.eu/esco/skill/d9beab8e-1bd0-42a3-bf3e-58a8f647ad96,installere vannrenhetsmekanisme,released,skill/competence,sector-specific,,Installere ulike typer mekanismer som hindrer urenheter fra å komme inn i det gjenvunne vannet. Installere mikronfiltre og membraner for å filtrere ut avfall og forhindre mygg fra å komme inn i vannforsyningen. Plassere kulemekanismer for å filtrere ut den første skyllingen fra regnvann på taket.,http://data.europa.eu/esco/skill/1abc1d86-e529-42ab-828f-8d4fc225b076 | http://data.europa.eu/esco/skill/2fbc1a35-a641-4016-9534-12364f4cb2a1 | http://data.europa.eu/esco/skill/0b8d15c9-7b4f-4163-b863-fe5b756d3e7f,filtrere væsker | installere vannreservoar | reparere og installere mekanisk utstyr
KnowledgeSkillCompetence,http://data.europa.eu/esco/skill/d9d3eb78-a7c6-4076-9e19-df225af2ec62,administrere budsjett for resirkuleringsprogram,released,skill/competence,cross-sector,,Administrere det årlige resirkuleringsprogrammet og det respektive budsjettet til en organisasjon.,http://data.europa.eu/esco/skill/193af349-b20e-4277-94bf-b184e92b8d6a,administrere budsjett og økonomi
KnowledgeSkillCompetence,http://data.europa.eu/esco/skill/da896663-08b3-409d-aa3d-31f39a8e8d2b,utføre en forhåndsvurdering av biomassesystemer,released,skill/competence,sector-specific,utføre en mulighetsstudie om (store) biomassesystemer | gjøre en mulighetsstudie om biomassesystem | gjennomføre mulighetsstudie av biomassesystemer,"Utføre evaluering og vurdering av potensialet ved en biomasseinstallasjon. Utfør en standardisert studie for å fastsette kostnader, restriksjoner og tilgjengelige komponenter, og utføre forskning for å støtte beslutningsprosessen.
	",http://data.europa.eu/esco/skill/d74df140-eb69-43e2-bac9-1cafc824d702 | http://data.europa.eu/esco/skill/ec528c47-65f4-4187-9dc1-5a8889f84a06,gjennomføre mulighetsstudie | analysere forretningsvirksomheter
KnowledgeSkillCompetence,http://data.europa.eu/esco/skill/dab7c301-2a33-454e-8fed-23218fa28eee,miljødesign,released,knowledge,sector-specific,miljødesignprosess,"Tilnærmingen som brukes til å møte miljøproblemer knyttet til bygninger, planer og produkter innen ulike felt som ingeniørvitenskap, interiørdesign og arkitektur.
	",http://data.europa.eu/esco/isced-f/0788,"tverrfaglige programmer og kvalifikasjoner innen produksjon, bygg og anlegg"
KnowledgeSkillCompetence,http://data.europa.eu/esco/skill/dacaebb5-5d85-4f3e-9adb-7c82b4f53189,kaste matavfall,released,skill/competence,sector-specific,,Kaste eller samle inn matavfall med det formål å resirkulere eller kaste fra produksjonsprosessen. Følge etablerte prosedyrer for kasting og ivareta miljøe- og sikkerhetshensyn i henhold til gjeldende lovgivning.,http://data.europa.eu/esco/skill/4aba6668-6118-4953-804b-869cef94422a | http://data.europa.eu/esco/skill/61d1dab2-6007-4b7c-9380-cd88207fa30f | http://data.europa.eu/esco/skill/73a9561d-112c-4d8a-9d5f-b2c11c5bbd5f,avhende ikke-farlig avfall | kaste ikke-farlig avfall eller skrot | håndtere avfall
KnowledgeSkillCompetence,http://data.europa.eu/esco/skill/dada8e80-2a53-41bf-9eac-f8c1f9971bed,bærekraftige byggematerialer,released,knowledge,sector-specific,bærekraftige materialer for kostnadsreduksjon,"Typene bygningsmateriale som minimerer den negative innvirkningen bygningen har på det ytre miljøet, gjennom hele livssyklusen.
	",http://data.europa.eu/esco/skill/e26e07ca-4a35-42e3-940d-e5868fd38fba | http://data.europa.eu/esco/isced-f/0732,byggevareindustrien | bygg og anlegg
KnowledgeSkillCompetence,http://data.europa.eu/esco/skill/db54a4d7-9ea9-4c3d-9bd9-9169e6c1fb4f,endre kraftdistribusjonssystemer,released,skill/competence,sector-specific,,"Gjennomgå prosedyrer, planer og databaser for å identifisere og anbefale endringer i eksisterende kraftdistribusjonssystemer for å oppfylle driftsmessige krav og forskrifter.",http://data.europa.eu/esco/skill/4463a721-69f3-413d-8321-43e3af13a4f1 | http://data.europa.eu/esco/skill/f2cf57fe-d4cb-4b4a-831d-73171cc73909,"bruke databaser | evaluere system, program, utstyr og produkter"
KnowledgeSkillCompetence,http://data.europa.eu/esco/skill/db9050db-ae5d-4be8-8114-c26f272c3bda,administrere helse og sikkerhet,released,skill/competence,sector-specific,,"Administrere de samlede retningslinjene for helse, sikkerhet og bærekraft og anvendelsen av dem for en hel organisasjon.",http://data.europa.eu/esco/skill/5bcec244-3efe-45ac-8891-0ab4a91e9c48,overholde helse- og sikkerhetsprosedyrer
KnowledgeSkillCompetence,http://data.europa.eu/esco/skill/dbbe485f-b9c2-42df-ba1c-144a2ecfb119,evaluere potensielle akvakulturkonflikter,released,skill/competence,occupation-specific,evaluere sluttbrukers konfliktpotensial | vurdere konfliktpotensialet for sluttbrukere | vurdere potensielle sluttbrukerkonflikter | potensielle sluttbrukerkonflikter | vurdere sluttbrukers konfliktpotensial | vurdering av potensielle sluttbrukerkonflikter,Vurdere mulige konflikter med andre berørte parter med hensyn til miljøvirkninger av akvakultur og interessekonflikter med andre kystsonebrukere.,http://data.europa.eu/esco/skill/4c3ab565-747c-4db3-8c47-79e8d6f98cf4 | http://data.europa.eu/esco/skill/1f2950c0-ef1e-44b4-9a55-125ccd7b78af,bidra til å minske de negative følgene av forbruk | analyse og evaluering av informasjon og data
KnowledgeSkillCompetence,http://data.europa.eu/esco/skill/dbe63ddf-76f8-4177-a482-fee995a57b77,integrert skadedyrhåndtering,released,knowledge,sector-specific,IPM-metoder | IPM | IPM-teknikker | integrerte metoder for skadedyrsbekjempelse | integrerte skadedyrsbehandlingsteknikker,"En integrert tilnærming til forebygging og/eller undertrykkelse av organismer som er skadelige for planter, som har som mål å holde bruk av plantevernmidler og andre former for intervensjon på nivåer som er økonomisk og økologisk forsvarlige, og som reduserer eller minimerer risiko for menneskers helse og miljøet.
	",http://data.europa.eu/esco/skill/6e84c2b5-935a-4958-a410-da42efaf7c27 | http://data.europa.eu/esco/isced-f/0811,teknikker for skadedyrhåndtering | dyrking av nyttevekster og dyreoppdrett
KnowledgeSkillCompetence,http://data.europa.eu/esco/skill/dbef5042-4b99-4e6f-b2ed-1d33b07b3ed6,gi råd om bærekraftsløsninger,released,skill/competence,cross-sector,,"Gi råd til selskaper om løsninger for å utvikle bærekraftige produksjonsprosesser, forbedre effektiv bruk og gjenbruk av materiale og redusere karbonutslipp.
	",http://data.europa.eu/esco/skill/062a9fde-cd91-44f9-9a2f-9e2bc3b281fd,gi råd om miljøspørsmål
KnowledgeSkillCompetence,http://data.europa.eu/esco/skill/dce16d2c-278a-4161-9847-8435e52c96d3,håndtere vannstrømmer og nedbørsfelt,released,skill/competence,sector-specific,,"Håndtere vannstrømmer og nedbørsfelt i dammer, laguner og sluser.",http://data.europa.eu/esco/skill/583b1fb5-be8d-41f0-aa81-0b6bef4793c2,installere utstyr eller system for rørlegging eller rør
KnowledgeSkillCompetence,http://data.europa.eu/esco/skill/dd5451c6-a006-4218-bf94-348d81bed42f,konserveringslandbruk,released,knowledge,sector-specific,,"Teknikkene, metodene og prinsippene som fremmer bærekraftig bruk av land og jord i landbruksproduksjon. Den er basert på tre prinsipper: permanent jorddekning, minimum jordforstyrrelse og diversifisering av plantearter.
	",http://data.europa.eu/esco/isced-f/0811,dyrking av nyttevekster og dyreoppdrett
KnowledgeSkillCompetence,http://data.europa.eu/esco/skill/dda26251-7331-41fd-871f-1106ca468189,trafikkteknikk,released,knowledge,cross-sector,,"Gren av bygge- og anleggsvirksomhet som anvender tekniske metoder for å skape sikre og effektive trafikkstrømmer av mennesker og varer på veier, herunder fortau, trafikklys og sykkelveier.",http://data.europa.eu/esco/skill/82887396-e5bf-4306-af51-3fe8d82790b2 | http://data.europa.eu/esco/isced-f/0732,byggeteknikk | bygg og anlegg
KnowledgeSkillCompetence,http://data.europa.eu/esco/skill/dda745dd-b8d6-45d8-8c74-e05495ce90f5,mål for bærekraftig utvikling,released,knowledge,cross-sector,,"Listen over 17 globale mål satt av FNs generalforsamling og utformet som en strategi for å oppnå en bedre og mer bærekraftig fremtid for alle.
	",http://data.europa.eu/esco/isced-f/0319,ikke annetsteds definert samfunns- og atferdsvitenskap
KnowledgeSkillCompetence,http://data.europa.eu/esco/skill/ddbf25f1-b91a-4083-9ef1-cc113a46e4c0,økosystemer,released,knowledge,cross-sector,,"Systemets egenskaper, der levende organismer eksisterer og kommuniserer med ikke-levende elementer.",http://data.europa.eu/esco/isced-f/0521,miljøvitenskap
KnowledgeSkillCompetence,http://data.europa.eu/esco/skill/ddce2912-bc0f-4a47-aa2b-c1de48bc4b44,energisparing,released,knowledge,cross-sector,energioptimalisering,"Praksisen med å redusere energiforbruket og bruke færre energitjenester. Som en bærekraftig prosess gjøres energibesparelse ved å erstatte brukt energi med alternative kilder, bruke mer effektive energiprodukter eller avstå fra bestemte energiprodukter eller tjenester for å bevare den.
	",http://data.europa.eu/esco/isced-f/0712,miljøvernteknologi
KnowledgeSkillCompetence,http://data.europa.eu/esco/skill/de131ede-cbfe-4e34-aff4-96f16831c3c4,rapportere forurensningstilfeller,released,skill/competence,sector-specific,,"Når en hendelse forårsaker forurensning, undersøke omfanget av skaden og mulige konsekvenser og rapportere skaden til den relevante institusjonen etter prosedyrer for rapportering av forurensning.",http://data.europa.eu/esco/skill/be6ab363-3de1-427f-a8ef-85d5b0250822 | http://data.europa.eu/esco/skill/20136935-e6a1-417b-81df-9b94d4c2c371 | http://data.europa.eu/esco/skill/24310a7b-5db1-4917-a705-4835630227ca,rapportere fakta | innrapportere hendelser og defekter | opprette hendelsesrapporter
KnowledgeSkillCompetence,http://data.europa.eu/esco/skill/debd4fe7-58c9-499e-8a7e-b42984afe728,"fordeling av oppvarmings-, kjøle- og varmtvann",released,knowledge,sector-specific,varmekjøling og drikkevannsanlegg,"Designprinsippene for vannfordelingssystemer for oppvarmings-, kjøle- og varmtvann, samt forholdet til isolering, energisparing ved optimal hydraulisk design. Type energitap i disse systemene forårsaket av varmeoverføring, trykktap (motstand i rør og ventiler) og elektrisk strøm for pumper og ventiler.
	",http://data.europa.eu/esco/isced-f/0713,elektrisitet og energi
KnowledgeSkillCompetence,http://data.europa.eu/esco/skill/df179770-1c8d-4673-a270-481b7e4e6010,designe et mini-vindkraftsystem,released,skill/competence,sector-specific,designe et minivindkraftsystem,"Designe minivindkraftsystemet, inkludert batterier og strømomformere, i sammenheng med andre strømforsyningskilder, og fastslå nødvendig strukturell styrke for montering av miniturbinen.
	",http://data.europa.eu/esco/skill/39fa260c-4f85-48e3-83ce-e292e696c233,designe elektriske eller elektroniske system eller utstyr
KnowledgeSkillCompetence,http://data.europa.eu/esco/skill/dfa7be8d-a98d-4fa5-a759-86b6357f38cf,kontrollere tilskuddssøknader,released,skill/competence,occupation-specific,,"Observere tilskuddssøknader fra enkeltpersoner, veldedighetsorganisasjoner, samfunnsgrupper eller forskningsavdelinger ved universiteter, for å sikre at de oppfyller finansieringskriteriene.",http://data.europa.eu/esco/skill/e67fd42d-25f1-4124-b0be-3b1e3bfdd70c,verifisere identiteter og dokumentasjon
KnowledgeSkillCompetence,http://data.europa.eu/esco/skill/dff0087d-25e4-40bf-979e-32fdf2445438,utvikle strategier for reduksjon av matavfall,released,skill/competence,cross-sector,redusere matsvinn | identifisere områder for reduksjon av matsvinn,"Utvikle retningslinjer, som for eksempel mat for ansatte eller omfordeling av mat, for å redusere, gjenbruke eller resirkulere matavfall der det er mulig. Dette inkluderer gjennomgang av retningslinjer for innkjøp for å identifisere muligheter for reduksjon av matavfall, f.eks. mengden matvareprodukter og kvaliteten på disse.
	",http://data.europa.eu/esco/skill/c23e0a2f-f04b-45bc-b0dd-20571f6b502c,utarbeide retningslinjer og rutiner for drift
KnowledgeSkillCompetence,http://data.europa.eu/esco/skill/e0475631-c151-4413-829c-cb5c76b83271,måle bærekraft for turismeaktiviteter,released,skill/competence,sector-specific,,"Samle inn informasjon, overvåke og vurdere innvirkningen av turisme på miljøet, inkludert på vernede områder, på lokal kulturarv og biologisk mangfold, i et forsøk på å redusere karbonutslipp som følge av aktiviteter i bransjen. Det inkluderer å gjennomføre spørreundersøkelser om besøkende og måle eventuell kompensasjon som kreves for å gjøre opp for skader.
	",http://data.europa.eu/esco/skill/d519fadd-85bf-475f-bf14-c53a0290687d,overvåke miljøforhold
KnowledgeSkillCompetence,http://data.europa.eu/esco/skill/e0701805-94ab-4c79-9624-39a7202cbe4f,utføre beregning av eiendelsavskrivning,released,skill/competence,occupation-specific,,"Beregne reduksjonen i verdien til en eiendel, forårsaket av eksempel skade eller endringer i miljøet, i samsvar med lovgivningen.",http://data.europa.eu/esco/skill/19ba11f3-9c99-41fd-a7c9-f77e6a026186 | http://data.europa.eu/esco/skill/f55fac09-92a2-4a88-9a96-ee9fb5b18519,utføre beregninger | fastsette verdier på varer eller tjenester
KnowledgeSkillCompetence,http://data.europa.eu/esco/skill/e16fca1b-b3e2-4823-bba1-7c755c1caf58,gi råd om nitratforurensning,released,skill/competence,sector-specific,,"Gi råd om innvirkningen og konsekvensene av forurensning (inkludert landforurensning på grunn av gjødsel) forårsaket av lystgassutslipp, som bidrar til nedbrytning av ozonlaget, og foreslå løsninger for å redusere slike handlinger.
	",http://data.europa.eu/esco/skill/062a9fde-cd91-44f9-9a2f-9e2bc3b281fd,gi råd om miljøspørsmål
KnowledgeSkillCompetence,http://data.europa.eu/esco/skill/e1da04bb-4de8-4d17-af8a-75ea893fe36a,fremme ansvarlig forbrukeratferd,released,skill/competence,occupation-specific,,"Fremme retningslinjer, tiltak og utdanningsprogrammer som oppmuntrer til en sunn livsstil og proaktiv deltakelse i bærekraftig forbruk, og som fører til endringer i forbrukernes holdninger, handelsvaner og forventninger.",http://data.europa.eu/esco/skill/efb60300-0d55-4b2c-8038-8409587a4727,"fremme produkter, tjenester og ordninger"
KnowledgeSkillCompetence,http://data.europa.eu/esco/skill/e2028206-3060-4e81-8350-77baefabefde,overvåke våtmarker i prosjektutvikling,released,skill/competence,cross-sector,,"Overvåke og reagere proaktivt på utfordringene ved våtmarker i utviklingen av prosjekter. Forsøke å ta vare på og bevare våtmarker, samtidig som du finner de mest miljømessig kostnadseffektive løsningene for utviklingen av infrastrukturprosjekter.",http://data.europa.eu/esco/skill/d519fadd-85bf-475f-bf14-c53a0290687d | http://data.europa.eu/esco/skill/d5dbc342-8e39-4998-8237-ebbe05a381ce,overvåke miljøforhold | administrere forsknings- og utviklingsprosjekter
KnowledgeSkillCompetence,http://data.europa.eu/esco/skill/e2bb641f-f647-4229-a48e-9a5ef3526c23,ivareta sikkerheten til truede arter og vernede områder,released,skill/competence,sector-specific,,"Sikre at prosjekter ikke har negativ påvirkning på trekkfugler, sjeldne eller truede dyrearter, kritiske habitater eller miljøbeskyttede områder.",http://data.europa.eu/esco/skill/8064ae65-5d1b-44e1-9aaf-246a4285a9a6,overholde lover og standarder for miljøbeskyttelse
KnowledgeSkillCompetence,http://data.europa.eu/esco/skill/e361af91-3e68-4e59-b0e2-bca0ffb416fa,marin energi,released,knowledge,sector-specific,havenergi | tidevannskraft | tidevannsenergi | havkraft | bølgekraft | MHK,"Energien som genereres fra den naturlige bevegelsen av vann som havbølger, tidevann, strømmer samt fra vanntemperaturforskjeller som termisk energi i dypt kaldt vann. Videre er det utnyttet som en fornybar kraftkilde.
	",http://data.europa.eu/esco/skill/f8413360-6114-40de-a276-c59b764b9913 | http://data.europa.eu/esco/isced-f/0713,fornybare energiteknologier | elektrisitet og energi
KnowledgeSkillCompetence,http://data.europa.eu/esco/skill/e36c1f47-3913-4d35-a6ae-fd9a7243483f,designe ventilasjonsnettverk,released,skill/competence,sector-specific,utforme ventilasjonsnettverk,"Skissere ventilasjonsnettverk. Forberede og planlegge ventilasjonsoppsettet ved hjelp av spesialprogramvare. Designe systemer for oppvarming eller avkjøling etter behov. Forbedre effektiviteten i ventilasjonsnettverket for å senke energiforbruket, inkludert samspillet mellom en nesten nullenergibygning (nZEB), bruken av bygningen og den riktige ventilasjonsstrategien for den.
	",http://data.europa.eu/esco/skill/6caa915b-b80d-4b43-8bbc-54914e0d5032 | http://data.europa.eu/esco/skill/b2c688b0-9106-466d-8b88-eafdfe608e7d,administrere gruveventilasjon | designe strukturer eller fasiliteter
KnowledgeSkillCompetence,http://data.europa.eu/esco/skill/e381f278-7218-4f30-a7b6-34dc3eb7e4a8,skogplanting,released,knowledge,sector-specific,skogrestaurering | restaurering av skog,"Metoder for gjenoppretting av avskogede områder for å reversere ødeleggelsen av skog og gjenopprette et viktig antall hektar. Strategier som å plante nye trær, beskytte økosystemer mot ødeleggelse eller så frø er en del av disse skogplantingsmetodene.
	",http://data.europa.eu/esco/isced-f/082,skogbruk
KnowledgeSkillCompetence,http://data.europa.eu/esco/skill/e3f2c37f-e484-4b4c-ad82-f565a2b98f89,overvåkingsutstyr for miljøledelse,released,knowledge,sector-specific,,Maskinvare og utstyr som er egnet til måling og sanntidstilsyn av miljøparametere.,http://data.europa.eu/esco/isced-f/0712,miljøvernteknologi
KnowledgeSkillCompetence,http://data.europa.eu/esco/skill/e3fcd642-5f9c-48ee-be58-258dd895d281,samle inn biologiske data,released,skill/competence,cross-sector,,"Samle inn biologiske prøver, registrere og oppsummere biologiske data til bruk i tekniske undersøkelser, utvikle planer for miljøstyring og biologiske produkter.",http://data.europa.eu/esco/skill/29dcc31e-a8d6-4a62-b3c1-2de81e966e39,samle opplysninger fra fysiske eller elektroniske kilder
KnowledgeSkillCompetence,http://data.europa.eu/esco/skill/e45507ff-c1e2-4e0c-92fb-b6c0e6cb6245,solcelleanlegg,released,knowledge,sector-specific,fotovoltaikk | PV-systemer,"Systemer som konverterer en fornybar kilde som solen til elektrisk energi. Basert i energikonverteringskjeden kan solcelleanlegg deles inn i tre typer: grid direct PV-systemer, grid-interaksjonssystemer og off grid PV-systemer.
	",http://data.europa.eu/esco/isced-f/0713 | http://data.europa.eu/esco/skill/05e5e14f-ffa6-4106-b311-c6335ccc2bd2,elektrisitet og energi | solenergi
KnowledgeSkillCompetence,http://data.europa.eu/esco/skill/e4698f9f-bb23-486e-a74a-c8f3a19c3132,undersøke kontaminering,released,skill/competence,cross-sector,,"Utføre tester for å undersøke egenskapene til kontaminering i et område, eller på overflater og materialer, for å identifisere årsaken, arten og omfanget til risikoen og skaden.",http://data.europa.eu/esco/skill/d519fadd-85bf-475f-bf14-c53a0290687d,overvåke miljøforhold
KnowledgeSkillCompetence,http://data.europa.eu/esco/skill/e4a3c9af-8a5d-49cc-95bb-b77e41588746,behandle innhøstet honning,released,skill/competence,sector-specific,,"Høste og behandle honning i henhold til forskrifter om tilstand, sikkerhet og biosikkerhet.",http://data.europa.eu/esco/skill/ceca8bbe-cd58-49b4-8ef4-9a34a5ac0f75,betjene matbehandlingsmaskiner
KnowledgeSkillCompetence,http://data.europa.eu/esco/skill/e4ff825c-7376-4135-93cd-3892fd67b7c1,utvikle miljøtiltaksstrategier,released,skill/competence,cross-sector,,"Utvikle strategier for fjerning av forurensning og forurensende stoffer fra jord, grunnvann, overflatevann eller sediment, og ta hensyn til forskrifter for miljøtiltak og tilgjengelig teknologi.",http://data.europa.eu/esco/skill/4c3ab565-747c-4db3-8c47-79e8d6f98cf4 | http://data.europa.eu/esco/skill/0d75a128-bd88-4c1b-b70d-8e963aeb490c | http://data.europa.eu/esco/skill/8ed41305-4abf-4b54-9f8f-0e043d26feba | http://data.europa.eu/esco/skill/7a8fb784-67fa-41e9-a75c-6b491d91f800 | http://data.europa.eu/esco/skill/507e2b21-1285-47e9-bf09-0db794df1bf0,bidra til å minske de negative følgene av forbruk | bidra til redusert forurensning | utarbeide politiske retningslinjer og lovbestemmelser | utvikle strategi for å løse problemer | utvikle miljøretningslinjer
KnowledgeSkillCompetence,http://data.europa.eu/esco/skill/e52c1125-1d27-4e3d-afc9-761ee5f678b3,trebevaring og -konservering,released,knowledge,sector-specific,,Miljøkrav for bevaring og konservering av trær.,http://data.europa.eu/esco/isced-f/0821,skogbruk
KnowledgeSkillCompetence,http://data.europa.eu/esco/skill/e541c69c-ea80-4b17-87cb-4001d0b9d303,vurdere miljøpåvirkning,released,skill/competence,cross-sector,,"Overvåke miljøpåvirkninger og utføre vurderinger for å identifisere og redusere organisasjonens miljørisikoer, samtidig som det tas hensyn til kostnadene.",http://data.europa.eu/esco/skill/4c3ab565-747c-4db3-8c47-79e8d6f98cf4 | http://data.europa.eu/esco/skill/d3a8ef9c-8572-438c-91dc-010537070be3 | http://data.europa.eu/esco/skill/7dd94ad3-13d6-43fe-8b94-51fcbf67ced9 | http://data.europa.eu/esco/skill/c4ba12d1-4698-42fa-8abb-789462ea2586 | http://data.europa.eu/esco/skill/8064ae65-5d1b-44e1-9aaf-246a4285a9a6 | http://data.europa.eu/esco/skill/d86babea-bf8b-4552-81a8-daf706066ad6,bidra til å minske de negative følgene av forbruk | håndtere miljøpåvirkning | tenke kritisk | beskytte miljøet mot påvirkningen fra digitale teknologier | overholde lover og standarder for miljøbeskyttelse | administrere virksomhetens miljøpåvirkning
KnowledgeSkillCompetence,http://data.europa.eu/esco/skill/e5727f3b-0dc9-4daf-84e0-d5789b33a6d9,skogøkologi,released,knowledge,cross-sector,,"Økosystemene som finnes i en skog, fra bakterier til trær og jordtyper.",http://data.europa.eu/esco/isced-f/0521,miljøvitenskap
KnowledgeSkillCompetence,http://data.europa.eu/esco/skill/e5deced2-5636-4ff2-b9bc-dca6cbfc5f72,designe et kraftvarmeanlegg,released,skill/competence,sector-specific,designe et kogenanlegg,"Beregne bygningens varme- og kjølekrav, og avgjøre kravene til varmtvann i hjemmet. Lag en hydraulikkordning som passer i kraftvarmeenheten, med garantert returtemperatur og akseptable av/på-bryternumre.
	",http://data.europa.eu/esco/skill/39fa260c-4f85-48e3-83ce-e292e696c233,designe elektriske eller elektroniske system eller utstyr
KnowledgeSkillCompetence,http://data.europa.eu/esco/skill/e5f77488-7561-475a-9888-decd2443d37a,lære opp personell innen avfallshåndtering,released,skill/competence,sector-specific,,"Lære opp personell i et anlegg som håndterer avfallshåndtering, eller en organisasjons personell med ansvar for strategier for avfallshåndtering, innen forbedringene som kan gjøres for å redusere avfall, øke effektiviteten til avfallsbehandling og -avhending, og sikre at avfalls- og miljølovgivning overholdes.",http://data.europa.eu/esco/skill/699e7c26-6502-4e78-a823-3656ff5a5b8b | http://data.europa.eu/esco/skill/6c4fa8c8-e9e1-49b5-897f-6b61fe649488 | http://data.europa.eu/esco/skill/73a9561d-112c-4d8a-9d5f-b2c11c5bbd5f,instruere andre | gi opplæring i operasjonelle prosedyrer | håndtere avfall
KnowledgeSkillCompetence,http://data.europa.eu/esco/skill/e64d28b8-9379-440b-ba77-2738486f8e4a,kontroll lukt fra produksjon av tilberedt dyrefôr,released,skill/competence,occupation-specific,,"Kontrollere lukt som dannes under kverning, oppvarming og avkjøling, utslipp av flytende avfall og andre utslipp. Eventuelt bruke termisk oksidasjonsmiddel for formålet.",http://data.europa.eu/esco/skill/18f2a44e-28ef-4ae3-8ea2-347e33bd9a4b,drift av maskiner for fremstilling av produkter
KnowledgeSkillCompetence,http://data.europa.eu/esco/skill/e65117b6-97e0-4f45-bd61-e581dcd6ec2a,velge passende emballasje for matvarer,released,skill/competence,sector-specific,,"Velge passende emballasje for matvarer og ta hensyn til om emballasjen er attraktiv og egnet. Bruke korrekt emballasje for å sende matvaren på en sikker måte og til en rimelig kostnad. Være bevisst på om emballasjen også kan påvirke produktets egenskaper, for eksempel form, vekt eller soliditet. Balansere de ulike aspektene, for eksempel kostnad, attraktivitet, samsvar med regelverket og hensyn til miljøet.",http://data.europa.eu/esco/skill/d62d2b4c-a6f8-439e-8a1b-4f29ab5f2c47 | http://data.europa.eu/esco/skill/8da6cd59-61e1-43c4-8dfc-bc69d283ccc7,ta avgjørelser | pakke objekter
KnowledgeSkillCompetence,http://data.europa.eu/esco/skill/e671c957-b998-49df-b630-7908806966f1,informere kunder om miljøvern,released,skill/competence,cross-sector,,"Gi kunder informasjon om påvirkningen varmeanleggene deres har på miljøet, og i hvilken grad denne påvirkningen kan reduseres til et minimum ved å håndtere systemene på en miljøvennlig måte eller ved å bruke miljøvennlige systemer.",http://data.europa.eu/esco/skill/f6d7ba88-5234-4994-944d-843ca453c923 | http://data.europa.eu/esco/skill/045f71e6-0699-4169-8a54-9c6b96f3174d | http://data.europa.eu/esco/skill/062a9fde-cd91-44f9-9a2f-9e2bc3b281fd,implementere miljøverntiltak | gi råd | gi råd om miljøspørsmål
KnowledgeSkillCompetence,http://data.europa.eu/esco/skill/e6bf6e73-230a-434c-97b2-a0c042a8b7ac,anvende bærekraftsprinsipper i helsevesenet,released,skill/competence,cross-sector,,Ta hensyn til bærekraftsprinsipper i helsevesenet og strebe etter en rasjonell bruk av ressursene.,http://data.europa.eu/esco/skill/4c3ab565-747c-4db3-8c47-79e8d6f98cf4 | http://data.europa.eu/esco/skill/8064ae65-5d1b-44e1-9aaf-246a4285a9a6,bidra til å minske de negative følgene av forbruk | overholde lover og standarder for miljøbeskyttelse
KnowledgeSkillCompetence,http://data.europa.eu/esco/skill/e844bde0-9563-4c07-a7e6-4150d5f06a4b,estimere vannforbruk,released,skill/competence,occupation-specific,,"Estimere, måle og registrere vannforbruk som kreves for vanning av gressplener og parkområder.",http://data.europa.eu/esco/skill/f5f15f9c-6334-4728-8dc5-3a20a00dfc37,foreta kalkulasjoner
KnowledgeSkillCompetence,http://data.europa.eu/esco/skill/e85cff6b-ee0e-4106-98f0-b57b39a2ea3f,utføre aktiviteter knyttet til sykdoms- og skadedyrkontroll,released,skill/competence,sector-specific,,"Utføre aktiviteter knyttet til sykdoms- og skadedyrkontroll ved bruk av konvensjonelle eller biologiske metoder, og ta hensyn til klima, plante- eller avlingstype og forskrifter om helse, sikkerhet og miljø. Oppbevare og håndtere plantevernmidler i henhold til anbefaling og lovgivning.",http://data.europa.eu/esco/skill/8064ae65-5d1b-44e1-9aaf-246a4285a9a6,overholde lover og standarder for miljøbeskyttelse
KnowledgeSkillCompetence,http://data.europa.eu/esco/skill/e979659d-d06e-4968-b4b2-ac51e379b552,designe hybride driftsstrategier,released,skill/competence,occupation-specific,,"Designe driftsstrategier for hybride driftssystemer, under hensyn til grensene for energigjenvinning og begrensende faktorer. Vurdere de mulige fordelene forbundet med lastskifting og hvordan lastendring kan forbedre energistyringen. Forstå problemene som er koblet til periodisk drift av forbrenningsmotoren.
	",http://data.europa.eu/esco/skill/39fa260c-4f85-48e3-83ce-e292e696c233,designe elektriske eller elektroniske system eller utstyr
KnowledgeSkillCompetence,http://data.europa.eu/esco/skill/e9d6ebab-13ad-45ce-a955-fc3f1e56add8,planlegge tiltak for å beskytte vernede naturområder,released,skill/competence,sector-specific,verne naturområder | bevare naturvernområder | bevare naturlige verneområder | ivareta naturområder,"Planlegge beskyttelsestiltak for vernede naturområder, for å redusere den negative innvirkningen av turisme eller naturlige farer i de angitte områdene. Dette inkluderer aktiviteter som å kontrollere bruken av landområder og naturressurser og overvåke mengden besøkende.
	",http://data.europa.eu/esco/skill/8064ae65-5d1b-44e1-9aaf-246a4285a9a6,overholde lover og standarder for miljøbeskyttelse
KnowledgeSkillCompetence,http://data.europa.eu/esco/skill/e9e57db9-a6ef-4e44-a33c-a022d7c4a17f,innendørs miljøkvalitet,released,knowledge,sector-specific,eiq,"Konsekvensene for innendørs miljøkvalitet av alle valg i designprosessen.
	",http://data.europa.eu/esco/skill/75f312e1-622b-4751-8d93-815b32feaf8d | http://data.europa.eu/esco/isced-f/0712,forurensingsforebygging | miljøvernteknologi
KnowledgeSkillCompetence,http://data.europa.eu/esco/skill/e9ff446f-6a8a-4e35-a611-176508964be3,alternative drivstoff,released,knowledge,sector-specific,karbonnøytralt drivstoff | rent drivstoff | e-drivstoff | karbonnegativt drivstoff | biodrivstoff | CO2-negativt brensel,"Drivstoff eller kraftkilder som tjener, i det minste delvis, som en erstatning i den tradisjonelle energiforsyningen til transport som olje og fossile kilder. De har potensial til å bidra til avkarboniseringstiltak og forbedre miljøprestasjonene i økonomien og transportsektoren.
	",http://data.europa.eu/esco/skill/279e8cb1-b704-41b3-a1c9-60f130e303b4 | http://data.europa.eu/esco/isced-f/0531,typer drivstoff | kjemi
KnowledgeSkillCompetence,http://data.europa.eu/esco/skill/eaef3371-cb14-4d21-90a4-e54dc7c6391c,administrere avsaltingskontrollsystem,released,skill/competence,sector-specific,,Administrere et system for fjerningen av salt for å oppnå drikkevann.,http://data.europa.eu/esco/skill/d3b2c894-33fb-47c4-aff0-27935a082bf6,"betjene behandlingssystem eller -utstyr for petroleum, kjemikalier eller vann"
KnowledgeSkillCompetence,http://data.europa.eu/esco/skill/eb65ce8e-61bf-49d1-99bb-cb699ba1005b,strålevern,released,knowledge,cross-sector,,Tiltak og framgangsmåter for å beskytte mennesker og miljø mot skadelige virkninger av ioniserende stråling.,http://data.europa.eu/esco/isced-f/0914,medisinsk diagnose- og behandlingsteknologi
KnowledgeSkillCompetence,http://data.europa.eu/esco/skill/ec4de8aa-9ba4-412b-832d-93361210eae3,maritim teknologi,released,knowledge,cross-sector,,"Teknologier for sikker bruk, utnyttelse og beskyttelse av og inngripen i maritime miljøer.
	",http://data.europa.eu/esco/isced-f/0732,bygg og anlegg
KnowledgeSkillCompetence,http://data.europa.eu/esco/skill/ec66a2f9-db12-4eec-936a-47632bfdccfb,utføre forhåndsvurdering for smartnett,released,skill/competence,sector-specific,utføre mulighetsstudie om smartnettkonsept,"Utføre evalueringen og vurderingen av hva potensialet til et smartnett er i prosjektet. Utføre en standardisert studie for å avgjøre energisparingstiltak, kostnader og restriksjoner, og foreta undersøkelser for å ta informerte beslutninger. Vurdere utfordringer og muligheter forbundet med implementeringen av trådløse teknologier for smartnett.
	",http://data.europa.eu/esco/skill/d74df140-eb69-43e2-bac9-1cafc824d702 | http://data.europa.eu/esco/skill/ec528c47-65f4-4187-9dc1-5a8889f84a06,gjennomføre mulighetsstudie | analysere forretningsvirksomheter
KnowledgeSkillCompetence,http://data.europa.eu/esco/skill/ec7fd241-e68f-4593-a42a-a12a9bd80cbc,fottøykomponenter,released,knowledge,sector-specific,,"Komponenter for fottøy både for overdel (vamp, kvartaler, fôringer, avstivere, tåpuffer, osv.) og bunn (såler, hæler, innleggssåler, osv.). Miljøkriterier og betydning av resirkulering. Velge ut egnede materialer og deler på grunnlag av deres innflytelse på skotøyets stil og egenskaper, kjennetegn og produksjonsmulighet. Framgangsmåter og metoder for kjemisk og mekanisk bearbeiding av lær og lærvarer.",http://data.europa.eu/esco/isced-f/0723,"tekstiler (klær, sko og lærvarer)"
KnowledgeSkillCompetence,http://data.europa.eu/esco/skill/ecd368bc-6383-4a03-9b61-46e0a94750f7,informere om energisparende teknologier,released,skill/competence,sector-specific,undervise om energisparende teknologier,"Informere anleggsledere eller lignende personer om overvåkingsparametere, for å garantere at systemet oppnår de utformede energisparingsmålene.
	",http://data.europa.eu/esco/skill/699e7c26-6502-4e78-a823-3656ff5a5b8b | http://data.europa.eu/esco/skill/caede8f1-6658-4d78-9eb4-2ad2c7ebf09b,instruere andre | undervisning og opplæring
KnowledgeSkillCompetence,http://data.europa.eu/esco/skill/ed17ddef-52ed-4a24-b6ca-d5ecc53eba24,implementere fôringsregimer for finnefiske,released,skill/competence,sector-specific,,Implementere daglige fôringsregimer for finnefiske for å ta hensyn til endringer i miljøet. Kontrollere at fôringsregimer følges gjennom nøyaktig implementering av fôringsprosedyrer. Implementere justeringer av fôringsregimer for å ta hensyn til svingninger i produksjonen og variasjoner i miljøforholdene. Kontrollere spesialfôringsregimer for å støtte angitte produksjonskrav. Undersøke endringer i fôringsatferd for å fastslå årsaken og nødvendige korrigerende tiltak.,http://data.europa.eu/esco/skill/42f18b92-1c20-46ed-bde0-9bc64ff1e475,mate og stelle dyr
KnowledgeSkillCompetence,http://data.europa.eu/esco/skill/ed8dbdd1-5b40-4eaf-adaf-3b1f6d16a37b,oppbevaring av farlig avfall,released,knowledge,cross-sector,,Regler og framgangsmåter for oppbevaring av materialer og stoffer som utgjør risikoer for helse og sikkerhet.,http://data.europa.eu/esco/isced-f/1021,"vann, avløp og renhold"
KnowledgeSkillCompetence,http://data.europa.eu/esco/skill/edf0690f-629d-4674-a9df-45fd89413e85,vurdere grunnvannsrelatert miljøpåvirkning,released,skill/competence,sector-specific,,Estimere miljøbelastningen fra grunnvannsuthenting og -vannforvaltning.,http://data.europa.eu/esco/skill/101d63ee-bb22-4a7c-9e0a-c2716063696a | http://data.europa.eu/esco/skill/7dd94ad3-13d6-43fe-8b94-51fcbf67ced9 | http://data.europa.eu/esco/skill/e541c69c-ea80-4b17-87cb-4001d0b9d303 | http://data.europa.eu/esco/skill/d519fadd-85bf-475f-bf14-c53a0290687d,"foreta helse-, miljø- og sikkerhetsvurderinger | tenke kritisk | vurdere miljøpåvirkning | overvåke miljøforhold"
KnowledgeSkillCompetence,http://data.europa.eu/esco/skill/ee02393d-27dd-438a-8879-b8088ce45e79,IKT-miljøpolicy,released,knowledge,occupation-specific,,De internasjonale og organisatoriske prinsippene for vurdering av miljøvirkninger av innovasjon og utvikling på IKT-området samt metoder for å redusere negative virkninger og anvendelse av IKT-innovasjon på støtte av miljøet.,http://data.europa.eu/esco/isced-f/0611,bruk av datamaskiner
KnowledgeSkillCompetence,http://data.europa.eu/esco/skill/ef010091-ddce-410d-9864-9276ef6fe390,fjernvarme og -kjøling,released,knowledge,sector-specific,distriktsenergi | distriktsvarme og -kjølesystemer | varmenett | distriktsenerginett | fjernvarme- og kjølenett,"Fjernvarme og -kjøling utnytter lokale bærekraftige energikilder for å levere oppvarming og varmt tappevann til en gruppe bygninger, og bidrar til å forbedre energiytelsen.
	",http://data.europa.eu/esco/skill/83fc0b2b-6cd2-46af-b1ff-d3fc83604c26 | http://data.europa.eu/esco/isced-f/0713,energieffektivitet | elektrisitet og energi
KnowledgeSkillCompetence,http://data.europa.eu/esco/skill/f01fe651-4270-47e8-bb85-e74c8084bd83,måle vannstrøm,released,skill/competence,sector-specific,,"Måle vannstrøm, vanninntak og nedbør.",http://data.europa.eu/esco/skill/23d7bd85-d8d5-4455-b64d-3b0998f2425d,ta mål av dimensjoner og relaterte egenskaper
KnowledgeSkillCompetence,http://data.europa.eu/esco/skill/f03a3387-c4a7-41e3-a5d4-dd4577147940,integrert design,released,knowledge,sector-specific,,"Tilnærming til design som inkluderer flere relaterte disipliner, med sikte på å designe og bygge i henhold til nær nullenergi-prinsippene. Samspillet mellom alle aspekter av bygningsdesign, bygningsbruk og utendørsklima.
	",http://data.europa.eu/esco/skill/80c042de-bc1a-4d78-b266-35bc80ba3093 | http://data.europa.eu/esco/isced-f/0731,arkitektonisk design | arkitektur og byplanlegging
KnowledgeSkillCompetence,http://data.europa.eu/esco/skill/f12f094b-492f-4e88-b36b-50b8e58b7500,gjennomføre miljømessige stedsvurderinger,released,skill/competence,cross-sector,,Administrere og overvåke miljøvurderinger for gruvedrift eller industriområder. Utpeke og avgrense områder for geokjemisk analyse og vitenskapelig forskning.,http://data.europa.eu/esco/skill/3eef7ff2-3ade-41d4-b084-2bd2a3949e1c,vurdere landområde eller eiendom
KnowledgeSkillCompetence,http://data.europa.eu/esco/skill/f14cfbac-07c5-43de-8b63-51518be99826,designe vindturbiner,released,skill/competence,sector-specific,,"Designe de elektriske komponentene og bladene som brukes i utstyr som genererer energi fra vind til elektrisk kraft, og sikre at designet er optimalisert for å sikre sikker og effektiv energiproduksjon.",http://data.europa.eu/esco/skill/39fa260c-4f85-48e3-83ce-e292e696c233,designe elektriske eller elektroniske system eller utstyr
KnowledgeSkillCompetence,http://data.europa.eu/esco/skill/f191c306-f0eb-4cb8-82fb-3331adbbc6f1,tilpasse energifordelingsplaner,released,skill/competence,sector-specific,,"Overvåke prosedyrene som er involvert i distribusjon av energi, for å vurdere om energiforsyningen skal økes eller reduseres, avhengig av endringer i etterspørsel, og innarbeide disse endringene i distribusjonsplanen. Sikre at endringene overholdes.",http://data.europa.eu/esco/skill/75d8e5d9-bef3-418b-9011-01bff9f27207 | http://data.europa.eu/esco/skill/d9013e0e-e937-43d5-ab71-0e917ee882b8 | http://data.europa.eu/esco/skill/8bf9699c-f964-4e4b-ac3d-55aface09cbc,lede andre | administrere tid | betjene utstyr for energiproduksjon eller -distribusjon
KnowledgeSkillCompetence,http://data.europa.eu/esco/skill/f2071535-4da0-4253-a548-920d170b80e0,designe varmeutstyr,released,skill/competence,sector-specific,,"Konseptuelt designe utstyr for varme og kjøling ved bruk av varmeoverføringsprinsipper som ledning, konveksjon, stråling og forbrenning. Temperaturen for disse enhetene skal holde seg stabil og optimal, siden de kontinuerlig flytter varme rundt i systemet.",http://data.europa.eu/esco/skill/c34b06c4-d164-4e49-a784-89d47de42ec2,"designe industrimateriale, -system eller -produkt"
KnowledgeSkillCompetence,http://data.europa.eu/esco/skill/f2412a5c-8072-4cd7-8fa1-806864f91276,etter produkter,released,knowledge,cross-sector,sekundære materialer | biprodukt | sekundærmaterialer | biprodukter,"Konsepter om biprodukt og avfall. Avfallstyper og europeiske avfallskoder. Løsninger for biprodukter og avfallsgjenvinning, -gjenbruk og -resirkulering på tvers av ulike sektorer.
	",http://data.europa.eu/esco/isced-f/1021,"vann, avløp og renhold"
KnowledgeSkillCompetence,http://data.europa.eu/esco/skill/f29c3331-b0dc-44c6-949f-b646bcfde992,analysere trebestand,released,skill/competence,sector-specific,,"Samle inn informasjon om trebestander i skogen. Se etter ødeleggelse fra sykdommer og insekter, dødelighet og brannfare.",http://data.europa.eu/esco/skill/7dd94ad3-13d6-43fe-8b94-51fcbf67ced9 | http://data.europa.eu/esco/skill/d519fadd-85bf-475f-bf14-c53a0290687d | http://data.europa.eu/esco/skill/9af1bd12-01bd-4d6a-947b-69e64f23150a,tenke kritisk | overvåke miljøforhold | prosessere kvalitativ informasjon
KnowledgeSkillCompetence,http://data.europa.eu/esco/skill/f36dff27-a70e-4c23-b2de-e2dffe84adbf,planteforplantning,released,knowledge,sector-specific,,"Typer av ulike spredningsmetoder, materialer og frø samt kriteriene for helse og kvalitet.",http://data.europa.eu/esco/isced-f/0811,dyrking av nyttevekster og dyreoppdrett
KnowledgeSkillCompetence,http://data.europa.eu/esco/skill/f3cc52e3-a96c-4549-b841-6e41a846fa99,rapportere om miljøspørsmål,released,skill/competence,cross-sector,,"Utarbeide miljørapporter og kommunisere problemstillinger. Informere publikum eller interesserte parter i en gitt kontekst om relevant nyere utvikling i miljøet, prognoser om miljøets fremtid og eventuelle problemer og mulige løsninger.",http://data.europa.eu/esco/skill/be6ab363-3de1-427f-a8ef-85d5b0250822 | http://data.europa.eu/esco/skill/062a9fde-cd91-44f9-9a2f-9e2bc3b281fd,rapportere fakta | gi råd om miljøspørsmål
KnowledgeSkillCompetence,http://data.europa.eu/esco/skill/f519caf2-a69f-4357-a8b7-d992e4bfdae3,utforme krav til varming,released,skill/competence,sector-specific,,Utarbeide tekniske krav til varmeprodukter som telekommunikasjonssystemer. Forbedre og optimalisere disse designene ved å bruke termiske løsninger eller eksperimenterings- og valideringsteknikker.,http://data.europa.eu/esco/skill/c23e0a2f-f04b-45bc-b0dd-20571f6b502c,utarbeide retningslinjer og rutiner for drift
KnowledgeSkillCompetence,http://data.europa.eu/esco/skill/f5bf985b-ac78-4d23-881a-18a359234528,bedriftens bærekraft,released,knowledge,sector-specific,bedriftens bærekraftstrategier,"En forretningspraksis for å drive langsiktig bærekraftig vekst ved å søke miljømessige, økonomiske og sosiale strategier som sine tre hovedpilarer.
	",http://data.europa.eu/esco/isced-f/0410,ikke nærmere definert forretning og administrasjon
KnowledgeSkillCompetence,http://data.europa.eu/esco/skill/f64b7f4d-e89e-4920-8674-b75a9cd63389,inspisere tidevannsstrømgeneratorer,released,skill/competence,sector-specific,inspisere tidevannsenergiomformere | inspisere tidevannsturbiner,"Foreta rutinemessige inspeksjoner av tidevannsstrømgeneratorer ved å grundig kontrollere alle deler for å identifisere eventuelle problemer, og å vurdere om reparasjoner trengs.
	",http://data.europa.eu/esco/skill/f7fc7bf8-f41d-44af-81e3-09b88e9779e6,teste elektriske og mekaniske systemer eller utstyr
KnowledgeSkillCompetence,http://data.europa.eu/esco/skill/f66b2fc3-2952-41e5-89bf-a9157ea29420,sikre overholdelse av miljølovgivningen innen matproduksjon,released,skill/competence,sector-specific,,Sørge for overholdelse av miljølovgivning i matproduksjon. Forstå lovgivningen knyttet til miljøspørsmål i matproduksjon og anvende den i praksis.,http://data.europa.eu/esco/skill/4c3ab565-747c-4db3-8c47-79e8d6f98cf4 | http://data.europa.eu/esco/skill/089ee650-297e-4716-87d1-440743b70a0d | http://data.europa.eu/esco/skill/8064ae65-5d1b-44e1-9aaf-246a4285a9a6,bidra til å minske de negative følgene av forbruk | sikre samsvar med miljølovgivning | overholde lover og standarder for miljøbeskyttelse
KnowledgeSkillCompetence,http://data.europa.eu/esco/skill/f672b7a0-698e-45f1-a102-51adeaf89200,utvikle effektive planer for logistikkoperasjoner,released,skill/competence,sector-specific,,Utarbeide og implementere planer for å øke effektiviteten og redusere avfallet under logistikkoperasjoner.,http://data.europa.eu/esco/skill/c23e0a2f-f04b-45bc-b0dd-20571f6b502c,utarbeide retningslinjer og rutiner for drift
KnowledgeSkillCompetence,http://data.europa.eu/esco/skill/f6d7ba88-5234-4994-944d-843ca453c923,implementere miljøverntiltak,released,skill/competence,cross-sector,,Håndheve miljøkriterier for å forhindre miljøskader. Etterstrebe effektiv ressursbruk for å forhindre avfall og redusere kostnader. Motivere kolleger til å treffe relevante tiltak for å drive virksomhet på en miljøvennlig måte.,http://data.europa.eu/esco/skill/8064ae65-5d1b-44e1-9aaf-246a4285a9a6,overholde lover og standarder for miljøbeskyttelse
KnowledgeSkillCompetence,http://data.europa.eu/esco/skill/f7626ae8-eecf-41f4-bc4f-de9e57ed30a6,regnvannshåndtering,released,knowledge,sector-specific,,"Egenskaper ved vann som er følsomme for byutforming, f.eks. våte nedbørfelt, tørre nedbørfelt, drenering og overflatebehandling.",http://data.europa.eu/esco/isced-f/0731,arkitektur og byplanlegging
KnowledgeSkillCompetence,http://data.europa.eu/esco/skill/f76eeb55-2ad1-40ef-ba09-fa60e2c28b40,designe et kunstig lyssystem,released,skill/competence,sector-specific,designe kunstig belysningssystem,"Undersøke og designe et kunstig belysningssystem basert på dagslys, timer eller bruken av områder, under hensyn til tekniske spesifikasjoner og begrensninger, for eksempel strømkvalitet og energieffektivitet og miljøinnvirkningen av materialene brukt i lyspærer eller LED-pærer.
	",http://data.europa.eu/esco/skill/883eab8c-d8a6-4e8b-9b11-7d9001e172ab,designe systemer og produkter
KnowledgeSkillCompetence,http://data.europa.eu/esco/skill/f7a4fb1d-d951-4c4c-8643-3212c0958f71,overvåke elektriske generatorer,released,skill/competence,sector-specific,,"Overvåke driften for elektriske generatorer i kraftstasjoner for å sikre funksjonalitet og sikkerhet, og for å identifisere behov for reparasjoner og vedlikehold.",http://data.europa.eu/esco/skill/942edf03-a450-4261-b65c-9b447fdddc51 | http://data.europa.eu/esco/skill/6d0cad66-82dd-4854-a03a-68232942c68d,sette opp generatorer | installere deler av tre og metall
KnowledgeSkillCompetence,http://data.europa.eu/esco/skill/f806d624-7700-4e47-9f7b-253d4d6ab9e5,fremme dyrevelferd,released,skill/competence,sector-specific,,Fremme god praksis og arbeide med medfølelse for å opprettholde og fremme høye standarder for dyrevelferd til enhver tid ved å tilpasse personlig atferd og håndtere miljøfaktorer.,http://data.europa.eu/esco/skill/d2d9051a-10e1-41c5-9cfb-bbdc58016176 | http://data.europa.eu/esco/skill/5bcec244-3efe-45ac-8891-0ab4a91e9c48,følge sikkerhetsforholdsregler innen arbeidspraksis | overholde helse- og sikkerhetsprosedyrer
KnowledgeSkillCompetence,http://data.europa.eu/esco/skill/f82b05a7-128b-4a72-a815-044ff6062f62,gi råd om prosedyrer for avfallshåndtering,released,skill/competence,cross-sector,,Rådgi organisasjoner om implementering av avfallsbestemmelser og om forbedringsstrategier for avfallshåndtering og avfallsminimering for å øke miljømessig bærekraftige praksiser og miljøbevissthet.,http://data.europa.eu/esco/skill/045f71e6-0699-4169-8a54-9c6b96f3174d | http://data.europa.eu/esco/skill/b036eb5c-6a48-45b9-b2c6-f42f9e336204,gi råd | gi råd om forretnings- eller driftsforhold
KnowledgeSkillCompetence,http://data.europa.eu/esco/skill/f8413360-6114-40de-a276-c59b764b9913,fornybare energiteknologier,released,knowledge,cross-sector,biobrenselteknologi | vindkraftteknologi | biomassebrenselteknologi | fornybar energiteknologi | solenergiteknologi | teknologi for fornybar energi | teknologier for fornybar energi | energiteknologi for biodrivstoff. | vannkraftteknologi,"Ulike typer energikilder som ikke kan uttømmes, f.eks. vind, solenergi, vann, biomasse og biodrivstoff. De ulike teknologiene som brukes til å implementere slike energityper i økende grad, f.eks. vindturbiner, vannkraftdammer, solcelleanlegg og konsentrert solenergi.",http://data.europa.eu/esco/skill/1e38f5be-bb7d-42c5-8301-c16cf400f8ee | http://data.europa.eu/esco/isced-f/0713,fornybar energi | elektrisitet og energi
KnowledgeSkillCompetence,http://data.europa.eu/esco/skill/f8460277-3c9a-4be4-b203-600a2a295f47,plantesykdomskontroll,released,knowledge,sector-specific,,"Typer og egenskaper av sykdommer hos planter og vekster. Ulike typer metoder for kontroll, virksomhet ved bruk av konvensjonelle eller biologiske metoder, idet det tas hensyn til typen plante eller vekster, miljø- og klimaforhold og helse- og sikkerhetsregler. Lagre og håndtere produkter.",http://data.europa.eu/esco/isced-f/0811,dyrking av nyttevekster og dyreoppdrett
KnowledgeSkillCompetence,http://data.europa.eu/esco/skill/f85c6fbb-51c9-4b3f-adc9-391df4b2da65,designe geotermiske energisystemer,released,skill/competence,sector-specific,utforme geotermisk energisystem,"Detaljprosjektere et geotermisk energisystem. Avgjøre grensene for byggeplassen, f.eks. nødvendig plass, areal, dybde. Lage detaljerte beskrivelser og tegninger av designet.
	",http://data.europa.eu/esco/skill/39fa260c-4f85-48e3-83ce-e292e696c233,designe elektriske eller elektroniske system eller utstyr
KnowledgeSkillCompetence,http://data.europa.eu/esco/skill/f9032d23-4b04-4cbb-8152-2cafc2d394d2,betjene skrapvibrasjonsmater,released,skill/competence,cross-sector,,Betjene en vibrasjonsmater som gradvis mater skrot eller annet avfall til en søppelbeholder.,http://data.europa.eu/esco/skill/8d80f33a-ab38-429b-a4ed-3b1a6f8f3b4a,betjene blande- og separasjonsmaskiner
KnowledgeSkillCompetence,http://data.europa.eu/esco/skill/f975091a-e5a5-4472-ac17-11680e53e98f,søke innovasjon i gjeldende praksis,released,skill/competence,cross-sector,,"Søke etter forbedringer og presentere innovative løsninger, kreativitet og alternativ tenking for å utvikle nye teknologier, metoder eller ideer som respons på arbeidsrelaterte problemer.",http://data.europa.eu/esco/skill/c624c6a3-b0ba-4a31-a296-0d433fe47e41 | http://data.europa.eu/esco/skill/1a4cc54f-1e53-442b-a6d2-1682dc8ef8f9 | http://data.europa.eu/esco/skill/e2a5e046-3357-493e-bbdc-8d0ef82005cc,tenke kreativt | bruke digitale teknologier kreativt | overvåking av utviklingen innen kompetanseområdet
KnowledgeSkillCompetence,http://data.europa.eu/esco/skill/f9b7be6c-29a0-4021-980e-a0e3b0005205,inspisere bølgeenergiomformere,released,skill/competence,sector-specific,,"Foreta rutinemessige inspeksjoner av bølgeenergiomformere ved å grundig kontrollere alle deler for å identifisere eventuelle problemer, og å vurdere om reparasjoner trengs.
	",http://data.europa.eu/esco/skill/f7fc7bf8-f41d-44af-81e3-09b88e9779e6,teste elektriske og mekaniske systemer eller utstyr
KnowledgeSkillCompetence,http://data.europa.eu/esco/skill/fac6dbca-0d38-48a0-a255-d2beea8156d6,forhindre marin forurensning,released,skill/competence,sector-specific,,Gjennomføre inspeksjoner og treffe tiltak for å forhindre eller dempe havforurensning. Følge internasjonale normer og traktater.,http://data.europa.eu/esco/skill/0d75a128-bd88-4c1b-b70d-8e963aeb490c | http://data.europa.eu/esco/skill/5aec5b83-df71-483e-90b9-21e56a0a3cb2 | http://data.europa.eu/esco/skill/d519fadd-85bf-475f-bf14-c53a0290687d,bidra til redusert forurensning | måle forurensning | overvåke miljøforhold
KnowledgeSkillCompetence,http://data.europa.eu/esco/skill/fc0ea6f4-8182-4127-a92b-fd53be15ec30,utvikle biokatalytiske prosesser,released,skill/competence,sector-specific,,Utvikle drivstoff eller fine kjemikalier fra biomasse ved bruk av mikroorganismer som enzymer eller gjær.,http://data.europa.eu/esco/skill/7ca69606-5ffc-4668-ae53-713c1f1612e6,betjene vitenskapelig og laboratorisk utstyr
KnowledgeSkillCompetence,http://data.europa.eu/esco/skill/fc6890aa-1dbd-4aa1-bae2-4699965eeaf0,håndtere skogbranner,released,skill/competence,sector-specific,,"Beskytte liv, eiendommer og ressurser ved å forhindre skogbranner. Oppdage, kontrollere, begrense og undertrykke branner når de oppstår. Integrere kunnskap om brannregimer, branneffekter og verdier i fare, det nødvendige nivået av skogvern og kostnader ved brannrelaterte aktiviteter.",http://data.europa.eu/esco/skill/3d9873e5-7128-49d9-9048-f72b8ea4b29e | http://data.europa.eu/esco/skill/d519fadd-85bf-475f-bf14-c53a0290687d,administrere skoger | overvåke miljøforhold
KnowledgeSkillCompetence,http://data.europa.eu/esco/skill/fc7ed09d-3010-4054-8136-a534b16fb35e,utvikle arbeidsprogrammer for naturområder,released,skill/competence,sector-specific,,"Utvikle, implementere og gjennomgå arbeidsprogrammer for naturområder (tjenestelevering) for å muliggjøre fullførelse innenfor tildelte ressurser og tidsrammer.",http://data.europa.eu/esco/skill/e6eeb84c-ad99-42e2-b883-e6ce338aef59,planlegge drift og produksjonsprosesser
KnowledgeSkillCompetence,http://data.europa.eu/esco/skill/fcc29203-1f8d-4c54-90ee-78cb18467695,overvåke spillvannbehandlinger,released,skill/competence,sector-specific,,Overvåke spillvannbehandlinger i henhold til miljøbestemmelser.,http://data.europa.eu/esco/skill/87dff904-fb74-4d59-972e-1c2387579d94,lede driftsaktiviteter
KnowledgeSkillCompetence,http://data.europa.eu/esco/skill/fcffe2a5-6253-4848-92e7-749304aca647,utvikle innovative mobilitetsløsninger,released,skill/competence,cross-sector,utvikle mobilitetsapplikasjoner | finne innovative mobilitetstjenester | utvikle sykkeldelingstjenester | utvikle tjenester for mobilitet ved behov | finne innovative mobilitetskonsepter | fremme bærekraftig mobilitet,"Arbeide med innovative idéer for å utvikle transportløsninger basert på integrering av digitale teknologier og dataadministrasjon, og fremme overgangen fra personlig eid transport til behovsbaserte og delte mobilitetstjenester.
	",http://data.europa.eu/esco/skill/b590d4e5-7c62-4b4a-abc2-c270b482e0ce,designe it-system eller -programvare
KnowledgeSkillCompetence,http://data.europa.eu/esco/skill/fd082998-8cea-4abc-8504-03f7e4b7088e,designe et bygningsstyringssystem,released,skill/competence,sector-specific,utforme et bms,"Designe bygningsstyringssystemet (BMS). Beskrive automatiseringsstrategiene og ønskede funksjonaliteter. Vurdere hvilke komponenter og systemer som bør inkluderes i BMS-et, og hvilke som er mindre nyttige, med hensyn til energisparing.
	",http://data.europa.eu/esco/skill/39fa260c-4f85-48e3-83ce-e292e696c233,designe elektriske eller elektroniske system eller utstyr
KnowledgeSkillCompetence,http://data.europa.eu/esco/skill/fd2930ce-cd21-4eb2-87f7-115c3d197e24,sikre vannressurs,released,skill/competence,occupation-specific,,Etterstrebe bevaring av grunnvann. Møte vannbevaringsbyråer og samarbeide med ledere om bevaringsarbeidets utvikling.,http://data.europa.eu/esco/skill/0a4c5823-8b09-4e6b-95b4-8036ef3b9c4c,fremme enkeltpersons- eller samfunnsbehov
KnowledgeSkillCompetence,http://data.europa.eu/esco/skill/fdfb348c-6aaf-4815-8f50-2f665287c422,utfordrende problemstillinger i tekstilindustrien,released,knowledge,sector-specific,,Effektivitetsmålene og miljøspørsmålene som stilles av utfordringer i tekstilindustrien.,http://data.europa.eu/esco/skill/469748ce-051a-407e-9099-0c9415ac2705 | http://data.europa.eu/esco/skill/4e373bb6-b9e1-4400-ba59-0313e88e8f94 | http://data.europa.eu/esco/isced-f/0723,"møte utfordringer på en positiv måte | tekstilbransjen | tekstiler (klær, sko og lærvarer)"
KnowledgeSkillCompetence,http://data.europa.eu/esco/skill/ff9f1770-2b94-4afa-bf82-1671d7f54b99,samle inn husholdningsavfall,released,skill/competence,sector-specific,,Samle inn ikke-farlig avfall fra boligområder og hjem for å fjerne det fra området og transportere det til et avfallsbehandlingsanlegg.,http://data.europa.eu/esco/skill/61d1dab2-6007-4b7c-9380-cd88207fa30f,kaste ikke-farlig avfall eller skrot
KnowledgeSkillCompetence,http://data.europa.eu/esco/skill/ffa1d58b-ba09-49bd-a982-e743b2237006,utføre energisimuleringer,released,skill/competence,sector-specific,,"Replisere bygningens energiytelse ved å kjøre datamaskinbaserte, matematiske modeller.
	",http://data.europa.eu/esco/skill/1f2950c0-ef1e-44b4-9a55-125ccd7b78af,analyse og evaluering av informasjon og data
