conceptType,conceptUri,code,preferredLabel,greenShare
ISCO level 3,http://data.europa.eu/esco/isco/C011,011,Offiserer fra fenrik og høyere grad,0.00575396825396825
ISCO level 4,http://data.europa.eu/esco/isco/C0110,0110,Offiserer fra fenrik og høyere grad,0.00575396825396825
Occupation,http://data.europa.eu/esco/occupation/f2cc5978-e45c-4f28-b859-7f89221b0505,0110.1,offiser i luftforsvar,0.0
Occupation,http://data.europa.eu/esco/occupation/c6a26e11-bdf1-47a1-849d-fdcf819d458d,0110.2,offiser i væpnede styrker,0.0
Occupation,http://data.europa.eu/esco/occupation/9bf4c8ea-e814-4772-ae31-0f29672dc497,0110.3,kaptein i hæren,0.0333333333333333
Occupation,http://data.europa.eu/esco/occupation/c6e5e0e7-fa99-4f71-9fc1-9889d85282a5,0110.4,general i hæren,0.0
Occupation,http://data.europa.eu/esco/occupation/e4c915ff-6c9c-4fa9-a8fb-09d0c67e30d4,0110.5,major i hæren,0.0
Occupation,http://data.europa.eu/esco/occupation/7696b15a-c52e-4ac5-b38d-9eeb010c5fa3,0110.6,artillerioffiser,0.0
Occupation,http://data.europa.eu/esco/occupation/bbd1fe06-1b55-4937-9317-fc162311ab38,0110.7,brigader,0.0
Occupation,http://data.europa.eu/esco/occupation/b864c9a3-ef6e-46a0-a40c-66188f74dfa7,0110.8,oberst,0.0
Occupation,http://data.europa.eu/esco/occupation/0b1d8dcb-d941-4d79-99bf-fc10c1806c43,0110.9,flåtekommandør,0.0357142857142857
Occupation,http://data.europa.eu/esco/occupation/b223f402-0318-4e27-8691-df6e7f7295d2,0110.10,løytnant,0.0
Occupation,http://data.europa.eu/esco/occupation/262f21a3-ae78-46f4-a5f9-5a1f502caa90,0110.11,marineoffiser,0.0
Occupation,http://data.europa.eu/esco/occupation/e44b2459-af5e-492d-9c57-d9c2e62944e7,0110.12,leder i luftforsvaret,0.0
ISCO level 3,http://data.europa.eu/esco/isco/C021,021,Befal med sersjant grad,0.0
ISCO level 4,http://data.europa.eu/esco/isco/C0210,0210,Befal med sersjant grad,0.0
Occupation,http://data.europa.eu/esco/occupation/4a3f40a8-0587-494c-b8d3-7098b8c5992f,0210.1,korporal i hæren,0.0
Occupation,http://data.europa.eu/esco/occupation/cb3b2662-774a-4e6f-841e-f120244d7031,0210.2,sersjant,0.0
Occupation,http://data.europa.eu/esco/occupation/1de91afd-9da2-47ab-a7e7-19bf931709a4,0210.3,spesialstyrkeoffiser,0.0
Occupation,http://data.europa.eu/esco/occupation/86c892cf-09a3-44c8-b9d1-814d93dbcbb4,0210.4,spesialist i krigføring,0.0
ISCO level 3,http://data.europa.eu/esco/isco/C031,031,Menige,0.001666666666666666
ISCO level 4,http://data.europa.eu/esco/isco/C0310,0310,Menige,0.001666666666666666
Occupation,http://data.europa.eu/esco/occupation/c94dc5b2-6b23-4915-8de5-a4e6ae86d802,0310.1,pilot i luftforsvaret,0.0
Occupation,http://data.europa.eu/esco/occupation/fdc8adfb-1807-4146-98ae-3a26fbe19996,0310.2,bomberydder,0.0
Occupation,http://data.europa.eu/esco/occupation/bd5a2f44-fc06-45fd-909b-3a4001c8b8a3,0310.3,infanterist,0.0
Occupation,http://data.europa.eu/esco/occupation/35e67944-231e-4bc9-8c69-560f203167ff,0310.4,etterretningsoperatør i luftforsvaret,0.0
Occupation,http://data.europa.eu/esco/occupation/555235ce-8c45-409b-a6c9-83e69c2d2bce,0310.5,ingeniør i forsvaret,0.00833333333333333
ISCO level 3,http://data.europa.eu/esco/isco/C111,111,Politikere og toppledere i offentlig administrasjon,0.004201680672268906
Occupation,http://data.europa.eu/esco/occupation/7226c10f-701b-4711-8843-140aace12c6f,1111.1,kommunestyremedlem,0.0
Occupation,http://data.europa.eu/esco/occupation/404a50e9-61ce-448d-a695-bbfc697a0727,1111.2,statsråd,0.0
Occupation,http://data.europa.eu/esco/occupation/d63789ac-74b5-40e3-b890-685513c38e12,1111.3,fylkesmann,0.0
Occupation,http://data.europa.eu/esco/occupation/6cee3765-2b3b-48b0-af2b-1eb512d071fd,1111.4,ordfører,0.0
Occupation,http://data.europa.eu/esco/occupation/5bca96fd-4203-400b-be58-9e9b50bc98da,1111.5,stortingsrepresentant,0.0
Occupation,http://data.europa.eu/esco/occupation/0ee67d5e-8de9-48f0-97c5-ba23d486b1e9,1111.6,statssekretær,0.0
Occupation,http://data.europa.eu/esco/occupation/73c3f018-71ce-4dc1-abdd-14cea7873717,1111.7,senator,0.0
ISCO level 4,http://data.europa.eu/esco/isco/C1111,1111,Politikere,0.0
Occupation,http://data.europa.eu/esco/occupation/9e4269d5-e10e-4f49-ac99-65c833f933a2,1112.1,sentralbanksjef,0.0
Occupation,http://data.europa.eu/esco/occupation/a8d05b64-f60b-4dd9-91c2-e2e63d82f2f5,1112.2,konsul,0.0
Occupation,http://data.europa.eu/esco/occupation/190ec9a5-938c-45a5-bd9c-c12b1af33353,1112.3.1,ambassadør,0.0
Occupation,http://data.europa.eu/esco/occupation/a2494c65-11a8-4853-9371-c89333c33be1,1112.3.2,ambassaderåd,0.0
Occupation,http://data.europa.eu/esco/occupation/1fb92021-9576-4c85-8759-f6918e9f0ad4,1112.3,diplomat,0.0
Occupation,http://data.europa.eu/esco/occupation/f2413988-f76a-4636-a4b1-9952517aa21f,1112.4,brannleder,0.0714285714285714
Occupation,http://data.europa.eu/esco/occupation/2ae275fe-4f11-4a38-9e95-d466d74b42a3,1112.5,politileder,0.0
Occupation,http://data.europa.eu/esco/occupation/0752ed49-03e7-4d75-8314-a051b3771a1d,1112.6,leder av offentlig forvaltning,0.0
Occupation,http://data.europa.eu/esco/occupation/5c5b153e-4bf8-4f3d-973d-12fabf306d12,1112.7,generalsekretær,0.0
ISCO level 4,http://data.europa.eu/esco/isco/C1112,1112,Toppledere i offentlig administrasjon,0.007936507936507933
Occupation,http://data.europa.eu/esco/occupation/e9cf8b24-6b8b-47cc-9dd3-b601aa135960,1114.1,representant for interessegruppe,0.0
ISCO level 4,http://data.europa.eu/esco/isco/C1114,1114,Toppledere i interesseorganisasjoner,0.0
ISCO level 3,http://data.europa.eu/esco/isco/C112,112,Administrerende direktører,0.0500265816055289
Occupation,http://data.europa.eu/esco/occupation/93dfef83-579c-4bef-b0ba-d41ee9cbda85,1120.1,dyreparksjef,0.05
Occupation,http://data.europa.eu/esco/occupation/4be4ea31-1211-4f0c-82bb-f6fe10791f4d,1120.3.1,lufthavndirektør,0.0789473684210526
Occupation,http://data.europa.eu/esco/occupation/6c3fd65e-2d24-47d8-bc22-9e93512bdcc2,1120.3,administrerende direktør,0.0151515151515151
Occupation,http://data.europa.eu/esco/occupation/c64a6e4e-5b38-4f93-b26d-aded817aeaf3,1120.4,driftsdirektør,0.0227272727272727
Occupation,http://data.europa.eu/esco/occupation/070e94a8-a933-4557-9b95-fefe7f4f1763,1120.5,leder innen offentlig arbeidsformidling,0.0
Occupation,http://data.europa.eu/esco/occupation/73b10c97-b003-45dc-a36d-c1d585c04be1,1120.6,sosial entreprenør,0.133333333333333
ISCO level 4,http://data.europa.eu/esco/isco/C1120,1120,Administrerende direktører,0.0500265816055289
ISCO level 3,http://data.europa.eu/esco/isco/C121,121,Ledere av administrative enheter,0.0823875829937813
Occupation,http://data.europa.eu/esco/occupation/04f39bfa-bc03-4480-98bc-b18ce4fe4b4b,1211.1.1,regnskapssjef,0.032258064516129
Occupation,http://data.europa.eu/esco/occupation/b680251e-b3c7-4029-9849-66a95081801c,1211.1.2,finanssjef i bank,0.0217391304347826
Occupation,http://data.europa.eu/esco/occupation/44e0c015-309d-4f67-98a3-1e036966ed7f,1211.1.3,budsjettsjef,0.0227272727272727
Occupation,http://data.europa.eu/esco/occupation/3e1a2f3c-20d6-4d33-aa6f-63cd2a32698d,1211.1.4,corporate treasurer,0.0
Occupation,http://data.europa.eu/esco/occupation/30f3ea93-882a-4525-841c-1d5b4b64076f,1211.1,økonomisjef,0.0121580547112462
ISCO level 4,http://data.europa.eu/esco/isco/C1211,1211,Finans- og økonomisjefer,0.0177765044778861
Occupation,http://data.europa.eu/esco/occupation/96e88e86-f2c7-42e6-a2b2-17e4f08d4ee0,1212.1,koordinator for frivillighetsprogram for ansatte,0.0833333333333333
Occupation,http://data.europa.eu/esco/occupation/949ab84f-5d76-4139-a568-45691b7ebc53,1212.2.1,likestillings- og inkluderingsleder,0.0178571428571428
Occupation,http://data.europa.eu/esco/occupation/f605bcd2-90b6-45a0-a558-d05016d68a77,1212.2,personalsjef,0.00699300699300699
Occupation,http://data.europa.eu/esco/occupation/3d999108-f37a-4087-a936-b2911240b8c2,1212.3,frivillighetsleder,0.0454545454545454
Occupation,http://data.europa.eu/esco/occupation/a14e96a7-6c4d-4d69-8c6f-7ccadf77bac5,1212.4,personalutviklingssjef,0.074074074074074
Occupation,http://data.europa.eu/esco/occupation/a6e8a6bf-9209-4d19-a131-a8b6431e0f75,1212.5,leder for talentanskaffelse,0.0
ISCO level 4,http://data.europa.eu/esco/isco/C1212,1212,Personalsjefer,0.03795201711868375
Occupation,http://data.europa.eu/esco/occupation/d00b4607-c4fe-4f3e-8974-29401e23223c,1213.2.1,administrator av sosialtjenester,0.0
Occupation,http://data.europa.eu/esco/occupation/4f49df98-98b8-4a9e-98ad-9c5557817eba,1213.2.2,sjef for strategisk planlegging,0.0555555555555555
Occupation,http://data.europa.eu/esco/occupation/e246eca2-2cec-45b4-ae76-aa1f37d07bc5,1213.2.3,turistsjef,0.133333333333333
Occupation,http://data.europa.eu/esco/occupation/64e38ce7-3901-4261-bfee-77c7a77397f2,1213.2,strategiansvarlig,0.177914110429447
Occupation,http://data.europa.eu/esco/occupation/91f93dc4-1b71-4053-b6fb-c579ec19303a,1213.3,avdelingsleder – innkjøp,0.0204081632653061
Occupation,http://data.europa.eu/esco/occupation/c94f3565-d987-431f-a46b-6f4e018e0bd7,1213.4,programsjef,0.0222222222222222
Occupation,http://data.europa.eu/esco/occupation/0917ab6b-18a8-4cfd-8e7a-843b88cf9457,1213.5.1,områdesjef,0.0136986301369863
Occupation,http://data.europa.eu/esco/occupation/544cd9cf-e2ee-4ac0-8a02-7147af6b97d7,1213.5,bedriftsleder,0.0117647058823529
Occupation,http://data.europa.eu/esco/occupation/1c85eee2-a8ca-4750-a889-10a3e6c17b80,1213.6,fondsforvalter i EU,0.0181818181818181
Occupation,http://data.europa.eu/esco/occupation/57e87533-e523-4ee5-bf21-94a39fcc279b,1213.7,HMS-ansvarlig,0.253731343283582
Occupation,http://data.europa.eu/esco/occupation/2cf2b905-3308-4b5d-8e8d-633fc7a3f3ce,1213.8,bærekraftsleder,0.75
Occupation,http://data.europa.eu/esco/occupation/7a3996d8-b90d-4b81-bd5e-e37f005b2683,1213.9.1,direktør for overholdelse og informasjonssikkerhet i gambling,0.0
Occupation,http://data.europa.eu/esco/occupation/b1ed68f8-8d51-4bcc-8825-bd554859480f,1213.9,direktør for samsvar og informasjonssikkerhet,0.0
ISCO level 4,http://data.europa.eu/esco/isco/C1213,1213,Strategi- og planleggingssjefer,0.1120622986377387
Occupation,http://data.europa.eu/esco/occupation/b42c5ed4-c6e4-4694-934f-96127719cc43,1219.1.1,anleggsleder,0.160714285714285
Occupation,http://data.europa.eu/esco/occupation/e9507d34-c70f-474f-a4a3-d2cbfe50f6e9,1219.1.2,sikkerhetssjef,0.0227272727272727
Occupation,http://data.europa.eu/esco/occupation/3c136897-4e0e-41ef-bb57-d8152323b93a,1219.1,sjef for bedriftstjenester,0.0
Occupation,http://data.europa.eu/esco/occupation/1313aeea-63a9-4b4d-82d1-dbe00ff9ed10,1219.2,CSR-ansvarlig,0.326530612244897
Occupation,http://data.europa.eu/esco/occupation/8b26eec6-7497-4218-8364-9b5983b04ae7,1219.3,administrativ leder innen forsvaret,0.0416666666666666
Occupation,http://data.europa.eu/esco/occupation/94e0bedd-e56e-42be-a5a4-b74a260f437c,1219.4,avdelingsleder,0.0125
Occupation,http://data.europa.eu/esco/occupation/81cc1583-3614-4207-8e54-00b8cd4ddf09,1219.5.1,leder av kjemisk anlegg,0.0566037735849056
Occupation,http://data.europa.eu/esco/occupation/0552ff45-b282-455c-b431-fb05a0e00801,1219.5.2,støperisjef,0.037037037037037
Occupation,http://data.europa.eu/esco/occupation/cb446db8-e8b3-418c-a21c-2d10faea42a5,1219.5.3,kraftverksjef,0.18
Occupation,http://data.europa.eu/esco/occupation/546ec458-e2a4-4cb1-ac17-553d314ac2e2,1219.5.4,vannverkssjef,0.295454545454545
Occupation,http://data.europa.eu/esco/occupation/b633af32-c8c0-4481-9971-7932ea4b16b5,1219.5.5,trelastsjef,0.0192307692307692
Occupation,http://data.europa.eu/esco/occupation/680831bb-64fc-4fc8-ae58-c450327d9700,1219.5,leder for bygg og anlegg,0.157894736842105
Occupation,http://data.europa.eu/esco/occupation/bea99fea-0383-4c63-b944-70d4799de2c5,1219.6,prosjektleder,0.0147058823529411
Occupation,http://data.europa.eu/esco/occupation/109e0a5d-203d-4af6-8f70-692111335ec3,1219.7,kvalitetssjef,0.032258064516129
ISCO level 4,http://data.europa.eu/esco/isco/C1219,1219,Andre administrative ledere,0.09695168902653951
ISCO level 3,http://data.europa.eu/esco/isco/C122,122,Ledere av salgs-,0.0296640356338618
Occupation,http://data.europa.eu/esco/occupation/04b52c04-0620-4558-8f89-e252de2963ff,1221.1,leder av auksjonshus,0.03125
Occupation,http://data.europa.eu/esco/occupation/c530b0ee-46f8-40fb-818c-d9b44b891cb9,1221.2,"analytiker, bankprodukter",0.0222222222222222
Occupation,http://data.europa.eu/esco/occupation/425ed170-bf90-42c9-b5bd-148282ed96ff,1221.3.1,destinasjonsleder,0.157894736842105
Occupation,http://data.europa.eu/esco/occupation/dab60fc6-c16e-4de7-b969-b323784f5a49,1221.3.2.1.1,kategorisjef,0.0172413793103448
Occupation,http://data.europa.eu/esco/occupation/7a031723-2b2c-4fdd-8ed5-30d67088b8b8,1221.3.2.1.2,lisenssjef,0.0
Occupation,http://data.europa.eu/esco/occupation/1663e9d9-857b-4efa-9ab6-886c7fc763f6,1221.3.2.1.3,"ettersalgssjef, kjøretøyer",0.0
Occupation,http://data.europa.eu/esco/occupation/1dd7c3cb-2d58-4dad-ae15-c9081174ab7e,1221.3.2.1.4,e-handelssjef,0.0
Occupation,http://data.europa.eu/esco/occupation/a2ade835-81c2-452e-a4d8-a90348bbe378,1221.3.2.1.5,serviceleder for ettersalg,0.0
Occupation,http://data.europa.eu/esco/occupation/a7594892-ff23-4e2a-aedf-2f967ebca15c,1221.3.2.1,salgssjef,0.032258064516129
Occupation,http://data.europa.eu/esco/occupation/6fcf4638-e7c7-4978-9302-9a7b63a3d57c,1221.3.2,markedsføringssjef,0.0118343195266272
Occupation,http://data.europa.eu/esco/occupation/d954fd71-0e2f-4cf9-85f0-c040fa6cbda9,1221.3.3,"leder, salgsfremmende tiltak",0.0185185185185185
Occupation,http://data.europa.eu/esco/occupation/0ddbf393-38f1-4c22-b14c-fe775008f321,1221.3,marketingsjef,0.0158730158730158
Occupation,http://data.europa.eu/esco/occupation/2d3d7188-47ab-49b9-9045-e452d9db06f1,1221.4,salgsdirektør,0.0
Occupation,http://data.europa.eu/esco/occupation/dc97adbe-f807-4ad8-8f3c-c24b3416cdef,1221.5,leder for digital markedsføring,0.0
Occupation,http://data.europa.eu/esco/occupation/6ce3c372-408b-4c46-86d8-ad6b9255d686,1221.6,produktsjef innen turisme,0.166666666666666
Occupation,http://data.europa.eu/esco/occupation/53a362a4-4c83-4ce2-837f-d1faba4cd247,1221.7,anbudsleder,0.0
ISCO level 4,http://data.europa.eu/esco/isco/C1221,1221,Salgs- og markedssjefer,0.02960993271722678
Occupation,http://data.europa.eu/esco/occupation/4ebf2dae-c326-4627-befe-fbc91410f432,1222.1.1,reklamesjef,0.0181818181818181
Occupation,http://data.europa.eu/esco/occupation/6cc19251-763b-4de1-b4f7-526c9ff732d2,1222.1.2,PR-sjef,0.00884955752212389
Occupation,http://data.europa.eu/esco/occupation/cd7b838c-51f6-41ec-9067-bb974c0f991b,1222.1,kommunikasjonssjef,0.0327868852459016
ISCO level 4,http://data.europa.eu/esco/isco/C1222,1222,PR- og informasjonssjefer,0.01993942031661453
Occupation,http://data.europa.eu/esco/occupation/73856e9e-eca2-44c2-bb3c-aaedf4b25979,1223.1.1,"produktsjef, forsikring",0.0256410256410256
Occupation,http://data.europa.eu/esco/occupation/9f508305-80ce-4111-8722-f2c9b4a44890,1223.1,produktsjef,0.032258064516129
Occupation,http://data.europa.eu/esco/occupation/01bcac9f-7881-4664-bd63-dea700e3b117,1223.2.1.1,"produktutviklingssjef, klær",0.0434782608695652
Occupation,http://data.europa.eu/esco/occupation/ef6020f9-11b4-4d1a-96e0-903331594121,1223.2.1.2,"produktutviklingssjef, fottøy",0.0555555555555555
Occupation,http://data.europa.eu/esco/occupation/62001bb7-4611-4b61-903e-d98589c0821a,1223.2.1.3,spillutviklingssjef,0.0
Occupation,http://data.europa.eu/esco/occupation/ada3fc30-c205-4279-90b8-ed5c7c467626,1223.2.1.4,"produktutviklingssjef, lærvarer",0.0512820512820512
Occupation,http://data.europa.eu/esco/occupation/1488589a-7b83-471d-b094-492f5616f4e0,1223.2.1,produktutviklingssjef,0.0357142857142857
Occupation,http://data.europa.eu/esco/occupation/9db7d74c-b46d-45c0-b611-6bcb7456ecc6,1223.2.2.1,IKT-forskningsleder,0.0204081632653061
Occupation,http://data.europa.eu/esco/occupation/c02ee787-c30b-4f0d-9d7f-6eb36fc44a5d,1223.2.2,forskningsleder,0.0294117647058823
Occupation,http://data.europa.eu/esco/occupation/9f1d546b-1b4e-4b64-97e8-600fc502304b,1223.2.3,innovasjonsansvarlig,0.0434782608695652
Occupation,http://data.europa.eu/esco/occupation/73ceb2f9-18e3-4cfe-9c06-e9fb31ece440,1223.2,forsknings- og utviklingssjef,0.048780487804878
Occupation,http://data.europa.eu/esco/occupation/8a0afc76-4a09-449a-9e7b-a33495889f95,1223.3,produktsjef,0.0
ISCO level 4,http://data.europa.eu/esco/isco/C1223,1223,Forsknings- og utviklingsledere,0.03216732668535365
ISCO level 3,http://data.europa.eu/esco/isco/C131,131,Ledere i gartnerier,0.15848987962194622
Occupation,http://data.europa.eu/esco/occupation/f04eaeff-52f5-4d52-93ad-6f846884827f,1311.1,skogforvalter,0.372093023255813
ISCO level 4,http://data.europa.eu/esco/isco/C1311,1311,Ledere i skogbruk,0.372093023255813
Occupation,http://data.europa.eu/esco/occupation/4fe4b1f1-e84d-4056-b062-83d5a64fc571,1312.1,innhøstingsleder ved akvakulturbruk,0.0196078431372549
Occupation,http://data.europa.eu/esco/occupation/a5826284-14fb-4866-b9be-69ce69db1b71,1312.2,oppdrettssjef ved akvakulturbruk,0.131147540983606
Occupation,http://data.europa.eu/esco/occupation/5945cba8-19a4-4632-8a8f-4186e2bad1a3,1312.3,produksjonsleder innen akvakulturbruk,0.111111111111111
ISCO level 4,http://data.europa.eu/esco/isco/C1312,1312,Ledere innen akvakultur mv.,0.08728883174399064
ISCO level 3,http://data.europa.eu/esco/isco/C132,132,Ledere av produksjon,0.0458292831389648
Occupation,http://data.europa.eu/esco/occupation/caa75a5b-b32f-4d57-bffa-03dbb91058cf,1321.1,"koordinator, råkaffe",0.0
Occupation,http://data.europa.eu/esco/occupation/0d21a30d-25d9-427b-b8e4-339408425ff5,1321.2.1.1,"produksjonssjef, kjemi",0.0769230769230769
Occupation,http://data.europa.eu/esco/occupation/3afd6af4-0c34-4311-ad73-65adc2571f0c,1321.2.1.2,"produksjonssjef, klær",0.0714285714285714
Occupation,http://data.europa.eu/esco/occupation/a7d6a377-3d3b-41cf-9301-f4a0a7ad3d96,1321.2.1.3,leder for matproduksjon,0.169811320754716
Occupation,http://data.europa.eu/esco/occupation/6482664d-48f4-4ff4-9346-584ac0e2f729,1321.2.1.4,"produksjonssjef, skotøy",0.05
Occupation,http://data.europa.eu/esco/occupation/a2bc52c2-9802-4929-a95c-6379d9f19204,1321.2.1.5,"driftsjef, ferdigbehandling av lær",0.0571428571428571
Occupation,http://data.europa.eu/esco/occupation/e5257110-e7f1-453a-a2dc-bd374945bc4a,1321.2.1.6.1,"produksjonssjef, lærvarer",0.0408163265306122
Occupation,http://data.europa.eu/esco/occupation/262d4e45-0cf7-4399-be6f-3d5e96826ef2,1321.2.1.6.2,"avdelingsleder, lærbehandling knyttet til våtprosesser",0.0588235294117647
Occupation,http://data.europa.eu/esco/occupation/316309e4-5fce-4dca-85d1-07702217ea19,1321.2.1.6,"produksjonssjef, lærproduksjon",0.054054054054054
Occupation,http://data.europa.eu/esco/occupation/45517bc3-0887-416d-95fe-6ace1b90bddd,1321.2.1.7,"leder, metallurgi",0.04
Occupation,http://data.europa.eu/esco/occupation/0368c4d4-94cf-4168-a84d-283a25880e0d,1321.2.1.8,"produksjonssjef, metallindustri",0.0
Occupation,http://data.europa.eu/esco/occupation/eb9479c6-5fdf-4f45-ace4-28b547b8c7e5,1321.2.1,"produksjonssjef, industri",0.0571428571428571
Occupation,http://data.europa.eu/esco/occupation/02f26b2f-879c-4811-8381-65e8dd3f4a16,1321.2.2.1,"kvalitetsansvarlig, sko",0.0909090909090909
Occupation,http://data.europa.eu/esco/occupation/1f8967ce-9faa-4d56-a656-50e041f7d07e,1321.2.2.2,"kvalitetssjef, lærvarer",0.0625
Occupation,http://data.europa.eu/esco/occupation/652b847f-837a-4a08-bd5e-36397fe56455,1321.2.2.3,"kvalitetsansvarlig, tekstilproduksjon",0.0476190476190476
Occupation,http://data.europa.eu/esco/occupation/fdb16700-109e-4d02-949e-3213f278df93,1321.2.2,"kvalitetssjef, industri",0.0204081632653061
Occupation,http://data.europa.eu/esco/occupation/c6bd511a-d966-4df9-a48e-4f800354f268,1321.2.3,driftsleder,0.125683060109289
Occupation,http://data.europa.eu/esco/occupation/9deee896-be9b-4aac-b55e-ceff1a7a843a,1321.2.4,"anleggsleder, kloakksystem",0.363636363636363
Occupation,http://data.europa.eu/esco/occupation/9a20c93e-a345-4a46-a406-9ffbf11daeef,1321.2.5,leder for avfallshåndtering,0.577777777777777
Occupation,http://data.europa.eu/esco/occupation/6426ada1-4d8c-4612-99e3-91bc569805ee,1321.2,produksjonssjef,0.172043010752688
Occupation,http://data.europa.eu/esco/occupation/518348e6-0095-4f37-ad46-5ef1b8b5ee2f,1321.3,"driftsleder, tekstilproduksjon",0.037037037037037
ISCO level 4,http://data.europa.eu/esco/isco/C1321,1321,Ledere av industriproduksjon mv.,0.1035121973569099
Occupation,http://data.europa.eu/esco/occupation/df66a6e6-2130-4932-8aaf-263dafa569fa,1322.1.1,"produksjonssjef, gruvedrift",0.032258064516129
Occupation,http://data.europa.eu/esco/occupation/0633ec3f-91f1-4038-bc29-e0ec4cd7f1e9,1322.1.2,"produksjonssjef, olje- og gassutvinning",0.0512820512820512
Occupation,http://data.europa.eu/esco/occupation/107d21c6-973b-411c-89fd-69da48d29ada,1322.1,gruvesjef,0.0789473684210526
Occupation,http://data.europa.eu/esco/occupation/b156960c-8508-4067-908d-f167847c55b1,1322.2,anleggssjef i steinbrudd,0.0833333333333333
ISCO level 4,http://data.europa.eu/esco/isco/C1322,1322,Ledere av olje- og gassutvinning mv.,0.061455204388141525
Occupation,http://data.europa.eu/esco/occupation/ba3bacd4-73e9-4861-a9c0-f89f1f28055a,1323.1.1,"hovedentreprenør, bygg og anlegg",0.205128205128205
Occupation,http://data.europa.eu/esco/occupation/b9711647-463f-4991-a858-d5de66ff2f83,1323.1.2,eiendomsutvikler,0.0975609756097561
Occupation,http://data.europa.eu/esco/occupation/faed05c0-c1d1-4e34-b575-0dea96459e56,1323.1,byggeleder,0.142857142857142
ISCO level 4,http://data.europa.eu/esco/isco/C1323,1323,Ledere av bygge- og anleggsvirksomhet,0.1485154411983677
Occupation,http://data.europa.eu/esco/occupation/fc35b7ca-ecec-40d7-91b5-5065f662d955,1324.1,lufthavnsjef,0.0344827586206896
Occupation,http://data.europa.eu/esco/occupation/0d442b70-5413-4820-bebf-36dd5ce437ac,1324.2,flygeledersjef,0.037037037037037
Occupation,http://data.europa.eu/esco/occupation/73d3ce3c-296c-4f85-9381-2eed6f3ae5fa,1324.3.1.1,"transportsjef, innlandsfart",0.0555555555555555
Occupation,http://data.europa.eu/esco/occupation/baae6dd1-4a59-480d-83b1-a0708a5a1736,1324.3.1.2,sjøtransportsjef,0.1
Occupation,http://data.europa.eu/esco/occupation/98ad0008-13d9-4e9b-94bf-4f4a5faae764,1324.3.1.3,leder av jernbanedrift,0.0
Occupation,http://data.europa.eu/esco/occupation/4ea620f2-5c75-49ee-85a0-b2fb6bbf3624,1324.3.1.4,veitransportsjef,0.172413793103448
Occupation,http://data.europa.eu/esco/occupation/f56e33a3-01bb-46ba-98f4-d47aa242b983,1324.3.1.5,leder innen veitransport,0.09375
Occupation,http://data.europa.eu/esco/occupation/e04bca7b-c0c7-454d-9d15-dfb64a30dc0a,1324.3.1.6.1,distribusjonssjef innen landbruksmaskiner og -utstyr,0.0
Occupation,http://data.europa.eu/esco/occupation/449f6aef-a8e6-4edc-aea4-802a7b773e00,1324.3.1.6.2,"distribusjonssjef innen landbruksråvarer, frø og dyrefôr",0.0
Occupation,http://data.europa.eu/esco/occupation/e0433bbb-8a93-4ab4-ac7a-84ccc1a04637,1324.3.1.6.3,distribusjonssjef innen drikkevarer,0.0
Occupation,http://data.europa.eu/esco/occupation/87426cf2-9e36-46a4-aa4f-6a8d20dd93d6,1324.3.1.6.4,distribusjonssjef innen kjemiske produkter,0.0
Occupation,http://data.europa.eu/esco/occupation/37f92bd9-b14c-4ab5-82fb-545ba7ba3b8b,1324.3.1.6.5,distribusjonssjef innen porselen og glasstøy,0.0
Occupation,http://data.europa.eu/esco/occupation/625d316c-2b93-4a9c-ada2-b19efa7c611b,1324.3.1.6.6,distribusjonssjef innen klær og sko,0.0
Occupation,http://data.europa.eu/esco/occupation/f8d7d59d-242d-4903-9e0d-d2d23a0ef4c3,1324.3.1.6.7,"distribusjonssjef innen kaffe, te, kakao og krydder",0.0
Occupation,http://data.europa.eu/esco/occupation/243f3b7e-cd7a-419a-94c0-d4f2040f09af,1324.3.1.6.8,"distribusjonssjef innen datamaskiner, datatilbehør og programvare",0.0
Occupation,http://data.europa.eu/esco/occupation/c1ee52e0-f30a-4f8d-a7f5-b07f5f06f88f,1324.3.1.6.9,distribusjonssjef innen meieriprodukter og matoljer,0.0
Occupation,http://data.europa.eu/esco/occupation/de0084a5-7e00-43cc-bc51-3cb70a031295,1324.3.1.6.10,distribusjonssjef innen elektriske husholdningsapparater,0.0
Occupation,http://data.europa.eu/esco/occupation/032d4115-03ec-49c9-853d-678f8a41969b,1324.3.1.6.11,distribusjonssjef innen elektronikk og telekommunikasjonsutstyr,0.0
Occupation,http://data.europa.eu/esco/occupation/2ad52381-6adb-4262-b17c-ea7fcb3b6696,1324.3.1.6.12,"distribusjonssjef innen fisk, skalldyr og bløtdyr",0.0
Occupation,http://data.europa.eu/esco/occupation/23a9e478-d465-4b61-b6d9-97b7e90af17a,1324.3.1.6.13,distribusjonssjef innen blomster og planter,0.0
Occupation,http://data.europa.eu/esco/occupation/73bdadf0-2175-4097-8f4d-b6dabeb0a030,1324.3.1.6.14,distribusjonssjef innen frukt og grønnsaker,0.103448275862068
Occupation,http://data.europa.eu/esco/occupation/bd7c070b-333f-4b9d-a70a-25f135ff931e,1324.3.1.6.15,"distribusjonssjef innen møbler, tepper og belysning",0.0
Occupation,http://data.europa.eu/esco/occupation/d46a0f9d-4474-46f8-b59d-7970da915b94,1324.3.1.6.16,distribusjonssjef innen jernvare- og VVS-utstyr,0.0
Occupation,http://data.europa.eu/esco/occupation/7ff7ab7d-12a6-4d87-ac91-8a8f3540b1c0,1324.3.1.6.17,"distribusjonssjef innen huder, skinn og lærprodukter",0.0
Occupation,http://data.europa.eu/esco/occupation/a49e1479-90c4-41d2-871b-ac58ebc4894b,1324.3.1.6.18,distribusjonssjef innen husholdningsartikler,0.0
Occupation,http://data.europa.eu/esco/occupation/29a95106-3680-427b-bd1c-3f13d6999241,1324.3.1.6.19,distribusjonssjef innen levende dyr,0.0
Occupation,http://data.europa.eu/esco/occupation/96c870c0-f93a-43c3-9ce4-1fe9e737fece,1324.3.1.6.20,"distribusjonssjef innen maskiner, industrielt utstyr, skip og fly",0.0357142857142857
Occupation,http://data.europa.eu/esco/occupation/ee5f8b2f-4b40-4426-8290-a6926ae4898b,1324.3.1.6.21,distribusjonssjef innen kjøtt og kjøttprodukter,0.0
Occupation,http://data.europa.eu/esco/occupation/52d303a7-630b-4e3f-9f62-becd9b2fcb46,1324.3.1.6.22,distribusjonssjef innen metaller og metallmalm,0.0
Occupation,http://data.europa.eu/esco/occupation/ad404c6b-291f-439e-9ad4-c93ddabd3c13,1324.3.1.6.23,"distribusjonssjef innen gruve-, bygg- og anleggsmaskiner",0.0
Occupation,http://data.europa.eu/esco/occupation/b7474960-a03e-46c3-88ce-81575cb8f657,1324.3.1.6.24,distribusjonssjef innen parfyme og kosmetikk,0.0
Occupation,http://data.europa.eu/esco/occupation/24af7ff6-bd84-43a6-8cba-e60776f956f5,1324.3.1.6.25,distribusjonssjef innen farmasøytiske produkter,0.0
Occupation,http://data.europa.eu/esco/occupation/e83bf81f-c1d0-48e1-8533-7d65be8007c5,1324.3.1.6.26,"distribusjonssjef innen sukker, sjokolade og søtsaker",0.0
Occupation,http://data.europa.eu/esco/occupation/13b12b2d-e223-46f5-a6c0-cb77fe37f03a,1324.3.1.6.27,distribusjonssjef innen tekstilindustrimaskiner,0.0
Occupation,http://data.europa.eu/esco/occupation/53e61b71-60a3-4873-bc14-d6e28693818c,1324.3.1.6.28,distribusjonssjef innen tekstiler og tekstilhalvfabrikata og -råmaterialer,0.0
Occupation,http://data.europa.eu/esco/occupation/61a61a3b-6fcd-4525-9f5c-0a1415a9a51f,1324.3.1.6.29,distribusjonssjef innen tobakkvarer,0.0
Occupation,http://data.europa.eu/esco/occupation/9fcce643-276b-435f-aa94-4516c2414686,1324.3.1.6.30,distribusjonssjef innen avfall og skrot,0.0384615384615384
Occupation,http://data.europa.eu/esco/occupation/67aee472-533b-4569-a7a5-e7bc34b2cdce,1324.3.1.6.31,distribusjonssjef innen klokker og smykker,0.0
Occupation,http://data.europa.eu/esco/occupation/49607371-2712-4b0a-8d7c-1b4bc22d9581,1324.3.1.6.32,distribusjonssjef innen tre og byggematerialer,0.0
Occupation,http://data.europa.eu/esco/occupation/72d1e9ca-294c-4349-90ed-f99541d447d0,1324.3.1.6,speditør innen spesialvarer,0.0227272727272727
Occupation,http://data.europa.eu/esco/occupation/632e61c8-4e4b-44c7-b213-6dd5a174b143,1324.3.1,distribusjonssjef,0.0256410256410256
Occupation,http://data.europa.eu/esco/occupation/0cbfa809-2d71-44e5-b736-c4da3c8fe09d,1324.3.2.1,import-/eksportsjef innen landbruksmaskiner og -utstyr,0.0
Occupation,http://data.europa.eu/esco/occupation/dc2a924c-653a-4922-9226-f6909dd64580,1324.3.2.2,"import-/eksportsjef innen landbruksråvarer, frø og dyrefôr",0.074074074074074
Occupation,http://data.europa.eu/esco/occupation/9faaae26-804d-48f3-97b0-84f7e1aceae8,1324.3.2.3,import-/eksportsjef innen drikkevarer,0.0357142857142857
Occupation,http://data.europa.eu/esco/occupation/fd00e4bb-dcee-41d7-81d3-2cdebad8fe70,1324.3.2.4,import-/eksportsjef innen kjemiske produkter,0.037037037037037
Occupation,http://data.europa.eu/esco/occupation/95d8f19e-f62b-443f-ac53-324ea8f98cf5,1324.3.2.5,import-/eksportsjef innen porselen og glasstøy,0.0
Occupation,http://data.europa.eu/esco/occupation/ccbb7213-79f7-489e-9dad-f90091e550d0,1324.3.2.6,import-/eksportsjef innen klær og sko,0.04
Occupation,http://data.europa.eu/esco/occupation/4311b9e0-064e-41bc-b120-5eb21f337780,1324.3.2.7,"import-/eksportsjef innen kaffe, te, kakao og krydder",0.0714285714285714
Occupation,http://data.europa.eu/esco/occupation/7d9c060a-f280-441d-baf9-7d4a6b520a2a,1324.3.2.8,"import-/eksportsjef innen datamaskiner, datatilbehør og programvare",0.0
Occupation,http://data.europa.eu/esco/occupation/65beb253-61b0-4f8f-9c3c-49419913fd18,1324.3.2.9,import-/eksportsjef innen meieriprodukter og matoljer,0.0357142857142857
Occupation,http://data.europa.eu/esco/occupation/e997358a-f6ed-4b5d-bebe-2a33b01ea3d2,1324.3.2.10,import-/eksportsjef innen elektriske husholdningsapparater,0.0
Occupation,http://data.europa.eu/esco/occupation/8914badc-df5e-4671-908e-de5bc795658b,1324.3.2.11,import-/eksportsjef innen elektronikk og telekommunikasjonsutstyr,0.0
Occupation,http://data.europa.eu/esco/occupation/b2826761-6fc4-4344-9d36-d8455cb6b185,1324.3.2.12,"import-/eksportsjef innen fisk, skalldyr og bløtdyr",0.0357142857142857
Occupation,http://data.europa.eu/esco/occupation/1ee8dfca-19b0-4e1a-88ed-68548f80951b,1324.3.2.13,import-/eksportsjef innen blomster og planter,0.074074074074074
Occupation,http://data.europa.eu/esco/occupation/dc29cd23-d6ba-46b0-bc2f-424e20270099,1324.3.2.14,import-/eksportsjef innen frukt og grønnsaker,0.0714285714285714
Occupation,http://data.europa.eu/esco/occupation/a70315e3-ae41-44a9-9fe5-7fe668469ee0,1324.3.2.15,"import-/eksportsjef innen møbler, tepper og belysning",0.04
Occupation,http://data.europa.eu/esco/occupation/173a882d-0a14-4919-ac1b-23e8ee8273de,1324.3.2.16,import-/eksportsjef innen jernvare- og VVS-utstyr,0.0
Occupation,http://data.europa.eu/esco/occupation/d7a12ff0-7e25-4dab-98c5-1f5a781da8ad,1324.3.2.17,"import-/eksportsjef innen huder, skinn og lærprodukter",0.04
Occupation,http://data.europa.eu/esco/occupation/b148e7a3-e5b0-4edc-b770-85ab81f36ac9,1324.3.2.18,import-/eksportsjef innen husholdningsapparater,0.0
Occupation,http://data.europa.eu/esco/occupation/b49f95f8-c1c8-428f-9f1f-5f5abae55e51,1324.3.2.19,import-/eksportsjef innen levende dyr,0.037037037037037
Occupation,http://data.europa.eu/esco/occupation/12142c2c-9b6f-4e4f-8153-f1a51554e4e0,1324.3.2.20,"import-/eksportsjef innen maskiner, industrielt utstyr, skip og fly",0.0
Occupation,http://data.europa.eu/esco/occupation/bbba890e-ecae-43ba-9c5b-a65baa318f15,1324.3.2.21,import-/eksportsjef innen verktøysmaskiner,0.0
Occupation,http://data.europa.eu/esco/occupation/00fdad73-4551-4e43-b256-1d4a3759db1e,1324.3.2.22,import-/eksportsjef innen kjøtt og kjøttprodukter,0.0689655172413793
Occupation,http://data.europa.eu/esco/occupation/5cc6d160-3864-43b0-b3eb-77d1208a51b4,1324.3.2.23,import-/eksportsjef innen metaller og metallmalm,0.0384615384615384
Occupation,http://data.europa.eu/esco/occupation/84e4c780-ee17-44dd-af6f-d1c06a3e353d,1324.3.2.24,"import-/eksportsjef innen gruve-, bygg- og anleggsmaskiner",0.0
Occupation,http://data.europa.eu/esco/occupation/4c313f2a-704e-4d3c-a7c2-98e1b93c9e94,1324.3.2.25,import-/eksportsjef innen kontormøbler,0.0
Occupation,http://data.europa.eu/esco/occupation/8c0cc417-6b09-4082-8062-2f0f7123a573,1324.3.2.26,import-/eksportsjef innen kontormaskiner og -utstyr,0.0
Occupation,http://data.europa.eu/esco/occupation/42abcbcb-721b-4da6-9c06-f6951969d056,1324.3.2.27,import-/eksportsjef innen parfyme og kosmetikk,0.037037037037037
Occupation,http://data.europa.eu/esco/occupation/d9632b0a-3c95-4a8a-a15c-c5413beda52e,1324.3.2.28,import-/eksportsjef innen legemidler,0.037037037037037
Occupation,http://data.europa.eu/esco/occupation/afcf9d03-6e51-4548-8cec-cfa50972929d,1324.3.2.29,"import-/eksportsjef innen sukker, sjokolade og søtsaker",0.0714285714285714
Occupation,http://data.europa.eu/esco/occupation/972ef593-89c3-468b-aad5-81bc575feb58,1324.3.2.30,import-/eksportsjef innen tekstilindustrimaskiner,0.0
Occupation,http://data.europa.eu/esco/occupation/6e873bb0-ff0d-4800-a898-362b9a2e1c47,1324.3.2.31,import-/eksportsjef innen tekstiler og tekstilhalvfabrikata og -råmaterialer,0.0769230769230769
Occupation,http://data.europa.eu/esco/occupation/c430500d-0b8b-4ef5-8f91-3e98cff32356,1324.3.2.32,import-/eksportsjef innen tobakkvarer,0.0384615384615384
Occupation,http://data.europa.eu/esco/occupation/c71ee6a5-ce48-4afd-aa1e-eaabf17ccbc0,1324.3.2.33,import-/eksportsjef innen avfall og skrot,0.0769230769230769
Occupation,http://data.europa.eu/esco/occupation/63c92723-ee86-42cb-89bf-d93b65398bef,1324.3.2.34,import-/eksportsjef innen klokker og smykker,0.0
Occupation,http://data.europa.eu/esco/occupation/5b912733-abc8-43f7-825c-00ae21043685,1324.3.2.35,import-/eksportsjef innen tre og byggematerialer,0.074074074074074
Occupation,http://data.europa.eu/esco/occupation/b87a7a27-ee74-4e5e-b274-84a3cab27bf4,1324.3.2,import-/eksportsjef,0.0375
Occupation,http://data.europa.eu/esco/occupation/a2ff6cc3-15fa-4f02-a457-8fd5df7aa29e,1324.3.3,intermodal logistikksjef,0.0333333333333333
Occupation,http://data.europa.eu/esco/occupation/784c98c2-96bd-4610-8da3-87d80f136285,1324.3.4.1,"lagersjef, ferdige lærvarer",0.111111111111111
Occupation,http://data.europa.eu/esco/occupation/2f5de1ab-eddf-4715-8193-e994912c22ea,1324.3.4,lagersjef,0.037037037037037
Occupation,http://data.europa.eu/esco/occupation/823db06f-25e1-4658-b063-d6ef956b41f5,1324.3,logistikk- og distribusjonssjef,0.0869565217391304
Occupation,http://data.europa.eu/esco/occupation/8f928d49-da89-4d07-9123-2151a4d276d4,1324.4,flyttekonsulent,0.0
Occupation,http://data.europa.eu/esco/occupation/3530b443-d2bf-4741-b771-12c77e7c6232,1324.5,filmdistributør,0.0
Occupation,http://data.europa.eu/esco/occupation/788a9895-a39a-4a83-be90-e006e2f8dce5,1324.6,rørledningssjef,0.0606060606060606
Occupation,http://data.europa.eu/esco/occupation/b39a74a2-37fe-4fdc-ba8e-5bbbbdce2d89,1324.7,"stasjonssjef, jernbane",0.0
Occupation,http://data.europa.eu/esco/occupation/aeb7c6bd-22c9-43c2-8551-a1cc2560584f,1324.8.1,prognosesjef,0.075
Occupation,http://data.europa.eu/esco/occupation/80db1e93-6dad-49aa-b465-d64a4a73141b,1324.8.2.1,"innkjøpssjef, lærråvarer",0.0689655172413793
Occupation,http://data.europa.eu/esco/occupation/377865f0-c327-4599-8c7e-d428c6588edf,1324.8.2,innkjøpssjef,0.0943396226415094
Occupation,http://data.europa.eu/esco/occupation/9f12704c-5e6c-47b0-a866-3b92663e6a4b,1324.8.3,ressurssjef,0.0465116279069767
Occupation,http://data.europa.eu/esco/occupation/aacc3918-b5d3-484b-9480-5d29aa550d74,1324.8,"leder, forsyningskjede",0.0606060606060606
ISCO level 4,http://data.europa.eu/esco/isco/C1324,1324,Ledere av logistikk og transport mv.,0.028252579163945222
ISCO level 3,http://data.europa.eu/esco/isco/C133,133,Ledere av IKT-enheter,0.02973484848484849
Occupation,http://data.europa.eu/esco/occupation/719f101d-1866-49d3-8d5c-2256f606a8b9,1330.1.1.1,leder for digital transformasjon,0.03125
Occupation,http://data.europa.eu/esco/occupation/810e5e67-acd5-499a-b307-cf5bea330859,1330.1.1,sjef for IKT-informasjon og -kunnskap,0.0
Occupation,http://data.europa.eu/esco/occupation/e297ec12-4712-40a4-ad98-ba004cacb205,1330.1,datasjef,0.0
Occupation,http://data.europa.eu/esco/occupation/82f90e87-de92-4678-adae-61d3e5f7e1e4,1330.2,informasjonsdirektør,0.0
Occupation,http://data.europa.eu/esco/occupation/7b1b5da8-573a-49bb-a38e-68725a949f4f,1330.3,sjefstekniker,0.0
Occupation,http://data.europa.eu/esco/occupation/5fd2980e-22c4-4ace-a394-190c76f4f539,1330.4,sjef for IKT-dokumentasjon,0.0
Occupation,http://data.europa.eu/esco/occupation/f31f487b-4ce2-40f3-90e8-7d0011b4ef1d,1330.5.1,programvaresjef,0.0
Occupation,http://data.europa.eu/esco/occupation/f0ca39a8-1e30-487c-95f9-ef2d5e734adc,1330.5,IKT-driftsleder,0.0
Occupation,http://data.europa.eu/esco/occupation/a79170ad-0b7b-4697-864f-1748359aa10a,1330.6,IKT-produktsjef,0.0
Occupation,http://data.europa.eu/esco/occupation/8b6388a4-4904-471b-9331-d3b1211f5525,1330.7,IKT-prosjektleder,0.0
Occupation,http://data.europa.eu/esco/occupation/e8bbc7fd-cfa2-406f-a664-57e5024cfbc5,1330.8,sjef for IKT-leverandørrelasjoner,0.0303030303030303
Occupation,http://data.europa.eu/esco/occupation/3ce4691e-ecea-4278-939e-b89ab01087b8,1330.9,telekommunikasjonsleder,0.0
Occupation,http://data.europa.eu/esco/occupation/c90e5009-37f2-4dcd-aea2-362fc817bc98,1330.10,IKT-miljøleder,0.325
ISCO level 4,http://data.europa.eu/esco/isco/C1330,1330,Ledere av IKT-enheter,0.02973484848484849
ISCO level 3,http://data.europa.eu/esco/isco/C134,134,Ledere av utdanning,0.028409075471542325
Occupation,http://data.europa.eu/esco/occupation/526ba8e1-fc71-4657-8d27-52f03e8ca81d,1341.1,barneomsorgskoordinator,0.0
Occupation,http://data.europa.eu/esco/occupation/fa6bd9e9-9631-4abe-b2f8-fad7bf8a819d,1341.2,daglig leder for daginstitusjon for barn,0.0222222222222222
Occupation,http://data.europa.eu/esco/occupation/c269387f-a652-4880-860a-e91ef105bfb7,1341.3,styrer i førskole/barnehage,0.0
ISCO level 4,http://data.europa.eu/esco/isco/C1341,1341,Ledere av omsorgstjenester for barn,0.0074074074074074
Occupation,http://data.europa.eu/esco/occupation/ef909843-97c6-4c48-8038-2e7aefdfcad5,1342.1,informasjonssjef innen helsesektoren,0.0
Occupation,http://data.europa.eu/esco/occupation/4a29eab1-5f02-4723-a863-e2d5a0614dfa,1342.2,avdelingsleder innen helsesektoren,0.0
ISCO level 4,http://data.europa.eu/esco/isco/C1342,1342,Ledere av helsetjenester,0.0
Occupation,http://data.europa.eu/esco/occupation/eea2b5c6-48d1-4612-957e-585783b3c7bb,1343.1,leder for aldershjem,0.0
ISCO level 4,http://data.europa.eu/esco/isco/C1343,1343,Ledere av eldreomsorg,0.0
Occupation,http://data.europa.eu/esco/occupation/5cff1eee-9027-4064-8a26-35b1877e4eb3,1344.1.1,"leder, sosialboliger",0.0113636363636363
Occupation,http://data.europa.eu/esco/occupation/f5576c5b-8d03-4a3d-9cb7-b8c4ac07a7ef,1344.1.2,ungdomssenterleder,0.0117647058823529
Occupation,http://data.europa.eu/esco/occupation/a79e7622-2307-44e2-94cc-d1ff1caf655a,1344.1.3,leder for ungdomsprogram,0.0
Occupation,http://data.europa.eu/esco/occupation/c18fddf5-cfc4-4f9c-94d6-86608faaa1dd,1344.1,sosialsjef,0.029585798816568
ISCO level 4,http://data.europa.eu/esco/isco/C1344,1344,Ledere av sosialomsorg,0.0131785352656393
Occupation,http://data.europa.eu/esco/occupation/e4ad2547-9188-4fbd-897a-c91b3c097779,1345.1.1,dekan,0.0
Occupation,http://data.europa.eu/esco/occupation/2b7d34db-11b6-4c10-b227-3917752e28ac,1345.1.2,undervisningsinspektør,0.0
Occupation,http://data.europa.eu/esco/occupation/d23f4d59-2bea-4bd8-bcdb-5e23b1c50552,1345.1.3,utdannelseskoordinator,0.0
Occupation,http://data.europa.eu/esco/occupation/2c1ed9dd-9799-4882-8bfa-40b841f7d4a1,1345.1.4,"leder, videreopplæring",0.0
Occupation,http://data.europa.eu/esco/occupation/01649ae9-22ee-4dba-83a8-3a2c51fbbe95,1345.1.5,høyskolerektor,0.0232558139534883
Occupation,http://data.europa.eu/esco/occupation/c9d89e09-d57f-4980-9164-880e60711e97,1345.1.6,rektor i grunnskole,0.0
Occupation,http://data.europa.eu/esco/occupation/d37cc820-15f5-4a81-88db-af48b0ee6a32,1345.1.7,skoleleder i videregående skole,0.0
Occupation,http://data.europa.eu/esco/occupation/53db8c0d-7aed-47aa-a339-eb9d485d25dc,1345.1.8,rektor på videregående skole,0.0
Occupation,http://data.europa.eu/esco/occupation/13e30c08-8834-4e4f-b6f9-89fffed4e310,1345.1.9,"rektor, spesialskole",0.0
Occupation,http://data.europa.eu/esco/occupation/34852729-a2f6-4063-aa90-18b3d16754f7,1345.1.10,instituttleder på universitet,0.0
Occupation,http://data.europa.eu/esco/occupation/e1587bbb-2d4e-4726-839a-7f4895c440e7,1345.1,rektor,0.0
ISCO level 4,http://data.europa.eu/esco/isco/C1345,1345,Ledere av utdanning og undervisning,0.0021141649048625724
Occupation,http://data.europa.eu/esco/occupation/754ce08f-b4d9-4b9c-b9d2-06f15258a3ce,1346.1,banksjef,0.0175438596491228
Occupation,http://data.europa.eu/esco/occupation/d0e85fe6-78e3-4218-b21a-99b75438b775,1346.2,direktør for meglerforetak,0.0
Occupation,http://data.europa.eu/esco/occupation/45a28fe1-30a4-4175-af19-e451ada60858,1346.3,sjef ved kredittforetak,0.0232558139534883
Occupation,http://data.europa.eu/esco/occupation/594170bc-5663-40b0-97ef-c9f1ad51b2a0,1346.4,sjef i forsikringsselskap,0.0158730158730158
Occupation,http://data.europa.eu/esco/occupation/942211c1-b534-4a14-ae85-38ea44c2d14b,1346.5,skadeforsikringssjef,0.024390243902439
Occupation,http://data.europa.eu/esco/occupation/ceda53cd-3f1f-425b-bd1b-c4fa17254680,1346.6,leder av pensjonskasse,0.0196078431372549
ISCO level 4,http://data.europa.eu/esco/isco/C1346,1346,Ledere av forsikring og finansvirksomhet,0.01677846275255347
Occupation,http://data.europa.eu/esco/occupation/44ec4c04-c2d4-4b92-bb27-e56f5b096d97,1349.1,"sikkerhetssjef, luftfart",0.0
Occupation,http://data.europa.eu/esco/occupation/cfda19c9-c7e1-497d-a18b-66e29c773745,1349.2,luftromsjef,0.0
Occupation,http://data.europa.eu/esco/occupation/db4f28ff-c208-4830-ab8b-4b07776db134,1349.3,kunstnerisk leder,0.0204081632653061
Occupation,http://data.europa.eu/esco/occupation/2f8acdc5-76f5-498b-9818-df075e324eaa,1349.4,"Leder, flykommunikasjon og frekvenssamordning",0.0
Occupation,http://data.europa.eu/esco/occupation/8c8ec7a2-adbb-4d1a-9a56-a7048d66c00b,1349.5,"flygeleder, lufttrafikkovervåking og kodesamordning",0.0
Occupation,http://data.europa.eu/esco/occupation/e2ad6d3e-1736-466b-a2bf-9823f683c8ab,1349.6,forlegger,0.0
Occupation,http://data.europa.eu/esco/occupation/a05d0a6d-7b60-445a-8dcb-282c7d5a6852,1349.7,brannmester,0.0555555555555555
Occupation,http://data.europa.eu/esco/occupation/2c8a4b72-21f4-4ab1-9dbd-1cae779211b7,1349.8,gallerileder i privat sektor,0.0
Occupation,http://data.europa.eu/esco/occupation/6db9eeae-aef5-4f56-913d-4650e4c720c6,1349.9,Leder innen kriminalomsorgen,0.0
Occupation,http://data.europa.eu/esco/occupation/3f6fc9db-18c1-45e8-819e-baf7b6cfe372,1349.10,administrasjonssjef ved domstol,0.0
Occupation,http://data.europa.eu/esco/occupation/ef5b17a5-3ca8-4965-bd3d-61c4aca490d1,1349.11,dokumentstyringsansvarlig,0.0
Occupation,http://data.europa.eu/esco/occupation/a005f8a2-2d8a-433e-8d89-13575f822fd4,1349.12,energisjef,0.454545454545454
Occupation,http://data.europa.eu/esco/occupation/4b214899-ed00-4156-b269-a23df0fb1093,1349.13,miljøvernsjef,0.666666666666666
Occupation,http://data.europa.eu/esco/occupation/db4057de-0c5a-4f68-8f81-2c0765978afb,1349.14,arrangementansvarlig,0.0
Occupation,http://data.europa.eu/esco/occupation/7d7ea936-a1c6-499d-9aa7-054e943b019b,1349.15,leder for tolkebyrå,0.0
Occupation,http://data.europa.eu/esco/occupation/24d39e12-e104-49d3-8224-8b7a5f9b99d1,1349.16,biblioteksjef,0.0
Occupation,http://data.europa.eu/esco/occupation/f4de7e28-ca67-46cd-b760-30e02b3aa83b,1349.17,laboratoriesjef innen helsesektoren,0.0
Occupation,http://data.europa.eu/esco/occupation/cc937d5f-4072-4fe7-bc23-2c9a465b8754,1349.18,museumsdirektør,0.0
Occupation,http://data.europa.eu/esco/occupation/aab8009a-5759-4f52-8865-6cc657b1f099,1349.19,publikasjonskoordinator,0.0
Occupation,http://data.europa.eu/esco/occupation/64b136da-aedf-48a2-96a0-72eb850bfcd0,1349.20,sjef for redningssentral,0.0434782608695652
Occupation,http://data.europa.eu/esco/occupation/d2ff134e-b41a-4fa3-aceb-1b9f5f5cf015,1349.21.1,juridisk sjef,0.0
Occupation,http://data.europa.eu/esco/occupation/bcc2c1db-f969-4355-bebf-4878ff6c2a94,1349.21,kundeservicesjef,0.00934579439252336
Occupation,http://data.europa.eu/esco/occupation/20e39113-05f5-4184-94e2-f5e8e8c8d2ea,1349.22,idrettsleder,0.0
Occupation,http://data.europa.eu/esco/occupation/83588a0e-b63d-4483-a884-06f1e3a1a4be,1349.23,sjef for oversettelsesbyrå,0.0
ISCO level 4,http://data.europa.eu/esco/isco/C1349,1349,Andre ledere av produksjon og tjenesteyting,0.05208332897062792
ISCO level 3,http://data.europa.eu/esco/isco/C141,141,Ledere i hotell og restaurant,0.1104797979797975
Occupation,http://data.europa.eu/esco/occupation/53cdd34e-22f2-41bd-b3c7-de22bf9bbcae,1411.1,innkvarteringssjef,0.138888888888888
Occupation,http://data.europa.eu/esco/occupation/4887c8a5-35d3-44c3-be69-346027e485f0,1411.2,leder for sykehusunderholdning,0.136363636363636
Occupation,http://data.europa.eu/esco/occupation/02e19186-458f-40eb-9e78-31c656d12ac7,1411.3,romansvarlig,0.0
ISCO level 4,http://data.europa.eu/esco/isco/C1411,1411,Hotellsjefer,0.09175084175084132
Occupation,http://data.europa.eu/esco/occupation/d5eb6150-bbff-4a9c-9d0c-21eab4dbe2b6,1412.1,restaurantsjef,0.166666666666666
ISCO level 4,http://data.europa.eu/esco/isco/C1412,1412,Restaurantsjefer,0.166666666666666
ISCO level 3,http://data.europa.eu/esco/isco/C142,142,Varehandelssjefer,0.007605588505296287
Occupation,http://data.europa.eu/esco/occupation/7dec82e0-3bfc-4c48-812d-c2095bfe05bb,1420.1,varehussjef,0.0
Occupation,http://data.europa.eu/esco/occupation/a79d9e58-36be-4e67-a4db-ea6c8ff445fc,1420.2,avdelingsleder i butikk,0.0
Occupation,http://data.europa.eu/esco/occupation/2eac08c2-a81a-46fc-8d75-eb0e0f3e0f6d,1420.3,kundeansvarlig,0.0
Occupation,http://data.europa.eu/esco/occupation/87fd9791-0922-4da0-a984-f518aadf85ec,1420.4.1,sjef for ammunisjonsbutikk,0.0
Occupation,http://data.europa.eu/esco/occupation/60528794-1a68-4440-a141-2df011be98be,1420.4.2,sjef for antikvitetsbutikk,0.0
Occupation,http://data.europa.eu/esco/occupation/463a687a-c7e9-469a-bb38-dcdfe1e7e35f,1420.4.3,"butikksjef, lyd- og bildeutstyr",0.0
Occupation,http://data.europa.eu/esco/occupation/03b55cb5-9735-4582-8e20-2b1cb76635cb,1420.4.4,"butikksjef, høreapparater",0.0
Occupation,http://data.europa.eu/esco/occupation/2afdf635-3cdb-4914-ab61-5dd7d7d46792,1420.4.5,"butikksjef, bakeri",0.0
Occupation,http://data.europa.eu/esco/occupation/f2f4ed8f-c9d3-47e4-8f72-a30739bcea2b,1420.4.6,"butikksjef, drikkevarer",0.024390243902439
Occupation,http://data.europa.eu/esco/occupation/eda6cb5e-c27a-4661-b536-eadeb387dee3,1420.4.7,sjef for sykkelbutikk,0.0
Occupation,http://data.europa.eu/esco/occupation/97467934-a220-41ca-96df-36fc85258c47,1420.4.8,sjef for bokhandel,0.0
Occupation,http://data.europa.eu/esco/occupation/3a8ac6cd-b59a-4b93-b071-0324e895b8e4,1420.4.9,"butikksjef, byggematerialer",0.03125
Occupation,http://data.europa.eu/esco/occupation/980c52f3-0054-45b1-a6f1-20ee8a1e8b9e,1420.4.10,"butikksjef, klær",0.0
Occupation,http://data.europa.eu/esco/occupation/d8e5410b-5199-403f-8cbd-d32efb17a296,1420.4.11,"butikksjef, datamaskiner",0.0
Occupation,http://data.europa.eu/esco/occupation/691c86d9-d88f-440f-b885-7ed9726f782c,1420.4.12,"butikksjef, programvare og multimedia",0.0
Occupation,http://data.europa.eu/esco/occupation/e1c9b304-2784-48e7-b7e8-089867743bbf,1420.4.13,"butikksjef, konditor",0.0
Occupation,http://data.europa.eu/esco/occupation/d4dd502d-9407-456c-a54a-b733fc9cf68b,1420.4.14,"butikksjef, kosmetikk og parfyme",0.0
Occupation,http://data.europa.eu/esco/occupation/b66eb697-e65d-4bbb-b51c-d847f6875f1a,1420.4.15,sjef for hobbybutikk,0.0
Occupation,http://data.europa.eu/esco/occupation/acf28133-525f-4838-9248-d852e28b8f98,1420.4.16,"butikksjef, delikatesser",0.0
Occupation,http://data.europa.eu/esco/occupation/19c2acbf-766c-4728-b960-b91252a95fd1,1420.4.17,"butikksjef, husholdningsartikler",0.0
Occupation,http://data.europa.eu/esco/occupation/d871af8b-f6d7-4377-b609-d422afe3b5de,1420.4.18,"butikksjef, apotek",0.0
Occupation,http://data.europa.eu/esco/occupation/f88fb9dd-5a46-4086-a284-b1992174e55c,1420.4.19,"butikksjef, briller og optisk utstyr",0.0
Occupation,http://data.europa.eu/esco/occupation/3c1041c1-7a20-41fd-8cb2-529d7f671226,1420.4.20,"butikksjef, fisk og skalldyr",0.0
Occupation,http://data.europa.eu/esco/occupation/664f7498-8e4b-48f8-9fe2-436a692f1204,1420.4.21,"butikksjef, gulv- og veggbelegning",0.0
Occupation,http://data.europa.eu/esco/occupation/e7f6e98a-cef5-41be-b65c-70cf1feed11d,1420.4.22,"butikksjef, blomster og hage",0.0
Occupation,http://data.europa.eu/esco/occupation/79874366-6ec2-4601-aceb-9dbb8e68d015,1420.4.23,"butikksjef, frukt og grønnsaker",0.0
Occupation,http://data.europa.eu/esco/occupation/f07aab15-c7e8-49a4-a8dd-221d9cf3a925,1420.4.24,sjef for bensinstasjon,0.0238095238095238
Occupation,http://data.europa.eu/esco/occupation/75fb7771-0403-4116-9c01-9c5717bec600,1420.4.25,"butikksjef, møbler",0.0
Occupation,http://data.europa.eu/esco/occupation/574f46e2-e48d-4cde-a7b1-877004ea4c52,1420.4.26,"butikksjef, jernvare- og fargehandel",0.0
Occupation,http://data.europa.eu/esco/occupation/47b747bb-5bbf-40d5-aa3e-8d4a79238502,1420.4.27,"butikksjef, klokker og smykker",0.0
Occupation,http://data.europa.eu/esco/occupation/814205e9-8bd1-4653-bdbc-fd2f9e9a8225,1420.4.28,butikksjef innen kjøkken og bad,0.0238095238095238
Occupation,http://data.europa.eu/esco/occupation/5779aa3b-b32f-42f7-9581-ef5ce2092621,1420.4.29,"butikksjef, kjøtt og kjøttprodukter",0.0
Occupation,http://data.europa.eu/esco/occupation/1b3e150f-8ec1-47e2-a2ef-d02632efe0d5,1420.4.30,"butikksjef, legemidler",0.0
Occupation,http://data.europa.eu/esco/occupation/b21b5952-1658-44f8-b719-e5be7fb39866,1420.4.31,"butikksjef, motorkjøretøyer",0.0
Occupation,http://data.europa.eu/esco/occupation/7f0b46be-8b7a-4675-987d-89a8a7193730,1420.4.32,"butikksjef, musikk og film",0.0
Occupation,http://data.europa.eu/esco/occupation/8bbac392-3d62-4c46-a56e-3f244fdda216,1420.4.33,"butikksjef, ortopediske artikler",0.0
Occupation,http://data.europa.eu/esco/occupation/5f770d3d-5c42-4c22-bc06-23bebd182a37,1420.4.34,"butikksjef, dyr og dyrefôr",0.03125
Occupation,http://data.europa.eu/esco/occupation/6e8917c8-d883-4475-954c-ec241215ca18,1420.4.35,sjef for fotobutikk,0.0
Occupation,http://data.europa.eu/esco/occupation/98f9909b-016d-4c62-90ae-893b0cbabbca,1420.4.36,"butikksjef, aviser og kontorutstyr",0.0
Occupation,http://data.europa.eu/esco/occupation/f70e5875-df7e-40be-a315-3ac1c9d36d64,1420.4.37,"butikksjef, gjenbruksartikler",0.032258064516129
Occupation,http://data.europa.eu/esco/occupation/0249b723-1d20-4ff9-8623-d20b98d0b4a4,1420.4.38,"butikksjef, sko og lærvarer",0.0
Occupation,http://data.europa.eu/esco/occupation/9703fe09-51fd-4d00-a2a1-99ba809521ac,1420.4.39,"butikksjef, sportsartikler og friluftsutstyr",0.0
Occupation,http://data.europa.eu/esco/occupation/0c849f7b-fa3b-4faf-8501-0e50cd200ba1,1420.4.40,"butikksjef, telekommunikasjonsutstyr",0.0
Occupation,http://data.europa.eu/esco/occupation/9beeb1f0-5aca-4bde-bae9-c74ddb94fac3,1420.4.41,"butikksjef, tekstiler",0.0
Occupation,http://data.europa.eu/esco/occupation/00913533-5237-4870-9003-d1cb806603c9,1420.4.42,"butikksjef, tobakk",0.0
Occupation,http://data.europa.eu/esco/occupation/2ce45b9f-ebfb-4105-8e12-690ba2bf00aa,1420.4.43,"butikksjef, leker og spill",0.0
Occupation,http://data.europa.eu/esco/occupation/9e81adde-9983-44fa-b74b-c548d0dbfbdd,1420.4,butikksjef,0.0754716981132075
Occupation,http://data.europa.eu/esco/occupation/b7744a45-a4ce-4037-b679-3d2377e17f31,1420.5,sjef for supermarked,0.130434782608695
Occupation,http://data.europa.eu/esco/occupation/3a4c4e33-ee34-4abe-ba5c-26f9037d292f,1420.6,"regionsjef, handel",0.0
ISCO level 4,http://data.europa.eu/esco/isco/C1420,1420,Varehandelssjefer,0.007605588505296287
ISCO level 3,http://data.europa.eu/esco/isco/C143,143,Daglige ledere,0.036908998006956
Occupation,http://data.europa.eu/esco/occupation/ce6230b8-154f-4e0b-ac03-dca3a269a19c,1431.1.1,kultursenterleder,0.02
Occupation,http://data.europa.eu/esco/occupation/03632d98-0ae3-4dd2-941c-3b48de9a0219,1431.1.2,"produksjonsleder, film og teater",0.025
Occupation,http://data.europa.eu/esco/occupation/6066ed14-ace3-4352-b656-2b621fd7bc88,1431.1,sjef for kulturtilbud,0.0128205128205128
Occupation,http://data.europa.eu/esco/occupation/33e3a746-f209-4a1a-96df-301505531cb2,1431.2.1,sjef for skjønnhetssalong,0.0153846153846153
Occupation,http://data.europa.eu/esco/occupation/87e40e79-16fb-4391-9dcb-c15f40e026c1,1431.2.2,"sjef, betting",0.0
Occupation,http://data.europa.eu/esco/occupation/146f2c99-3f8b-4856-95ba-3ecfea681809,1431.2.3,sjef for spillvirksomhet,0.0222222222222222
Occupation,http://data.europa.eu/esco/occupation/49ca9fe4-4513-4657-b27f-eaad11e6158a,1431.2.4,lotterisjef,0.0263157894736842
Occupation,http://data.europa.eu/esco/occupation/080fc550-b7ca-4576-aaf5-06fffbede994,1431.2.5,spasjef,0.0142857142857142
Occupation,http://data.europa.eu/esco/occupation/1c948509-4015-40b0-b380-105fc85782a5,1431.2.6,direktør i dyrehage,0.0344827586206896
Occupation,http://data.europa.eu/esco/occupation/771955d9-e988-47f3-b60f-207adb2cd571,1431.2,sjef for fritidstilbud,0.0273972602739726
Occupation,http://data.europa.eu/esco/occupation/825ab049-2f0c-4acf-b402-9c6bb51acca2,1431.3,leder av sportsfasiliteter,0.0
ISCO level 4,http://data.europa.eu/esco/isco/C1431,1431,Sports-,0.017991715734673716
Occupation,http://data.europa.eu/esco/occupation/dd25a2b0-add0-4ae2-bd85-bb644e0d0c39,1439.1,leder for telefonsenter,0.0192307692307692
Occupation,http://data.europa.eu/esco/occupation/6aef7360-8c4a-4e1a-a402-b1e207101dc8,1439.2,campingplassbestyrer,0.0256410256410256
Occupation,http://data.europa.eu/esco/occupation/f5166c6b-3467-4fc4-9343-d12e870d9def,1439.3,"leder, kontaktsenter",0.024390243902439
Occupation,http://data.europa.eu/esco/occupation/5c9dea76-c7da-4e58-857c-fc3cbe7b960a,1439.4,verksmester,0.025
Occupation,http://data.europa.eu/esco/occupation/44cd9d91-5552-4735-86b8-4b2c5d39efc8,1439.5,renserisjef,0.0222222222222222
Occupation,http://data.europa.eu/esco/occupation/f4e3dd1c-f86b-4a69-8887-547255eadc79,1439.6,leder for turistinformasjonssenter,0.115384615384615
Occupation,http://data.europa.eu/esco/occupation/02609ece-cea3-43fa-bf38-b6fb821f28b2,1439.7,turoperatørleder,0.117647058823529
Occupation,http://data.europa.eu/esco/occupation/9358775a-3769-4327-bf25-6c0d9d69d192,1439.8,reisebyråsjef,0.153846153846153
ISCO level 4,http://data.europa.eu/esco/isco/C1439,1439,Andre daglige ledere i tjenesteytende virksomheter,0.06292026113134412
ISCO level 3,http://data.europa.eu/esco/isco/C211,211,Fysikere,0.09957203274837712
Occupation,http://data.europa.eu/esco/occupation/57a12047-4f1e-40ed-add5-9736923f231b,2111.1,astronom,0.0
Occupation,http://data.europa.eu/esco/occupation/bc659adc-f42c-4ef6-89fe-fd030033f446,2111.2,astrofysiker,0.0
Occupation,http://data.europa.eu/esco/occupation/7f2761eb-4edc-48ad-9fbf-eed0a0db9a21,2111.3,fysiker,0.0106382978723404
ISCO level 4,http://data.europa.eu/esco/isco/C2111,2111,Fysikere og astronomer,0.003546099290780133
Occupation,http://data.europa.eu/esco/occupation/2960c96e-7228-4327-b0a1-85fc13691844,2112.1.1,flymeteorolog,0.0
Occupation,http://data.europa.eu/esco/occupation/3dbd758c-6dc0-41fe-8248-2250c9bfa4ab,2112.1.2,klimatolog,0.5161290322580645
Occupation,http://data.europa.eu/esco/occupation/0809ea8a-4f77-4351-a7f1-b9a7b99b6c0b,2112.1.3,værvarsler,0.0434782608695652
Occupation,http://data.europa.eu/esco/occupation/1c862e14-80f8-4aa8-8f1c-fd2ca95b63ad,2112.1,meteorolog,0.0307692307692307
Occupation,http://data.europa.eu/esco/occupation/fa5b9075-3796-4e86-be0a-b5e6d725c25a,2112.2,måletekniker,0.0
ISCO level 4,http://data.europa.eu/esco/isco/C2112,2112,Meteorologer,0.11807530477937207
Occupation,http://data.europa.eu/esco/occupation/574f3232-1d07-4034-8cac-c57ddbfff192,2113.1.1,analysekjemiker,0.0138888888888888
Occupation,http://data.europa.eu/esco/occupation/1b123879-8f0d-4793-8069-3dc21a08921a,2113.1.2,formuleringskjemiker,0.0416666666666666
Occupation,http://data.europa.eu/esco/occupation/a8ccc522-f57d-4800-a821-2e5c910e8301,2113.1.3,"kontrolltekniker, kjemi",0.0434782608695652
Occupation,http://data.europa.eu/esco/occupation/11b6390b-1e48-4903-a5df-d3e04b451a19,2113.1.4,kosmetikkjemiker,0.0
Occupation,http://data.europa.eu/esco/occupation/e027434f-8aa4-4d87-a070-b1d5c57749e6,2113.1.5,parfymør,0.0
Occupation,http://data.europa.eu/esco/occupation/55076d82-52a7-47eb-b882-f12322c42ecd,2113.1.6,tekstilkjemiker,0.05
Occupation,http://data.europa.eu/esco/occupation/0d93706d-32fd-4de3-aa08-be1003e325da,2113.1,kjemiker,0.0625
Occupation,http://data.europa.eu/esco/occupation/8606c0fd-c7cb-404d-887f-3a30ef7a81b4,2113.2,smakskontrollør,0.024390243902439
ISCO level 4,http://data.europa.eu/esco/isco/C2113,2113,Kjemikere,0.02949050754094495
Occupation,http://data.europa.eu/esco/occupation/92efb42f-6b0a-44d8-94ea-0141555e6c3b,2114.1.1,miljøgeolog,0.473684210526315
Occupation,http://data.europa.eu/esco/occupation/ad14ec64-128c-4a72-9c1a-257a5f3b180c,2114.1.2,letegeolog,0.125
Occupation,http://data.europa.eu/esco/occupation/c8e6cdcc-824e-4887-8ee2-197e7d794258,2114.1.3,geokjemiker,0.17391304347826
Occupation,http://data.europa.eu/esco/occupation/6336c205-46bd-42f6-9e67-6b0be6e7618c,2114.1.4,hydrogeolog,0.434782608695652
Occupation,http://data.europa.eu/esco/occupation/55167849-82cf-484e-b818-fa702a4e69e9,2114.1.5,hydrolog,0.329113924050632
Occupation,http://data.europa.eu/esco/occupation/1790c821-c582-4944-8597-d2d4a66f6a6d,2114.1.6,gruvegeolog,0.166666666666666
Occupation,http://data.europa.eu/esco/occupation/d8ff83c0-be8b-47f9-93e3-b13e261e7da5,2114.1.7,borevæskelogger,0.105263157894736
Occupation,http://data.europa.eu/esco/occupation/4b759f0e-8fec-4cf5-80d4-d112a9fd4e51,2114.1.8,havforsker,0.088235294117647
Occupation,http://data.europa.eu/esco/occupation/82e37849-30ec-4461-a40e-263d4c984f88,2114.1.9,paleontolog,0.0303030303030303
Occupation,http://data.europa.eu/esco/occupation/b79cfd33-6e46-4b71-b180-c9a84422f047,2114.1.10,seismolog,0.0163934426229508
Occupation,http://data.europa.eu/esco/occupation/c6196b21-20f9-4608-83fb-6f143afc740d,2114.1,geolog,0.0459770114942528
Occupation,http://data.europa.eu/esco/occupation/a92a3e24-93f0-42b3-9ebb-d2d7d8a72cc5,2114.2,geofysiker,0.0476190476190476
Occupation,http://data.europa.eu/esco/occupation/86a0c9ab-c3fa-41a3-ad3e-d0083036b3d6,2114.3,mineralog,0.0136986301369863
ISCO level 4,http://data.europa.eu/esco/isco/C2114,2114,Geologer og geofysikere,0.15774231289278276
ISCO level 3,http://data.europa.eu/esco/isco/C212,212,Matematikere,0.004189090019569471
Occupation,http://data.europa.eu/esco/occupation/068c2787-58ff-468e-bbb6-c4e5dd6ee482,2120.1,aktuar,0.0
Occupation,http://data.europa.eu/esco/occupation/ff656b3a-65a8-4b4f-b04e-9db12936519b,2120.2,demograf,0.015625
Occupation,http://data.europa.eu/esco/occupation/18552245-3c36-4a52-b4c6-295cabb5c93b,2120.3,utvikler av pengespill,0.0
Occupation,http://data.europa.eu/esco/occupation/491cf76d-eb0d-4f15-90f0-3f5c9b11472a,2120.4,tekniker for kvalitetssikring av pengespill,0.0
Occupation,http://data.europa.eu/esco/occupation/72628f3a-fd49-499a-9741-870b0a1fcef2,2120.5,matematiker,0.0
Occupation,http://data.europa.eu/esco/occupation/b0f3f595-4965-4f13-ba5c-f6049b62469f,2120.6.1,"statistiker, biometri",0.0136986301369863
Occupation,http://data.europa.eu/esco/occupation/ac8b3cd1-a127-4e6a-8208-5cfcf7111955,2120.6,statistiker,0.0
ISCO level 4,http://data.europa.eu/esco/isco/C2120,2120,Matematikere,0.004189090019569471
ISCO level 3,http://data.europa.eu/esco/isco/C213,213,Biologiske yrker mv,0.25118104817894576
Occupation,http://data.europa.eu/esco/occupation/7daa8fed-9a78-4fe2-afc2-153fc423040b,2131.1,dyrepsykolog,0.0714285714285714
Occupation,http://data.europa.eu/esco/occupation/e97ce81a-cf24-4012-b39e-f87bedc5b450,2131.2,"ernæringsfysiolog, dyr",0.09375
Occupation,http://data.europa.eu/esco/occupation/68d973df-bf10-4bf7-9a1b-fbd9f604b9db,2131.3,bioinformatiker,0.0119047619047619
Occupation,http://data.europa.eu/esco/occupation/68f4fdd9-182c-4c0d-a73d-f767b8a8355e,2131.4.1,akvakulturbiolog,0.126050420168067
Occupation,http://data.europa.eu/esco/occupation/6df6c5cb-c1a2-42c8-acd0-1ee5563c36c1,2131.4.2,biokjemiker,0.053763440860215
Occupation,http://data.europa.eu/esco/occupation/1738173e-ef9c-4222-88c8-b6aa9bad3cf7,2131.4.4,biofysiker,0.04
Occupation,http://data.europa.eu/esco/occupation/c5328083-eda0-4ca8-b9cb-99a46e73a9bc,2131.4.5,botanikkspesialist,0.0555555555555555
Occupation,http://data.europa.eu/esco/occupation/cc9fcab5-a5c6-4cc9-9606-cbcc2852537f,2131.4.6.1,kurator for hagebruk,0.208333333333333
Occupation,http://data.europa.eu/esco/occupation/55f001af-fa48-4c0c-a7e5-fc69babe3d45,2131.4.6,botaniker,0.32258064516129
Occupation,http://data.europa.eu/esco/occupation/b73c752b-9858-4f53-82de-f3a340cbcae9,2131.4.7,epidemiolog,0.0131578947368421
Occupation,http://data.europa.eu/esco/occupation/6140be85-2d45-44b2-b0ba-412aadcead1e,2131.4.8,genetiker,0.0217391304347826
Occupation,http://data.europa.eu/esco/occupation/f0296b9c-764d-42ab-8de9-2a3729a9b67a,2131.4.9,marinbiolog,0.227272727272727
Occupation,http://data.europa.eu/esco/occupation/a7a74a05-3dd0-46c6-99af-92df8042520c,2131.4.10,mikrobiolog,0.0470588235294117
Occupation,http://data.europa.eu/esco/occupation/25829508-63f3-41c3-affc-ddbb5c077930,2131.4.11,fysiolog,0.0120481927710843
Occupation,http://data.europa.eu/esco/occupation/3f7b7ce5-94b6-4e0c-98e7-a4ee5a6accf4,2131.4.13,toksikolog,0.0697674418604651
Occupation,http://data.europa.eu/esco/occupation/eee68e13-8248-43bb-a9fb-959832a6c217,2131.4,biolog,0.127272727272727
Occupation,http://data.europa.eu/esco/occupation/68ffc53b-6067-4fe7-bd85-c96f4a6c1e45,2131.5,"bioteknolog, næringsmidler",0.0704225352112676
Occupation,http://data.europa.eu/esco/occupation/b5d1912e-89c7-4a66-ab96-0dc5f4f6c426,2131.6,immunolog,0.0128205128205128
Occupation,http://data.europa.eu/esco/occupation/10291962-c0c7-4e5b-a7ed-0762b4d9b010,2131.7,farmakolog,0.0224719101123595
ISCO level 4,http://data.europa.eu/esco/isco/C2131,2131,Biologer,0.08459992760178808
Occupation,http://data.europa.eu/esco/occupation/c25b3700-6095-42b7-99fc-b87dc326c044,2132.1,landbruksforsker,0.283783783783783
Occupation,http://data.europa.eu/esco/occupation/c40ef517-d4ab-4932-b184-9c2ea5b24fe2,2132.2,agronom,0.246913580246913
Occupation,http://data.europa.eu/esco/occupation/a330b7b6-696e-455c-b6d5-f39f82c1489f,2132.3,resirkuleringsleder ved akvakulturbruk,0.1875
Occupation,http://data.europa.eu/esco/occupation/3b018148-8e92-4177-9267-5f090386f6a3,2132.4,fiskerikonsulent,0.261904761904761
Occupation,http://data.europa.eu/esco/occupation/fa32eb3f-5c9f-4668-8f85-5eefb3badab8,2132.5,skogbruksrådgiver,0.54054054054054
Occupation,http://data.europa.eu/esco/occupation/e1fdca51-a0e1-4bea-822f-82a090ece780,2132.6,husdyrrådgiver,0.127659574468085
ISCO level 4,http://data.europa.eu/esco/isco/C2132,2132,Sivilagronomer mv.,0.274717040157347
Occupation,http://data.europa.eu/esco/occupation/69e6db0b-30b4-4e0e-b95b-173f8bc3da73,2133.1,miljømedarbeider på flyplass,0.444444444444444
Occupation,http://data.europa.eu/esco/occupation/bff716c9-42c7-471e-8af0-582f799fb29a,2133.2,miljøanalytiker innen akvakultur,0.59090909090909
Occupation,http://data.europa.eu/esco/occupation/e3cc09ba-7ad5-4411-940c-20613000863a,2133.3,miljøvernarbeider,0.256756756756756
Occupation,http://data.europa.eu/esco/occupation/e011f10f-e172-43ce-bfd9-fb56e426c0c9,2133.4,landskapsforvalter,0.3125
Occupation,http://data.europa.eu/esco/occupation/89b87aa2-4008-4cc7-96f8-e2b5ffe59f28,2133.5,økolog,0.354838709677419
Occupation,http://data.europa.eu/esco/occupation/59883630-45f9-40e7-9732-9e5ff9758d2b,2133.6,miljøkoordinator,0.557377049180327
Occupation,http://data.europa.eu/esco/occupation/11d72bd6-779a-4643-9962-313833740094,2133.7,miljøforsker,0.378048780487804
Occupation,http://data.europa.eu/esco/occupation/fab474ea-a4a9-4c11-9548-1d50ad594a34,2133.8,naturressurskonsulent,0.717948717948718
Occupation,http://data.europa.eu/esco/occupation/80d880ec-3bae-45a2-a2d3-41345ee0b319,2133.9,naturvernkonsulent,0.532258064516129
Occupation,http://data.europa.eu/esco/occupation/351a0eb0-a1d0-49bd-a2f8-6dc447ddf316,2133.10,"miljøprosjektleder, rørledninger",0.32258064516129
Occupation,http://data.europa.eu/esco/occupation/6a3d3d28-0ab6-49b0-9a32-697e5e104bf1,2133.11,jordforsker,0.388888888888888
Occupation,http://data.europa.eu/esco/occupation/28742973-c452-4996-b070-440e437306dc,2133.13,vannkvalitetanalytiker,0.5
Occupation,http://data.europa.eu/esco/occupation/febd4100-9a9b-46a0-b964-8623d79d0f32,2133.14,"måletekniker, luftforurensing",0.428571428571428
Occupation,http://data.europa.eu/esco/occupation/7af81505-6681-49b5-b65e-401884a71f1f,2133.15.1,"tekniker, grunnvannsovervåking",0.585365853658536
Occupation,http://data.europa.eu/esco/occupation/e8461d2e-3d75-477c-93a2-ea8d342bb55b,2133.15,miljøtekniker,0.421052631578947
ISCO level 4,http://data.europa.eu/esco/isco/C2133,2133,Miljøvernrådgivere,0.45276940411865174
ISCO level 3,http://data.europa.eu/esco/isco/C214,214,Sivilingeniører (unntatt elektroteknologi),0.11661932326479588
Occupation,http://data.europa.eu/esco/occupation/2bf5169b-2c89-451a-9274-e2b4bc1f9487,2141.1,stoff- og tekstilspesialist,0.0833333333333333
Occupation,http://data.europa.eu/esco/occupation/8a925aca-f636-437c-8962-5deae170e246,2141.2,"emballasjetekniker, mat og drikke",0.0606060606060606
Occupation,http://data.europa.eu/esco/occupation/ec5a067f-6278-4e35-990f-c9b7205a9ff4,2141.3,typegodkjenningstekniker,0.116279069767441
Occupation,http://data.europa.eu/esco/occupation/6818c837-072a-4120-b913-bd360b7b14d0,2141.4.1,driftsingeniør,0.048780487804878
Occupation,http://data.europa.eu/esco/occupation/bb609566-3ab6-44dd-8f48-cf0b15b96827,2141.4.2.1,automasjonsingeniør,0.018348623853211
Occupation,http://data.europa.eu/esco/occupation/2f26a52b-cf45-4282-9138-478252161f00,2141.4.2.2,næringsmiddeltekniker,0.0606060606060606
Occupation,http://data.europa.eu/esco/occupation/d7380260-1386-4e36-98b5-8115ca4a3536,2141.4.2,produksjonsingeniør,0.0526315789473684
Occupation,http://data.europa.eu/esco/occupation/dca305c8-d665-462c-bdc9-c3a19734ba18,2141.4.3,overflateingeniør,0.105263157894736
Occupation,http://data.europa.eu/esco/occupation/53d2052f-edc0-4f44-8be1-164526412bfe,2141.4,industriingeniør,0.037037037037037
Occupation,http://data.europa.eu/esco/occupation/91d0f74b-8612-49cc-a7da-83ee3c4b94d9,2141.5,"industriingeniør, lærvarer",0.0666666666666666
Occupation,http://data.europa.eu/esco/occupation/97d65832-3817-4ded-946b-cfc4a0237b9a,2141.6,"planlegger, lærproduksjon",0.0416666666666666
Occupation,http://data.europa.eu/esco/occupation/615920c5-4f63-4eb3-8b60-afaaed3ab1ff,2141.8,vedlikeholdsingeniør,0.0588235294117647
Occupation,http://data.europa.eu/esco/occupation/8de99659-5b10-4825-ac67-0c50189bcc3c,2141.9,"produksjonssjef, pakking",0.037037037037037
Occupation,http://data.europa.eu/esco/occupation/b5eaf231-77ad-4a86-8e54-15cc4398aad2,2141.10,prosessingeniør,0.0571428571428571
Occupation,http://data.europa.eu/esco/occupation/85acc7e9-1fac-4e91-962b-8b8031f39487,2141.11,tekstilteknolog,0.0416666666666666
ISCO level 4,http://data.europa.eu/esco/isco/C2141,2141,Sivilingeniører (industri og produksjon),0.059059255562785636
Occupation,http://data.europa.eu/esco/occupation/bc1c82a5-0fc3-453f-8537-9d1a6e9e85aa,2142.1.1,"ingeniør, flyplassplanlegging",0.153846153846153
Occupation,http://data.europa.eu/esco/occupation/2a914d26-42aa-46b5-acf3-097d51ba4617,2142.1.2,"prosjekteringsingeniør, bygg og anlegg",0.34090909090909
Occupation,http://data.europa.eu/esco/occupation/a377fafb-7e6e-4925-bc64-8099b58aafb8,2142.1.3,VA-ingeniør,0.297297297297297
Occupation,http://data.europa.eu/esco/occupation/1bdb7d70-1769-4338-aa90-d25a90fe8a6d,2142.1.4,ingeniørgeolog,0.111111111111111
Occupation,http://data.europa.eu/esco/occupation/e12f08fb-4748-4388-9489-b647df60332a,2142.1.5,vannkraftingeniør,0.243243243243243
Occupation,http://data.europa.eu/esco/occupation/efc75d4e-dfbf-4178-929c-0ae198801c36,2142.1.6,geoteknisk gruveingeniør,0.117647058823529
Occupation,http://data.europa.eu/esco/occupation/57ac359a-ae52-4aea-bc9c-93af7efa502e,2142.1.7,"ingeniør, rørledninger",0.0571428571428571
Occupation,http://data.europa.eu/esco/occupation/3f3748a7-4bb3-40b4-9ae3-1c5040c70f52,2142.1.8,"sportekniker, jernbane",0.0526315789473684
Occupation,http://data.europa.eu/esco/occupation/aad7819e-d62e-41de-a594-9f2be186a6c2,2142.1.9,transportingeniør,0.3333333333333333
Occupation,http://data.europa.eu/esco/occupation/fcf9024e-277c-43c7-8ec8-8903e5c9c576,2142.1.11,vanningeniør,0.410958904109589
Occupation,http://data.europa.eu/esco/occupation/d7d986e1-7333-431b-9719-0c5c6939e360,2142.1,byggingeniør,0.251592356687898
ISCO level 4,http://data.europa.eu/esco/isco/C2142,2142,Sivilingeniører (bygg og anlegg),0.21542845322286078
Occupation,http://data.europa.eu/esco/occupation/32548f7e-8c25-4c49-9f22-78dee3543704,2143.1.1,"miljøingeniør, gruvedrift",0.185185185185185
Occupation,http://data.europa.eu/esco/occupation/7a523273-9fff-4f11-beb6-110eeaec1436,2143.1.3,resirkuleringsspesialist,0.638888888888888
Occupation,http://data.europa.eu/esco/occupation/ab4dd4f9-ee6c-41cc-8b72-42ad0b13d1e2,2143.1.4,"ingeniør, avfallsbehandling",0.531914893617021
Occupation,http://data.europa.eu/esco/occupation/ac1fc6a9-70d2-475c-8fa0-82ef83830968,2143.1,miljøingeniør,0.402173913043478
Occupation,http://data.europa.eu/esco/occupation/a7358961-46d4-4715-ac1e-6148fd042510,2143.2,miljøekspert,0.816326530612244
Occupation,http://data.europa.eu/esco/occupation/9740933e-e04a-41f6-af1f-a6d58c7eb0ec,2143.3,"ingeniør, spillvann",0.393939393939393
ISCO level 4,http://data.europa.eu/esco/isco/C2143,2143,Sivilingeniører (miljøteknikk),0.4947381342143682
Occupation,http://data.europa.eu/esco/occupation/9e47c727-5718-48f1-a567-6a4c09397a21,2144.1.1.1,"ingeniør, aerodynamikk",0.0
Occupation,http://data.europa.eu/esco/occupation/d7e663b2-f042-47d8-9fda-b5b8ba30ca04,2144.1.1,"ingeniør, romfartssteknikk",0.0212765957446808
Occupation,http://data.europa.eu/esco/occupation/a5dc92b4-9712-4bc5-a08a-f6efa07b855f,2144.1.2.1,"konstruktør, landbruksutstyr",0.0425531914893617
Occupation,http://data.europa.eu/esco/occupation/4d5bd738-9202-4fd7-bd8c-7dbe914048de,2144.1.2,agroingeniør,0.272727272727272
Occupation,http://data.europa.eu/esco/occupation/8d410283-865d-4cbb-acae-ac7f69d9cf26,2144.1.3,"teknisk tegner, bilteknikk",0.0727272727272727
Occupation,http://data.europa.eu/esco/occupation/93b11f0f-69af-4ece-b9da-f29aab7d38d3,2144.1.4,"konstruktør, beholdere",0.0
Occupation,http://data.europa.eu/esco/occupation/dbc88790-a8c1-4dc4-9507-8f9dcff9c990,2144.1.5,motorbygger,0.04
Occupation,http://data.europa.eu/esco/occupation/1c36dd08-f6a7-43f2-a889-beebedb71c25,2144.1.6,konstruktør av produksjonsutstyr,0.027027027027027
Occupation,http://data.europa.eu/esco/occupation/811595cc-3100-4ca0-b860-3a77349342ae,2144.1.7,hydraulikkingeniør,0.0
Occupation,http://data.europa.eu/esco/occupation/1f97f6e6-0ac7-4e77-88ab-2e3801c5a223,2144.1.8,VVS-ingeniør,0.416666666666666
Occupation,http://data.europa.eu/esco/occupation/8bc48c43-d976-458a-9e3c-ee784572351d,2144.1.9,"konstruktør, industriverktøy",0.0238095238095238
Occupation,http://data.europa.eu/esco/occupation/c36fc197-1f5b-4563-acd8-6f1d06aa1c03,2144.1.10,"ingeniør, marinteknikk",0.121428571428571
Occupation,http://data.europa.eu/esco/occupation/ab360abd-32e2-4e03-967d-a10758efffa7,2144.1.11,"ingeniør, mekatronikk",0.00925925925925925
Occupation,http://data.europa.eu/esco/occupation/fcbb66f5-843b-4152-9ce4-e7b19c2a88d9,2144.1.12,"mekanisk ingeniør, gruvedrift",0.037037037037037
Occupation,http://data.europa.eu/esco/occupation/b3855886-bfee-4fd9-827e-2a0b6b4b4441,2144.1.13,"ventilasjonsingeniør, gruvedrift",0.1
Occupation,http://data.europa.eu/esco/occupation/5a58da2b-2fa0-40d4-a9f5-fead48e7de88,2144.1.14,marin arkitekt,0.130434782608695
Occupation,http://data.europa.eu/esco/occupation/ae8b19cc-8c6e-4a16-ada2-c15f97ded133,2144.1.15,"ingeniør, optomekanikk",0.0
Occupation,http://data.europa.eu/esco/occupation/4e3fede9-5522-4624-91bc-b59c79fada02,2144.1.16,emballasjetekniker,0.0
Occupation,http://data.europa.eu/esco/occupation/5979893a-0a30-447b-8f33-1ea405600583,2144.1.17,drivlinjeingeniør,0.072992700729927
Occupation,http://data.europa.eu/esco/occupation/994fe880-dc26-4f0f-a3cd-500709b6a665,2144.1.18,finmekanikkdesigner,0.0
Occupation,http://data.europa.eu/esco/occupation/7c2fbf7d-b934-4f62-8167-0ed90fb2a16f,2144.1.19,"ingeniør, rullende materiell",0.0238095238095238
Occupation,http://data.europa.eu/esco/occupation/24677ef2-512c-4f4a-bc1c-14bf374e9f22,2144.1.20,"ingeniør, roterende utstyr",0.0222222222222222
Occupation,http://data.europa.eu/esco/occupation/0ba95ace-bdf5-4ee6-92af-32e1ec9c0de6,2144.1.21,dampingeniør,0.0333333333333333
Occupation,http://data.europa.eu/esco/occupation/79fed799-ab3a-43d9-bd91-414c2c3b2f57,2144.1.22,verktøyingeniør,0.0192307692307692
Occupation,http://data.europa.eu/esco/occupation/16cb1f72-3d8c-4404-84ec-9c31fbd7c86c,2144.1.23,sveiseingeniør,0.0
Occupation,http://data.europa.eu/esco/occupation/579254cf-6d69-4889-9000-9c79dc568644,2144.1,maskiningeniør,0.171014492753623
ISCO level 4,http://data.europa.eu/esco/isco/C2144,2144,Sivilingeniører (maskin- og marin-teknikk),0.06375193240787556
Occupation,http://data.europa.eu/esco/occupation/f3e23761-0663-4ae0-97a2-0b2dd3fa38a1,2145.1.1,biokjemiingeniør,0.0795454545454545
Occupation,http://data.europa.eu/esco/occupation/95cd3d64-20d0-4681-857d-d6c63d07349f,2145.1.2,bryggerimester,0.0526315789473684
Occupation,http://data.europa.eu/esco/occupation/d2df16f3-87d7-4c6e-a640-95cee39a8f4e,2145.1.3,produksjonsleder ved ciderbryggeri,0.0535714285714285
Occupation,http://data.europa.eu/esco/occupation/4b709f9e-6112-4d58-81b0-2d6e6a69d61b,2145.1.4,matteknolog,0.136690647482014
Occupation,http://data.europa.eu/esco/occupation/7bc02fa7-7aaa-41a6-be5b-ab7a7b6684d3,2145.1.5,"ingeniør, gassdistribusjon",0.0909090909090909
Occupation,http://data.europa.eu/esco/occupation/89860c2a-d217-432a-8636-84aa17f09c15,2145.1.6,"ingeniør, gassproduksjon",0.0588235294117647
Occupation,http://data.europa.eu/esco/occupation/497a65bf-04e5-48ed-939e-2a68419f8144,2145.1.7,ønolog,0.0338983050847457
Occupation,http://data.europa.eu/esco/occupation/c44c078d-85e4-40a3-9598-2c333d7a24ca,2145.1.8,papirproduksjonstekniker,0.0967741935483871
Occupation,http://data.europa.eu/esco/occupation/e2a495fb-68a3-46f9-8753-6ce566a7a085,2145.1.9,legemiddeltekniker,0.0508474576271186
Occupation,http://data.europa.eu/esco/occupation/ec21ce88-ce14-49b6-be0a-cc53cf5a3a67,2145.1,kjemiingeniør,0.0849056603773584
Occupation,http://data.europa.eu/esco/occupation/b4e26d7f-475e-4ada-b287-d669de03fb21,2145.2,gummiteknolog,0.0909090909090909
Occupation,http://data.europa.eu/esco/occupation/654ce97c-9ed1-4614-bc76-36f4a1f67557,2145.3,"tekniker, produksjon av syntetiske materialer",0.0263157894736842
ISCO level 4,http://data.europa.eu/esco/isco/C2145,2145,Sivilingeniører (kjemi),0.07131851890729216
Occupation,http://data.europa.eu/esco/occupation/808b5940-8092-4f08-bc37-9b60ee5761d8,2146.1,proberer,0.037037037037037
Occupation,http://data.europa.eu/esco/occupation/3f863faa-c045-4f05-a419-b19182aea866,2146.2,boreingeniør,0.166666666666666
Occupation,http://data.europa.eu/esco/occupation/40b77b1b-6f9c-4d25-8b08-8b3cb0aaf7e7,2146.3,sprengstofftekniker,0.0909090909090909
Occupation,http://data.europa.eu/esco/occupation/47dd863b-b124-4bb1-bb42-a9498492a8cb,2146.4,"ingeniør, flytende brensel",0.105263157894736
Occupation,http://data.europa.eu/esco/occupation/27eb624c-6171-4c71-aa71-bb21e83381d4,2146.5.1,"kjemiingeniør, metallurgi",0.0263157894736842
Occupation,http://data.europa.eu/esco/occupation/4efee3ed-de09-44c6-bd4a-d9eaafd04683,2146.5.2,prosessmetallurg,0.027027027027027
Occupation,http://data.europa.eu/esco/occupation/bcf8f332-c7e1-4a08-8651-28d668290eaf,2146.5,metallurg,0.02
Occupation,http://data.europa.eu/esco/occupation/5fd69ee2-2042-4280-85e1-8f1462886987,2146.6,"utviklingsingeniør, gruvedrift",0.0606060606060606
Occupation,http://data.europa.eu/esco/occupation/d6d1af75-7811-4914-b16f-50441bcb0e74,2146.7,"HMS-ingeniør, gruvedrift",0.0909090909090909
Occupation,http://data.europa.eu/esco/occupation/7b99007f-c6bf-4703-85d3-f168bc6a9f28,2146.8,"planleggingsingeniør, gruvedrift",0.0952380952380952
Occupation,http://data.europa.eu/esco/occupation/62d3f108-ade2-44b5-beeb-d63d0b21268f,2146.9,"prosessingeniør, gruvedrift",0.210526315789473
Occupation,http://data.europa.eu/esco/occupation/7569f423-2c37-49aa-947e-41acb66ec909,2146.10,petroleumsingeniør,0.037037037037037
Occupation,http://data.europa.eu/esco/occupation/03b2f112-a891-461d-a8d4-effb9dcf2df6,2146.11,gruveingeniør,0.0333333333333333
ISCO level 4,http://data.europa.eu/esco/isco/C2146,2146,Sivilingeniører (geofag,0.07698990014779471
Occupation,http://data.europa.eu/esco/occupation/b065b637-5cb5-44d9-8c39-08004b51734e,2149.1,lydingeniør,0.0909090909090909
Occupation,http://data.europa.eu/esco/occupation/fbceeac6-798b-4307-a825-626707a753ad,2149.2.1,beregningsingeniør,0.0
Occupation,http://data.europa.eu/esco/occupation/1f958638-066f-470c-9549-a9070ba280a6,2149.2.2,komponenttekniker,0.0
Occupation,http://data.europa.eu/esco/occupation/836f0a96-7546-4003-9fc8-714fc79199d4,2149.2.3,kontraktingeniør,0.0
Occupation,http://data.europa.eu/esco/occupation/6fc8f605-98b9-4218-b5e2-91c4c9c55c4d,2149.2.4,designingeniør,0.0204081632653061
Occupation,http://data.europa.eu/esco/occupation/58c30193-d29f-4d22-8bf0-fd87346b91dd,2149.2.5,installasjonsingeniør,0.0256410256410256
Occupation,http://data.europa.eu/esco/occupation/c4071145-a774-4cf4-aefa-ae18a385cca4,2149.2.6,logistikkingeniør,0.121212121212121
Occupation,http://data.europa.eu/esco/occupation/a950e88b-cb5e-4a7d-8a94-3f9460b487d7,2149.2.7.1,kvalitets- og sikkerhetstekniker,0.0263157894736842
Occupation,http://data.europa.eu/esco/occupation/30c0943c-caa1-411d-b273-26f475971273,2149.2.7,kvalitetsingeniør,0.027027027027027
Occupation,http://data.europa.eu/esco/occupation/3dab5c3f-84d0-4d52-901d-dd262eaea509,2149.2.8,forskningsingeniør,0.027027027027027
Occupation,http://data.europa.eu/esco/occupation/fde4372d-8293-42de-afbb-8b5a9b274fe7,2149.2,systemingeniør,0.0153256704980842
Occupation,http://data.europa.eu/esco/occupation/e8fca903-6590-48a8-8902-094bb41ee90c,2149.3,eksperter innen selvstyrende kjøring,0.0483870967741935
Occupation,http://data.europa.eu/esco/occupation/4daee8bd-8400-4da6-ba52-30d4c193d1a9,2149.4,"ingeniør, lufthavnsystemer",0.0714285714285714
Occupation,http://data.europa.eu/esco/occupation/01ffb917-98dc-48c1-91ad-93c4104e791d,2149.5.1,teknisk biomedisiner,0.0149253731343283
Occupation,http://data.europa.eu/esco/occupation/f9433fdb-dde1-46cf-9e91-b49d243946a7,2149.5,bioingeniør,0.125
Occupation,http://data.europa.eu/esco/occupation/76abbb82-c103-4d7a-a4c0-14dba4d6199a,2149.6,idriftsettelsesingeniør,0.0606060606060606
Occupation,http://data.europa.eu/esco/occupation/07dfff6d-a0d0-4202-a697-fe9176c15999,2149.7,pålitelighetstekniker,0.04
Occupation,http://data.europa.eu/esco/occupation/01989dd8-36c0-43cc-a82d-2bfc409de9c4,2149.8,demonteringstekniker,0.115384615384615
Occupation,http://data.europa.eu/esco/occupation/a75c740c-d8d9-41a7-ab1a-e69a6eb6eac1,2149.9.1,ingeniør innen alternativt drivstoff,0.259740259740259
Occupation,http://data.europa.eu/esco/occupation/1ff61522-8947-4c95-b589-cb0e0539a62b,2149.9.2,"systemingeniør, energi",0.456521739130434
Occupation,http://data.europa.eu/esco/occupation/be845b10-21d0-49a7-b5b9-095828c32515,2149.9.3,jordvarmeingeniør,0.530612244897959
Occupation,http://data.europa.eu/esco/occupation/f14194e2-8e7f-4fc9-9c8c-78d9ae2e7284,2149.9.4,"ingeniør, kjernefysikk",0.133333333333333
Occupation,http://data.europa.eu/esco/occupation/c44c37a2-88c3-4ac2-9cf9-959f42deb02b,2149.9.5,ingeniør – fornybar energi offshore,0.243243243243243
Occupation,http://data.europa.eu/esco/occupation/ba490796-46f7-45b7-827b-db6882fca3e1,2149.9.6,energiingeniør – vindkraft på land,0.265625
Occupation,http://data.europa.eu/esco/occupation/0e99c929-364f-4b0a-8a64-2aab42420f00,2149.9.7,"ingeniør, fornybar energi",0.419354838709677
Occupation,http://data.europa.eu/esco/occupation/42dbb769-4c91-47dc-bd16-ec8e70c4180f,2149.9.8,solenergiingeniør,0.319444444444444
Occupation,http://data.europa.eu/esco/occupation/afbe50b0-6634-4677-a3e7-0aada10cb9a7,2149.9.9,"ingeniør, termodynamikk",0.314814814814814
Occupation,http://data.europa.eu/esco/occupation/b2cede50-82bb-4684-9f11-1930e12ad672,2149.9,energiingeniør,0.424603174603174
Occupation,http://data.europa.eu/esco/occupation/4be368e3-badb-4b9f-9d0a-4d0f7565540a,2149.10.1,branningeniør,0.048780487804878
Occupation,http://data.europa.eu/esco/occupation/a1273779-d2d4-4708-a406-62f7cdd26aab,2149.10,HMS-ingeniør,0.064516129032258
Occupation,http://data.europa.eu/esco/occupation/949ed945-f697-415e-b4c5-51d8abf7cfdf,2149.11.1,nanoingeniør,0.0363636363636363
Occupation,http://data.europa.eu/esco/occupation/35cf772d-bbc9-4eb4-9ca6-5f982649d436,2149.11.2,tretekniker,0.0384615384615384
Occupation,http://data.europa.eu/esco/occupation/4a375b68-88a0-4e5f-99ce-9b01341dfb81,2149.11,materialingeniør,0.170212765957446
Occupation,http://data.europa.eu/esco/occupation/778c1d37-69f2-4184-ac98-03b7dbfba332,2149.12.1,"ingeniør, fotonikk",0.0
Occupation,http://data.europa.eu/esco/occupation/ab3c4d3e-3189-47ad-82af-57cdae3cb589,2149.12,"ingeniør, optikk",0.0
Occupation,http://data.europa.eu/esco/occupation/e047b8f5-9491-4da2-8816-7aa37ad2370d,2149.13,patentingeniør,0.0
Occupation,http://data.europa.eu/esco/occupation/0cca32c2-9308-4927-adb2-14771ab787f0,2149.14,byggekoordinator,0.048780487804878
Occupation,http://data.europa.eu/esco/occupation/551a6797-3ca9-41fc-9dca-9a982a8fd8a6,2149.15,robottekniker,0.0185185185185185
Occupation,http://data.europa.eu/esco/occupation/c8fa93eb-7c2c-42c3-b135-c2e825a6615e,2149.16,testingeniør,0.0
Occupation,http://data.europa.eu/esco/occupation/70182f44-e444-4bf3-940f-0c054c1d5917,2149.17,"forsker på tekstiler, lær og skotøy",0.1
Occupation,http://data.europa.eu/esco/occupation/29e8a27f-5e68-4d47-b991-5c41f835c72a,2149.18,innovasjonsingeniør,0.0
ISCO level 4,http://data.europa.eu/esco/isco/C2149,2149,Andre sivilingeniører (unntatt elektroteknologi),0.11518351924979574
ISCO level 3,http://data.europa.eu/esco/isco/C215,215,Sivilingeniører elektroteknologi,0.05421888631058128
Occupation,http://data.europa.eu/esco/occupation/58db3ac6-5217-4d46-8a4c-126598be1d13,2151.1.1,"ingeniør, elkraftteknikk",0.189473684210526
Occupation,http://data.europa.eu/esco/occupation/2026adb2-62d7-4b92-9ccb-105abdebe37d,2151.1.2,"ingeniør, elektromagnetisme",0.0449438202247191
Occupation,http://data.europa.eu/esco/occupation/77abfaec-a250-4765-95fa-6091e8da1bba,2151.1.3,"ingeniør, elektromekanikk",0.0327868852459016
Occupation,http://data.europa.eu/esco/occupation/e69697d0-2639-4aad-b73a-05e0b98357b1,2151.1.4,"elektroingeniør, gruvedrift",0.074074074074074
Occupation,http://data.europa.eu/esco/occupation/ac37627c-a999-4779-997e-9795cc4f9a3d,2151.1.5,strømforsyningsingeniør,0.131868131868131
Occupation,http://data.europa.eu/esco/occupation/f1b89616-5dfe-40d4-8b02-58a6982b1a01,2151.1.6,"ingeniør, transformator",0.0666666666666666
Occupation,http://data.europa.eu/esco/occupation/86ca306c-ab99-420a-9e2a-aa73c5c4de22,2151.1,"ingeniør, elektro",0.125
Occupation,http://data.europa.eu/esco/occupation/716df735-77eb-47c8-8c06-d86e46903989,2151.2,smarthusdesigner,0.227272727272727
Occupation,http://data.europa.eu/esco/occupation/c2d36adb-ecf4-4823-980b-d84b0f11b2c8,2151.3,batterisimuleringsingeniør,0.0
Occupation,http://data.europa.eu/esco/occupation/7648d5d9-cfab-4981-ba82-b66a9a41d37e,2151.4,batterisystemingeniør,0.037037037037037
ISCO level 4,http://data.europa.eu/esco/isco/C2151,2151,Sivilingeniører (elkraftteknikk),0.09291230265997823
Occupation,http://data.europa.eu/esco/occupation/92bb3d8c-8a9f-4cd7-80ec-247bbf173004,2152.1.1,"tekniker, maskinvare",0.0227272727272727
Occupation,http://data.europa.eu/esco/occupation/608edf30-fe37-4ae5-bdd1-2d3a8fd347bd,2152.1.2,"ingeniør, testflyvning",0.0
Occupation,http://data.europa.eu/esco/occupation/e6800524-eec2-4c33-af0e-6f36d1d679bc,2152.1.3,instrumenteringsingeniør,0.0746268656716417
Occupation,http://data.europa.eu/esco/occupation/4874fa37-0cd1-4a68-aed8-a838851f242d,2152.1.4,språkteknolog,0.0
Occupation,http://data.europa.eu/esco/occupation/0c7c9606-fde3-4658-8136-8fe0c9b8bd09,2152.1.5,"ingeniør, medisinsk teknologi",0.0099009900990099
Occupation,http://data.europa.eu/esco/occupation/7b4744a8-a4e3-4104-9b74-4ec54108af7b,2152.1.6,mikroelektronikkdesigner,0.0465116279069767
Occupation,http://data.europa.eu/esco/occupation/fd1c83b3-60d5-4a5f-86c5-94dc2842c246,2152.1.7.1,"konstruktør, integrerte kretser",0.0
Occupation,http://data.europa.eu/esco/occupation/8c0f59c9-9a47-42e7-8287-aab19df4e6ab,2152.1.7,ingeniør innen mikroelektronikk,0.0283018867924528
Occupation,http://data.europa.eu/esco/occupation/e6dfc67e-331e-4468-a249-347a08decbdb,2152.1.8,mikroelektronikkmaterialeingeniør,0.113924050632911
Occupation,http://data.europa.eu/esco/occupation/82616669-cc82-4455-9332-a2df209e9f3e,2152.1.9,produksjonsingeniør for smart mikroelektronikk,0.0909090909090909
Occupation,http://data.europa.eu/esco/occupation/7f0fe7d3-54c6-41e9-88ba-9d4f0f1a46b4,2152.1.10,"ingeniør, mikrosystem",0.0288461538461538
Occupation,http://data.europa.eu/esco/occupation/35d41f4f-334b-452e-9e31-99f376302493,2152.1.11,"ingeniør, optoelektronikk",0.0
Occupation,http://data.europa.eu/esco/occupation/7f46db3a-754b-4bda-b287-5932fa062ee9,2152.1.12,kraftelektronikkingeniør,0.0857142857142857
Occupation,http://data.europa.eu/esco/occupation/8edd8bff-cb59-4c9c-ab0f-59e77d18be48,2152.1.13,"vedlikeholdstekniker, preventivt vedlikehold",0.0
Occupation,http://data.europa.eu/esco/occupation/24161923-e3e6-4096-b377-f1ee8a7ea31b,2152.1.14,satellittekniker,0.0
Occupation,http://data.europa.eu/esco/occupation/4f4d33a1-0b41-4dd9-8a42-aeba5a3974ab,2152.1.15,"ingeniør, sensorteknikk",0.0555555555555555
Occupation,http://data.europa.eu/esco/occupation/4d34a9ee-2653-4da0-bef7-f59294577224,2152.1,elektronikkingeniør,0.0862068965517241
ISCO level 4,http://data.europa.eu/esco/isco/C2152,2152,Sivilingeniører (elektronikk),0.0378367456710044
Occupation,http://data.europa.eu/esco/occupation/c5d36eef-df20-47a8-a332-5b4358fa83e3,2153.1.1,telekommunikasjonsanalytiker,0.0
Occupation,http://data.europa.eu/esco/occupation/02eb0ae6-ecdd-4602-9c8e-60ffe6dbe1e2,2153.1,telekommunikasjonsingeniør,0.0
ISCO level 4,http://data.europa.eu/esco/isco/C2153,2153,Sivilingeniører (telekommunikasjon),0.0
ISCO level 3,http://data.europa.eu/esco/isco/C216,216,Arkitekter,0.05944735918809828
Occupation,http://data.europa.eu/esco/occupation/efa81635-9125-4276-8902-9deb12170ea7,2161.1.1,interiørarkitekt,0.234042553191489
Occupation,http://data.europa.eu/esco/occupation/8c3f536e-ba66-4321-ba40-363dc39f129b,2161.1,arkitekt,0.294736842105263
ISCO level 4,http://data.europa.eu/esco/isco/C2161,2161,Sivilarkitekter,0.264389697648376
Occupation,http://data.europa.eu/esco/occupation/a424aa0f-b3f1-41fb-901f-85e05fed83ed,2162.1.1,landskapsdesigner,0.365853658536585
Occupation,http://data.europa.eu/esco/occupation/52207284-2681-40d3-a317-ec81ca1b3e41,2162.1,landskapsarkitekt,0.288461538461538
ISCO level 4,http://data.europa.eu/esco/isco/C2162,2162,Landskapsarkitekter,0.3271575984990615
Occupation,http://data.europa.eu/esco/occupation/1d8f8111-79dd-41dc-aa2a-12f3192dde3c,2163.1.1,bilkonstruktør,0.0208333333333333
Occupation,http://data.europa.eu/esco/occupation/d1b1dfdf-7d60-430a-b569-7dd71b2ebeaa,2163.1.2,kostymedesigner,0.0
Occupation,http://data.europa.eu/esco/occupation/d1a554d0-7ad6-4d42-897e-ed31d022fb0b,2163.1.3.1,designer av moteklær,0.0181818181818181
Occupation,http://data.europa.eu/esco/occupation/06f89f2c-c6e9-40c5-a4a5-0e34d5fbc184,2163.1.3.2,skodesigner,0.0588235294117647
Occupation,http://data.europa.eu/esco/occupation/a142a645-6e9e-4d86-accd-9816df857c90,2163.1.3.3,lærvaredesigner,0.0357142857142857
Occupation,http://data.europa.eu/esco/occupation/77bfd6e7-5598-4818-84cb-31e2651eb046,2163.1.3,motedesigner,0.0476190476190476
Occupation,http://data.europa.eu/esco/occupation/bc4d1659-6860-488e-bc13-e87eb0e36f67,2163.1.4,møbeldesigner,0.0
Occupation,http://data.europa.eu/esco/occupation/34c57104-ff9b-4003-809e-56eece3cb4d5,2163.1.5,smykkedesigner,0.0285714285714285
Occupation,http://data.europa.eu/esco/occupation/3cbbdb83-7c36-4ae5-8c45-6c284186f477,2163.1.6,modellbygger,0.0
Occupation,http://data.europa.eu/esco/occupation/07c2287f-3caa-4128-b7c8-59801084d931,2163.1.7,marionettmaker,0.0
Occupation,http://data.europa.eu/esco/occupation/0f7c84c5-1c0d-4fc1-8949-07dbe8bd34ef,2163.1.8,tekstildesigner,0.074074074074074
Occupation,http://data.europa.eu/esco/occupation/ab7bccb2-6f81-4a3d-a0c0-fca5d47d2775,2163.1,industridesigner,0.0149253731343283
Occupation,http://data.europa.eu/esco/occupation/d515e82a-ca9f-4be4-9823-33694dff7304,2163.2,"produktutvikler, lærvarer",0.0476190476190476
Occupation,http://data.europa.eu/esco/occupation/6d765c21-267d-4d3d-a989-9b7596670477,2163.3,tekstilfarger,0.0769230769230769
Occupation,http://data.europa.eu/esco/occupation/6833077e-e521-4605-bc1a-893f4b3d811c,2163.4,"produktutvikler, tekstilproduksjon",0.027027027027027
ISCO level 4,http://data.europa.eu/esco/isco/C2163,2163,Produkt- og klesdesignere,0.030020802773948783
Occupation,http://data.europa.eu/esco/occupation/44508e7b-f56b-4bfb-9cd6-879838aecd94,2164.1,arealplanlegger,0.236842105263157
Occupation,http://data.europa.eu/esco/occupation/3b129d8d-268e-465a-b0c5-bf32cae59a41,2164.2,leder for mobilitetstjenester,0.216216216216216
Occupation,http://data.europa.eu/esco/occupation/93e4e70b-aae4-4fdc-8037-e48e7077564e,2164.3,ruteplanlegger,0.183673469387755
Occupation,http://data.europa.eu/esco/occupation/e14548c8-c2b9-4ef8-8670-d5967d7ad804,2164.4,byplanlegger,0.182926829268292
ISCO level 4,http://data.europa.eu/esco/isco/C2164,2164,Arealplanleggere,0.204914655033855
Occupation,http://data.europa.eu/esco/occupation/2561879a-dd0a-454e-ae6e-9be6c488eb56,2165.1,"landmåler, tekniker",0.0
Occupation,http://data.europa.eu/esco/occupation/ad8ab454-b506-46a5-afd3-66bbffd54115,2165.2,kartograf,0.0204081632653061
Occupation,http://data.europa.eu/esco/occupation/9af8907f-56a7-4170-83b1-3c6ba0997cfa,2165.3,GIS-spesialist,0.0697674418604651
Occupation,http://data.europa.eu/esco/occupation/439c52ae-23ce-4d1e-bea1-bac135497977,2165.4.1,hydrograf,0.0227272727272727
Occupation,http://data.europa.eu/esco/occupation/00ab29a3-6d4a-4df9-b46d-de31069e36e8,2165.4.2,gruvemåler,0.0
Occupation,http://data.europa.eu/esco/occupation/d8e502b4-1be6-4d10-a224-151688f8f0c8,2165.4,landmåler,0.0566037735849056
ISCO level 4,http://data.europa.eu/esco/isco/C2165,2165,Landmålere,0.028251108572991582
Occupation,http://data.europa.eu/esco/occupation/bab5fa79-7f96-4e21-87b6-1eba560b8d9a,2166.1,3D-modellerer,0.0
Occupation,http://data.europa.eu/esco/occupation/951b9d94-9bf1-4771-877d-3a26b75d9e53,2166.2,animasjonsdesigner,0.0
Occupation,http://data.europa.eu/esco/occupation/52df9d56-efd4-48d0-ad93-59231943fc4c,2166.3.1,3D-animatør,0.0
Occupation,http://data.europa.eu/esco/occupation/48c8eccb-4bd0-487e-a187-4953cbbe956e,2166.3,animatør,0.0
Occupation,http://data.europa.eu/esco/occupation/78216000-edc1-474b-9569-28ed6a657da2,2166.4,"redigerer, desktop publishing",0.0
Occupation,http://data.europa.eu/esco/occupation/d5c4ab26-c293-4f4d-ad89-fe776f49a67f,2166.5,multimediekunstner,0.024390243902439
Occupation,http://data.europa.eu/esco/occupation/d68ff35f-e34d-4e32-88ab-d6c06a6c25b9,2166.6,dataspilldesigner,0.0
Occupation,http://data.europa.eu/esco/occupation/d5a43cd3-230e-46d0-ba05-d67d61e5cfbb,2166.7,"formgiver, digitale medier",0.0
Occupation,http://data.europa.eu/esco/occupation/11830794-108c-48fe-a282-2cd7a2945344,2166.8,designer av pengespill,0.0
Occupation,http://data.europa.eu/esco/occupation/69bcbb0a-8d80-4ecd-b0a4-9adea2a40de2,2166.9,grafisk designer,0.0
Occupation,http://data.europa.eu/esco/occupation/1b949bae-882f-40ff-9fe7-3c8ede5e38b5,2166.10,illustratør,0.0
Occupation,http://data.europa.eu/esco/occupation/068df7d1-516f-4829-b339-294cb0cf6318,2166.11,lysdesigner,0.028169014084507
Occupation,http://data.europa.eu/esco/occupation/c995fe34-0909-4ce3-b7b7-97945efede56,2166.12,videodesigner,0.0
Occupation,http://data.europa.eu/esco/occupation/b1c0714d-77f1-4732-8fd8-9f0739fb9974,2166.13,spesialeffektmaker,0.0
Occupation,http://data.europa.eu/esco/occupation/364d9e9f-b14c-4905-b9e5-5de623dba268,2166.14,stop-motion-animatør,0.0
Occupation,http://data.europa.eu/esco/occupation/30ed83ba-cc89-4d9f-a59d-5c783c1da56e,2166.15,webdesigner,0.0
ISCO level 4,http://data.europa.eu/esco/isco/C2166,2166,Grafiske- og multimediadesignere,0.003284953624184125
ISCO level 3,http://data.europa.eu/esco/isco/C221,221,Leger,0.0
Occupation,http://data.europa.eu/esco/occupation/71f09c8b-a172-408c-b9e7-32e580e39ff6,2211.1,allmennpraktiserende lege,0.0
ISCO level 4,http://data.europa.eu/esco/isco/C2211,2211,Allmennpraktiserende leger,0.0
Occupation,http://data.europa.eu/esco/occupation/9b889f07-c39c-464d-b9d9-b2daa650f9ac,2212.1,spesiallege,0.0
ISCO level 4,http://data.europa.eu/esco/isco/C2212,2212,Legespesialister,0.0
ISCO level 3,http://data.europa.eu/esco/isco/C222,222,Sykepleiere og spesialsykepleiere,0.00776405391339631
Occupation,http://data.europa.eu/esco/occupation/36494988-69d2-4420-9db4-eb56605ac983,2221.1,oversykepleier,0.010752688172043
Occupation,http://data.europa.eu/esco/occupation/8d3e8aaa-791b-4c75-a465-f3f827028f50,2221.2,sykepleier,0.00943396226415094
Occupation,http://data.europa.eu/esco/occupation/18e14e61-495b-44cc-a7c6-df4c625934ba,2221.3,spesialsykepleier,0.0108695652173913
ISCO level 4,http://data.europa.eu/esco/isco/C2221,2221,Spesialsykepleiere,0.010352071884528413
Occupation,http://data.europa.eu/esco/occupation/95cda6a9-a70a-4a93-9442-11d573cb4a02,2222.1,jordmor,0.0
ISCO level 4,http://data.europa.eu/esco/isco/C2222,2222,Jordmødre,0.0
ISCO level 3,http://data.europa.eu/esco/isco/C223,223,,0.0
Occupation,http://data.europa.eu/esco/occupation/754c349d-67d5-48e5-81c1-e84d2fab59d0,2230.1,aromaterapeut,0.0
Occupation,http://data.europa.eu/esco/occupation/2dcb5dad-1902-4051-9023-d725485479a7,2230.2.1,akupunktør,0.0
Occupation,http://data.europa.eu/esco/occupation/61704d4b-f54b-43e5-a7de-bfd7a76f2f0d,2230.2.2,homeopat,0.0
Occupation,http://data.europa.eu/esco/occupation/80a2aba7-ef7d-46ef-a8ec-15ff6131c0f1,2230.2.3,behandler innen tradisjonell kinesisk medisin,0.0
Occupation,http://data.europa.eu/esco/occupation/c2a29b8d-1042-4766-a162-e174c7a77421,2230.2,alternativbehandler,0.0
ISCO level 4,http://data.europa.eu/esco/isco/C2230,2230,,0.0
ISCO level 3,http://data.europa.eu/esco/isco/C225,225,Veterinærer,0.06376434281572617
Occupation,http://data.europa.eu/esco/occupation/be2896db-9ab7-4719-a558-96b18c93027d,2250.1,dyrekiropraktor,0.0869565217391304
Occupation,http://data.europa.eu/esco/occupation/e81269d8-f301-4c82-9235-ba33ec9b0434,2250.2,dyreosteopat,0.0606060606060606
Occupation,http://data.europa.eu/esco/occupation/5beafebe-9211-4b3a-adf1-6161097a3975,2250.3,fysioterapeut for dyr,0.0869565217391304
Occupation,http://data.europa.eu/esco/occupation/f4f671d5-208f-4423-a250-c049de8d9adc,2250.4.1,hydroterapeut for dyr,0.0909090909090909
Occupation,http://data.europa.eu/esco/occupation/0abed785-00f8-4692-9f5f-f2b56efdb829,2250.4.2,massasjeterapeut for dyr,0.0909090909090909
Occupation,http://data.europa.eu/esco/occupation/0b2d3242-22a3-4de5-bd29-efd39cdf2c31,2250.4,dyreterapeut,0.0357142857142857
Occupation,http://data.europa.eu/esco/occupation/8467dda9-34c6-4c6f-aa37-e7bddffac007,2250.5,ekspert på vanndyrhelse,0.157142857142857
Occupation,http://data.europa.eu/esco/occupation/eb6efbb9-9216-4e86-bc3b-de2223cd4667,2250.6,allmennpraktiserende veterinær,0.0259740259740259
Occupation,http://data.europa.eu/esco/occupation/4ce42c3c-8a46-40b6-9274-1f5cee3c5cba,2250.7,veterinær,0.0384615384615384
Occupation,http://data.europa.eu/esco/occupation/08984bec-31d8-4bb0-aa2f-d557761ff029,2250.8,spesialveterinær,0.0277777777777777
Occupation,http://data.europa.eu/esco/occupation/557f9ccc-4e46-4bb2-8d20-272cd978b152,2250.9,veterinærforskning,0.0
ISCO level 4,http://data.europa.eu/esco/isco/C2250,2250,Veterinærer,0.06376434281572617
ISCO level 3,http://data.europa.eu/esco/isco/C226,226,Andre medisinske yrker,0.023941689575319537
Occupation,http://data.europa.eu/esco/occupation/e52b5707-7097-4dbc-ac61-054e917da241,2261.1,allmennpraktiserende tannlege,0.0
Occupation,http://data.europa.eu/esco/occupation/a580e79a-b752-49c1-b033-b5ab2b34bfba,2261.2,spesialtannlege,0.0
Occupation,http://data.europa.eu/esco/occupation/d18deca3-3063-4970-9ddc-e3c70404a28c,2261.3,tannpleier,0.0
Occupation,http://data.europa.eu/esco/occupation/76bded28-876a-40b2-9efb-3123c8f14cf6,2261.4,tanntekniker,0.0
ISCO level 4,http://data.europa.eu/esco/isco/C2261,2261,Tannleger,0.0
Occupation,http://data.europa.eu/esco/occupation/0f845e64-de8b-431e-9fe3-1bccf8e1c5b9,2262.1.1,"kvalitetskontrollør, legemiddelindustri",0.0
Occupation,http://data.europa.eu/esco/occupation/5fd099da-218a-460e-bd5b-b42f1b76c67c,2262.1.2.1,sykehusapoteker,0.0192307692307692
Occupation,http://data.europa.eu/esco/occupation/53cdcc84-e5ee-488c-aa09-88084e06d6d7,2262.1.2.2,industriell legemiddelutvikler,0.0217391304347826
Occupation,http://data.europa.eu/esco/occupation/8db28ebf-8818-4639-aa49-30324901836e,2262.1.2,spesialfarmasøyt,0.0166666666666666
Occupation,http://data.europa.eu/esco/occupation/7c132147-428b-4ea3-87e1-70f7abb691ce,2262.1,farmasøyt,0.008130081300813
Occupation,http://data.europa.eu/esco/occupation/7b74626d-b487-48a1-9e80-47faf9928210,2262.2,apotektekniker,0.0
ISCO level 4,http://data.europa.eu/esco/isco/C2262,2262,Farmasøyter,0.010961107938838567
Occupation,http://data.europa.eu/esco/occupation/72913ee1-1696-4d74-b26f-681d17887c58,2263.1,beredskapskoordinator,0.2
Occupation,http://data.europa.eu/esco/occupation/00ab5610-e715-428f-99f6-b1e5e469dbcd,2263.2,næringsmiddelspesialist,0.0
Occupation,http://data.europa.eu/esco/occupation/1d75ea5a-f902-4b47-8d63-5c6d2a5c0bb5,2263.3.1,ergonom,0.0
Occupation,http://data.europa.eu/esco/occupation/789517fb-95ee-43d1-9530-c2860be1a439,2263.3,HMS-konsulent,0.131578947368421
Occupation,http://data.europa.eu/esco/occupation/bf802371-4758-4268-a780-58e3d269831b,2263.5,strålehygienemedarbeider,0.4375
ISCO level 4,http://data.europa.eu/esco/isco/C2263,2263,Helse- og miljørådgivere,0.15381578947368418
Occupation,http://data.europa.eu/esco/occupation/a317e9c2-62d5-4a24-8ad4-5cb7b9db3f3b,2264.1,spesialist i fysioterapi,0.0
Occupation,http://data.europa.eu/esco/occupation/006cc1f9-2841-41c3-991a-dc3f2f3bd533,2264.2,fysioterapeut,0.0
ISCO level 4,http://data.europa.eu/esco/isco/C2264,2264,Fysioterapeuter,0.0
Occupation,http://data.europa.eu/esco/occupation/c37d0026-989b-4705-9bcb-30cccd8308fa,2265.1.1,"ernæringsekspert, ferdigretter",0.0
Occupation,http://data.europa.eu/esco/occupation/8a53f8d3-d995-4c7b-a70d-d79f76bdcb3f,2265.1,ernæringsekspert,0.00970873786407766
ISCO level 4,http://data.europa.eu/esco/isco/C2265,2265,Ernæringsfysiologer,0.00485436893203883
Occupation,http://data.europa.eu/esco/occupation/c4d6d07a-ae90-40ce-bc5a-c952805a9bf3,2266.1,audiolog,0.0
Occupation,http://data.europa.eu/esco/occupation/8021f3a2-e3de-43c0-b366-075da74dc5b7,2266.2,talepedagog,0.0
ISCO level 4,http://data.europa.eu/esco/isco/C2266,2266,Audiografer og logopeder,0.0
Occupation,http://data.europa.eu/esco/occupation/bffbe18a-cb8b-4f90-bd87-7505cd3b16f5,2267.1,optometriker,0.0
Occupation,http://data.europa.eu/esco/occupation/771244bf-b204-4e7f-8b25-ee523ae7b791,2267.2,ortoptist,0.0
ISCO level 4,http://data.europa.eu/esco/isco/C2267,2267,Ergoterapeuter,0.0
Occupation,http://data.europa.eu/esco/occupation/49e4e358-8ba3-4a05-8ef9-abb73156f5f7,2269.1,kiropraktor,0.0
Occupation,http://data.europa.eu/esco/occupation/11a6d0f6-e692-4774-aa5f-193b67d31022,2269.2,kinesiolog,0.0
Occupation,http://data.europa.eu/esco/occupation/047108c3-f987-40a4-bef0-f2b3407ec16a,2269.3,medisinsk fysiker,0.0681818181818181
Occupation,http://data.europa.eu/esco/occupation/33da5532-8c4e-4d1b-b52e-c201ee1bc7ab,2269.4,ergoterapeut,0.0
Occupation,http://data.europa.eu/esco/occupation/82cbe20d-967c-4161-9ecd-eafc724d171c,2269.5,ergoterapiassistent,0.0
Occupation,http://data.europa.eu/esco/occupation/cf9b6da9-3a59-4780-bec9-500b148b8878,2269.6,fotpleiespesialist,0.0
Occupation,http://data.europa.eu/esco/occupation/4f08cd74-71c6-43aa-88d4-841e5bb677f7,2269.7,fotterapeutassistent,0.0
Occupation,http://data.europa.eu/esco/occupation/7d092380-1c2e-48fe-81de-0d191b4e96d6,2269.8.1,røntgentekniker,0.0140845070422535
Occupation,http://data.europa.eu/esco/occupation/5efb4fff-8c5f-4697-9587-034d9f6af094,2269.8.2,radiograf innen nuklearmedisinsk billeddiagnostikk,0.0149253731343283
Occupation,http://data.europa.eu/esco/occupation/7639a601-6db0-41ed-9fb0-813d9b8beb05,2269.8,radiograf,0.0131578947368421
Occupation,http://data.europa.eu/esco/occupation/e6023abf-ced3-4ac9-9437-cc79e4396e3e,2269.9.1,dyreassistert terapeut,0.0333333333333333
Occupation,http://data.europa.eu/esco/occupation/eb48ccbd-75f2-4799-81be-443034858473,2269.9.2,kunstterapeut,0.0
Occupation,http://data.europa.eu/esco/occupation/789d9781-8724-4367-936a-3a4cb7c54315,2269.9.3,danseterapeut,0.0
Occupation,http://data.europa.eu/esco/occupation/3d616092-b4fd-4c14-b0e9-a9119bbbd171,2269.9.4,musikkterapeut,0.0
Occupation,http://data.europa.eu/esco/occupation/f9395e4d-d66f-49ce-a8f5-721991139e79,2269.9,rekreasjonsterapeut,0.0
Occupation,http://data.europa.eu/esco/occupation/be235deb-6181-43ca-8127-7010a689643a,2269.10,spesialkiropraktor,0.0
Occupation,http://data.europa.eu/esco/occupation/a7198837-139d-49c7-8fd0-eb8d8c1ee844,2269.11,osteopat,0.0
Occupation,http://data.europa.eu/esco/occupation/4a5b3686-eea4-4ba0-b446-33f7b6a95aed,2269.12,patologiassistent,0.0212765957446808
Occupation,http://data.europa.eu/esco/occupation/d117ef65-b253-4f04-bc85-353ef853443a,2269.13.1,cytoteknolog,0.0181818181818181
Occupation,http://data.europa.eu/esco/occupation/2e8820ba-5b2d-4572-92a1-942dbd02a6d6,2269.13,biomedisinsk forsker,0.0236220472440944
Occupation,http://data.europa.eu/esco/occupation/b7b17a85-ccd0-4d2f-92f2-7e99839731b0,2269.14,forsker innen avansert biomedisin,0.0333333333333333
Occupation,http://data.europa.eu/esco/occupation/500b7b14-507c-4c49-816d-c1d0b05b85e4,2269.15,ortopedi- og protesetekniker,0.0
Occupation,http://data.europa.eu/esco/occupation/acbb7a20-c947-480d-a07e-868a0ab3eab8,2269.16,spesialist i biomedisin,0.0166666666666666
ISCO level 4,http://data.europa.eu/esco/isco/C2269,2269,Kiropraktorer mv.,0.011163625547789935
ISCO level 3,http://data.europa.eu/esco/isco/C231,231,Universitets- og høyskolelektorer/-lærere,0.003860340675313827
Occupation,http://data.europa.eu/esco/occupation/9766cc19-5a64-4b3c-a741-71561285a419,2310.1.1,universitetslærer i antropologi,0.0
Occupation,http://data.europa.eu/esco/occupation/bff7e8a3-6206-4d38-b25f-fcb6e634c7af,2310.1.2,universitetslærer i arkeologi,0.0116279069767441
Occupation,http://data.europa.eu/esco/occupation/4e8a5d3e-66de-4661-9927-ef3123cc79e9,2310.1.3,universitetslærer i arkitektur,0.053763440860215
Occupation,http://data.europa.eu/esco/occupation/66527cdc-b7a5-4996-9448-7e327b68d08d,2310.1.4,universitetslærer i kunstvitenskap,0.0
Occupation,http://data.europa.eu/esco/occupation/c262bb96-03bb-4c97-a45b-0cf36db5b048,2310.1.5,foreleserassistent,0.0
Occupation,http://data.europa.eu/esco/occupation/5fdfa822-c1ba-477e-87cc-3d742e59310d,2310.1.6,universitetslærer i biologi,0.0
Occupation,http://data.europa.eu/esco/occupation/30058b71-fe16-45ea-a2b8-d5461c706372,2310.1.7,universitetslærer i bedriftsøkonomi,0.0
Occupation,http://data.europa.eu/esco/occupation/e74513c3-8ba8-462f-978c-0450522f4427,2310.1.8,universitetslærer i kjemi,0.0219780219780219
Occupation,http://data.europa.eu/esco/occupation/fbc9ab3e-18f1-4b7b-8cd5-d6374ed5e9a9,2310.1.9,universitetslærer i klassiske språk,0.0
Occupation,http://data.europa.eu/esco/occupation/49023c69-302f-4671-b26f-7229d1a53915,2310.1.10,universitetslærer i kommunikasjon,0.0
Occupation,http://data.europa.eu/esco/occupation/c3b82711-273d-4fa8-8de7-0ac3d99c16fc,2310.1.11,universitetslærer i informatikk,0.0
Occupation,http://data.europa.eu/esco/occupation/3d7a1284-824c-47d9-8387-b8e1cd5888b5,2310.1.12,universitetslærer i tannlegevitenskap,0.0
Occupation,http://data.europa.eu/esco/occupation/306e9867-cf55-446f-88c6-8adad5369f8c,2310.1.13,universitetslærer i geovitenskap,0.0352941176470588
Occupation,http://data.europa.eu/esco/occupation/0959cd1d-f6c8-4362-939a-ad7d5f75d659,2310.1.14,universitetslærer i økonomi,0.0112359550561797
Occupation,http://data.europa.eu/esco/occupation/605e58d6-ad27-4828-b1f5-16707f327fa0,2310.1.15,universitetslærer i utdanningsstudier,0.0120481927710843
Occupation,http://data.europa.eu/esco/occupation/e9f50268-4dab-4579-90c2-2ff219eb56f1,2310.1.16,universitetslærer i ingeniørvitenskap,0.0
Occupation,http://data.europa.eu/esco/occupation/54361270-bc5e-40fb-8f84-a0023a85cdf7,2310.1.17,instruktør i kunstvitenskap,0.0172413793103448
Occupation,http://data.europa.eu/esco/occupation/9905cc76-d48b-49b1-94ab-17becb30be1a,2310.1.18,universitetslærer i næringsmiddelvitenskap,0.0
Occupation,http://data.europa.eu/esco/occupation/b3ebf55f-5e50-4262-946a-f08d7fbe29b2,2310.1.19,lektor i helsefag,0.0
Occupation,http://data.europa.eu/esco/occupation/a36c14e6-ed96-467d-8390-6f9cf47ac350,2310.1.20,universitetslærer i historie,0.0
Occupation,http://data.europa.eu/esco/occupation/479ede81-bd51-4f3b-9d30-4910699fd211,2310.1.21,universitetslærer i journalistikk,0.0
Occupation,http://data.europa.eu/esco/occupation/b65133db-b3de-44d1-88fa-1d3deda08245,2310.1.22,universitetslærer i jus,0.0
Occupation,http://data.europa.eu/esco/occupation/c549f0de-c415-428e-865c-973bcd224b39,2310.1.23,universitetslærer i lingvistikk,0.0
Occupation,http://data.europa.eu/esco/occupation/dab9c6dd-8efb-4fe2-8b10-477ef2bcfd8b,2310.1.24,universitetslærer i matematikk,0.0
Occupation,http://data.europa.eu/esco/occupation/0bf5d25a-2b4d-43b5-b053-beeb210fa43a,2310.1.25,universitetslærer i legevitenskap,0.0
Occupation,http://data.europa.eu/esco/occupation/be3c021d-bd93-45a0-ad32-e8fa8e0d17ef,2310.1.26,universitetslærer i moderne språk,0.0
Occupation,http://data.europa.eu/esco/occupation/88990bdf-4f6b-4411-82c9-9eecad1db8fb,2310.1.27,lærer ved musikkonservatorium,0.0
Occupation,http://data.europa.eu/esco/occupation/1bbaf82c-67ae-4beb-9a55-7298acf5b2af,2310.1.28,universitetslærer i sykepleie,0.0
Occupation,http://data.europa.eu/esco/occupation/78ed3811-f421-45e5-9574-31364c76af67,2310.1.29,lærer ved danseakademi,0.0
Occupation,http://data.europa.eu/esco/occupation/00747307-6341-4266-a061-25416f7c6a96,2310.1.30,underviser på teaterhøyskole,0.0
Occupation,http://data.europa.eu/esco/occupation/55a785db-0636-41b8-950f-0b65abe5e81b,2310.1.31,universitetslærer i farmasi,0.0105263157894736
Occupation,http://data.europa.eu/esco/occupation/ae2c1bf4-669e-4fec-a7d7-698753699083,2310.1.32,universitetslærer i filosofi,0.0
Occupation,http://data.europa.eu/esco/occupation/59a02420-91df-4e46-b37b-22e3fd8c11f0,2310.1.33,universitetslærer i fysikk,0.0
Occupation,http://data.europa.eu/esco/occupation/c593ded7-2e97-44a5-a5f3-f6115ff98233,2310.1.34,universitetslærer i politikk,0.0
Occupation,http://data.europa.eu/esco/occupation/7dea476a-dffe-4919-9ee2-fb222e283f41,2310.1.35,universitetslærer i psykologi,0.0
Occupation,http://data.europa.eu/esco/occupation/c90a6ebe-adcc-4395-9f5b-ff3e96e93cef,2310.1.36,universitetslærer i teologi,0.0
Occupation,http://data.europa.eu/esco/occupation/920c22e1-10a1-4afa-86b3-c43da8488391,2310.1.37,universitetslærer i sosialt arbeid,0.0
Occupation,http://data.europa.eu/esco/occupation/116b4c55-5bd0-41e9-9227-98d7ecffeaf6,2310.1.38,universitetslærer i sosiologi,0.0
Occupation,http://data.europa.eu/esco/occupation/8b128a08-606f-4bb1-806e-07e0ed98b40e,2310.1.39,universitetslærer i romvitenskap,0.0
Occupation,http://data.europa.eu/esco/occupation/9a7e780a-b778-4a5a-b4eb-309d394d313d,2310.1.40,universitetslærer i litteraturvitenskap,0.0
Occupation,http://data.europa.eu/esco/occupation/5ac65daa-0896-4193-9f0e-8b00746b78a1,2310.1.41,forskningsassistent på universitet,0.0
Occupation,http://data.europa.eu/esco/occupation/1092dd4c-b96b-4b3f-87fe-4a9e8d1937fb,2310.1.42,undervisningsassistent på universitet,0.0
Occupation,http://data.europa.eu/esco/occupation/3c305542-a51b-4b96-8d45-af11ca05eaa2,2310.1.43,universitetslærer i veterinærmedisin,0.0
Occupation,http://data.europa.eu/esco/occupation/684fd8d5-9b40-4b02-a680-438f0082d923,2310.1,lektor,0.0
Occupation,http://data.europa.eu/esco/occupation/3a55ef85-5abf-48e2-884b-5efaf881bfb1,2310.2,praksisveileder for sosialarbeidsstudenter,0.0
ISCO level 4,http://data.europa.eu/esco/isco/C2310,2310,Universitets- og høyskolelektorer/-lærere,0.003860340675313827
ISCO level 3,http://data.europa.eu/esco/isco/C232,232,Yrkesfaglærere,0.01894009296681494
Occupation,http://data.europa.eu/esco/occupation/91ba2935-f5c9-426d-8573-997b8b91e5ed,2320.1.1,"yrkesfaglærer i jordbruk, skogbruk og fiske",0.148936170212765
Occupation,http://data.europa.eu/esco/occupation/4553ecf8-1f0c-4bf1-8718-d8a6b95d6fc2,2320.1.2,flygelederinstruktør,0.0
Occupation,http://data.europa.eu/esco/occupation/853698f5-0f1e-42ae-9301-e5411a26dae2,2320.1.3,utdanningsoffiser i forsvaret,0.0
Occupation,http://data.europa.eu/esco/occupation/8289625a-c1c1-4a49-8ddd-37be4c3cd3fc,2320.1.4,yrkesfaglærer i pleie og omsorg,0.0
Occupation,http://data.europa.eu/esco/occupation/4d6d9057-5167-4158-8bc1-cc2f89d73fd7,2320.1.5,"yrkesfaglærer, skjønnhetspleie",0.0
Occupation,http://data.europa.eu/esco/occupation/3db35c88-bcb7-4de4-914a-9a9839a3c911,2320.1.6,yrkesfaglærer i bedriftsledelse,0.0
Occupation,http://data.europa.eu/esco/occupation/9a6d8a84-a8a9-4c9b-9ead-59a710e93759,2320.1.7,yrkesfaglærer i handel og markedsføring,0.0
Occupation,http://data.europa.eu/esco/occupation/d185c066-cddf-4a8c-a931-5eefc21fc2a1,2320.1.8,instruktør for kabinpersonale,0.0
Occupation,http://data.europa.eu/esco/occupation/9e1a31bf-2963-40f4-95af-cedc3fbac537,2320.1.9,yrkesfaglærer i kunsthåndverk,0.0196078431372549
Occupation,http://data.europa.eu/esco/occupation/46354077-416f-4440-a0c3-dddee9031c05,2320.1.10,yrkesfaglærer i energi og elektrisitet,0.145454545454545
Occupation,http://data.europa.eu/esco/occupation/591d1758-3036-407a-91f7-e0e1f5c9deea,2320.1.11,yrkesfaglærer i elektronikk og automasjon,0.0
Occupation,http://data.europa.eu/esco/occupation/b8139469-92cc-4f57-9e69-a0d9f7fc3817,2320.1.12,instruktør for brannmannskap,0.05
Occupation,http://data.europa.eu/esco/occupation/37c44fdd-eff0-4e16-b459-b3a81fe663ec,2320.1.13,"yrkesfaglærer, restaurant- og matfag",0.0
Occupation,http://data.europa.eu/esco/occupation/93f61216-b9c8-4051-bb1e-32839c1566c1,2320.1.14,"yrkesfaglærer, frisør",0.0
Occupation,http://data.europa.eu/esco/occupation/1801583e-34b3-4c89-97ac-db2a346b4a3e,2320.1.15,"yrkesfaglærer, hotell- og restaurantfag",0.024390243902439
Occupation,http://data.europa.eu/esco/occupation/46f9d58f-11bd-4d96-b000-ff4490d3009b,2320.1.16,yrkesfaglærer i verktøy- og maskinbruk,0.0
Occupation,http://data.europa.eu/esco/occupation/0599d0e7-398f-464b-97bb-427686f27d50,2320.1.17,lærer i maritime fag,0.0227272727272727
Occupation,http://data.europa.eu/esco/occupation/734bb387-ea3a-4c62-abc1-05f894d51921,2320.1.18,lærer i medisinsk laboratorieteknikk,0.0217391304347826
Occupation,http://data.europa.eu/esco/occupation/39d7dca7-5e0b-4308-889e-9e3d22a3cb56,2320.1.19,kjørelærer for yrkessjåfører,0.0
Occupation,http://data.europa.eu/esco/occupation/68dd0dfc-c8b0-4fd0-9a6e-b0864925fa56,2320.1.20,togførerinstruktør,0.0
Occupation,http://data.europa.eu/esco/occupation/e777fb61-16f5-476b-8262-578edfdb4d9d,2320.1.21,yrkesskolelærer i idrett,0.0
Occupation,http://data.europa.eu/esco/occupation/6b304370-0112-4881-a1bd-27d8df645d00,2320.1.22,lærer på politiskole,0.0
Occupation,http://data.europa.eu/esco/occupation/90a73720-642d-4f45-88e7-8f593a5e0df2,2320.1.23,yrkesfaglærer i transportteknologi,0.0
Occupation,http://data.europa.eu/esco/occupation/4eada7b3-5026-4030-936b-4a80aed37252,2320.1.24,yrkesfaglærer i hotell- og reiselivsfag,0.0232558139534883
Occupation,http://data.europa.eu/esco/occupation/81f8d141-3f67-4fb0-a349-db0147ef7b3a,2320.1,yrkesfaglærer,0.017391304347826
ISCO level 4,http://data.europa.eu/esco/isco/C2320,2320,Yrkesfaglærere,0.01894009296681494
ISCO level 3,http://data.europa.eu/esco/isco/C233,233,Lektorer mv (videregående skole),0.006020823821798379
Occupation,http://data.europa.eu/esco/occupation/80ec8f3e-2cda-4ea6-a382-ece99589ccdd,2330.1.1,kunstlærer i videregående skole,0.0
Occupation,http://data.europa.eu/esco/occupation/8d315e32-73f6-463d-a335-c200e0bac97d,2330.1.2,biologilærer i videregående skole,0.0188679245283018
Occupation,http://data.europa.eu/esco/occupation/80c72c55-556a-41b1-87ef-a29c3d2afa6e,2330.1.3,økonomilærer i videregående skole,0.0
Occupation,http://data.europa.eu/esco/occupation/ff142063-f89d-446d-92ac-9a3a124210a0,2330.1.4,kjemilærer i videregående skole,0.0192307692307692
Occupation,http://data.europa.eu/esco/occupation/2b6bb2d1-54b0-4feb-8c6c-8ba20adde1df,2330.1.5,lærer i klassiske språk i videregående skole,0.0
Occupation,http://data.europa.eu/esco/occupation/f6ca9392-708d-46cb-a2e9-51519595baa2,2330.1.6,dramalærer i videregående skole,0.0
Occupation,http://data.europa.eu/esco/occupation/89a3b3af-7264-4e00-9a14-21e5fbd4ee87,2330.1.7,geografilærer i videregående skolegeografilærer i videregående skole,0.0576923076923076
Occupation,http://data.europa.eu/esco/occupation/27e16eef-c7a6-4577-bc3f-727d01ec1958,2330.1.8,historielærer i videregående skole,0.0
Occupation,http://data.europa.eu/esco/occupation/0d595b87-a1fc-410c-abbe-88b92cb0d334,2330.1.9,IKT-lærer i videregående skole,0.0
Occupation,http://data.europa.eu/esco/occupation/c011a88b-95ab-46ad-ad30-539e3fc56092,2330.1.10,lærer i litteratur i videregående skole,0.0
Occupation,http://data.europa.eu/esco/occupation/f0e1cc13-48e0-4995-8699-ee43467bce0d,2330.1.11,matematikklærer i videregående skole,0.0
Occupation,http://data.europa.eu/esco/occupation/fb0c7da2-6d0e-4a3f-be3e-344f58f0e82d,2330.1.12,lærer i moderne språk i videregående skole,0.0
Occupation,http://data.europa.eu/esco/occupation/5b6c0c64-1321-4fe7-a274-3287c13b489c,2330.1.13,musikklærer i videregående skole,0.0
Occupation,http://data.europa.eu/esco/occupation/e8b93ce7-e39b-4261-a25a-9b84764eb724,2330.1.14,filosofilærer i videregående skole,0.0
Occupation,http://data.europa.eu/esco/occupation/a10849c1-f0d8-4600-bca6-9549c2517650,2330.1.15,idrettslærer i videregående skole,0.0
Occupation,http://data.europa.eu/esco/occupation/570d7e74-5c65-4a9a-95ba-f8c27025c5f4,2330.1.16,fysikklærer i videregående skole,0.0
Occupation,http://data.europa.eu/esco/occupation/35e42c87-faf7-465f-abe4-f26717996dd1,2330.1.17,religionslærer i videregående skole,0.0
Occupation,http://data.europa.eu/esco/occupation/1ad4012e-30e3-492c-b42c-09cff3047574,2330.1.18,naturfaglærer i videregående skole,0.0
Occupation,http://data.europa.eu/esco/occupation/5efb2c08-ba3a-4659-a2e4-1883f54e77b6,2330.1,lærer i videregående skole,0.0186046511627906
ISCO level 4,http://data.europa.eu/esco/isco/C2330,2330,Lektorer mv. (videregående skole),0.006020823821798379
ISCO level 3,http://data.europa.eu/esco/isco/C234,234,Grunnskole- og førskolelærere,0.0
Occupation,http://data.europa.eu/esco/occupation/3b755cda-c4b0-4fa1-8621-372f28ccc2e9,2341.1.1,lærer på Steiner-skole,0.0
Occupation,http://data.europa.eu/esco/occupation/03d79393-7b30-4159-945b-01963eddd302,2341.1,grunnskolelærer,0.0
ISCO level 4,http://data.europa.eu/esco/isco/C2341,2341,Grunnskolelærere,0.0
Occupation,http://data.europa.eu/esco/occupation/55d60ead-0343-4008-b9e4-fb4b5a179c83,2342.1,førskolelærer,0.0
Occupation,http://data.europa.eu/esco/occupation/8befd482-70e2-4d1e-8a09-091e15fe85c3,2342.2,lærer på Freinet-skole,0.0
Occupation,http://data.europa.eu/esco/occupation/76a950cb-3def-47f4-895d-555ad138657e,2342.3,lærer på Montessori-skole,0.0
ISCO level 4,http://data.europa.eu/esco/isco/C2342,2342,Førskolelærere,0.0
ISCO level 3,http://data.europa.eu/esco/isco/C235,235,Andre lærere,0.0015127426892132731
Occupation,http://data.europa.eu/esco/occupation/d89b23c2-d042-4ca6-a917-109fe5a0b30c,2351.1,læreplanadministrator,0.0
Occupation,http://data.europa.eu/esco/occupation/5a282a39-5346-454a-b1ef-c1217c50e156,2351.2,utdannelsesforsker,0.0
Occupation,http://data.europa.eu/esco/occupation/9b51a2d2-999a-43a6-a814-63dd30a585fa,2351.3,skoleinspektør,0.0
Occupation,http://data.europa.eu/esco/occupation/9a26d76b-b9e3-46ae-ab4b-057a1262138b,2351.4,"koordinator, spesialskole",0.0
ISCO level 4,http://data.europa.eu/esco/isco/C2351,2351,Spesialister i pedagogikk,0.0
Occupation,http://data.europa.eu/esco/occupation/02f1ae71-f89c-47b7-af2c-50d7ab1d9b8a,2352.1.1,lese- og skriveopplæring for voksne,0.0
Occupation,http://data.europa.eu/esco/occupation/b6beb46d-9ed2-4a66-9117-7e3f21f234dd,2352.1.2,støttepedagog i barnehage,0.0
Occupation,http://data.europa.eu/esco/occupation/114c5a6c-1869-4a67-8ec0-660ec303f8cc,2352.1.3,spesiallærer,0.0
Occupation,http://data.europa.eu/esco/occupation/622ccd55-910f-483d-8661-44c6162156bf,2352.1.4,"spesiallærer, hjemmeundervisning",0.0
Occupation,http://data.europa.eu/esco/occupation/f89b12a1-689f-4a4f-8695-abb620810f1e,2352.1.5,spesiallærer i grunnskole,0.0
Occupation,http://data.europa.eu/esco/occupation/034cad59-e666-4770-a7ef-a337257f8072,2352.1.6,spesiallærer i videregående skole,0.0
Occupation,http://data.europa.eu/esco/occupation/976cbfcc-8958-4800-a435-71d15405a42a,2352.1,"lærer, spesialskole",0.0
Occupation,http://data.europa.eu/esco/occupation/1044dedc-81d1-48b6-96b3-ced5393b2de1,2352.2,lærer for spesielt begavede elever,0.0
ISCO level 4,http://data.europa.eu/esco/isco/C2352,2352,Spesiallærere / spesialpedagoger,0.0
Occupation,http://data.europa.eu/esco/occupation/9711dcfc-d9a8-4fba-9c5e-8428d8bcb53e,2353.1,språkskolelærer,0.0
Occupation,http://data.europa.eu/esco/occupation/59c724f9-0cfe-4d51-8a7f-9ee182d9e2c2,2353.2,tegnspråklærer,0.0
ISCO level 4,http://data.europa.eu/esco/isco/C2353,2353,Andre språklærere,0.0
Occupation,http://data.europa.eu/esco/occupation/f235bc5a-dbf6-4f9e-bbdb-cf313d32b75b,2354.1,musikklærer,0.0
ISCO level 4,http://data.europa.eu/esco/isco/C2354,2354,Andre musikklærere,0.0
Occupation,http://data.europa.eu/esco/occupation/c2efadc4-6f47-4f34-997b-dd80aba609dd,2355.1,kunstformidlingsleder,0.0
Occupation,http://data.europa.eu/esco/occupation/b6c851d1-bf09-40aa-aa50-47dde84e7d50,2355.2,sirkuslærer,0.0
Occupation,http://data.europa.eu/esco/occupation/1eb56b85-af25-43d4-9e35-73d8ee78e228,2355.3,danselærer,0.0
Occupation,http://data.europa.eu/esco/occupation/cbde2432-cb7f-451f-a686-b22cad3957a6,2355.4,dramalærer,0.0
Occupation,http://data.europa.eu/esco/occupation/46db7e2e-d44d-412a-9a80-02d43111aca8,2355.5,fotolærer,0.0
Occupation,http://data.europa.eu/esco/occupation/72bcb223-da77-4ed5-a03a-796fd5ece728,2355.6,lærer i billedkunst,0.0181818181818181
ISCO level 4,http://data.europa.eu/esco/isco/C2355,2355,Andre lærere i estetiske fag,0.003030303030303017
Occupation,http://data.europa.eu/esco/occupation/4588cd69-e6a5-4668-94c7-f02a3d86a649,2356.1.1,it-lærer,0.0
Occupation,http://data.europa.eu/esco/occupation/9e657046-67ce-4e16-ab2e-ddb918638910,2356.1,IKT-lærer,0.0
ISCO level 4,http://data.europa.eu/esco/isco/C2356,2356,Andre IKT-lærere,0.0
Occupation,http://data.europa.eu/esco/occupation/abab3d6a-82b9-49bd-8a4b-7bc678130558,2359.1,studieveileder,0.0
Occupation,http://data.europa.eu/esco/occupation/2ddde737-28f3-444d-b1f8-ef12cc2df3c7,2359.2,"støttepedagog, akademisk utdannelse",0.0
Occupation,http://data.europa.eu/esco/occupation/6e1b1bd7-9eec-4f10-bce7-94a27d9023e8,2359.3,studieopptakskoordinator,0.0
Occupation,http://data.europa.eu/esco/occupation/20786e6d-36f0-4d1e-b033-05101fa71f3c,2359.4,realkompetansevurderer,0.0
Occupation,http://data.europa.eu/esco/occupation/4e82464b-e9d7-4d51-9116-294ab40c5169,2359.5,hjelpemiddelekspert,0.0181818181818181
Occupation,http://data.europa.eu/esco/occupation/a6517365-211c-456d-aca4-1a0115c7b1e1,2359.6,e-læringsarkitekt,0.0196078431372549
Occupation,http://data.europa.eu/esco/occupation/ec5b72d1-0206-4179-9abd-570c66bc44b9,2359.7,e-læringsutvikler,0.0
Occupation,http://data.europa.eu/esco/occupation/2412bbb1-29ca-4e17-a2b8-70694f0cb14f,2359.8,pedagogisk rådgiver,0.0
Occupation,http://data.europa.eu/esco/occupation/6afe39e2-2674-45db-b05c-a6cab02fe25b,2359.9,"lærer, etter- og videreutdanning",0.0
Occupation,http://data.europa.eu/esco/occupation/a9c30651-ccbc-4a80-900c-7880615cdf6e,2359.10,utvikler av opplæringsmateriell,0.0
Occupation,http://data.europa.eu/esco/occupation/3d0f86c1-9bdd-4e84-bc62-93a716128c8d,2359.11,studiementor,0.0
Occupation,http://data.europa.eu/esco/occupation/653374a9-a96e-4c5b-849f-62ae67b0ed62,2359.12,instruktør i fengsel,0.0
Occupation,http://data.europa.eu/esco/occupation/21f4eb29-f6e5-4623-acb9-f3ff9c2f525d,2359.13,instruktør i taleteknikk,0.0
Occupation,http://data.europa.eu/esco/occupation/59bce29f-5c8b-47cf-bfd4-6ec003f5323a,2359.14,privatlærer,0.0
ISCO level 4,http://data.europa.eu/esco/isco/C2359,2359,Andre lærere,0.002699261522790929
ISCO level 3,http://data.europa.eu/esco/isco/C241,241,Finansrådgivere,0.017831341066476443
Occupation,http://data.europa.eu/esco/occupation/caafca69-9faa-4850-8930-a3fa07fea4e6,2411.1.1,regnskapsanalytiker,0.0256410256410256
Occupation,http://data.europa.eu/esco/occupation/cd4f41a5-87a6-4b3c-8ee3-14e6f457c365,2411.1.2,revisjonsleder,0.027027027027027
Occupation,http://data.europa.eu/esco/occupation/d9723f33-7faf-4f8a-8a98-6b02d1e10f2b,2411.1.3,konkursforvalter,0.0
Occupation,http://data.europa.eu/esco/occupation/4e4a291d-1d38-4c5a-812a-5827d0691b11,2411.1.4,budsjettanalytiker,0.0
Occupation,http://data.europa.eu/esco/occupation/84871c2a-abd1-45eb-b03a-65e51a26fd84,2411.1.5,kostnadsanalytiker,0.0
Occupation,http://data.europa.eu/esco/occupation/dfa51b4d-0929-4885-b682-29e375c6b52c,2411.1.6,"finansanalytiker, utbytte",0.0
Occupation,http://data.europa.eu/esco/occupation/1ad59946-d13e-441e-9b36-56e1df055e21,2411.1.7,revisor,0.0
Occupation,http://data.europa.eu/esco/occupation/5e5b1b61-1351-4d3b-a293-deb3661715dd,2411.1.8,controller,0.0
Occupation,http://data.europa.eu/esco/occupation/a04eedcf-8424-475a-8dc5-f30a9da4b151,2411.1.9,"utreder, økonomisk svindel",0.0
Occupation,http://data.europa.eu/esco/occupation/89330b57-6a30-40e1-b623-50f47a4b0c34,2411.1.10,fondsjef,0.0357142857142857
Occupation,http://data.europa.eu/esco/occupation/78db356f-a96a-4456-ab29-2de62e52f830,2411.1.11,revisor innen offentlig forvaltning,0.0
Occupation,http://data.europa.eu/esco/occupation/59c22779-4d89-4bc9-ba8b-d64bea236723,2411.1.12,skatterådgiver,0.0
Occupation,http://data.europa.eu/esco/occupation/eda0d957-3c3c-4139-b89a-a18bc9e18897,2411.1,regnskapsfører,0.0
ISCO level 4,http://data.europa.eu/esco/isco/C2411,2411,Revisorer,0.006798641414026024
Occupation,http://data.europa.eu/esco/occupation/50760da6-abc3-424c-b159-8ddf0818e016,2412.1,verdivurderer,0.0
Occupation,http://data.europa.eu/esco/occupation/d2d451cc-e839-4192-be54-d7724814aa03,2412.2,rådgiver for bedriftsbank,0.0256410256410256
Occupation,http://data.europa.eu/esco/occupation/b09acdda-6680-49d1-a411-129610ee3bc0,2412.3,risikosjef,0.0425531914893617
Occupation,http://data.europa.eu/esco/occupation/d96de969-d43d-4082-8559-7fc35484a217,2412.4.1,ansvarlig for kunderelasjoner,0.0178571428571428
Occupation,http://data.europa.eu/esco/occupation/21de0f3b-a71a-4263-a9ba-90c5f3721b4d,2412.4,finansplanlegger,0.0
Occupation,http://data.europa.eu/esco/occupation/7a6ca615-a2bc-499d-8288-d186ce2594ea,2412.5,finansrisikoansvarlig,0.0
Occupation,http://data.europa.eu/esco/occupation/244a79eb-122b-4bee-8065-b4c39efce4ff,2412.6.1,investeringsrådgiver for bedriftskunder,0.0
Occupation,http://data.europa.eu/esco/occupation/934c3572-37f4-4cdd-a4a4-017f5f7809e4,2412.6.2,investeringsfondassistent,0.0
Occupation,http://data.europa.eu/esco/occupation/0ecedad1-1144-45ff-83db-a3c4db393036,2412.6.3,porteføljeforvalter,0.0980392156862745
Occupation,http://data.europa.eu/esco/occupation/4c715719-3c3f-4058-ba00-9b2ef34848e8,2412.6.4,sjef for investorrelasjoner,0.0217391304347826
Occupation,http://data.europa.eu/esco/occupation/38d9c76b-1a7b-4d65-879b-733ae7e9364e,2412.6,investeringsrådgiver,0.0833333333333333
Occupation,http://data.europa.eu/esco/occupation/b95bdbed-1e7e-482a-aa73-7bdbb3e36358,2412.7,forvalter av investeringsfond,0.087719298245614
Occupation,http://data.europa.eu/esco/occupation/7284ccbf-e2fd-4e2f-8bbf-bc54eab610d5,2412.8,formuesforvalter,0.0
Occupation,http://data.europa.eu/esco/occupation/de99886e-59e3-432d-ba53-9652dbe378d6,2412.9,finansieringssjef,0.0
Occupation,http://data.europa.eu/esco/occupation/4ed22a87-8478-4731-be11-5942eacb2e16,2412.10,"rådgiver, offentlige støtteordninger",0.0
Occupation,http://data.europa.eu/esco/occupation/659b0ffd-337c-4a1f-82e3-2730812279de,2412.11,risikokapitalinvestor,0.0
ISCO level 4,http://data.europa.eu/esco/isco/C2412,2412,Finans- og investeringsrådgivere,0.023555146105470905
Occupation,http://data.europa.eu/esco/occupation/1e331638-3f66-4641-9c49-56a94235f94c,2413.1.1,forsikringsanalytiker,0.0
Occupation,http://data.europa.eu/esco/occupation/b7f47c25-bdf3-42fa-a68e-ad32754b2dba,2413.1.2,investeringsanalytiker,0.116279069767441
Occupation,http://data.europa.eu/esco/occupation/18d2b37a-9c31-4393-833e-bc2f7b1ce52a,2413.1.3,"analytiker, virksomhetovertakelse og -fusjon",0.0
Occupation,http://data.europa.eu/esco/occupation/076d23f3-a689-4f1a-8b55-ae870c9aaa85,2413.1.4,securities analyst,0.0
Occupation,http://data.europa.eu/esco/occupation/8d586ee9-0ab1-4155-a3b0-2ca786c8e48c,2413.1,finansanalytiker,0.0425531914893617
Occupation,http://data.europa.eu/esco/occupation/276a4ff1-a67c-4677-9f20-dc85f1060e1b,2413.2,økonomiassistent,0.0
ISCO level 4,http://data.europa.eu/esco/isco/C2413,2413,Finansanalytikere,0.026472043542800455
ISCO level 3,http://data.europa.eu/esco/isco/C242,242,Administrasjonsrådgivere,0.04321980198863492
Occupation,http://data.europa.eu/esco/occupation/219d1c30-3849-4de3-b0d6-07da187b6521,2421.1.1,"kostnadsberegner, produksjon",0.0294117647058823
Occupation,http://data.europa.eu/esco/occupation/60082a99-d8ef-4e84-9290-78902681b6ed,2421.1,forretningsanalytiker,0.0377358490566037
Occupation,http://data.europa.eu/esco/occupation/6a29d804-f775-446c-bec7-35fc4e28ac97,2421.2,bedriftskonsulent,0.0555555555555555
Occupation,http://data.europa.eu/esco/occupation/207d7b18-6540-432e-8aa6-785ed434572f,2421.3,sjef for virksomhetsetterretning,0.0338983050847457
Occupation,http://data.europa.eu/esco/occupation/c9862fdd-53b7-4da9-b742-4302d704836c,2421.4,Lean-ansvarlig,0.0357142857142857
Occupation,http://data.europa.eu/esco/occupation/51cd3a7a-eae6-4dc6-9f24-179d7ec6d230,2421.5,logistikkanalytiker,0.06153846153846154
Occupation,http://data.europa.eu/esco/occupation/a520fba4-2a29-43a0-bfd5-43892306501d,2421.6,rådgiver for bygningsinformasjonsmodellering,0.0
Occupation,http://data.europa.eu/esco/occupation/a330b100-e651-4db1-bcf0-e9cbc025c614,2421.7,prosessansvarlig,0.04
Occupation,http://data.europa.eu/esco/occupation/8d463763-5d38-4f47-903c-1c4df32141c1,2421.8,smart city-konsulent,0.416666666666666
ISCO level 4,http://data.europa.eu/esco/isco/C2421,2421,Organisasjonsrådgivere mv.,0.07894676536913339
Occupation,http://data.europa.eu/esco/occupation/ffade2f4-2528-4dfd-b36a-6e4092be08ed,2422.1,leder i offentlig forvaltning,0.0
Occupation,http://data.europa.eu/esco/occupation/39e9fc8f-02bd-4577-b603-2dc96204ce74,2422.2,kommunal planlegger,0.0
Occupation,http://data.europa.eu/esco/occupation/65fb0b53-b8c4-4839-b099-c80b6de5a158,2422.3,koordinator for sysselsettingsprogram,0.037037037037037
Occupation,http://data.europa.eu/esco/occupation/643a2225-6a01-4899-81b0-e867ca09b9c9,2422.5,"inspektør, offentlig planlegging",0.0
Occupation,http://data.europa.eu/esco/occupation/61053604-8091-4a8e-9c63-5151051722e3,2422.6,helsekonsulent,0.0
Occupation,http://data.europa.eu/esco/occupation/3fa31588-2e4d-49c3-b839-4b615cc62742,2422.7,humanitær bistandsrådgiver,0.0
Occupation,http://data.europa.eu/esco/occupation/4ca8ba6c-dc55-40c0-ae6c-d55c94dd2e03,2422.8,etterretningsoffiser,0.0
Occupation,http://data.europa.eu/esco/occupation/7819669b-30c2-42e6-a1c4-0bcd6f0379ff,2422.9,leder for internasjonale forhold,0.0
Occupation,http://data.europa.eu/esco/occupation/8213b4bc-60ce-4ffc-9e00-9758fb2003c6,2422.10,overvåkings- og evalueringsmedarbeider,0.0204081632653061
Occupation,http://data.europa.eu/esco/occupation/d9004a14-bda2-4c63-ab64-17ca163ac1bd,2422.11,parlamentarisk assistent,0.0
Occupation,http://data.europa.eu/esco/occupation/98f17395-0f8c-4f51-9072-cb8f66fd6044,2422.12.1,landbrukspolitisk medarbeider,0.303030303030303
Occupation,http://data.europa.eu/esco/occupation/3826cb92-27f5-40ac-8dad-70af5abd6036,2422.12.2,konkurransepolitisk medarbeider,0.0
Occupation,http://data.europa.eu/esco/occupation/5fe1b340-9b02-4c40-bbc9-ffd4d5fb5699,2422.12.3,kulturpolitisk medarbeider,0.0
Occupation,http://data.europa.eu/esco/occupation/f817aab2-ec8a-45ec-88ef-c11e0f19fd85,2422.12.4,utdannelsespolitisk medarbeider,0.0
Occupation,http://data.europa.eu/esco/occupation/b5d2db88-9e2b-4efa-8f2f-0e62a494791e,2422.12.5,miljøpolitisk medarbeider,0.826086956521739
Occupation,http://data.europa.eu/esco/occupation/50e00fda-ac7c-4bc5-9f19-69a33ff3d6e7,2422.12.6,skattepolitisk medarbeider,0.0
Occupation,http://data.europa.eu/esco/occupation/f7450c1f-20b7-45dd-b3bb-25095830bf3f,2422.12.7,utenrikspolitisk medarbeider,0.0
Occupation,http://data.europa.eu/esco/occupation/01205776-db8d-4588-a6a6-56d0b9c660a9,2422.12.8,boligpolitisk medarbeider,0.0666666666666666
Occupation,http://data.europa.eu/esco/occupation/6b5e5aa6-9bf7-47e6-90d2-4d2187d47d11,2422.12.9,innvandringspolitisk medarbeider,0.0
Occupation,http://data.europa.eu/esco/occupation/a1ba7574-cc28-446c-9741-12d7fbb325cb,2422.12.10,arbeidsmarkedspolitisk medarbeider,0.0
Occupation,http://data.europa.eu/esco/occupation/5d601b40-7e0e-404e-bbff-bb98e147437c,2422.12.11,lovrådgiver,0.0
Occupation,http://data.europa.eu/esco/occupation/d4d6842b-27f0-4222-85db-c542acf6d434,2422.12.12,helsepolitisk medarbeider,0.0
Occupation,http://data.europa.eu/esco/occupation/fdf7b000-d923-4086-9660-eb8ee5e77ef0,2422.12.13,idretts- og kulturpolitisk medarbeider,0.0
Occupation,http://data.europa.eu/esco/occupation/2808c7ec-cdb1-4b48-8429-e160a418ed0c,2422.12.14,regionalpolitisk medarbeider,0.0
Occupation,http://data.europa.eu/esco/occupation/d6ef013f-57e9-4100-bbe5-3e4930664dee,2422.12.15,sosialpolitisk medarbeider,0.0
Occupation,http://data.europa.eu/esco/occupation/caf7b8fb-b2d6-46b7-bffa-bea7f8e4aed8,2422.12,politisk medarbeider,0.112068965517241
Occupation,http://data.europa.eu/esco/occupation/8bf76ba6-e661-4574-9887-4f2cb943835a,2422.13,politisk rådgiver,0.0
Occupation,http://data.europa.eu/esco/occupation/0561328b-875b-4ae2-9ba1-9af9049aef01,2422.14,kategorispesialist innen innkjøp,0.0294117647058823
Occupation,http://data.europa.eu/esco/occupation/cb4f98c8-6b8d-41d8-87eb-a2a2033a3a25,2422.15,spesialist på offentlige anskaffelser,0.0212765957446808
Occupation,http://data.europa.eu/esco/occupation/1a46d0f0-93d7-44d1-bff9-58e3f21bd4c4,2422.16,sosialpolitisk rådgiver,0.0
Occupation,http://data.europa.eu/esco/occupation/7b629a14-09d0-417e-8181-7683923b4e5e,2422.17,koordinator for idrettsprogram,0.0
Occupation,http://data.europa.eu/esco/occupation/c418ed9a-132f-48cd-ae5c-dd375070ee0e,2422.18,handelspolitisk medarbeider,0.0
ISCO level 4,http://data.europa.eu/esco/isco/C2422,2422,Høyere saksbehandlere i offentlig og privat virksomhet,0.04424957664027675
Occupation,http://data.europa.eu/esco/occupation/5d0cc30d-068a-424c-8463-f42872a7149e,2423.1,karriereveileder,0.0
Occupation,http://data.europa.eu/esco/occupation/e4112a88-973f-4c7a-97f5-2241e6b6833f,2423.2,jobb- og yrkesopplæringskonsulent,0.0
Occupation,http://data.europa.eu/esco/occupation/d3e32e5e-7f24-48e3-b939-e4f800eb62fb,2423.3,personalkonsulent,0.0
Occupation,http://data.europa.eu/esco/occupation/20b9f370-6b56-4679-8c06-c23b866a5bd0,2423.4,tillitsvalgt,0.0
Occupation,http://data.europa.eu/esco/occupation/6d03eaef-1ce5-4a1e-bb41-0908e1af1b65,2423.5,yrkesanalytiker,0.0
Occupation,http://data.europa.eu/esco/occupation/068370e0-9c27-4814-87d0-44fbb3140815,2423.6,rekrutteringskonsulent,0.0
Occupation,http://data.europa.eu/esco/occupation/1fce1be0-bf52-449b-9a2b-3f2cc710290a,2423.7,kompensasjonsanalytiker,0.0344827586206896
ISCO level 4,http://data.europa.eu/esco/isco/C2423,2423,Personal- og karriererådgivere,0.004926108374384229
Occupation,http://data.europa.eu/esco/occupation/d9612966-e295-4d81-ba2b-9f36bad0b392,2424.1,forretningsrådgiver,0.0
Occupation,http://data.europa.eu/esco/occupation/0ba06640-e0ac-4911-9e43-289a8e41651e,2424.2,personalutviklingscoach,0.0
ISCO level 4,http://data.europa.eu/esco/isco/C2424,2424,Rådgivere innen kompetanseutvikling,0.0
ISCO level 3,http://data.europa.eu/esco/isco/C243,243,Rådgivere innen salg,0.025082451844668053
Occupation,http://data.europa.eu/esco/occupation/b1ab3572-fa2f-4624-8eac-3c3d986d237b,2431.1,"tekstforfatter, reklame",0.0
Occupation,http://data.europa.eu/esco/occupation/4795d4e3-c623-47ff-abab-7de97fcb764e,2431.2,reklamekonsulent,0.0
Occupation,http://data.europa.eu/esco/occupation/e01719f4-d7dd-42fe-b504-93128520f84a,2431.3,markedsføringsspesialist,0.0
Occupation,http://data.europa.eu/esco/occupation/de80bbf0-447d-4a6a-845a-fdba4e0dc30c,2431.4,varemerkesjef,0.0232558139534883
Occupation,http://data.europa.eu/esco/occupation/b76178c0-a03a-4793-b079-1e61e636c521,2431.5,forretningsutvikler,0.027027027027027
Occupation,http://data.europa.eu/esco/occupation/725090a7-9943-4dae-8079-a6999d21ddba,2431.6,sjef for kunderelasjoner,0.0333333333333333
Occupation,http://data.europa.eu/esco/occupation/d2db926b-8b14-4686-9c98-fb0dc3a38cbb,2431.7,kreativ direktør,0.0
Occupation,http://data.europa.eu/esco/occupation/9c9752b7-3e3b-4a08-8553-b63a013f8072,2431.8,ansvarlig for kundeopplevelser,0.122448979591836
Occupation,http://data.europa.eu/esco/occupation/002da35b-7808-43f3-83bf-63596b8b351f,2431.9,"økonomiansvarlig, hotell",0.0
Occupation,http://data.europa.eu/esco/occupation/b55718eb-e8ff-4485-8ad0-bbac32cbd77b,2431.10.1,medieplanlegger,0.0
Occupation,http://data.europa.eu/esco/occupation/586fe133-1987-41f4-b89a-f39d4bc58e1e,2431.10.2,e-handelsmarkedsfører,0.0
Occupation,http://data.europa.eu/esco/occupation/47e81c7f-2d04-4a60-a8ff-9913c36d8344,2431.10.3,markedsføringsassistent,0.0
Occupation,http://data.europa.eu/esco/occupation/356227b9-2263-4dbd-81e9-7dfc6d3f3af7,2431.10.4,onlinemarkedsfører,0.0
Occupation,http://data.europa.eu/esco/occupation/4791e217-d607-40d5-9f84-df1d0a071cbc,2431.10,markedsføringskonsulent,0.0
Occupation,http://data.europa.eu/esco/occupation/66fb9704-0d56-4673-8e69-7823816b73e1,2431.11,markedsanalytiker,0.0
Occupation,http://data.europa.eu/esco/occupation/4ae470fc-bcf8-4704-abd5-e086ebb1552c,2431.12,medlemsleder,0.032258064516129
Occupation,http://data.europa.eu/esco/occupation/4163b31e-440b-4991-b5c3-48d0515250ef,2431.13,nettverksmarkedsfører,0.0
Occupation,http://data.europa.eu/esco/occupation/e16c2422-1323-4d8a-bd0f-c7584de70be1,2431.14,prissettingsspesialist,0.0
Occupation,http://data.europa.eu/esco/occupation/e5a63940-57d3-4065-8713-74b4e2c93063,2431.15,sjef for produkter og tjenesteytelser,0.0
Occupation,http://data.europa.eu/esco/occupation/21af40bb-2ae3-4fc7-9b28-d2cdd8308912,2431.16,salgskampanjeassistent,0.0
Occupation,http://data.europa.eu/esco/occupation/133ab775-f08d-4bc7-8629-89d286180f4e,2431.17,employer branding-leder,0.0
ISCO level 4,http://data.europa.eu/esco/isco/C2431,2431,Reklame- og markedsføringsrådgivere,0.011348724686753029
Occupation,http://data.europa.eu/esco/occupation/98358049-fbcd-479e-a644-e92bde5af2e0,2432.1,aktivist,0.0
Occupation,http://data.europa.eu/esco/occupation/82fe0140-7069-47f9-a7d4-d63a611cb5bd,2432.2,valgkampsleder,0.0
Occupation,http://data.europa.eu/esco/occupation/c2e6609d-0abe-4a38-b295-e06edbd52e82,2432.3,innsamlingsansvarlig,0.0227272727272727
Occupation,http://data.europa.eu/esco/occupation/903dc1bf-2da8-477d-83b2-687d360cf1da,2432.4,tverrkulturell kommunikasjonsrådgiver,0.0
Occupation,http://data.europa.eu/esco/occupation/137b1d11-c4bc-4016-89ba-45345d4c71f0,2432.5,leder for nettfellesskap,0.0307692307692307
Occupation,http://data.europa.eu/esco/occupation/13427968-250b-4967-a682-afac5cd0af4f,2432.6.1,valgmedarbeider,0.0
Occupation,http://data.europa.eu/esco/occupation/3e213d52-e7a0-4980-99d9-23da1f717f50,2432.6,politisk kampanjemedarbeider,0.0
Occupation,http://data.europa.eu/esco/occupation/f6811475-94d4-4d13-8d5f-f173978ae7ec,2432.7,partisekretær,0.0
Occupation,http://data.europa.eu/esco/occupation/9e285322-2cfa-430f-9b66-41be57d698e2,2432.8,PR-konsulent,0.0
Occupation,http://data.europa.eu/esco/occupation/b89ba3a8-f03a-46b8-ac54-c87d7204aad0,2432.9.1,talsperson,0.0285714285714285
Occupation,http://data.europa.eu/esco/occupation/c0489e22-6a1b-4e52-974a-eb71bbb42134,2432.9,PR-kontakt,0.0333333333333333
ISCO level 4,http://data.europa.eu/esco/isco/C2432,2432,Informasjonsrådgivere,0.010491024127387746
Occupation,http://data.europa.eu/esco/occupation/98e58946-3227-4f6c-a5d1-5892fe76883d,2433.1,"servicetekniker, ettersalg",0.0
Occupation,http://data.europa.eu/esco/occupation/ab762f91-d737-485f-a85c-67cab92dee01,2433.2,selger av medisinsk utstyr,0.0277777777777777
Occupation,http://data.europa.eu/esco/occupation/114e1eff-215e-47df-8e10-45a5b72f8197,2433.3,"konsulent, fornybar energi",0.520833333333333
Occupation,http://data.europa.eu/esco/occupation/8529edc5-96ad-4cde-b34a-f86ad3753e4d,2433.4,salgsingeniør,0.0
Occupation,http://data.europa.eu/esco/occupation/fd4b90ed-6bb4-447e-b13a-afb8015700b3,2433.5,selger innen solenergi,0.295454545454545
Occupation,http://data.europa.eu/esco/occupation/2d6a1cc1-cd13-42c5-a2b1-f0183bd0d253,2433.6.1,teknisk selger innen landbruksmaskiner og -utstyr,0.0
Occupation,http://data.europa.eu/esco/occupation/bf2ca3bb-5fa5-41d9-a039-949cad61616d,2433.6.2,teknisk selger innen kjemiske produkter,0.0
Occupation,http://data.europa.eu/esco/occupation/4a13bafa-a2ac-4864-a278-176ea5969280,2433.6.3,teknisk selger innen jernvare- og VVS-utstyr,0.0
Occupation,http://data.europa.eu/esco/occupation/b6f4573d-659f-49ca-a885-850a48d01913,2433.6.4,teknisk selger innen maskiner og industrielt utstyr,0.0
Occupation,http://data.europa.eu/esco/occupation/52fcfdb9-9dcf-4591-aba5-45337f791a10,2433.6.5,"teknisk selger innen gruve-, bygg- og anleggsmaskiner",0.0
Occupation,http://data.europa.eu/esco/occupation/e6c298a4-62de-4b62-b48e-c5fdca8f6071,2433.6.6,teknisk selger innen kontormaskiner og -utstyr,0.0
Occupation,http://data.europa.eu/esco/occupation/d19932b3-169a-4cdf-a9cd-bdf8857b0184,2433.6.7,teknisk selger innen tekstilindustrimaskiner,0.0
Occupation,http://data.europa.eu/esco/occupation/c956be07-53a3-4b01-b8f8-f0c5a428eaa8,2433.6,teknisk selger,0.0
ISCO level 4,http://data.europa.eu/esco/isco/C2433,2433,Salgskonsulenter innen tekniske og medisinske produkter,0.06492812742812737
Occupation,http://data.europa.eu/esco/occupation/89b85c45-ddc7-4fe1-be5a-d3db2be11f3b,2434.1,IKT-kundeansvarlig,0.0
Occupation,http://data.europa.eu/esco/occupation/57b459d4-655c-4053-b189-3c249ce33faf,2434.2,sjef for IKT-forretningsutvikling,0.03125
Occupation,http://data.europa.eu/esco/occupation/16605833-c196-48d7-a6f5-bbdebdc353df,2434.3,"IKT-ingeniør, forhåndssalg",0.0
Occupation,http://data.europa.eu/esco/occupation/6e591f17-65c1-4a24-af2a-ca7862d4625e,2434.4,teknisk selger innen elektronikk og telekommunikasjonsutstyr,0.0
ISCO level 4,http://data.europa.eu/esco/isco/C2434,2434,Salgskonsulenter innen IKT-produkter,0.0078125
ISCO level 3,http://data.europa.eu/esco/isco/C251,251,Programvare- og applikasjonsutviklere/analytikere,0.00883754767255653
Occupation,http://data.europa.eu/esco/occupation/e3229e40-f571-4b26-baca-29edc8fe313e,2511.1,dataingeniør,0.0
Occupation,http://data.europa.eu/esco/occupation/1c5a45b9-440e-4726-b565-16a952abd341,2511.2,datasyntekniker,0.0
Occupation,http://data.europa.eu/esco/occupation/d3edb8f8-3a06-47a0-8fb9-9b212c006aa2,2511.3,dataanalytiker,0.0
Occupation,http://data.europa.eu/esco/occupation/258e46f9-0075-4a2e-adae-1ff0477e0f30,2511.4,forsker innen datavitenskap,0.0
Occupation,http://data.europa.eu/esco/occupation/10469d70-78a3-4650-9e29-d04de13c62c1,2511.5,utvikler av innebygd systemer,0.0
Occupation,http://data.europa.eu/esco/occupation/2bef94db-0088-4507-982a-2ca717529adb,2511.6,virksomhetsarkitekt,0.0109890109890109
Occupation,http://data.europa.eu/esco/occupation/22987b58-dbfa-4ecd-ae3f-82dd209255f6,2511.7,IKT-miljøkonsulent,0.407407407407407
Occupation,http://data.europa.eu/esco/occupation/4b3201cb-ffc5-4f61-9fc3-5c0f0038fa5f,2511.8,sjef for IKT-forretningsanalyse,0.0
Occupation,http://data.europa.eu/esco/occupation/fe0fa514-b48d-4a53-9757-a283c0baacf0,2511.9,IKT-forretningsanalytiker,0.0
Occupation,http://data.europa.eu/esco/occupation/b1c80369-067e-4041-84c8-dbe65640a5d8,2511.10,IKT-konsulent,0.0
Occupation,http://data.europa.eu/esco/occupation/35553663-deab-4d9a-bf22-15c1625d28e8,2511.11,ingeniør innen kunstig intelligens,0.0112359550561797
Occupation,http://data.europa.eu/esco/occupation/6e92d4b5-3167-4166-802f-da7753951a31,2511.12,IT-forskningskonsulent,0.0
Occupation,http://data.europa.eu/esco/occupation/a6a0b60f-08da-4faa-bf54-942987efb471,2511.13,IKT-systemanalytiker,0.0
Occupation,http://data.europa.eu/esco/occupation/78faf623-2543-43a5-acb2-3c43a22d36e4,2511.14.1,blokkjedearkitekt,0.0175438596491228
Occupation,http://data.europa.eu/esco/occupation/e1c72b5f-4c5c-487c-a6df-e84b64a51dae,2511.14,IKT-systemarkitekt,0.0
Occupation,http://data.europa.eu/esco/occupation/a7c1d23d-aeca-4bee-9a08-5993ed98b135,2511.15,IKT-systemutvikler,0.0
Occupation,http://data.europa.eu/esco/occupation/bd9d395a-d587-45c6-8d72-ceef226df9e1,2511.16,IKT-systemintegrasjonskonsulent,0.0
Occupation,http://data.europa.eu/esco/occupation/07e60525-1aad-4099-aaf3-2c7014c92212,2511.17,"ingeniør, integreringsteknologi",0.0
Occupation,http://data.europa.eu/esco/occupation/cdd3d773-75a4-4f35-bd1d-1ac720afcf9d,2511.18,IT-kontrollør,0.0
Occupation,http://data.europa.eu/esco/occupation/faed411a-f920-4100-86a8-b877928b429c,2511.19,brukeropplevelsesanalytiker,0.0222222222222222
Occupation,http://data.europa.eu/esco/occupation/2079755f-d809-49e6-8037-4de6180e54c0,2511.20,dataingeniør,0.0
ISCO level 4,http://data.europa.eu/esco/isco/C2511,2511,Systemanalytikere/-arkitekter,0.022352307396378217
Occupation,http://data.europa.eu/esco/occupation/349ee6f6-c295-4c38-9b98-48765b55280e,2512.1,skytekniker,0.0
Occupation,http://data.europa.eu/esco/occupation/04ba4d6c-957d-417f-bf63-5b9e015a9f86,2512.2,programvareanalytiker,0.0
Occupation,http://data.europa.eu/esco/occupation/d0aa0792-4345-474b-9365-686cf4869d2e,2512.3,programvarearkitekt,0.0
Occupation,http://data.europa.eu/esco/occupation/24135b84-cbdd-4d42-9ed2-02fd982d15b2,2512.4.1,blokkjedeutvikler,0.0166666666666666
Occupation,http://data.europa.eu/esco/occupation/f2b15a0e-e65a-438a-affb-29b9d50b77d1,2512.4,programvareutvikler,0.0
Occupation,http://data.europa.eu/esco/occupation/866c7813-2c03-47d7-9bdc-192cfbace57c,2512.5,brukergrensesnittutvikler,0.0
Occupation,http://data.europa.eu/esco/occupation/2fb96c6c-8d0b-4ef0-b1ee-3e493305e4eb,2512.6,skyarkitekt,0.0
Occupation,http://data.europa.eu/esco/occupation/cc867bee-ab5c-427f-9244-f7a204d9574b,2512.7,DevOps-skyingeniør,0.0
Occupation,http://data.europa.eu/esco/occupation/781a6350-e686-45b9-b075-e4c8d5a05ff7,2512.8,utvikler av skyprogramvare,0.0
Occupation,http://data.europa.eu/esco/occupation/6ce5f7e3-a534-4aa2-ab23-255408ddb53a,2512.9,IoT-utvikler,0.0
ISCO level 4,http://data.europa.eu/esco/isco/C2512,2512,Programvareutviklere,0.00166666666666666
Occupation,http://data.europa.eu/esco/occupation/9ebaf3f0-0be0-47b7-b2b1-b3b04130fa81,2513.1,dataspillutvikler,0.0
Occupation,http://data.europa.eu/esco/occupation/092fdeeb-a76f-4ed2-b248-90fd6eaaffef,2513.2,"optimaliseringsekspert, søkemotorer",0.0
Occupation,http://data.europa.eu/esco/occupation/96e20037-0a25-4bf6-a25e-808d1605d890,2513.3,brukergrensesnittdesigner,0.0
Occupation,http://data.europa.eu/esco/occupation/a74f6c51-37e5-423e-aa5b-044e98663027,2513.4,ansvarlig for webinnhold,0.0
Occupation,http://data.europa.eu/esco/occupation/c40a2919-48a9-40ea-b506-1f34f693496d,2513.5,webutvikler,0.0
ISCO level 4,http://data.europa.eu/esco/isco/C2513,2513,Nett- og multimediautviklere,0.0
Occupation,http://data.europa.eu/esco/occupation/456ed487-02f2-45c9-9213-d0fd8e9a069d,2514.1,IKT-applikasjonskonfigurator,0.0
Occupation,http://data.europa.eu/esco/occupation/57af9090-55b4-4911-b2d0-86db01c00b02,2514.2.1,"programvareutvikler, innebygde systemer",0.0
Occupation,http://data.europa.eu/esco/occupation/2ed56c3f-61d6-4f7e-9ef8-8849eb102e4c,2514.2.2,mobilapputvikler,0.0
Occupation,http://data.europa.eu/esco/occupation/bd272aee-adc9-4a06-a15c-a73b4b4a46a7,2514.2,IKT-programutvikler,0.0
Occupation,http://data.europa.eu/esco/occupation/bb6198c4-1d3e-40b9-9cc4-ad2dd9d7c74b,2514.3,utvikler av programvare for mobile enheter,0.0
Occupation,http://data.europa.eu/esco/occupation/6e5ceba0-df96-465f-adb4-2e06ae715d43,2514.4,"programmerer, numeriske verktøy og numerisk prosesstyring",0.0
Occupation,http://data.europa.eu/esco/occupation/cc325a8f-702e-4bf0-893f-5b5d456475ad,2514.5,cloud identity-administrator,0.0
ISCO level 4,http://data.europa.eu/esco/isco/C2514,2514,Applikasjonsprogrammerere,0.0
Occupation,http://data.europa.eu/esco/occupation/7086d0ca-1e77-4690-89c9-7ed1a0478fa3,2519.1,spesialist i datakvalitet,0.0
Occupation,http://data.europa.eu/esco/occupation/76a1a76c-b014-4600-8901-56cb936de7ed,2519.2,IKT-revisjonsleder,0.0
Occupation,http://data.europa.eu/esco/occupation/3b1ea27c-781c-41eb-821f-214285260dd2,2519.3,IKT-endrings- og -konfigurasjonsleder,0.0
Occupation,http://data.europa.eu/esco/occupation/102e75c8-3b47-4964-9b47-30a980aed25c,2519.4,IKT-katastrofegjenopprettingsanalytiker,0.0
Occupation,http://data.europa.eu/esco/occupation/a28dff76-74df-46ee-929f-d1fffbb63cd7,2519.5,sjef for IKT-kvalitetssikring,0.0
Occupation,http://data.europa.eu/esco/occupation/0ab5c12c-c1c1-4772-8345-aa287d0e391d,2519.6,IKT-testanalytiker,0.0
Occupation,http://data.europa.eu/esco/occupation/33e4f026-a823-4ffc-99e4-60d3fe597a1e,2519.7.1,dataspilltester,0.0
Occupation,http://data.europa.eu/esco/occupation/50af07f0-7a75-424e-a66d-5a9deea10f4c,2519.7.2,IKT-tilgjengelighetstester,0.0
Occupation,http://data.europa.eu/esco/occupation/731f38f1-b08f-4dd5-a25e-f8627c038273,2519.7.3,IKT-integrasjonstester,0.0
Occupation,http://data.europa.eu/esco/occupation/52d5edc9-7902-4cd3-8b06-6bd77c98d440,2519.7.4,IKT-systemtester,0.0
Occupation,http://data.europa.eu/esco/occupation/5f50290d-f520-4a69-85c7-1390d2a4a8b6,2519.7.5,IKT-brukbarhetstester,0.0
Occupation,http://data.europa.eu/esco/occupation/106f79e4-6264-45f1-9e7a-297435cd684b,2519.7,programvaretester,0.0
ISCO level 4,http://data.europa.eu/esco/isco/C2519,2519,Andre programvare- og applikasjonsutviklere,0.0
ISCO level 3,http://data.europa.eu/esco/isco/C252,252,Databasedesignere,0.0023319523865095093
Occupation,http://data.europa.eu/esco/occupation/8c57af09-719c-42b3-be40-6ed4946236cc,2521.1,databaseadministrator,0.0
Occupation,http://data.europa.eu/esco/occupation/8d9ec84d-cf2d-4179-87bc-335cda54a427,2521.2,databasedesigner,0.0
Occupation,http://data.europa.eu/esco/occupation/b11e1742-5e28-4270-b081-b0193d85ee7d,2521.3,databaseutvikler,0.0
Occupation,http://data.europa.eu/esco/occupation/3d190639-90f8-4402-b1b3-a104a17e0d67,2521.4,databaseintegrerer,0.0
Occupation,http://data.europa.eu/esco/occupation/1562c7a3-c7d9-419d-b9b6-db26610bcf84,2521.5,datavarehusutvikler,0.00909090909090909
ISCO level 4,http://data.europa.eu/esco/isco/C2521,2521,Databasedesignere og -administratorer,0.0018181818181818182
Occupation,http://data.europa.eu/esco/occupation/81480b40-a318-47f3-9b2c-56b69ed67d95,2522.1.1,IKT-nettverksadministrator,0.0
Occupation,http://data.europa.eu/esco/occupation/98c3d8f8-e3a8-49b7-9e58-236f25a6f6a0,2522.1.2,systemkoordinator,0.0
Occupation,http://data.europa.eu/esco/occupation/9e2e6e1e-363b-4e1b-a673-7bc0f7343300,2522.1,IKT-systemadministrator,0.0
ISCO level 4,http://data.europa.eu/esco/isco/C2522,2522,Systemadministratorer,0.0
Occupation,http://data.europa.eu/esco/occupation/4543bf7b-8ffb-4ade-88b9-58da34366f04,2523.1,IKT-kapasitetsplanlegger,0.0
Occupation,http://data.europa.eu/esco/occupation/e0b544dd-b621-4126-a55e-054af25c6ea0,2523.2,IKT-nettverksarkitekt,0.0
Occupation,http://data.europa.eu/esco/occupation/cf2b03cd-feb7-4f47-90f6-ff1ed6016d3d,2523.3,IKT-nettverksingeniør,0.0
ISCO level 4,http://data.europa.eu/esco/isco/C2523,2523,Nettverksansvarlige,0.0
Occupation,http://data.europa.eu/esco/occupation/276ba420-ef09-4a0e-b215-2c2e2f80ad28,2529.1,sjef for IKT-sikkerhet,0.0
Occupation,http://data.europa.eu/esco/occupation/0c448a27-10ec-43ba-b880-d9938bade424,2529.2,ekspert innen dataetterforskning,0.0
Occupation,http://data.europa.eu/esco/occupation/1c5a896a-e010-4217-a29a-c44db26e25da,2529.3,sikkerhetstekniker for innebygde systemer,0.024390243902439
Occupation,http://data.europa.eu/esco/occupation/76ef0a87-6afe-4560-b5d0-9a086abe45c5,2529.4,etisk hacker,0.0
Occupation,http://data.europa.eu/esco/occupation/a99b38bc-6e71-4bef-b127-0f2b5e357815,2529.5,ansvarlig for IKT-fleksibilitet,0.0
Occupation,http://data.europa.eu/esco/occupation/0464b062-cea6-4164-b10d-956c61956ae7,2529.6,IKT-sikkerhetsadministrator,0.0
Occupation,http://data.europa.eu/esco/occupation/0ce5a9f4-e00a-4bbe-b255-3c63407167a4,2529.7,håndterer av cyberhendelser,0.0131578947368421
Occupation,http://data.europa.eu/esco/occupation/7754d570-9519-48c2-b1c9-8e165f8bca0f,2529.8,risikoansvarlig for cybersikkerhet,0.0
Occupation,http://data.europa.eu/esco/occupation/812c217d-32b7-4f6a-9faf-993d3577ac7f,2529.9,kunnskapsingeniør,0.0
ISCO level 4,http://data.europa.eu/esco/isco/C2529,2529,Sikkerhetsanalytikere mv.,0.004172015404364567
ISCO level 3,http://data.europa.eu/esco/isco/C261,261,Juridiske yrker,0.010146108929455283
Occupation,http://data.europa.eu/esco/occupation/fdfce14e-992d-4ff4-9f9d-7a353c75654e,2611.1.1,bedriftsjurist,0.0606060606060606
Occupation,http://data.europa.eu/esco/occupation/acf462a3-9c34-46cb-952a-c612c38299f4,2611.1.2,anklager,0.0
Occupation,http://data.europa.eu/esco/occupation/974d4eab-fbee-4c52-b16e-73bdd8c25b53,2611.1,advokat,0.0404040404040404
ISCO level 4,http://data.europa.eu/esco/isco/C2611,2611,Jurister og advokater,0.03367003367003366
Occupation,http://data.europa.eu/esco/occupation/353c19d6-62d6-4dfc-85e9-f59d219d457c,2612.1.1,høyesterettsdommer,0.0
Occupation,http://data.europa.eu/esco/occupation/07bd65d7-c13f-443a-bdf6-88903f3822be,2612.1,dommer,0.0
ISCO level 4,http://data.europa.eu/esco/isco/C2612,2612,Dommere,0.0
Occupation,http://data.europa.eu/esco/occupation/2c9939ef-ebab-4111-8f27-605ae8782791,2619.1,kontraktsleder,0.032258064516129
Occupation,http://data.europa.eu/esco/occupation/c6c48286-2037-47e3-a132-b745dce858e2,2619.2,rettsmedisiner,0.0
Occupation,http://data.europa.eu/esco/occupation/76884a72-d8b8-4819-bd40-71d6420a9a42,2619.3,jurykoordinator,0.0
Occupation,http://data.europa.eu/esco/occupation/1619d7f3-7d95-407c-a20e-47745bfcde73,2619.4,personvernombud,0.0
Occupation,http://data.europa.eu/esco/occupation/246dda29-70f6-408b-b205-aa17b2ffb168,2619.5,valgobservatør,0.0
Occupation,http://data.europa.eu/esco/occupation/8801ef16-92a4-4889-8f80-9b78206c7ec0,2619.6,menneskerettighetskonsulent,0.0
Occupation,http://data.europa.eu/esco/occupation/31854d78-3615-43a4-aa3a-c597ecb20ceb,2619.7,juridisk konsulent,0.0
Occupation,http://data.europa.eu/esco/occupation/7b89d3e0-c6fb-4c95-bf0d-3b4acf05f9d6,2619.8,lovtekstskriver,0.0
Occupation,http://data.europa.eu/esco/occupation/403be630-8d1e-43b7-9f07-098aca5bb689,2619.9,megler,0.0
Occupation,http://data.europa.eu/esco/occupation/d21890a3-cbe9-49df-9a19-a4120d866548,2619.10,notar,0.0
Occupation,http://data.europa.eu/esco/occupation/666846b2-01ce-43f6-8cb7-f3be09fac4a2,2619.11,ombud,0.0
Occupation,http://data.europa.eu/esco/occupation/779d13be-60b4-48f3-a339-fe483be96c7f,2619.12,reguleringssjef,0.0392156862745098
ISCO level 4,http://data.europa.eu/esco/isco/C2619,2619,Andre juridiske yrker,0.0059561458992199
ISCO level 3,http://data.europa.eu/esco/isco/C262,262,Bibliotekarer,0.008539944903581264
Occupation,http://data.europa.eu/esco/occupation/e3b08984-19fe-4d51-a1b0-990676fc7234,2621.1,arkivar,0.0
Occupation,http://data.europa.eu/esco/occupation/96be6ac3-5932-4bfc-933d-84b267d0d486,2621.2,"samlingsansvarlig, kunst",0.0
Occupation,http://data.europa.eu/esco/occupation/7556c748-15b4-4e44-97d9-00d885d4cd7d,2621.3,konservator,0.0606060606060606
Occupation,http://data.europa.eu/esco/occupation/fb022de4-920a-4eb0-80f9-fbb8ecfc36b1,2621.4,sjefarkivar for kultur,0.0
Occupation,http://data.europa.eu/esco/occupation/b9b47087-6045-405d-b769-6a0c94e2eb84,2621.5,ansvarlig for publikumstjenester ved kulturinstitusjon,0.0
Occupation,http://data.europa.eu/esco/occupation/691d30cc-6b2c-4025-89b4-3e719fe664c7,2621.6,kurator for museum eller galleri,0.0
Occupation,http://data.europa.eu/esco/occupation/8f324afc-6ae8-48f5-af68-0fac08024fd1,2621.7,kunstregistrar,0.0
Occupation,http://data.europa.eu/esco/occupation/a63733fa-f7ff-4733-8961-1ec4eeaab00b,2621.8,museumstekniker,0.0
Occupation,http://data.europa.eu/esco/occupation/e7417f4f-7072-4b07-a71f-71f6fc7f5e5b,2621.9,dyreregistrator,0.0
ISCO level 4,http://data.europa.eu/esco/isco/C2621,2621,Arkivarer og kuratorer,0.006734006734006734
Occupation,http://data.europa.eu/esco/occupation/3765a20d-5160-4e8f-82f1-ad7872b9db24,2622.1,informasjonssjef,0.0333333333333333
Occupation,http://data.europa.eu/esco/occupation/60f7eb23-a7ea-4cbe-98a5-1248291f62d5,2622.2,bibliotekar,0.0
ISCO level 4,http://data.europa.eu/esco/isco/C2622,2622,Bibliotekarer og andre informasjonsarbeidere,0.01666666666666665
ISCO level 3,http://data.europa.eu/esco/isco/C263,263,Samfunnsvitenskapelige,0.00393871515819744
Occupation,http://data.europa.eu/esco/occupation/394a4bdd-7032-4d87-89a2-9d937cebdd09,2631.1,finanspolitisk medarbeider,0.0
Occupation,http://data.europa.eu/esco/occupation/12ff7f9c-c5b5-4d4a-b585-c350dd1400eb,2631.2.1,forsker i bedriftsøkonomi,0.0
Occupation,http://data.europa.eu/esco/occupation/56afc09a-75a0-49c7-a5cb-256df45d8f2d,2631.2.2,økonomisk rådgiver,0.0256410256410256
Occupation,http://data.europa.eu/esco/occupation/9e1e8379-6377-4969-b141-0d2337218fc9,2631.2.3,økonomisk utviklingskoordinator,0.0344827586206896
Occupation,http://data.europa.eu/esco/occupation/b3e459a2-0103-4182-8882-c255d474a7ff,2631.2.4,skattepolitisk analytiker,0.0
Occupation,http://data.europa.eu/esco/occupation/99492920-e5a5-4dba-9e5a-93193147198c,2631.2,økonom,0.0240963855421686
ISCO level 4,http://data.europa.eu/esco/isco/C2631,2631,Rådgivere/forskere,0.014036694967313967
Occupation,http://data.europa.eu/esco/occupation/6cd08cbe-7611-4d70-8886-6c59c0385442,2632.1.1,kommunikasjonsforsker,0.0
Occupation,http://data.europa.eu/esco/occupation/19db5ad1-ffbf-41a0-8746-d3878f0d5dbd,2632.1.2,medieforsker,0.0
Occupation,http://data.europa.eu/esco/occupation/acf69cab-8629-45c8-ae10-c8fb15f474b6,2632.1,antropolog,0.0
Occupation,http://data.europa.eu/esco/occupation/203ea2ee-bbee-4aaf-83d7-2f2225f916e3,2632.2,arkeolog,0.0253164556962025
Occupation,http://data.europa.eu/esco/occupation/441a5b76-2f51-4704-9df7-3b8e715dd3ad,2632.3,atferdsforsker,0.0131578947368421
Occupation,http://data.europa.eu/esco/occupation/0611f232-b30e-46c7-9c26-2d59b1448e79,2632.4,kriminolog,0.0
Occupation,http://data.europa.eu/esco/occupation/bac64fa2-dcd6-47bb-8e5c-04e04a86a199,2632.5,geograf,0.0821917808219178
Occupation,http://data.europa.eu/esco/occupation/3af4d6be-90b5-41f6-be06-3330dab3df73,2632.6.1,forsker i sosialarbeid,0.0
Occupation,http://data.europa.eu/esco/occupation/11df8941-508c-4103-ad40-52cdf9430a59,2632.6,sosiolog,0.0123456790123456
Occupation,http://data.europa.eu/esco/occupation/9851c83c-5670-4da0-964a-1ef0e682e30b,2632.7,tanatolog,0.0
ISCO level 4,http://data.europa.eu/esco/isco/C2632,2632,Rådgivere/forskere,0.013301181026730802
Occupation,http://data.europa.eu/esco/occupation/5f45a1ea-4d1b-43c3-b6a8-53b2276b3eb3,2633.1.1,slektsforsker,0.0
Occupation,http://data.europa.eu/esco/occupation/0cd729a6-ed11-4338-ac4b-d4b924390128,2633.1,historiker,0.0135135135135135
Occupation,http://data.europa.eu/esco/occupation/bfc92738-128b-44f5-92d4-51b10df17961,2633.2,filosof,0.0
Occupation,http://data.europa.eu/esco/occupation/4f89b0d2-b666-4890-af01-25d1d60da1f3,2633.3,statsviter,0.0
ISCO level 4,http://data.europa.eu/esco/isco/C2633,2633,Rådgivere/forskere,0.003378378378378375
Occupation,http://data.europa.eu/esco/occupation/7d9e2a65-758c-4cbd-b66d-3a595d3d63b1,2634.1,løgndetektoranalytiker,0.0
Occupation,http://data.europa.eu/esco/occupation/c3c8c56c-b3ab-4425-a38a-abcace020d22,2634.2.1,klinisk psykolog,0.0
Occupation,http://data.europa.eu/esco/occupation/4f5bc9a5-e989-409b-bfb5-973b472163cd,2634.2.2,skolepsykolog,0.0
Occupation,http://data.europa.eu/esco/occupation/976c7f50-7f9e-4347-bbb9-f0dc842046a3,2634.2.3,helsepsykolog,0.0
Occupation,http://data.europa.eu/esco/occupation/af69484e-b43f-4685-b22d-f3418df45c4d,2634.2.4,psykoterapeut,0.00970873786407766
Occupation,http://data.europa.eu/esco/occupation/52ded7d7-11df-42e3-b90a-d7f4b70fb4b9,2634.2,psykolog,0.0
ISCO level 4,http://data.europa.eu/esco/isco/C2634,2634,Psykologer,0.0016181229773462767
Occupation,http://data.europa.eu/esco/occupation/f7f8c077-26ec-455f-8311-aeafbc24d9a5,2635.1.1,sorgterapeut,0.0
Occupation,http://data.europa.eu/esco/occupation/5d758e75-a116-485a-b800-5db08ffd3ba1,2635.1.2,rusmiddelkonsulent,0.0
Occupation,http://data.europa.eu/esco/occupation/83dc2d94-9e30-493a-bd93-6346e05fe146,2635.1.3,familieplanleggingsrådgiver,0.0
Occupation,http://data.europa.eu/esco/occupation/9cda1c7c-ba07-4381-b831-1bb346ff865f,2635.1.4,samlivsterapeut,0.0
Occupation,http://data.europa.eu/esco/occupation/b9dd2ee7-5fea-46f8-b226-ddae9501f728,2635.1.5,sosialarbeider med seksualovergrep som spesialfelt,0.0
Occupation,http://data.europa.eu/esco/occupation/5727b567-993d-4d41-a13d-81a6af1a9a8e,2635.1,sosialrådgiver,0.0
Occupation,http://data.europa.eu/esco/occupation/fa4a3b52-990c-44eb-a912-490f5d689400,2635.2,sosialpedagog,0.0
Occupation,http://data.europa.eu/esco/occupation/4c40c1e8-0584-4a77-8ca3-ec82538f9488,2635.3.1,rådgiver i sosiale spørsmål,0.0
Occupation,http://data.europa.eu/esco/occupation/0d423a2e-6fb7-4704-8544-bd6c522b3c62,2635.3.2,hjemmekonsulent,0.0
Occupation,http://data.europa.eu/esco/occupation/6a167ceb-f847-4ef0-af47-89454c53770b,2635.3.3,klinisk sosionom,0.0
Occupation,http://data.europa.eu/esco/occupation/85482504-c83d-4038-80d9-265198d18b48,2635.3.4,sosionom,0.0
Occupation,http://data.europa.eu/esco/occupation/ff2c1183-3fd7-40c7-8ddc-b20b100363c3,2635.3.5,sosialarbeider med spesialfelt innen lokal utvikling,0.0
Occupation,http://data.europa.eu/esco/occupation/ce53a1b2-2fec-4d04-9390-47fb3dd525f0,2635.3.6,lokal sosialarbeider,0.0
Occupation,http://data.europa.eu/esco/occupation/186ef31e-f26f-4320-a307-c5f95d6cb284,2635.3.7,konsulent innen sosialt arbeid,0.0
Occupation,http://data.europa.eu/esco/occupation/9aa2115d-83cb-4db1-af1d-b426c87c2393,2635.3.8,sosialrådgiver innen fengselsvesenet,0.0
Occupation,http://data.europa.eu/esco/occupation/7591db5b-ee01-4b6b-b626-ddaf892458d4,2635.3.9,kriserådgiver,0.0
Occupation,http://data.europa.eu/esco/occupation/19f6634f-ec0c-4513-b0d9-d43f9ddeb82d,2635.3.10,velferdskonsulent for studenter/elever,0.0
Occupation,http://data.europa.eu/esco/occupation/c60ede09-b67b-4173-8991-b9b694149488,2635.3.11,jobbkonsulent,0.0
Occupation,http://data.europa.eu/esco/occupation/aff66ae0-d6e1-4de3-b6af-78647defd08c,2635.3.12,medarbeider innen bedriftsutvikling,0.015625
Occupation,http://data.europa.eu/esco/occupation/95d0a616-a4a9-4f56-a8fb-4de43cdb4c82,2635.3.13,familierådgiver,0.0
Occupation,http://data.europa.eu/esco/occupation/3b2229b4-807c-482a-89ca-2d0a542be196,2635.3.14,sosialarbeider innen eldreomsorg,0.0
Occupation,http://data.europa.eu/esco/occupation/6a6ce738-b049-4521-b402-8e1f346c7eca,2635.3.15,hjemløskonsulent,0.0
Occupation,http://data.europa.eu/esco/occupation/738257d3-7e56-4745-9b2e-014e60d41d48,2635.3.16,sykehuskurator,0.0
Occupation,http://data.europa.eu/esco/occupation/a76a05bb-e04d-4be8-953e-1ffd691dd58d,2635.3.17,sosialarbeider innen psykiatrien,0.0
Occupation,http://data.europa.eu/esco/occupation/a9a41b21-8dd4-476f-96c7-85733fa63d3b,2635.3.18,sosialarbeider for flyktninger og innvandrere,0.0
Occupation,http://data.europa.eu/esco/occupation/98b261ec-def2-4871-b062-56cdd290c844,2635.3.19,sosialrådgiver innen forsvaret,0.0
Occupation,http://data.europa.eu/esco/occupation/be6d7fd3-2e51-499f-a31d-8aa0bbd32f2a,2635.3.20,pleiemedarbeider innen lindrende pleie,0.0
Occupation,http://data.europa.eu/esco/occupation/6a7212c9-40da-4346-a190-3896bdd9a925,2635.3.21,tilsynsverge,0.0
Occupation,http://data.europa.eu/esco/occupation/dc69f2ed-ebe9-43da-bf9d-31aac874d4c2,2635.3.22,rehabiliteringskonsulent,0.0
Occupation,http://data.europa.eu/esco/occupation/b73f4ce5-13fa-43a0-bbf6-01d7315849b8,2635.3.23,"leder, sosialarbeid",0.0
Occupation,http://data.europa.eu/esco/occupation/d6bffef4-f09a-4711-9ecb-92ec04353b21,2635.3.24,sosialarbeider innen rusmidler,0.0
Occupation,http://data.europa.eu/esco/occupation/90569478-805c-4d14-a1ba-e9c9c4ac2818,2635.3.25,rådgiver for voldsofre,0.0
Occupation,http://data.europa.eu/esco/occupation/4bdc4e52-1c9c-4d80-898a-18522d905fee,2635.3.26,sosialarbeider innen ungdomskriminalitet,0.0
Occupation,http://data.europa.eu/esco/occupation/094e04fd-3039-4615-850b-b232794f84f5,2635.3.27.1,ungdomsarbeider,0.0
Occupation,http://data.europa.eu/esco/occupation/b7507136-e71e-47e8-b873-e77d5cdf2922,2635.3.27,ungdomskonsulent,0.0
Occupation,http://data.europa.eu/esco/occupation/4b05bef2-ded4-4b09-ab94-f4c6a555a775,2635.3,sosialarbeider,0.00387596899224806
ISCO level 4,http://data.europa.eu/esco/isco/C2635,2635,Rådgivere innen sosiale fagfelt,0.0005416935831180017
Occupation,http://data.europa.eu/esco/occupation/a4dd6eae-ca75-456f-829d-333671a7c186,2636.1,feltprest,0.0
Occupation,http://data.europa.eu/esco/occupation/ed256ed0-0432-4969-8544-3e5e01a517a9,2636.2,religiøs leder,0.0
Occupation,http://data.europa.eu/esco/occupation/0f086907-96a6-4e88-bf00-a84295125a6a,2636.3,misjonær,0.0
Occupation,http://data.europa.eu/esco/occupation/6d421d34-baa1-44f9-9ea0-231d76e325fd,2636.4,religionsforsker,0.0
ISCO level 4,http://data.europa.eu/esco/isco/C2636,2636,Geistlige yrker,0.0
ISCO level 3,http://data.europa.eu/esco/isco/C264,264,Forfattere,0.0
Occupation,http://data.europa.eu/esco/occupation/4bef1707-a251-427e-9d8b-96595ec38d45,2641.1,forlagsredaktør,0.0
Occupation,http://data.europa.eu/esco/occupation/572c51ef-531b-4331-8e66-b1641173e54e,2641.2,dramaturg,0.0
Occupation,http://data.europa.eu/esco/occupation/f3d8bc61-f812-4106-afd2-a356e4c11fce,2641.3,litteraturforsker,0.0
Occupation,http://data.europa.eu/esco/occupation/e55e1a62-eab4-4829-a71e-e0d294cacf6b,2641.4.1,lyriker,0.0
Occupation,http://data.europa.eu/esco/occupation/ebe936e2-64e7-4777-94d6-42caa5a12409,2641.4.2,manusforfatter,0.0
Occupation,http://data.europa.eu/esco/occupation/5a91a8bc-eb18-4c7e-847d-96cbcce5a47a,2641.4.3,taleskriver,0.0
Occupation,http://data.europa.eu/esco/occupation/8cb59bc4-1f39-477e-beea-effed12d186c,2641.4.4,teknisk kommunikatør,0.0
Occupation,http://data.europa.eu/esco/occupation/01d74409-5303-4b5c-8925-0cc21c4da8ee,2641.4.5,medisinsk forfatter,0.0
Occupation,http://data.europa.eu/esco/occupation/b06a1dde-e5a1-4219-9491-2bedd0282e4b,2641.4,forfatter,0.0
ISCO level 4,http://data.europa.eu/esco/isco/C2641,2641,Forfattere mv.,0.0
Occupation,http://data.europa.eu/esco/occupation/ac80b511-fd22-4edf-8570-e531704778bd,2642.1.1,blogger,0.0
Occupation,http://data.europa.eu/esco/occupation/b65530b8-0b50-49da-8e9e-331b161374a5,2642.1.2,nyhetsredaktør,0.0
Occupation,http://data.europa.eu/esco/occupation/db3da11f-67a0-415f-b785-81f33d3be810,2642.1.3,finansjournalist,0.0
Occupation,http://data.europa.eu/esco/occupation/b866b3bb-3dbd-4b3d-9a53-9ec15f43ca2f,2642.1.4,spaltist,0.0
Occupation,http://data.europa.eu/esco/occupation/8bd74371-1818-47d5-a253-d703c51c5f26,2642.1.5,kopiredaktør,0.0
Occupation,http://data.europa.eu/esco/occupation/d372b694-041a-4978-bd81-efbb763ee70d,2642.1.6,kriminalreporter,0.0
Occupation,http://data.europa.eu/esco/occupation/fdd8eef7-d89c-419f-9166-0747f466a769,2642.1.7,kritiker,0.0
Occupation,http://data.europa.eu/esco/occupation/cbdb80db-c760-4b68-b074-88c397650ef5,2642.1.8,sjefsredaktør,0.0
Occupation,http://data.europa.eu/esco/occupation/d3570716-cc0d-4a61-b9a0-9b3081050e9d,2642.1.9,underholdningsjournalist,0.0
Occupation,http://data.europa.eu/esco/occupation/26ca1895-2047-4c76-a678-831c85824f61,2642.1.10,faktasjekker,0.0
Occupation,http://data.europa.eu/esco/occupation/4cc98057-8ed5-4b45-855b-7a67bc2e5bae,2642.1.11,utenrikskorrespondent,0.0
Occupation,http://data.europa.eu/esco/occupation/f8d14b95-6a36-4290-b226-2342e236406e,2642.1.12,magasinredaktør,0.0
Occupation,http://data.europa.eu/esco/occupation/26ce22fe-4018-4387-8e6b-c2555f5fc0ac,2642.1.13,avisredaktør,0.0
Occupation,http://data.europa.eu/esco/occupation/72add02e-ae39-4dfb-8047-ced4c1a347f5,2642.1.14,bilderedaktør,0.0
Occupation,http://data.europa.eu/esco/occupation/eb7e42d0-9b3f-49ad-81f1-b9ee8491bf39,2642.1.15,politisk journalist,0.0
Occupation,http://data.europa.eu/esco/occupation/70b5896f-988e-4084-9c19-2c82bd5cc9a5,2642.1.16,sportsjournalist,0.0
Occupation,http://data.europa.eu/esco/occupation/51ec004e-aec8-4f89-b114-952bcc56b0b0,2642.1.17,videoblogger,0.0
Occupation,http://data.europa.eu/esco/occupation/a47f82d3-4cf7-4abf-bb36-2c8cbad28234,2642.1,journalist,0.0
ISCO level 4,http://data.europa.eu/esco/isco/C2642,2642,Journalister,0.0
Occupation,http://data.europa.eu/esco/occupation/757da94f-d1f3-48ad-ac61-74e22bc18cca,2643.1,grafolog,0.0
Occupation,http://data.europa.eu/esco/occupation/23e692a9-a242-4d4f-988f-ed562f757864,2643.2,tolk,0.0
Occupation,http://data.europa.eu/esco/occupation/49c3db8c-c586-42d1-9726-f65d8303c0b1,2643.3,ordbokforfatter,0.0
Occupation,http://data.europa.eu/esco/occupation/55d2eb3e-1e49-404a-b4bf-be4829694a59,2643.4.1,juristlingvist,0.0
Occupation,http://data.europa.eu/esco/occupation/a9c7a04d-807a-41b5-b441-87c73c73c9c5,2643.4,lingvist,0.0
Occupation,http://data.europa.eu/esco/occupation/9a2147aa-a72f-4f83-8653-c3f50d4e1e73,2643.5,tegnspråktolk,0.0
Occupation,http://data.europa.eu/esco/occupation/da4589ce-7534-4cc1-9ce4-cabf9364b87c,2643.6.1,lokaliserer,0.0
Occupation,http://data.europa.eu/esco/occupation/ec2c0655-5ba0-4cc8-860a-977f73b37f34,2643.6.2,tekster,0.0
Occupation,http://data.europa.eu/esco/occupation/1a07bd7d-2e1d-4930-a84a-1a442b8f2a44,2643.6,oversetter,0.0
ISCO level 4,http://data.europa.eu/esco/isco/C2643,2643,Oversettere,0.0
ISCO level 3,http://data.europa.eu/esco/isco/C265,265,Profesjonelle kunstnere,0.01098834160085735
Occupation,http://data.europa.eu/esco/occupation/374d925a-107b-4c99-bc8b-75483441f062,2651.1,kunstmaler,0.0294117647058823
Occupation,http://data.europa.eu/esco/occupation/09a40a9a-2b60-422c-abe4-96d829bc27df,2651.2,kunstkonservator,0.05
Occupation,http://data.europa.eu/esco/occupation/ecd0fad8-b099-4c47-93f6-dde9f6f6c5fc,2651.3,tegneserietegner,0.0
Occupation,http://data.europa.eu/esco/occupation/ec0e64c9-6d9b-4a9f-a022-a418f3b381fe,2651.4,kunsthåndverker innen keramikk,0.0263157894736842
Occupation,http://data.europa.eu/esco/occupation/969f8af0-3c0d-403a-9c16-a6fb76c6b443,2651.5,konseptkunstner,0.027027027027027
Occupation,http://data.europa.eu/esco/occupation/42ff9e52-1f56-427d-b772-b9328c39b98a,2651.6,tegner,0.0333333333333333
Occupation,http://data.europa.eu/esco/occupation/b2f5ed56-c83f-40d0-b861-f5253cd3d1d9,2651.7,glasskunstner,0.04
Occupation,http://data.europa.eu/esco/occupation/802a0e5d-5625-4166-a1f0-d13e2586df55,2651.8,gravør,0.0434782608695652
Occupation,http://data.europa.eu/esco/occupation/94d94bd0-9ac3-4bd8-81c0-c3fdf551aa16,2651.9,skulptør,0.0
Occupation,http://data.europa.eu/esco/occupation/ae66ca51-e762-48b4-bd46-071dc87cb30d,2651.10,storyboard-tegner,0.0
Occupation,http://data.europa.eu/esco/occupation/7beefadd-ea05-4f59-bc4b-01075f27b937,2651.11,videokunstner,0.0196078431372549
ISCO level 4,http://data.europa.eu/esco/isco/C2651,2651,Skulptører,0.024470365322431534
Occupation,http://data.europa.eu/esco/occupation/45170a38-b3ae-4a96-90ff-eb45e55600b6,2652.1.1,musikkarrangør,0.0
Occupation,http://data.europa.eu/esco/occupation/7dc05fcc-b079-45ed-b5d4-74c75f99976c,2652.1,komponist,0.0
Occupation,http://data.europa.eu/esco/occupation/13d8b1be-d711-4bbc-a45e-cad605162f41,2652.2,sjefsdirigent,0.0
Occupation,http://data.europa.eu/esco/occupation/cf7b89d0-1cf9-4567-a8bf-9d6905a2b31b,2652.3.1.1,korleder,0.0
Occupation,http://data.europa.eu/esco/occupation/0e216d47-fc12-43e9-8953-ad8ba11f4b96,2652.3.1,dirigent,0.0
Occupation,http://data.europa.eu/esco/occupation/6581aa0d-c807-4091-84cc-bc041f962ab1,2652.3.2,sanger,0.0
Occupation,http://data.europa.eu/esco/occupation/f6803a58-91d9-4251-9a07-09fc387cec16,2652.3,musiker,0.0
Occupation,http://data.europa.eu/esco/occupation/d23fbcdc-d5e9-4724-a83f-99a0cfa8adb0,2652.4,repetitør,0.0
Occupation,http://data.europa.eu/esco/occupation/ce8145f5-d7ea-40ea-b12e-ef168f11184a,2652.5,lydkunstner,0.0277777777777777
Occupation,http://data.europa.eu/esco/occupation/1d4a4baf-4073-43bd-ac72-ff7d443273ff,2652.6,diskjockey,0.0
ISCO level 4,http://data.europa.eu/esco/isco/C2652,2652,Dirigenter,0.00277777777777777
Occupation,http://data.europa.eu/esco/occupation/c737f094-7921-4d57-b883-6442343a5fd8,2653.1.1,koreolog,0.0
Occupation,http://data.europa.eu/esco/occupation/06ac0f53-431e-4bc6-acb8-2f5da041b5d3,2653.1.2,danserepetitør,0.0
Occupation,http://data.europa.eu/esco/occupation/189a337d-f6fb-44e2-9e7a-bc27b7b76e0e,2653.1,koreograf,0.0
Occupation,http://data.europa.eu/esco/occupation/07b91f36-8272-493a-8e1c-5625e77efe68,2653.2,danser,0.0
ISCO level 4,http://data.europa.eu/esco/isco/C2653,2653,Koreografer og dansere,0.0
Occupation,http://data.europa.eu/esco/occupation/30b25ee4-da97-4167-8592-460217f6bdcc,2654.1.1,animasjonsleder,0.0
Occupation,http://data.europa.eu/esco/occupation/4f2f2539-3e38-4393-9dac-a9a48af7cd32,2654.1.2,caster,0.0
Occupation,http://data.europa.eu/esco/occupation/6ba25e0f-7fb8-4879-a1f9-d4f8945966be,2654.1.3,filmfotograf,0.0
Occupation,http://data.europa.eu/esco/occupation/2f372afe-d513-4357-abe1-e5e0b5cf9ae5,2654.1.4,lyssetter,0.0454545454545454
Occupation,http://data.europa.eu/esco/occupation/4d4b243f-6c3b-48c3-a564-2e7f2d592a3c,2654.1.5,produksjonsdesigner,0.0263157894736842
Occupation,http://data.europa.eu/esco/occupation/8a451ae2-3c31-4f35-90af-6275b1b02f93,2654.1.6,sceneinstruktør,0.0
Occupation,http://data.europa.eu/esco/occupation/00030d09-2b3a-4efd-87cc-c4ea39d27c34,2654.1.7,teknisk direktør,0.0
Occupation,http://data.europa.eu/esco/occupation/1a7fb683-6544-4442-b54c-ec72ef468ff0,2654.1.8,video- og filmproduksjonsleder,0.0
Occupation,http://data.europa.eu/esco/occupation/cb93fd23-1f51-4495-867a-936c1967066b,2654.1,kreativ leder,0.0
Occupation,http://data.europa.eu/esco/occupation/56bff5e1-3c76-4f45-b50e-e3a59bf1053e,2654.2,etterproduksjonsleder,0.0
Occupation,http://data.europa.eu/esco/occupation/5ff7a990-a306-40c2-9224-b2bf7f15b2f9,2654.3.1,musikkprodusent,0.0
Occupation,http://data.europa.eu/esco/occupation/3b6bea7d-36f4-44fb-ac73-d1cc8a198dcb,2654.3.2,filmprodusent,0.0
Occupation,http://data.europa.eu/esco/occupation/52b9e8dc-de6c-41dd-b29a-e1291c273f6f,2654.3,produsent,0.0
Occupation,http://data.europa.eu/esco/occupation/ce7d3362-5383-47d1-b66f-57b021c3d862,2654.4,radioprodusent,0.0
Occupation,http://data.europa.eu/esco/occupation/ac734172-ae9a-41ab-80a0-a7b33694e027,2654.5,video- og filmredigerer,0.0
Occupation,http://data.europa.eu/esco/occupation/0bce6d52-a45e-4826-91ea-68976f1b9d1c,2654.6,kunstforvalter,0.0384615384615384
Occupation,http://data.europa.eu/esco/occupation/ef0363cf-361a-47df-9431-d94afb757ce0,2654.7,podkastprodusent,0.0
ISCO level 4,http://data.europa.eu/esco/isco/C2654,2654,Regissører,0.006484227846456941
Occupation,http://data.europa.eu/esco/occupation/e89e330c-daa3-48f0-b34e-04e3344ea8dc,2655.1.1,fortellerstemme,0.0
Occupation,http://data.europa.eu/esco/occupation/26171f39-e85a-448f-bd28-a73a5a99927f,2655.1,skuespiller,0.0
ISCO level 4,http://data.europa.eu/esco/isco/C2655,2655,Skuespillere,0.0
Occupation,http://data.europa.eu/esco/occupation/0dce2f9b-eda5-4dc4-ba74-36eeed8c9a44,2656.1,tekstoppleser,0.0
Occupation,http://data.europa.eu/esco/occupation/83e45d86-1bce-45c5-ba8b-097738f9f28b,2656.2,nyhetsanker,0.0
Occupation,http://data.europa.eu/esco/occupation/09a9a956-db70-436f-8398-d85a17f6cdfe,2656.3,kanalvert,0.0
ISCO level 4,http://data.europa.eu/esco/isco/C2656,2656,Programledere i TV og radio,0.0
Occupation,http://data.europa.eu/esco/occupation/4efdf62f-a1d9-450e-aebc-2d6a6110f05d,2659.1,koordinator for kunstprosjekt,0.0
Occupation,http://data.europa.eu/esco/occupation/22799921-76a1-44c4-a7c3-c6a548e8ad85,2659.2.1,sirkusartist,0.0
Occupation,http://data.europa.eu/esco/occupation/2800e788-57b4-49f7-9c00-6c35e12cfb8e,2659.2.3,dukkefører,0.0
Occupation,http://data.europa.eu/esco/occupation/bd2c868c-371b-4958-83b4-012c52bc7faf,2659.2.4,standupkomiker,0.0
Occupation,http://data.europa.eu/esco/occupation/61e278a3-2c27-4c18-a827-11e2326b33ae,2659.2.5,gatekunstner,0.0
Occupation,http://data.europa.eu/esco/occupation/76deb33d-f9bc-4ca2-a5cc-49c8f5a17f38,2659.2.6,varietéartist,0.0
Occupation,http://data.europa.eu/esco/occupation/a655aff1-e5e9-4c64-bc85-b902568a3dfb,2659.2,performancekunstner,0.024390243902439
Occupation,http://data.europa.eu/esco/occupation/080bce18-066b-4431-90ed-e07608f73fe0,2659.3,gateartist,0.032258064516129
Occupation,http://data.europa.eu/esco/occupation/8cc90646-fc23-445f-a95f-e28e6b5d5a05,2659.4,turistunderholder,0.151515151515151
ISCO level 4,http://data.europa.eu/esco/isco/C2659,2659,Andre utøvende kunstneriske yrker,0.023129273325968775
ISCO level 3,http://data.europa.eu/esco/isco/C311,311,Ingeniører,0.08060998764207936
Occupation,http://data.europa.eu/esco/occupation/8a87e8b3-aecf-48a7-9837-4e022c3b9bb9,3111.1.1,kromatograf,0.0
Occupation,http://data.europa.eu/esco/occupation/87775d69-ae88-449e-ad71-6f9875711816,3111.1,kjemitekniker,0.0158730158730158
Occupation,http://data.europa.eu/esco/occupation/33fe4c90-c4fd-4860-bdc5-24fcab16f45a,3111.3,matanalytiker,0.0704225352112676
Occupation,http://data.europa.eu/esco/occupation/fb3f5f35-e6f7-4168-aef2-e4dfb7f2a3ee,3111.4,geologisk tekniker,0.0517241379310344
Occupation,http://data.europa.eu/esco/occupation/668943cc-c454-4a1b-a296-2fcb524a6222,3111.5,tekniker innen hydrografisk oppmåling,0.0222222222222222
Occupation,http://data.europa.eu/esco/occupation/4b8dced3-ac9e-445d-8787-e07daf52e295,3111.6,"laboratorietekniker, lær",0.0333333333333333
Occupation,http://data.europa.eu/esco/occupation/eb00745b-9abb-4bd8-8291-aade48af029d,3111.7,"tekniker, materialtesting",0.0
Occupation,http://data.europa.eu/esco/occupation/0d7ae791-653e-4297-9f61-8bad87f61d57,3111.8,meteorologitekniker,0.0571428571428571
Occupation,http://data.europa.eu/esco/occupation/e6a3ce2e-c0f2-47a7-937a-61ae9abfe1fa,3111.9,metrologitekniker,0.0
Occupation,http://data.europa.eu/esco/occupation/774ad663-2124-4ac2-a287-5fb2e478906e,3111.10,kjernefysikktekniker,0.186046511627906
Occupation,http://data.europa.eu/esco/occupation/a9bcc9e0-5be7-47a0-818b-acad10fe90d9,3111.11,tekniker innen fysikk,0.0303030303030303
Occupation,http://data.europa.eu/esco/occupation/184e59d7-5646-4fe4-9059-46867ff09574,3111.12,"tekniker, strålevern",0.514285714285714
Occupation,http://data.europa.eu/esco/occupation/b176e5d7-1f94-495c-907f-80a7f61aed59,3111.13,tekniker innen fjernmåling,0.048780487804878
Occupation,http://data.europa.eu/esco/occupation/84cb6e91-ce11-409e-9306-23c9698631af,3111.14,jordanalysetekniker,0.189189189189189
ISCO level 4,http://data.europa.eu/esco/isco/C3111,3111,,0.0870945024946034
Occupation,http://data.europa.eu/esco/occupation/6293a718-3fcd-433f-a010-0899821a51b7,3112.1.1,broinspektør,0.0344827586206896
Occupation,http://data.europa.eu/esco/occupation/f0e479d9-7afd-40b1-b60f-b68c400c15fb,3112.1.2,bygningsinspektør,0.138888888888888
Occupation,http://data.europa.eu/esco/occupation/f0978ec0-ae7d-4c4a-8f80-3fd200edddac,3112.1.3,"kvalitetsinspektør, bygg- og anleggsvirksomhet",0.0357142857142857
Occupation,http://data.europa.eu/esco/occupation/326027fc-5408-47cd-9b32-fbe770dbbe80,3112.1.4,"kvalitetssjef, bygg og anlegg",0.162162162162162
Occupation,http://data.europa.eu/esco/occupation/09e070ce-0afe-40bb-be90-530e5d42cdbd,3112.1.5.1,"energirådgiver, privathusholdninger",0.304347826086956
Occupation,http://data.europa.eu/esco/occupation/c7f5cab7-7cfb-47d7-890c-6b9c00a9eaaf,3112.1.5,energiutreder,0.88
Occupation,http://data.europa.eu/esco/occupation/c302791c-6864-4ec5-9a6c-2fca38764f0e,3112.1.6,branninspektør,0.0689655172413793
Occupation,http://data.europa.eu/esco/occupation/4c9ca706-3973-4926-854d-44011662ca83,3112.1.7,tekniker innen brannvern,0.107142857142857
Occupation,http://data.europa.eu/esco/occupation/adf9257e-78cb-467d-b259-59ed65bd7aed,3112.1.8,branntekniker,0.0
Occupation,http://data.europa.eu/esco/occupation/8ae1e637-840b-4be0-a5df-8653375d8949,3112.1.9,driftsleder ved avfallsdeponi,0.545454545454545
Occupation,http://data.europa.eu/esco/occupation/755c5c5f-2ee3-4487-94db-30ec2ba2e883,3112.1.10,vedlikeholdstekniker innen jernbanearbeid,0.0238095238095238
Occupation,http://data.europa.eu/esco/occupation/c9a5f7c5-0f8b-4252-9729-5f19c105ef81,3112.1.11,"tekniker, veidrift og -vedlikehold",0.0588235294117647
Occupation,http://data.europa.eu/esco/occupation/40260ee8-c94a-4dc8-a562-f9fbc2fe13b1,3112.1.12,"vedlikeholdstekniker, kloakknett",0.073170731707317
Occupation,http://data.europa.eu/esco/occupation/13331bd9-0599-47c0-9812-29650c218de3,3112.1.13,tekniker innen vanntilførsel og -behandling,0.269230769230769
Occupation,http://data.europa.eu/esco/occupation/0f5cc4eb-925d-4b99-be6d-b0964a253a9a,3112.1,"tekniker, byggteknikk",0.142857142857142
Occupation,http://data.europa.eu/esco/occupation/6d1e2801-3ab0-4d74-ac27-918339e8db64,3112.2,"sikkerhetsinspektør, bygge- og anleggsvirksomhet",0.037037037037037
Occupation,http://data.europa.eu/esco/occupation/3f54ceba-3c4e-4ba1-8ddb-9e49a881a60a,3112.3,sjef for byggsikkerhet,0.0606060606060606
Occupation,http://data.europa.eu/esco/occupation/41d609a1-62df-4cec-ac71-6434e545a729,3112.4,korrosjonstekniker,0.0512820512820512
Occupation,http://data.europa.eu/esco/occupation/cbde1a3a-406d-4d17-b30b-03981925035d,3112.5,energianalytiker,0.677419354838709
Occupation,http://data.europa.eu/esco/occupation/23a61ff1-c954-4867-b982-a018b535f98b,3112.6,energirådgiver,0.833333333333333
Occupation,http://data.europa.eu/esco/occupation/de74eb4e-c95e-425a-9b3a-7be805ec0321,3112.7,energikonsulent,0.43076923076923
Occupation,http://data.europa.eu/esco/occupation/9581c837-fee7-4068-9618-1116fd93d723,3112.8,ingeniørassistent,0.0
Occupation,http://data.europa.eu/esco/occupation/511c8e9f-b19e-4ae8-9959-c047e7410441,3112.9,jernbaneinspektør,0.0571428571428571
Occupation,http://data.europa.eu/esco/occupation/624986f9-21ef-4cdf-8cf6-8407a337ec2f,3112.10,landmålingstekniker,0.0434782608695652
ISCO level 4,http://data.europa.eu/esco/isco/C3112,3112,Bygningsingeniører,0.20983828017529674
Occupation,http://data.europa.eu/esco/occupation/c332af81-4481-4494-9786-aea1f5c5ffcf,3113.1.1,kalibreringstekniker,0.0
Occupation,http://data.europa.eu/esco/occupation/51c7015c-dc81-4fcb-b15f-619a4656a9fe,3113.1.2,"tekniker, elektromekanikk",0.0212765957446808
Occupation,http://data.europa.eu/esco/occupation/9aa2a36f-296e-45fe-9798-b7839e0ed389,3113.1,elektrotekniker,0.044776119402985
Occupation,http://data.europa.eu/esco/occupation/7ef064b1-aab8-4818-a468-8f17acbfd995,3113.2,vannkrafttekniker,0.177777777777777
Occupation,http://data.europa.eu/esco/occupation/41519a6e-d4f1-4991-b821-24c54647949d,3113.3,batterivedlikeholdstekniker,0.0625
Occupation,http://data.europa.eu/esco/occupation/10841c22-0154-48ab-aaca-ce61b9a8e448,3113.4,batteriproduksjonstekniker,0.0454545454545454
ISCO level 4,http://data.europa.eu/esco/isco/C3113,3113,Elkraftingeniører,0.05863083972999803
Occupation,http://data.europa.eu/esco/occupation/b5e21e2b-ab0c-4c8d-8277-d98be4ad79c4,3114.1.1,inspektør innen luftfartselektronikk,0.0
Occupation,http://data.europa.eu/esco/occupation/38a7f453-a7f0-45d2-a74d-5b92506e4a21,3114.1.2,maskinvaretekniker,0.0
Occupation,http://data.europa.eu/esco/occupation/becbe3ca-e000-40c0-9f67-5c4035b930ea,3114.1.3,"testtekniker, maskinvare",0.0222222222222222
Occupation,http://data.europa.eu/esco/occupation/2bb8adee-2b84-4d7b-84f9-0620bc09ada8,3114.1.4,"tekniker, instrumentering",0.0384615384615384
Occupation,http://data.europa.eu/esco/occupation/30641348-f9f2-4fe5-ab8c-fe6ff9931a54,3114.1.5,"tekniker, medisinsk utstyr",0.0
Occupation,http://data.europa.eu/esco/occupation/0ea36a48-a27d-4515-b61f-3cab395cf60f,3114.1.6,fagspesialist innen mikroelektronikk,0.0
Occupation,http://data.europa.eu/esco/occupation/2168e49d-e58a-43ec-a15e-8e173939b255,3114.1.7,vedlikeholdsspesialist innen mikroelektronikk,0.0384615384615384
Occupation,http://data.europa.eu/esco/occupation/26e1add0-da3f-4ed6-aa91-791cb550146f,3114.1.8,"tekniker, mikrosystem",0.0
Occupation,http://data.europa.eu/esco/occupation/dcfeb6e4-f39d-49fb-96cd-23292fb3e037,3114.1.9,"tekniker, optoelektronikk",0.0
Occupation,http://data.europa.eu/esco/occupation/631e504f-0db4-4e03-bf90-3f00d550170f,3114.1.10,"tekniker, sensorer",0.0
Occupation,http://data.europa.eu/esco/occupation/27811419-407f-4868-a388-2f7df7aafd91,3114.1,"tekniker, mikroelektronikk",0.0
ISCO level 4,http://data.europa.eu/esco/isco/C3114,3114,Elektronikkingeniører,0.009013209013209
Occupation,http://data.europa.eu/esco/occupation/05a55bb3-68d6-4ff0-83fd-46a68a45a598,3115.1.1,"tekniker, romfartsteknikk",0.0
Occupation,http://data.europa.eu/esco/occupation/ef9c2914-2f3d-464c-ae0a-d02b403dc7e9,3115.1.2,"motorinspektør, fly",0.0
Occupation,http://data.europa.eu/esco/occupation/b343dd0c-8a83-4e13-a79c-0ac52f526c64,3115.1.3,flymotortester,0.0
Occupation,http://data.europa.eu/esco/occupation/444c9aa9-578d-4a9a-9949-99ef1bacb20e,3115.1.4,"tekniker, bilteknikk",0.0379746835443038
Occupation,http://data.europa.eu/esco/occupation/3ce9c89d-6f1a-48b5-942d-386e46e2fd06,3115.1.5,"tekniker, VVS-anlegg",0.225
Occupation,http://data.europa.eu/esco/occupation/a9b20949-897b-481f-8642-d1f69263baff,3115.1.6,"vedlikeholdsansvarlig, verkstedindustri",0.0952380952380952
Occupation,http://data.europa.eu/esco/occupation/04849c5c-9236-4a75-aabb-11c6d03e459c,3115.1.7,"tekniker, marinteknikk",0.144578313253012
Occupation,http://data.europa.eu/esco/occupation/cd92596c-bd96-4126-8b67-7bf6ed2ca8fb,3115.1.8,maritim mekatronikk-tekniker,0.0816326530612244
Occupation,http://data.europa.eu/esco/occupation/384ed128-e86e-4dd8-96ff-b6e6657cb027,3115.1.9,sjøfartsinspektør,0.0126582278481012
Occupation,http://data.europa.eu/esco/occupation/b9296f1a-a68b-4ac7-9904-f2cf1374fbaf,3115.1.10,analytiker innen materialbelastning,0.0
Occupation,http://data.europa.eu/esco/occupation/edf2e989-d7c5-496e-b365-81fc5cb9eb39,3115.1.11,"tekniker, mekatronikk",0.0
Occupation,http://data.europa.eu/esco/occupation/8b490c1a-2f8c-4693-bcfa-ecfc88838a8e,3115.1.12,kontrollør av kjøretøymotorer,0.0
Occupation,http://data.europa.eu/esco/occupation/b50ae5f6-3f67-4cc7-92bb-6cec7214bfc4,3115.1.13,"motorkontrollør, kjøretøy",0.0
Occupation,http://data.europa.eu/esco/occupation/d2af4f6b-c990-4d8e-bb17-befca23a307a,3115.1.14,"tekniker, optomekanikk",0.0
Occupation,http://data.europa.eu/esco/occupation/3046f16d-1f7d-408f-b9a5-155410fbd2ea,3115.1.15,"tekniker, pneumatikk",0.0
Occupation,http://data.europa.eu/esco/occupation/11833a96-fc27-4b03-a53d-892ac891a2bb,3115.1.16,"tekniker, produksjonsteknikk",0.0
Occupation,http://data.europa.eu/esco/occupation/8234eee9-1647-460d-8d62-7fe02cb884b0,3115.1.17,klimaanlegg- og varmepumpetekniker,0.0983606557377049
Occupation,http://data.europa.eu/esco/occupation/0f2c04f1-9001-4a77-884f-1ea16949f6f6,3115.1.18,"tekniker, rullende materiell",0.0
Occupation,http://data.europa.eu/esco/occupation/84219dd7-eb68-426e-9ec3-431eceb61c96,3115.1.19,"motorinspektør, rullende materiell",0.0
Occupation,http://data.europa.eu/esco/occupation/80a648c5-ecb7-40e6-a4d4-7680291ffa74,3115.1.20,"motorkontrollør, rullende materiell",0.0
Occupation,http://data.europa.eu/esco/occupation/42e9d1c5-76f1-41ef-996e-38d5ac711a31,3115.1.21,"inspektør, rullende materiell",0.0
Occupation,http://data.europa.eu/esco/occupation/da6220cb-21ee-4076-8796-1e922b44c394,3115.1.22,"motorinspektør, fartøy",0.0
Occupation,http://data.europa.eu/esco/occupation/e58eadca-e512-4167-96f1-fff980f117e3,3115.1.23,"motorkontrollør, fartøy",0.0
Occupation,http://data.europa.eu/esco/occupation/f7ddb68a-beba-4aa9-b5cb-d174d70ea724,3115.1.24,sveiseinspektør,0.0192307692307692
Occupation,http://data.europa.eu/esco/occupation/b31e404e-9af6-457d-a58a-208f612eeba3,3115.1,"tekniker, maskinteknikk",0.0
ISCO level 4,http://data.europa.eu/esco/isco/C3115,3115,Maskiningeniører,0.02858693591652843
Occupation,http://data.europa.eu/esco/occupation/00634fc4-802a-461b-8af0-499273756f99,3116.1.1,"laboratorietekniker, asfalt",0.0588235294117647
Occupation,http://data.europa.eu/esco/occupation/dacaa18b-93f6-48b4-b4f2-cb33e21804e7,3116.1.2,"kvalitetstekniker, kjemisk produksjon",0.0238095238095238
Occupation,http://data.europa.eu/esco/occupation/657eeac9-5bb9-449d-a353-aa7d5f47e2b5,3116.1.3,"tekniker, fargeprøver",0.0625
Occupation,http://data.europa.eu/esco/occupation/c95121e9-e9f7-40a9-adcb-6fda1e82bbd2,3116.1.4,"tekniker, farlig avfall",0.547169811320754
Occupation,http://data.europa.eu/esco/occupation/35bc3847-58ad-46f5-8921-e58acc2762a6,3116.1,"tekniker, kjemiteknikk",0.145454545454545
ISCO level 4,http://data.europa.eu/esco/isco/C3116,3116,Kjemiingeniører,0.16755148199931752
Occupation,http://data.europa.eu/esco/occupation/fad4abdf-fe1b-4751-8253-aef40b49afe0,3117.1,avsaltingstekniker,0.25
Occupation,http://data.europa.eu/esco/occupation/e9665bdf-2989-4dc5-9aa9-7b791e489779,3117.2,geotekniker,0.117647058823529
Occupation,http://data.europa.eu/esco/occupation/06351e17-67c4-44bc-adf7-64b73f92c3b5,3117.3,"tekniker, metallurgi",0.0303030303030303
Occupation,http://data.europa.eu/esco/occupation/f83f19ca-b816-484a-b8be-92b7785121ea,3117.4,"sikkerhetsansvarlig, gruvedrift",0.0
Occupation,http://data.europa.eu/esco/occupation/9ce12690-c3bf-4135-b7a5-b666bb8c68f5,3117.5,måletekniker innen gruvedrift,0.0
ISCO level 4,http://data.europa.eu/esco/isco/C3117,3117,Ingeniører innen petroleum,0.07959001782531186
Occupation,http://data.europa.eu/esco/occupation/4cf7be91-fed9-47a7-9ca9-e74c7eb6becb,3118.1,3D-designer,0.0
Occupation,http://data.europa.eu/esco/occupation/849a656c-8559-4471-91ed-442c42b0b641,3118.2,"CAD-tekniker, klær",0.0
Occupation,http://data.europa.eu/esco/occupation/1c9937fe-5eaa-4f7e-ba31-77e6e7db022c,3118.3.1,"teknisk tegner, romfartsteknikk",0.0
Occupation,http://data.europa.eu/esco/occupation/364cb5ca-3002-425f-b815-aefa513df78a,3118.3.2,"CAD-tegner, arkitektur",0.127659574468085
Occupation,http://data.europa.eu/esco/occupation/341b405b-12cd-4ece-9b4b-cbfae3551ea3,3118.3.3,teknisk tegner innen bilteknikk,0.0555555555555555
Occupation,http://data.europa.eu/esco/occupation/30aef4c6-49ca-4464-bf82-78ed88b3eb9b,3118.3.4,"teknisk tegner, bygg og anlegg",0.0476190476190476
Occupation,http://data.europa.eu/esco/occupation/62979364-6fac-41f2-87ca-202bca19a6ab,3118.3.5,CAD-operatør,0.0
Occupation,http://data.europa.eu/esco/occupation/2515bd46-ccd4-4561-97d1-b9544608a76e,3118.3.6,"teknisk tegner, elektro",0.025
Occupation,http://data.europa.eu/esco/occupation/1e2aaeff-5bf1-4649-9f09-9ebbd5cc3501,3118.3.7,"teknisk tegner, elektromekanikk",0.0169491525423728
Occupation,http://data.europa.eu/esco/occupation/d849fd2a-5210-434b-a50b-2d92de3a4bac,3118.3.8,"teknisk tegner, elektronikk",0.0
Occupation,http://data.europa.eu/esco/occupation/defbf906-e823-44b4-872f-99406c51022b,3118.3.9,"teknisk tegner, VVS-anlegg",0.170212765957446
Occupation,http://data.europa.eu/esco/occupation/2ac509e8-2850-42c3-b11d-d24077a7921b,3118.3.10,"teknisk tegner, marinteknikk",0.115942028985507
Occupation,http://data.europa.eu/esco/occupation/38240cc5-d1d9-4de9-9480-29c51da291eb,3118.3.11,"teknisk tegner, maskinteknikk",0.0
Occupation,http://data.europa.eu/esco/occupation/c52129d9-4656-4ce8-ba13-8a72a51d5400,3118.3.12,teknisk tegner innen produktutvikling,0.0294117647058823
Occupation,http://data.europa.eu/esco/occupation/3f73120d-cece-4848-9fb4-61fdbaa7eba5,3118.3.13,"teknisk tegner, rullende materiell",0.0
Occupation,http://data.europa.eu/esco/occupation/a4869ae9-2dfe-48cc-bd97-f803880f3407,3118.3,teknisk tegner,0.0256410256410256
Occupation,http://data.europa.eu/esco/occupation/91e35fd9-ac59-48ef-8416-c06a201b2da8,3118.4,kretskortkonstruktør,0.0
ISCO level 4,http://data.europa.eu/esco/isco/C3118,3118,Tekniske tegnere,0.0361171126749954
Occupation,http://data.europa.eu/esco/occupation/822bbc2d-bc6a-4fb5-afb8-89170120c6d8,3119.1,"vedlikeholdstekniker, flyplass",0.0303030303030303
Occupation,http://data.europa.eu/esco/occupation/7833d5cd-873d-4fdd-b2f8-9762d68494a7,3119.2.1,"tekniker, robotteknikk",0.0158730158730158
Occupation,http://data.europa.eu/esco/occupation/5791a961-4717-4230-a245-a4082a675f04,3119.2,"tekniker, automasjon",0.0175438596491228
Occupation,http://data.europa.eu/esco/occupation/c8ee6499-7613-4c02-9edf-2a0edcf47705,3119.3,flysikkerhetskoordinator,0.0
Occupation,http://data.europa.eu/esco/occupation/08f5481e-9233-4ef2-9e4b-945224879ce5,3119.4,oppstartstekniker,0.0689655172413793
Occupation,http://data.europa.eu/esco/occupation/afee6a28-f654-4ac7-a665-f758616bc689,3119.5,mattekniker,0.15
Occupation,http://data.europa.eu/esco/occupation/1209b85e-80f1-490f-a7e1-6ad220bb956d,3119.6,"produktutvikler, skotøy",0.0526315789473684
Occupation,http://data.europa.eu/esco/occupation/59dae100-fdfe-44bd-8bd8-a0d3cd813ce4,3119.7,"produksjonstekniker, skotøy",0.0444444444444444
Occupation,http://data.europa.eu/esco/occupation/bcc21c63-7eee-4520-8fa7-43eefd389668,3119.8,"tekniker, produksjonsorganisering",0.0
Occupation,http://data.europa.eu/esco/occupation/a645b7e5-dfa8-4cce-938f-2d6395a6b51d,3119.9,"tekniker, produksjon av lærvarer",0.0454545454545454
Occupation,http://data.europa.eu/esco/occupation/418f3a43-a6b2-4101-aaa0-832fe7d82885,3119.10,"produksjonstekniker, 3D-printing med metall",0.074074074074074
Occupation,http://data.europa.eu/esco/occupation/1a165cb5-99ff-4a4e-9e08-97a0fb7ed6f8,3119.11,fornybar energitekniker – offshore,0.235294117647058
Occupation,http://data.europa.eu/esco/occupation/250d6493-68ab-4d69-ba67-c10293a20f49,3119.12,"tekniker, fotonikk",0.0
Occupation,http://data.europa.eu/esco/occupation/8b828b9f-e41a-48d1-9d35-2c4378279a79,3119.13,"driftskoordinator, rørledninger",0.0357142857142857
Occupation,http://data.europa.eu/esco/occupation/53be4843-8f31-4645-b25c-9a5bbb04f6b6,3119.14,"tekniker, prosessteknikk",0.027027027027027
Occupation,http://data.europa.eu/esco/occupation/42381741-f3a7-4b26-b35c-da6fad9f1cfd,3119.15,tekniker innen produktutvikling,0.0294117647058823
Occupation,http://data.europa.eu/esco/occupation/ed976196-3d5d-4121-9367-e1022af603fa,3119.16.1,"laboratorietekniker, kvalitetskontroll av fottøy",0.1
Occupation,http://data.europa.eu/esco/occupation/8a0c1556-f616-4d41-a03c-8a093a644807,3119.16.2,"kvalitetstekniker, skotøy",0.0952380952380952
Occupation,http://data.europa.eu/esco/occupation/45f8504d-24ac-4bcd-8692-a93acc74204c,3119.16.3,"laboratorietekniker, kvalitetskontroll av lærvarer",0.0833333333333333
Occupation,http://data.europa.eu/esco/occupation/7bf11599-d0bb-4789-9886-55c87f5da449,3119.16.4,"kvalitetstekniker, lærvarer",0.0625
Occupation,http://data.europa.eu/esco/occupation/16bc69b8-5abc-49e4-a860-befb734d54d3,3119.16.5,"kvalitetstekniker, kjemisk tekstilanalyse",0.0555555555555555
Occupation,http://data.europa.eu/esco/occupation/0663da10-e42c-41e8-992c-07d00ac97bea,3119.16.6,"kvalitetstekniker, tekstilproduksjon",0.0
Occupation,http://data.europa.eu/esco/occupation/998a0bf4-b1be-42ab-aee5-0096c9be3319,3119.16,kvalitetstekniker,0.025
Occupation,http://data.europa.eu/esco/occupation/3c0c688b-f7ca-40dc-8222-ab011d4e2449,3119.17,garvetekniker,0.111111111111111
Occupation,http://data.europa.eu/esco/occupation/745c8bb3-b50b-4380-9377-1b68a6576986,3119.18,"prosesskontrollør, tekstilproduksjon",0.0
Occupation,http://data.europa.eu/esco/occupation/3288a2fe-4934-47c8-ad0b-11b16c9cd461,3119.19,"tilsynsfører, forsyningstjenester",0.0909090909090909
ISCO level 4,http://data.europa.eu/esco/isco/C3119,3119,Andre ingeniører,0.05578401720109305
ISCO level 3,http://data.europa.eu/esco/isco/C312,312,Arbeidsledere innen bergfag,0.05474839654070304
Occupation,http://data.europa.eu/esco/occupation/23993e79-a0a0-4155-9f62-68e14ee65dab,3121.1.1,"skiftleder, gruvedrift",0.0
Occupation,http://data.europa.eu/esco/occupation/5c14982e-375d-47c5-9ea1-e9bcf3884643,3121.1,"arbeidsleder, gruvedrift",0.0769230769230769
ISCO level 4,http://data.europa.eu/esco/isco/C3121,3121,Arbeidsleder,0.03846153846153845
Occupation,http://data.europa.eu/esco/occupation/952c766a-db5c-42b2-809d-d14cbb02cdb6,3122.1,"produksjonstekniker, meieri",0.0576923076923076
Occupation,http://data.europa.eu/esco/occupation/623958d6-775c-4586-b928-86582d9d1b69,3122.2,"produksjonsplanlegger, mat",0.142857142857142
Occupation,http://data.europa.eu/esco/occupation/96e139de-0756-45ad-b512-f7c2109a72b1,3122.3.1,"arbeidsleder, fly",0.0
Occupation,http://data.europa.eu/esco/occupation/040f62f5-d570-4d3f-b732-c8ea4afc2738,3122.3.2,"arbeidsleder, beholderproduksjon",0.0
Occupation,http://data.europa.eu/esco/occupation/95d69048-3a4b-4cce-a155-584aaecfe403,3122.3.3,"koordinator, montering av skotøy",0.0769230769230769
Occupation,http://data.europa.eu/esco/occupation/37f7677a-97d1-420b-a8b0-09339472121f,3122.3.4,"arbeidsleder, maskinmontering",0.0277777777777777
Occupation,http://data.europa.eu/esco/occupation/e2c38c87-2bcf-492a-a78e-3be9480481cc,3122.3.5,"arbeidsleder, kjøretøymontering",0.0
Occupation,http://data.europa.eu/esco/occupation/dc54d531-70b5-4301-bc75-da76c2dfac1a,3122.3.6,"arbeidsleder, montering av rullende materiell",0.0
Occupation,http://data.europa.eu/esco/occupation/202e1870-77d7-4efa-bf2c-7a032af30b7e,3122.3.7,"arbeidsleder, båt- og fartøykonstruksjon",0.0
Occupation,http://data.europa.eu/esco/occupation/e34b93ec-5e11-4858-ba1e-e245c4c39cec,3122.3.8,"arbeidsleder, montering av treprodukter",0.024390243902439
Occupation,http://data.europa.eu/esco/occupation/b12b14fd-5b74-40c6-afd9-dd35b34e27ed,3122.3,"arbeidsleder, monteringsoperasjoner",0.0147058823529411
Occupation,http://data.europa.eu/esco/occupation/c7ee21d5-9a13-4cf8-a3b9-292eefd37f7a,3122.4.1,"arbeidsleder, produksjon av dyrefôr",0.08
Occupation,http://data.europa.eu/esco/occupation/f5aa06b0-745e-4eb1-b050-3e15d11e5eb5,3122.4.2,"produksjonsleder, kjemiske produkter",0.189189189189189
Occupation,http://data.europa.eu/esco/occupation/5baffa9d-1607-4665-be94-662bad26b9ff,3122.4.3,brennerileder,0.0681818181818181
Occupation,http://data.europa.eu/esco/occupation/aeae4491-91b2-4029-9648-364e0bc4ecff,3122.4.4,"arbeidsleder, produksjon av elektrisk utstyr",0.02
Occupation,http://data.europa.eu/esco/occupation/83191970-020d-4350-b2e0-be971533d286,3122.4.5,"arbeidsleder, elektronikk",0.0
Occupation,http://data.europa.eu/esco/occupation/a659968d-0804-4357-bc60-735e4d41e65c,3122.4.6,"arbeidsleder, produksjon av skotøy",0.04
Occupation,http://data.europa.eu/esco/occupation/0e68f523-3206-4896-b725-44150dd22057,3122.4.7,"arbeidsleder, produksjon av lærvarer",0.0425531914893617
Occupation,http://data.europa.eu/esco/occupation/2cec9e4a-5a37-4cb1-a8b7-2e8d94766417,3122.4.8,"arbeidsleder, maskinoperatører",0.027027027027027
Occupation,http://data.europa.eu/esco/occupation/c4046ba8-cfe0-4748-beac-22e865962d75,3122.4.9,arbeidsleder ved malthus,0.09375
Occupation,http://data.europa.eu/esco/occupation/7db415ec-0437-4a5e-95ea-622ea9f13dd0,3122.4.10,"arbeidsleder, metallindustri",0.0232558139534883
Occupation,http://data.europa.eu/esco/occupation/432cd69f-6323-4147-94f2-342de3cb0a65,3122.4.11,"arbeidsleder, produksjon av optiske instrumenter",0.0
Occupation,http://data.europa.eu/esco/occupation/6ebe4e2e-7deb-4923-8b47-ca6fc03fa13a,3122.4.12,leder av papirproduksjon,0.0263157894736842
Occupation,http://data.europa.eu/esco/occupation/4568a282-3904-4dfc-a6ec-e847b3ca90e8,3122.4.13,"produksjonsleder, plast- og gummiprodukter",0.03125
Occupation,http://data.europa.eu/esco/occupation/16bf6d6f-64ec-4f80-9070-f81a7b179d53,3122.4.14,"arbeidsleder, presisjonsmekanikk",0.0
Occupation,http://data.europa.eu/esco/occupation/4b536ea7-ebac-4f75-8356-94eb639f1ecc,3122.4.15,arbeidsleder for trykkproduksjon,0.0
Occupation,http://data.europa.eu/esco/occupation/bdfd018a-aae1-407e-a88c-471e50b0695d,3122.4.16,"arbeidsleder, treindustri",0.0227272727272727
Occupation,http://data.europa.eu/esco/occupation/40517ed4-2769-4283-a15b-4b0d939bd2d3,3122.4,produksjonsleder,0.0465116279069767
Occupation,http://data.europa.eu/esco/occupation/139fba7b-6c1f-40ee-8acf-78f97e57c905,3122.5,"produksjonsleder, avfallshåndtering",0.266666666666666
ISCO level 4,http://data.europa.eu/esco/isco/C3122,3122,Arbeidsleder,0.04557844234900579
Occupation,http://data.europa.eu/esco/occupation/046574a1-9bb3-4a80-8a7b-83dc7db1dae2,3123.1.1,"arbeidsleder, murerarbeid",0.0925925925925925
Occupation,http://data.europa.eu/esco/occupation/05ebeb56-6ceb-488d-ba91-ed15088efc8e,3123.1.2,"arbeidsleder, brobygging",0.0181818181818181
Occupation,http://data.europa.eu/esco/occupation/87580fa5-39d2-4b7e-9274-b744e684f17c,3123.1.3,"arbeidsleder, tømrere",0.0833333333333333
Occupation,http://data.europa.eu/esco/occupation/20db07fc-cc02-46aa-a4fc-b3c73ba8fa8f,3123.1.4,"arbeidsleder, betongarbeidere",0.0909090909090909
Occupation,http://data.europa.eu/esco/occupation/6a67114c-60a3-4cec-af26-c7df6fe6e9b5,3123.1.5,"arbeidsleder, bygningsmalearbeid",0.0612244897959183
Occupation,http://data.europa.eu/esco/occupation/2ea3070e-3d0b-4de6-b5bd-fe4a04649b04,3123.1.6,"arbeidsleder, stillasbygging",0.0208333333333333
Occupation,http://data.europa.eu/esco/occupation/b206a740-c7eb-407d-9cdb-93502368c4d8,3123.1.7,"arbeidsleder, kranarbeid",0.0238095238095238
Occupation,http://data.europa.eu/esco/occupation/9defc0f8-3eed-4a56-80e1-d534983aff4f,3123.1.8,"arbeidsleder, rivningsarbeid",0.137254901960784
Occupation,http://data.europa.eu/esco/occupation/57d1be2e-c476-43fb-b014-fa58602cac95,3123.1.9,"arbeidsleder, demonteringsarbeid",0.2
Occupation,http://data.europa.eu/esco/occupation/71e4891f-48a6-435f-8897-208969fb4e44,3123.1.10,"arbeidsleder, mudringsarbeid",0.0714285714285714
Occupation,http://data.europa.eu/esco/occupation/8862c29b-3810-4fbc-85c7-c9ee87535f73,3123.1.11,elinstallatør,0.0526315789473684
Occupation,http://data.europa.eu/esco/occupation/ceb9910a-1174-4926-82c9-5afee2bd3702,3123.1.12,"arbeidsleder, glassmontering",0.0566037735849056
Occupation,http://data.europa.eu/esco/occupation/0181835d-dd00-49e2-9fc4-e1382a65957f,3123.1.13,"arbeidsleder, isoleringsarbeid",0.2631578947368421
Occupation,http://data.europa.eu/esco/occupation/2e85b540-4a92-47f3-bc8c-0699c51692d1,3123.1.14,"arbeidsleder, heismontering",0.02
Occupation,http://data.europa.eu/esco/occupation/18fbb1f8-eceb-4bf4-8fc7-932b8f6130cd,3123.1.15,"arbeidsleder, tapetseringsarbeid",0.0222222222222222
Occupation,http://data.europa.eu/esco/occupation/aecb033a-2be8-459c-bbdc-87bbae922894,3123.1.16,"arbeidsleder, gipsarbeid",0.02
Occupation,http://data.europa.eu/esco/occupation/0763c810-8ac6-4e39-867d-780a11af26e0,3123.1.17,"arbeidsleder, rørleggerarbeid",0.0408163265306122
Occupation,http://data.europa.eu/esco/occupation/1e55f5e3-2f02-434b-997b-9a9f3eb745e8,3123.1.18,"arbeidsleder, kraftledningsinstallasjoner",0.0232558139534883
Occupation,http://data.europa.eu/esco/occupation/2a226be5-6157-49e9-bd4b-e3b46d55c082,3123.1.19,"arbeidsleder, jernbanebygging",0.02
Occupation,http://data.europa.eu/esco/occupation/7c205166-d862-45fc-90e5-58a3aa3721dd,3123.1.20,arbeidsleder for veibygging,0.0175438596491228
Occupation,http://data.europa.eu/esco/occupation/66dc9349-6ca3-4ce4-9865-40686234d752,3123.1.21,"arbeidsleder, takarbeid",0.14
Occupation,http://data.europa.eu/esco/occupation/2b318e09-1a5d-4d7f-85a7-fe78945fe917,3123.1.22,"arbeidsleder, oppføring av kloakknett",0.0188679245283018
Occupation,http://data.europa.eu/esco/occupation/a603fdd9-31e7-424a-883a-e9f6bf88085a,3123.1.23,"arbeidsleder, jernkonstruksjonsarbeid",0.0178571428571428
Occupation,http://data.europa.eu/esco/occupation/8249697a-3dc8-417d-9acf-3a7e0864069a,3123.1.24,arbeidsleder for terrazzoflislegging,0.0222222222222222
Occupation,http://data.europa.eu/esco/occupation/18cff178-4ef0-46c9-a6e5-f6f38179cdcb,3123.1.25,"arbeidsleder, flisleggingsarbeid",0.02
Occupation,http://data.europa.eu/esco/occupation/60d77070-2cf4-4883-b44d-91e8ce54db86,3123.1.26,"arbeidsleder, vannforsyning",0.113636363636363
Occupation,http://data.europa.eu/esco/occupation/0dd7e6cd-2e5a-4fae-9ce0-6a3622d4019f,3123.1,"arbeidsleder, bygg og anlegg",0.145833333333333
Occupation,http://data.europa.eu/esco/occupation/e575efca-c3e4-43fe-8c46-327d310f795e,3123.2,leder for undervannskonstruksjon,0.0172413793103448
ISCO level 4,http://data.europa.eu/esco/isco/C3123,3123,Arbeidsleder,0.0654091961020441
ISCO level 3,http://data.europa.eu/esco/isco/C313,313,Prosesskontrollører,0.16631771262619352
Occupation,http://data.europa.eu/esco/occupation/47af27c4-5b45-4cce-ba01-4e96f8cf97b9,3131.1,operatør av offshoreanlegg for fornybar energi,0.34782608695652173
Occupation,http://data.europa.eu/esco/occupation/a32187fa-bc37-4fc2-8e89-296632bfc271,3131.2,tekniker på landbasert vindpark,0.203389830508474
Occupation,http://data.europa.eu/esco/occupation/74332fd0-4a50-464e-9116-98fa9b8127ac,3131.3.1,"operatør, strømdistribusjon",0.111111111111111
Occupation,http://data.europa.eu/esco/occupation/7cdeb653-8f3d-4921-832b-b95f9d700a86,3131.3.2,operatør av elektrisitetssystem,0.161290322580645
Occupation,http://data.europa.eu/esco/occupation/16b974f4-cb8c-436c-8c05-a16957c40131,3131.3.3,"energiverksoperatør, fossilt brensel",0.13953488372093
Occupation,http://data.europa.eu/esco/occupation/c3959398-a5d7-4b26-abcf-ef7af87e5822,3131.3.4,operatør på geotermisk kraftanlegg,0.222222222222222
Occupation,http://data.europa.eu/esco/occupation/12938d1a-eeb2-4b1e-a22b-f0bebeadfb73,3131.3.5,operatør på vannkraftverk,0.36
Occupation,http://data.europa.eu/esco/occupation/b2eacfdf-5de5-4e8c-a8cb-3d32e201c210,3131.3.6,"driftstekniker, kjernekraftverk",0.09090909090909091
Occupation,http://data.europa.eu/esco/occupation/f33a70bd-c5b6-495d-8e0c-5e2c6e56d93e,3131.3.7,"kontrollromoperatør, kraftverk",0.111111111111111
Occupation,http://data.europa.eu/esco/occupation/6d823dbb-4008-4fb7-b98d-f9d934478647,3131.3.8,operatør ved solenergianlegg,0.241935483870967
Occupation,http://data.europa.eu/esco/occupation/aac62c63-b6bf-4387-8ba3-75a487f25824,3131.3.9,operatør av dampturbin,0.0666666666666666
Occupation,http://data.europa.eu/esco/occupation/72381086-cb6e-455e-a40b-ccb26550aab6,3131.3,operatør på energikraftverk,0.158730158730158
ISCO level 4,http://data.europa.eu/esco/isco/C3131,3131,Energikontrolloperatører,0.18456058069899142
Occupation,http://data.europa.eu/esco/occupation/3e626058-f669-4503-84ec-6ae1a6077a61,3132.1,driftstekniker ved forbrenningsanlegg,0.06666666666666667
Occupation,http://data.europa.eu/esco/occupation/1b48fbd2-688f-4ba9-b430-86b2ae273724,3132.2,operatør ved anlegg for flytende avfall,0.580645161290322
Occupation,http://data.europa.eu/esco/occupation/fd6a1c18-b0ff-419f-a36a-e05957452d55,3132.3,"operatør, behandling av fast avfall",0.7
Occupation,http://data.europa.eu/esco/occupation/d43e9693-7087-412c-b54c-e9068012630a,3132.4,operatør ved spillvannanlegg,0.484848484848484
Occupation,http://data.europa.eu/esco/occupation/d99e2022-cbe1-4aaa-8f9d-7db129d61f0c,3132.5,tekniker ved spillvannanlegg,0.333333333333333
Occupation,http://data.europa.eu/esco/occupation/7f800e7d-9d86-406a-9116-b5eca7526869,3132.6,tekniker ved vannverk,0.4
Occupation,http://data.europa.eu/esco/occupation/1ab184b6-de00-4476-ba1d-c6a71c668be3,3132.7,"systemoperatør, vannverk",0.290322580645161
ISCO level 4,http://data.europa.eu/esco/isco/C3132,3132,Kontrolloperatører ved forbrennings- kjøle- og vannrenseanlegg mv.,0.4079737466834238
Occupation,http://data.europa.eu/esco/occupation/235ce16a-1ef7-4535-a82e-e371213c392b,3133.1.1,"prosessoperatør, luftseparasjonsanlegg",0.04
Occupation,http://data.europa.eu/esco/occupation/6eb85dd0-1188-4081-bf54-1345fb5de3ca,3133.1.2,biogasstekniker,0.25
Occupation,http://data.europa.eu/esco/occupation/b21aac17-8237-4264-bc2c-0e315346fd8f,3133.1.3,"kontrollromoperatør, kjemisk anlegg",0.0625
Occupation,http://data.europa.eu/esco/occupation/cbdbe324-81fe-48da-a8f7-0106dd94a05b,3133.1.4,driftsleder på gassanlegg,0.073170731707317
Occupation,http://data.europa.eu/esco/occupation/f1c8c186-bef9-4d72-9257-90fc4f992ab7,3133.1.5,"prosessoperatør, kjemisk industri",0.0
Occupation,http://data.europa.eu/esco/occupation/a241eff8-309b-43ae-8890-ac4cfbd3067c,3133.1,"kontrollør, kjemisk prosessanlegg",0.1
ISCO level 4,http://data.europa.eu/esco/isco/C3133,3133,Kontrolloperatører innen kjemisk prosessindustri,0.08761178861788617
Occupation,http://data.europa.eu/esco/occupation/47ae3ed9-e03c-450e-9ea8-aab317545adc,3134.1,kontrollromoperatør ved gassanlegg,0.0
Occupation,http://data.europa.eu/esco/occupation/d26a941d-443a-4301-a648-3cb3a4427775,3134.2,operatør ved gassanlegg,0.0571428571428571
Occupation,http://data.europa.eu/esco/occupation/217e7ae2-605d-4225-afd2-6319c2408116,3134.3,kontrollromoperatør på oljeraffineri,0.0
Occupation,http://data.europa.eu/esco/occupation/026a5233-cad9-4b1d-8852-22c2685ab34e,3134.4,operatør av oljepumpesystem,0.0
Occupation,http://data.europa.eu/esco/occupation/7afeee90-5672-470d-b061-24ffaafb2fc9,3134.5,skiftleder ved raffineri,0.0
ISCO level 4,http://data.europa.eu/esco/isco/C3134,3134,Kontrolloperatører ved olje- og naturgassraffineringsanlegg,0.01142857142857142
Occupation,http://data.europa.eu/esco/occupation/528e63a7-91be-4477-be2f-69ce82deb726,3135.1,operatør av smelteovn,0.0
ISCO level 4,http://data.europa.eu/esco/isco/C3135,3135,Kontrolloperatører innen metallproduksjon,0.0
Occupation,http://data.europa.eu/esco/occupation/f444e8ec-5eed-4777-866e-7127aa06ce4f,3139.1.1,"prosesstekniker, klesproduksjon",0.105263157894736
Occupation,http://data.europa.eu/esco/occupation/869e3a85-6e4c-4e3c-b14f-a8399c1abd2d,3139.1,"operatør, automatisk samlebånd",0.0
Occupation,http://data.europa.eu/esco/occupation/5001506f-dd7d-4801-92ac-6f7e93b45133,3139.2,industrirobotoperatør,0.0
Occupation,http://data.europa.eu/esco/occupation/d0d7d777-073f-4c33-8f27-1d4a0e8e626f,3139.3,"maskinoperatør, papirmasseproduksjon",0.0625
ISCO level 4,http://data.europa.eu/esco/isco/C3139,3139,Andre prosesskontrolloperatører,0.041940789473684
ISCO level 3,http://data.europa.eu/esco/isco/C314,314,Bioteknikere mv.,0.15224417708719104
Occupation,http://data.europa.eu/esco/occupation/0da75680-fbf9-44d8-802a-ac12eb425a34,3141.1,"tekniker, bioteknologi",0.162790697674418
Occupation,http://data.europa.eu/esco/occupation/f3b99acc-b212-45cf-bb4f-7b83cc6f0d71,3141.2.1,laboratorietekniker innen bakteriologi,0.048780487804878
Occupation,http://data.europa.eu/esco/occupation/95324a4a-a5ea-4d89-8ede-4422ccb46a28,3141.2.2,biokjemitekniker,0.0454545454545454
Occupation,http://data.europa.eu/esco/occupation/31cc4199-703c-4f8a-9b46-a2070a6d35df,3141.2.3,laboratorietekniker innen biologi,0.117647058823529
Occupation,http://data.europa.eu/esco/occupation/2c5ae1b4-c3ca-4882-b7ce-e346ae5b5b00,3141.2.4,laboratorietekniker innen botanikk,0.288888888888888
Occupation,http://data.europa.eu/esco/occupation/ff4c28e2-66b1-4ae7-9053-fba8ec3428be,3141.2.5,zoologitekniker,0.128205128205128
Occupation,http://data.europa.eu/esco/occupation/4fef1907-cf82-413b-841a-02ef57e299a6,3141.2,vitenskapelig laboratorietekniker,0.0120481927710843
ISCO level 4,http://data.europa.eu/esco/isco/C3141,3141,Bioteknikere (ikke-medisinske laboratorier),0.11483071423178151
Occupation,http://data.europa.eu/esco/occupation/f9cbdeb4-1559-4d45-b2d7-edf8aebe400b,3142.1.1,kvalitetsinspektør innen akvakultur,0.166666666666666
Occupation,http://data.europa.eu/esco/occupation/ac036ea7-883a-4265-96d5-c02bbe6667e1,3142.1.2,driftsleder ved akvakulturbruk,0.16666666666666666
Occupation,http://data.europa.eu/esco/occupation/b9e51ff4-d7fb-4653-bc72-65086ffc6e65,3142.1.3,rådgiver innen vinproduksjon,0.310344827586206
Occupation,http://data.europa.eu/esco/occupation/1f8314c2-01bd-4af4-babc-04d7034591b8,3142.1,agrotekniker,0.116279069767441
ISCO level 4,http://data.europa.eu/esco/isco/C3142,3142,Agroteknikere,0.18998930767174493
Occupation,http://data.europa.eu/esco/occupation/fbf3aefb-70ff-440b-8724-bac3ed5e2c93,3143.1,skogbrukstekniker,0.263157894736842
ISCO level 4,http://data.europa.eu/esco/isco/C3143,3143,Skogteknikere,0.263157894736842
ISCO level 3,http://data.europa.eu/esco/isco/C315,315,Skipoffiserer,0.022063144524418547
Occupation,http://data.europa.eu/esco/occupation/340b04fd-6312-47e5-80ff-28222a343864,3151.1,fiskeritekniker,0.107142857142857
Occupation,http://data.europa.eu/esco/occupation/cd19e8d1-6abd-4c99-a9bb-85e7c30aca31,3151.2,førstemaskinist,0.0869565217391304
Occupation,http://data.europa.eu/esco/occupation/9dbbeb2c-0d51-4c03-8ef6-8dfa7360db22,3151.3,"maskinassistent, skip",0.0303030303030303
Occupation,http://data.europa.eu/esco/occupation/6ce86c90-36cc-43ef-a1e0-885d8151f976,3151.4,skipsmaskinist,0.0
ISCO level 4,http://data.europa.eu/esco/isco/C3151,3151,Skipsmaskinister,0.05610060229625442
Occupation,http://data.europa.eu/esco/occupation/e3df1f82-3df9-41e5-8487-635e184653d1,3152.1,dekksoffiser,0.0357142857142857
Occupation,http://data.europa.eu/esco/occupation/6474e4d4-e3a6-4e88-83ee-971ebbf954e9,3152.2,rormann,0.0266666666666666
Occupation,http://data.europa.eu/esco/occupation/1ff5cf0d-e81f-4287-ba00-096816b16777,3152.3,los,0.0
Occupation,http://data.europa.eu/esco/occupation/f2a416b8-c7e4-49ee-964d-a49f6af79b84,3152.4,skipsfører,0.075
Occupation,http://data.europa.eu/esco/occupation/ee646fa1-3f09-4e43-9275-3aa958ca00ae,3152.5,skipper,0.0476190476190476
Occupation,http://data.europa.eu/esco/occupation/17e39591-7137-4960-94c8-8169f7a5d67b,3152.6,vakthavende offiser,0.0
ISCO level 4,http://data.europa.eu/esco/isco/C3152,3152,Dekksoffiserer og loser,0.030833333333333313
Occupation,http://data.europa.eu/esco/occupation/81a1e1f5-cce3-444d-bfc3-9771236d57cd,3153.1,flyvedlikeholdsingeniør,0.0
Occupation,http://data.europa.eu/esco/occupation/807a1ac3-4f56-41f3-a68c-d653d558eb0a,3153.2.1,annenflyger,0.0192307692307692
Occupation,http://data.europa.eu/esco/occupation/522c55ca-ee4a-407d-9fc6-f810c5266523,3153.2.2.1,trafikkflyger med ATPL-sertifikat,0.0
Occupation,http://data.europa.eu/esco/occupation/523ab5a0-5e72-418d-9d61-a6126a446123,3153.2.2,trafikkflyger,0.0
Occupation,http://data.europa.eu/esco/occupation/b3b32930-05f0-4b2e-93bf-34d1e3f89a3b,3153.2.3,flyinstruktør,0.0
Occupation,http://data.europa.eu/esco/occupation/476420bb-2577-4f79-ad32-186f19c4fd02,3153.2.4,helikopterpilot,0.0
Occupation,http://data.europa.eu/esco/occupation/8a42240b-2b5c-4f6f-8787-f0547fbc46c5,3153.2.5,"pilot, privatflyger",0.0
Occupation,http://data.europa.eu/esco/occupation/d48d4949-73a2-40d7-8350-329cda6b5a9a,3153.2.6,flymaskinist,0.0
Occupation,http://data.europa.eu/esco/occupation/9a4ba556-e72b-49c2-834c-d6a03a2fc906,3153.2,"pilot, trafikkflyger",0.0113636363636363
Occupation,http://data.europa.eu/esco/occupation/d4edb527-2e5d-440c-9f8c-cd5caa9cc4d6,3153.3,astronaut,0.032258064516129
Occupation,http://data.europa.eu/esco/occupation/27a88c48-1d09-4a8c-a82a-a61ea16476d9,3153.4,dronepilot,0.078125
ISCO level 4,http://data.europa.eu/esco/isco/C3153,3153,Flygere,0.012816133646412226
Occupation,http://data.europa.eu/esco/occupation/4be03a63-0423-4e50-acbf-aec405bb0741,3154.1.1,flygelederassistent,0.0
Occupation,http://data.europa.eu/esco/occupation/f470b785-643c-46f9-8b31-6085427ab7b8,3154.1.2,spesialist innen luftfartsinformasjon,0.0
Occupation,http://data.europa.eu/esco/occupation/9967986b-570d-4db1-a179-aad7d1623ea8,3154.1.3,driftsansvarlig på flyplass,0.0158730158730158
Occupation,http://data.europa.eu/esco/occupation/3c2da05f-eb24-41f7-8307-46c96660fee0,3154.1,flygeleder,0.0
Occupation,http://data.europa.eu/esco/occupation/b0473a10-e3de-480c-a841-171f2356a074,3154.2,luftfartsinspektør,0.0333333333333333
Occupation,http://data.europa.eu/esco/occupation/e53e1bd8-7316-4fab-9338-c6a66f50e5b7,3154.3,flyoperasjonssjef,0.0
ISCO level 4,http://data.europa.eu/esco/isco/C3154,3154,Flygeledere,0.008201058201058183
Occupation,http://data.europa.eu/esco/occupation/0022f466-426c-41a4-ac96-a235c945cf97,3155.1,tekniker innen luftfartssikkerhet,0.0181818181818181
ISCO level 4,http://data.europa.eu/esco/isco/C3155,3155,Teknikere innen luftfartssikkerhet,0.0181818181818181
ISCO level 3,http://data.europa.eu/esco/isco/C321,321,Radiografer,0.0023041474654377854
Occupation,http://data.europa.eu/esco/occupation/57a73b7c-cf10-4852-b067-c25833fa149e,3211.1,perfusjonist,0.0
Occupation,http://data.europa.eu/esco/occupation/e139b0a3-3bc5-4c33-bfbf-51ac20ac12fa,3211.2,stråleterapeut,0.0161290322580645
ISCO level 4,http://data.europa.eu/esco/isco/C3211,3211,Radiografer mv.,0.00806451612903225
Occupation,http://data.europa.eu/esco/occupation/0044c991-c26f-4261-a213-4bd1c0564a4c,3212.2,medisinsk laboratorieassistent,0.0
ISCO level 4,http://data.europa.eu/esco/isco/C3212,3212,Bioingeniører,0.0
Occupation,http://data.europa.eu/esco/occupation/c1a86d6d-7785-43e1-994b-958eba58fff7,3213.1,apotekmedarbeider,0.0
Occupation,http://data.europa.eu/esco/occupation/82b5c6dc-6a4d-4415-80d8-5cfedfc54de7,3213.2,klinisk forsøksassistent,0.0
ISCO level 4,http://data.europa.eu/esco/isco/C3213,3213,Reseptarer,0.0
Occupation,http://data.europa.eu/esco/occupation/521bbfd5-c179-46e3-879b-e74bd6db367c,3214.1,audiograf,0.0
Occupation,http://data.europa.eu/esco/occupation/929b5c9d-2fbf-44f2-980d-2ac6c0dc212f,3214.3,protesemaker,0.0
ISCO level 4,http://data.europa.eu/esco/isco/C3214,3214,Protese- og tannteknikere,0.0
ISCO level 3,http://data.europa.eu/esco/isco/C322,322,,0.0
Occupation,http://data.europa.eu/esco/occupation/30194ac4-93b8-4450-8a15-f6f7cbe351cb,3222.1,barsel- og barnepleier,0.0
ISCO level 4,http://data.europa.eu/esco/isco/C3222,3222,,0.0
ISCO level 3,http://data.europa.eu/esco/isco/C323,323,Yrker innen alternativ medisin,0.0
Occupation,http://data.europa.eu/esco/occupation/463558cd-6e02-43a8-a675-d4e65af70431,3230.1,urteterapeut,0.0
ISCO level 4,http://data.europa.eu/esco/isco/C3230,3230,Yrker innen alternativ medisin,0.0
ISCO level 3,http://data.europa.eu/esco/isco/C324,324,Dyrepleiere,0.029923452295166898
Occupation,http://data.europa.eu/esco/occupation/289c7385-2342-4a4e-b0b1-7b2e977aea79,3240.1,"dyreterapeut, alternativbehandling",0.0425531914893617
Occupation,http://data.europa.eu/esco/occupation/15cc27b1-7358-48ed-9fb8-69ffe9f1fc98,3240.2.1,"tekniker, inseminering av dyr",0.0227272727272727
Occupation,http://data.europa.eu/esco/occupation/319f9864-7f13-4b0c-a827-d50295e239ad,3240.2.2,"tekniker, overføring av dyrefoster",0.0294117647058823
Occupation,http://data.europa.eu/esco/occupation/32ef07df-1b0a-439a-916e-8289eb9f4895,3240.2.3,"tanntekniker, hest",0.0333333333333333
Occupation,http://data.europa.eu/esco/occupation/24f1eb3a-e99c-4c38-9bda-ba2ba6bf9fa4,3240.2.4,veterinærsykepleier,0.0333333333333333
Occupation,http://data.europa.eu/esco/occupation/99ebf2c2-1811-4c77-b2e6-7008cba29ea0,3240.2,veterinærtekniker,0.0181818181818181
ISCO level 4,http://data.europa.eu/esco/isco/C3240,3240,Dyrepleiere,0.029923452295166898
ISCO level 3,http://data.europa.eu/esco/isco/C325,325,Andre helseyrker,0.07007834005666401
Occupation,http://data.europa.eu/esco/occupation/bdc74965-1d1a-4f8e-a490-9cf71f494e02,3251.1,tannlegeassistent,0.0
ISCO level 4,http://data.europa.eu/esco/isco/C3251,3251,Tannpleiere,0.0
Occupation,http://data.europa.eu/esco/occupation/6219f0ef-6414-4d01-9221-41ac25dcb409,3252.1.1,lege med ansvar for klinisk koding,0.0
Occupation,http://data.europa.eu/esco/occupation/14eb2c85-fce5-40b6-bcd0-46ac99994b0d,3252.1,journalmedarbeider,0.0
Occupation,http://data.europa.eu/esco/occupation/983c2816-a339-4817-97f4-151a9ff3e64d,3252.2,ansvarlig for medisinske journaler,0.0
Occupation,http://data.europa.eu/esco/occupation/32ac76f6-20a0-469e-8cac-e68634087dd3,3252.3,administrator av bildearkiverings- og kommunikasjonssystem,0.0
Occupation,http://data.europa.eu/esco/occupation/92be1fac-97c4-4d4d-ada7-f6aa07d6f316,3252.4,ventelistekoordinator,0.0
ISCO level 4,http://data.europa.eu/esco/isco/C3252,3252,,0.0
Occupation,http://data.europa.eu/esco/occupation/b560456a-bc4d-41a9-94c8-bf8636147246,3253.1.1,førstehjelpsinstruktør,0.0
Occupation,http://data.europa.eu/esco/occupation/c7ad889f-10fc-4346-b740-bd479ad82b47,3253.1,helsefagarbeider,0.0
ISCO level 4,http://data.europa.eu/esco/isco/C3253,3253,,0.0
Occupation,http://data.europa.eu/esco/occupation/1084e2d6-b153-4090-8065-c9231f71d4f0,3254.1.1,optometrist,0.0
Occupation,http://data.europa.eu/esco/occupation/6e0e068b-cd5c-4400-8899-54056087fa14,3254.1,optiker,0.0
ISCO level 4,http://data.europa.eu/esco/isco/C3254,3254,Optikere,0.0
Occupation,http://data.europa.eu/esco/occupation/9487f835-b5a9-4742-8ecf-35520911e28c,3255.1,massasjeterapeut,0.0
Occupation,http://data.europa.eu/esco/occupation/f88124d7-ee7e-4d21-9036-0658b496c119,3255.2,fysioterapiassistent,0.0
Occupation,http://data.europa.eu/esco/occupation/b01affdd-c8a9-4121-bc50-a5be17f014eb,3255.3,shiatsubehandler,0.0
Occupation,http://data.europa.eu/esco/occupation/ceda6443-e1dd-4890-b018-42318e3abac2,3255.4,terapeut innen sofrologi,0.0
ISCO level 4,http://data.europa.eu/esco/isco/C3255,3255,,0.0
Occupation,http://data.europa.eu/esco/occupation/0c041d1e-1841-4acb-b0a1-2c387a61bf65,3256.1,legeassistent,0.0
ISCO level 4,http://data.europa.eu/esco/isco/C3256,3256,Helsesekretærer,0.0
Occupation,http://data.europa.eu/esco/occupation/a092cb70-f3e3-4224-98a3-b97c0114de77,3257.1,miljø- og helseinspektør,0.243243243243243
Occupation,http://data.europa.eu/esco/occupation/c872187a-079b-413b-8503-7b5dd92abb88,3257.2,"juridisk rådgiver, matproduksjon",0.0348837209302325
Occupation,http://data.europa.eu/esco/occupation/7d8b3c73-20f8-467e-91e4-00378673a2cd,3257.3,næringsmiddelinspektør,0.0
Occupation,http://data.europa.eu/esco/occupation/b3867d0a-e902-4d88-b0c2-3e0d2cf35c83,3257.4.1,"inspektør, farlige materialer",0.589743589743589
Occupation,http://data.europa.eu/esco/occupation/de0856fe-21fa-46d6-88ee-f99d3b4946bc,3257.4.2,"inspektør, farlig avfall",0.787878787878787
Occupation,http://data.europa.eu/esco/occupation/a41acf2b-fb87-496f-aec3-7c5fdc5e9211,3257.4,"inspektør, industriavfall",0.484848484848484
Occupation,http://data.europa.eu/esco/occupation/43d49e27-302b-439d-bce6-86555527edb5,3257.5.1,helseinspektør,0.0
Occupation,http://data.europa.eu/esco/occupation/673f3266-ab1a-447d-9b28-fc5838dc07e3,3257.5,arbeidsmiljøinspektør,0.08196721311475409
Occupation,http://data.europa.eu/esco/occupation/1b422c31-f242-46b5-bbdc-aa63885e4b5c,3257.6,"HMS-inspektør, transport",0.142857142857142
Occupation,http://data.europa.eu/esco/occupation/2b31f745-f04f-4d2c-9692-4715e1448f80,3257.7,HMS-inspektør,0.0
ISCO level 4,http://data.europa.eu/esco/isco/C3257,3257,Helse- og miljøkontrollører,0.23654221826162317
Occupation,http://data.europa.eu/esco/occupation/64e909ad-1bd0-493c-a8dc-1afbed0c9c2f,3258.1,ambulansesjåfør,0.0
Occupation,http://data.europa.eu/esco/occupation/0b5dfc02-b825-4445-811d-d39ed442657e,3258.2,ambulansearbeider,0.0
ISCO level 4,http://data.europa.eu/esco/isco/C3258,3258,Ambulansepersonell,0.0
Occupation,http://data.europa.eu/esco/occupation/16e65196-3449-4c88-b379-0aa98f43db2b,3259.1,anestesitekniker,0.0172413793103448
Occupation,http://data.europa.eu/esco/occupation/d1b8c046-3867-423a-84fd-41f7be3a6d29,3259.2,medarbeider i psykologpraksis,0.0
Occupation,http://data.europa.eu/esco/occupation/66ca3643-e6f3-4c75-9300-40d813185b3e,3259.3,kiropraktorassistent,0.0
Occupation,http://data.europa.eu/esco/occupation/c56bb750-db0b-487b-89f4-82dee6dcab09,3259.4,covid-tester,0.0
Occupation,http://data.europa.eu/esco/occupation/68bc2af1-96ea-4ec2-8b2f-5cde76472135,3259.5,diettassistent,0.0
Occupation,http://data.europa.eu/esco/occupation/7b8b6118-6876-4a71-81a6-4b5fa9bfa221,3259.7,"tekniker, respirasjonsterapi",0.0
Occupation,http://data.europa.eu/esco/occupation/abae06d8-525f-4a2d-8bbd-67b559aad8f2,3259.8,temperaturkontrollør,0.0
ISCO level 4,http://data.europa.eu/esco/isco/C3259,3259,Andre helseyrker,0.0024630541871921144
ISCO level 3,http://data.europa.eu/esco/isco/C331,331,Yrker innen finanstjenester,0.007859207133015482
Occupation,http://data.europa.eu/esco/occupation/e20eee17-4876-4f21-a0cb-5d7f40c63cd8,3311.1,kapitalforvalter,0.025
Occupation,http://data.europa.eu/esco/occupation/fadb09c5-db84-4240-9fd6-68b4c0abeed5,3311.2.1,valutamegler,0.0
Occupation,http://data.europa.eu/esco/occupation/c9839843-6cac-4564-8aa7-de4a5b9b62e1,3311.2.3,fondsforvalter,0.0
Occupation,http://data.europa.eu/esco/occupation/8a3498c7-470a-4067-b48e-f330d9b702e8,3311.2.4.1,"underwriter, verdipapirer",0.0
Occupation,http://data.europa.eu/esco/occupation/c0463fbe-7914-48ac-84ec-abaee1a7f292,3311.2.4,verdipapirmegler,0.0
Occupation,http://data.europa.eu/esco/occupation/8ec6b513-3d44-4e94-b187-d55734a587a4,3311.2.5,børsmegler,0.0
Occupation,http://data.europa.eu/esco/occupation/c01cdf85-3ce0-4d12-ae86-e4e63493fafa,3311.2,finansmegler,0.0
Occupation,http://data.europa.eu/esco/occupation/1f305576-f57c-42c7-a139-728c72393cd4,3311.3.1,krafttrader,0.032258064516129
Occupation,http://data.europa.eu/esco/occupation/05a06850-d465-481e-9d68-792d4ad1da3e,3311.3.2,"trader, valutamarkedet",0.0
Occupation,http://data.europa.eu/esco/occupation/fc81b573-e0ea-4466-8560-c2bb278c314a,3311.3.3,futures-trader,0.0
Occupation,http://data.europa.eu/esco/occupation/4bc4170d-f4df-44e4-a3be-394242ae3017,3311.3.4,verdipapirhandler,0.0
Occupation,http://data.europa.eu/esco/occupation/3b6d4443-4518-4fb3-ae44-188a958e328d,3311.3.5,"trader, aksjemarkedet",0.0
Occupation,http://data.europa.eu/esco/occupation/60bc7374-9fa1-4bbd-b936-2676fca0bfb6,3311.3,finanstrader,0.0
ISCO level 4,http://data.europa.eu/esco/isco/C3311,3311,Finansmeglere,0.004404466501240692
Occupation,http://data.europa.eu/esco/occupation/5e4d156a-1f05-4b2c-b0f0-5abb82d52ed6,3312.1,bankrådgiver,0.0277777777777777
Occupation,http://data.europa.eu/esco/occupation/075e4d25-74b3-46fb-9b6e-6b53cdb196e7,3312.2.1,kredittanalytiker,0.0
Occupation,http://data.europa.eu/esco/occupation/1a87e487-6761-4374-b6db-100ac5a9ad5a,3312.2,kredittrådgiver,0.0212765957446808
Occupation,http://data.europa.eu/esco/occupation/32fafe2c-0099-4852-889e-46614ce9a9ae,3312.3,"kredittansvarlig, bank",0.0204081632653061
Occupation,http://data.europa.eu/esco/occupation/b3ce981c-5b32-4de2-8e53-502a6357b2bc,3312.4,analytiker kredittrisiko,0.0
Occupation,http://data.europa.eu/esco/occupation/8e185c49-704e-49c0-8584-a7e0b618f628,3312.5,lånerådgiver,0.0
Occupation,http://data.europa.eu/esco/occupation/ab5a5073-453c-4a93-aff7-345a19f8b954,3312.6,pantelångarantist,0.0
Occupation,http://data.europa.eu/esco/occupation/c227dcff-dd84-487e-a171-da3d919129bb,3312.7,studiefinansieringskoordinator,0.0
Occupation,http://data.europa.eu/esco/occupation/3f277813-3cab-4c5d-bfeb-613e449b31c5,3312.8,pantelånmedarbeider,0.0
ISCO level 4,http://data.europa.eu/esco/isco/C3312,3312,Kundebehandlere lån og kreditt,0.007718059643084955
Occupation,http://data.europa.eu/esco/occupation/bfe142b9-a049-4d41-89c4-fd2f34ac56b6,3313.1,regnskapsassistent,0.0
Occupation,http://data.europa.eu/esco/occupation/c3aae59e-1441-4b3e-bdd1-6da50dc7cf42,3313.2,bokholder,0.0
Occupation,http://data.europa.eu/esco/occupation/bb4ca5c1-879d-44e8-840d-24f320206bff,3313.3,fondadministrator,0.0
ISCO level 4,http://data.europa.eu/esco/isco/C3313,3313,Regnskapsførere,0.0
Occupation,http://data.europa.eu/esco/occupation/160c1469-bbb6-48d3-b2a7-db8b30d724b5,3314.1,aktuarassistent,0.0
Occupation,http://data.europa.eu/esco/occupation/d2e63d7e-2605-4af1-bb7d-b1ed9ad08825,3314.2,statistikkassistent,0.0
ISCO level 4,http://data.europa.eu/esco/isco/C3314,3314,,0.0
Occupation,http://data.europa.eu/esco/occupation/2339733d-5a37-4031-b587-db28848e4958,3315.1,saksbehandler for tvangsauksjoner av eiendom,0.0
Occupation,http://data.europa.eu/esco/occupation/f87779ae-7389-44e7-b155-16e87904857e,3315.2,gemmolog,0.0
Occupation,http://data.europa.eu/esco/occupation/01a83071-6533-4675-b2da-f0c6d02669f5,3315.3,skadebehandler,0.0
Occupation,http://data.europa.eu/esco/occupation/a2b81132-2147-4c8e-b250-e6290ed906ea,3315.4,etterforsker av forsikringssvindel,0.0
Occupation,http://data.europa.eu/esco/occupation/e91bc34c-0c4f-4ac9-8e2f-8f337d75f9ca,3315.5,forsikringsutreder,0.0
Occupation,http://data.europa.eu/esco/occupation/e93b3b49-12e1-4b47-991c-dd4b0aec17d8,3315.6,"takstmann, privat eiendom",0.0
Occupation,http://data.europa.eu/esco/occupation/afc5a0f4-42e5-4bfb-910c-2b54b44f99c5,3315.7,"takstkonsulent, eiendom",0.0714285714285714
Occupation,http://data.europa.eu/esco/occupation/bbefa1b2-521e-4d87-a7ad-9bbd0b32e271,3315.8,"takstmann, eiendom",0.0769230769230769
ISCO level 4,http://data.europa.eu/esco/isco/C3315,3315,Takstmenn,0.018543956043956037
ISCO level 3,http://data.europa.eu/esco/isco/C332,332,Agenter og meglere,0.027159335455734318
Occupation,http://data.europa.eu/esco/occupation/a198de8c-24b1-4002-982f-a57ae6d6c19c,3321.1,forsikringsmegler,0.0
Occupation,http://data.europa.eu/esco/occupation/7bcafcd7-3f35-4a72-849c-c92b334927fd,3321.2,"risikoanalytiker, forsikring",0.0
Occupation,http://data.europa.eu/esco/occupation/4975c4cc-a89f-4ea8-82aa-501258dfb2f9,3321.3.1,"underwriter, eiendomsforsikring",0.0
Occupation,http://data.europa.eu/esco/occupation/e937449a-d9e0-4ab7-9ea5-4d3ac673be6d,3321.3,"underwriter, forsikring",0.0
ISCO level 4,http://data.europa.eu/esco/isco/C3321,3321,Forsikringsagenter,0.0
Occupation,http://data.europa.eu/esco/occupation/4c6b3657-316e-43b5-872a-ea763411190d,3322.1.1,elsalgskonsulent,0.179487179487179
Occupation,http://data.europa.eu/esco/occupation/ff3a164d-4045-4511-a472-49093dabf9fc,3322.1.2,"selger, fornybar energi",0.272727272727272
Occupation,http://data.europa.eu/esco/occupation/14031d4a-6e99-442f-b4fe-18262b6432b2,3322.1,salgsrepresentant,0.0131578947368421
ISCO level 4,http://data.europa.eu/esco/isco/C3322,3322,Selgere (engros),0.15512411565043102
Occupation,http://data.europa.eu/esco/occupation/cc844eb8-c81d-40ff-af3d-119700e60f23,3323.1,kostymeinnkjøper,0.0
Occupation,http://data.europa.eu/esco/occupation/095169ac-feee-4fcf-bff7-222ab6d84bc4,3323.2.1,innkjøper av råkaffe,0.0
Occupation,http://data.europa.eu/esco/occupation/bb95ef58-9139-4967-bfc1-da8386a4e672,3323.2.2,IKT-innkjøper,0.0285714285714285
Occupation,http://data.europa.eu/esco/occupation/dbdc9f7b-31c6-4f21-a9c5-48253bb69c08,3323.2.3,innkjøpsplanlegger,0.0888888888888888
Occupation,http://data.europa.eu/esco/occupation/fd1c4e94-25aa-4020-b0ef-0cf5aaf2e4d2,3323.2.4,"designteknolog, tekstilproduksjon",0.0333333333333333
Occupation,http://data.europa.eu/esco/occupation/29fa406d-de89-4515-be8d-0fe7bda993f1,3323.2,innkjøper,0.081081081081081
Occupation,http://data.europa.eu/esco/occupation/9b3c6dd8-4d3b-4a12-8bb8-55bb2e92c3a6,3323.3,rekvisitør,0.0
Occupation,http://data.europa.eu/esco/occupation/d08b4700-758c-467d-ab77-d5a8029c4070,3323.4,frittstående offentlig innkjøper,0.0227272727272727
Occupation,http://data.europa.eu/esco/occupation/c3dc576e-2a58-4481-9b6f-9853067af8ea,3323.5,forhandler av tømmer,0.0571428571428571
ISCO level 4,http://data.europa.eu/esco/isco/C3323,3323,Innkjøpere,0.03463831797165126
Occupation,http://data.europa.eu/esco/occupation/94adbb11-1c90-4092-ae91-781e8a55865d,3324.1.1,skipsmegler,0.0666666666666666
Occupation,http://data.europa.eu/esco/occupation/e40e4a07-4246-4c6f-a51c-89d35b6fe75e,3324.1.2,avfallsmegler,0.625
Occupation,http://data.europa.eu/esco/occupation/2af80b12-a73a-4cc2-8af1-d26a1e60738d,3324.1,varemegler,0.0
Occupation,http://data.europa.eu/esco/occupation/e4cdfa86-c3b1-41f1-a4e2-384c73d03bd3,3324.2,råvarehandler,0.0
Occupation,http://data.europa.eu/esco/occupation/4b72d306-9781-434d-8522-1fcaf892cdce,3324.3,NVOCC-speditør,0.0
Occupation,http://data.europa.eu/esco/occupation/eb6e7100-446f-407c-a764-2d65f3ffc7eb,3324.4.1,grossist innen landbruksmaskiner og -utstyr,0.0
Occupation,http://data.europa.eu/esco/occupation/8c0524b8-f878-4c68-8293-698d07c1807c,3324.4.2,"grossist innen landbruksråvarer, frø og dyrefôr",0.0
Occupation,http://data.europa.eu/esco/occupation/e0904e3f-d3e7-4313-8ff9-3facf9fce70d,3324.4.3,grossist innen drikkevarer,0.0
Occupation,http://data.europa.eu/esco/occupation/c7ffc270-7bd2-4bb1-a51a-4766170d7935,3324.4.4,grossist innen kjemiske produkter,0.0
Occupation,http://data.europa.eu/esco/occupation/933a0762-1201-4855-909c-94403f6867a9,3324.4.5,grossist innen porselen og glasstøy,0.0
Occupation,http://data.europa.eu/esco/occupation/ceb1a21b-a6d5-49eb-a3f3-d53fec25d5f8,3324.4.6,grossist innen klær og sko,0.0
Occupation,http://data.europa.eu/esco/occupation/6fc25650-e69b-43c7-b4d5-3ca95acd7696,3324.4.7,"grossist innen kaffe, te, kakao og krydder",0.0
Occupation,http://data.europa.eu/esco/occupation/35d4ab0d-5a2a-4ed8-b8ba-7169314168f5,3324.4.8,engrosforhandler i perifert utstyr og programvare,0.0
Occupation,http://data.europa.eu/esco/occupation/5a2d0031-5dfd-46e8-8eb4-cf1d03876940,3324.4.9,grossist innen meieriprodukter og matoljer,0.0
Occupation,http://data.europa.eu/esco/occupation/a0872ef2-ecf2-476d-8390-3e81ae45a411,3324.4.10,grossist innen elektriske husholdningsapparater,0.0
Occupation,http://data.europa.eu/esco/occupation/2dcd3361-4c9b-4feb-a561-62257d6b31dd,3324.4.11,grossist innen elektronikk og telekommunikasjonsutstyr og -deler,0.0
Occupation,http://data.europa.eu/esco/occupation/2ee57107-08c6-4963-bdde-f2ee514e06d5,3324.4.12,"grossist innen fisk, skalldyr og bløtdyr",0.0
Occupation,http://data.europa.eu/esco/occupation/f3da16bd-157d-4a48-8a49-33809a8b5d96,3324.4.13,grossist innen blomster og planter,0.0
Occupation,http://data.europa.eu/esco/occupation/fd882949-aad7-42ff-825e-00d49a5ec469,3324.4.14,grossist innen frukt og grønnsaker,0.0
Occupation,http://data.europa.eu/esco/occupation/6648103b-6984-4880-b8c3-eacb9b0d2bc9,3324.4.15,"grossist innen møbler, tepper og belysning",0.0
Occupation,http://data.europa.eu/esco/occupation/a5a4e4d6-e705-4b38-96b5-225f8ab01f2c,3324.4.16,grossist innen jernvare- og VVS-utstyr,0.0
Occupation,http://data.europa.eu/esco/occupation/3f0093ab-651b-401a-b542-bba84ff46deb,3324.4.17,"grossist innen huder, skinn og lærprodukter",0.0
Occupation,http://data.europa.eu/esco/occupation/1739b07b-7e8f-4dcb-bc59-b5ae18f30077,3324.4.18,grossist innen husholdningsapparater,0.0
Occupation,http://data.europa.eu/esco/occupation/de50b422-8700-4153-955c-131c3d277738,3324.4.19,grossist innen levende dyr,0.0
Occupation,http://data.europa.eu/esco/occupation/650c4c7b-8cd8-4671-a38e-6e37e45e0c8e,3324.4.20,"grossist innen maskiner, industrielt utstyr, skip og fly",0.0
Occupation,http://data.europa.eu/esco/occupation/98fa571c-dc8f-438f-909f-f426ec322c72,3324.4.21,grossist innen verktøymaskiner,0.0
Occupation,http://data.europa.eu/esco/occupation/58db35e3-fe1f-44d2-8a9e-ab652fc1cec2,3324.4.22,grossist innen kjøtt og kjøttprodukter,0.0
Occupation,http://data.europa.eu/esco/occupation/b94e2f4c-6604-46a9-bc72-160fc9d2cf36,3324.4.23,grossist innen metaller og metallmalm,0.0
Occupation,http://data.europa.eu/esco/occupation/aaeb2402-2ab3-411f-9a44-8ff4dd092de6,3324.4.24,"grossist innen gruve-, bygg- og anleggsmaskiner",0.0
Occupation,http://data.europa.eu/esco/occupation/a486b6eb-207c-4aae-ad0b-397d0744b16f,3324.4.25,grossist innen kontormøbler,0.0
Occupation,http://data.europa.eu/esco/occupation/7fddf2b5-1ba7-4327-86f9-e5da8ddb28a6,3324.4.26,grossist innen kontormaskiner og -utstyr,0.0
Occupation,http://data.europa.eu/esco/occupation/0a7b874b-e5c0-4dea-8b88-dadba9efee1d,3324.4.27,grossist innen parfyme og kosmetikk,0.0
Occupation,http://data.europa.eu/esco/occupation/484ca14a-8e11-4ae1-ba9c-901cd86df56b,3324.4.28,grossist innen legemidler,0.0
Occupation,http://data.europa.eu/esco/occupation/6c2b32b4-2f62-4288-a359-3406022c3610,3324.4.29,"grossist innen sukker, sjokolade og søtsaker",0.0
Occupation,http://data.europa.eu/esco/occupation/6e6b62d7-4c9c-482a-9d59-7e20de0d8527,3324.4.30,grossist innen tekstilindustrimaskiner,0.0
Occupation,http://data.europa.eu/esco/occupation/a1ccbfc4-3afd-4408-8e5a-41832cdef511,3324.4.31,grossist innen tekstiler og tekstilhalvfabrikata og -råmaterialer,0.0
Occupation,http://data.europa.eu/esco/occupation/c871b431-2bef-4824-a504-50b60cf633f7,3324.4.32,grossist innen tobakksvarer,0.0
Occupation,http://data.europa.eu/esco/occupation/789a1a35-8e03-42da-857f-4216c4d2ac68,3324.4.33,grossist innen avfall og skrot,0.0526315789473684
Occupation,http://data.europa.eu/esco/occupation/8022c821-1ed0-414e-b440-63cc88943a89,3324.4.34,grossist innen klokker og smykker,0.0
Occupation,http://data.europa.eu/esco/occupation/d372e2e4-714a-4127-bb82-6b53eb817410,3324.4.35,grossist innen tre og byggematerialer,0.0
Occupation,http://data.europa.eu/esco/occupation/3ac7fbb4-91b2-4d4d-abc8-7a6c55ed648f,3324.4,grossist,0.0266666666666666
ISCO level 4,http://data.europa.eu/esco/isco/C3324,3324,Handels- og skipsmeglere,0.01880402225074882
ISCO level 3,http://data.europa.eu/esco/isco/C333,333,Forretningstjenesteyrker,0.028668166602578128
Occupation,http://data.europa.eu/esco/occupation/a3ef0728-7540-4676-ad18-cf0a7913b3ce,3331.1,tollfunksjonær,0.0
Occupation,http://data.europa.eu/esco/occupation/916d989e-0c5b-4c35-8d43-62ba65bebd30,3331.2.1.1,import-/eksportspesialist innen landbruksmaskiner og -utstyr,0.0
Occupation,http://data.europa.eu/esco/occupation/322635c9-3d93-4280-a359-0b693df21e93,3331.2.1.2,"import-/eksportspesialist innen landbruksråvarer, frø og dyrefôr",0.08
Occupation,http://data.europa.eu/esco/occupation/3d2637f9-e56a-4769-b3a9-e413f95c20db,3331.2.1.3,import-/eksportspesialist innen drikkevarer,0.0384615384615384
Occupation,http://data.europa.eu/esco/occupation/e95ea9ec-3ac6-4a2d-a3cc-f9e8829cf15e,3331.2.1.4,import-/eksportspesialist innen kjemiske produkter,0.04
Occupation,http://data.europa.eu/esco/occupation/dc6c0b28-adf7-4558-a987-2ef1506ef2d1,3331.2.1.5,import-/eksportspesialist innen porselen og glasstøy,0.0
Occupation,http://data.europa.eu/esco/occupation/aa8fdeff-ab03-4b99-bdba-2f7a1a5c8946,3331.2.1.6,import-/eksportspesialist innen klær og skotøy,0.0416666666666666
Occupation,http://data.europa.eu/esco/occupation/f3d2074e-3f44-45b0-b896-5ee5629a23c1,3331.2.1.7,"import-/eksportspesialist innen kaffe, te, kakao og krydder",0.0769230769230769
Occupation,http://data.europa.eu/esco/occupation/83b30677-6468-4a04-b20c-15daf6bc8fb5,3331.2.1.8,"import-/eksportspesialist innen datamaskiner, datatilbehør og programvare",0.0
Occupation,http://data.europa.eu/esco/occupation/f738f568-b4ff-4f23-acb7-5f99d9a3b393,3331.2.1.9,import-/eksportspesialist innen meieriprodukter og matoljer,0.0384615384615384
Occupation,http://data.europa.eu/esco/occupation/e763dfa6-924d-493b-892a-6435e0cffe70,3331.2.1.10,import-/eksportspesialist innen elektriske husholdningsapparater,0.0
Occupation,http://data.europa.eu/esco/occupation/d694b54f-208a-4154-9fe1-d3d335992467,3331.2.1.11,import-/eksportspesialist innen elektronikk og telekommunikasjonsutstyr,0.0
Occupation,http://data.europa.eu/esco/occupation/b789dae6-6c77-4f46-9253-098c424c92f2,3331.2.1.12,"import-/eksportspesialist for fisk, skalldyr og bløtdyr",0.04
Occupation,http://data.europa.eu/esco/occupation/3f2e63fb-dc50-4370-9f6a-85ddc338dcde,3331.2.1.13,import-/eksportspesialist innen blomster og planter,0.0833333333333333
Occupation,http://data.europa.eu/esco/occupation/39b4e367-94b5-49fe-bcd7-4b116865ca59,3331.2.1.14,import-/eksportspesialist innen frukt og grønnsaker,0.08
Occupation,http://data.europa.eu/esco/occupation/99d97310-29ea-443e-96a1-892c8d86ce54,3331.2.1.15,"import-/eksportspesialist innen møbler, tepper og belysning",0.0454545454545454
Occupation,http://data.europa.eu/esco/occupation/3ae7c42b-7929-402f-bcbc-882b8679abf4,3331.2.1.16,import-/eksportspesialist innen jernvare- og VVS-utstyr,0.0
Occupation,http://data.europa.eu/esco/occupation/f97dedb0-da68-4fc3-8bcc-3f4025ccacd3,3331.2.1.17,"import-/eksportspesialist innen huder, skinn og lærprodukter",0.0454545454545454
Occupation,http://data.europa.eu/esco/occupation/64421dde-df97-4c42-a25a-b3bc55b39ad6,3331.2.1.18,import-/eksportspesialist innen husholdningsapparater,0.0
Occupation,http://data.europa.eu/esco/occupation/8099a96a-753b-49fc-a36a-d70b8aa9fdcf,3331.2.1.19,import-/eksportspesialist innen levende dyr,0.0416666666666666
Occupation,http://data.europa.eu/esco/occupation/b53209fa-ba54-4a7a-b71c-bcc8014053ec,3331.2.1.20,"import-/eksportspesialist innen maskiner, industrielt utstyr, skip og fly",0.0
Occupation,http://data.europa.eu/esco/occupation/ef937393-3382-438d-b570-399d44b5a41c,3331.2.1.21,import-/eksportspesialist innen verktøymaskiner,0.0
Occupation,http://data.europa.eu/esco/occupation/33cd8ff4-62f2-4a3f-b053-6e009ecef6da,3331.2.1.22,import-/eksportspesialist innen kjøtt og kjøttprodukter,0.0769230769230769
Occupation,http://data.europa.eu/esco/occupation/e7117cdc-ee3d-45b0-9680-6b3a60c7c9b3,3331.2.1.23,import-/eksportspesialist innen metaller og metallmalm,0.0416666666666666
Occupation,http://data.europa.eu/esco/occupation/ba1e5427-46e0-4b6c-b196-5312d136dd3b,3331.2.1.24,"import-/eksportspesialist innen gruve-, bygg- og anleggsmaskiner",0.0
Occupation,http://data.europa.eu/esco/occupation/621b7aa1-b678-49ee-8caa-91b496f8bc5b,3331.2.1.25,import-/eksportspesialist innen kontormøbler,0.0
Occupation,http://data.europa.eu/esco/occupation/c143d51a-5267-41a8-a73b-9022cf74c495,3331.2.1.26,import-/eksportspesialist innen kontormaskiner og -utstyr,0.0
Occupation,http://data.europa.eu/esco/occupation/ddac39cf-5d8b-416a-b24b-9ce3a8a4a668,3331.2.1.27,import-/eksportspesialist innen parfyme og kosmetikk,0.0416666666666666
Occupation,http://data.europa.eu/esco/occupation/98588703-5f5c-41c6-a240-3411b6518b83,3331.2.1.28,import-/eksportspesialist innen legemidler,0.04
Occupation,http://data.europa.eu/esco/occupation/72d4b5a3-5458-41e5-8b4e-cb4fb3fd0fbc,3331.2.1.29,"import-/eksportspesialist innen sukker, sjokolade og søtsaker",0.08
Occupation,http://data.europa.eu/esco/occupation/f34cad67-3cd9-4d31-8dde-e439ac720136,3331.2.1.30,import-/eksportspesialist innen tekstilindustrimaskiner,0.0
Occupation,http://data.europa.eu/esco/occupation/e1fdd92c-46bd-45a0-8672-7f500c950cb0,3331.2.1.31,import-/eksportspesialist innen tekstiler og tekstilhalvfabrikata og -råmaterialer,0.0869565217391304
Occupation,http://data.europa.eu/esco/occupation/d907b046-682b-45fa-bdd0-d2ed7a382670,3331.2.1.32,import-/eksportspesialist innen tobakksvarer,0.0434782608695652
Occupation,http://data.europa.eu/esco/occupation/d3ac4c05-79e2-42da-b8c6-e55765aee381,3331.2.1.33,import-/eksportspesialist innen avfall og skrot,0.0869565217391304
Occupation,http://data.europa.eu/esco/occupation/891af43e-0946-4fa9-8115-a2b9be849cb0,3331.2.1.34,import-/eksportspesialist innen klokker og smykker,0.0
Occupation,http://data.europa.eu/esco/occupation/31f49d76-b2e4-4313-aeba-90650258dda9,3331.2.1.35,import-/eksportspesialist innen tre og byggematerialer,0.0833333333333333
Occupation,http://data.europa.eu/esco/occupation/61b859ed-24d8-48cf-9c1b-67d7a6c62bb5,3331.2.1,import-/eksportspesialist,0.032258064516129
Occupation,http://data.europa.eu/esco/occupation/8bc845cb-0702-47e4-aabc-4036032b0a8d,3331.2.2,skipsagent,0.0
Occupation,http://data.europa.eu/esco/occupation/39803100-c338-4f01-ad2c-085d488920ca,3331.2,spedisjonsleder,0.0208333333333333
Occupation,http://data.europa.eu/esco/occupation/56fa783a-cca4-42ef-8862-1fb6e43f215c,3331.3,internasjonal spedisjonskoordinator,0.0
ISCO level 4,http://data.europa.eu/esco/isco/C3331,3331,Speditører og befraktere,0.03213735893022357
Occupation,http://data.europa.eu/esco/occupation/84931290-ad27-45ad-b611-9556c5facbdb,3332.1,arrangementassistent,0.0
Occupation,http://data.europa.eu/esco/occupation/be54b8da-bc71-40f0-b150-45c5e0769375,3332.2.1,konferansearrangør,0.0277777777777777
Occupation,http://data.europa.eu/esco/occupation/6662e56e-bc3d-4d9b-bed2-79d510d7c4ff,3332.2.2,bryllupsplanlegger,0.0
Occupation,http://data.europa.eu/esco/occupation/1b38a27d-ef98-4d9f-b1b2-8c109bf47e79,3332.2,arrangementsjef,0.175
Occupation,http://data.europa.eu/esco/occupation/35bedc78-1c15-4db7-9c6d-c55e9b5c7b54,3332.3,kulturarrangør,0.0
ISCO level 4,http://data.europa.eu/esco/isco/C3332,3332,Konferanse- og arrangementsplanleggere mv.,0.04055555555555554
Occupation,http://data.europa.eu/esco/occupation/42a96d07-1e1d-49ae-9399-c1f4be27ddea,3333.1,arbeidsformidler,0.0
ISCO level 4,http://data.europa.eu/esco/isco/C3333,3333,Arbeidsformidlere,0.0
Occupation,http://data.europa.eu/esco/occupation/dd935705-d703-40ba-9ba7-2a8a2b7651b4,3334.1,eiendomsbestyrer,0.0666666666666666
Occupation,http://data.europa.eu/esco/occupation/b42d8731-386b-4d34-a824-4b736feee1e5,3334.2.1,medarbeider innen eiendomsoverdragelser,0.0
Occupation,http://data.europa.eu/esco/occupation/b915ab4a-f7b1-44bc-a5a4-585e91d31dfd,3334.2,eiendomsoppkjøpssjef,0.0277777777777777
Occupation,http://data.europa.eu/esco/occupation/d261a6a4-7ea7-4295-a84e-f4b1a56990d7,3334.3.1,utleieagent,0.0294117647058823
Occupation,http://data.europa.eu/esco/occupation/7e46c066-2b98-4eaf-bed6-9848c79902e0,3334.3.2,eiendomsinvestor,0.0666666666666666
Occupation,http://data.europa.eu/esco/occupation/8ec8df02-e9dd-43b7-b416-5846ae0414ab,3334.3,eiendomsmegler,0.0350877192982456
Occupation,http://data.europa.eu/esco/occupation/cee31c49-abe9-4f29-ad10-5eefe63f2a57,3334.4,sjef for eiendomsleasing,0.0408163265306122
Occupation,http://data.europa.eu/esco/occupation/0f5b4653-50b2-413a-826d-39d447480c21,3334.5,eiendomsforvalter,0.0227272727272727
ISCO level 4,http://data.europa.eu/esco/isco/C3334,3334,Eiendomsmeglere og - forvaltere,0.03614427429664046
Occupation,http://data.europa.eu/esco/occupation/f5332f2d-3119-4194-8b5c-d0a5d97f55ef,3339.1,annonseselger,0.0
Occupation,http://data.europa.eu/esco/occupation/f1ecc3c4-8212-4386-871a-6fda1b5b4d91,3339.2,auksjonarius,0.0
Occupation,http://data.europa.eu/esco/occupation/5a8835bf-65c7-48e3-ab2f-7ad98b3fdb59,3339.3,megler innen immaterialrett,0.0
Occupation,http://data.europa.eu/esco/occupation/21ae429f-a152-46a6-a73c-9ec65c7803f0,3339.4,bookingagent,0.0
Occupation,http://data.europa.eu/esco/occupation/1da55a33-09b3-4ac7-818e-2a0fea68cecc,3339.5,forvalter av utgivelsesrettigheter,0.0
Occupation,http://data.europa.eu/esco/occupation/2049d7ef-9ebe-41ae-b8b5-e97b77ee58a2,3339.6,flytteoperatør,0.0
Occupation,http://data.europa.eu/esco/occupation/c85e39a4-2c40-413f-a171-45907ecdd599,3339.7,agent,0.0
Occupation,http://data.europa.eu/esco/occupation/3ae4fd99-814a-4d06-a7db-5ee680c22e26,3339.8,forhandler av reiselivskontrakt,0.0
ISCO level 4,http://data.europa.eu/esco/isco/C3339,3339,Andre yrker innen forretningstjenester,0.0
ISCO level 3,http://data.europa.eu/esco/isco/C334,334,Sekretærer og arbeidsledere for kontorpersonell,0.0036764705882352915
Occupation,http://data.europa.eu/esco/occupation/30ca97f4-a4fd-4189-a781-ac08f6b09b78,3341.1,"analytiker, telefonsenter",0.0
Occupation,http://data.europa.eu/esco/occupation/580c98d4-fb97-4597-864c-54140f058f1b,3341.2,"kvalitetskontrollør, telefonsenter",0.0
Occupation,http://data.europa.eu/esco/occupation/6aa78e46-ce22-421f-8a75-e915ac63c9d0,3341.3,telefonsenteransvarlig,0.0
Occupation,http://data.europa.eu/esco/occupation/9d2aae3e-cbfe-409f-86cc-7cef9cd0435a,3341.4,"leder, kontaktsenter",0.0
Occupation,http://data.europa.eu/esco/occupation/af355ac4-dd89-44df-99a6-bba70202d6fe,3341.5,arbeidsleder for dataregistrering,0.0
Occupation,http://data.europa.eu/esco/occupation/0deaceea-69d8-4304-bc80-0b3d0491a241,3341.6,leder av feltundersøkelse,0.0
Occupation,http://data.europa.eu/esco/occupation/6e6839b6-099c-4802-906e-7f2c8203ee69,3341.7,kontorsjef,0.0
ISCO level 4,http://data.europa.eu/esco/isco/C3341,3341,Arbeidsledere for kontorpersonell,0.0
Occupation,http://data.europa.eu/esco/occupation/578470d7-1848-44cd-a769-96cdd64b2c37,3342.1,saksbehandler ved folkeregister,0.0
Occupation,http://data.europa.eu/esco/occupation/0264b794-3771-47aa-a675-78bf13b62ee7,3342.2,juridisk assistent,0.0
ISCO level 4,http://data.europa.eu/esco/isco/C3342,3342,Advokatsekretær,0.0
Occupation,http://data.europa.eu/esco/occupation/ac60ed89-da6d-4f1a-93ee-1031789c7796,3343.1.1,rettsskriver,0.0
Occupation,http://data.europa.eu/esco/occupation/55b4faa3-286f-4fc8-ac67-8bbb97d08820,3343.1.2,studieleder,0.0
Occupation,http://data.europa.eu/esco/occupation/1d6fbb43-f4c7-4839-8099-55eae5d424a5,3343.1.3,innsamlingsassistent,0.0
Occupation,http://data.europa.eu/esco/occupation/fcaab37b-ada2-4832-a2fd-9d64362e0280,3343.1.4,internasjonal studentutvekslingskoordinator,0.0
Occupation,http://data.europa.eu/esco/occupation/c9b2b0a7-0adc-4ca7-bf7c-dc95e18aeac7,3343.1.5,innkjøpsstøttemedarbeider,0.0
Occupation,http://data.europa.eu/esco/occupation/5ccb2c34-e860-43a5-9869-342487518115,3343.1.6,prosjektstøttemedarbeider,0.0
Occupation,http://data.europa.eu/esco/occupation/c8b296be-54ae-48cf-be21-031fa8457937,3343.1.7,"assistent, forsyningskjede",0.088235294117647
Occupation,http://data.europa.eu/esco/occupation/044d78cc-f62f-4532-83a5-8e04f2889652,3343.1,administrativ assistent,0.0
Occupation,http://data.europa.eu/esco/occupation/bcba793e-44fe-45eb-b0fb-56772529cbab,3343.2,redaktørassistent,0.0
Occupation,http://data.europa.eu/esco/occupation/2a04a1df-a3b9-403e-a245-e7f93fdddd44,3343.3,administrasjonssekretær,0.0
Occupation,http://data.europa.eu/esco/occupation/8cce40c1-4479-47e7-b5fc-c976631d919f,3343.4,administrasjonsassistent,0.0
Occupation,http://data.europa.eu/esco/occupation/42c769cd-4c60-4bac-94d2-29a492b82b74,3343.5,"domstolssekretær, korrekturleser",0.0
ISCO level 4,http://data.europa.eu/esco/isco/C3343,3343,Sjefssekretærer,0.007352941176470583
Occupation,http://data.europa.eu/esco/occupation/045f05f2-4ff8-46b2-9d08-e12a81657498,3344.1,medisinsk sekretær,0.0
Occupation,http://data.europa.eu/esco/occupation/8c8b5cba-14b2-4728-b22c-eb90f1786e00,3344.2,sjef for legepraksis,0.0
Occupation,http://data.europa.eu/esco/occupation/5d5fde2c-47ce-4dcd-99f0-ba651b7b908f,3344.3,legesekretær,0.0
ISCO level 4,http://data.europa.eu/esco/isco/C3344,3344,,0.0
ISCO level 3,http://data.europa.eu/esco/isco/C335,335,Yrker innen offentlig forvaltning,0.03833186290082837
Occupation,http://data.europa.eu/esco/occupation/5f16819d-50b9-475b-a2d8-607ee6d99a9d,3351.1,toller,0.0
Occupation,http://data.europa.eu/esco/occupation/933d02c0-3dfa-418f-9c2d-470b525cc42c,3351.2,håndbagasjekontrollør,0.0
Occupation,http://data.europa.eu/esco/occupation/6296faea-1909-4943-b0e0-662b43ad855d,3351.3,immigrasjonsbetjent,0.0
ISCO level 4,http://data.europa.eu/esco/isco/C3351,3351,Tollere,0.0
Occupation,http://data.europa.eu/esco/occupation/4a39fddb-17e7-4431-be03-613edab8d1c8,3352.1,skatteoppkrever,0.0
Occupation,http://data.europa.eu/esco/occupation/c766198e-5b9c-4c85-9fef-be27c783ab19,3352.2,skattefogd,0.0
ISCO level 4,http://data.europa.eu/esco/isco/C3352,3352,Skattefunksjonærer,0.0
Occupation,http://data.europa.eu/esco/occupation/2c83f279-a1d1-4c9f-a6aa-5e5ee1850e46,3353.1,trygdeinspektør,0.0
Occupation,http://data.europa.eu/esco/occupation/6724e558-2d75-4116-a473-91a4c14d4c69,3353.2.1,pensjonsadministrator,0.0357142857142857
Occupation,http://data.europa.eu/esco/occupation/4d750b7f-f40d-447c-ba90-f5fb0ee9ef27,3353.2,medarbeider innen sosialtjenester,0.0
ISCO level 4,http://data.europa.eu/esco/isco/C3353,3353,Saksbehandlere innen sosiale ytelser,0.011904761904761899
Occupation,http://data.europa.eu/esco/occupation/e19fe26f-0759-4bb1-af71-5bbecf3df69f,3354.1,innvandringsrådgiver,0.0
Occupation,http://data.europa.eu/esco/occupation/39c89133-bd2a-45db-b3eb-529b94daeeaf,3354.2,lisensgiver,0.0
Occupation,http://data.europa.eu/esco/occupation/aaf732b5-ee19-4c82-a08f-700fb98f5ca7,3354.3,passmedarbeider,0.0
ISCO level 4,http://data.europa.eu/esco/isco/C3354,3354,Saksbehandlere for førerkort,0.0
Occupation,http://data.europa.eu/esco/occupation/3cee6bea-4a19-4511-9bbb-fdf820857555,3355.1,kriminaletterforsker,0.0384615384615384
Occupation,http://data.europa.eu/esco/occupation/3880e9e8-bc2b-48d9-8afc-a0f258c1c4b0,3355.2,politietterforsker,0.0
Occupation,http://data.europa.eu/esco/occupation/ce2b8609-34c7-40d3-a4f7-581c76bd258a,3355.3,politiinspektør,0.0
ISCO level 4,http://data.europa.eu/esco/isco/C3355,3355,Politibetjenter mv.,0.012820512820512801
Occupation,http://data.europa.eu/esco/occupation/715b902f-b1b6-4366-afc6-ddb8ab715229,3359.1,landbruksinspektør,0.177777777777777
Occupation,http://data.europa.eu/esco/occupation/cb60beab-7afb-4e99-8162-221abea68e6d,3359.2,rådgiver for forbrukerrettigheter,0.037037037037037
Occupation,http://data.europa.eu/esco/occupation/c3fc5265-6333-483f-9339-b4b860efa08d,3359.3,fiskeriinspektør,0.175
Occupation,http://data.europa.eu/esco/occupation/6c7d333a-b2a9-4325-b25b-566d1ecc956d,3359.4,skogbruksinspektør,0.379310344827586
Occupation,http://data.europa.eu/esco/occupation/27c5097e-a2a3-4b2e-82a6-3b874ebfb092,3359.5.1,"lastinspektør, sjøfrakt",0.0
Occupation,http://data.europa.eu/esco/occupation/50609eb5-9957-4cbf-9b91-6f46ce49cfad,3359.5,godsinspektør,0.0
Occupation,http://data.europa.eu/esco/occupation/379a4f3f-4985-4764-8b2f-037946da855d,3359.6,spillinspektør,0.0
Occupation,http://data.europa.eu/esco/occupation/d9f67d41-5e35-49c1-82a4-05ed94fbc3ab,3359.8,måle- og vektkontrollør,0.0
ISCO level 4,http://data.europa.eu/esco/isco/C3359,3359,Andre yrker innen offentlig forvaltning,0.0961406449553
ISCO level 3,http://data.europa.eu/esco/isco/C341,341,Yrker innen sosialarbeid og kultur,0.0019070010449320767
Occupation,http://data.europa.eu/esco/occupation/bac62d45-bb74-45fa-9b38-a3ebf2095212,3411.1,saksadministrator,0.0
Occupation,http://data.europa.eu/esco/occupation/a9411821-4f54-406e-ba37-4c6e5a39f9fe,3411.2,"advokat, eiendomshandel",0.0
Occupation,http://data.europa.eu/esco/occupation/a7f63810-a21a-4e7e-8aa2-6637d14ea3c1,3411.3,rettsassistent,0.0
Occupation,http://data.europa.eu/esco/occupation/5e175ee2-6b07-4f1d-8f5e-962c36ab7bb6,3411.4,rettsbetjent,0.0
Occupation,http://data.europa.eu/esco/occupation/0f63619d-63ea-4345-81f5-4673353fe8d2,3411.5,rettssekretær,0.0
Occupation,http://data.europa.eu/esco/occupation/b471350e-23ce-4789-a821-5500b28cffe1,3411.6,namsmann/innkrever,0.0
Occupation,http://data.europa.eu/esco/occupation/929ef41d-afd0-4d5a-b85b-69eab68fa368,3411.7,advokatsekretær,0.0
Occupation,http://data.europa.eu/esco/occupation/71c3a49a-e55e-42ce-bd3f-31f37d3cfab6,3411.8.1,butikkdetektiv,0.0
Occupation,http://data.europa.eu/esco/occupation/771a47c9-9cf4-4368-9752-2a1ea5a783d7,3411.8,privatetterforsker,0.0
Occupation,http://data.europa.eu/esco/occupation/f634ce9b-68a5-4a8a-af4a-ed13fc0deba9,3411.9,lekdommer,0.0
ISCO level 4,http://data.europa.eu/esco/isco/C3411,3411,Privatetterforskere mv.,0.0
Occupation,http://data.europa.eu/esco/occupation/92df4ee3-bce3-45f6-a693-597df1b96f43,3412.1,medarbeider på krisetelefon,0.0
Occupation,http://data.europa.eu/esco/occupation/021663ca-a367-472e-a1f0-6d8ab5b2d860,3412.2,verge,0.0
Occupation,http://data.europa.eu/esco/occupation/fc85156e-4f0b-46c4-ba66-a3b17318d932,3412.3,livscoach,0.0
Occupation,http://data.europa.eu/esco/occupation/c6239b9e-5973-4b0a-a2ed-4c4b41331e04,3412.4.1,"sosialpedagog, hjemmetjeneste",0.0
Occupation,http://data.europa.eu/esco/occupation/f4525ed8-54eb-4a3b-90db-55cc01b0d9fd,3412.4.2,hjemmehjelp,0.0
Occupation,http://data.europa.eu/esco/occupation/2ae76ccc-f02e-4eb6-b693-fff70ba8f409,3412.4.3,barnevernspedagog,0.0
Occupation,http://data.europa.eu/esco/occupation/9c55aa23-e3f2-4c00-8c90-5ed5204951a3,3412.4.4,personlig assistent,0.0
Occupation,http://data.europa.eu/esco/occupation/4c89c65c-4e35-44e3-8fa0-5d73e9e15325,3412.4.5,familieveileder,0.0
Occupation,http://data.europa.eu/esco/occupation/1f5932eb-b36d-44e1-a063-7aa9e228af51,3412.4.6,barnevernskonsulent,0.0
Occupation,http://data.europa.eu/esco/occupation/4edbde9f-218e-49c7-812f-c45262fb4128,3412.4.7,støttearbeider i hjemmet,0.0
Occupation,http://data.europa.eu/esco/occupation/5a9acd29-666c-4ca1-b10e-e086584a526b,3412.4.8,psykiatrisk sykepleier,0.0
Occupation,http://data.europa.eu/esco/occupation/4d7d2628-1405-4ff2-b5b5-bd0d57ed9bbd,3412.4.10,"spesialpedagog, barneomsorg",0.0
Occupation,http://data.europa.eu/esco/occupation/78f474ae-c154-4206-ad0f-d8a00e9c541e,3412.4.11,sosialarbeider for voksne med funksjonsnedsetting,0.0
Occupation,http://data.europa.eu/esco/occupation/50743f62-3d5b-4ef6-b706-00d2b1adfcc3,3412.4.12,"pleieassistent, eldreomsorg",0.0
Occupation,http://data.europa.eu/esco/occupation/6667bf29-a3e3-4513-a71b-82c67206045b,3412.4.13,spesialpedagog ved ungdomsinstitusjon,0.0
Occupation,http://data.europa.eu/esco/occupation/8d703e8f-1e57-4246-8a6b-cb87a760d4ab,3412.4,sosialomsorgsarbeider,0.0
Occupation,http://data.europa.eu/esco/occupation/4fa660b3-ab97-4a99-ad73-ce3c2612f2c3,3412.5,sosialarbeiderassistent,0.0
Occupation,http://data.europa.eu/esco/occupation/1f13d8c3-f601-4d3b-adc8-c8d52e0c15d5,3412.6,frivillighetsveileder,0.0344827586206896
ISCO level 4,http://data.europa.eu/esco/isco/C3412,3412,Miljøarbeidere innen sosiale fagfelt,0.0019157088122605333
Occupation,http://data.europa.eu/esco/occupation/33ae2ba9-9835-410f-8ea6-e5ac991f5975,3413.1,munk/nonne,0.0227272727272727
Occupation,http://data.europa.eu/esco/occupation/665266cb-50dd-44a5-a920-ab04c67e251a,3413.2,presteassistent,0.0
ISCO level 4,http://data.europa.eu/esco/isco/C3413,3413,Religiøse yrker,0.01136363636363635
ISCO level 3,http://data.europa.eu/esco/isco/C342,342,Yrker innen sport og idrett,0.030883535093826776
Occupation,http://data.europa.eu/esco/occupation/082c234c-0dda-490a-b5af-757c3e48da90,3421.1,profesjonell idrettsutøver,0.0
ISCO level 4,http://data.europa.eu/esco/isco/C3421,3421,Idrettsutøvere,0.0
Occupation,http://data.europa.eu/esco/occupation/58f3f9fc-c9f6-4e14-bedf-a71ace5f27c5,3422.1,kunstnerisk instruktør,0.0
Occupation,http://data.europa.eu/esco/occupation/5a80044b-9b2f-40eb-a210-0c1c3c958e0e,3422.2,badevaktinstruktør,0.0
Occupation,http://data.europa.eu/esco/occupation/3b43dafb-8c6b-4906-9fe5-bc218aacad55,3422.3.1,fotballtrener,0.0
Occupation,http://data.europa.eu/esco/occupation/3e9c1262-4fe2-4eb1-bf94-4fe64498393a,3422.3,idrettstrener,0.0
Occupation,http://data.europa.eu/esco/occupation/0af6fc82-8e5e-46c6-a4ca-a672ecf7704c,3422.4.1,boksetrener,0.0
Occupation,http://data.europa.eu/esco/occupation/09c2b506-cefa-4ba3-b868-a9c2bc4fc6f1,3422.4.2,golfinstruktør,0.0
Occupation,http://data.europa.eu/esco/occupation/29df0797-c66d-4e54-a5e1-45b18cecf052,3422.4.3,skøytetrener,0.0
Occupation,http://data.europa.eu/esco/occupation/812276dd-95ea-428b-b05e-a61c4089063c,3422.4.4,skiinstruktør,0.0
Occupation,http://data.europa.eu/esco/occupation/776837b1-6f6b-4014-8330-d56918303e93,3422.4.5,snøbrettinstruktør,0.0
Occupation,http://data.europa.eu/esco/occupation/62975936-0853-4a5d-9f59-bf943aca3cc6,3422.4.6,svømmeinstruktør,0.0
Occupation,http://data.europa.eu/esco/occupation/b3086ad2-1f3c-4a60-9bdb-8b4746989d4b,3422.4.7,tennistrener,0.0
Occupation,http://data.europa.eu/esco/occupation/11695786-9fb7-4895-b161-0480419107e4,3422.4,idrettstrener,0.0
Occupation,http://data.europa.eu/esco/occupation/388155cc-7ab8-46c7-8051-aefc7b276c84,3422.5,idrettsfunksjonær,0.0
ISCO level 4,http://data.europa.eu/esco/isco/C3422,3422,Trenere og idrettsdommere,0.0
Occupation,http://data.europa.eu/esco/occupation/6e298596-882b-4687-a0cf-3eb37f8fd328,3423.1.1,friluftskoordinator,0.193548387096774
Occupation,http://data.europa.eu/esco/occupation/4dceca8d-9faf-487b-b342-c9d7dc209533,3423.1.2.1,assistent for friluftsaktivitør,0.0
Occupation,http://data.europa.eu/esco/occupation/52a769ab-c899-4e8c-b31d-e5c2a01f32e3,3423.1.2.2.1,overlevelsesinstruktør,0.0909090909090909
Occupation,http://data.europa.eu/esco/occupation/55af6be8-039a-419c-b278-55b3f7d9ef92,3423.1.2.2,friluftsinstruktør,0.024390243902439
Occupation,http://data.europa.eu/esco/occupation/a1b32703-a2e5-4e0a-910f-7cdd0293b52d,3423.1.2.3,spesialisert friluftsaktivitør,0.185185185185185
Occupation,http://data.europa.eu/esco/occupation/67d8c64f-e0d9-4e0b-be8b-510f9e20e698,3423.1.2,friluftsaktivitør,0.206896551724137
Occupation,http://data.europa.eu/esco/occupation/234be692-befb-41df-bdf0-e1b2f4eaf5e7,3423.1,aktivitetsleder,0.0238095238095238
Occupation,http://data.europa.eu/esco/occupation/88c55070-444a-45db-abe3-7b95c40bc9ec,3423.2.1,fritidsassistent,0.0
Occupation,http://data.europa.eu/esco/occupation/f7177f79-63e7-4944-8896-044056b62523,3423.2.2,personlig trener,0.0
Occupation,http://data.europa.eu/esco/occupation/3e6488b6-3ca5-46b9-b380-5cd251d24824,3423.2.3,pilatestrener,0.0
Occupation,http://data.europa.eu/esco/occupation/394bdd9b-3ee8-43a9-b943-442ce146bb21,3423.2.4,idrettsterapeut,0.0
Occupation,http://data.europa.eu/esco/occupation/c784c2db-e636-429f-8492-3191790a58d7,3423.2,"instruktør, helsestudio",0.0
Occupation,http://data.europa.eu/esco/occupation/0c3672ed-450b-4fcd-a3d0-579a10004486,3423.3,ridelærer,0.0
Occupation,http://data.europa.eu/esco/occupation/86e8e172-234d-4e85-b9ae-6a4aecc2c321,3423.4,fjellguide,0.14
ISCO level 4,http://data.europa.eu/esco/isco/C3423,3423,Sports- og aktivitetsinstruktører,0.06176707018765355
ISCO level 3,http://data.europa.eu/esco/isco/C343,343,Yrker innen estetiske fag,0.015561412919630981
Occupation,http://data.europa.eu/esco/occupation/66542dd6-05a6-4d9e-97ff-3f4858c31ff9,3431.1,fotograf,0.0377358490566037
Occupation,http://data.europa.eu/esco/occupation/480d2853-db07-43d4-847f-7ffdd8d368f5,3431.2,fotojournalist,0.0
ISCO level 4,http://data.europa.eu/esco/isco/C3431,3431,Fotografer og filmfotografer,0.01886792452830185
Occupation,http://data.europa.eu/esco/occupation/773e5ea3-235b-4e72-afc5-290dd841eed8,3432.1.1,innredningskonsulent,0.133333333333333
Occupation,http://data.europa.eu/esco/occupation/73e776fb-4d99-4031-bad4-7716f121155d,3432.1,interiørdesigner,0.0357142857142857
Occupation,http://data.europa.eu/esco/occupation/f1fcad3b-fdf0-444a-81b0-e50e96f8966a,3432.2,salgsfremmer,0.0
Occupation,http://data.europa.eu/esco/occupation/88760821-9df4-47a6-a1c2-ac08b9759396,3432.3,konstruktør av miniatyrkulisser,0.0
Occupation,http://data.europa.eu/esco/occupation/4ed36f4c-9d5b-4a01-bf59-7f3c7844ce95,3432.4.1,scenemaler,0.0
Occupation,http://data.europa.eu/esco/occupation/34e1c889-0fd1-4d1f-aba9-3b6263ae667a,3432.4,scenebygger,0.0
Occupation,http://data.europa.eu/esco/occupation/874a2080-a9b6-46a9-8662-c9b7d4208f73,3432.5,scenograf,0.0
Occupation,http://data.europa.eu/esco/occupation/35eb0aa6-b40d-449d-9390-719be8912277,3432.6,butikkdekoratør,0.0
ISCO level 4,http://data.europa.eu/esco/isco/C3432,3432,Interiørdesignere og dekoratører,0.021130952380952337
Occupation,http://data.europa.eu/esco/occupation/6040c941-ab83-44b2-84e7-5cbfa1eafcdc,3433.1,kunsthåndterer,0.0
Occupation,http://data.europa.eu/esco/occupation/4e4a1aa1-ca53-406e-9ca6-889d4621a0ed,3433.2,"bibliotekar, stort dataarkiv",0.0
Occupation,http://data.europa.eu/esco/occupation/a78d8e2b-fe31-447f-8694-38ed7198d143,3433.3,taksidermist,0.0
ISCO level 4,http://data.europa.eu/esco/isco/C3433,3433,Tekniske konservatorer,0.0
Occupation,http://data.europa.eu/esco/occupation/01484951-15e6-4b88-a20f-1201868d36a0,3434.1.1,sjefskokk,0.115384615384615
Occupation,http://data.europa.eu/esco/occupation/b10dc548-10e1-4447-8406-5101ff170bbf,3434.1.2.1,sjefskonditor,0.0851063829787234
Occupation,http://data.europa.eu/esco/occupation/8f10ea9b-bfdf-4a4c-9fa7-b6e02daa93e5,3434.1.2,konditor,0.064516129032258
Occupation,http://data.europa.eu/esco/occupation/a256838b-0843-4ad2-a2fb-4531f94e63d8,3434.1.3,privatkokk,0.06
Occupation,http://data.europa.eu/esco/occupation/1009be17-7efd-45f1-a033-566bf179c588,3434.1,kjøkkensjef,0.122448979591836
ISCO level 4,http://data.europa.eu/esco/isco/C3434,3434,Sjefskokker,0.08949122139748647
Occupation,http://data.europa.eu/esco/occupation/e1106f6d-81fc-44f8-af94-8b7d2763065c,3435.1,regiassistent/sceneinstruktørassistenter,0.0
Occupation,http://data.europa.eu/esco/occupation/71898b81-fc2f-4a97-826d-f45e49a8160a,3435.2,video- og filmproduksjonsassistent,0.0
Occupation,http://data.europa.eu/esco/occupation/2cbb23b0-0bf1-4871-9e6d-18f005987310,3435.3,lydtekniker,0.0
Occupation,http://data.europa.eu/esco/occupation/08edf4c5-3551-4690-9d09-f9b8b9194c90,3435.4,"scenetekniker, automatisk løfteutstyr",0.0
Occupation,http://data.europa.eu/esco/occupation/40da2fc6-8cb4-4cd3-8fe3-899715905070,3435.5,kroppskunstner,0.0
Occupation,http://data.europa.eu/esco/occupation/7f0d69cf-8b02-4a84-865a-37585dea9b43,3435.6,programdirektør,0.0
Occupation,http://data.europa.eu/esco/occupation/30739eb6-218b-4e8a-9209-e2f36b9446cd,3435.7.1,kostymeassistent,0.0
Occupation,http://data.europa.eu/esco/occupation/2a6784d7-c457-413d-ba99-e320de11fc98,3435.7,påkleder,0.0
Occupation,http://data.europa.eu/esco/occupation/e4fca489-4c79-4392-874f-9ea1051c05c8,3435.8,statist,0.0
Occupation,http://data.europa.eu/esco/occupation/d6a395eb-6664-47f1-9be5-91aa2e8ba87d,3435.9,kampinstruktør,0.0
Occupation,http://data.europa.eu/esco/occupation/7d27600b-5cff-4ebc-b259-cc2d47572035,3435.10,rekvisittleder,0.0
Occupation,http://data.europa.eu/esco/occupation/89a0af2a-edf4-4d1a-8526-f4a8f476cea2,3435.11,"location manager, filmproduksjon",0.0384615384615384
Occupation,http://data.europa.eu/esco/occupation/c05090e2-d599-46c8-a47b-3d52a893ca55,3435.12,maskemaker,0.0
Occupation,http://data.europa.eu/esco/occupation/22585d1e-48aa-45a6-a8c3-d072b4ff1b31,3435.13,operatør – medieintegrering,0.0
Occupation,http://data.europa.eu/esco/occupation/bfc1b4e9-624c-4fba-89f2-d218bba9e257,3435.14,flyvekoreograf,0.0
Occupation,http://data.europa.eu/esco/occupation/0eebf6d2-af43-4a18-b4b7-668fb6433b42,3435.15.1,"lystekniker, automatisk lyssetting",0.0392156862745098
Occupation,http://data.europa.eu/esco/occupation/9ac10bde-93a0-4570-afc2-e2b6cf46d8d2,3435.15,lystekniker,0.0461538461538461
Occupation,http://data.europa.eu/esco/occupation/949f1dc9-fb19-4212-8ac6-35ce83c88921,3435.16,sufflør,0.0
Occupation,http://data.europa.eu/esco/occupation/7a18e959-44fe-49ae-9757-124f46a7487c,3435.17,rekvisittmaker,0.0
Occupation,http://data.europa.eu/esco/occupation/bd94312f-05c8-455d-a2f6-5490489ac4a4,3435.18,rekvisitør,0.0
Occupation,http://data.europa.eu/esco/occupation/a0ebd342-8f89-4947-893d-fee9468cf001,3435.19,pyroteknisk designer,0.0
Occupation,http://data.europa.eu/esco/occupation/59cfa27b-874f-48b7-8880-b65420239559,3435.20,pyrotekniker,0.0
Occupation,http://data.europa.eu/esco/occupation/99b096eb-a628-4e69-a79b-0563f2ed1b93,3435.21,scriptansvarlig,0.0
Occupation,http://data.europa.eu/esco/occupation/1aa4bb15-c527-4a3b-9270-b3c71c4be111,3435.22,inspisent,0.0
Occupation,http://data.europa.eu/esco/occupation/1bb7c072-38c8-430a-b943-76bfa312a5f4,3435.23,stand-in/reserve,0.0
Occupation,http://data.europa.eu/esco/occupation/84f20f5d-149a-4512-b319-18a81d3d6026,3435.24,stuntmann,0.0
Occupation,http://data.europa.eu/esco/occupation/d71eb4f9-2de3-4955-ba79-7b82ea3fe32c,3435.25.1,operatør av lyskastere,0.0
Occupation,http://data.europa.eu/esco/occupation/87e644b2-8bc1-42d4-bb14-cc4abb0bc715,3435.25.2,operatør av miksebord for lys,0.0
Occupation,http://data.europa.eu/esco/occupation/5a0ff408-e1df-424b-a2d6-4b475a516f2a,3435.25.3,scenetekniker,0.0
Occupation,http://data.europa.eu/esco/occupation/50b41847-6dad-4a2e-9427-a0374c2963fd,3435.25.4,teknisk scenemedarbeider,0.0
Occupation,http://data.europa.eu/esco/occupation/acb6b99a-6c13-482a-81b1-8b5614e0153e,3435.25.5,scenetekniker,0.0
Occupation,http://data.europa.eu/esco/occupation/f09b6100-28a6-4be5-9726-ecf5b24f74f6,3435.25,teatertekniker,0.0
ISCO level 4,http://data.europa.eu/esco/isco/C3435,3435,,0.0038697209653091973
ISCO level 3,http://data.europa.eu/esco/isco/C351,351,Operatører og brukerstøtte,0.0
Occupation,http://data.europa.eu/esco/occupation/9729c0f3-c9bc-482e-ac59-a82ec3b67ba3,3511.1,datasenteroperatør,0.0
ISCO level 4,http://data.europa.eu/esco/isco/C3511,3511,Driftsteknikere,0.0
Occupation,http://data.europa.eu/esco/occupation/aaeec9a7-dc57-4485-890c-86b3eef735f9,3512.1,IKT-brukerstøttemedarbeider,0.0
Occupation,http://data.europa.eu/esco/occupation/1242d99a-47f1-4a62-b884-33746db8a6ca,3512.2,sjef for IKT-brukerstøtte,0.0
Occupation,http://data.europa.eu/esco/occupation/a44a1dc5-be08-4840-8bd5-770c4ac1ca6d,3512.3,IKT-sikkerhetstekniker,0.0
Occupation,http://data.europa.eu/esco/occupation/3e7bf729-4442-4b9f-ad5e-83111963795c,3512.4,IKT-tekniker,0.0
ISCO level 4,http://data.europa.eu/esco/isco/C3512,3512,Brukerstøtte,0.0
Occupation,http://data.europa.eu/esco/occupation/591c5063-69ce-4551-ba60-e2304111130f,3513.1,"datatekniker, overføring av flydata",0.0
Occupation,http://data.europa.eu/esco/occupation/64c7d461-152c-477f-a8e2-c2c537e9d617,3513.2,IKT-nettverkstekniker,0.0
ISCO level 4,http://data.europa.eu/esco/isco/C3513,3513,Nettverks- og systemteknikere,0.0
Occupation,http://data.europa.eu/esco/occupation/dc8ef7da-d2c0-4474-96a0-6d0385eeec1e,3514.1,webmaster,0.0
ISCO level 4,http://data.europa.eu/esco/isco/C3514,3514,Internett-teknikere,0.0
ISCO level 3,http://data.europa.eu/esco/isco/C352,352,Teknikere innen kringkasting og telekom,0.0
Occupation,http://data.europa.eu/esco/occupation/4d102082-8d43-4c59-81ab-08a7509f3c40,3521.1.1,mikrofonbomoperatør,0.0
Occupation,http://data.europa.eu/esco/occupation/6fed206a-ac4d-492b-a81a-5a3a0f2b67bc,3521.1.2,kamerafører,0.0
Occupation,http://data.europa.eu/esco/occupation/47e4135b-95d1-4462-920c-afcbd7c4d9be,3521.1.3,"tekniker, arrangement",0.0
Occupation,http://data.europa.eu/esco/occupation/061f56c6-36eb-4aa7-b5ef-98b7a569da1c,3521.1.4,videooperatør,0.0
Occupation,http://data.europa.eu/esco/occupation/dce6a68c-8a05-4c26-85d4-6fbc43e7d822,3521.1.5,kinomaskinist,0.0
Occupation,http://data.europa.eu/esco/occupation/aa50ae49-1e40-4ba9-959f-22a11ff172b4,3521.1.6,lydmikser,0.0
Occupation,http://data.europa.eu/esco/occupation/790c8dca-f624-4bdc-ac16-27bc13ead188,3521.1.7,lyddesigner,0.0
Occupation,http://data.europa.eu/esco/occupation/36095ccd-c62d-4f1f-8af7-1fd10618b044,3521.1.8,lydredigerer,0.0
Occupation,http://data.europa.eu/esco/occupation/239707a0-4754-4f4b-80b6-6b1ef5657aed,3521.1.9,lydtekniker,0.0
Occupation,http://data.europa.eu/esco/occupation/0da2ee5c-b480-498f-97a8-a292a0f4c54c,3521.1.10,lydoperatør,0.0
Occupation,http://data.europa.eu/esco/occupation/a59feab2-9bc9-4b25-97cf-995998164502,3521.1.11,videotekniker,0.0
Occupation,http://data.europa.eu/esco/occupation/7642cbcc-9839-47fb-b2cf-d4bb831d6c93,3521.1,audiovisuell tekniker,0.0
Occupation,http://data.europa.eu/esco/occupation/fe4a72af-6206-4d86-90c1-b5fb4b5ba2b2,3521.2,kringkastingstekniker,0.0
ISCO level 4,http://data.europa.eu/esco/isco/C3521,3521,Teknikere innen radio og tv,0.0
Occupation,http://data.europa.eu/esco/occupation/d84bf1d7-ef99-40c4-a407-3791d6531b44,3522.1,"tekniker, telekommunikasjon",0.0
ISCO level 4,http://data.europa.eu/esco/isco/C3522,3522,Teknikere innen telekom,0.0
ISCO level 3,http://data.europa.eu/esco/isco/C411,411,Kontormedarbeidere,0.0
Occupation,http://data.europa.eu/esco/occupation/0a3c2d5b-e1f9-4200-9288-62bf3fed3310,4110.1.1,medlemsadministrator,0.0
Occupation,http://data.europa.eu/esco/occupation/6c999fc7-c6b7-4ef3-a4b9-af124a1783a2,4110.1,kontormedarbeider,0.0
ISCO level 4,http://data.europa.eu/esco/isco/C4110,4110,Kontormedarbeidere,0.0
ISCO level 3,http://data.europa.eu/esco/isco/C412,412,,0.0
Occupation,http://data.europa.eu/esco/occupation/5ac377d2-e1d0-4911-a299-b4ef2782a0ba,4120.1,sekretær,0.0
ISCO level 4,http://data.europa.eu/esco/isco/C4120,4120,,0.0
ISCO level 3,http://data.europa.eu/esco/isco/C413,413,Dataregistrere og stenografer,0.0
Occupation,http://data.europa.eu/esco/occupation/22f86890-f68b-402f-a711-3e6df4913271,4131.1,maskinskriver,0.0
ISCO level 4,http://data.europa.eu/esco/isco/C4131,4131,Stenografer mv.,0.0
Occupation,http://data.europa.eu/esco/occupation/6353b3e8-e8f2-4ecb-b230-186927139892,4132.1,dataregistrerer,0.0
ISCO level 4,http://data.europa.eu/esco/isco/C4132,4132,Dataregistrere,0.0
ISCO level 3,http://data.europa.eu/esco/isco/C421,421,Kundebehandlere,0.0
Occupation,http://data.europa.eu/esco/occupation/2ff9e53c-6e7f-42af-8d71-b5dd7f283089,4211.1,bankkasserer,0.0
Occupation,http://data.europa.eu/esco/occupation/6a6e174e-cffa-49a9-9f2f-aa39c81cdee5,4211.2,postekspeditør,0.0
ISCO level 4,http://data.europa.eu/esco/isco/C4211,4211,Kundebehandlere,0.0
Occupation,http://data.europa.eu/esco/occupation/2f7f5c84-b9b3-41ea-aa5f-5997d0873141,4212.1,bingooppleser,0.0
Occupation,http://data.europa.eu/esco/occupation/264e1a4a-5074-47e2-a6d9-d225d48e8a9a,4212.2,veddemålsagent,0.0
Occupation,http://data.europa.eu/esco/occupation/961cbd1f-2a9b-4756-b227-67a1c23c94b6,4212.3,kasserer ved kasino,0.0
Occupation,http://data.europa.eu/esco/occupation/b89f5984-3fb7-4339-80d5-00d1b0750b53,4212.4.1,kasinoleder,0.0
Occupation,http://data.europa.eu/esco/occupation/eb198788-0b99-4583-a7c5-0139ff9f91ad,4212.4,spilleder på kasino,0.0
Occupation,http://data.europa.eu/esco/occupation/fb1a7aab-1e33-4712-b8e0-d335243aba58,4212.5,dealer på kasino,0.0
Occupation,http://data.europa.eu/esco/occupation/d18a8976-a283-42ad-9541-75c49396dbd7,4212.6,lotterioperatør,0.0
Occupation,http://data.europa.eu/esco/occupation/6fefa90d-9a71-49c6-be92-52397e9795e6,4212.7,oddssetter,0.0
Occupation,http://data.europa.eu/esco/occupation/e96cec32-9960-4496-a790-a9d2254906fc,4212.8,racerbaneoperatør,0.0
ISCO level 4,http://data.europa.eu/esco/isco/C4212,4212,Bingoverter,0.0
Occupation,http://data.europa.eu/esco/occupation/631aaef2-2d67-45c6-93a6-1b1abdf57542,4213.1,pantelåner,0.0
ISCO level 4,http://data.europa.eu/esco/isco/C4213,4213,Pantelånere mv.,0.0
Occupation,http://data.europa.eu/esco/occupation/50a66df6-c141-4b4a-937a-d3bc55737ae3,4214.1,gjeldsinnkrever,0.0
Occupation,http://data.europa.eu/esco/occupation/2d32bea0-dccd-4dc5-9ea9-c51c653a46ef,4214.2,inkassokonsulent,0.0
ISCO level 4,http://data.europa.eu/esco/isco/C4214,4214,Inkassomedarbeidere mv.,0.0
ISCO level 3,http://data.europa.eu/esco/isco/C422,422,Reisebyrå-,0.03365175022963136
Occupation,http://data.europa.eu/esco/occupation/7153a12d-85e0-4123-87e9-46bb1a2dc929,4221.1,togkonduktør,0.0
Occupation,http://data.europa.eu/esco/occupation/a6007269-912a-4445-b792-b4d5fe016bb2,4221.2,vert/vertinne,0.0384615384615384
Occupation,http://data.europa.eu/esco/occupation/9a99a5fe-875d-49b2-9b53-cc1b73be1659,4221.3.1,salgsmedarbeider på togstasjon,0.0
Occupation,http://data.europa.eu/esco/occupation/bdf2dd9d-6c92-46f4-a8e7-76c12302d3e7,4221.3,billettselger,0.0
Occupation,http://data.europa.eu/esco/occupation/9b35eab1-2adc-4057-a620-181862656a19,4221.4,medarbeider på turistkontor,0.127659574468085
Occupation,http://data.europa.eu/esco/occupation/b5d76ddd-f59a-491a-9543-f6c0e2d8a950,4221.5,turoperatørrepresentant,0.142857142857142
Occupation,http://data.europa.eu/esco/occupation/5b9a678a-7c35-4c50-a804-754b82652ee6,4221.6,turarrangør,0.153846153846153
Occupation,http://data.europa.eu/esco/occupation/79f8f68c-5509-4119-9373-8bef1c364d31,4221.7,reisebyråmedarbeider,0.120689655172413
Occupation,http://data.europa.eu/esco/occupation/291da1ab-1f90-426d-bbc5-60d0fa7d608b,4221.8,reisekonsulent,0.166666666666666
ISCO level 4,http://data.europa.eu/esco/isco/C4221,4221,Reisebyråmedarbeidere mv.,0.0833534146079997
Occupation,http://data.europa.eu/esco/occupation/fde97584-d8e3-413e-a662-511c9055357e,4222.1.1,chatteoperatør,0.0
Occupation,http://data.europa.eu/esco/occupation/b7b75eb6-34bc-462d-b412-eed393cc1397,4222.1,kundeservicemedarbeider ved kontaktsenter,0.0
ISCO level 4,http://data.europa.eu/esco/isco/C4222,4222,Kundesentermedarbeidere,0.0
Occupation,http://data.europa.eu/esco/occupation/68450507-b4a0-40e0-895b-385fe705be10,4223.1.1,alarmoperatør,0.0
Occupation,http://data.europa.eu/esco/occupation/0bf68df5-e808-4c27-abf2-6f85440f2d7f,4223.1,sentralbordoperatør,0.0
ISCO level 4,http://data.europa.eu/esco/isco/C4223,4223,Sentralbordoperatører,0.0
Occupation,http://data.europa.eu/esco/occupation/92b7776f-5d90-413d-b05f-51e429e28346,4224.1.1,campingplassmedarbeider,0.0
Occupation,http://data.europa.eu/esco/occupation/82025c02-9082-416c-998b-f51eb0359ee6,4224.1,resepsjonist på overnattingssted,0.0
Occupation,http://data.europa.eu/esco/occupation/6e6e44ba-d9f0-403b-93d4-a8d4bd67787a,4224.2,nattevakt,0.0
ISCO level 4,http://data.europa.eu/esco/isco/C4224,4224,Hotellresepsjonister,0.0
Occupation,http://data.europa.eu/esco/occupation/13d1b2b4-99dd-44da-9734-c9f74bae18f7,4225.1,kundeservicemedarbeider,0.0
ISCO level 4,http://data.europa.eu/esco/isco/C4225,4225,Informasjonsskrankemedarbeidere,0.0
Occupation,http://data.europa.eu/esco/occupation/3469cbcc-5332-41dc-977a-29cf1b7ef7be,4226.1.1,medisinsk resepsjonist,0.0
Occupation,http://data.europa.eu/esco/occupation/f00154a5-d27f-429e-b9a4-1d65c672cee7,4226.1.2,resepsjonist på veterinærmottak,0.0238095238095238
Occupation,http://data.europa.eu/esco/occupation/f7b04542-d8c7-42db-8475-e63b507cce82,4226.1,resepsjonist,0.0
ISCO level 4,http://data.europa.eu/esco/isco/C4226,4226,Resepsjonister (ekskl. hotell),0.007936507936507934
Occupation,http://data.europa.eu/esco/occupation/7843a4c6-a9f6-4095-94b9-45b384d4bd57,4227.1,"intervjuer, opinions- og markedsføringsundersøkelser",0.0
Occupation,http://data.europa.eu/esco/occupation/a1cf1406-3632-494c-bff3-0bd5d5327d8f,4227.2,opinionsmåler,0.0
ISCO level 4,http://data.europa.eu/esco/isco/C4227,4227,Intervjuere,0.0
Occupation,http://data.europa.eu/esco/occupation/1ae8d28e-407c-48ab-88ff-4cb25bfcdea6,4229.2,portvakt ved hotell,0.0
ISCO level 4,http://data.europa.eu/esco/isco/C4229,4229,Andre opplysningsmedarbeidere,0.0
ISCO level 3,http://data.europa.eu/esco/isco/C431,431,Regnskaps- og lønnsmedarbeidere mv.,0.0
Occupation,http://data.europa.eu/esco/occupation/bafbc672-0ad9-41af-9de8-db0c91a24f9b,4311.1,faktureringsassistent,0.0
Occupation,http://data.europa.eu/esco/occupation/5c1eba1e-7820-4287-9746-4c5906320100,4311.2,salgsmedarbeider,0.0
ISCO level 4,http://data.europa.eu/esco/isco/C4311,4311,Regnskapsmedarbeidere,0.0
Occupation,http://data.europa.eu/esco/occupation/1f665529-96e9-46c1-99f4-9ffbf9ffa036,4312.1,revisormedarbeider,0.0
Occupation,http://data.europa.eu/esco/occupation/35fbb8cd-c044-49a1-850c-010481c99b4a,4312.2.1,"administrasjonsmedarbeider, finansmarkeder",0.0
Occupation,http://data.europa.eu/esco/occupation/b2e81332-0972-4e0f-9a4d-1d15c9c9513b,4312.2,administrasjonsmedarbeider,0.0
Occupation,http://data.europa.eu/esco/occupation/b7fc1cd1-0d6d-4e9e-8a9f-c3270201be81,4312.3,"kassaoperatør, valuta",0.0
Occupation,http://data.europa.eu/esco/occupation/9a39a143-d93c-4093-ba3b-47fb67ade318,4312.4,forsikringskonsulent,0.0
Occupation,http://data.europa.eu/esco/occupation/fd0801c9-809a-4cfd-98ed-6c5860c163f2,4312.5,investeringsassistent,0.0
Occupation,http://data.europa.eu/esco/occupation/c5c1c40f-d2b7-437f-b3e8-b9da48f6d728,4312.6,eiendomsmeglerassistent,0.0
Occupation,http://data.europa.eu/esco/occupation/84fabf82-4abf-4f41-99aa-55718a2e500b,4312.7,skattefunksjonær,0.0
ISCO level 4,http://data.europa.eu/esco/isco/C4312,4312,Forsikrings- og finansmedarbeidere,0.0
Occupation,http://data.europa.eu/esco/occupation/ade351da-7bda-424e-8682-bbdcab2a25be,4313.1,lønningsassistent,0.0
ISCO level 4,http://data.europa.eu/esco/isco/C4313,4313,Lønningsmedarbeidere,0.0
ISCO level 3,http://data.europa.eu/esco/isco/C432,432,Lager- og transportmedarbeidere,0.041432326076897216
Occupation,http://data.europa.eu/esco/occupation/143e49fc-832f-477c-8cac-8eabe6fd7bc2,4321.1.1,"lagerarbeider, skofabrikk",0.117647058823529
Occupation,http://data.europa.eu/esco/occupation/31db6bd9-ee84-4a57-ac9e-87e243ba1c69,4321.1.2,"lagerarbeider, lærvarer",0.0588235294117647
Occupation,http://data.europa.eu/esco/occupation/f84dbfe2-fa6b-43ef-97f5-54c3ad9c631f,4321.1.3,råvaremottaksoperatør,0.0638297872340425
Occupation,http://data.europa.eu/esco/occupation/30870ea4-5e8e-4b92-a9d5-65e3b97a9b30,4321.1.4,"lagersjef, råvarer",0.0714285714285714
Occupation,http://data.europa.eu/esco/occupation/040fcfa5-24be-43eb-afd5-828297175b16,4321.1.5,"lageroperatør, klær",0.1
Occupation,http://data.europa.eu/esco/occupation/d7a9f9e0-e2f5-4804-a0e0-b21ebb1403ee,4321.1,lagerkoordinator,0.0
ISCO level 4,http://data.europa.eu/esco/isco/C4321,4321,Lagermedarbeidere og material-forvaltere,0.06862149114965127
Occupation,http://data.europa.eu/esco/occupation/187f063b-1002-4d46-9b79-c46b2caedbb3,4322.1,maskinproduksjonskoordinator,0.03125
ISCO level 4,http://data.europa.eu/esco/isco/C4322,4322,Logistikkmedarbeidere,0.03125
Occupation,http://data.europa.eu/esco/occupation/f3eb330a-03b5-4537-ac0e-bcee5c67bcff,4323.1,"driftsansvarlig, flyfrakt",0.0
Occupation,http://data.europa.eu/esco/occupation/6e785f05-969e-4940-aedb-d0f896bb0230,4323.2,flyklarerer,0.0
Occupation,http://data.europa.eu/esco/occupation/d811881c-5241-47b1-be29-64ee488d3642,4323.3,bagasjehåndteringssjef,0.0
Occupation,http://data.europa.eu/esco/occupation/656674ac-9d4e-4a91-963f-c0b6edfd55a4,4323.4,busstrafikkleder,0.0384615384615384
Occupation,http://data.europa.eu/esco/occupation/74d47633-8e9e-4e08-9cba-d2292c211218,4323.5,sikkerhetsrådgiver for transport av farlig gods,0.0357142857142857
Occupation,http://data.europa.eu/esco/occupation/49e28648-4fa8-4b36-ac4d-781c108547bf,4323.6,fraktspeditør,0.0833333333333333
Occupation,http://data.europa.eu/esco/occupation/c3abb0cb-c78c-4136-b9f9-f9feca9179fa,4323.7,"prosessoperatør, kjemiindustri",0.166666666666666
Occupation,http://data.europa.eu/esco/occupation/555ad9ba-72cf-4bc0-9ea6-c36041462be5,4323.8,operatør for gasstransportsystem,0.0769230769230769
Occupation,http://data.europa.eu/esco/occupation/f57eb0cb-e67a-419c-9b7b-4abd811b7e2f,4323.9,flyttekoordinator,0.0384615384615384
Occupation,http://data.europa.eu/esco/occupation/562dd713-5745-4457-929e-5b909da084ca,4323.10,leder for rørledningstransport,0.074074074074074
Occupation,http://data.europa.eu/esco/occupation/fa404a79-4091-47f9-a635-c2e3c576ece8,4323.11,havnekoordinator,0.0512820512820512
Occupation,http://data.europa.eu/esco/occupation/279c0ab1-212b-4e89-a41f-048f5de9dadf,4323.12,"logistikkoordinator, togfrakt",0.0384615384615384
Occupation,http://data.europa.eu/esco/occupation/f643bff3-74ef-48d1-b033-820e2d8659e9,4323.13,"kontrollør, togtrafikk",0.0
Occupation,http://data.europa.eu/esco/occupation/b9836ed2-1ca7-49b4-9f0e-bb5d2ca14443,4323.14,"vedlikeholdskoordinator, kjøretøy",0.0476190476190476
Occupation,http://data.europa.eu/esco/occupation/c3760388-d070-491a-9c1f-be305a576815,4323.15,havnefogd,0.0
Occupation,http://data.europa.eu/esco/occupation/260b01cc-7dd6-4584-8863-cae5426819c6,4323.16,planlegger innen skipsfart,0.0161290322580645
Occupation,http://data.europa.eu/esco/occupation/61ed67cd-67d7-44d8-bc2d-47fc79110a59,4323.17,drosjesentralvakt,0.0
Occupation,http://data.europa.eu/esco/occupation/e9640041-ca34-4955-aa8c-629717d0dcda,4323.18,sporvognkoordinator,0.05
Occupation,http://data.europa.eu/esco/occupation/0cd0082a-ca15-4dcd-b352-b7600c916d8e,4323.19,koordinator av fartøyoperasjoner,0.0
Occupation,http://data.europa.eu/esco/occupation/8908d5aa-ac58-465e-9b75-7e02ed4af3a9,4323.20,"trafikkoordinator, fartøy",0.0
Occupation,http://data.europa.eu/esco/occupation/2b4b5f84-4367-4cb9-9fa0-0e631eded6c8,4323.21,brooperatør,0.0
ISCO level 4,http://data.europa.eu/esco/isco/C4323,4323,Transportfunksjonærer,0.03414886586929592
ISCO level 3,http://data.europa.eu/esco/isco/C441,441,Postbud,0.0108695652173913
Occupation,http://data.europa.eu/esco/occupation/37b15470-3b2d-4ae0-816c-c7c06ed15c99,4411.1,bibliotekassistent,0.0
ISCO level 4,http://data.europa.eu/esco/isco/C4411,4411,Bibliotekassistenter,0.0
Occupation,http://data.europa.eu/esco/occupation/511f366c-ba41-4826-9622-8cda6d6e3b91,4412.1,postassistent,0.0
Occupation,http://data.europa.eu/esco/occupation/7ed2e153-8da8-4c0d-b4c5-3402c623f34b,4412.2,postbud,0.0869565217391304
ISCO level 4,http://data.europa.eu/esco/isco/C4412,4412,Postbud og postsorterere,0.0434782608695652
Occupation,http://data.europa.eu/esco/occupation/f8f34041-3640-41a9-852e-c5a7574de780,4413.1,korrekturleser,0.0
ISCO level 4,http://data.europa.eu/esco/isco/C4413,4413,Kodere mv.,0.0
Occupation,http://data.europa.eu/esco/occupation/9ab0f0db-1128-4050-becd-b09db5eabdaa,4415.1,arkivassistent,0.0
ISCO level 4,http://data.europa.eu/esco/isco/C4415,4415,Arkivassistenter,0.0
Occupation,http://data.europa.eu/esco/occupation/d8ed1703-9c03-4ea0-83cc-b6169bc54ffd,4416.1,personalassistent,0.0
ISCO level 4,http://data.europa.eu/esco/isco/C4416,4416,Personalkontormedarbeidere,0.0
Occupation,http://data.europa.eu/esco/occupation/54cba39a-5bb8-4e4c-89cd-d6097d3c6c3a,4419.1,reklameassistent,0.0
Occupation,http://data.europa.eu/esco/occupation/c8505fa5-0a33-4143-bd87-f24f569e8813,4419.2,"språkmedarbeider, korrespondanse",0.0
ISCO level 4,http://data.europa.eu/esco/isco/C4419,4419,,0.0
ISCO level 3,http://data.europa.eu/esco/isco/C511,511,Persontransportpersonell,0.08005250203665552
Occupation,http://data.europa.eu/esco/occupation/95f56fc4-99f9-49da-b942-1dfbc857e933,5111.1,purser/kabinsjef,0.032258064516129
Occupation,http://data.europa.eu/esco/occupation/f20d3ae6-baeb-482c-b68d-c2fb115e5dde,5111.2.1,flyvert,0.025
Occupation,http://data.europa.eu/esco/occupation/6a2270bc-3f69-4cfd-b99b-fdc2c70d1779,5111.2.2,båtvert,0.0
Occupation,http://data.europa.eu/esco/occupation/fa1aef45-49a4-4446-94b4-e2b563d9d025,5111.2.3,togvert,0.0285714285714285
Occupation,http://data.europa.eu/esco/occupation/58ff0ec2-08ba-4b21-b765-babb6d76ca36,5111.2,kabinpersonale,0.0144927536231884
ISCO level 4,http://data.europa.eu/esco/isco/C5111,5111,Flyverter,0.02006444934214918
Occupation,http://data.europa.eu/esco/occupation/9cee6106-04cf-401a-ae4c-b4b8652d6915,5112.1,sjefskonduktør,0.0
Occupation,http://data.europa.eu/esco/occupation/9653fb92-ad48-4865-a471-f270302fa93b,5112.2,trafikkinformasjonsmedarbeider,0.0
Occupation,http://data.europa.eu/esco/occupation/7720f392-6ea0-4455-a805-7b7eef38a709,5112.3.1,billettør,0.0
Occupation,http://data.europa.eu/esco/occupation/ea034d66-0d35-4891-b82c-6434cad2c76f,5112.3,konduktør,0.0
ISCO level 4,http://data.europa.eu/esco/isco/C5112,5112,Konduktører,0.0
Occupation,http://data.europa.eu/esco/occupation/1185cfe1-49a7-44a7-8dee-45b2f36727f9,5113.1.1,miljøvernunderviser,0.52
Occupation,http://data.europa.eu/esco/occupation/26105840-8abb-4f91-a888-1211cb798b0b,5113.1.2,parkguide,0.188679245283018
Occupation,http://data.europa.eu/esco/occupation/7c5e4ca1-e8be-4297-9014-509d5ba57210,5113.1.3,undervisningsmedarbeider i dyrehage,0.09375
Occupation,http://data.europa.eu/esco/occupation/b476f45f-2c79-44d5-a4d7-fa357aa83074,5113.1,turistguide,0.137931034482758
ISCO level 4,http://data.europa.eu/esco/isco/C5113,5113,Reiseledere og guider,0.235090069941444
ISCO level 3,http://data.europa.eu/esco/isco/C512,512,Kokker,0.0201290322580645
Occupation,http://data.europa.eu/esco/occupation/9ab80ce6-504f-474f-bb91-98163e9d45fd,5120.1.1,kostholdskokk,0.0
Occupation,http://data.europa.eu/esco/occupation/b9de6d8b-1cf6-4722-bf8c-d73aad03bf87,5120.1.2,fiskekokk,0.0
Occupation,http://data.europa.eu/esco/occupation/bbaa1444-2c0a-4f76-8375-d72e3ea968fd,5120.1.3,grillkokk,0.0
Occupation,http://data.europa.eu/esco/occupation/11e6d39e-1295-40e7-8eea-3eb042bc7e34,5120.1.4,industrikokk,0.0806451612903225
Occupation,http://data.europa.eu/esco/occupation/90f75f67-495d-49fa-ab57-2f320e251d7e,5120.1,kokk,0.02
ISCO level 4,http://data.europa.eu/esco/isco/C5120,5120,Kokker,0.0201290322580645
ISCO level 3,http://data.europa.eu/esco/isco/C513,513,Servitører og bartendere,0.00444444444444444
Occupation,http://data.europa.eu/esco/occupation/a1b86a8b-ad91-4192-b386-bbf89bb11699,5131.1,restaurantvert,0.0
Occupation,http://data.europa.eu/esco/occupation/53ed8787-3423-4843-8c63-7be1877d29e2,5131.2.1,hovedkelner,0.0444444444444444
Occupation,http://data.europa.eu/esco/occupation/985400a7-362f-4f91-941a-2e149d94ac2a,5131.2.2.1,ølsommelier,0.0
Occupation,http://data.europa.eu/esco/occupation/a20e4b15-a128-49b9-a06a-e790e3bd5c68,5131.2.2.2,sjefsommelier,0.0
Occupation,http://data.europa.eu/esco/occupation/2d92f7f5-d2b1-4223-92c4-23c33f8604fc,5131.2.2.3,vinsommelier,0.0
Occupation,http://data.europa.eu/esco/occupation/499f80e3-860c-48ef-8286-be929a93e254,5131.2.2,sommelier,0.0
Occupation,http://data.europa.eu/esco/occupation/d5db9d5c-2ebf-4a54-a79a-1b7e7ff70471,5131.2,servitør,0.0
ISCO level 4,http://data.europa.eu/esco/isco/C5131,5131,Servitører,0.006349206349206342
Occupation,http://data.europa.eu/esco/occupation/bf7d8b16-4e2c-48ef-b44e-dc25b2d0ab61,5132.1.1,barista,0.0
Occupation,http://data.europa.eu/esco/occupation/e20816a9-51d0-410b-b2c6-cbc22c1c4256,5132.1.2,cocktailbartender,0.0
Occupation,http://data.europa.eu/esco/occupation/2f5e38a0-6578-4665-bdbd-e2ab505be140,5132.1,bartender,0.0
ISCO level 4,http://data.europa.eu/esco/isco/C5132,5132,Bartendere,0.0
ISCO level 3,http://data.europa.eu/esco/isco/C514,514,Frisører,0.002178649237472765
Occupation,http://data.europa.eu/esco/occupation/4e0c14d6-b170-40f1-bcdc-703c0b92109b,5141.1.1,barberer,0.0
Occupation,http://data.europa.eu/esco/occupation/55f6380c-7511-4c33-8fc4-c74f10f524fa,5141.1.2,frisørassistent,0.0
Occupation,http://data.europa.eu/esco/occupation/82dea303-26e1-4bbc-a07c-cff3cac6b50e,5141.1.3,hårstylist,0.0
Occupation,http://data.europa.eu/esco/occupation/f60dc59b-7681-45d4-8114-b3a646e02ab2,5141.1.4,teaterfrisør,0.0
Occupation,http://data.europa.eu/esco/occupation/099c6bb0-22d3-4c5d-8bf5-70910af381ef,5141.1,frisør,0.0
ISCO level 4,http://data.europa.eu/esco/isco/C5141,5141,Frisører,0.0
Occupation,http://data.europa.eu/esco/occupation/a1e1a788-2352-4172-8fcf-1f985a6968b0,5142.1,kosmetolog,0.0
Occupation,http://data.europa.eu/esco/occupation/d3fd0898-51f7-42a3-8f44-09408fc796f6,5142.2,medarbeider i skjønnhetssalong,0.0
Occupation,http://data.europa.eu/esco/occupation/72413d91-f212-4ad6-bf95-8b78a37c041a,5142.3,hårfjerningsspesialist,0.0
Occupation,http://data.europa.eu/esco/occupation/5dd01019-3999-4d90-bc8a-7a04b0b208b0,5142.4,sminke- og hårdesigner,0.0
Occupation,http://data.europa.eu/esco/occupation/49713da4-4e97-4f82-bd1c-16ce7f9179b7,5142.5,sminkør,0.0
Occupation,http://data.europa.eu/esco/occupation/bced9b86-d4e7-42f8-bb47-acb2001b9bd0,5142.6,manikyrist,0.0
Occupation,http://data.europa.eu/esco/occupation/1978c6ff-37b4-48f1-9aa6-88b9c568f74f,5142.7,massør,0.0
Occupation,http://data.europa.eu/esco/occupation/489b9a38-89a2-425c-95b9-79cec66379e1,5142.8,fotpleier,0.0
Occupation,http://data.europa.eu/esco/occupation/d5ce0c23-6f8a-459f-9bf9-a7cb9768740a,5142.9,personlig stylist,0.0
Occupation,http://data.europa.eu/esco/occupation/2d5a50c6-0bf4-45c3-805c-44d1bf1e3d12,5142.10,spamedarbeider,0.0
Occupation,http://data.europa.eu/esco/occupation/be375e11-9a70-47cb-8091-711c94ed0c13,5142.11,solstudiovert,0.0
Occupation,http://data.europa.eu/esco/occupation/763f82c2-81e3-48d2-9cdf-f532b5016a1f,5142.12,slankekonsulent,0.037037037037037
ISCO level 4,http://data.europa.eu/esco/isco/C5142,5142,Kosmetologer mv.,0.0030864197530864165
ISCO level 3,http://data.europa.eu/esco/isco/C515,515,Renholdsledere og vaktmestre,0.03300551398955653
Occupation,http://data.europa.eu/esco/occupation/e65a9b0e-7347-4f6e-945e-aaeee976ef6e,5151.1,hovmester ved hotell,0.0
Occupation,http://data.europa.eu/esco/occupation/fae51298-03a8-4df4-829a-685dddc1580e,5151.2,rengjøringsleder,0.0571428571428571
ISCO level 4,http://data.europa.eu/esco/isco/C5151,5151,Renholdsledere i virksomheter,0.02857142857142855
Occupation,http://data.europa.eu/esco/occupation/2171a849-4065-411c-8390-835b7782ed8b,5152.1,B&B-vert,0.0851063829787234
Occupation,http://data.europa.eu/esco/occupation/74cbe6fb-336f-4f3f-8c8f-7645b279a231,5152.2.1,hovmester,0.0
Occupation,http://data.europa.eu/esco/occupation/6d50f735-dca9-4a02-96dc-e4310ed98ae2,5152.2,husholder,0.0
ISCO level 4,http://data.europa.eu/esco/isco/C5152,5152,Husholdere,0.028368794326241134
Occupation,http://data.europa.eu/esco/occupation/96430121-2757-4e96-9d6f-7517b25db4f7,5153.1.2,husvakt,0.0384615384615384
Occupation,http://data.europa.eu/esco/occupation/589efb6c-9080-40b2-ab6a-144955675967,5153.1.3,kirketjener,0.0
Occupation,http://data.europa.eu/esco/occupation/1822bfc2-e735-449f-ba00-ca71eb5c062b,5153.1,vaktmester,0.0833333333333333
ISCO level 4,http://data.europa.eu/esco/isco/C5153,5153,Vaktmestre,0.040598290598290565
ISCO level 3,http://data.europa.eu/esco/isco/C516,516,Andre yrker innen personlig tjenesteyting,0.023412157569576774
Occupation,http://data.europa.eu/esco/occupation/6b0ad7c0-a37f-45c6-a486-ee943a11429e,5161.1,astrolog,0.0
Occupation,http://data.europa.eu/esco/occupation/a1d0eb6b-20ac-4a2c-a7c1-9b016ea92b24,5161.2,spåkone/-mann,0.0
Occupation,http://data.europa.eu/esco/occupation/31d0e6b8-64ae-4b04-b988-dbee03a4aaa9,5161.3,medium,0.0
Occupation,http://data.europa.eu/esco/occupation/fd8b68c0-7341-44bb-855d-9b1254eade33,5161.4,synsk,0.0
ISCO level 4,http://data.europa.eu/esco/isco/C5161,5161,Astrologer mv.,0.0
Occupation,http://data.europa.eu/esco/occupation/d5954a2b-a525-45b7-b6d9-b62efafc6c78,5162.1,ledsager,0.0
ISCO level 4,http://data.europa.eu/esco/isco/C5162,5162,,0.0
Occupation,http://data.europa.eu/esco/occupation/aac0c510-f238-4dbe-beeb-1d7b73f4552c,5163.1,gravplassarbeidere,0.0769230769230769
Occupation,http://data.europa.eu/esco/occupation/dc34c345-caf9-4ab7-b496-e18a572194ba,5163.2,balsamerer,0.0
Occupation,http://data.europa.eu/esco/occupation/d7607255-746f-4ad4-bb4e-812e73d24983,5163.3,begravelsesbyråmedarbeider,0.0
Occupation,http://data.europa.eu/esco/occupation/857ed740-f4ae-43d0-8295-d6181f1d7eed,5163.4,direktør for begravelsesbyrå,0.0
ISCO level 4,http://data.europa.eu/esco/isco/C5163,5163,Begravelsesbyrå- og krematoriearbeidere,0.019230769230769225
Occupation,http://data.europa.eu/esco/occupation/5a940ae0-3fa4-40f9-8ca4-17bf792da243,5164.1.1,dyrepleier,0.0476190476190476
Occupation,http://data.europa.eu/esco/occupation/15dfabf5-71e0-400e-af48-4c6f92ef4392,5164.1.2,kennelmedarbeider,0.0285714285714285
Occupation,http://data.europa.eu/esco/occupation/f7066fc0-5f2f-43a9-bd35-a99e6119490d,5164.1.3,dyrepasser i dyrehage,0.121212121212121
Occupation,http://data.europa.eu/esco/occupation/0b14d5d7-1bbe-4403-b9e6-7b0f37fc44fc,5164.1,dyrepleier,0.04
Occupation,http://data.europa.eu/esco/occupation/65a9366c-d4d3-484d-a577-c63d335987da,5164.2.1.1.1,førerhundinstruktør,0.0
Occupation,http://data.europa.eu/esco/occupation/2662ed6c-a705-4895-8e9d-0a85c08ad908,5164.2.1.1,hundetrener,0.0277777777777777
Occupation,http://data.europa.eu/esco/occupation/4ac3c3a0-eb56-491f-8d21-1e5539a05b54,5164.2.1.2,hestetrener,0.0263157894736842
Occupation,http://data.europa.eu/esco/occupation/fc1da244-880f-407d-bfa7-789a2f468ea0,5164.2.1,dyretrener,0.0149253731343283
Occupation,http://data.europa.eu/esco/occupation/1ee1b792-4d5f-4555-be4e-ce7e4c05d1a9,5164.2,dyrepasser,0.0526315789473684
Occupation,http://data.europa.eu/esco/occupation/7ceb2340-339c-4367-bc4e-e08f57c992f6,5164.3,medarbeider på dyremottak,0.0256410256410256
Occupation,http://data.europa.eu/esco/occupation/701f9161-72e4-4ff3-a9e8-8e6352664ef0,5164.5,klovpleier,0.111111111111111
Occupation,http://data.europa.eu/esco/occupation/2b292d4d-1905-45ec-a7c0-1ca7b45a4162,5164.6,hundeoppdretter,0.054054054054054
Occupation,http://data.europa.eu/esco/occupation/bc1748c7-29d6-43d5-a304-6b74f317ac26,5164.8,leder av kennel,0.024390243902439
Occupation,http://data.europa.eu/esco/occupation/84cdc2ef-ee7c-42b1-be19-5e1c6b537f8f,5164.9,kjæledyrpasser,0.05
Occupation,http://data.europa.eu/esco/occupation/62204bd8-98b5-418f-b189-7333904cbde7,5164.10,områdeleder i dyrepark,0.0714285714285714
ISCO level 4,http://data.europa.eu/esco/isco/C5164,5164,Dyrepassere og - trenere mv.,0.04637854152486378
Occupation,http://data.europa.eu/esco/occupation/4666cccf-cfbc-4296-95b5-67dad2f620d2,5165.1.1,"kjørelærer, buss",0.0
Occupation,http://data.europa.eu/esco/occupation/834aab9b-2246-4c3e-ab4a-cf3de1267e1a,5165.1.2,"kjørelærer, bil",0.0
Occupation,http://data.europa.eu/esco/occupation/259d9967-2189-4b98-be32-9d3169b02e1b,5165.1.3,"kjørelærer, motorsykkel",0.0
Occupation,http://data.europa.eu/esco/occupation/c29f1a42-25cb-4192-9bc1-cc7560c00590,5165.1.4,"kjørelærer, lastebil",0.0
Occupation,http://data.europa.eu/esco/occupation/bca2528a-5a87-4576-a3b5-1edbbce40a9f,5165.1,kjørelærer,0.0
Occupation,http://data.europa.eu/esco/occupation/2c027db0-d2a6-43f0-9c4a-caff27c7c54a,5165.2,båtinstruktør,0.0
ISCO level 4,http://data.europa.eu/esco/isco/C5165,5165,Kjøreskolelærere,0.0
Occupation,http://data.europa.eu/esco/occupation/d1fc31d2-38e1-4000-85b7-3f82d2fbed9e,5169.1,klubbvert,0.0
Occupation,http://data.europa.eu/esco/occupation/f84aae41-28cc-4aa0-a0df-e7c3030516fd,5169.2,datingkonsulent,0.0
Occupation,http://data.europa.eu/esco/occupation/db20c08e-819e-4410-91e2-6ac06add4e27,5169.3,eskorte,0.0
ISCO level 4,http://data.europa.eu/esco/isco/C5169,5169,Andre personlige tjenesteytere,0.0
ISCO level 3,http://data.europa.eu/esco/isco/C521,521,Torg og markedsselgere,0.0259136212624584
Occupation,http://data.europa.eu/esco/occupation/c822ca35-6c36-4eab-97fa-90f2775091c3,5211.1,markedsselger,0.0232558139534883
ISCO level 4,http://data.europa.eu/esco/isco/C5211,5211,Torghandlere,0.0232558139534883
Occupation,http://data.europa.eu/esco/occupation/e982a28b-9de2-460c-b85d-0f65ea0aa3ca,5212.1,gatematselger,0.0285714285714285
ISCO level 4,http://data.europa.eu/esco/isco/C5212,5212,Gateselgere,0.0285714285714285
ISCO level 3,http://data.europa.eu/esco/isco/C522,522,Butikkselgere,0.001932347658199659
Occupation,http://data.europa.eu/esco/occupation/bf89925d-00a1-4f94-ab3b-2148c887af33,5221.1,detaljhandler,0.0
ISCO level 4,http://data.europa.eu/esco/isco/C5221,5221,Innehavere av kiosk/liten butikk,0.0
Occupation,http://data.europa.eu/esco/occupation/c76dda38-938c-404e-8a6d-78c8705eebc0,5222.1.1,kasseleder,0.0
Occupation,http://data.europa.eu/esco/occupation/bdfb48e0-79dc-4b63-8470-db2e03b37326,5222.1,"avdelingsleder, butikk",0.0
ISCO level 4,http://data.europa.eu/esco/isco/C5222,5222,Butikkavdelingssjefer,0.0
Occupation,http://data.europa.eu/esco/occupation/38395ab3-766c-4c6c-8d96-430eff19ec8d,5223.1,"leasingmedarbeider, bil",0.0
Occupation,http://data.europa.eu/esco/occupation/099a901f-91a7-4d26-af2e-f385247dcf20,5223.2,reservedelskonsulent,0.0277777777777777
Occupation,http://data.europa.eu/esco/occupation/f8da6546-0c8a-4bd0-a952-6f3c253c9aba,5223.3,personlig shopper,0.0
Occupation,http://data.europa.eu/esco/occupation/9ba74e8a-c40c-4228-9998-eb3c7a5c11df,5223.4,salgsassistent,0.0
Occupation,http://data.europa.eu/esco/occupation/73357956-f607-4baa-9ce6-03beb9b39da2,5223.5,ordrebehandler,0.0
Occupation,http://data.europa.eu/esco/occupation/0b15375e-dfdd-4047-9efb-096e0aaee7d2,5223.6,butikkmedarbeider,0.0
Occupation,http://data.europa.eu/esco/occupation/0d9eed6b-4908-4112-bf37-ae08e2f0f326,5223.7.1,"spesialisert selger, våpen",0.0
Occupation,http://data.europa.eu/esco/occupation/a10222e7-1940-4ca3-86c1-99b115535969,5223.7.2,"spesialisert selger, lyd- og bildeutstyr",0.0
Occupation,http://data.europa.eu/esco/occupation/3a17bd32-8a00-47cb-82aa-2b5660cf1192,5223.7.3,"spesialisert selger, høreapparater",0.0
Occupation,http://data.europa.eu/esco/occupation/2e9c9404-0d86-453c-9001-3a0cd1d1323b,5223.7.4,"spesialisert selger, bakeri",0.0
Occupation,http://data.europa.eu/esco/occupation/63d99701-1a6c-4c57-87c8-4b0d5c0b4408,5223.7.5,"spesialisert selger, drikkevarer",0.0
Occupation,http://data.europa.eu/esco/occupation/1246764a-ce7c-45e8-9675-e445d145e818,5223.7.6,"spesialisert selger, bokhandler",0.0
Occupation,http://data.europa.eu/esco/occupation/71bac871-7594-4d86-a19f-592079bd8154,5223.7.7,"spesialisert selger, byggematerialer",0.0285714285714285
Occupation,http://data.europa.eu/esco/occupation/13da27aa-ca6a-476d-ab2c-efc9e5bd97b2,5223.7.8,"spesialisert selger, klær",0.0
Occupation,http://data.europa.eu/esco/occupation/4dc6e03f-bfb0-4078-a453-01bd1cb735aa,5223.7.9,"spesialisert selger, datamaskiner og datatilbehør",0.0
Occupation,http://data.europa.eu/esco/occupation/3ff2fdf4-af54-4517-873d-73e9353f112e,5223.7.10,"spesialisert selger, dataspill, multimedia og programvare",0.0
Occupation,http://data.europa.eu/esco/occupation/268565be-d94f-4983-a33f-2b7dabc61f24,5223.7.11,"spesialisert selger, konditor/konfekthandler",0.0
Occupation,http://data.europa.eu/esco/occupation/773753ad-c4f7-4052-b3b4-440435199d6b,5223.7.12,"spesialisert selger, kosmetikk og parfyme",0.0
Occupation,http://data.europa.eu/esco/occupation/e11e5be4-49e7-48ac-8e0d-6d3ffd3dbcd0,5223.7.13,"spesialisert selger, delikatesser",0.0
Occupation,http://data.europa.eu/esco/occupation/8712c91f-defb-4483-9e99-d9f896664a11,5223.7.14,"spesialisert selger, husholdningsapparater",0.0
Occupation,http://data.europa.eu/esco/occupation/56a535ff-189b-45da-97d4-775f78744f83,5223.7.15,spesialisert selger innen briller og optisk utstyr,0.0
Occupation,http://data.europa.eu/esco/occupation/062d666b-8b5f-4ff2-9047-113831eb3e9f,5223.7.16,"spesialisert selger, fisk og skalldyr",0.0
Occupation,http://data.europa.eu/esco/occupation/d9fb82d0-9b07-4c38-b8e2-d146ff8850b9,5223.7.17,"spesialisert selger, gulv- og veggbelegg",0.0
Occupation,http://data.europa.eu/esco/occupation/c0768628-46ad-4077-aee0-66ab6d7711df,5223.7.18,"spesialisert selger, blomster og hage",0.0
Occupation,http://data.europa.eu/esco/occupation/51ca3c6e-1c9b-49e4-aa09-9e77d1a59547,5223.7.19,"spesialisert selger, frukt og grønnsaker",0.0
Occupation,http://data.europa.eu/esco/occupation/4b1b1c9c-579c-45c8-8a34-db39f544c031,5223.7.20,"spesialisert selger, møbler",0.0
Occupation,http://data.europa.eu/esco/occupation/03b9d7c4-9590-4e0d-97a7-470254e165d4,5223.7.21,"spesialisert selger, jernvare- og fargehandel",0.0
Occupation,http://data.europa.eu/esco/occupation/80fe3002-3ae4-4d3b-8969-0f2ce1049d7d,5223.7.22,"spesialisert selger, klokker og smykker",0.0
Occupation,http://data.europa.eu/esco/occupation/974494ee-5f32-4eec-9950-9d431e902dc1,5223.7.23,"spesialisert selger, kjøtt og kjøttprodukter",0.0
Occupation,http://data.europa.eu/esco/occupation/aa9c6416-6a17-4e2f-a7c4-6d47c205d480,5223.7.24,spesialisert selger innen legemidler,0.0
Occupation,http://data.europa.eu/esco/occupation/6a163fef-dee8-4583-82b0-13b76d8a27b2,5223.7.25,"spesialisert selger, motorkjøretøyer",0.0
Occupation,http://data.europa.eu/esco/occupation/e02d7c8a-1e38-4a67-a6e1-f580e550238f,5223.7.26,"spesialisert selger, musikk og film",0.0
Occupation,http://data.europa.eu/esco/occupation/8f8455a9-d2ac-4f1c-ac83-4f4aa82b1eb7,5223.7.27,"spesialisert selger, ortopedisk utstyr",0.0
Occupation,http://data.europa.eu/esco/occupation/399afb40-d58b-4f4a-aa52-a0378fccaf65,5223.7.28,"spesialisert selger, dyrebutikk",0.0
Occupation,http://data.europa.eu/esco/occupation/ccf0becd-247d-4497-9ee7-25a46c1ffb7a,5223.7.29,"spesialisert selger, aviser og kontorutstyr",0.0
Occupation,http://data.europa.eu/esco/occupation/4ae3ad16-2d33-406c-8497-c66f7d61b914,5223.7.30,"spesialisert selger, gjenbruksartikler",0.0
Occupation,http://data.europa.eu/esco/occupation/72149e37-f4f4-4570-8c17-27444160aa16,5223.7.31,"spesialisert selger, sko og lærvarer",0.0285714285714285
Occupation,http://data.europa.eu/esco/occupation/f8304b4c-1220-4979-b2dd-47d2a2f0734a,5223.7.32,"spesialisert selger, antikviteter",0.0
Occupation,http://data.europa.eu/esco/occupation/11103139-4555-4696-b331-1ee581ff9a38,5223.7.33,"spesialisert selger, sportsutstyr",0.0
Occupation,http://data.europa.eu/esco/occupation/f4b4fb1d-0224-4e6b-b7c9-84bcf133be00,5223.7.34,"spesialisert selger, telekommunikasjonsutstyr",0.0
Occupation,http://data.europa.eu/esco/occupation/528f90ed-e250-48bd-aacc-ffb7b1de5654,5223.7.35,spesialisert selger innen tekstiler,0.0
Occupation,http://data.europa.eu/esco/occupation/b674a89a-4439-4ad5-822d-518036415503,5223.7.36,"spesialisert selger, tobakk",0.0
Occupation,http://data.europa.eu/esco/occupation/8269720b-49c7-4185-ad7e-05d8d31ac041,5223.7.37,spesialisert selger innen spill og leker,0.0
Occupation,http://data.europa.eu/esco/occupation/547b304b-9a72-4717-9b24-b7046df5f64e,5223.7,spesialisert selger,0.00589970501474926
ISCO level 4,http://data.europa.eu/esco/isco/C5223,5223,Butikkmedarbeidere,0.00206409863489509
ISCO level 3,http://data.europa.eu/esco/isco/C523,523,Billettselgere,0.0
Occupation,http://data.europa.eu/esco/occupation/2b871272-bd61-4206-bd1a-0b96d7023098,5230.1,kassemedarbeider,0.0
Occupation,http://data.europa.eu/esco/occupation/3f32394b-f1b1-48ef-96ee-74405fb7c6b6,5230.2,kassaoperatør for lotteri,0.0
Occupation,http://data.europa.eu/esco/occupation/612430b3-dd43-4786-b823-0466c4953f66,5230.3,billettselger,0.0
ISCO level 4,http://data.europa.eu/esco/isco/C5230,5230,Billettselgere,0.0
ISCO level 3,http://data.europa.eu/esco/isco/C524,524,Andre salgsyrker,0.0015673981191222546
Occupation,http://data.europa.eu/esco/occupation/d0341f2c-f797-4306-b847-411dee1058a9,5241.1,kunstnermodell,0.0
Occupation,http://data.europa.eu/esco/occupation/9af5fd79-d76e-4343-bc13-ff2d172aec62,5241.2,fotomodell,0.0
ISCO level 4,http://data.europa.eu/esco/isco/C5241,5241,Mannekenger og modeller,0.0
Occupation,http://data.europa.eu/esco/occupation/056f1849-7ff8-4d6f-9b8a-176a610bba44,5242.1,demonstrasjonsmedarbeider,0.0
ISCO level 4,http://data.europa.eu/esco/isco/C5242,5242,Demonstrasjonsselgere,0.0
Occupation,http://data.europa.eu/esco/occupation/ae73f0dc-05a7-4e23-a234-9bb7e6d86975,5243.1,dørselger,0.0344827586206896
ISCO level 4,http://data.europa.eu/esco/isco/C5243,5243,Dørselgere,0.0344827586206896
Occupation,http://data.europa.eu/esco/occupation/0ededdc2-050a-4ec3-8e70-6295105fcd19,5244.1,telefonselger,0.0
ISCO level 4,http://data.europa.eu/esco/isco/C5244,5244,Telefon- og nettselgere,0.0
Occupation,http://data.europa.eu/esco/occupation/41beead9-98ad-4c89-b6e0-a14149f4eeab,5245.1,"spesialisert selger, bensinstasjon",0.0
ISCO level 4,http://data.europa.eu/esco/isco/C5245,5245,Servicemedarbeidere (bensinstasjon),0.0
Occupation,http://data.europa.eu/esco/occupation/b4bff870-5c8f-4c33-b07f-f04d79830633,5246.1,medarbeider i cateringselskap,0.0
Occupation,http://data.europa.eu/esco/occupation/4a1125ee-5728-4b1f-b655-7b8eb2e27660,5246.2,"arbeidsleder, hurtigmatrestaurant",0.0
ISCO level 4,http://data.europa.eu/esco/isco/C5246,5246,Gatekjøkken- og kafémedarbeidere mv.,0.0
Occupation,http://data.europa.eu/esco/occupation/de31a27f-c6ba-4d4f-87cd-b405e1852121,5249.1,utleiesjef,0.0
Occupation,http://data.europa.eu/esco/occupation/b972feaa-e2a6-4b22-9de4-18040f3f04eb,5249.2.1.1,utleiemedarbeider innen landbruksmaskiner og -utstyr,0.0
Occupation,http://data.europa.eu/esco/occupation/601db24d-cc02-48f3-9939-8c8b41b34ef7,5249.2.1.2,utleiemedarbeider innen lufttransportutstyr,0.0
Occupation,http://data.europa.eu/esco/occupation/f874980a-e08f-4a58-bc21-2ff3cf472ec5,5249.2.1.3,utleiemedarbeider innen biler og lette motorkjøretøy,0.0
Occupation,http://data.europa.eu/esco/occupation/8dded776-dc04-4099-a32c-7c5a41ee00e1,5249.2.1.4,utleiemedarbeider innen bygg- og anleggsmaskiner,0.0
Occupation,http://data.europa.eu/esco/occupation/56245067-16f0-43e7-84fa-4a1e794a6ac0,5249.2.1.5,utleiemedarbeider innen kontormaskiner og -utstyr,0.0
Occupation,http://data.europa.eu/esco/occupation/a1da839e-9b70-4032-bb83-820790e77003,5249.2.1.6,utleiemedarbeider innen lastebiler,0.0
Occupation,http://data.europa.eu/esco/occupation/4e7a3641-7bd3-4290-9f0c-0e7ca776fb0e,5249.2.1.7,utleiemedarbeider innen skip og båter,0.0
Occupation,http://data.europa.eu/esco/occupation/009d29de-5872-43be-8d9b-abd27f8c99f1,5249.2.1,utleiemedarbeider innen andre typer maskiner og utstyr,0.0
Occupation,http://data.europa.eu/esco/occupation/a527f263-0feb-4d55-b416-0577e9dc7847,5249.2.2.1,utleiemedarbeider innen varer til fritid og sport,0.0
Occupation,http://data.europa.eu/esco/occupation/d6b339ed-8dc9-4281-8c91-c8287eceee40,5249.2.2.2,utleiemedarbeider innen videobånd og DVD,0.0
Occupation,http://data.europa.eu/esco/occupation/2bedd02b-aeeb-4ed8-b1ae-29a706638414,5249.2.2,utleiemedarbeider innen varer til husholdning og personlig bruk,0.0
Occupation,http://data.europa.eu/esco/occupation/3900b684-6b4b-4133-b134-e1d129d60383,5249.2,utleiemedarbeider,0.0
Occupation,http://data.europa.eu/esco/occupation/3cc87d40-f402-4f57-9353-4b36a031cfc5,5249.3,bilutleier,0.0
ISCO level 4,http://data.europa.eu/esco/isco/C5249,5249,Andre salgsmedarbeidere,0.0
ISCO level 3,http://data.europa.eu/esco/isco/C531,531,Barnehage- og skoleassistenter mv.,0.0
Occupation,http://data.europa.eu/esco/occupation/f219f643-4df1-4a9a-b6c5-dc2f48c22806,5311.1.1,au pair,0.0
Occupation,http://data.europa.eu/esco/occupation/c4a81f47-6ed8-4a17-ab4a-21a2e67fa1d9,5311.1.2,barnevakt,0.0
Occupation,http://data.europa.eu/esco/occupation/3f74aad8-2d60-4be2-b059-8dba5568d530,5311.1.3,"barnepasser, dagtid",0.0
Occupation,http://data.europa.eu/esco/occupation/0a5356bc-7f81-4e40-971d-c1dc789c5fb4,5311.1.4,barnepike,0.0
Occupation,http://data.europa.eu/esco/occupation/3413f234-6230-47a8-8cc7-2691fd54ce3a,5311.1,barnepasser,0.0
Occupation,http://data.europa.eu/esco/occupation/78eacaf8-06d6-4b78-920f-edece2e41464,5311.2,skolebussassistent,0.0
ISCO level 4,http://data.europa.eu/esco/isco/C5311,5311,Barnehage- og skolefritidsassistenter mv.,0.0
Occupation,http://data.europa.eu/esco/occupation/4d27152a-a8ee-4f5a-9f93-a2fb4fb2b2e3,5312.1,"undervisningsassistent, førskole",0.0
Occupation,http://data.europa.eu/esco/occupation/00674f21-2f8f-4a41-9896-133f7cbe2a6e,5312.2,hjelpelærer i grunnskolen,0.0
Occupation,http://data.europa.eu/esco/occupation/79c2e54e-26e8-4cdc-a7f1-908e000bfb83,5312.3,hjelpelærer i videregående skole,0.0
Occupation,http://data.europa.eu/esco/occupation/1f137f0b-7097-4583-9d1b-b69e57369319,5312.4,spesialundervisningsassistent,0.0
ISCO level 4,http://data.europa.eu/esco/isco/C5312,5312,Skoleassistenter,0.0
ISCO level 3,http://data.europa.eu/esco/isco/C532,532,Pleiemedarbeidere,0.0027777777777777666
Occupation,http://data.europa.eu/esco/occupation/87d0795a-d41f-47ee-979f-0ab7d73836e7,5321.1.1,pleiemedhjelper,0.0166666666666666
Occupation,http://data.europa.eu/esco/occupation/d38c2107-98f2-47b7-8bb4-f69750d51082,5321.1,hjelpepleier,0.0
ISCO level 4,http://data.europa.eu/esco/isco/C5321,5321,Helsefagarbeidere,0.0083333333333333
Occupation,http://data.europa.eu/esco/occupation/1391bdf9-bd61-4fb5-91ca-c29036ab2b60,5322.1,hjemmehjelp,0.0
ISCO level 4,http://data.europa.eu/esco/isco/C5322,5322,Hjemmehjelper,0.0
Occupation,http://data.europa.eu/esco/occupation/a30734bb-2f10-4747-a94c-75f5ec3c63a4,5329.1,Portør,0.0
Occupation,http://data.europa.eu/esco/occupation/5ee264b2-9bc5-40f6-9db3-c87143af6b2d,5329.2,laborant/blodprøvetaker,0.0
Occupation,http://data.europa.eu/esco/occupation/7005c266-d1a9-42ac-8c36-b42d5d755463,5329.3,steriltekniker,0.0
ISCO level 4,http://data.europa.eu/esco/isco/C5329,5329,Andre pleiemedarbeidere,0.0
ISCO level 3,http://data.europa.eu/esco/isco/C541,541,Sikkerhetsarbeidere,0.036053289637848415
Occupation,http://data.europa.eu/esco/occupation/1cd93859-d796-4559-90c4-4b4597cd6e54,5411.1.1,industribrannmann,0.09375
Occupation,http://data.europa.eu/esco/occupation/9c3cdf9a-f62f-4d73-bb8d-4cfc85c2d271,5411.1.2,"brannkonstabel, sjøfart",0.0277777777777777
Occupation,http://data.europa.eu/esco/occupation/d4ccb6d4-ea97-47e5-a319-b72cffbf0631,5411.1.3,"redningsarbeider, gruvedrift",0.0
Occupation,http://data.europa.eu/esco/occupation/7c320679-131d-4828-87ed-94886614b7ed,5411.1.4,pumpeoperatør,0.1
Occupation,http://data.europa.eu/esco/occupation/88721b6c-d2ce-41c6-8878-73c0d3aacf39,5411.1,brannkonstabel,0.161764705882352
ISCO level 4,http://data.europa.eu/esco/isco/C5411,5411,Brannkonstabler,0.07665849673202593
Occupation,http://data.europa.eu/esco/occupation/5793c124-c037-47b2-85b6-dd4a705968dc,5412.1,politibetjent,0.0
ISCO level 4,http://data.europa.eu/esco/isco/C5412,5412,,0.0
Occupation,http://data.europa.eu/esco/occupation/6e36bf67-9df2-4d68-8f78-fca1d34acc0b,5413.1,fengselsbetjent i ungdomsfengsel,0.0
Occupation,http://data.europa.eu/esco/occupation/3327a087-cd36-4b02-ac1b-6455f59f9312,5413.2,fengselsbetjent,0.0
ISCO level 4,http://data.europa.eu/esco/isco/C5413,5413,Fengselsbetjenter,0.0
Occupation,http://data.europa.eu/esco/occupation/b00e9e89-fd8d-4655-b6a2-f58b17629473,5414.1.1,sikkerhetsvakt på flyplass,0.0
Occupation,http://data.europa.eu/esco/occupation/ffa4dd5d-702b-4828-ad85-17ec50db6656,5414.1.2,verditransportør,0.0
Occupation,http://data.europa.eu/esco/occupation/f8e435dd-7aa9-4d7a-97c3-b3b5789b6b25,5414.1.3,livvakt,0.0
Occupation,http://data.europa.eu/esco/occupation/7e17f4ea-9565-41e0-b408-b52b5c9492a3,5414.1.4,sjefsdørvakt,0.0
Occupation,http://data.europa.eu/esco/occupation/842d4d83-7e18-493a-a4a6-3f2a36504b18,5414.1.5,portvakt,0.0
Occupation,http://data.europa.eu/esco/occupation/ebb4061a-906f-45fe-b4c0-a871c11f6fab,5414.1.6,sikkerhetsansvarlig på overnattingssted,0.0
Occupation,http://data.europa.eu/esco/occupation/9c61bba4-56b7-4846-9f4e-b1f2decf3e7e,5414.1.7,utrykningsvakt,0.0
Occupation,http://data.europa.eu/esco/occupation/c66b4569-09aa-4d8d-93d9-ac9b9176655d,5414.1.8,sikkerhetskonsulent,0.0
Occupation,http://data.europa.eu/esco/occupation/37442765-f7bb-4ccd-9de1-4790296f3d37,5414.1.9,sikkerhetsvaktsjef,0.0
Occupation,http://data.europa.eu/esco/occupation/31808988-fc0a-4bc3-9e47-27216d6759f5,5414.1,sikkerhetsvakt,0.0
ISCO level 4,http://data.europa.eu/esco/isco/C5414,5414,Vektere,0.0
Occupation,http://data.europa.eu/esco/occupation/7f7d2bfe-f038-436f-95ff-29bc90726430,5419.1,flyanviser,0.0
Occupation,http://data.europa.eu/esco/occupation/b8b98b65-7db2-43f8-8ac4-2f1903984e7b,5419.2,parkeringsvakt,0.0
Occupation,http://data.europa.eu/esco/occupation/bd1cd902-1fb1-40b1-abce-bb9ef60805b4,5419.3,kystvakt,0.135135135135135
Occupation,http://data.europa.eu/esco/occupation/12da0bb1-26c8-46eb-9476-797f4f1c441e,5419.4,trafikkvakt,0.0
Occupation,http://data.europa.eu/esco/occupation/8fc3d559-d61c-418c-ad4a-bf4c6b2909e3,5419.5,ordensvakt,0.0
Occupation,http://data.europa.eu/esco/occupation/ea4c9aa1-cb9d-4037-a748-ac1305af7129,5419.6,nødhjelpsarbeider,0.303030303030303
Occupation,http://data.europa.eu/esco/occupation/3025dea4-1752-40a9-9431-fd874420386f,5419.7,livredder,0.0
Occupation,http://data.europa.eu/esco/occupation/4cbe5a17-056c-489a-9f10-f9d816905000,5419.8,områdevakt,0.0
Occupation,http://data.europa.eu/esco/occupation/2de007c6-3223-4cd1-9561-e8a2e16e049d,5419.9,"inspektør, dyrevelferd",0.0769230769230769
Occupation,http://data.europa.eu/esco/occupation/a491c5c1-e126-4414-9ac9-3625a4a79513,5419.10,viltforvalter,0.111111111111111
ISCO level 4,http://data.europa.eu/esco/isco/C5419,5419,Andre sikkerhetsarbeidere,0.06261996261996258
ISCO level 3,http://data.europa.eu/esco/isco/C611,611,Korn-,0.22778924553140897
Occupation,http://data.europa.eu/esco/occupation/f5e80af5-eebe-4133-878a-5dc5ef34fe93,6111.1,arbeidsleder for landbruksarbeidere,0.303571428571428
ISCO level 4,http://data.europa.eu/esco/isco/C6111,6111,Korn- og grønnsaksprodusenter,0.303571428571428
Occupation,http://data.europa.eu/esco/occupation/b865693a-eb11-44cc-bf6c-38e5b4d7e169,6112.1,arborist,0.294117647058823
Occupation,http://data.europa.eu/esco/occupation/2104ee38-2fd1-4647-8f60-d2200f069805,6112.2.1,leder innen vinproduksjon,0.13333333333333333
Occupation,http://data.europa.eu/esco/occupation/5aeaea2f-6585-4d3d-8f3e-1fdd9903aa32,6112.2,driftsleder innen fruktdyrking,0.194444444444444
Occupation,http://data.europa.eu/esco/occupation/a6af318e-8a3a-4266-a1ef-cf7afe588201,6112.3,humleprodusent,0.268292682926829
Occupation,http://data.europa.eu/esco/occupation/c56295bb-ef33-4ccd-a929-59e3dd73f876,6112.4,kjellermester,0.0454545454545454
Occupation,http://data.europa.eu/esco/occupation/1fc60ca6-c3ea-4aeb-bf3b-350c0c5e7f93,6112.5,maskinoperatør innen vinproduksjon,0.304347826086956
Occupation,http://data.europa.eu/esco/occupation/8b304664-ba25-45fe-a5bf-80c727943a86,6112.6,leder av vingård,0.15625
ISCO level 4,http://data.europa.eu/esco/isco/C6112,6112,Frukt- og bærprodusenter,0.1994629256149901
Occupation,http://data.europa.eu/esco/occupation/a48b9a5a-5ded-482d-8cda-7fd097a32c16,6113.1,parkarbeider,0.265306122448979
Occupation,http://data.europa.eu/esco/occupation/d36b66f8-c08a-4416-953b-62c271ca7509,6113.2,driftssjef for hagebruk,0.195121951219512
Occupation,http://data.europa.eu/esco/occupation/8e24c53a-9dc6-46d1-986b-48a93f20df2a,6113.3,arbeidsleder ved hagebruk,0.204545454545454
Occupation,http://data.europa.eu/esco/occupation/98af7387-3974-457a-aa57-5397d1ea3949,6113.4,innendørsgartner,0.206896551724137
Occupation,http://data.europa.eu/esco/occupation/e7970c7a-7769-4002-87d3-0a8ea94fdd6f,6113.5,landskapsgartner,0.259259259259259
Occupation,http://data.europa.eu/esco/occupation/fa30c1cb-dbc5-409c-8124-7284592b123c,6113.6,trebeskjærer,0.269230769230769
ISCO level 4,http://data.europa.eu/esco/isco/C6113,6113,Gartnere,0.233393351404685
Occupation,http://data.europa.eu/esco/occupation/1b5ccfe7-1cc3-4f02-974c-f852d3faf57e,6114.1,"produksjonssjef, avling",0.316666666666666
ISCO level 4,http://data.europa.eu/esco/isco/C6114,6114,Kombinasjonsbrukere,0.316666666666666
ISCO level 3,http://data.europa.eu/esco/isco/C612,612,Husdyr-,0.01883830035487628
Occupation,http://data.europa.eu/esco/occupation/b4ff30f8-073b-4dd8-9128-ecf9d0ff87ba,6121.1,kvegoppdretter,0.0212765957446808
Occupation,http://data.europa.eu/esco/occupation/5734feab-60be-4f11-8e3f-e983ca6fb07a,6121.2,stallsjef,0.0
Occupation,http://data.europa.eu/esco/occupation/15151ba4-fbf2-4fd9-8dde-2abbc6ec362c,6121.3,hesteoppdretter,0.0222222222222222
Occupation,http://data.europa.eu/esco/occupation/ea3db1b3-7c03-4306-9e3d-7e20eb7f1826,6121.4,griseoppdretter,0.0232558139534883
Occupation,http://data.europa.eu/esco/occupation/b2678105-9d5c-403f-b822-274aff706309,6121.5,saueoppdretter,0.0227272727272727
Occupation,http://data.europa.eu/esco/occupation/2a1190f0-14d5-4ce4-ade0-ef726a1887a0,6121.6,gjeter,0.0
ISCO level 4,http://data.europa.eu/esco/isco/C6121,6121,Melke- og husdyrprodusenter,0.014913650774610666
Occupation,http://data.europa.eu/esco/occupation/d20fd82a-9d99-4335-ad83-87484e297a46,6122.1,fjørfeoppdretter,0.0238095238095238
Occupation,http://data.europa.eu/esco/occupation/8050a89e-563b-4073-943b-84b0c4286c1f,6122.2,fjørfesorterer,0.0
ISCO level 4,http://data.europa.eu/esco/isco/C6122,6122,Egg- og fjærfeprodusenter,0.0119047619047619
Occupation,http://data.europa.eu/esco/occupation/026401a9-7d56-4d7b-8052-38985ddbeafa,6123.1,birøkter,0.0512820512820512
ISCO level 4,http://data.europa.eu/esco/isco/C6123,6123,Birøktere mv.,0.0512820512820512
Occupation,http://data.europa.eu/esco/occupation/0ee5a71a-3c85-48af-bf81-824d3561737a,6129.1,pelsdyroppdretter,0.0238095238095238
ISCO level 4,http://data.europa.eu/esco/isco/C6129,6129,Andre dyreoppdrettere og røktere,0.0238095238095238
ISCO level 3,http://data.europa.eu/esco/isco/C613,613,Plante- og husdyrprodusenter (kombinasjonsbruk),0.26986076986076946
Occupation,http://data.europa.eu/esco/occupation/4552095e-3396-4831-86ad-4fc34ec39a19,6130.1,"driftssjef, landbruk",0.297297297297297
Occupation,http://data.europa.eu/esco/occupation/1c1e86f9-6347-42d6-aa6e-c95b138bf640,6130.2,"gårdbruker, kombinasjonsbruk",0.242424242424242
ISCO level 4,http://data.europa.eu/esco/isco/C6130,6130,Plante- og husdyrprodusenter (kombinasjonsbruk),0.26986076986076946
ISCO level 3,http://data.europa.eu/esco/isco/C621,621,Skogbrukere,0.512195121951219
Occupation,http://data.europa.eu/esco/occupation/f489b1ec-3d6c-44b1-b1d7-c6c97db7df30,6210.1,skogvokter,0.512195121951219
ISCO level 4,http://data.europa.eu/esco/isco/C6210,6210,Skogbrukere,0.512195121951219
ISCO level 3,http://data.europa.eu/esco/isco/C622,622,Havbruksarbeidere og fiskere,0.08570595233870197
Occupation,http://data.europa.eu/esco/occupation/3206f826-7d53-4180-9797-e94ad9eaf841,6221.1,"akvakulturtekniker, spesialist på merder",0.107142857142857
Occupation,http://data.europa.eu/esco/occupation/d85e041f-8306-476e-a2cd-59baa1e61992,6221.2,"akvakulturtekniker, innhøsting",0.0175438596491228
Occupation,http://data.europa.eu/esco/occupation/02bd7cac-8263-4425-b03d-19001ffe8787,6221.3,klekkeriansvarlig ved akvakulturbruk,0.0588235294117647
Occupation,http://data.europa.eu/esco/occupation/e93d5c8d-1219-4c11-91d7-9d0ab8d9c08e,6221.4,klekkeritekniker ved akvakulturbruk,0.2765957446808511
Occupation,http://data.europa.eu/esco/occupation/a8c7004a-e59c-4a4d-9092-2cb4533ffe58,6221.5,klekkerimedarbeider ved akvakulturbruk,0.0465116279069767
Occupation,http://data.europa.eu/esco/occupation/e0628770-57f0-4cf2-952e-5b16547db8c1,6221.6,akvakulturtekniker med spesialfelt innen oppdrett,0.0909090909090909
Occupation,http://data.europa.eu/esco/occupation/c0a15ec7-10e6-45e7-b69c-b85ff6f4f87f,6221.7,oppdrettsarbeider ved akvakulturbruk,0.109090909090909
Occupation,http://data.europa.eu/esco/occupation/d4709722-6f17-4bec-a5f4-1b660e6b28b1,6221.8,forankringsleder ved akvakulturbruk,0.0
Occupation,http://data.europa.eu/esco/occupation/802d3a2f-b966-42e3-94df-683adfcff20c,6221.9,akvakulturtekniker med spesialfelt innen akvakulturoppdrett,0.1
Occupation,http://data.europa.eu/esco/occupation/eaba592d-f3f0-4c7d-b7c0-302b7d0212ce,6221.10,resirkuleringstekniker ved akvakulturbruk,0.183673469387755
Occupation,http://data.europa.eu/esco/occupation/0d6bb2cc-06b0-481c-b553-2a973be03254,6221.11,akvakulturtekniker – produksjon på åpent vann,0.024390243902439
ISCO level 4,http://data.europa.eu/esco/isco/C6221,6221,Havbruksarbeidere,0.09224375746197876
Occupation,http://data.europa.eu/esco/occupation/270528cf-2bf9-463d-aeaa-d169b1f767c1,6222.1,kystfisker,0.0422535211267605
ISCO level 4,http://data.europa.eu/esco/isco/C6222,6222,Fiskere,0.0422535211267605
Occupation,http://data.europa.eu/esco/occupation/24413f38-e457-4de1-bba0-5a02b7282e2c,6223.1,dypvannsfisker,0.0327868852459016
Occupation,http://data.europa.eu/esco/occupation/ff63fa99-c634-4e6f-a693-6a49482952e9,6223.2.1,kystskipper,0.0434782608695652
Occupation,http://data.europa.eu/esco/occupation/bcead4e9-3697-4831-b62e-ddb83d7d469d,6223.2,fiskebåtskipper,0.0714285714285714
ISCO level 4,http://data.europa.eu/esco/isco/C6223,6223,,0.049231239181346066
Occupation,http://data.europa.eu/esco/occupation/c8ee41fc-7a5f-4255-adbd-dcc47cf2a28e,6224.1,jeger,0.16666666666666666
ISCO level 4,http://data.europa.eu/esco/isco/C6224,6224,Fangstfolk,0.16666666666666666
ISCO level 3,http://data.europa.eu/esco/isco/C711,711,Bygningsarbeidere,0.06856303087856466
Occupation,http://data.europa.eu/esco/occupation/59cc9783-7289-4e1d-b80b-93c1776f49cc,7111.1,husbygger,0.0833333333333333
ISCO level 4,http://data.europa.eu/esco/isco/C7111,7111,,0.0833333333333333
Occupation,http://data.europa.eu/esco/occupation/05f321f8-055b-407d-bf19-e0ddabda56b7,7112.1,murer,0.0816326530612244
ISCO level 4,http://data.europa.eu/esco/isco/C7112,7112,Murere,0.0816326530612244
Occupation,http://data.europa.eu/esco/occupation/565987b2-b980-4881-891c-cc4d5ab61d07,7113.1.1,steingravør,0.0
Occupation,http://data.europa.eu/esco/occupation/f3fc11ca-9a72-40da-bf0f-b2aab7e33079,7113.1,steinhogger,0.0816326530612244
ISCO level 4,http://data.europa.eu/esco/isco/C7113,7113,Steinhoggere mv.,0.0408163265306122
Occupation,http://data.europa.eu/esco/occupation/a9068f84-cecd-4cbb-9acb-e20c714435ec,7114.1,betongarbeider,0.0612244897959183
Occupation,http://data.europa.eu/esco/occupation/a50d64e7-2dba-4418-81a7-92b2ba2e508f,7114.2,terrassolegger,0.0344827586206896
ISCO level 4,http://data.europa.eu/esco/isco/C7114,7114,Betongarbeidere,0.04785362420830395
Occupation,http://data.europa.eu/esco/occupation/2a22ff9e-de3b-408d-b312-5034896cc4f4,7115.1,tømrer,0.0909090909090909
Occupation,http://data.europa.eu/esco/occupation/0b5e4142-90ad-48a6-8407-ed47b2664954,7115.2,dørmontør,0.088235294117647
Occupation,http://data.europa.eu/esco/occupation/c467efc2-6b87-429d-b0be-44512cf9535d,7115.3,ildstedsinstallatør,0.09375
Occupation,http://data.europa.eu/esco/occupation/bc61af54-0c3b-411c-a434-4b0d23c6fcce,7115.4,kjøkkenmontør,0.0816326530612244
Occupation,http://data.europa.eu/esco/occupation/246e7d87-756e-4db2-97e8-11ef63b864f0,7115.5,trappemontør,0.0416666666666666
Occupation,http://data.europa.eu/esco/occupation/353a22a7-1c55-410c-a7a7-c531692b5e50,7115.6,vindusmontør,0.1
Occupation,http://data.europa.eu/esco/occupation/2dc86f3d-a90e-4e7a-8a94-0bd728f22d7b,7115.7,rammemaker,0.0294117647058823
ISCO level 4,http://data.europa.eu/esco/isco/C7115,7115,Tømrere og snekkere,0.0750864956372159
Occupation,http://data.europa.eu/esco/occupation/18fa8080-3156-429a-bbd7-b3ef559b6721,7119.1,stillasarbeider,0.032258064516129
Occupation,http://data.europa.eu/esco/occupation/dd89e26f-bb5c-45cb-91c6-8b4d5d82a31f,7119.2,rivningsarbeider,0.216216216216216
Occupation,http://data.europa.eu/esco/occupation/95da5e1b-cc1e-46bd-96c4-81d4f7003080,7119.3,montør av prefabrikkerte trebygninger,0.0571428571428571
Occupation,http://data.europa.eu/esco/occupation/ac7c07d1-bc11-4f19-bca5-e468e9b1a53c,7119.4,tårnarbeider,0.0606060606060606
Occupation,http://data.europa.eu/esco/occupation/8c778238-98a4-4fec-a828-a4e978fb7a64,7119.5,teltoppsetter,0.0
ISCO level 4,http://data.europa.eu/esco/isco/C7119,7119,Andre bygningsarbeidere,0.07324463969625254
ISCO level 3,http://data.europa.eu/esco/isco/C712,712,Bygningstekniske arbeidere,0.11520213049441053
Occupation,http://data.europa.eu/esco/occupation/b4c6d1b0-929e-48be-9f67-47bd8c30658b,7121.1,taktekker,0.188679245283018
ISCO level 4,http://data.europa.eu/esco/isco/C7121,7121,Taktekkere,0.188679245283018
Occupation,http://data.europa.eu/esco/occupation/e43d0f86-7abf-4c6e-b2b3-10970ddf6518,7122.1,teppelegger,0.0303030303030303
Occupation,http://data.europa.eu/esco/occupation/4f1bb8b4-3fff-4e68-b427-8c892534a181,7122.2,"gulvlegger, tregulv",0.0227272727272727
Occupation,http://data.europa.eu/esco/occupation/0663d464-f139-4554-ae87-97aa6c4dad77,7122.3,"gulvlegger, vinyl",0.03125
Occupation,http://data.europa.eu/esco/occupation/02447817-ea01-4d8b-b09c-8bc128e447e6,7122.4,flislegger,0.024390243902439
ISCO level 4,http://data.europa.eu/esco/isco/C7122,7122,Gulv- og flisleggere,0.0271676367331855
Occupation,http://data.europa.eu/esco/occupation/41a8e7c8-e1d8-4984-9b3c-dbbad1699f83,7123.1,takmontør,0.03125
Occupation,http://data.europa.eu/esco/occupation/f4a22809-c00c-4dd0-8b09-c7251f8dcd1c,7123.2,gipsarbeider,0.024390243902439
ISCO level 4,http://data.europa.eu/esco/isco/C7123,7123,Gips- og sparklingsarbeidere,0.027820121951219502
Occupation,http://data.europa.eu/esco/occupation/b2dab4fb-b7f7-4f57-94b2-9c0f0848564a,7124.1,isolasjonsarbeider,0.204545454545454
ISCO level 4,http://data.europa.eu/esco/isco/C7124,7124,Isolatører mv.,0.204545454545454
Occupation,http://data.europa.eu/esco/occupation/5f9e0588-e819-42f7-9975-f53198666c07,7125.1,glassmontør,0.0816326530612244
Occupation,http://data.europa.eu/esco/occupation/211716b7-2857-40c8-a078-da983c78c70a,7125.2,bilrutemontør,0.0
ISCO level 4,http://data.europa.eu/esco/isco/C7125,7125,Glassarbeidere,0.0408163265306122
Occupation,http://data.europa.eu/esco/occupation/3df28a39-9bfe-4e36-b394-a189ef967a74,7126.1,baderomsinstallatør,0.0816326530612244
Occupation,http://data.europa.eu/esco/occupation/461959ed-6a80-4c33-a75e-26aaeb52a5a7,7126.2,VVS-tekniker,0.0666666666666666
Occupation,http://data.europa.eu/esco/occupation/97b3cab1-f4f0-41ed-8c80-e65e6c067e95,7126.3,gasstekniker,0.04
Occupation,http://data.europa.eu/esco/occupation/7259dc48-004a-4ceb-aa4e-5bbd548c2397,7126.4,varmetekniker,0.370967741935483
Occupation,http://data.europa.eu/esco/occupation/ef53663e-c295-43a4-a48e-84254270b138,7126.5,montør av vanningssystem,0.0606060606060606
Occupation,http://data.europa.eu/esco/occupation/534d18fe-eae4-4a02-af4d-f78e92faa5d5,7126.6,tekniker for vanningssystem,0.318181818181818
Occupation,http://data.europa.eu/esco/occupation/75f4c7aa-019f-4545-9ce1-2d163fe78580,7126.7,"vedlikeholdsarbeider, rørledning",0.0
Occupation,http://data.europa.eu/esco/occupation/ed3cf43d-c2c1-4c46-82fc-1375e27e0290,7126.8,rørlegger,0.0697674418604651
Occupation,http://data.europa.eu/esco/occupation/89a6d6e5-8362-4b99-b745-1c68bffbda77,7126.9,"servicemedarbeider, septiktank",0.241379310344827
Occupation,http://data.europa.eu/esco/occupation/6f74ebc4-ab7e-42a8-ad94-921f3d0ef0c6,7126.10,avløpstekniker,0.081081081081081
Occupation,http://data.europa.eu/esco/occupation/73d77554-2016-46fa-ac3d-44a02e8d1a89,7126.11,kloakkledningsarbeider,0.0222222222222222
Occupation,http://data.europa.eu/esco/occupation/02ff199e-38b3-45fd-b659-68846cfeeb92,7126.12,montør av sprinkleranlegg,0.0303030303030303
Occupation,http://data.europa.eu/esco/occupation/0f898624-9b89-41ba-adcf-9360ade85a62,7126.13,vannforsyningstekniker,0.5185185185185185
Occupation,http://data.europa.eu/esco/occupation/094b9f9b-7e89-4f34-adbb-fbaf7246f7a4,7126.14,vann- og avløpstekniker,0.210526315789473
ISCO level 4,http://data.europa.eu/esco/isco/C7126,7126,Rørleggere og VVS-montører,0.15084663289791925
Occupation,http://data.europa.eu/esco/occupation/79f435d0-9bc6-4d25-a26a-acbe16569ebb,7127.1,installatør av varme- og ventilasjonstjenester,0.129032258064516
ISCO level 4,http://data.europa.eu/esco/isco/C7127,7127,Kuldemontører mv.,0.129032258064516
ISCO level 3,http://data.europa.eu/esco/isco/C713,713,Malere,0.14748897100146108
Occupation,http://data.europa.eu/esco/occupation/15620506-fb5d-49cd-87a2-1c9047fb406a,7131.1,husmaler,0.073170731707317
Occupation,http://data.europa.eu/esco/occupation/f0691bb2-c717-4215-a814-88a15b10ee4d,7131.2,industrimaler ved skipsverft,0.0967741935483871
Occupation,http://data.europa.eu/esco/occupation/a2abd144-2a36-45ea-919c-1fcc6ebc5d45,7131.3,tapetserer,0.0285714285714285
ISCO level 4,http://data.europa.eu/esco/isco/C7131,7131,Malere og byggtapetserere,0.06617211794237753
Occupation,http://data.europa.eu/esco/occupation/7443811e-6760-44a2-af95-1b9c791733a8,7132.1,sprøytelakkerer,0.025
Occupation,http://data.europa.eu/esco/occupation/fb4819db-03fa-4dc1-a471-2cdc24dcbe6f,7132.2,overflatebehandler,0.015625
Occupation,http://data.europa.eu/esco/occupation/a784b063-89cf-441b-9624-deed9dbdeae6,7132.3,"lakkerer, kjøretøy",0.0142857142857142
ISCO level 4,http://data.europa.eu/esco/isco/C7132,7132,Overflatebehandlere og lakkerere,0.0183035714285714
Occupation,http://data.europa.eu/esco/occupation/990bfa45-5001-4365-93b6-daf01a03b4cd,7133.1,asbestsanerer,0.5
Occupation,http://data.europa.eu/esco/occupation/a632fb74-ef49-4f4a-9777-b7df54a0f897,7133.2,fasaderenholder,0.193548387096774
Occupation,http://data.europa.eu/esco/occupation/a2dee758-72f5-4f1c-b760-f2b8e9d81911,7133.3,skorsteinsfeier,0.0625
Occupation,http://data.europa.eu/esco/occupation/4305327d-3537-4dfb-a913-bce6614362f1,7133.4,feiermester,0.0967741935483871
Occupation,http://data.europa.eu/esco/occupation/c0ec3a06-1dac-4c21-9f08-4c9dfbc9d6cf,7133.5,dekontamineringsarbeider,0.516129032258064
ISCO level 4,http://data.europa.eu/esco/isco/C7133,7133,Feiere,0.273790322580645
ISCO level 3,http://data.europa.eu/esco/isco/C721,721,Støpere,0.01130206012488514
Occupation,http://data.europa.eu/esco/occupation/123a195c-103a-4b84-b3fd-6d40dbc15c54,7211.1.1,kokillestøpearbeider,0.0
Occupation,http://data.europa.eu/esco/occupation/c5902c47-0c2e-45aa-94dd-951ad641449c,7211.1.2,kjernemaker,0.0
Occupation,http://data.europa.eu/esco/occupation/5318abf2-2e7b-4d09-ae57-6bd500689ebc,7211.1.3,modellsnekker,0.0
Occupation,http://data.europa.eu/esco/occupation/dc14bed4-87ca-4e6c-9f69-458e2689d2d6,7211.1,støperiarbeider,0.0
ISCO level 4,http://data.europa.eu/esco/isco/C7211,7211,Støpere,0.0
Occupation,http://data.europa.eu/esco/occupation/6d72138d-2ebb-4a89-b2b2-8c22365b89bf,7212.1,gjørtler,0.0
Occupation,http://data.europa.eu/esco/occupation/17b29190-6746-4b81-a1d1-8053a5bbc0e9,7212.2,lodder,0.0
Occupation,http://data.europa.eu/esco/occupation/e9a65aca-64f6-450d-a637-1ecf86ba2a53,7212.3.1,elektronstrålesveiser,0.0
Occupation,http://data.europa.eu/esco/occupation/c81af273-1112-4b3f-a2a5-b85b1290ae22,7212.3.2,lasersveiser,0.0
Occupation,http://data.europa.eu/esco/occupation/2ff73126-7aff-4233-9d9c-d8725e1c6822,7212.3.3,rørsveiser,0.0
Occupation,http://data.europa.eu/esco/occupation/97dadd59-d1cb-4fef-81a7-d92eb15572e2,7212.3.4,punktsveiser,0.0
Occupation,http://data.europa.eu/esco/occupation/7aedaa07-3884-4c5b-88f9-80997b2aa54b,7212.3,sveiser,0.0116279069767441
Occupation,http://data.europa.eu/esco/occupation/cdef4961-fcc2-4e00-bfe8-4480b33aa6f3,7212.4,sveisekoordinator,0.0
ISCO level 4,http://data.europa.eu/esco/isco/C7212,7212,Sveisere,0.0014534883720930124
Occupation,http://data.europa.eu/esco/occupation/5ed024ab-3b6a-4e06-a7fe-8a29f8469a64,7213.1,kobber- og blikkenslager,0.0163934426229508
Occupation,http://data.europa.eu/esco/occupation/1a1ea837-0103-4230-8756-533a77c5f9f4,7213.2,platearbeider,0.0
Occupation,http://data.europa.eu/esco/occupation/2d6d4cb2-5d46-4d1f-939b-7f55c02c64cb,7213.3,kobbersmed,0.0
Occupation,http://data.europa.eu/esco/occupation/572c9810-e1ee-4f7a-a71f-820f17c0c25b,7213.4,tynnplatearbeider,0.04
ISCO level 4,http://data.europa.eu/esco/isco/C7213,7213,Kopper- og blikkenslagere,0.014098360655737701
Occupation,http://data.europa.eu/esco/occupation/ea6cd713-94ca-4292-9ba9-ca8a4ec3ed5f,7214.1,demonteringsarbeider,0.181818181818181
Occupation,http://data.europa.eu/esco/occupation/8afab6c4-6145-4ea1-a0ae-d2c3438bda7e,7214.2,skipsbygger,0.0
Occupation,http://data.europa.eu/esco/occupation/0a7e24a8-19bd-4b45-83f0-f05d8fedf62d,7214.3.1,klinker,0.0
Occupation,http://data.europa.eu/esco/occupation/691ec040-f5ad-47ef-8698-03212d66dbbf,7214.3,stålkonstruksjonsarbeider,0.0208333333333333
ISCO level 4,http://data.europa.eu/esco/isco/C7214,7214,Platearbeidere,0.050662878787878576
Occupation,http://data.europa.eu/esco/occupation/d52db93d-9ae5-47d9-b9dc-eab8aa9f2ba9,7215.1.1,scenearbeider,0.0
Occupation,http://data.europa.eu/esco/occupation/6cfba9ca-f9a0-4a50-a8d3-064d88c928b1,7215.1,"stillasmontør, arrangement",0.0
Occupation,http://data.europa.eu/esco/occupation/26a86453-4236-49a3-ae3a-313c1cacb5ff,7215.2.1,båtmontør,0.0
Occupation,http://data.europa.eu/esco/occupation/cadbf9af-1da0-406f-8282-b6d27a7e1a74,7215.2.2,rigger på gulv eller landjord,0.0
Occupation,http://data.europa.eu/esco/occupation/19cb84ca-952e-4f33-b31a-c918db074a6e,7215.2.3,rigger i høyden,0.0
Occupation,http://data.europa.eu/esco/occupation/b05f53db-b6b0-49bc-aa0c-1790c8c7012b,7215.2,rigger,0.0344827586206896
Occupation,http://data.europa.eu/esco/occupation/a4c5fb46-1d72-47de-b349-f579a0f1edfb,7215.3,"formann, rigging",0.0
ISCO level 4,http://data.europa.eu/esco/isco/C7215,7215,Riggere og spleisere,0.004926108374384229
ISCO level 3,http://data.europa.eu/esco/isco/C722,722,Smeder,0.015455130663389088
Occupation,http://data.europa.eu/esco/occupation/bcffa133-c499-4db4-8e4f-b2d95da3b0fc,7221.1.1,hovslager,0.0
Occupation,http://data.europa.eu/esco/occupation/fccecd5d-ad90-41a8-bb89-96d7595abca3,7221.1,smed,0.0
Occupation,http://data.europa.eu/esco/occupation/93a8bd5f-c268-46f5-8461-1138a9a96189,7221.2,operatør av senkesmier,0.0
Occupation,http://data.europa.eu/esco/occupation/0ab64770-9fd7-4baf-8abf-b1ac0e1538ba,7221.3,operatør av hydraulisk presse,0.0
Occupation,http://data.europa.eu/esco/occupation/bc61e0de-2d72-471c-90c1-a9fe371020f9,7221.4,operatør av mekanisk smipresse,0.0
ISCO level 4,http://data.europa.eu/esco/isco/C7221,7221,Smeder,0.0
Occupation,http://data.europa.eu/esco/occupation/2a8d6b4c-661d-4620-8f68-2c99e78f512e,7222.1,støper,0.0
Occupation,http://data.europa.eu/esco/occupation/12dc4509-7d36-46d8-aca0-c147c7ecd806,7222.2,børsemaker,0.0
Occupation,http://data.europa.eu/esco/occupation/aaa485d0-6787-45c0-8596-b266c0b687fd,7222.3,låsesmed,0.0
Occupation,http://data.europa.eu/esco/occupation/d1974e0c-8f92-473b-a32d-f0616c08b1ff,7222.4,finmekaniker,0.027027027027027
Occupation,http://data.europa.eu/esco/occupation/ecac98ea-9fc3-4475-9b23-8af94f41603d,7222.5,verktøymaker,0.0
ISCO level 4,http://data.europa.eu/esco/isco/C7222,7222,Verktøymaker,0.0054054054054054005
Occupation,http://data.europa.eu/esco/occupation/0e09c42d-bff2-4c35-8e1f-639a6dddaa5d,7223.1,"maskinoperatør, boring",0.0425531914893617
Occupation,http://data.europa.eu/esco/occupation/0f905036-055f-41d9-b292-e3c02617a193,7223.2,"maskinoperatør, brikettering",0.0555555555555555
Occupation,http://data.europa.eu/esco/occupation/afe9eaa4-433f-4ae6-90ff-afa098ccf1bb,7223.3,operatør av kjettingmaskin,0.0
Occupation,http://data.europa.eu/esco/occupation/18459eb0-5506-4692-9889-d1f9a2b989eb,7223.4.1,"maskinoperatør, gravering",0.0169491525423728
Occupation,http://data.europa.eu/esco/occupation/1d8545df-e3d8-4ece-9449-0f2940e97e7c,7223.4.2,"maskinoperatør, sliping",0.0161290322580645
Occupation,http://data.europa.eu/esco/occupation/bc6649ff-05f8-4c98-9db6-9be0d13883a9,7223.4.3,operatør av laserskjærer,0.015625
Occupation,http://data.europa.eu/esco/occupation/7d9242d3-2a55-45e3-9d67-be76f879de0b,7223.4.4.1,operatør av dreiebenk for metallbearbeiding,0.0222222222222222
Occupation,http://data.europa.eu/esco/occupation/63042e8f-dd59-47fe-87f3-3b2ce21f196a,7223.4.4,operatør av dreiemaskin,0.0163934426229508
Occupation,http://data.europa.eu/esco/occupation/3a8a7f87-d394-42cd-804b-7a32375b90f0,7223.4.5,operatør av metallsag,0.0188679245283018
Occupation,http://data.europa.eu/esco/occupation/a1c9f8b7-c4ce-4b15-ac3c-3378c300d8f2,7223.4.6,operatør av fresemaskin,0.0166666666666666
Occupation,http://data.europa.eu/esco/occupation/fd2dd3e9-498f-490f-8589-8c1eea05aa3f,7223.4.7,operatør av stansepresse,0.04
Occupation,http://data.europa.eu/esco/occupation/1e3c3e4d-a888-426e-aaf0-022c8b5d743d,7223.4.8,operatør av vannskjærer,0.0181818181818181
Occupation,http://data.europa.eu/esco/occupation/5c082067-ea18-4ccb-8c43-e70b18ad8120,7223.4,operatør av CNC-maskin,0.0126582278481012
Occupation,http://data.europa.eu/esco/occupation/ebe42b55-4801-493f-af18-04a35ebfbb9c,7223.5,borer,0.0185185185185185
Occupation,http://data.europa.eu/esco/occupation/aa3780b7-3b06-40ae-8764-293fec6819d2,7223.6,operatør av søylebormaskin,0.0232558139534883
Occupation,http://data.europa.eu/esco/occupation/898f99f7-8c0a-4212-9e58-9ab00379e5ae,7223.7,"maskinoperatør, produksjon av metallkomponenter",0.0
Occupation,http://data.europa.eu/esco/occupation/02d4f153-8e43-444d-8bd4-8171d49eab12,7223.8,"industrimekaniker, tannhjulproduksjon",0.0294117647058823
Occupation,http://data.europa.eu/esco/occupation/a51ab2e2-aaa9-4d7d-a747-bff2e276636a,7223.9,operatør av varmebehandlingsovn,0.0
Occupation,http://data.europa.eu/esco/occupation/733d65ac-250b-45d7-ba3c-cc5f48e9e11d,7223.10,"maskinoperatør, lasermerking",0.0263157894736842
Occupation,http://data.europa.eu/esco/occupation/669353c2-3f5a-4bc4-939b-6afb6a0c7d13,7223.11,operatør av niblemaskin for metall,0.0416666666666666
Occupation,http://data.europa.eu/esco/occupation/a5245c01-4ca8-406e-a152-620c28530ea8,7223.12,operatør av metallhøvel,0.0555555555555555
Occupation,http://data.europa.eu/esco/occupation/23043d05-42c4-4811-b478-f8a17d22480b,7223.13,støpemaskinoperatør,0.0
Occupation,http://data.europa.eu/esco/occupation/c44f9f8c-46a6-40da-9630-cc568a18cc51,7223.14,kunstsmed,0.0
Occupation,http://data.europa.eu/esco/occupation/5d46e448-b6bb-48e5-b245-5aad68e06085,7223.15,"maskinoperatør, gassveising",0.0212765957446808
Occupation,http://data.europa.eu/esco/occupation/16811760-fb2d-42cf-912d-2215f085898f,7223.16,"maskinoperatør, plasmaskjæring",0.0227272727272727
Occupation,http://data.europa.eu/esco/occupation/98164d70-93a8-409c-aa9f-7d56314f4d7f,7223.17,operatør av planhøvel,0.0294117647058823
Occupation,http://data.europa.eu/esco/occupation/cb3432f8-bad7-4703-ba66-dc980a4ce4f7,7223.18,"jernskjærer, metallgjenvinning",0.05
Occupation,http://data.europa.eu/esco/occupation/2fc8dace-d828-4af3-b0cb-e1cb73726f4b,7223.19,"maskinoperatør, skrueproduksjon",0.0232558139534883
Occupation,http://data.europa.eu/esco/occupation/18a98579-f0b1-4dde-944f-1758dc113099,7223.20,"maskinoperatør, gnisterosjon",0.0204081632653061
Occupation,http://data.europa.eu/esco/occupation/60b9b847-d964-4a8a-a756-904080b0f35f,7223.21,operatør av metallpresse,0.0
Occupation,http://data.europa.eu/esco/occupation/a67721a6-a95d-4c3b-a48c-f9920941ecd1,7223.22,operatør av rettemaskin,0.0
Occupation,http://data.europa.eu/esco/occupation/d792974a-077b-44a7-9421-b3ab7fdc7c40,7223.23,"maskinoperatør, trykksmiing",0.0
Occupation,http://data.europa.eu/esco/occupation/77a25ee0-94ad-443e-91ea-3e6d3506181b,7223.24,operatør av gjengevalsemaskin,0.0
Occupation,http://data.europa.eu/esco/occupation/8d3cc890-5902-4fac-9438-6098a3ee437c,7223.25,operatør av stukeapparat,0.0
ISCO level 4,http://data.europa.eu/esco/isco/C7223,7223,Metalldreiere mv.,0.019223704505465906
Occupation,http://data.europa.eu/esco/occupation/d07a4984-e775-46a7-b967-a3d0b3a54268,7224.1,metallsliper,0.0
Occupation,http://data.europa.eu/esco/occupation/835d118e-11db-4b11-b055-d78bfe426cac,7224.2,verktøysliper,0.0303030303030303
ISCO level 4,http://data.europa.eu/esco/isco/C7224,7224,Metallslipere,0.01515151515151515
ISCO level 3,http://data.europa.eu/esco/isco/C723,723,Mekanikere og reparatører,0.01611311173153204
Occupation,http://data.europa.eu/esco/occupation/b8db7ef4-4057-4e88-8e2a-105b4b59fb67,7231.1,"tekniker, bilbremser",0.0
Occupation,http://data.europa.eu/esco/occupation/5ab842f6-1f75-4d84-bf41-b8a9799347df,7231.2,karosseribygger,0.0
Occupation,http://data.europa.eu/esco/occupation/24d378d8-1e16-4667-bdb4-1f4a0f2c6379,7231.3,dieselmotormekaniker,0.0
Occupation,http://data.europa.eu/esco/occupation/0ec62c2e-30c9-434e-bf36-5277a0840450,7231.4,"reparatør, motorkjøretøy",0.0
Occupation,http://data.europa.eu/esco/occupation/158965f1-bd83-441c-bca8-1975b74dedc5,7231.5,restaureringstekniker av kjøretøy,0.0
Occupation,http://data.europa.eu/esco/occupation/c0749528-ee2a-41bd-a1f6-c13825b5e569,7231.6,"mekaniker, reparasjon på stedet",0.0
Occupation,http://data.europa.eu/esco/occupation/98c429ad-128e-467e-803a-9a6dc1ceed72,7231.7,dekkmontør,0.0
Occupation,http://data.europa.eu/esco/occupation/3b4eb248-6b40-42fe-9d10-cba8ccfe6613,7231.8,"servicetekniker, bil",0.0
Occupation,http://data.europa.eu/esco/occupation/264b00c9-84d0-4dc9-b590-aed2cea2b904,7231.9,leder av serviceverksted,0.0
Occupation,http://data.europa.eu/esco/occupation/4ad4024e-d1d3-4dea-b6d1-2c7948111dce,7231.10,kjøretøytekniker,0.0303030303030303
ISCO level 4,http://data.europa.eu/esco/isco/C7231,7231,Bilmekanikere,0.00303030303030303
Occupation,http://data.europa.eu/esco/occupation/a429e4fe-22c6-4cb5-89ef-ca4d5b4d0363,7232.1,montør av avisingsutstyr på fly,0.0
Occupation,http://data.europa.eu/esco/occupation/0ac8fe65-32e6-4c25-8345-2b87bc7b2698,7232.2,flymotorspesialist,0.0
Occupation,http://data.europa.eu/esco/occupation/7d599049-d15a-4fda-afe9-b334b0614ec7,7232.3,"flymekaniker, ettersyn av gassturbinmotorer",0.0
Occupation,http://data.europa.eu/esco/occupation/b27854dd-3fbe-406e-a750-54f677d55936,7232.4,flyvedlikeholdskoordinator,0.04
Occupation,http://data.europa.eu/esco/occupation/91373a70-79b6-47a2-aa50-07dfe20dd258,7232.5,flyvedlikeholdstekniker,0.0
ISCO level 4,http://data.europa.eu/esco/isco/C7232,7232,Mekanikere innen flytekniske fag,0.008
Occupation,http://data.europa.eu/esco/occupation/b0480558-269d-4903-9bc7-f390cd6a6964,7233.1,anleggsmaskinmekaniker,0.0
Occupation,http://data.europa.eu/esco/occupation/d051a141-92cd-4800-b0ee-6c8c31ea5838,7233.2,kranmontør,0.0
Occupation,http://data.europa.eu/esco/occupation/6b46ea2f-403a-473c-b2e5-9fcf0c2bd634,7233.3,maskinassistent innen fiskeri,0.15
Occupation,http://data.europa.eu/esco/occupation/0b6e1a0d-63fe-42d4-8dff-2ff187a9fea9,7233.4,"tekniker, hydraulikk",0.032258064516129
Occupation,http://data.europa.eu/esco/occupation/599c2ce9-0e1b-4f63-9d65-1f19b3847efb,7233.5,"tekniker, smimaskiner",0.0
Occupation,http://data.europa.eu/esco/occupation/23eddde2-5e8b-4953-b275-cdc864e6d976,7233.6,maskinsmører,0.0
Occupation,http://data.europa.eu/esco/occupation/269c47e7-9017-4aa6-bce8-49e89a696a64,7233.7,industrimekaniker,0.054054054054054
Occupation,http://data.europa.eu/esco/occupation/f7145f87-5940-43f5-bc98-aa1a2b872b47,7233.8.1,"tekniker, landbruksutstyr",0.0526315789473684
Occupation,http://data.europa.eu/esco/occupation/f49d893a-ac89-4f3b-b547-1cbdf4d69fde,7233.8.2,tekniker for skogbruksmaskiner,0.074074074074074
Occupation,http://data.europa.eu/esco/occupation/00c8d1cf-24f2-47d1-9f10-765e1c102811,7233.8,landbasert maskintekniker,0.0
Occupation,http://data.europa.eu/esco/occupation/5e748def-5b90-41e2-aa8b-2ebcc7d25ab0,7233.9,skipsmontør,0.05
Occupation,http://data.europa.eu/esco/occupation/88589d68-b870-440e-8444-32e9935cbbbc,7233.10,skipsmekaniker,0.015625
Occupation,http://data.europa.eu/esco/occupation/955ae83a-4d91-4db8-a5d6-bd489e5058df,7233.11,"mekaniker, gruveutstyr",0.0
Occupation,http://data.europa.eu/esco/occupation/5aff8b2a-298a-456d-957a-274c774e8523,7233.12,støpemaskintekniker,0.0
Occupation,http://data.europa.eu/esco/occupation/53c7756d-4114-4c7f-90b0-26717f458ac5,7233.13,"tekniker, trykkluftsystem",0.0
Occupation,http://data.europa.eu/esco/occupation/24119471-6ca1-465b-8f48-b2aec5c60869,7233.14,"mekaniker, roterende utstyr",0.0
Occupation,http://data.europa.eu/esco/occupation/2aa7fbbb-f06e-4454-8ff8-2d799e86ba51,7233.15,tekstilmaskintekniker,0.0327868852459016
ISCO level 4,http://data.europa.eu/esco/isco/C7233,7233,Anleggsmaskin- og industrimekanikere,0.027142920990442767
Occupation,http://data.europa.eu/esco/occupation/336cf331-8082-4a0c-bf5f-e7c54706211c,7234.1,sykkelreparatør,0.0
ISCO level 4,http://data.europa.eu/esco/isco/C7234,7234,Sykkelreparatører mv.,0.0
ISCO level 3,http://data.europa.eu/esco/isco/C731,731,Presisjonsarbeidere og kunsthåndverkere,0.012710972594549327
Occupation,http://data.europa.eu/esco/occupation/11eb55d3-4dbe-45c5-a6ce-f04ae843c938,7311.1,urmaker,0.0
Occupation,http://data.europa.eu/esco/occupation/15d5636f-7714-4697-850a-67b7f7cb3837,7311.2,montør av optiske instrumenter,0.0
Occupation,http://data.europa.eu/esco/occupation/2ada3e89-9159-49e7-88f7-4dd435fd95ac,7311.3,reparatør av optiske instrumenter,0.0
Occupation,http://data.europa.eu/esco/occupation/dec7ed73-8688-4328-bc50-c72d31b25956,7311.4,montør av presisjonsinstrumenter,0.0
Occupation,http://data.europa.eu/esco/occupation/bca063d2-a904-45db-b3f4-0fd7e681753e,7311.5,"mekaniker, kirurgiske instrumenter",0.0
Occupation,http://data.europa.eu/esco/occupation/1a953e5a-f53f-461d-818b-6b2e655a751f,7311.6,klokkereparatør,0.0
ISCO level 4,http://data.europa.eu/esco/isco/C7311,7311,Presisjonsinstrumentmakere og -reparatører,0.0
Occupation,http://data.europa.eu/esco/occupation/f569145d-8f87-4f80-b861-45583430d9f4,7312.1,"musikkinstrumentmaker, idiofoninstrumenter",0.0263157894736842
Occupation,http://data.europa.eu/esco/occupation/72f4abfe-5337-49be-b9b8-32096fc2ca1f,7312.2,intrumenttekniker,0.0
Occupation,http://data.europa.eu/esco/occupation/19c2d8bc-aa3d-4b72-b55a-50bf751873fe,7312.3.1,chembalobygger,0.0256410256410256
Occupation,http://data.europa.eu/esco/occupation/c7b31477-88e3-400f-988f-3baa090de173,7312.3.2,orgelbygger,0.0232558139534883
Occupation,http://data.europa.eu/esco/occupation/97dd9a0c-dd6b-416d-9537-655a08dd2895,7312.3.3,pianobygger,0.0263157894736842
Occupation,http://data.europa.eu/esco/occupation/c644e6f6-dffc-4d7a-bf36-a384e465937b,7312.3,"musikkinstrumentmaker, tangentinstrumenter",0.0208333333333333
Occupation,http://data.europa.eu/esco/occupation/b558a934-9308-48fc-b03b-bea8e23ab085,7312.4,"musikkinstrumentmaker, membranofoninstrumenter",0.027027027027027
Occupation,http://data.europa.eu/esco/occupation/3c1b7871-87f9-427b-adcb-fe16be8f9f24,7312.5,musikkinstrumenttekniker,0.0344827586206896
Occupation,http://data.europa.eu/esco/occupation/82ea66b0-0f9c-44ed-94bc-0c5b829531b3,7312.6.1,gitarbygger,0.0232558139534883
Occupation,http://data.europa.eu/esco/occupation/bd55e8d7-8bdf-4179-a84b-ed43073f05a1,7312.6.2,harpebygger,0.0263157894736842
Occupation,http://data.europa.eu/esco/occupation/d0c923f1-e32b-4838-a109-eac58945dab1,7312.6.3,fiolinbygger,0.0238095238095238
Occupation,http://data.europa.eu/esco/occupation/0a94df75-6e31-4277-a326-1b01e56b6cb3,7312.6,"musikkinstrumentmaker, strengeinstrumenter",0.02
Occupation,http://data.europa.eu/esco/occupation/f96e3735-405c-4ca9-8a86-d37f64ea7164,7312.7,"musikkinstrumentmaker, blåseinstrumenter",0.024390243902439
ISCO level 4,http://data.europa.eu/esco/isco/C7312,7312,Musikkinstrumentmakere og -stemmere,0.023203300666312883
Occupation,http://data.europa.eu/esco/occupation/103aaf7a-48da-4e25-99fc-5cf1ee1388b1,7313.1.1,filigranssølvsmed,0.0
Occupation,http://data.europa.eu/esco/occupation/8a007cd3-ba40-4c55-b238-587bd59e74b2,7313.1.2,gullsmed,0.0
Occupation,http://data.europa.eu/esco/occupation/375137f7-5fc2-424e-9f63-d7ff4441c11e,7313.1.3,smykkegravør,0.0
Occupation,http://data.europa.eu/esco/occupation/7706342e-c07b-41d3-bc2e-e5c6e96f016f,7313.1.4,fremstiller av smykkeinnfatninger,0.0
Occupation,http://data.europa.eu/esco/occupation/e44d2570-10cc-4984-9692-63ece1b6dce8,7313.1.5,smykkepolerer,0.0
Occupation,http://data.europa.eu/esco/occupation/dc52966e-72db-4ad0-b3a9-5e17f1311ab8,7313.1.6,smykkereparatør,0.0
Occupation,http://data.europa.eu/esco/occupation/6729aa5a-285f-4baf-a466-c2ccd2f2d96f,7313.1.7,edelstenmontør,0.0
Occupation,http://data.europa.eu/esco/occupation/eb64b583-20fe-467f-8e44-8aae263a0139,7313.1.8,sølvsmed,0.0
Occupation,http://data.europa.eu/esco/occupation/618a854a-4ecd-4535-84e6-350e1fe0aa0f,7313.1,juveler,0.0
Occupation,http://data.europa.eu/esco/occupation/73bcde7c-bc34-485d-a7af-7b94fc43f61b,7313.2,edelstensliper,0.0
ISCO level 4,http://data.europa.eu/esco/isco/C7313,7313,Gull- og sølvsmeder,0.0
Occupation,http://data.europa.eu/esco/occupation/149062d6-6496-4004-9c23-93c78b29b5db,7314.1,"murer, håndformer",0.0
Occupation,http://data.europa.eu/esco/occupation/97896345-d102-4549-97a5-8851979e6938,7314.2,keramiker,0.03125
Occupation,http://data.europa.eu/esco/occupation/5f617498-da0d-454a-9658-5e02d28a4bd7,7314.3,"industrioperatør, støping av keramikk og porselen",0.0
ISCO level 4,http://data.europa.eu/esco/isco/C7314,7314,Keramikere mv.,0.010416666666666666
Occupation,http://data.europa.eu/esco/occupation/64a68a43-24be-4929-95ce-5b14617199d1,7315.1,glassblåser,0.0
Occupation,http://data.europa.eu/esco/occupation/c9f6c245-8c66-4b13-9253-9835194abb23,7315.2,glassarbeider,0.0465116279069767
ISCO level 4,http://data.europa.eu/esco/isco/C7315,7315,Glasshåndverkere,0.02325581395348835
Occupation,http://data.europa.eu/esco/occupation/02e94cd6-8e6d-4e9b-b695-edb460c70528,7316.1.1,keramikkmaler,0.0
Occupation,http://data.europa.eu/esco/occupation/6d16c41d-81a7-44a9-836d-7aed46ccb955,7316.1.2,glassmaler,0.0
Occupation,http://data.europa.eu/esco/occupation/db3b1cb9-8460-4de0-8fc7-aff7a9a74b7e,7316.1.3,porselensmaler,0.0
Occupation,http://data.europa.eu/esco/occupation/96186698-f79d-423a-9652-a2a58085d5f1,7316.1.4,tremaler,0.0
Occupation,http://data.europa.eu/esco/occupation/41a51397-089d-459d-9b7e-f1cdee5ad6bb,7316.1,dekormaler,0.0263157894736842
Occupation,http://data.europa.eu/esco/occupation/3a55bf97-a0d2-47a0-a8b3-b248d32c7969,7316.2,glassgravør,0.0
Occupation,http://data.europa.eu/esco/occupation/8b2d562c-8407-49cd-9843-636c352b8c82,7316.3,metallgravør,0.027027027027027
Occupation,http://data.europa.eu/esco/occupation/a1b4eb5e-45d4-441b-a7e8-795ac5cf6fbf,7316.4,skiltmaker,0.0
ISCO level 4,http://data.europa.eu/esco/isco/C7316,7316,Dekormalere mv.,0.0066678520625888995
Occupation,http://data.europa.eu/esco/occupation/9efbe0de-37c0-4cc2-a1e6-a916eb4ecaa2,7317.1,papirmaker,0.04
Occupation,http://data.europa.eu/esco/occupation/b07e291d-1ea0-44d6-861c-e2c36861f9e3,7317.2,kurvmaker,0.0357142857142857
Occupation,http://data.europa.eu/esco/occupation/9c57263e-a38f-4c45-9265-a3c3e7cc2c5c,7317.3,børstemaker,0.0
Occupation,http://data.europa.eu/esco/occupation/5e29c263-a3ca-4220-b67e-ee65205db294,7317.4,leketøymaker,0.0
Occupation,http://data.europa.eu/esco/occupation/949bccd9-e1d2-4c57-b787-53b451aa1354,7317.5,kurvmøbelmaker,0.0263157894736842
Occupation,http://data.europa.eu/esco/occupation/b9d03330-c71c-4827-8797-3e96249d54db,7317.6,treskjærer,0.0
ISCO level 4,http://data.europa.eu/esco/isco/C7317,7317,Kunsthåndverkere i tre mv.,0.017005012531328318
Occupation,http://data.europa.eu/esco/occupation/8b97d85f-4a7a-4908-aa72-9c947c0cb0cd,7318.1,teppemaker,0.0
Occupation,http://data.europa.eu/esco/occupation/b3cd0522-14a9-4e21-a7ee-c9a1f9c0de51,7318.2,teppevever,0.037037037037037
Occupation,http://data.europa.eu/esco/occupation/ebff4fcf-6b69-4290-a55c-9bfe4cc7a1ef,7318.3,garnbinder,0.1
Occupation,http://data.europa.eu/esco/occupation/3562e70c-016c-455c-b949-521a367418a5,7318.4,strikker,0.0
Occupation,http://data.europa.eu/esco/occupation/72d03aad-2003-404e-ae71-a37206e3566b,7318.5,skinnbereder,0.04
Occupation,http://data.europa.eu/esco/occupation/02375132-3290-4221-bf55-d93ec61a3bf3,7318.6,vever,0.0
ISCO level 4,http://data.europa.eu/esco/isco/C7318,7318,Vevere,0.029506172839506167
Occupation,http://data.europa.eu/esco/occupation/e148e1ed-4f46-40a7-95c9-d6914f664f17,7319.1,lysstøper,0.0
Occupation,http://data.europa.eu/esco/occupation/1d70e660-1114-41c6-926a-053541460d88,7319.2,reparatør av sportsutstyr,0.0
ISCO level 4,http://data.europa.eu/esco/isco/C7319,7319,Andre kunsthåndverkere,0.0
ISCO level 3,http://data.europa.eu/esco/isco/C732,732,Grafiske arbeidere,0.0030356228512910524
Occupation,http://data.europa.eu/esco/occupation/23e3a8a0-905a-45be-983f-4cf32e133e09,7321.1.1,fotosetter,0.0
Occupation,http://data.europa.eu/esco/occupation/ab4086a0-0e2f-436e-80f8-a3291e594bd1,7321.1.2,litograf,0.0
Occupation,http://data.europa.eu/esco/occupation/cf578f1d-1832-4a4d-a3b2-e0a00517b51d,7321.1.3,førtrykksoperatør,0.0
Occupation,http://data.europa.eu/esco/occupation/cea4d5c9-7805-434a-8e6b-af5e9fa54c9e,7321.1.4,skanneroperatør,0.0
Occupation,http://data.europa.eu/esco/occupation/f5596182-70b2-4c18-97ab-f9405bae0385,7321.1.5,"tekniker, serigrafi",0.0
Occupation,http://data.europa.eu/esco/occupation/b09ffdec-b04c-41a8-bacc-2c71d7a3e5ac,7321.1.6,setter,0.0
Occupation,http://data.europa.eu/esco/occupation/54ffd31f-ed90-4af4-b877-cd246351ad39,7321.1,førtrykkstekniker,0.0
ISCO level 4,http://data.europa.eu/esco/isco/C7321,7321,Førtrykkere,0.0
Occupation,http://data.europa.eu/esco/occupation/6175b828-026d-4fb4-8be7-418394e1add0,7322.1,digitaltrykker,0.0
Occupation,http://data.europa.eu/esco/occupation/07d4a2fa-e278-4f32-8cf9-9c01fc660369,7322.2,"operatør, fleksotrykker",0.0
Occupation,http://data.europa.eu/esco/occupation/7fbe45c6-1914-43ba-9cfb-e0a4e051da92,7322.3,operatør av dyptrykker,0.0
Occupation,http://data.europa.eu/esco/occupation/ad6589cb-ef1e-482d-863d-d80b2eb6b070,7322.4,operatør av varmfolietrykker,0.0
Occupation,http://data.europa.eu/esco/occupation/ea4aff10-4d20-4a2b-886b-299c2bd349f1,7322.5,offsettrykker,0.0
Occupation,http://data.europa.eu/esco/occupation/4f7e7482-39e7-4f3a-bf11-763620f4b8e0,7322.6,operatør av pregepresse,0.0
Occupation,http://data.europa.eu/esco/occupation/32fcdc6f-1c8a-44e9-99b8-5519e4db4414,7322.7,"prosesstekniker, tekstiltrykking",0.0
Occupation,http://data.europa.eu/esco/occupation/77de6c7d-27bf-4bc2-8c80-5d6f6d9811f4,7322.8,reprotekniker,0.0
Occupation,http://data.europa.eu/esco/occupation/a98f93a6-b1df-4759-88a9-3234f334afad,7322.9,serigraf,0.0
Occupation,http://data.europa.eu/esco/occupation/5b942a51-c9a2-4dc7-82cc-57451426cf4d,7322.10,tekstiltrykker,0.0
ISCO level 4,http://data.europa.eu/esco/isco/C7322,7322,Trykkere,0.0
Occupation,http://data.europa.eu/esco/occupation/49b21ca8-04be-4912-a2f7-0170550e18fa,7323.1,"operatør, sålemaskin",0.0161290322580645
Occupation,http://data.europa.eu/esco/occupation/7f35043b-ebb5-40bf-9974-46a29915f6bf,7323.2,"maskinoperatør, symaskin for trådhefting",0.0
Occupation,http://data.europa.eu/esco/occupation/2f1380b4-b76b-489c-a3a8-cd05ed6ad392,7323.3,bokbinder,0.0476190476190476
Occupation,http://data.europa.eu/esco/occupation/c11e2b53-06f7-465f-9b5c-708016bc96f4,7323.4,papirfalser,0.0
ISCO level 4,http://data.europa.eu/esco/isco/C7323,7323,Innbindere mv.,0.015937019969278026
ISCO level 3,http://data.europa.eu/esco/isco/C741,741,Elektrikere mv.,0.06502773427562798
Occupation,http://data.europa.eu/esco/occupation/5dbb9cf0-b226-402c-a295-2f42ef05ff8b,7411.1.1.1,"elektriker, husholdningsinstallajoner og -apparater",0.0952380952380952
Occupation,http://data.europa.eu/esco/occupation/5df63943-f1bc-4438-90f1-92768a7a23c8,7411.1.1.2,industrielektriker,0.0851063829787234
Occupation,http://data.europa.eu/esco/occupation/33960bab-4423-4808-af6c-ec2b485dba41,7411.1.1,installasjonselektriker,0.0833333333333333
Occupation,http://data.europa.eu/esco/occupation/fddb7bd8-f176-4dc8-9d12-32b6072452c9,7411.1.2,"installasjonstekniker, elektrisitetsmåler",0.0714285714285714
Occupation,http://data.europa.eu/esco/occupation/e859428d-6dbd-406b-bb2e-d5a0ae21df29,7411.1.3,"installasjonstekniker, arrangement",0.0625
Occupation,http://data.europa.eu/esco/occupation/75b63949-1b93-4bf2-a777-ccf978dc3e8a,7411.1.4,solenergitekniker,0.204301075268817
Occupation,http://data.europa.eu/esco/occupation/4910419f-b4af-4f59-b544-9dbebc8a74f0,7411.1,elektriker,0.0727272727272727
ISCO level 4,http://data.europa.eu/esco/isco/C7411,7411,Elektrikere,0.096376390139259
Occupation,http://data.europa.eu/esco/occupation/06bd6285-13ed-4ea7-90cc-e9638a0600a9,7412.1,"tekniker, bilbatteri",0.105263157894736
Occupation,http://data.europa.eu/esco/occupation/6656337f-67eb-4f48-b1e4-ecccdfa44dd2,7412.2,bilelektriker,0.0188679245283018
Occupation,http://data.europa.eu/esco/occupation/5d009d45-3bb9-4e33-8760-294f59adec8c,7412.3,elektromekaniker,0.0204081632653061
Occupation,http://data.europa.eu/esco/occupation/92b7a42c-b437-4412-ac21-1a750883cf21,7412.4,geotermitekniker,0.466666666666666
Occupation,http://data.europa.eu/esco/occupation/8cf68522-dfc9-43c0-9f65-892703f4705e,7412.5,"tekniker, lufthavnbelysning",0.0416666666666666
Occupation,http://data.europa.eu/esco/occupation/f4eaff3d-f8d0-4a6a-aa90-76827c0fbada,7412.6,elektriker med spesialfelt innen reparasjon av husholdningsapparater,0.0
Occupation,http://data.europa.eu/esco/occupation/f8d1bcf9-9ca1-408f-a713-7bdf28c400fd,7412.7,heistekniker,0.0172413793103448
Occupation,http://data.europa.eu/esco/occupation/9422c30d-c5ef-4fcc-a493-d67ee42189c0,7412.8,skipselektriker,0.0
Occupation,http://data.europa.eu/esco/occupation/c07ab008-79c1-4516-8dcc-8289f797dc34,7412.9,gruveelektriker,0.0
Occupation,http://data.europa.eu/esco/occupation/8b8ae0a5-342c-43ae-b856-e1fea6fd6d1c,7412.10,reparatør av motordrevne verktøy,0.0
Occupation,http://data.europa.eu/esco/occupation/fd86ebe1-bad4-4486-9b76-01a48030e49a,7412.11,"elektriker, rullende materiell",0.0
Occupation,http://data.europa.eu/esco/occupation/6188bf20-5cdb-4702-af72-2cb67ec39810,7412.12,"vedlikeholdstekniker, fornøyelsespark",0.0
Occupation,http://data.europa.eu/esco/occupation/3f0b6500-dfb5-40a8-9bce-72998ec3d344,7412.13,skiheisoperatør,0.0
ISCO level 4,http://data.europa.eu/esco/isco/C7412,7412,Automatikere,0.051547227564001645
Occupation,http://data.europa.eu/esco/occupation/0c328e98-6e4e-4e96-b99c-56851e666ad0,7413.1.1,spleiser,0.0454545454545454
Occupation,http://data.europa.eu/esco/occupation/7052fd94-f563-46a9-8e2d-cba6c20f3e71,7413.1.2,luftledningsmontør,0.0434782608695652
Occupation,http://data.europa.eu/esco/occupation/f2ee2cda-9d02-49c3-8280-da5892d0055b,7413.1.3,"elektriker, gatelys",0.0555555555555555
Occupation,http://data.europa.eu/esco/occupation/c89afd9a-7dad-4bae-9315-5fcadd9ad8b6,7413.1,kraftdistribusjonstekniker,0.0714285714285714
ISCO level 4,http://data.europa.eu/esco/isco/C7413,7413,Energimontører,0.053979233327059374
ISCO level 3,http://data.europa.eu/esco/isco/C742,742,Serviceelektronikere og tele- og IKT-installatører mv.,0.01465056716826975
Occupation,http://data.europa.eu/esco/occupation/490d0c6f-0dc8-4825-9f17-207749fb1785,7421.1,servicetekniker for pengeautomater,0.0
Occupation,http://data.europa.eu/esco/occupation/d9ab0f3d-078d-42a7-a502-3e739e0aeff6,7421.2,flytekniker,0.0
Occupation,http://data.europa.eu/esco/occupation/f8ab2e08-d14e-4938-a2cd-c04821556db7,7421.3,reparatør av forbrukerelektronikk,0.0
Occupation,http://data.europa.eu/esco/occupation/1d196f32-05ca-4ea5-a347-4fccbb3da863,7421.4,"elektrotekniker, marinteknikk",0.0
Occupation,http://data.europa.eu/esco/occupation/b493b10d-7131-4814-93bb-a2c1be4a095f,7421.5,"servicetekniker, kontorutstyr",0.0
Occupation,http://data.europa.eu/esco/occupation/75c5bab4-2546-4ba3-996d-42a9a1bab55d,7421.6,"elektrotekniker, jernbanesektoren",0.0
Occupation,http://data.europa.eu/esco/occupation/15a7e87c-f7d5-4a60-bab7-9636b76143fe,7421.7,smarthusinstallatør,0.225806451612903
Occupation,http://data.europa.eu/esco/occupation/ecdc43f5-3b32-4f94-abf8-cd46480c8cb8,7421.8,"elektronikkinstallatør, kjøretøy",0.0
Occupation,http://data.europa.eu/esco/occupation/b874b541-2cb3-460b-96d7-4f83fe04b41d,7421.9,sporveistekniker,0.0
ISCO level 4,http://data.europa.eu/esco/isco/C7421,7421,Serviceelektronikere,0.025089605734766998
Occupation,http://data.europa.eu/esco/occupation/2ef000b1-8058-4e5a-9646-c5d4e7dbfdae,7422.1,ansvarlig for kommunikasjonsinfrastruktur,0.0
Occupation,http://data.europa.eu/esco/occupation/b7aa4b4e-dbb6-4f58-b36c-35b9a7267972,7422.2,reparatør av maskinvare,0.0
Occupation,http://data.europa.eu/esco/occupation/f0f6d531-eb96-4bad-84ff-8e2999ea68e6,7422.3.1,mobiltelefonreparatør,0.0
Occupation,http://data.europa.eu/esco/occupation/b37d15b3-402e-4792-8292-f18c0de7aca6,7422.3,tekniker for mobile enheter,0.0135135135135135
Occupation,http://data.europa.eu/esco/occupation/35efc04c-429a-407e-a00a-f07fd03c2743,7422.4,radiotekniker,0.0
Occupation,http://data.europa.eu/esco/occupation/c0c1364d-f784-4e76-8d3f-1e998dc6545d,7422.5,alarmtekniker,0.024390243902439
Occupation,http://data.europa.eu/esco/occupation/d07e6a57-a339-4cfd-bf22-a951713148a3,7422.6,operatør av telekommunikasjonsutstyr,0.0
Occupation,http://data.europa.eu/esco/occupation/056bef79-c125-47ab-b6b9-8eed05c9458c,7422.7,telekommunikasjonstekniker,0.0
Occupation,http://data.europa.eu/esco/occupation/bcde2372-fcf3-4270-8f62-c5583d1bb9ec,7422.8,fiberoptisk installatør,0.0
ISCO level 4,http://data.europa.eu/esco/isco/C7422,7422,Tele- og IKT-installatører,0.004211528601772501
ISCO level 3,http://data.europa.eu/esco/isco/C751,751,Slaktere,0.04821580473725603
Occupation,http://data.europa.eu/esco/occupation/48b336d2-7ffb-49a3-a010-444b68ddd12d,7511.1.1,halalslakter,0.0625
Occupation,http://data.europa.eu/esco/occupation/d4cbc865-ad88-4b07-9525-2af3dd31cf0d,7511.1.2,kosherslakter,0.0681818181818181
Occupation,http://data.europa.eu/esco/occupation/37c7880e-cfee-4c41-a41b-061682fefde3,7511.1,slaktebutikkeier,0.0597014925373134
Occupation,http://data.europa.eu/esco/occupation/c0386702-0699-4550-920b-1f7027c9a3d9,7511.2,fiskeforarbeider,0.0465116279069767
Occupation,http://data.europa.eu/esco/occupation/6c39cf1c-7332-41c1-86c3-6ed3daf3c479,7511.3,fiskesløyer,0.0769230769230769
Occupation,http://data.europa.eu/esco/occupation/05f6eaeb-b285-46bd-a44a-225bd429e329,7511.4,kjøttskjærer,0.0666666666666666
Occupation,http://data.europa.eu/esco/occupation/7e33b166-4a6d-40f3-8048-83b3a9d3ef49,7511.5,kjøttbearbeider,0.0517241379310344
Occupation,http://data.europa.eu/esco/occupation/f1783e61-38b7-468e-b495-9c3c92f5ab0d,7511.6.1,halalslakteriarbeider,0.0666666666666666
Occupation,http://data.europa.eu/esco/occupation/d47d495f-159b-40c9-b3d2-6b651c903e28,7511.6.2,kosherslakteriarbeider,0.0697674418604651
Occupation,http://data.europa.eu/esco/occupation/34ec79d0-85fb-445a-a5f2-df51b70c6375,7511.6,slakter,0.074074074074074
ISCO level 4,http://data.europa.eu/esco/isco/C7511,7511,Slaktere,0.06427170027480918
Occupation,http://data.europa.eu/esco/occupation/1aadb308-432a-4d01-b54b-b4f7f76dd419,7512.1,baker,0.0602409638554216
Occupation,http://data.europa.eu/esco/occupation/35f62568-eb4e-4a09-9d83-ecc73116f94c,7512.2,sjololademester,0.0465116279069767
Occupation,http://data.europa.eu/esco/occupation/e00c46c4-bd3c-4d88-8d30-fc6f951554bd,7512.3,konfektmaker,0.0169491525423728
Occupation,http://data.europa.eu/esco/occupation/26852256-d423-41bb-8178-4d37ff2528b9,7512.4,pastatilvirker,0.0217391304347826
Occupation,http://data.europa.eu/esco/occupation/ff42d44c-34f8-46be-ad3a-2aad9a5e43f0,7512.5,konditormedarbeider,0.015625
ISCO level 4,http://data.europa.eu/esco/isco/C7512,7512,Bakere,0.03221317494791074
Occupation,http://data.europa.eu/esco/occupation/43841fa5-f8ae-43ce-834d-5482ec23ef9e,7513.1,produsent av meieriprodukter,0.0714285714285714
Occupation,http://data.europa.eu/esco/occupation/8188136d-df82-4910-91e1-b185ec17c3c9,7513.2,maskinoperatør ved melkemottak,0.024390243902439
ISCO level 4,http://data.europa.eu/esco/isco/C7513,7513,Ystere mv. (gårdsproduksjon),0.0479094076655052
Occupation,http://data.europa.eu/esco/occupation/6a0b0c4f-b57a-4978-a637-2c0adff65996,7514.2,operatør av oljemølle,0.088235294117647
Occupation,http://data.europa.eu/esco/occupation/303931a2-860a-4f76-83ac-3c190d67287e,7514.3,oljefrøpresser,0.0789473684210526
ISCO level 4,http://data.europa.eu/esco/isco/C7514,7514,Saftere,0.0835913312693498
Occupation,http://data.europa.eu/esco/occupation/3d7b36e2-bfb8-4b67-9585-6787c1dda13e,7515.1,kaffesmaker,0.0
Occupation,http://data.europa.eu/esco/occupation/abc849b6-9e75-41ce-b1aa-4d488280a8a3,7515.2,melkekontrollør,0.0
Occupation,http://data.europa.eu/esco/occupation/b4306d87-7992-47fc-914a-4485a4e7003c,7515.3,kvalitetsbedømmer i næringsmiddelindustrien,0.0
Occupation,http://data.europa.eu/esco/occupation/dc3cc282-488d-4d8f-be80-191c6b521823,7515.4,maltmester,0.127659574468085
Occupation,http://data.europa.eu/esco/occupation/a2a126ac-d90d-4e9f-97d1-9b8dff2ff946,7515.5,leder for kafferøsting,0.0555555555555555
ISCO level 4,http://data.europa.eu/esco/isco/C7515,7515,Prøvesmakere og kvalitetsbedømmere av mat og drikke,0.0366430260047281
Occupation,http://data.europa.eu/esco/occupation/066a9d8f-3948-409c-a3cf-ed8ed37cfe22,7516.1,"produksjonsarbeider, tobakkproduksjon",0.0232558139534883
Occupation,http://data.europa.eu/esco/occupation/5f84de7d-5008-45c4-a993-8066388e0756,7516.2,tobakkbladsorterer,0.0
Occupation,http://data.europa.eu/esco/occupation/9f686e81-c236-42cb-b848-1918eb36e16a,7516.3,pakker av tobakksblader,0.0285714285714285
ISCO level 4,http://data.europa.eu/esco/isco/C7516,7516,,0.0172757475083056
ISCO level 3,http://data.europa.eu/esco/isco/C752,752,Møbelsnekkere,0.02627546711371912
Occupation,http://data.europa.eu/esco/occupation/44b0f118-2a70-4eec-b301-89d7fd84a3d0,7521.1,operatør av tretørkeovn,0.0238095238095238
Occupation,http://data.europa.eu/esco/occupation/b0cb4f78-c361-48cf-97aa-25104ac2647c,7521.2,treimpregneringsarbeider,0.0263157894736842
ISCO level 4,http://data.europa.eu/esco/isco/C7521,7521,,0.025062656641604
Occupation,http://data.europa.eu/esco/occupation/59088d93-bd71-4fd7-a39e-8cc9dd37dfae,7522.1,produsent av antikke møbler,0.0232558139534883
Occupation,http://data.europa.eu/esco/occupation/e1416610-ad08-4f37-8b46-9f99632a5c0f,7522.2,møbelsnekker,0.0232558139534883
Occupation,http://data.europa.eu/esco/occupation/501a3798-08bf-4475-88d2-0e8c9befb101,7522.3,bøkker,0.0
Occupation,http://data.europa.eu/esco/occupation/fb6df00f-4810-442b-8f93-89b9580c7c9f,7522.5,"overflatebehandler, møbelproduksjon",0.0222222222222222
Occupation,http://data.europa.eu/esco/occupation/5a551d36-0e14-40ab-84a2-7aa9b37dc528,7522.6,møbelrestaurerer,0.0512820512820512
Occupation,http://data.europa.eu/esco/occupation/6f8f1da1-9160-4b9f-ba30-e3396d3b2f92,7522.7,"modellbygger, rekreasjonsformål",0.0
ISCO level 4,http://data.europa.eu/esco/isco/C7522,7522,Møbelsnekkere,0.020002650235208332
Occupation,http://data.europa.eu/esco/occupation/ceb5277b-2c4d-4cb9-9b7e-b386e66e11ba,7523.1,operatør av spikermaskin,0.0416666666666666
Occupation,http://data.europa.eu/esco/occupation/7e08d38d-30c9-4a6f-b88e-b28e87c0b259,7523.2,"maskinoperatør, treboring",0.024390243902439
Occupation,http://data.europa.eu/esco/occupation/77a05858-f682-4648-baa5-9b86deeffbc1,7523.3,"maskinoperatør, tremøbler",0.0571428571428571
Occupation,http://data.europa.eu/esco/occupation/a77bc925-c441-42f2-92d4-666b103fc025,7523.4,"maskinoperatør, produksjon av trepaller",0.0263157894736842
Occupation,http://data.europa.eu/esco/occupation/3bdf6206-e952-4177-a17b-2a03bfee2144,7523.5,"operatør, sandpapirslipemaskin",0.024390243902439
Occupation,http://data.europa.eu/esco/occupation/ac160654-0d3e-49aa-b798-1861ce9d78b6,7523.6,tredreier,0.0238095238095238
ISCO level 4,http://data.europa.eu/esco/isco/C7523,7523,,0.03295255414960162
ISCO level 3,http://data.europa.eu/esco/isco/C753,753,Skreddere,0.03390955403762691
Occupation,http://data.europa.eu/esco/occupation/b3b79192-f6e0-4aa0-92d1-f876508e05b3,7531.1,kostymemaker,0.0
Occupation,http://data.europa.eu/esco/occupation/5589e8e0-48d9-4193-8c85-86ba9f17e0e9,7531.2,dameskredder,0.0
Occupation,http://data.europa.eu/esco/occupation/d2078576-9c43-40f7-bf52-356f53d650fd,7531.3,"sorterer, hud",0.0588235294117647
Occupation,http://data.europa.eu/esco/occupation/fd1c0f5a-f465-4067-af54-621e68c90f74,7531.4,hattemaker,0.0
Occupation,http://data.europa.eu/esco/occupation/978ae3a2-0831-415a-8396-b84dde656fc5,7531.5,skredder,0.0
Occupation,http://data.europa.eu/esco/occupation/bd206ee9-61d6-45de-a369-0c71b8429efa,7531.6,parykkmaker,0.0
ISCO level 4,http://data.europa.eu/esco/isco/C7531,7531,Skreddere,0.009803921568627449
Occupation,http://data.europa.eu/esco/occupation/760ad7dd-f29d-4e4d-be1f-15100550ab80,7532.1,"CAD-mønsterkonstruktør, klær",0.0588235294117647
Occupation,http://data.europa.eu/esco/occupation/928dd410-c74b-4dab-94b8-fcbdcf541bd1,7532.2,klestilskjærer,0.0
Occupation,http://data.europa.eu/esco/occupation/072279cf-ed39-47e7-af23-ee6df571eb24,7532.3,"kvalitetsbedømmer, klær",0.0
Occupation,http://data.europa.eu/esco/occupation/196a4c75-9591-436f-9677-67252df34c22,7532.4,"mønsterkonstruktør, digitale prototyper",0.0
Occupation,http://data.europa.eu/esco/occupation/29900d8d-4463-4a6e-b6aa-e97418700245,7532.5,"CAD-mønsterkonstruktør, lærvarer",0.0625
Occupation,http://data.europa.eu/esco/occupation/5157706c-3fce-420e-9e7f-863000af5397,7532.6,"mønsterkonstruktør, lær",0.0526315789473684
Occupation,http://data.europa.eu/esco/occupation/18232485-5f8b-4c53-80f2-3d9f8f9d0e20,7532.7,"mønsterkonstruktør, klesindustri",0.0357142857142857
ISCO level 4,http://data.europa.eu/esco/isco/C7532,7532,Gradører,0.02995277058191697
Occupation,http://data.europa.eu/esco/occupation/8918dda6-d99b-4572-a8ba-2a786bf5e4e9,7533.1,dukkemaker,0.0
Occupation,http://data.europa.eu/esco/occupation/7324e9f5-0f94-497e-af2f-42142e939a94,7533.2,broderer,0.0
Occupation,http://data.europa.eu/esco/occupation/7c6fc2f0-6e16-4429-8190-f6faac0c3853,7533.3,hanskesyer,0.0
Occupation,http://data.europa.eu/esco/occupation/28b25dbf-1eab-45e8-9d02-7a5eea9bb139,7533.4,produsent av konfeksjonsvarer i tekstil,0.0714285714285714
Occupation,http://data.europa.eu/esco/occupation/517c01aa-e875-4690-bf38-17307a57eafe,7533.5,maskinsyer,0.0
ISCO level 4,http://data.europa.eu/esco/isco/C7533,7533,,0.01428571428571428
Occupation,http://data.europa.eu/esco/occupation/c932109b-3e4f-43aa-b346-1ea421da0adb,7534.1,flyinteriørmekaniker,0.0
Occupation,http://data.europa.eu/esco/occupation/92dc335d-a116-416f-ad2b-257e5382e574,7534.2,madrassprodusent,0.0
Occupation,http://data.europa.eu/esco/occupation/cd3f5356-a16f-4aca-9d4b-ceba2b2afec5,7534.3.1,møbeltapetserer,0.0
Occupation,http://data.europa.eu/esco/occupation/423f4021-322b-4257-9a4e-d6ee5d166fbc,7534.3.2,"salmaker, båt",0.0
Occupation,http://data.europa.eu/esco/occupation/c9874f14-5474-43f6-b4a2-77a94f9abfb3,7534.3.3,"salmaker, kjøretøy",0.0
Occupation,http://data.europa.eu/esco/occupation/69c24e54-567c-4415-b59b-cda97fdbc50c,7534.3.4,"salmaker, togvogner",0.0
Occupation,http://data.europa.eu/esco/occupation/95a89206-4dc8-4753-a5d9-bc14a0e5f7ca,7534.3,tapetseringsarbeider,0.0
ISCO level 4,http://data.europa.eu/esco/isco/C7534,7534,Møbeltapetserere mv.,0.0
Occupation,http://data.europa.eu/esco/occupation/e6eea1ed-e982-4583-bafe-a0ac796f6cf1,7535.1,lærsorterer,0.0526315789473684
Occupation,http://data.europa.eu/esco/occupation/1ce76c3b-edee-41b4-88c2-5db9b70d8bf0,7535.2,garver,0.0416666666666666
ISCO level 4,http://data.europa.eu/esco/isco/C7535,7535,Skinnberedere og garvere,0.047149122807017496
Occupation,http://data.europa.eu/esco/occupation/8f592e05-8035-4646-b33e-a4ea2c2314e3,7536.1.1,"lærhåndverker, etterbehandling",0.125
Occupation,http://data.europa.eu/esco/occupation/1d188cae-90e9-4950-9666-3e1a9500de50,7536.1.2,tilskjærer av lærvarer,0.0952380952380952
Occupation,http://data.europa.eu/esco/occupation/e666c384-2a14-4cd9-981f-7067dc0bb9a9,7536.1.3,"håndsyer, lærvarer",0.0
Occupation,http://data.europa.eu/esco/occupation/24e9f120-eae8-411a-8daf-c48e8ae2f5f6,7536.1,lærhåndverker,0.0666666666666666
Occupation,http://data.europa.eu/esco/occupation/07ba3429-cccd-435b-a7d0-c02ba962bbd9,7536.2.1,"skomaker, skreddersydde sko",0.064516129032258
Occupation,http://data.europa.eu/esco/occupation/40d76b2c-b917-4bf1-95b3-191f11472e67,7536.2.2,3D-utvikler – skotøy,0.064516129032258
Occupation,http://data.europa.eu/esco/occupation/3fa9a480-ceb3-4c2a-8a91-0508e1bb6ba5,7536.2.3,"CAD-mønsterkonstruktør, sko",0.0714285714285714
Occupation,http://data.europa.eu/esco/occupation/ce594060-b05a-45d8-ac41-1cf3bb980085,7536.2.4,håndskomaker,0.142857142857142
Occupation,http://data.europa.eu/esco/occupation/93aa611c-a58c-43ff-bc34-6e201dfdd0dd,7536.2.5,"mønsterkonstruktør, skotøy",0.0909090909090909
Occupation,http://data.europa.eu/esco/occupation/0a5001af-ce4b-4787-92e8-62af70089e53,7536.2.6,"lestarbeider, skoproduksjon",0.04
Occupation,http://data.europa.eu/esco/occupation/15419750-d6e6-4ab8-a77b-b42794f2e168,7536.2.7,ortopeditekniker,0.074074074074074
Occupation,http://data.europa.eu/esco/occupation/dc9b98da-c389-4caf-a21a-c6f8c530c0bf,7536.2.8,skoflikker,0.0
Occupation,http://data.europa.eu/esco/occupation/f8e76759-811e-4b39-9adf-3e77429cff8f,7536.2,skomaker,0.0869565217391304
ISCO level 4,http://data.europa.eu/esco/isco/C7536,7536,Skomakere,0.07093557084440666
ISCO level 3,http://data.europa.eu/esco/isco/C754,754,Yrkesdykkere,0.027375514534578566
Occupation,http://data.europa.eu/esco/occupation/5a596834-bc8f-4273-8d09-006957b60347,7541.1,anleggsdykker,0.04
Occupation,http://data.europa.eu/esco/occupation/204c8b13-f5de-4e39-bd23-86ff8cf89b4d,7541.2,dykker innen akvakultur,0.0
Occupation,http://data.europa.eu/esco/occupation/bcc199fe-f7df-42a5-bd45-e33ae6160f26,7541.3,redningsdykker,0.0
ISCO level 4,http://data.europa.eu/esco/isco/C7541,7541,Yrkesdykkere,0.013333333333333334
Occupation,http://data.europa.eu/esco/occupation/2aae7736-f58b-4027-8de4-6884281c3b0b,7542.1,sprengningsbas,0.05
ISCO level 4,http://data.europa.eu/esco/isco/C7542,7542,Skytebaser og sprengningsarbeidere,0.05
Occupation,http://data.europa.eu/esco/occupation/3a75b477-e151-40fb-9909-b3641401bfed,7543.1,teknisk tilsynsmedarbeider,0.0285714285714285
Occupation,http://data.europa.eu/esco/occupation/295dbed9-0330-42af-8650-f9296c6eb195,7543.2,testkjører,0.04
Occupation,http://data.europa.eu/esco/occupation/43eb6228-8241-47d6-875e-7ccc214291d5,7543.3,batteritester,0.05
Occupation,http://data.europa.eu/esco/occupation/b2cac4bc-abb7-41b3-a515-2ad006b8ebf6,7543.4,kontrollpaneltester,0.02
Occupation,http://data.europa.eu/esco/occupation/82d75f3b-644a-4582-ad6b-a2a1833e44cb,7543.5,spesialist innen ikke-destruktiv testing,0.0
Occupation,http://data.europa.eu/esco/occupation/2555a1bc-9f30-4371-9499-64793e48cd55,7543.6,kretskorttester,0.0416666666666666
Occupation,http://data.europa.eu/esco/occupation/b10d45f4-482d-4301-bc39-da206b17815c,7543.7.1,"inspektør, flykonstruksjon",0.0
Occupation,http://data.europa.eu/esco/occupation/68ad860f-c5cd-420f-840f-993e3e813508,7543.7.2,kvalitetsinspektør i forbruksvareindustrien,0.0
Occupation,http://data.europa.eu/esco/occupation/1c25fdb4-c6e2-4118-99a5-519e9657a2bd,7543.7.3,"kvalitetsinspektør, elektrisk utstyr",0.0888888888888888
Occupation,http://data.europa.eu/esco/occupation/2296fa07-98ae-4875-b18d-96ed86134ffb,7543.7.4,"kvalitetsinspektør, elektronisk utstyr",0.0277777777777777
Occupation,http://data.europa.eu/esco/occupation/9a903a4a-282d-4724-a7de-1918b41d2965,7543.7.5,"kvalitetskontrollør, kjøretøymontering",0.0232558139534883
Occupation,http://data.europa.eu/esco/occupation/c5b45ebe-0e9f-4bc4-9563-7fdf31115e53,7543.7.6,"kvalitetsinspektør, montering av rullende materiell",0.0
Occupation,http://data.europa.eu/esco/occupation/a464015d-a622-44aa-a4fe-bf01e412e120,7543.7.7,"inspektør, båt- og fartøykonstruksjon",0.0
Occupation,http://data.europa.eu/esco/occupation/753939ad-b03e-47cd-913b-56f30b5ae8fc,7543.7,produktinspektør,0.0
Occupation,http://data.europa.eu/esco/occupation/3027abf6-bc54-4709-8dc1-4f20b772ac70,7543.8.1,"kvalitetsbedømmer, forbehandlede treplater",0.0
Occupation,http://data.europa.eu/esco/occupation/ad7bbc92-d5cb-4b64-a1a3-efc593afd437,7543.8.2,"kvalitetsbedømmer, tømmer",0.0
Occupation,http://data.europa.eu/esco/occupation/3594efa8-cd69-411e-a345-d88ba756b758,7543.8.3,"kvalitetsbedømmer, papirmasse",0.0465116279069767
Occupation,http://data.europa.eu/esco/occupation/cc8f929a-75fa-404d-aa17-3301fb494b4f,7543.8,kvalitetsbedømmer,0.0232558139534883
Occupation,http://data.europa.eu/esco/occupation/2b48a4cd-2333-4abf-ac3e-6f63d6ed3663,7543.9.1,"kvalitetskontrollør, sko",0.0769230769230769
Occupation,http://data.europa.eu/esco/occupation/371885b5-0f93-406f-b96a-58ecd5bbc3ce,7543.9.2,"kvalitetskontrollør, lærvarer",0.0666666666666666
Occupation,http://data.europa.eu/esco/occupation/c0a35355-be44-44c0-82d2-acf8363ed45e,7543.9.3,"kvalitetskontrollør, metallvareproduksjon",0.0126582278481012
Occupation,http://data.europa.eu/esco/occupation/b0ad8659-0410-4b5b-9466-a90f8b3cdac9,7543.9,kvalitetskontrollør,0.0
Occupation,http://data.europa.eu/esco/occupation/d3de3205-dd5c-4112-86bc-161e41cd77a5,7543.10.1,sigarkontrollør,0.0
Occupation,http://data.europa.eu/esco/occupation/381b9a17-521c-4702-b7d9-2059bbd8ce76,7543.10.2,"kvalitetsinspektør, klær",0.0
Occupation,http://data.europa.eu/esco/occupation/0019b951-c699-4191-8208-9822882d150c,7543.10.3,"kvalitetsinspektør, presisjonsutstyr",0.0232558139534883
Occupation,http://data.europa.eu/esco/occupation/85fdd1cb-98d3-4c40-a868-1078ce770440,7543.10.4,"kvalitetskontrollør, tekstilproduksjon",0.0232558139534883
Occupation,http://data.europa.eu/esco/occupation/61d9270c-491d-438d-8d41-77ba2e0ef023,7543.10,kvalitetsinspektør,0.0
Occupation,http://data.europa.eu/esco/occupation/b9c80d74-97b6-4a4b-849e-a3908ba57ae1,7543.11,"kvalitetsbedømmer, finer",0.0
ISCO level 4,http://data.europa.eu/esco/isco/C7543,7543,Produkttestere (ikke matprodukter),0.021167414895126295
Occupation,http://data.europa.eu/esco/occupation/509f9452-ed18-4fbf-8a4c-d45de85aa2f7,7544.1.1,pesticidspreder,0.11904761904761904
Occupation,http://data.europa.eu/esco/occupation/21cba86a-68c5-456c-aec2-cc04840b3c0e,7544.1,skadedyrbekjemper,0.129032258064516
ISCO level 4,http://data.europa.eu/esco/isco/C7544,7544,Desinfeksjonsarbeidere og skadedyrbekjempere,0.12403993855606751
ISCO level 3,http://data.europa.eu/esco/isco/C811,811,Operatører innen borefag mv.,0.027023165783120605
Occupation,http://data.europa.eu/esco/occupation/4542ff68-f809-4ba1-857c-fd26d0914eaa,8111.1,avvanningstekniker,0.0588235294117647
Occupation,http://data.europa.eu/esco/occupation/364e61ab-1631-4fe1-a170-e88797aad6f9,8111.2,driller,0.105263157894736
Occupation,http://data.europa.eu/esco/occupation/4a215d87-8363-4db2-a661-3c0d816b2a70,8111.3,"gruvearbeider, dagbrudd",0.0714285714285714
Occupation,http://data.europa.eu/esco/occupation/425f4904-3a7a-4ad0-ac5b-42b38392f768,8111.4,operatør av tungt utstyr under jorden,0.0
Occupation,http://data.europa.eu/esco/occupation/4cdfac8c-b000-4279-985e-31bc1fbe2447,8111.5,"gruvearbeider, underjordisk",0.0714285714285714
ISCO level 4,http://data.europa.eu/esco/isco/C8111,8111,Bergfagarbeidere,0.061388766032728706
Occupation,http://data.europa.eu/esco/occupation/bcb7efae-2374-4ea7-a8e7-a77e4c6ecfc8,8112.1,"maskinoperatør, mineralknusing",0.0
Occupation,http://data.europa.eu/esco/occupation/66d22b81-1b5e-42a1-b904-ac67b4a896c6,8112.2,"maskinoperatør, mineralbehandling",0.0526315789473684
Occupation,http://data.europa.eu/esco/occupation/610bee9f-d7f0-4b18-918e-f2a4a91f8912,8112.3,"borearbeider, stein",0.064516129032258
Occupation,http://data.europa.eu/esco/occupation/3e9c6f2a-dc20-4366-aeb9-99dffd635b4c,8112.4,"operatør, steinsliper",0.0263157894736842
ISCO level 4,http://data.europa.eu/esco/isco/C8112,8112,Prosessoperatører (oppredning),0.035865874363327645
Occupation,http://data.europa.eu/esco/occupation/41d4be58-3111-48b5-814a-83117983dd16,8113.1,borearbeider på oljeplattform,0.0
Occupation,http://data.europa.eu/esco/occupation/622b1d5e-bf14-4ec0-b83e-3bfcf8dff624,8113.2,drilloperatør,0.0434782608695652
Occupation,http://data.europa.eu/esco/occupation/d3c1c718-a093-4e2e-80a0-2bd331266a8b,8113.3,"prosessoperatør, oljeplattform",0.0
Occupation,http://data.europa.eu/esco/occupation/2a7d4b37-e831-4e20-827c-0682fe7e370e,8113.4,"pumpeoperatør, rørledning",0.0
Occupation,http://data.europa.eu/esco/occupation/8d765d88-c8d6-406e-8dfe-e37c5aa89be6,8113.5,boreassistent,0.0
Occupation,http://data.europa.eu/esco/occupation/86c49d9c-b37d-4a14-8e9d-d0357005a48d,8113.6,borearbeider,0.0
Occupation,http://data.europa.eu/esco/occupation/5d549551-d94a-4e98-8444-d6608d70c8d8,8113.7,"administrativ medarbeider, boreplattform",0.0
Occupation,http://data.europa.eu/esco/occupation/7a0afb5e-f118-449a-82bd-d8b9230fd49f,8113.8,"maskinoperatør, tunnelboring",0.0384615384615384
Occupation,http://data.europa.eu/esco/occupation/46bbecf4-368a-44a8-9262-dcd775ae2c46,8113.9,brønnborer,0.0357142857142857
ISCO level 4,http://data.europa.eu/esco/isco/C8113,8113,Operatører innen boring mv.,0.013072676116154366
Occupation,http://data.europa.eu/esco/occupation/2fa8c1fc-e722-4985-9822-f5d8174248cf,8114.1,"operatør, asfaltanlegg",0.0263157894736842
Occupation,http://data.europa.eu/esco/occupation/990738f4-587c-4045-a10f-e3c1c019220e,8114.2,"maskinoperatør, produksjon av betongblokk",0.0476190476190476
Occupation,http://data.europa.eu/esco/occupation/86da9311-1f7a-40bb-af65-ed2a7178fcae,8114.3,"maskinoperatør, betongproduksjon",0.0303030303030303
Occupation,http://data.europa.eu/esco/occupation/8fdce434-caaa-42c7-a77c-7ba8d1cbc4be,8114.4,"prosessoperatør, elektrolytiske celler",0.0
Occupation,http://data.europa.eu/esco/occupation/8d3fd879-986d-42e7-bf67-c3c415592fe3,8114.5,"prosessoperatør, prefabrikerte elementer",0.0
Occupation,http://data.europa.eu/esco/occupation/0477b9b0-8d2d-4eec-aaad-bac11092e98b,8114.6,"prosessoperatør, blanding av skifer",0.0
Occupation,http://data.europa.eu/esco/occupation/c453886f-a8f0-434c-be0e-e6a12c49954f,8114.7,"maskinoperatør, steinpussing",0.0
Occupation,http://data.europa.eu/esco/occupation/a001cf0d-b0eb-420a-a110-9408448ba8b8,8114.8,"maskinoperatør, steinsplitting",0.0303030303030303
ISCO level 4,http://data.europa.eu/esco/isco/C8114,8114,Operatører innen produksjon av betong mv.,0.01681761221234905
ISCO level 3,http://data.europa.eu/esco/isco/C812,812,Operatører metallproduksjon,0.01545588405239368
Occupation,http://data.europa.eu/esco/occupation/25206eaa-04da-4fd6-bac7-173d7eb142dc,8121.1,"maskinoperatør, støping",0.0
Occupation,http://data.europa.eu/esco/occupation/a0f9903e-2ba5-4b9d-bb0a-a8646db15221,8121.2,operatør av ekstruderingsmaskin,0.0
Occupation,http://data.europa.eu/esco/occupation/57b89801-0e43-4b19-bf29-ef9a51d65155,8121.3,smelteovnoperatør,0.0571428571428571
Occupation,http://data.europa.eu/esco/occupation/000e93a3-d956-4e45-aacb-f12c83fedf84,8121.4,"maskinoperatør, stansing",0.0
Occupation,http://data.europa.eu/esco/occupation/6dbca2aa-f83b-4567-a4e7-b9a21fb948bf,8121.5,operatør av valseverk,0.0
Occupation,http://data.europa.eu/esco/occupation/c2d5daae-8f8a-45b1-8e76-3284b84ce195,8121.6,"maskinoperatør, fjærproduksjon",0.024390243902439
Occupation,http://data.europa.eu/esco/occupation/7664f3e6-b469-4e1a-b52c-8a7ac866eb5a,8121.7,"maskinoperatør, kabeltvinner",0.0
ISCO level 4,http://data.europa.eu/esco/isco/C8121,8121,Operatører innen metallurgiske prosessfag,0.011647585863613728
Occupation,http://data.europa.eu/esco/occupation/3c0af499-39f6-4468-9ba4-b13a26d5f888,8122.1,operatør av sandblåser,0.024390243902439
Occupation,http://data.europa.eu/esco/occupation/e9f0b7ae-c848-464e-af9d-55eb87a592e0,8122.2,operatør av anodiseringsmaskin,0.0232558139534883
Occupation,http://data.europa.eu/esco/occupation/02b5b7b0-b856-4ac7-924c-8c35c7880b2a,8122.3,"maskinoperatør, overflatebehandling",0.0196078431372549
Occupation,http://data.europa.eu/esco/occupation/4b6b09e6-e1f6-46d8-b16a-d3522c367983,8122.4,operatør av rundslipemaskin,0.0192307692307692
Occupation,http://data.europa.eu/esco/occupation/862ed9e5-96ec-410d-a0fd-5206a05a7954,8122.5,"maskinoperatør, avgrading",0.0196078431372549
Occupation,http://data.europa.eu/esco/occupation/ce5b1eb1-5862-4f00-a813-0f90aecd5ef5,8122.6,operatør av dyppetank,0.0208333333333333
Occupation,http://data.europa.eu/esco/occupation/bb2933e9-f6ec-4ab0-b2ea-3cc34cf56d18,8122.7,operatør av galvaniseringsmaskin,0.0217391304347826
Occupation,http://data.europa.eu/esco/occupation/066fe11d-10e4-4fec-bd27-3e78797500b9,8122.8,emaljør,0.0
Occupation,http://data.europa.eu/esco/occupation/4f5e4fb1-58bd-4abd-bb06-4af9203a1518,8122.9,filemaskinoperatør,0.0208333333333333
Occupation,http://data.europa.eu/esco/occupation/b322bb4c-bbef-45c2-bd7e-00a97c3ab268,8122.10,rustbehandler,0.0222222222222222
Occupation,http://data.europa.eu/esco/occupation/4a1d28b0-eca5-4c0a-a49d-ce974e7d04ce,8122.11,"maskinoperatør, overflatesliping",0.0204081632653061
Occupation,http://data.europa.eu/esco/occupation/1c5ec3d2-a241-4ba2-ba20-e4da565383a6,8122.12,"maskinoperatør, tromling",0.0
ISCO level 4,http://data.europa.eu/esco/isco/C8122,8122,Operatører innen metallflatebehandling,0.017677391329181984
ISCO level 3,http://data.europa.eu/esco/isco/C813,813,Operatører innen produksjon av kjemiske produkter,0.06593899038113922
Occupation,http://data.europa.eu/esco/occupation/782ced63-e234-42a4-a7bd-a2d9a12ee61a,8131.1,"maskinoperatør, påfylling av kapsler",0.0
Occupation,http://data.europa.eu/esco/occupation/81f8ea60-41d4-434a-b0fc-f870e83e7e27,8131.2.1,"maskinoperatør, blanding av gjødsel",0.176470588235294
Occupation,http://data.europa.eu/esco/occupation/237e21f1-a7fa-4273-91eb-28e7b5d72f60,8131.2.2,"maskinoperatør, lakkblander",0.0625
Occupation,http://data.europa.eu/esco/occupation/8b273f5e-bdc5-4b73-80bd-3e324a20309b,8131.2.3,"maskinoperatør, blanding av maling",0.0344827586206896
Occupation,http://data.europa.eu/esco/occupation/165f32b8-756a-4ef3-87f1-83fbbdc60db7,8131.2.4,"maskinoperatør, blanding av pesticider",0.07142857142857142
Occupation,http://data.europa.eu/esco/occupation/ee37a4a5-5360-4e94-a749-a2b8ead08500,8131.2.5,"maskinoperatør, sprengstoff",0.0714285714285714
Occupation,http://data.europa.eu/esco/occupation/c76566f1-97a1-43e9-a7d8-155db0e56987,8131.2.6,"maskinoperatør, blanding av ferniss",0.0588235294117647
Occupation,http://data.europa.eu/esco/occupation/5b3ef95b-7d99-4af9-b2d0-41c6bc33f58c,8131.2,"maskinoperatør, blanding av kjemikalier",0.074074074074074
Occupation,http://data.europa.eu/esco/occupation/8f71761e-6fa5-4237-a240-4d0c7feff026,8131.3,koksverkoperatør,0.0
Occupation,http://data.europa.eu/esco/occupation/ff5210a5-2ea9-43b4-bebc-8d565f928eaa,8131.4,"maskinoperatør, kosmetikkproduksjon",0.0
Occupation,http://data.europa.eu/esco/occupation/310ad9e0-ffc9-4980-b47c-1e856a404eff,8131.5,operatør av destillasjonsutstyr,0.0
Occupation,http://data.europa.eu/esco/occupation/1999bdfa-f9c4-4a0b-8565-0305108ca65e,8131.6,pyroteknisk tørkeromspersonell,0.0555555555555555
Occupation,http://data.europa.eu/esco/occupation/d3382c5a-589f-453d-a6d8-d28695057079,8131.7,"operatør, kjemisk fremstilling",0.166666666666666
Occupation,http://data.europa.eu/esco/occupation/21a42cfb-68c7-4f84-bdd7-81de07a6fff3,8131.8,"måler, oljeproduksjon",0.0
Occupation,http://data.europa.eu/esco/occupation/0dae04a4-fa4c-40d3-8518-122cc0f7bfcf,8131.9,"maskinoperatør, granulator",0.0
Occupation,http://data.europa.eu/esco/occupation/0d61e7e7-afde-49ca-b554-4633842be030,8131.10,operatør av kalkovn,0.111111111111111
Occupation,http://data.europa.eu/esco/occupation/7c64479f-7a76-49e9-ac42-bd925f2bf99d,8131.11,"kontrollromoperatør, gruvedrift",0.0
Occupation,http://data.europa.eu/esco/occupation/30cdbb0a-4f62-4d0e-811c-72e3f95d017b,8131.12,"operatør, nitrering",0.111111111111111
Occupation,http://data.europa.eu/esco/occupation/bfdc096e-e450-424d-9340-46968047ed68,8131.13,"prosessoperatør, nøytralisering av nitroglyserin",0.0526315789473684
Occupation,http://data.europa.eu/esco/occupation/01da600c-ddb3-4a37-95e9-5301b459ae90,8131.14,"prosessoperatør, nitroglyserin",0.125
Occupation,http://data.europa.eu/esco/occupation/0152b59d-5005-470c-9273-ef321477d8dc,8131.15,"maskinoperatør, fiberstoff",0.0
Occupation,http://data.europa.eu/esco/occupation/d5ad1da5-cf69-4508-9148-a5338f4ffe0e,8131.16,"maskinoperatør, parfymeproduksjon",0.0
Occupation,http://data.europa.eu/esco/occupation/c93d58bd-3aa6-4de4-812d-010542f1dec8,8131.17,"maskinoperatør, pilleproduksjon",0.0
Occupation,http://data.europa.eu/esco/occupation/3a67544c-919f-4051-b812-c08e69eec3fd,8131.18,"maskinoperatør, såpekomprimering",0.142857142857142
Occupation,http://data.europa.eu/esco/occupation/29a36f21-da45-4a01-b015-cac4445e5025,8131.19.1,"maskinoperatør, såpeproduksjon",0.1
Occupation,http://data.europa.eu/esco/occupation/34c191ec-e3e3-4746-ae10-7ff4306a2794,8131.19.2,"maskinoperatør, tørking av såpe",0.111111111111111
Occupation,http://data.europa.eu/esco/occupation/39e06c20-d262-44f9-a6a8-a0f3ba9e887c,8131.19,såpekoker,0.111111111111111
Occupation,http://data.europa.eu/esco/occupation/c7c3f05b-319b-4aa7-891e-78106f875de2,8131.20,"prosessoperatør, såpeproduksjon",0.105263157894736
Occupation,http://data.europa.eu/esco/occupation/daa6197d-dba6-49b5-8223-b31b7a126e4e,8131.21,"prosessoperatør, voksbleking",0.0
Occupation,http://data.europa.eu/esco/occupation/25eca7d1-e8ea-4f9d-b922-c532d971e17c,8131.22,operatør for anaerob nedbrytningsanlegg,0.368421052631578
ISCO level 4,http://data.europa.eu/esco/isco/C8131,8131,Operatører innen kjemisk industri,0.07033492307321516
Occupation,http://data.europa.eu/esco/occupation/b4f08f2e-3c97-4484-9094-446a17dad802,8132.1,filmfremkaller,0.0
Occupation,http://data.europa.eu/esco/occupation/7180a7be-68cd-4636-8c12-706722ad8862,8132.2,fotofremkaller,0.0
ISCO level 4,http://data.europa.eu/esco/isco/C8132,8132,Operatører innen produksjon av fotofilm og -papir mv.,0.0
ISCO level 3,http://data.europa.eu/esco/isco/C814,814,Operatører innen gummi,0.020137988761187452
Occupation,http://data.europa.eu/esco/occupation/8d2df08e-0b2e-4837-8096-66595bbaab15,8141.1.1,"prosessoperatør, produksjon av transportbånd",0.0
Occupation,http://data.europa.eu/esco/occupation/fcab4bb1-c05b-43e3-98d8-f60b13c152f2,8141.1.2,"prosessoperatør, koagulering",0.05
Occupation,http://data.europa.eu/esco/occupation/e7ef8a86-6acd-458d-bf48-634b8fd28950,8141.1.3,"maskinoperatør, blanding av skumgummi",0.0
Occupation,http://data.europa.eu/esco/occupation/5bf823c5-d3fd-46f6-9577-9331de10759f,8141.1.4,"maskinoperatør, gummiskjæring",0.0
Occupation,http://data.europa.eu/esco/occupation/df433613-4856-4e50-9be5-7a0ec0f4260a,8141.1.5,"maskinoperatør, gummidypping",0.0555555555555555
Occupation,http://data.europa.eu/esco/occupation/0fc6c577-7d5d-4bcd-8ce8-4a4114d6a809,8141.1.6,"industrioperatør, produksjon av kileremme",0.0
Occupation,http://data.europa.eu/esco/occupation/2430774f-d92a-40e4-817d-d03dd5a33207,8141.1.7,"maskinoperatør, dekkproduksjon",0.0416666666666666
Occupation,http://data.europa.eu/esco/occupation/121bd198-af39-4fac-8249-b384910f7bd7,8141.1.8,vulkanisør,0.0769230769230769
Occupation,http://data.europa.eu/esco/occupation/e80cee57-3672-4aaf-8ca7-53b90771c364,8141.1.9.1,"maskinoperatør, tildekning av kilerem",0.0
Occupation,http://data.europa.eu/esco/occupation/6ccb925a-264a-4e00-aa3a-503e53c5db2b,8141.1.9.2,kileremarbeider,0.0
Occupation,http://data.europa.eu/esco/occupation/8edc768c-0bc6-4d65-b559-50f9fb2cc93f,8141.1.9,kileremmontør,0.0
Occupation,http://data.europa.eu/esco/occupation/b0c6f284-f3ed-4820-a62e-4e87869f5a3e,8141.1,"maskinoperatør, gummiproduksjon",0.0512820512820512
ISCO level 4,http://data.europa.eu/esco/isco/C8141,8141,Operatører innen produksjon av gummiprodukter,0.022952279202279185
Occupation,http://data.europa.eu/esco/occupation/8b98dbc3-11f7-4720-86de-dcecee368be1,8142.1,"maskinoperatør, formblåsing",0.0606060606060606
Occupation,http://data.europa.eu/esco/occupation/96514fed-b9a9-4df3-ab0b-20676369297d,8142.2,"operatør, plastpresse",0.0
Occupation,http://data.europa.eu/esco/occupation/ec238461-93b6-4516-a251-52d1153b53ac,8142.3,"maskinoperatør, formpresse",0.0256410256410256
Occupation,http://data.europa.eu/esco/occupation/25f45b01-550c-4d17-b69e-7c5ba57c4218,8142.4,glassfiberlaminerer,0.0
Occupation,http://data.europa.eu/esco/occupation/772e57c5-fb25-4b0c-8cc8-f8944a9edfbc,8142.5,"maskinoperatør, glassfiberproduksjon",0.0256410256410256
Occupation,http://data.europa.eu/esco/occupation/88b21b2f-350c-4f41-9680-a53f8ea708ed,8142.6,"maskinoperatør, filamentvikling",0.032258064516129
Occupation,http://data.europa.eu/esco/occupation/a4ab8347-782f-4ca1-940d-44ffea256ebf,8142.7.1,"operatør av støpemaskin, optisk disklesing",0.0
Occupation,http://data.europa.eu/esco/occupation/502fe307-ae65-46cb-a485-e559b9a35266,8142.7,operatør av sprøytestøpemaskin,0.0238095238095238
Occupation,http://data.europa.eu/esco/occupation/4a30b421-2fda-42d6-b7e1-1c31753f061d,8142.8,"prosessoperatør, opprulling av isoleringsrør",0.0
Occupation,http://data.europa.eu/esco/occupation/84d45916-eef7-4c58-a73c-3639c9965014,8142.9,"maskinoperatør, plastmøbler",0.0
Occupation,http://data.europa.eu/esco/occupation/4a5ceaae-0f05-4091-bdbf-59f250ce6374,8142.10,"utstyrsoperatør, varmebehandling av plast",0.0
Occupation,http://data.europa.eu/esco/occupation/8ba8acb8-c0f2-4679-ae15-3a4f6e876c6f,8142.11,"maskinoperatør, produksjon av plastruller",0.0
Occupation,http://data.europa.eu/esco/occupation/c22724a3-079c-4897-bd92-d99e068b6ffc,8142.12,"maskinoperatør, profiltrekking",0.0344827586206896
Occupation,http://data.europa.eu/esco/occupation/ae3f1edd-d191-4a8d-8dfc-099dcdc6f1e8,8142.13,"maskinoperatør, produksjon av vinylplater",0.0
Occupation,http://data.europa.eu/esco/occupation/6e18b923-7c5f-42d7-8ff0-de8d8ba30dbf,8142.14,"maskinoperatør, vakuumforming",0.032258064516129
ISCO level 4,http://data.europa.eu/esco/isco/C8142,8142,Operatører innen plastprodukter,0.01564643489003888
Occupation,http://data.europa.eu/esco/occupation/c706886d-5bc7-4430-9a72-051fc483235f,8143.1,"maskinoperatør, produksjon av absorberende materiale",0.0
Occupation,http://data.europa.eu/esco/occupation/eb5df714-15ce-4e31-853c-678d2aba568b,8143.2,operatør av bølgepappmaskin,0.0263157894736842
Occupation,http://data.europa.eu/esco/occupation/65b88636-2ebb-4049-b509-2f6da5d6ea1c,8143.3,"maskinoperatør, konvoluttproduksjon",0.0285714285714285
Occupation,http://data.europa.eu/esco/occupation/73270b73-8c71-445f-a8d3-4647b1ae38d0,8143.4,"maskinoperatør, produksjon av papirposer",0.0
Occupation,http://data.europa.eu/esco/occupation/fc9a86ec-7ad5-4ccb-a08f-1e369197e14a,8143.5,montør av kartongprodukter,0.0606060606060606
Occupation,http://data.europa.eu/esco/occupation/27f92adf-1384-4c01-8ad0-1680ead6abf9,8143.6,"maskinoperatør, papirskjæring",0.0285714285714285
Occupation,http://data.europa.eu/esco/occupation/0ab77768-9031-4ccc-9ab8-1f73cbb36bc7,8143.7,"maskinoperatør, produksjon av mykpapir",0.025
Occupation,http://data.europa.eu/esco/occupation/71a98a24-e02b-4ba6-b4df-6556d7ae98cc,8143.8,"maskinoperatør, papirvarer",0.0256410256410256
ISCO level 4,http://data.europa.eu/esco/isco/C8143,8143,Operatører innen papirprodukter,0.024338216607953427
ISCO level 3,http://data.europa.eu/esco/isco/C815,815,Operatører innen bearbeiding og produksjon av tekstiler,0.024896945776548246
Occupation,http://data.europa.eu/esco/occupation/d87b1c64-eed1-404c-87de-f9f81c85fbde,8151.1,"maskinoperatør, bomullrensing",0.0
Occupation,http://data.europa.eu/esco/occupation/35291723-dc32-4a7f-a9f0-39c0e5fd96dd,8151.2.1,"maskinoperatør, spinning av kunstfiber",0.0
Occupation,http://data.europa.eu/esco/occupation/107865e2-ba60-4e4f-b57d-4dd5064f517f,8151.2.2,operatør av tvinnemaskin,0.0
Occupation,http://data.europa.eu/esco/occupation/48cff102-9fe2-4e0f-8156-88fd8a686e6c,8151.2.3,garnspinner,0.0
Occupation,http://data.europa.eu/esco/occupation/59bbece0-d1dc-4f4a-845e-1523f68afb2d,8151.2,"maskinoperatør, spinning",0.0
Occupation,http://data.europa.eu/esco/occupation/06461fc3-1274-40a1-9322-dfc2753f5eea,8151.3,spinneoperatører,0.0
Occupation,http://data.europa.eu/esco/occupation/4c86c7c1-0839-456e-856f-65396d1f39d7,8151.4,"maskinoperatør, garnspoling",0.032258064516129
ISCO level 4,http://data.europa.eu/esco/isco/C8151,8151,Spinne- og nøstemaskinoperatører,0.004608294930875571
Occupation,http://data.europa.eu/esco/occupation/ab104661-db96-4752-8c84-97d98f6e8969,8152.1.1,"tilsynsperson, strikkemaskin",0.0
Occupation,http://data.europa.eu/esco/occupation/18b00c9e-3a07-4346-bb86-b1577554cf56,8152.1.2,"tekniker, tekstilstrikking",0.0
Occupation,http://data.europa.eu/esco/occupation/6da80214-d360-49ec-b1e7-172ab0a0cb0c,8152.1,"maskinoperatør, strikking",0.0
Occupation,http://data.europa.eu/esco/occupation/2b136e51-154b-4cb2-8130-f73228f14b11,8152.2,"maskinoperatør, tekstilproduksjon",0.0
Occupation,http://data.europa.eu/esco/occupation/3417aab3-8b87-4c3b-bee6-be03fe05be2b,8152.3.1,"maskinoperatør, teppeknytting",0.0
Occupation,http://data.europa.eu/esco/occupation/5d0e1510-7248-4eca-abe4-13de830d1614,8152.3.2,operatør av vevemaskin,0.0
Occupation,http://data.europa.eu/esco/occupation/a273ec4c-96fd-48e5-9343-695a6bd08512,8152.3.3,"tekniker, tekstilveving",0.0
Occupation,http://data.europa.eu/esco/occupation/939e05ea-2589-4e3c-a501-eea2bdd6864a,8152.3,"maskinoperatør, vevemaskin",0.0
ISCO level 4,http://data.europa.eu/esco/isco/C8152,8152,Operatører innen tekstilproduksjon mv.,0.0
Occupation,http://data.europa.eu/esco/occupation/db55bf08-3ad3-4bf6-bf59-7f9f426a6de5,8153.1.1,"maskinoperatør, omsying av klesplagg",0.0333333333333333
Occupation,http://data.europa.eu/esco/occupation/bda98f02-4f92-4015-a0c8-b86b8abc711a,8153.1.2,"maskinoperatør, prøvesying av klesplagg",0.0294117647058823
Occupation,http://data.europa.eu/esco/occupation/ed096599-56a9-443d-9683-8a92f58aa894,8153.1.3,operatør av broderimaskin,0.0
Occupation,http://data.europa.eu/esco/occupation/53d55c80-6a82-4187-b59f-b737aa4cdaab,8153.1.4,"maskinoperatør, sying av lærvarer",0.0588235294117647
Occupation,http://data.europa.eu/esco/occupation/029a5b78-4d1c-4cf9-a2d2-bb8d8729b8a3,8153.1.5,produsent av vernetøy,0.0
Occupation,http://data.europa.eu/esco/occupation/7d4266b3-2108-4330-b27b-430a96012c21,8153.1,industrisyer,0.0
ISCO level 4,http://data.europa.eu/esco/isco/C8153,8153,Industrisyere,0.020261437908496716
Occupation,http://data.europa.eu/esco/occupation/1b8c2a8e-204e-4035-bf88-921564e6df2e,8154.1,"tekniker, trikotasje",0.0434782608695652
Occupation,http://data.europa.eu/esco/occupation/2229a024-21e4-43ef-b3fd-2444ab41bfb8,8154.2,"prosessoperatør, tekstilfarging",0.0
Occupation,http://data.europa.eu/esco/occupation/884beda8-d242-4fc3-a097-dc11098a7c3d,8154.3,operatør av tekstilfargemaskin,0.0588235294117647
Occupation,http://data.europa.eu/esco/occupation/f73e11e7-0eb8-4a46-b2e1-9e544c2f3652,8154.4,"maskinoperatør, ferdigbehandling av tekstiler",0.0833333333333333
ISCO level 4,http://data.europa.eu/esco/isco/C8154,8154,Operatører innen tekstilbearbeiding,0.0464087809036658
Occupation,http://data.europa.eu/esco/occupation/21a33619-1959-42e6-8478-64a930f7f225,8155.1.1,"prosessoperatør, fargeprøver",0.0344827586206896
Occupation,http://data.europa.eu/esco/occupation/7d99ed04-fda7-4f35-9f02-0db18078159c,8155.1.2,"maskinoperatør, etterbehandling av lær",0.0416666666666666
Occupation,http://data.europa.eu/esco/occupation/3da8ee8c-ab60-4feb-ab5b-3ba31ef9ec1f,8155.1,"maskinoperatør, lærproduksjon",0.0625
ISCO level 4,http://data.europa.eu/esco/isco/C8155,8155,Operatører innen pels,0.04621647509578539
Occupation,http://data.europa.eu/esco/occupation/2082e125-d06b-43e6-957f-b7aa3c48dc2f,8156.1,operatør av automatiske skjæremaskiner,0.0869565217391304
Occupation,http://data.europa.eu/esco/occupation/16ad07cd-2fd2-4f93-b442-89918c10bbbf,8156.2.1,"operatør av skjæremaskin, skotøy",0.0606060606060606
Occupation,http://data.europa.eu/esco/occupation/e614861b-4685-4699-a12d-965cdd65ec64,8156.2.2,"vedlikeholdstekniker, skotøy",0.074074074074074
Occupation,http://data.europa.eu/esco/occupation/6e102a30-2c0a-4a31-aee3-ae7b1fac5466,8156.2.3,"maskinoperatør, sying av skotøy",0.117647058823529
Occupation,http://data.europa.eu/esco/occupation/16d7bae5-503e-4e19-bc8b-619c9bcf5c4f,8156.2.4,"operatør, lestmaskin",0.0454545454545454
Occupation,http://data.europa.eu/esco/occupation/f9116001-8cf5-453c-af51-3adaef7841ef,8156.2.5,"lestmaskinoperatør, forarbeid",0.0526315789473684
Occupation,http://data.europa.eu/esco/occupation/4a246568-007e-46a8-a151-b98082ed6b50,8156.2.6,"operatør, hæl- og sålemaskin",0.0555555555555555
Occupation,http://data.europa.eu/esco/occupation/1b4e795d-6e49-4b7b-bb34-585edfd6eb18,8156.2,"maskinoperatør, skoproduksjon",0.027027027027027
Occupation,http://data.europa.eu/esco/occupation/f31e25d0-8794-4f88-ac07-a229199c6f0f,8156.3.1,"vedlikeholdstekniker, lærvarer",0.0555555555555555
Occupation,http://data.europa.eu/esco/occupation/3e0b4b9b-b624-4ceb-9bc9-9627cdfb0b81,8156.3,"maskinoperatør, lærvarer",0.0333333333333333
Occupation,http://data.europa.eu/esco/occupation/53c0086b-9b54-4c29-8bba-69ce8256cb91,8156.4,"stikkmaskinoperatør, forarbeid",0.105263157894736
ISCO level 4,http://data.europa.eu/esco/isco/C8156,8156,Operatører innen skinn og lærprodukter,0.06491858809190137
Occupation,http://data.europa.eu/esco/occupation/3d924c0d-ffee-4f11-adc7-c2bfb76fcf73,8157.1.1,"vaskeriarbeider, stryking",0.0
Occupation,http://data.europa.eu/esco/occupation/0da51178-e386-4534-ae71-15ba789ad756,8157.1,vaskeriarbeider,0.0
Occupation,http://data.europa.eu/esco/occupation/dfb93ddb-ce34-4d2e-a178-541d45a7d98b,8157.2,tilsynsførende på vaskeri,0.0
ISCO level 4,http://data.europa.eu/esco/isco/C8157,8157,Renseri- og vaskerimaskinoperatører,0.0
Occupation,http://data.europa.eu/esco/occupation/15502187-a1da-407a-843b-ce991d5f65fe,8159.1,flettemaskinoperatør,0.0
Occupation,http://data.europa.eu/esco/occupation/28dbd459-d634-484a-92d7-e6f8dc1ec532,8159.2,"prosesstekniker, tekstilfletting",0.0
Occupation,http://data.europa.eu/esco/occupation/531e98aa-2a03-489d-b811-ebbb7389864a,8159.3,"prosessoperatør, fremstilling av lerretvarer",0.0
Occupation,http://data.europa.eu/esco/occupation/2c94916d-bd7d-4855-ab89-574d2c439a63,8159.4,"maskinoperatør, oppmåling av lær",0.0526315789473684
Occupation,http://data.europa.eu/esco/occupation/cf74a14f-f1fe-4008-a935-5c173f246655,8159.5,"maskinoperatør, madrassproduksjon",0.0
Occupation,http://data.europa.eu/esco/occupation/6f9398cc-c4cc-415e-a757-fd855f55fda2,8159.6,"maskinoperatør, produksjon av stapelfiber",0.0
Occupation,http://data.europa.eu/esco/occupation/f4c997b5-f9e0-4419-b8e7-8e5e2cffc73e,8159.7,"tekniker, produksjon av fiberstoff",0.0
Occupation,http://data.europa.eu/esco/occupation/0a9eb24a-13e7-4847-8f6e-a776771ac96b,8159.8,"maskinoperatør, produksjon av tekstilmønstre",0.0
ISCO level 4,http://data.europa.eu/esco/isco/C8159,8159,Andre operatører innen produksjon av tekstiler,0.00657894736842105
ISCO level 3,http://data.europa.eu/esco/isco/C816,816,Operatører innen næringsmiddelproduksjon,0.050914086912225674
Occupation,http://data.europa.eu/esco/occupation/b91034a0-1d3e-40e4-aced-07052ee0f9e9,8160.1,maskinoperatør for dyremating,0.171428571428571
Occupation,http://data.europa.eu/esco/occupation/5d9e63a2-8013-434e-9f92-3b3d54a0c320,8160.2,"maskinoperatør, bakeri",0.0476190476190476
Occupation,http://data.europa.eu/esco/occupation/7dbb116c-a4e7-41e8-9f28-c8a738d93e28,8160.3,"maskintekniker, filtrering av drikke",0.0512820512820512
Occupation,http://data.europa.eu/esco/occupation/706e8b26-befb-429b-b71d-f72fad1bae12,8160.4,forvellingsmedarbeider,0.0526315789473684
Occupation,http://data.europa.eu/esco/occupation/64c180d0-029b-4dc7-b582-77899d171186,8160.5,"blandemedarbider, leskedrikk",0.0
Occupation,http://data.europa.eu/esco/occupation/1214a616-aaa5-4140-b82e-2cc5028b0fa4,8160.6,"maskinoperatør, oljeblanding",0.1
Occupation,http://data.europa.eu/esco/occupation/1e3c569b-e7ef-46b4-943a-2768a9969961,8160.7,operatør ved bryggeri,0.0408163265306122
Occupation,http://data.europa.eu/esco/occupation/f6f1a9c5-a956-4a10-98ad-b83525e843fb,8160.8,ansvarlig for påfylling i tanker,0.0
Occupation,http://data.europa.eu/esco/occupation/6725a5bb-b79d-4128-9494-089389ae2a48,8160.9,kakaobønnerøster,0.0606060606060606
Occupation,http://data.europa.eu/esco/occupation/5520bfd0-49d3-47e5-abe0-d72354711bc0,8160.10,"maskinoperatør, kakaobønnerenser",0.037037037037037
Occupation,http://data.europa.eu/esco/occupation/0fdc5efb-d38e-4019-bede-0ce55404549d,8160.11,operatør av godterimaskin,0.0285714285714285
Occupation,http://data.europa.eu/esco/occupation/6e11692c-fc72-4ef4-8bcf-6bd19a6b0ea3,8160.12,"operatør, karboneringsprosess",0.074074074074074
Occupation,http://data.europa.eu/esco/occupation/3caa57c9-d360-4ce4-8000-34a983666ba7,8160.13,bryggeriarbeider,0.0769230769230769
Occupation,http://data.europa.eu/esco/occupation/28d82e8d-7379-4245-a5a0-c5a68864a528,8160.14,sentrifugeoperatør,0.075
Occupation,http://data.europa.eu/esco/occupation/2a2da883-8af5-4b98-832e-00e6681b22c3,8160.15,"maskinoperatør, ferdigretter",0.0
Occupation,http://data.europa.eu/esco/occupation/d41ff08f-1ba9-4e39-b9b5-ad6bfe8f9611,8160.16,"maskinoperatør, sjokoladestøping",0.0344827586206896
Occupation,http://data.europa.eu/esco/occupation/e3713dd7-572d-4c6c-87ec-1944b3572175,8160.17,"prosessoperatør, cidergjæring",0.0357142857142857
Occupation,http://data.europa.eu/esco/occupation/ecfcf554-254f-4dd7-a20c-b60cc6b16054,8160.18,sigarettmaskinfører,0.015625
Occupation,http://data.europa.eu/esco/occupation/62f53135-e091-4aa6-8895-5851d72271b9,8160.19,operatør av oljeklaringsutstyr,0.09375
Occupation,http://data.europa.eu/esco/occupation/e0b347de-f88b-4f69-b7d0-0a965e41f0d5,8160.20,"kvernoperatør, kakaobønner",0.0333333333333333
Occupation,http://data.europa.eu/esco/occupation/34b63359-faad-4d6a-9d4d-98c2c15b9fac,8160.21,operatør av kakaopresse,0.0714285714285714
Occupation,http://data.europa.eu/esco/occupation/0458929a-f6c9-40ed-8ce3-caa9f03a6b5b,8160.22,operatør av kaffekvern,0.074074074074074
Occupation,http://data.europa.eu/esco/occupation/36b11444-8634-4194-b679-ed302acdfb22,8160.23,kafferøster,0.064516129032258
Occupation,http://data.europa.eu/esco/occupation/9aeefea6-11c3-4479-b703-902ee84787d7,8160.24,"produksjonsoperatør, meieri",0.037037037037037
Occupation,http://data.europa.eu/esco/occupation/87cb6ef5-fa94-4af4-9511-6fe64c463835,8160.25,"produksjonsmedarbeider, melkebaserte produkter",0.0188679245283018
Occupation,http://data.europa.eu/esco/occupation/7cd070f5-b5dd-4228-bdcf-0419dbacfcf4,8160.26,"mølleoperatør, brenneri",0.05
Occupation,http://data.europa.eu/esco/occupation/9757122b-1161-4f4a-8286-a603d4ad7012,8160.27,destilleriarbeider,0.04
Occupation,http://data.europa.eu/esco/occupation/804f1ae2-429c-48a9-9858-d5d42df144eb,8160.28,"maskinoperatør, tørking av matvarer",0.0232558139534883
Occupation,http://data.europa.eu/esco/occupation/78ddc0cc-166e-437e-9c41-48aa0a6c6f93,8160.29,operatør av krydderblandemaskin,0.0
Occupation,http://data.europa.eu/esco/occupation/9ae8251e-cb8e-4324-9d77-d967d43e6b46,8160.30,"operatør, fettrensing",0.0588235294117647
Occupation,http://data.europa.eu/esco/occupation/709170ae-2b9a-4e7a-8201-260da7211898,8160.31,"operatør, hermetisering av fisk",0.1
Occupation,http://data.europa.eu/esco/occupation/83de6811-975d-4f7c-b81e-604c0c17e800,8160.32,medarbeider ved fiskeproduksjon,0.0612244897959183
Occupation,http://data.europa.eu/esco/occupation/f53dbdb1-2f64-42f8-a6a4-0552c40e4f57,8160.33,"maskinoperatør, blanding/sikting av mel",0.0714285714285714
Occupation,http://data.europa.eu/esco/occupation/e3dc66de-99c7-4607-a82b-7244036d316d,8160.34,"prosessoperatør, matproduksjon",0.142857142857142
Occupation,http://data.europa.eu/esco/occupation/7235d075-ecf6-42ba-8a60-d7e79bbce152,8160.35,operatør av fruktpresse,0.0666666666666666
Occupation,http://data.europa.eu/esco/occupation/defc8417-eeb6-4f13-8fcd-6518b99a40f4,8160.36,"maskinoperatør, prosessering av frukt og grønnsaker",0.0833333333333333
Occupation,http://data.europa.eu/esco/occupation/ab9e06c8-e0fc-4c1b-afa2-61421592f1a5,8160.37,operatør av spiretank for bygg,0.03125
Occupation,http://data.europa.eu/esco/occupation/67f12d6c-295f-4315-8c5c-8e477c7f7019,8160.38,"maskinoperatør, honningproduksjon",0.0
Occupation,http://data.europa.eu/esco/occupation/0085f271-5999-4d42-b879-75c3b4269883,8160.39,"maskinoperatør, hydrogenering",0.073170731707317
Occupation,http://data.europa.eu/esco/occupation/3b46ee4d-a220-4c83-ad90-937456596889,8160.40,"kjeleoperatør, tyggegummiproduksjon",0.0526315789473684
Occupation,http://data.europa.eu/esco/occupation/f4e0016b-29fa-48ac-b98d-364c658f8aed,8160.41,spritblander,0.0333333333333333
Occupation,http://data.europa.eu/esco/occupation/e0c5e005-6303-4d5a-9125-a7f86ed1c4df,8160.42,"kvernoperatør, flytende kakaomasse",0.0
Occupation,http://data.europa.eu/esco/occupation/7309ab2d-e2ba-4ccb-b658-6b0a8bd8c4eb,8160.43,operatør av tørkeovn for malt,0.073170731707317
Occupation,http://data.europa.eu/esco/occupation/b69d9b94-a40c-434d-af8f-e584257314f6,8160.44,"prosessoperatør, varmebehandling av melk",0.025
Occupation,http://data.europa.eu/esco/occupation/db25e659-d77c-4f4a-a8a2-ee199d060345,8160.45,møller,0.048780487804878
Occupation,http://data.europa.eu/esco/occupation/0090dd54-057a-4f65-bbe8-f74c4999e8e8,8160.46,"operatør, pastatilvirkning",0.0416666666666666
Occupation,http://data.europa.eu/esco/occupation/84dfc210-db07-4a83-87fe-d6131907ea83,8160.47,ansvarlig for bearbeidede kjøttprodukter,0.0461538461538461
Occupation,http://data.europa.eu/esco/occupation/ed41ca50-bb2a-41e2-a332-9b2df83040c1,8160.48,"maskinoperatør, oljeraffinering",0.0476190476190476
Occupation,http://data.europa.eu/esco/occupation/16ec2281-b0b3-4cde-9888-2cb6cc492c25,8160.49,"maskinoperatør, produksjon av saus",0.0256410256410256
Occupation,http://data.europa.eu/esco/occupation/375a4d32-0950-45db-9d85-3fc2a86f1d85,8160.50,"maskinoperatør, omdanning av stivelse",0.0285714285714285
Occupation,http://data.europa.eu/esco/occupation/9161b2df-624c-4f5e-ad6c-0392439fa5c3,8160.51,"maskinoperatør, uttrekking av stivelse",0.0571428571428571
Occupation,http://data.europa.eu/esco/occupation/3256e283-0892-4330-b9f2-6dc4aa4bd86b,8160.52,operatør ved sukkerraffineri,0.064516129032258
Occupation,http://data.europa.eu/esco/occupation/ca2da084-3bfa-47d8-84ba-ef890191708d,8160.53,vermutprodusent,0.074074074074074
Occupation,http://data.europa.eu/esco/occupation/b997a091-23b3-4f87-a6bc-bdbea2f609ae,8160.54,vinfermenterer,0.0416666666666666
Occupation,http://data.europa.eu/esco/occupation/beacd3d6-e414-42ea-baf9-3ddc34fc143a,8160.55,destillatør,0.0434782608695652
ISCO level 4,http://data.europa.eu/esco/isco/C8160,8160,Operatører innen næringsmiddelproduksjon,0.050914086912225674
ISCO level 3,http://data.europa.eu/esco/isco/C817,817,Operatører innen treforedling og trelast,0.04680097235478809
Occupation,http://data.europa.eu/esco/occupation/41535a7d-f2ed-4937-9b7e-3b14c8c755b3,8171.1,"maskinoperatør, bleking av papirmasse",0.09375
Occupation,http://data.europa.eu/esco/occupation/c32155d3-9ac5-4e44-8e8b-25c47ad31c38,8171.2,operatør av cellulosekoker,0.081081081081081
Occupation,http://data.europa.eu/esco/occupation/728b9e5b-3da4-4dbd-ac36-614ebdb6c8c0,8171.3,"prosessoperatør, fargefjerning av papir",0.138888888888888
Occupation,http://data.europa.eu/esco/occupation/8f654b67-89f8-4669-8c9c-a4875bf22699,8171.4,"maskinoperatør, laminering",0.0
Occupation,http://data.europa.eu/esco/occupation/4b6a55a8-8ec9-4ae2-9f62-ebcea1fa93d0,8171.5,"maskinoperatør, papirproduksjon",0.088235294117647
Occupation,http://data.europa.eu/esco/occupation/3723d7a6-7e65-4735-8235-cb01fb661b2f,8171.6,"maskinoperatør, forming av papirmasse",0.0555555555555555
Occupation,http://data.europa.eu/esco/occupation/bb131b09-5fdf-4f4f-a76c-402c69cd090a,8171.8,"tekniker, celluloseproduksjon",0.0588235294117647
Occupation,http://data.europa.eu/esco/occupation/8870032b-9be3-4fd4-b9fb-1d8d9de33c5f,8171.9,"prosessoperatør, fjerning av papirtrykkfarge",0.162162162162162
ISCO level 4,http://data.europa.eu/esco/isco/C8171,8171,Operatører innen treforedling,0.08481206390213727
Occupation,http://data.europa.eu/esco/occupation/976c739f-fec7-45c2-b12e-e1b496aa816b,8172.1,operatør av flismaskin,0.0263157894736842
Occupation,http://data.europa.eu/esco/occupation/bd378c4e-f656-46af-a728-fcfb40b113ef,8172.2,operatør av kappsag,0.0
Occupation,http://data.europa.eu/esco/occupation/5e5522c5-4b09-4586-a8f0-3b6d66d99969,8172.3,operatør av avbarkingsmaskin,0.024390243902439
Occupation,http://data.europa.eu/esco/occupation/c0eb9240-4f70-4393-bdf0-723ce7fdbd36,8172.4,"maskinoperatør, treplater",0.027027027027027
Occupation,http://data.europa.eu/esco/occupation/a945757e-e171-46a9-847a-13cf04f7cd27,8172.5.1,operatør av båndsag,0.0222222222222222
Occupation,http://data.europa.eu/esco/occupation/431f0055-43ca-406c-99f0-fb10a73d684e,8172.5.2,"maskinoperatør, planhøvel",0.0212765957446808
Occupation,http://data.europa.eu/esco/occupation/05ae3e87-36ad-428f-a086-8a2ed458db3b,8172.5.3,"maskinoperatør, bordsag",0.0208333333333333
Occupation,http://data.europa.eu/esco/occupation/218e30f0-bd6c-4120-99ba-9a90665a314f,8172.5.4,operatør av finerskjæremaskin,0.0256410256410256
Occupation,http://data.europa.eu/esco/occupation/d63b95e6-cf44-479e-bea2-e93498d171d0,8172.5.5,operatør av overfres,0.0217391304347826
Occupation,http://data.europa.eu/esco/occupation/865adac9-9bb7-4680-a13d-62b2942974ac,8172.5,"leder, sagbruk",0.0212765957446808
Occupation,http://data.europa.eu/esco/occupation/7109cdfd-1618-43b6-8317-8dc90fa583e6,8172.6,operatør av pelletpresse,0.0
ISCO level 4,http://data.europa.eu/esco/isco/C8172,8172,Operatører innen trelastproduksjon,0.019156542138534138
ISCO level 3,http://data.europa.eu/esco/isco/C818,818,Operatører av andre stasjonære maskiner,0.05775032185448479
Occupation,http://data.europa.eu/esco/occupation/43c86ca8-7357-4e8e-9a1c-bae427f61c5e,8181.1,"maskinoperatør, keramikkpresse",0.0
Occupation,http://data.europa.eu/esco/occupation/b6a62e85-5ffe-41aa-8f2a-9959365dfe85,8181.2,"maskinoperatør, støping av murstein og teglstein",0.0
Occupation,http://data.europa.eu/esco/occupation/88c56310-14bc-4956-8450-ce0e178ae847,8181.3.1,"prosessoperatør, tørking av leireprodukter",0.2
Occupation,http://data.europa.eu/esco/occupation/2ecbed9c-0143-4cc9-b047-d1746aeec206,8181.3.2,"operatør, tunnelovn",0.0666666666666666
Occupation,http://data.europa.eu/esco/occupation/6837611a-7093-40fb-9e7f-74947bf6f54f,8181.3,operatør av leirovn,0.03225806451612903
Occupation,http://data.europa.eu/esco/occupation/49f1e9aa-189b-4417-afaa-373cc4ffeea1,8181.4,operatør av glassmelteovn,0.0625
Occupation,http://data.europa.eu/esco/occupation/d4fdb8cb-8928-4047-8166-5feedc3c1a98,8181.5,"operatør, tørrpresse",0.0588235294117647
Occupation,http://data.europa.eu/esco/occupation/ac401ec0-7ce0-423f-b8b5-167da9e046a7,8181.6,fibermaskinoperatør,0.0
Occupation,http://data.europa.eu/esco/occupation/9980a417-f990-495a-ae11-66a112737f3b,8181.7,operatør av herdeovn,0.0555555555555555
Occupation,http://data.europa.eu/esco/occupation/e19a0f13-da49-42cb-8b3a-27da8ce44c8c,8181.8,"maskinoperatør, glassforming",0.05
Occupation,http://data.europa.eu/esco/occupation/447cfc9c-c0bf-4553-8f47-91f7ce5e51bc,8181.9,glasspolerer,0.0294117647058823
Occupation,http://data.europa.eu/esco/occupation/5c4ba833-da16-4bd0-a4b2-c08a2eaf5884,8181.10,ovnspasser,0.125
ISCO level 4,http://data.europa.eu/esco/isco/C8181,8181,Operatører innen glass- og keramisk produksjon,0.05668463173799985
Occupation,http://data.europa.eu/esco/occupation/2cad9c6f-0289-4b26-b247-e65c0089f8f4,8182.1,kjeleoperatør,0.0869565217391304
Occupation,http://data.europa.eu/esco/occupation/737c1795-844b-43ad-95b2-1bf0e8c14ddf,8182.2,"operatør, dampanlegg",0.0357142857142857
ISCO level 4,http://data.europa.eu/esco/isco/C8182,8182,Fyrkjele- og turbinoperatører,0.06133540372670805
Occupation,http://data.europa.eu/esco/occupation/9388a977-6f79-4509-81aa-026bc49e1919,8183.1,"produksjonsmedarbeider, tapping og konservering",0.0833333333333333
Occupation,http://data.europa.eu/esco/occupation/17abb59e-a1f9-4ce8-88b7-569e5413dca9,8183.2,"maskinoperatør, sigarmerking",0.0294117647058823
Occupation,http://data.europa.eu/esco/occupation/59ee6b71-a48d-4940-bdf1-e806ca60245c,8183.3,"maskinoperatør, påfylling av gassbeholder",0.0869565217391304
Occupation,http://data.europa.eu/esco/occupation/d9e4581a-91b3-47f9-a2d5-70eb542caac5,8183.4,"maskinoperatør, sluttbehandling og pakking av skotøy",0.125
Occupation,http://data.europa.eu/esco/occupation/2be85651-c94a-4531-9df8-3cc56932960e,8183.5,"maskinoperatør, varmeforsegling",0.0
Occupation,http://data.europa.eu/esco/occupation/bf367464-950a-416c-98b1-52b9d571550e,8183.6,"operatør, pakking av lærvarer",0.0714285714285714
Occupation,http://data.europa.eu/esco/occupation/b0fa69b4-998c-4e66-acd3-5f5d73cadb5c,8183.7,"maskinoperatør, pakking og fylling",0.0625
ISCO level 4,http://data.europa.eu/esco/isco/C8183,8183,Pakke-,0.06551859874384534
Occupation,http://data.europa.eu/esco/occupation/48318e0f-b54b-4654-b296-47c8e544da23,8189.1,operatør av kantmaskin,0.0344827586206896
Occupation,http://data.europa.eu/esco/occupation/95a6ecd2-a140-4861-aad7-dcb8cfc1c9a3,8189.2,skjæremaskinoperatør,0.032258064516129
ISCO level 4,http://data.europa.eu/esco/isco/C8189,8189,Andre stasjonære maskinoperatører,0.033370411568409294
ISCO level 3,http://data.europa.eu/esco/isco/C821,821,Montører,0.018199382936112576
Occupation,http://data.europa.eu/esco/occupation/036dc42f-bd4d-4533-a3cc-fcd313227ce3,8211.1.1,montør av flymotor,0.0
Occupation,http://data.europa.eu/esco/occupation/ad7c76e8-af96-42af-99a5-d579f707758c,8211.1,flymontør,0.0
Occupation,http://data.europa.eu/esco/occupation/be0e6189-46a5-4b90-8622-2d1988efba1a,8211.2,montør av industrimaskiner,0.032258064516129
Occupation,http://data.europa.eu/esco/occupation/1a6d1acf-5956-4ba0-95bf-b15b05a02013,8211.3,montør av mekatronisk utstyr,0.0178571428571428
Occupation,http://data.europa.eu/esco/occupation/769159bd-2929-4d40-8aeb-a99a387a0829,8211.4,motorsykkelmontør,0.0
Occupation,http://data.europa.eu/esco/occupation/fa3fde92-f773-4381-9ae6-8e23d7334cd4,8211.5.1,karrosseribygger,0.0
Occupation,http://data.europa.eu/esco/occupation/c3cae318-8b15-4339-a617-1a66b9ff6609,8211.5.2,montør av kjøretøydeler,0.02
Occupation,http://data.europa.eu/esco/occupation/78625dd8-257b-483b-bca0-172dd9b02754,8211.5.3,montør av deler til motorkjøretøyer,0.025
Occupation,http://data.europa.eu/esco/occupation/ffc292f1-89e2-4406-8eff-39096c94e731,8211.5,montør av motorkjøretøyer,0.0175438596491228
Occupation,http://data.europa.eu/esco/occupation/839d738b-8b54-4408-868a-6d8af102d2de,8211.6,montør av rullende materiell,0.0
Occupation,http://data.europa.eu/esco/occupation/88a34087-311e-497e-ad81-a6843b9b461e,8211.7,montør av fartøymotor,0.101694915254237
ISCO level 4,http://data.europa.eu/esco/isco/C8211,8211,Montører av mekaniske produkter,0.019486725661511963
Occupation,http://data.europa.eu/esco/occupation/17c02096-05d6-4a5a-ba93-9f22d68df0d3,8212.1,montør av tannlegeinstrumenter,0.0212765957446808
Occupation,http://data.europa.eu/esco/occupation/c44a118d-18c1-46ac-985f-3e802a064b73,8212.2.1,kontrollpanelmontør,0.0178571428571428
Occupation,http://data.europa.eu/esco/occupation/f5ba8fb4-1387-459a-9b22-59feb891e229,8212.2.2,kabelmontør,0.0204081632653061
Occupation,http://data.europa.eu/esco/occupation/cb8be514-9388-4ef0-a58d-cff496747610,8212.2.3,ledningsmontør,0.04
Occupation,http://data.europa.eu/esco/occupation/3e524c3e-3ee8-47dd-8463-2c2a41b548bf,8212.2,"montør, elektrisk utstyr",0.0545454545454545
Occupation,http://data.europa.eu/esco/occupation/718bba63-75b7-4b3a-9912-e201b729fe4c,8212.3.1,batterimontør,0.06
Occupation,http://data.europa.eu/esco/occupation/d44c5eb0-fc6c-4f4a-9850-f2f29aaac505,8212.3.2,montør av elektromekanisk utstyr,0.0
Occupation,http://data.europa.eu/esco/occupation/f889dcbd-d058-4177-927f-5fe59d044fa6,8212.3.3,"musikkinstrumentmaker, elektroniske instrumenter",0.03125
Occupation,http://data.europa.eu/esco/occupation/a7c1431b-a27c-4ab5-ace2-3f8753b481da,8212.3.4,montør av fotoutstyr,0.0
Occupation,http://data.europa.eu/esco/occupation/da00cd76-22fe-450d-aefc-f4e4a3864171,8212.3.5,kretskortmontør,0.0208333333333333
Occupation,http://data.europa.eu/esco/occupation/140613c4-8c3c-43c5-8525-2f63231c95b0,8212.3.6,"tekniker, halvlederproduksjon",0.048780487804878
Occupation,http://data.europa.eu/esco/occupation/6565dc02-14e4-4819-b99c-44c352000f43,8212.3,montør av elektronisk utstyr,0.0129870129870129
Occupation,http://data.europa.eu/esco/occupation/52c25b47-c36e-49ff-92ce-8a8c5413fde6,8212.4,"maskinoperatør, SMT-maskiner",0.0277777777777777
Occupation,http://data.europa.eu/esco/occupation/31308b0c-a298-4802-a052-4020d22bad57,8212.5,"maskinoperatør, smeltelodding",0.0303030303030303
ISCO level 4,http://data.europa.eu/esco/isco/C8212,8212,Montører av elektriske og elektroniske produkter,0.027572785615615457
Occupation,http://data.europa.eu/esco/occupation/183d60f2-277f-47c8-a8c6-f5c8eedba2b0,8219.1,ammunisjonsarbeider,0.0
Occupation,http://data.europa.eu/esco/occupation/e2e3ecfa-a77b-49df-857e-09dee26e4198,8219.2,sykkelmontør,0.0
Occupation,http://data.europa.eu/esco/occupation/59207c91-eefa-4f26-baae-9ea215320ed0,8219.3,"montør, fyrverkeri",0.0
Occupation,http://data.europa.eu/esco/occupation/d7f3d76b-23e8-447e-93d5-da13ff9bc102,8219.4,møbelmontør,0.0
Occupation,http://data.europa.eu/esco/occupation/67b31696-9722-4b41-84d4-b25657266d59,8219.5,smykkemaker,0.0
Occupation,http://data.europa.eu/esco/occupation/24a170fc-be68-43a5-93f1-7a5c31c6062b,8219.6,"produksjonsarbeider, medisinsk utstyr",0.0
Occupation,http://data.europa.eu/esco/occupation/2231ed97-69dc-4b6e-93ee-8c0e5bb5dbb8,8219.7,"maskinoperatør, metallmøbler",0.0277777777777777
Occupation,http://data.europa.eu/esco/occupation/af2f3615-63ab-44dc-957d-c9660410d336,8219.8,"montør, metallprodukter",0.0
Occupation,http://data.europa.eu/esco/occupation/599f34f0-bdf7-49e3-b5a9-f5d55f9e6873,8219.9,montør av plastprodukter,0.027027027027027
Occupation,http://data.europa.eu/esco/occupation/73d3bee2-7c5e-4de2-8dd9-67241615dfd3,8219.10,"prosessoperatør, fremstilling av gummivarer",0.0
Occupation,http://data.europa.eu/esco/occupation/7eadbe33-d62e-4a82-8e3a-e89df5aefb2c,8219.11,montør av treprodukter,0.0
ISCO level 4,http://data.europa.eu/esco/isco/C8219,8219,Andre montører,0.004982254982254973
ISCO level 3,http://data.europa.eu/esco/isco/C831,831,Lokomotiv og T-baneførere mv.,0.0
Occupation,http://data.europa.eu/esco/occupation/81f6a814-1f4e-47d4-9c75-47977c7267ee,8311.1,lokfører,0.0
ISCO level 4,http://data.europa.eu/esco/isco/C8311,8311,Lokomotiv og T-baneførere,0.0
Occupation,http://data.europa.eu/esco/occupation/c92a4851-9418-4fb5-8201-c7e03cc2b6e2,8312.1,"signaloperatør, jernbaneoverganger",0.0
Occupation,http://data.europa.eu/esco/occupation/12f9c0e8-26f4-4f1d-bf04-b16a34d12798,8312.2,sporskifter,0.0
Occupation,http://data.europa.eu/esco/occupation/5a16dff6-ca31-4a39-85dd-4b5aa0f45419,8312.3,skiftelokfører,0.0
Occupation,http://data.europa.eu/esco/occupation/a2fa73d0-7e51-456f-95c6-90f126f52ab8,8312.4,togsignalkontrollør,0.0
Occupation,http://data.europa.eu/esco/occupation/219e7fdd-5889-4517-9e86-620a12d535aa,8312.5,togklargjører,0.0
ISCO level 4,http://data.europa.eu/esco/isco/C8312,8312,Skiftekonduktører mv,0.0
ISCO level 3,http://data.europa.eu/esco/isco/C832,832,Bil-,0.011354880705669788
Occupation,http://data.europa.eu/esco/occupation/b5f6bb2c-0602-484d-a87f-9cac33f83010,8321.1,motorsykkelbud,0.037037037037037
ISCO level 4,http://data.europa.eu/esco/isco/C8321,8321,,0.037037037037037
Occupation,http://data.europa.eu/esco/occupation/8d4ce4a2-3453-4aa3-befb-7a24595cd68f,8322.1,fører av pansret kjøretøy,0.0
Occupation,http://data.europa.eu/esco/occupation/0c408028-c48f-4df8-ba5d-c3d3be15f5a2,8322.2,varetaxisjåfør,0.0294117647058823
Occupation,http://data.europa.eu/esco/occupation/af513bd8-4340-4452-aa30-05a073ecc49a,8322.3,fører av begravelsesbil,0.0
Occupation,http://data.europa.eu/esco/occupation/880a6cd1-2356-4994-8983-ac364763beaf,8322.4,parkeringsmedarbeider på hotell,0.0
Occupation,http://data.europa.eu/esco/occupation/976f752c-5f10-42ca-84fb-89aa529af04f,8322.5,"sjåfør, pasienttransport",0.0
Occupation,http://data.europa.eu/esco/occupation/e75305db-9011-4ee0-ab62-8d41a98f807e,8322.6,privatsjåfør,0.024390243902439
Occupation,http://data.europa.eu/esco/occupation/6f7c1e84-8162-4c20-a575-b57ff624eef5,8322.7,drosjesjåfør,0.0
ISCO level 4,http://data.europa.eu/esco/isco/C8322,8322,Bil-,0.007686001229760186
ISCO level 3,http://data.europa.eu/esco/isco/C833,833,Lastebil-,0.05384530095698256
Occupation,http://data.europa.eu/esco/occupation/3a15ec1b-9250-41a0-9344-feb2956481b7,8331.1.1,trolleybussjåfør,0.0
Occupation,http://data.europa.eu/esco/occupation/00cee175-1376-43fb-9f02-ba3d7a910a58,8331.1,bussjåfør,0.0277777777777777
Occupation,http://data.europa.eu/esco/occupation/03e02554-15d1-4697-960c-8909e7d36f7e,8331.2,trikkefører,0.0
ISCO level 4,http://data.europa.eu/esco/isco/C8331,8331,Bussjåfører og trikkeførere,0.009259259259259233
Occupation,http://data.europa.eu/esco/occupation/1e9e18cb-80b6-4598-acdb-ae3b51047720,8332.1,operatør av drivstoffsystemer til luftfartøyer,0.0
Occupation,http://data.europa.eu/esco/occupation/45037d43-a8f5-4f46-b332-b2935bc305f4,8332.2,lastebilsjåfør,0.0526315789473684
Occupation,http://data.europa.eu/esco/occupation/57a09d3f-e3d6-49ad-8c88-d879fc4d0870,8332.3,operatør av betonpumpe,0.027027027027027
Occupation,http://data.europa.eu/esco/occupation/c5d779f4-345b-4918-872b-a1cbaeb1d9be,8332.4,fører av kjøretøy med farlig gods,0.0
Occupation,http://data.europa.eu/esco/occupation/1bb2aa65-1524-4961-8dba-ad25f34f195f,8332.5,brannbilfører,0.0
Occupation,http://data.europa.eu/esco/occupation/952aa13c-731f-4add-98d1-66b59f70e607,8332.6,dyretransportsjåfør,0.048780487804878
Occupation,http://data.europa.eu/esco/occupation/a504e79e-f146-4773-a1cf-2b15b9d614db,8332.7,flyttebilsjåfør,0.0256410256410256
Occupation,http://data.europa.eu/esco/occupation/2480f8b0-4c02-4c66-84ad-2677c1548e03,8332.8,søppelkjører,0.464285714285714
Occupation,http://data.europa.eu/esco/occupation/5d4e374f-adfa-48bc-ba34-e51915484251,8332.9,bergingsbilsjåfør,0.0
ISCO level 4,http://data.europa.eu/esco/isco/C8332,8332,Lastebil- og trailersjåfører,0.06870731485622367
ISCO level 3,http://data.europa.eu/esco/isco/C834,834,Operatører av mobile maskiner mv.,0.05317763757088714
Occupation,http://data.europa.eu/esco/occupation/699057b7-7aeb-4b5c-bb90-01d935ff32c1,8341.1,"utstyrsoperatør, skogbruk",0.152173913043478
Occupation,http://data.europa.eu/esco/occupation/1b8c75a9-407b-4554-a7d6-df391672c6b1,8341.2,maskinfører innen landbruk,0.151515151515151
Occupation,http://data.europa.eu/esco/occupation/1765f9b2-8483-490d-8df6-6e39db30ad82,8341.3,inspektør for landbruksmaskiner,0.133333333333333
ISCO level 4,http://data.europa.eu/esco/isco/C8341,8341,Jordbruks- og skogbruksmaskinførere,0.14567413263065399
Occupation,http://data.europa.eu/esco/occupation/cae71f3f-ad4d-480e-b501-bff22827e60c,8342.1,bulldoserkjører,0.0571428571428571
Occupation,http://data.europa.eu/esco/occupation/47c27a07-4657-42b7-adee-d805902c1ff8,8342.2,muddermaskinfører,0.037037037037037
Occupation,http://data.europa.eu/esco/occupation/eedbf8b1-9432-4f42-ab7f-db5cd3eb2a05,8342.3,gravemaskinkjører,0.0526315789473684
Occupation,http://data.europa.eu/esco/occupation/426c8cca-31f7-4a88-af60-6f5365ab3a62,8342.4,operatør av veihøvel,0.064516129032258
Occupation,http://data.europa.eu/esco/occupation/b4f4b21e-7664-45ca-9697-9123cfd8c9ef,8342.5,operatør av påledriver,0.032258064516129
Occupation,http://data.europa.eu/esco/occupation/5f68c4c3-9d25-48e2-8efc-5471a80fb155,8342.6,veiarbeider,0.027027027027027
Occupation,http://data.europa.eu/esco/occupation/4370b117-d9ec-424c-80de-fd92ba740f65,8342.7,operatør av veivalse,0.0571428571428571
Occupation,http://data.europa.eu/esco/occupation/cb3c0f82-a79b-4518-ad1f-5463b3e74831,8342.8,veiskrapefører,0.0571428571428571
Occupation,http://data.europa.eu/esco/occupation/1bcc6461-4cc2-4732-a6d0-901687046443,8342.9,snømåker,0.1
Occupation,http://data.europa.eu/esco/occupation/b5b8c259-7557-4f5f-9f56-155b038946c1,8342.10,"operatør av tungt gruveutstyr, dagbrudd",0.0
ISCO level 4,http://data.europa.eu/esco/isco/C8342,8342,Anleggsmaskinførere,0.04848984079883907
Occupation,http://data.europa.eu/esco/occupation/8f9b20ff-86b3-478c-8054-73a220973d6f,8343.1,kabelbanekontrollør,0.0
Occupation,http://data.europa.eu/esco/occupation/dc90cee4-bf4a-4d62-b729-faf49e62643e,8343.2,"kranfører, container",0.0
Occupation,http://data.europa.eu/esco/occupation/1f2b8092-1787-4ef4-9282-cf81ce4b4d76,8343.3,mobilkranfører,0.027027027027027
Occupation,http://data.europa.eu/esco/occupation/1de948c1-192a-4810-afb7-48548217a912,8343.4,kranfører ved produksjonsanlegg,0.0
Occupation,http://data.europa.eu/esco/occupation/0ea5fdff-074c-4094-98b9-04432361e4d9,8343.5,tårnkranfører,0.037037037037037
ISCO level 4,http://data.europa.eu/esco/isco/C8343,8343,Kran- og heisførere mv.,0.012812812812812801
Occupation,http://data.europa.eu/esco/occupation/eeac6251-1974-42f5-91ed-513c6c883755,8344.1,gaffeltruckfører,0.024390243902439
ISCO level 4,http://data.europa.eu/esco/isco/C8344,8344,Truckførere,0.024390243902439
ISCO level 3,http://data.europa.eu/esco/isco/C835,835,Dekks- og maskinmannskap (skip),0.03167317083573239
Occupation,http://data.europa.eu/esco/occupation/2e46a2a3-4d33-469e-8d50-588cc17e6bed,8350.1,båtsmann,0.0833333333333333
Occupation,http://data.europa.eu/esco/occupation/ddb3e6a4-5bae-480a-a49a-748f93022892,8350.2,dekksgutt,0.0344827586206896
Occupation,http://data.europa.eu/esco/occupation/837502a6-57d9-4df4-903a-8a67dd53927f,8350.3,motormann,0.0
Occupation,http://data.europa.eu/esco/occupation/18dafd4f-8c37-4276-b4b3-cfa31059b2b6,8350.4,dekksarbeider på fiskebåt,0.0476190476190476
Occupation,http://data.europa.eu/esco/occupation/bd22a34c-1dc2-48df-a254-66e5d03dec12,8350.5,"matros, innlandsfart",0.0259740259740259
Occupation,http://data.europa.eu/esco/occupation/3a3fac9d-323e-4ba6-989b-0e1d44e113cc,8350.6,sjømann,0.0303030303030303
Occupation,http://data.europa.eu/esco/occupation/5684182e-7b4c-4eea-97d9-4c2b88b9f906,8350.7,lettmatros,0.0
ISCO level 4,http://data.europa.eu/esco/isco/C8350,8350,Dekks- og maskinmannskap (skip),0.03167317083573239
ISCO level 3,http://data.europa.eu/esco/isco/C911,911,Renholdere,0.051351244868055736
Occupation,http://data.europa.eu/esco/occupation/cbad55a4-c7cf-4ab6-9540-eac72b26729b,9111.1,"renholder, privathjem",0.0285714285714285
ISCO level 4,http://data.europa.eu/esco/isco/C9111,9111,Renholdere i private hjem,0.0285714285714285
Occupation,http://data.europa.eu/esco/occupation/69e4e877-9d7a-4df0-973b-34defd318e26,9112.1,"rengjøringsassistent, fly",0.0526315789473684
Occupation,http://data.europa.eu/esco/occupation/303a1e34-cb16-4054-b323-81e5eec17397,9112.2,kontorrengjører,0.0943396226415094
Occupation,http://data.europa.eu/esco/occupation/23be4cb6-c5e7-449e-8d76-8edfe9a00478,9112.3,møbelrenser,0.0384615384615384
Occupation,http://data.europa.eu/esco/occupation/731ecac4-06e8-4ec2-a559-101fecbd9183,9112.4,rengjøringsassistent ved hotell,0.0
Occupation,http://data.europa.eu/esco/occupation/1a8bda86-307e-4cc0-a945-ceb678ff1471,9112.5,toalettvakt,0.0454545454545454
Occupation,http://data.europa.eu/esco/occupation/cb932c74-c13b-47e9-9a85-318bd8eb2f96,9112.6,"rengjøringsassistent, tog",0.1
ISCO level 4,http://data.europa.eu/esco/isco/C9112,9112,Renholdere i virksomheter,0.0551478809174936
ISCO level 3,http://data.europa.eu/esco/isco/C912,912,Bilvaskere,0.044225737436944274
Occupation,http://data.europa.eu/esco/occupation/15ab8475-549d-48a7-9d4a-5bb310015312,9121.1,tøylagermedarbeider,0.0
Occupation,http://data.europa.eu/esco/occupation/2edd910a-e53e-44ee-b8c2-09e9f9d0395b,9121.2,klespresser,0.0
ISCO level 4,http://data.europa.eu/esco/isco/C9121,9121,,0.0
Occupation,http://data.europa.eu/esco/occupation/7cb71c5f-c310-481c-b46b-d0044328758c,9122.1,rengjører av kjøretøyer,0.0416666666666666
ISCO level 4,http://data.europa.eu/esco/isco/C9122,9122,Bilvaskere,0.0416666666666666
Occupation,http://data.europa.eu/esco/occupation/92cba6b4-8fca-49bb-b68c-45c5096fedc9,9123.1,vindusvasker,0.0571428571428571
ISCO level 4,http://data.europa.eu/esco/isco/C9123,9123,Vinduspussere,0.0571428571428571
Occupation,http://data.europa.eu/esco/occupation/f8438d21-c726-4534-8d7c-1c5aa9ef05ef,9129.1,tekstil- og tepperenser,0.027027027027027
Occupation,http://data.europa.eu/esco/occupation/1f31c047-3d72-45fe-83ff-91bd826913c6,9129.2,kloakkrenser,0.172413793103448
Occupation,http://data.europa.eu/esco/occupation/4779055b-f769-4c6d-8e0e-088bb74cfce9,9129.3,bademester,0.0
Occupation,http://data.europa.eu/esco/occupation/38eb308f-0075-451e-9c1a-c557fd173022,9129.4,rengjøringsassistent i fornøyelsespark,0.0555555555555555
ISCO level 4,http://data.europa.eu/esco/isco/C9129,9129,Andre rengjørere,0.06374909392150763
ISCO level 3,http://data.europa.eu/esco/isco/C921,921,Hjelpearbeidere i jordbruk,0.11374943663873563
Occupation,http://data.europa.eu/esco/occupation/373db468-bd25-4b67-a6e0-4ac79d9a9e85,9211.1,frukt- og grønnsaksplukker,0.0
Occupation,http://data.europa.eu/esco/occupation/e5e3ea36-4ed9-4c57-987c-9974385551a8,9211.2,vingårdsarbeider,0.208333333333333
ISCO level 4,http://data.europa.eu/esco/isco/C9211,9211,Hjelpearbeidere i nyttevekstproduksjon,0.1041666666666665
Occupation,http://data.europa.eu/esco/occupation/a1acd539-c359-4af3-8a4a-07f1b611e368,9212.1,fjærkrefanger,0.0
Occupation,http://data.europa.eu/esco/occupation/6630d23f-4c8e-4855-abb0-8ca1e72c74ba,9212.2,hestepasser,0.0
Occupation,http://data.europa.eu/esco/occupation/beedd3c0-d3e2-4efe-8f39-381df669ee35,9212.3,stallmedarbeider,0.0
Occupation,http://data.europa.eu/esco/occupation/65bd2342-f7de-4932-9164-eb480e35a791,9212.4,husdyrpasser,0.0392156862745098
ISCO level 4,http://data.europa.eu/esco/isco/C9212,9212,Hjelpearbeidere i husdyrproduksjon,0.00980392156862745
Occupation,http://data.europa.eu/esco/occupation/c9191f7f-28b5-4df8-991d-804c53009b83,9213.1,arbeider innen plantedyrking,0.382978723404255
ISCO level 4,http://data.europa.eu/esco/isco/C9213,9213,Hjelpearbeidere i kombinasjonsbruk,0.382978723404255
Occupation,http://data.europa.eu/esco/occupation/a10eb17a-3c78-4f7a-a1da-8f31146339d3,9214.1,hage- og parkarbeider,0.22
Occupation,http://data.europa.eu/esco/occupation/1a9d99ba-4c08-4864-8f6a-1b0f2b4cf883,9214.2,hagebruksarbeider,0.258064516129032
ISCO level 4,http://data.europa.eu/esco/isco/C9214,9214,Hjelpearbeidere i gartneri mv.,0.239032258064516
Occupation,http://data.europa.eu/esco/occupation/773cf1de-50a4-42e7-bab1-e68dcbae3f54,9215.1,skogsarbeider,0.305555555555555
ISCO level 4,http://data.europa.eu/esco/isco/C9215,9215,Hjelpearbeidere i skogbruk,0.305555555555555
Occupation,http://data.europa.eu/esco/occupation/2e4b41dd-b63d-403d-a0ad-dd323cd3ddac,9216.1,forankringsmedarbeider ved akvakulturbruk,0.015625
Occupation,http://data.europa.eu/esco/occupation/fbf23c18-d9a3-4349-83dc-2bc39948bdf7,9216.2,innhøstingsmedarbeider ved akvakulturbruk,0.075
Occupation,http://data.europa.eu/esco/occupation/207d5c25-46fe-401c-b32f-551684e9a8ea,9216.3,"innhøstingsarbeider, akvatiske ressurser",0.0
Occupation,http://data.europa.eu/esco/occupation/aa0fd823-2f45-41c8-a3c6-97d97885e455,9216.4,akvakulturarbeider,0.087719298245614
ISCO level 4,http://data.europa.eu/esco/isco/C9216,9216,Hjelpearbeidere innen havbruk,0.044586074561403496
ISCO level 3,http://data.europa.eu/esco/isco/C931,931,Hjelpearbeidere i bergverk,0.06154909317443304
Occupation,http://data.europa.eu/esco/occupation/efd5d3cb-3716-43b7-b21b-98e17f00e9eb,9311.1,gruvearbeider,0.115384615384615
ISCO level 4,http://data.europa.eu/esco/isco/C9311,9311,Hjelpearbeidere i bergverk,0.115384615384615
Occupation,http://data.europa.eu/esco/occupation/fb18dfef-2b90-4219-8b39-a5fcddb8f238,9312.1.1,vann- og avløpsarbeider,0.0512820512820512
Occupation,http://data.europa.eu/esco/occupation/d97fd1e8-4c61-459b-82cd-1bd0e792c568,9312.1.2,"skinnelegger, jernbane",0.0238095238095238
Occupation,http://data.europa.eu/esco/occupation/f272a521-1a38-4d34-a78e-3adeca95b977,9312.1.3,"vedlikeholdsarbeider, vei",0.0303030303030303
Occupation,http://data.europa.eu/esco/occupation/79082f76-4b11-4594-8437-2db567331f41,9312.1.4,veimerker,0.107142857142857
Occupation,http://data.europa.eu/esco/occupation/6eaf90cb-144d-486c-86e7-3d2bf4242525,9312.1.5,trafikkskiltmontør,0.04
Occupation,http://data.europa.eu/esco/occupation/21fe7141-68fa-4db7-9ee2-53097cef541a,9312.1.6,vannveisarbeider,0.127659574468085
Occupation,http://data.europa.eu/esco/occupation/47300afa-5496-484c-8f65-14247a98b2b8,9312.1,bygg- og anleggsarbeider,0.0175438596491228
ISCO level 4,http://data.europa.eu/esco/isco/C9312,9312,Hjelpearbeidere i anlegg,0.056820128093524304
Occupation,http://data.europa.eu/esco/occupation/fb7e2f4f-1545-42f1-972e-94082e49c6dc,9313.1,byggarbeider,0.0408163265306122
ISCO level 4,http://data.europa.eu/esco/isco/C9313,9313,Hjelpearbeidere i bygg,0.0408163265306122
ISCO level 3,http://data.europa.eu/esco/isco/C932,932,Hjelpearbeidere i industri,0.01136363636363635
Occupation,http://data.europa.eu/esco/occupation/87afe3f0-c891-45de-a498-ad2608471c86,9321.1,"pakkearbeider, klesindustrien",0.0
Occupation,http://data.europa.eu/esco/occupation/f5cb9901-86fc-48d0-9cde-667fbe8cef3a,9321.2,håndpakker,0.0
ISCO level 4,http://data.europa.eu/esco/isco/C9321,9321,Håndpakkere mv.,0.0
Occupation,http://data.europa.eu/esco/occupation/245be6d1-fe9a-4ac8-9f81-122a687e4724,9329.1,fabrikkarbeider,0.0
Occupation,http://data.europa.eu/esco/occupation/a4e96a0c-3a49-4cd3-a45c-ff081c28405d,9329.2,skipstømrer,0.0454545454545454
ISCO level 4,http://data.europa.eu/esco/isco/C9329,9329,Andre hjelpearbeidere i industri,0.0227272727272727
ISCO level 3,http://data.europa.eu/esco/isco/C933,933,Hjelpearbeidere innen transport og lager,0.03497142687534712
Occupation,http://data.europa.eu/esco/occupation/3a959644-beed-4afc-8e57-d5068ae6a43e,9331.1,sykkelbud,0.0454545454545454
ISCO level 4,http://data.europa.eu/esco/isco/C9331,9331,Førere av ikke-motorisert kjøretøy,0.0454545454545454
Occupation,http://data.europa.eu/esco/occupation/2c90a752-43f0-483d-8f64-3ce5e4535aa8,9332.1,kusk,0.0
ISCO level 4,http://data.europa.eu/esco/isco/C9332,9332,,0.0
Occupation,http://data.europa.eu/esco/occupation/3d974e0c-8ed9-47a7-aec2-ebdb34391c87,9333.1,bagasjeportør,0.0
Occupation,http://data.europa.eu/esco/occupation/e4f33b45-ee95-48b5-b2f8-e397aa14ed41,9333.2,speditør ved distribusjonssenter,0.074074074074074
Occupation,http://data.europa.eu/esco/occupation/808becc8-5a4e-4e71-a043-c2ea32b56ae3,9333.3,logistikkoperatør,0.15
Occupation,http://data.europa.eu/esco/occupation/c84a055d-00fe-4789-a054-f4a62914ff6e,9333.4,flyttearbeider,0.0
Occupation,http://data.europa.eu/esco/occupation/92371348-ef8f-41ce-9666-c903b57cc8b4,9333.5,intermodal togoperatør,0.0434782608695652
Occupation,http://data.europa.eu/esco/occupation/b567a979-c556-49fa-8b36-8af6cfe97624,9333.6,sjauer,0.0232558139534883
Occupation,http://data.europa.eu/esco/occupation/dddf9385-2939-4395-951a-70ef8a36cabe,9333.7,sjef for laste-/lossearbeidere,0.0208333333333333
Occupation,http://data.europa.eu/esco/occupation/cd94def5-3442-4c2e-ae3d-0761a3008bcb,9333.8.1,ordreplukker,0.032258064516129
Occupation,http://data.europa.eu/esco/occupation/bea705fe-06ac-4147-b8e0-6e8ac1208d8f,9333.8,lagerarbeider,0.0303030303030303
ISCO level 4,http://data.europa.eu/esco/isco/C9333,9333,Laste- og lossearbeidere,0.04157806411662446
Occupation,http://data.europa.eu/esco/occupation/d35f9e79-5778-43b4-8667-0e3ba1fcb19a,9334.1,varepåfyller,0.0
ISCO level 4,http://data.europa.eu/esco/isco/C9334,9334,Varepåfyllere,0.0
ISCO level 3,http://data.europa.eu/esco/isco/C941,941,Kjøkkenassistenter,0.0161290322580645
Occupation,http://data.europa.eu/esco/occupation/a02a1117-212f-4a49-b21a-d3b971e00e48,9411.1,pizzabaker,0.0
Occupation,http://data.europa.eu/esco/occupation/96a0d8d3-d4a6-473d-80d6-b5dbadde940a,9411.2,medarbeider på hurtigmatrestaurant,0.0
ISCO level 4,http://data.europa.eu/esco/isco/C9411,9411,,0.0
Occupation,http://data.europa.eu/esco/occupation/e1cf6897-158d-4b48-a39e-2a3a8cac216c,9412.1,kjøkkenassistent,0.064516129032258
Occupation,http://data.europa.eu/esco/occupation/f756fdab-7726-4c48-bfcc-94ff8810fc08,9412.2,kjøkkenhjelp,0.0
ISCO level 4,http://data.europa.eu/esco/isco/C9412,9412,Kjøkkenassistenter,0.032258064516129
ISCO level 3,http://data.europa.eu/esco/isco/C951,951,Reklamedistributører mv.,0.0
Occupation,http://data.europa.eu/esco/occupation/5ff100c2-00cd-4c64-82ae-8feab6712557,9510.1,distributør av reklamemateriell,0.0
ISCO level 4,http://data.europa.eu/esco/isco/C9510,9510,Reklamedistributører mv.,0.0
ISCO level 3,http://data.europa.eu/esco/isco/C952,952,,0.0178571428571428
Occupation,http://data.europa.eu/esco/occupation/b059d331-2dd9-4d7d-923e-1dd029d2e58c,9520.1,gateselger,0.0178571428571428
ISCO level 4,http://data.europa.eu/esco/isco/C9520,9520,,0.0178571428571428
ISCO level 3,http://data.europa.eu/esco/isco/C961,961,Renovasjons- og gjenvinningsarbeidere,0.514503017964927
Occupation,http://data.europa.eu/esco/occupation/e54683ca-1fc9-468d-b880-6544ff6b7d0b,9611.1,renovasjonsarbeider,0.72
ISCO level 4,http://data.europa.eu/esco/isco/C9611,9611,Renovasjonsarbeidere,0.72
Occupation,http://data.europa.eu/esco/occupation/4ed9ce62-75d4-4b05-80d4-e86528fecdcd,9612.1,gjenvinningsarbeider,0.647058823529411
Occupation,http://data.europa.eu/esco/occupation/ff8d4065-db44-47c7-a4bd-51b3c306ef70,9612.2,sorteringsarbeider,0.592592592592592
ISCO level 4,http://data.europa.eu/esco/isco/C9612,9612,Gjenvinningsarbeidere,0.6198257080610015
Occupation,http://data.europa.eu/esco/occupation/503ea267-93e9-4b8c-ae5e-817fe7e4a245,9613.1,gatefeier,0.09836065573770492
ISCO level 4,http://data.europa.eu/esco/isco/C9613,9613,Gatefeiere mv.,0.09836065573770492
ISCO level 3,http://data.europa.eu/esco/isco/C962,962,Andre hjelpearbeidere,0.020913437838903617
Occupation,http://data.europa.eu/esco/occupation/43ee9c1a-59c2-48ee-afcd-c384dca92162,9621.1,dørvakt,0.0
Occupation,http://data.europa.eu/esco/occupation/3cc51201-cd20-47f8-92ad-4d5861f963cf,9621.2,hotellportier,0.0
ISCO level 4,http://data.europa.eu/esco/isco/C9621,9621,Bud mv.,0.0
Occupation,http://data.europa.eu/esco/occupation/f4a25243-b06a-42a9-9c69-246853df63ad,9622.1,altmuligmann,0.0408163265306122
ISCO level 4,http://data.europa.eu/esco/isco/C9622,9622,Altmuligmann,0.0408163265306122
Occupation,http://data.europa.eu/esco/occupation/2bdf0696-776c-47e6-9259-6460af224dac,9623.1,måleravleser,0.166666666666666
Occupation,http://data.europa.eu/esco/occupation/9ab02537-920a-4549-9711-fd999fd40c28,9623.2,"maskinoperatør, salgsautomater",0.0
ISCO level 4,http://data.europa.eu/esco/isco/C9623,9623,Måleravlesere mv.,0.083333333333333
Occupation,http://data.europa.eu/esco/occupation/c28cb56b-003e-499a-8dbf-b654864e7867,9629.1,reklameskiltoppsetter,0.0434782608695652
Occupation,http://data.europa.eu/esco/occupation/e31c83ac-cb74-4936-88f1-90ed0997b29b,9629.2,underholdnings- og fritidsassistent,0.0
Occupation,http://data.europa.eu/esco/occupation/39a59c5c-4338-4480-bdc8-96328a491907,9629.3,tivoliarbeider,0.0
Occupation,http://data.europa.eu/esco/occupation/26087cc4-6226-41b0-9f97-9564ebe90dce,9629.4,garderobevakt,0.0
Occupation,http://data.europa.eu/esco/occupation/e16e4cb0-6f7d-4bf9-8f90-d1d866ad229b,9629.5,vaskerimaskinoperatør,0.0
Occupation,http://data.europa.eu/esco/occupation/1f1a45a8-8f5c-4b66-a8a1-e02490addc55,9629.6,garderobebetjent,0.0
Occupation,http://data.europa.eu/esco/occupation/7f346896-a4fb-47a1-9572-13398bc297a6,9629.7,plasshenviser,0.0
ISCO level 4,http://data.europa.eu/esco/isco/C9629,9629,Andre hjelpearbeidere,0.0062111801242236
