conceptType,conceptUri,code,preferredLabel,status,altLabels,inScheme,description
ISCOGroup,http://data.europa.eu/esco/isco/C0,0,Militære yrker og uoppgitt,released,,"http://data.europa.eu/esco/concept-scheme/occupations,
http://data.europa.eu/esco/concept-scheme/isco",
ISCOGroup,http://data.europa.eu/esco/isco/C01,01,Offiserer fra fenrik og høyere grad,released,,"http://data.europa.eu/esco/concept-scheme/occupations,
http://data.europa.eu/esco/concept-scheme/isco",
ISCOGroup,http://data.europa.eu/esco/isco/C011,011,Offiserer fra fenrik og høyere grad,released,,"http://data.europa.eu/esco/concept-scheme/occupations,
http://data.europa.eu/esco/concept-scheme/isco",
ISCOGroup,http://data.europa.eu/esco/isco/C0110,0110,Offiserer fra fenrik og høyere grad,released,,"http://data.europa.eu/esco/concept-scheme/occupations,
http://data.europa.eu/esco/concept-scheme/isco",
ISCOGroup,http://data.europa.eu/esco/isco/C02,02,Befal med sersjant grad,released,,"http://data.europa.eu/esco/concept-scheme/occupations,
http://data.europa.eu/esco/concept-scheme/isco",
ISCOGroup,http://data.europa.eu/esco/isco/C021,021,Befal med sersjant grad,released,,"http://data.europa.eu/esco/concept-scheme/occupations,
http://data.europa.eu/esco/concept-scheme/isco",
ISCOGroup,http://data.europa.eu/esco/isco/C0210,0210,Befal med sersjant grad,released,,"http://data.europa.eu/esco/concept-scheme/occupations,
http://data.europa.eu/esco/concept-scheme/isco",
ISCOGroup,http://data.europa.eu/esco/isco/C03,03,Menige,released,,"http://data.europa.eu/esco/concept-scheme/occupations,
http://data.europa.eu/esco/concept-scheme/isco",
ISCOGroup,http://data.europa.eu/esco/isco/C031,031,Menige,released,,"http://data.europa.eu/esco/concept-scheme/occupations,
http://data.europa.eu/esco/concept-scheme/isco",
ISCOGroup,http://data.europa.eu/esco/isco/C0310,0310,Menige,released,,"http://data.europa.eu/esco/concept-scheme/occupations,
http://data.europa.eu/esco/concept-scheme/isco",
ISCOGroup,http://data.europa.eu/esco/isco/C1,1,Ledere,released,,"http://data.europa.eu/esco/concept-scheme/occupations,
http://data.europa.eu/esco/concept-scheme/isco",
ISCOGroup,http://data.europa.eu/esco/isco/C11,11,Politikere og toppledere,released,,"http://data.europa.eu/esco/concept-scheme/occupations,
http://data.europa.eu/esco/concept-scheme/isco",
ISCOGroup,http://data.europa.eu/esco/isco/C111,111,Politikere og toppledere i offentlig administrasjon,released,,"http://data.europa.eu/esco/concept-scheme/occupations,
http://data.europa.eu/esco/concept-scheme/isco",
ISCOGroup,http://data.europa.eu/esco/isco/C1111,1111,Politikere,released,,"http://data.europa.eu/esco/concept-scheme/occupations,
http://data.europa.eu/esco/concept-scheme/isco",
ISCOGroup,http://data.europa.eu/esco/isco/C1112,1112,Toppledere i offentlig administrasjon,released,,"http://data.europa.eu/esco/concept-scheme/occupations,
http://data.europa.eu/esco/concept-scheme/isco",
ISCOGroup,http://data.europa.eu/esco/isco/C1113,1113,,released,,"http://data.europa.eu/esco/concept-scheme/occupations,
http://data.europa.eu/esco/concept-scheme/isco",
ISCOGroup,http://data.europa.eu/esco/isco/C1114,1114,Toppledere i interesseorganisasjoner,released,,"http://data.europa.eu/esco/concept-scheme/occupations,
http://data.europa.eu/esco/concept-scheme/isco",
ISCOGroup,http://data.europa.eu/esco/isco/C112,112,Administrerende direktører,released,,"http://data.europa.eu/esco/concept-scheme/occupations,
http://data.europa.eu/esco/concept-scheme/isco",
ISCOGroup,http://data.europa.eu/esco/isco/C1120,1120,Administrerende direktører,released,,"http://data.europa.eu/esco/concept-scheme/occupations,
http://data.europa.eu/esco/concept-scheme/isco",
ISCOGroup,http://data.europa.eu/esco/isco/C12,12,Administrative og merkantile ledere,released,,"http://data.europa.eu/esco/concept-scheme/occupations,
http://data.europa.eu/esco/concept-scheme/isco",
ISCOGroup,http://data.europa.eu/esco/isco/C121,121,Ledere av administrative enheter,released,,"http://data.europa.eu/esco/concept-scheme/occupations,
http://data.europa.eu/esco/concept-scheme/isco",
ISCOGroup,http://data.europa.eu/esco/isco/C1211,1211,Finans- og økonomisjefer,released,,"http://data.europa.eu/esco/concept-scheme/occupations,
http://data.europa.eu/esco/concept-scheme/isco",
ISCOGroup,http://data.europa.eu/esco/isco/C1212,1212,Personalsjefer,released,,"http://data.europa.eu/esco/concept-scheme/occupations,
http://data.europa.eu/esco/concept-scheme/isco",
ISCOGroup,http://data.europa.eu/esco/isco/C1213,1213,Strategi- og planleggingssjefer,released,,"http://data.europa.eu/esco/concept-scheme/occupations,
http://data.europa.eu/esco/concept-scheme/isco",
ISCOGroup,http://data.europa.eu/esco/isco/C1219,1219,Andre administrative ledere,released,,"http://data.europa.eu/esco/concept-scheme/occupations,
http://data.europa.eu/esco/concept-scheme/isco",
ISCOGroup,http://data.europa.eu/esco/isco/C122,122,Ledere av salgs-,released,,"http://data.europa.eu/esco/concept-scheme/occupations,
http://data.europa.eu/esco/concept-scheme/isco",
ISCOGroup,http://data.europa.eu/esco/isco/C1221,1221,Salgs- og markedssjefer,released,,"http://data.europa.eu/esco/concept-scheme/occupations,
http://data.europa.eu/esco/concept-scheme/isco",
ISCOGroup,http://data.europa.eu/esco/isco/C1222,1222,PR- og informasjonssjefer,released,,"http://data.europa.eu/esco/concept-scheme/occupations,
http://data.europa.eu/esco/concept-scheme/isco",
ISCOGroup,http://data.europa.eu/esco/isco/C1223,1223,Forsknings- og utviklingsledere,released,,"http://data.europa.eu/esco/concept-scheme/occupations,
http://data.europa.eu/esco/concept-scheme/isco",
ISCOGroup,http://data.europa.eu/esco/isco/C13,13,Ledere av enheter for vareproduksjon og tjenesteyting,released,,"http://data.europa.eu/esco/concept-scheme/occupations,
http://data.europa.eu/esco/concept-scheme/isco",
ISCOGroup,http://data.europa.eu/esco/isco/C131,131,Ledere i gartnerier,released,,"http://data.europa.eu/esco/concept-scheme/occupations,
http://data.europa.eu/esco/concept-scheme/isco",
ISCOGroup,http://data.europa.eu/esco/isco/C1311,1311,Ledere i skogbruk,released,,"http://data.europa.eu/esco/concept-scheme/occupations,
http://data.europa.eu/esco/concept-scheme/isco",
ISCOGroup,http://data.europa.eu/esco/isco/C1312,1312,Ledere innen akvakultur mv.,released,,"http://data.europa.eu/esco/concept-scheme/occupations,
http://data.europa.eu/esco/concept-scheme/isco",
ISCOGroup,http://data.europa.eu/esco/isco/C132,132,Ledere av produksjon,released,,"http://data.europa.eu/esco/concept-scheme/occupations,
http://data.europa.eu/esco/concept-scheme/isco",
ISCOGroup,http://data.europa.eu/esco/isco/C1321,1321,Ledere av industriproduksjon mv.,released,,"http://data.europa.eu/esco/concept-scheme/occupations,
http://data.europa.eu/esco/concept-scheme/isco",
ISCOGroup,http://data.europa.eu/esco/isco/C1322,1322,Ledere av olje- og gassutvinning mv.,released,,"http://data.europa.eu/esco/concept-scheme/occupations,
http://data.europa.eu/esco/concept-scheme/isco",
ISCOGroup,http://data.europa.eu/esco/isco/C1323,1323,Ledere av bygge- og anleggsvirksomhet,released,,"http://data.europa.eu/esco/concept-scheme/occupations,
http://data.europa.eu/esco/concept-scheme/isco",
ISCOGroup,http://data.europa.eu/esco/isco/C1324,1324,Ledere av logistikk og transport mv.,released,,"http://data.europa.eu/esco/concept-scheme/occupations,
http://data.europa.eu/esco/concept-scheme/isco",
ISCOGroup,http://data.europa.eu/esco/isco/C133,133,Ledere av IKT-enheter,released,,"http://data.europa.eu/esco/concept-scheme/occupations,
http://data.europa.eu/esco/concept-scheme/isco",
ISCOGroup,http://data.europa.eu/esco/isco/C1330,1330,Ledere av IKT-enheter,released,,"http://data.europa.eu/esco/concept-scheme/occupations,
http://data.europa.eu/esco/concept-scheme/isco",
ISCOGroup,http://data.europa.eu/esco/isco/C134,134,Ledere av utdanning,released,,"http://data.europa.eu/esco/concept-scheme/occupations,
http://data.europa.eu/esco/concept-scheme/isco",
ISCOGroup,http://data.europa.eu/esco/isco/C1341,1341,Ledere av omsorgstjenester for barn,released,,"http://data.europa.eu/esco/concept-scheme/occupations,
http://data.europa.eu/esco/concept-scheme/isco",
ISCOGroup,http://data.europa.eu/esco/isco/C1342,1342,Ledere av helsetjenester,released,,"http://data.europa.eu/esco/concept-scheme/occupations,
http://data.europa.eu/esco/concept-scheme/isco",
ISCOGroup,http://data.europa.eu/esco/isco/C1343,1343,Ledere av eldreomsorg,released,,"http://data.europa.eu/esco/concept-scheme/occupations,
http://data.europa.eu/esco/concept-scheme/isco",
ISCOGroup,http://data.europa.eu/esco/isco/C1344,1344,Ledere av sosialomsorg,released,,"http://data.europa.eu/esco/concept-scheme/occupations,
http://data.europa.eu/esco/concept-scheme/isco",
ISCOGroup,http://data.europa.eu/esco/isco/C1345,1345,Ledere av utdanning og undervisning,released,,"http://data.europa.eu/esco/concept-scheme/occupations,
http://data.europa.eu/esco/concept-scheme/isco",
ISCOGroup,http://data.europa.eu/esco/isco/C1346,1346,Ledere av forsikring og finansvirksomhet,released,,"http://data.europa.eu/esco/concept-scheme/occupations,
http://data.europa.eu/esco/concept-scheme/isco",
ISCOGroup,http://data.europa.eu/esco/isco/C1349,1349,Andre ledere av produksjon og tjenesteyting,released,,"http://data.europa.eu/esco/concept-scheme/occupations,
http://data.europa.eu/esco/concept-scheme/isco",
ISCOGroup,http://data.europa.eu/esco/isco/C14,14,Ledere i hotell,released,,"http://data.europa.eu/esco/concept-scheme/occupations,
http://data.europa.eu/esco/concept-scheme/isco",
ISCOGroup,http://data.europa.eu/esco/isco/C141,141,Ledere i hotell og restaurant,released,,"http://data.europa.eu/esco/concept-scheme/occupations,
http://data.europa.eu/esco/concept-scheme/isco",
ISCOGroup,http://data.europa.eu/esco/isco/C1411,1411,Hotellsjefer,released,,"http://data.europa.eu/esco/concept-scheme/occupations,
http://data.europa.eu/esco/concept-scheme/isco",
ISCOGroup,http://data.europa.eu/esco/isco/C1412,1412,Restaurantsjefer,released,,"http://data.europa.eu/esco/concept-scheme/occupations,
http://data.europa.eu/esco/concept-scheme/isco",
ISCOGroup,http://data.europa.eu/esco/isco/C142,142,Varehandelssjefer,released,,"http://data.europa.eu/esco/concept-scheme/occupations,
http://data.europa.eu/esco/concept-scheme/isco",
ISCOGroup,http://data.europa.eu/esco/isco/C1420,1420,Varehandelssjefer,released,,"http://data.europa.eu/esco/concept-scheme/occupations,
http://data.europa.eu/esco/concept-scheme/isco",
ISCOGroup,http://data.europa.eu/esco/isco/C143,143,Daglige ledere,released,,"http://data.europa.eu/esco/concept-scheme/occupations,
http://data.europa.eu/esco/concept-scheme/isco",
ISCOGroup,http://data.europa.eu/esco/isco/C1431,1431,Sports-,released,,"http://data.europa.eu/esco/concept-scheme/occupations,
http://data.europa.eu/esco/concept-scheme/isco",
ISCOGroup,http://data.europa.eu/esco/isco/C1439,1439,Andre daglige ledere i tjenesteytende virksomheter,released,,"http://data.europa.eu/esco/concept-scheme/occupations,
http://data.europa.eu/esco/concept-scheme/isco",
ISCOGroup,http://data.europa.eu/esco/isco/C2,2,Akademiske yrker,released,,"http://data.europa.eu/esco/concept-scheme/occupations,
http://data.europa.eu/esco/concept-scheme/isco",
ISCOGroup,http://data.europa.eu/esco/isco/C21,21,Realister,released,,"http://data.europa.eu/esco/concept-scheme/occupations,
http://data.europa.eu/esco/concept-scheme/isco",
ISCOGroup,http://data.europa.eu/esco/isco/C211,211,Fysikere,released,,"http://data.europa.eu/esco/concept-scheme/occupations,
http://data.europa.eu/esco/concept-scheme/isco",
ISCOGroup,http://data.europa.eu/esco/isco/C2111,2111,Fysikere og astronomer,released,,"http://data.europa.eu/esco/concept-scheme/occupations,
http://data.europa.eu/esco/concept-scheme/isco",
ISCOGroup,http://data.europa.eu/esco/isco/C2112,2112,Meteorologer,released,,"http://data.europa.eu/esco/concept-scheme/occupations,
http://data.europa.eu/esco/concept-scheme/isco",
ISCOGroup,http://data.europa.eu/esco/isco/C2113,2113,Kjemikere,released,,"http://data.europa.eu/esco/concept-scheme/occupations,
http://data.europa.eu/esco/concept-scheme/isco",
ISCOGroup,http://data.europa.eu/esco/isco/C2114,2114,Geologer og geofysikere,released,,"http://data.europa.eu/esco/concept-scheme/occupations,
http://data.europa.eu/esco/concept-scheme/isco",
ISCOGroup,http://data.europa.eu/esco/isco/C212,212,Matematikere,released,,"http://data.europa.eu/esco/concept-scheme/occupations,
http://data.europa.eu/esco/concept-scheme/isco",
ISCOGroup,http://data.europa.eu/esco/isco/C2120,2120,Matematikere,released,,"http://data.europa.eu/esco/concept-scheme/occupations,
http://data.europa.eu/esco/concept-scheme/isco",
ISCOGroup,http://data.europa.eu/esco/isco/C213,213,Biologiske yrker mv,released,,"http://data.europa.eu/esco/concept-scheme/occupations,
http://data.europa.eu/esco/concept-scheme/isco",
ISCOGroup,http://data.europa.eu/esco/isco/C2131,2131,Biologer,released,,"http://data.europa.eu/esco/concept-scheme/occupations,
http://data.europa.eu/esco/concept-scheme/isco",
ISCOGroup,http://data.europa.eu/esco/isco/C2132,2132,Sivilagronomer mv.,released,,"http://data.europa.eu/esco/concept-scheme/occupations,
http://data.europa.eu/esco/concept-scheme/isco",
ISCOGroup,http://data.europa.eu/esco/isco/C2133,2133,Miljøvernrådgivere,released,,"http://data.europa.eu/esco/concept-scheme/occupations,
http://data.europa.eu/esco/concept-scheme/isco",
ISCOGroup,http://data.europa.eu/esco/isco/C214,214,Sivilingeniører (unntatt elektroteknologi),released,,"http://data.europa.eu/esco/concept-scheme/occupations,
http://data.europa.eu/esco/concept-scheme/isco",
ISCOGroup,http://data.europa.eu/esco/isco/C2141,2141,Sivilingeniører (industri og produksjon),released,,"http://data.europa.eu/esco/concept-scheme/occupations,
http://data.europa.eu/esco/concept-scheme/isco",
ISCOGroup,http://data.europa.eu/esco/isco/C2142,2142,Sivilingeniører (bygg og anlegg),released,,"http://data.europa.eu/esco/concept-scheme/occupations,
http://data.europa.eu/esco/concept-scheme/isco",
ISCOGroup,http://data.europa.eu/esco/isco/C2143,2143,Sivilingeniører (miljøteknikk),released,,"http://data.europa.eu/esco/concept-scheme/occupations,
http://data.europa.eu/esco/concept-scheme/isco",
ISCOGroup,http://data.europa.eu/esco/isco/C2144,2144,Sivilingeniører (maskin- og marin-teknikk),released,,"http://data.europa.eu/esco/concept-scheme/occupations,
http://data.europa.eu/esco/concept-scheme/isco",
ISCOGroup,http://data.europa.eu/esco/isco/C2145,2145,Sivilingeniører (kjemi),released,,"http://data.europa.eu/esco/concept-scheme/occupations,
http://data.europa.eu/esco/concept-scheme/isco",
ISCOGroup,http://data.europa.eu/esco/isco/C2146,2146,Sivilingeniører (geofag,released,,"http://data.europa.eu/esco/concept-scheme/occupations,
http://data.europa.eu/esco/concept-scheme/isco",
ISCOGroup,http://data.europa.eu/esco/isco/C2149,2149,Andre sivilingeniører (unntatt elektroteknologi),released,,"http://data.europa.eu/esco/concept-scheme/occupations,
http://data.europa.eu/esco/concept-scheme/isco",
ISCOGroup,http://data.europa.eu/esco/isco/C215,215,Sivilingeniører elektroteknologi,released,,"http://data.europa.eu/esco/concept-scheme/occupations,
http://data.europa.eu/esco/concept-scheme/isco",
ISCOGroup,http://data.europa.eu/esco/isco/C2151,2151,Sivilingeniører (elkraftteknikk),released,,"http://data.europa.eu/esco/concept-scheme/occupations,
http://data.europa.eu/esco/concept-scheme/isco",
ISCOGroup,http://data.europa.eu/esco/isco/C2152,2152,Sivilingeniører (elektronikk),released,,"http://data.europa.eu/esco/concept-scheme/occupations,
http://data.europa.eu/esco/concept-scheme/isco",
ISCOGroup,http://data.europa.eu/esco/isco/C2153,2153,Sivilingeniører (telekommunikasjon),released,,"http://data.europa.eu/esco/concept-scheme/occupations,
http://data.europa.eu/esco/concept-scheme/isco",
ISCOGroup,http://data.europa.eu/esco/isco/C216,216,Arkitekter,released,,"http://data.europa.eu/esco/concept-scheme/occupations,
http://data.europa.eu/esco/concept-scheme/isco",
ISCOGroup,http://data.europa.eu/esco/isco/C2161,2161,Sivilarkitekter,released,,"http://data.europa.eu/esco/concept-scheme/occupations,
http://data.europa.eu/esco/concept-scheme/isco",
ISCOGroup,http://data.europa.eu/esco/isco/C2162,2162,Landskapsarkitekter,released,,"http://data.europa.eu/esco/concept-scheme/occupations,
http://data.europa.eu/esco/concept-scheme/isco",
ISCOGroup,http://data.europa.eu/esco/isco/C2163,2163,Produkt- og klesdesignere,released,,"http://data.europa.eu/esco/concept-scheme/occupations,
http://data.europa.eu/esco/concept-scheme/isco",
ISCOGroup,http://data.europa.eu/esco/isco/C2164,2164,Arealplanleggere,released,,"http://data.europa.eu/esco/concept-scheme/occupations,
http://data.europa.eu/esco/concept-scheme/isco",
ISCOGroup,http://data.europa.eu/esco/isco/C2165,2165,Landmålere,released,,"http://data.europa.eu/esco/concept-scheme/occupations,
http://data.europa.eu/esco/concept-scheme/isco",
ISCOGroup,http://data.europa.eu/esco/isco/C2166,2166,Grafiske- og multimediadesignere,released,,"http://data.europa.eu/esco/concept-scheme/occupations,
http://data.europa.eu/esco/concept-scheme/isco",
ISCOGroup,http://data.europa.eu/esco/isco/C22,22,Medisinske yrker,released,,"http://data.europa.eu/esco/concept-scheme/occupations,
http://data.europa.eu/esco/concept-scheme/isco",
ISCOGroup,http://data.europa.eu/esco/isco/C221,221,Leger,released,,"http://data.europa.eu/esco/concept-scheme/occupations,
http://data.europa.eu/esco/concept-scheme/isco",
ISCOGroup,http://data.europa.eu/esco/isco/C2211,2211,Allmennpraktiserende leger,released,,"http://data.europa.eu/esco/concept-scheme/occupations,
http://data.europa.eu/esco/concept-scheme/isco",
ISCOGroup,http://data.europa.eu/esco/isco/C2212,2212,Legespesialister,released,,"http://data.europa.eu/esco/concept-scheme/occupations,
http://data.europa.eu/esco/concept-scheme/isco",
ISCOGroup,http://data.europa.eu/esco/isco/C222,222,Sykepleiere og spesialsykepleiere,released,,"http://data.europa.eu/esco/concept-scheme/occupations,
http://data.europa.eu/esco/concept-scheme/isco",
ISCOGroup,http://data.europa.eu/esco/isco/C2221,2221,Spesialsykepleiere,released,,"http://data.europa.eu/esco/concept-scheme/occupations,
http://data.europa.eu/esco/concept-scheme/isco",
ISCOGroup,http://data.europa.eu/esco/isco/C2222,2222,Jordmødre,released,,"http://data.europa.eu/esco/concept-scheme/occupations,
http://data.europa.eu/esco/concept-scheme/isco",
ISCOGroup,http://data.europa.eu/esco/isco/C223,223,,released,,"http://data.europa.eu/esco/concept-scheme/occupations,
http://data.europa.eu/esco/concept-scheme/isco",
ISCOGroup,http://data.europa.eu/esco/isco/C2230,2230,,released,,"http://data.europa.eu/esco/concept-scheme/occupations,
http://data.europa.eu/esco/concept-scheme/isco",
ISCOGroup,http://data.europa.eu/esco/isco/C224,224,,released,,"http://data.europa.eu/esco/concept-scheme/occupations,
http://data.europa.eu/esco/concept-scheme/isco",
ISCOGroup,http://data.europa.eu/esco/isco/C2240,2240,,released,,"http://data.europa.eu/esco/concept-scheme/occupations,
http://data.europa.eu/esco/concept-scheme/isco",
ISCOGroup,http://data.europa.eu/esco/isco/C225,225,Veterinærer,released,,"http://data.europa.eu/esco/concept-scheme/occupations,
http://data.europa.eu/esco/concept-scheme/isco",
ISCOGroup,http://data.europa.eu/esco/isco/C2250,2250,Veterinærer,released,,"http://data.europa.eu/esco/concept-scheme/occupations,
http://data.europa.eu/esco/concept-scheme/isco",
ISCOGroup,http://data.europa.eu/esco/isco/C226,226,Andre medisinske yrker,released,,"http://data.europa.eu/esco/concept-scheme/occupations,
http://data.europa.eu/esco/concept-scheme/isco",
ISCOGroup,http://data.europa.eu/esco/isco/C2261,2261,Tannleger,released,,"http://data.europa.eu/esco/concept-scheme/occupations,
http://data.europa.eu/esco/concept-scheme/isco",
ISCOGroup,http://data.europa.eu/esco/isco/C2262,2262,Farmasøyter,released,,"http://data.europa.eu/esco/concept-scheme/occupations,
http://data.europa.eu/esco/concept-scheme/isco",
ISCOGroup,http://data.europa.eu/esco/isco/C2263,2263,Helse- og miljørådgivere,released,,"http://data.europa.eu/esco/concept-scheme/occupations,
http://data.europa.eu/esco/concept-scheme/isco",
ISCOGroup,http://data.europa.eu/esco/isco/C2264,2264,Fysioterapeuter,released,,"http://data.europa.eu/esco/concept-scheme/occupations,
http://data.europa.eu/esco/concept-scheme/isco",
ISCOGroup,http://data.europa.eu/esco/isco/C2265,2265,Ernæringsfysiologer,released,,"http://data.europa.eu/esco/concept-scheme/occupations,
http://data.europa.eu/esco/concept-scheme/isco",
ISCOGroup,http://data.europa.eu/esco/isco/C2266,2266,Audiografer og logopeder,released,,"http://data.europa.eu/esco/concept-scheme/occupations,
http://data.europa.eu/esco/concept-scheme/isco",
ISCOGroup,http://data.europa.eu/esco/isco/C2267,2267,Ergoterapeuter,released,,"http://data.europa.eu/esco/concept-scheme/occupations,
http://data.europa.eu/esco/concept-scheme/isco",
ISCOGroup,http://data.europa.eu/esco/isco/C2269,2269,Kiropraktorer mv.,released,,"http://data.europa.eu/esco/concept-scheme/occupations,
http://data.europa.eu/esco/concept-scheme/isco",
ISCOGroup,http://data.europa.eu/esco/isco/C23,23,Undervisningsyrker,released,,"http://data.europa.eu/esco/concept-scheme/occupations,
http://data.europa.eu/esco/concept-scheme/isco",
ISCOGroup,http://data.europa.eu/esco/isco/C231,231,Universitets- og høyskolelektorer/-lærere,released,,"http://data.europa.eu/esco/concept-scheme/occupations,
http://data.europa.eu/esco/concept-scheme/isco",
ISCOGroup,http://data.europa.eu/esco/isco/C2310,2310,Universitets- og høyskolelektorer/-lærere,released,,"http://data.europa.eu/esco/concept-scheme/occupations,
http://data.europa.eu/esco/concept-scheme/isco",
ISCOGroup,http://data.europa.eu/esco/isco/C232,232,Yrkesfaglærere,released,,"http://data.europa.eu/esco/concept-scheme/occupations,
http://data.europa.eu/esco/concept-scheme/isco",
ISCOGroup,http://data.europa.eu/esco/isco/C2320,2320,Yrkesfaglærere,released,,"http://data.europa.eu/esco/concept-scheme/occupations,
http://data.europa.eu/esco/concept-scheme/isco",
ISCOGroup,http://data.europa.eu/esco/isco/C233,233,Lektorer mv (videregående skole),released,,"http://data.europa.eu/esco/concept-scheme/occupations,
http://data.europa.eu/esco/concept-scheme/isco",
ISCOGroup,http://data.europa.eu/esco/isco/C2330,2330,Lektorer mv. (videregående skole),released,,"http://data.europa.eu/esco/concept-scheme/occupations,
http://data.europa.eu/esco/concept-scheme/isco",
ISCOGroup,http://data.europa.eu/esco/isco/C234,234,Grunnskole- og førskolelærere,released,,"http://data.europa.eu/esco/concept-scheme/occupations,
http://data.europa.eu/esco/concept-scheme/isco",
ISCOGroup,http://data.europa.eu/esco/isco/C2341,2341,Grunnskolelærere,released,,"http://data.europa.eu/esco/concept-scheme/occupations,
http://data.europa.eu/esco/concept-scheme/isco",
ISCOGroup,http://data.europa.eu/esco/isco/C2342,2342,Førskolelærere,released,,"http://data.europa.eu/esco/concept-scheme/occupations,
http://data.europa.eu/esco/concept-scheme/isco",
ISCOGroup,http://data.europa.eu/esco/isco/C235,235,Andre lærere,released,,"http://data.europa.eu/esco/concept-scheme/occupations,
http://data.europa.eu/esco/concept-scheme/isco",
ISCOGroup,http://data.europa.eu/esco/isco/C2351,2351,Spesialister i pedagogikk,released,,"http://data.europa.eu/esco/concept-scheme/occupations,
http://data.europa.eu/esco/concept-scheme/isco",
ISCOGroup,http://data.europa.eu/esco/isco/C2352,2352,Spesiallærere / spesialpedagoger,released,,"http://data.europa.eu/esco/concept-scheme/occupations,
http://data.europa.eu/esco/concept-scheme/isco",
ISCOGroup,http://data.europa.eu/esco/isco/C2353,2353,Andre språklærere,released,,"http://data.europa.eu/esco/concept-scheme/occupations,
http://data.europa.eu/esco/concept-scheme/isco",
ISCOGroup,http://data.europa.eu/esco/isco/C2354,2354,Andre musikklærere,released,,"http://data.europa.eu/esco/concept-scheme/occupations,
http://data.europa.eu/esco/concept-scheme/isco",
ISCOGroup,http://data.europa.eu/esco/isco/C2355,2355,Andre lærere i estetiske fag,released,,"http://data.europa.eu/esco/concept-scheme/occupations,
http://data.europa.eu/esco/concept-scheme/isco",
ISCOGroup,http://data.europa.eu/esco/isco/C2356,2356,Andre IKT-lærere,released,,"http://data.europa.eu/esco/concept-scheme/occupations,
http://data.europa.eu/esco/concept-scheme/isco",
ISCOGroup,http://data.europa.eu/esco/isco/C2359,2359,Andre lærere,released,,"http://data.europa.eu/esco/concept-scheme/occupations,
http://data.europa.eu/esco/concept-scheme/isco",
ISCOGroup,http://data.europa.eu/esco/isco/C24,24,Rådgivere innen økonomi,released,,"http://data.europa.eu/esco/concept-scheme/occupations,
http://data.europa.eu/esco/concept-scheme/isco",
ISCOGroup,http://data.europa.eu/esco/isco/C241,241,Finansrådgivere,released,,"http://data.europa.eu/esco/concept-scheme/occupations,
http://data.europa.eu/esco/concept-scheme/isco",
ISCOGroup,http://data.europa.eu/esco/isco/C2411,2411,Revisorer,released,,"http://data.europa.eu/esco/concept-scheme/occupations,
http://data.europa.eu/esco/concept-scheme/isco",
ISCOGroup,http://data.europa.eu/esco/isco/C2412,2412,Finans- og investeringsrådgivere,released,,"http://data.europa.eu/esco/concept-scheme/occupations,
http://data.europa.eu/esco/concept-scheme/isco",
ISCOGroup,http://data.europa.eu/esco/isco/C2413,2413,Finansanalytikere,released,,"http://data.europa.eu/esco/concept-scheme/occupations,
http://data.europa.eu/esco/concept-scheme/isco",
ISCOGroup,http://data.europa.eu/esco/isco/C242,242,Administrasjonsrådgivere,released,,"http://data.europa.eu/esco/concept-scheme/occupations,
http://data.europa.eu/esco/concept-scheme/isco",
ISCOGroup,http://data.europa.eu/esco/isco/C2421,2421,Organisasjonsrådgivere mv.,released,,"http://data.europa.eu/esco/concept-scheme/occupations,
http://data.europa.eu/esco/concept-scheme/isco",
ISCOGroup,http://data.europa.eu/esco/isco/C2422,2422,Høyere saksbehandlere i offentlig og privat virksomhet,released,,"http://data.europa.eu/esco/concept-scheme/occupations,
http://data.europa.eu/esco/concept-scheme/isco",
ISCOGroup,http://data.europa.eu/esco/isco/C2423,2423,Personal- og karriererådgivere,released,,"http://data.europa.eu/esco/concept-scheme/occupations,
http://data.europa.eu/esco/concept-scheme/isco",
ISCOGroup,http://data.europa.eu/esco/isco/C2424,2424,Rådgivere innen kompetanseutvikling,released,,"http://data.europa.eu/esco/concept-scheme/occupations,
http://data.europa.eu/esco/concept-scheme/isco",
ISCOGroup,http://data.europa.eu/esco/isco/C243,243,Rådgivere innen salg,released,,"http://data.europa.eu/esco/concept-scheme/occupations,
http://data.europa.eu/esco/concept-scheme/isco",
ISCOGroup,http://data.europa.eu/esco/isco/C2431,2431,Reklame- og markedsføringsrådgivere,released,,"http://data.europa.eu/esco/concept-scheme/occupations,
http://data.europa.eu/esco/concept-scheme/isco",
ISCOGroup,http://data.europa.eu/esco/isco/C2432,2432,Informasjonsrådgivere,released,,"http://data.europa.eu/esco/concept-scheme/occupations,
http://data.europa.eu/esco/concept-scheme/isco",
ISCOGroup,http://data.europa.eu/esco/isco/C2433,2433,Salgskonsulenter innen tekniske og medisinske produkter,released,,"http://data.europa.eu/esco/concept-scheme/occupations,
http://data.europa.eu/esco/concept-scheme/isco",
ISCOGroup,http://data.europa.eu/esco/isco/C2434,2434,Salgskonsulenter innen IKT-produkter,released,,"http://data.europa.eu/esco/concept-scheme/occupations,
http://data.europa.eu/esco/concept-scheme/isco",
ISCOGroup,http://data.europa.eu/esco/isco/C25,25,IKT-rådgivere,released,,"http://data.europa.eu/esco/concept-scheme/occupations,
http://data.europa.eu/esco/concept-scheme/isco",
ISCOGroup,http://data.europa.eu/esco/isco/C251,251,Programvare- og applikasjonsutviklere/analytikere,released,,"http://data.europa.eu/esco/concept-scheme/occupations,
http://data.europa.eu/esco/concept-scheme/isco",
ISCOGroup,http://data.europa.eu/esco/isco/C2511,2511,Systemanalytikere/-arkitekter,released,,"http://data.europa.eu/esco/concept-scheme/occupations,
http://data.europa.eu/esco/concept-scheme/isco",
ISCOGroup,http://data.europa.eu/esco/isco/C2512,2512,Programvareutviklere,released,,"http://data.europa.eu/esco/concept-scheme/occupations,
http://data.europa.eu/esco/concept-scheme/isco",
ISCOGroup,http://data.europa.eu/esco/isco/C2513,2513,Nett- og multimediautviklere,released,,"http://data.europa.eu/esco/concept-scheme/occupations,
http://data.europa.eu/esco/concept-scheme/isco",
ISCOGroup,http://data.europa.eu/esco/isco/C2514,2514,Applikasjonsprogrammerere,released,,"http://data.europa.eu/esco/concept-scheme/occupations,
http://data.europa.eu/esco/concept-scheme/isco",
ISCOGroup,http://data.europa.eu/esco/isco/C2519,2519,Andre programvare- og applikasjonsutviklere,released,,"http://data.europa.eu/esco/concept-scheme/occupations,
http://data.europa.eu/esco/concept-scheme/isco",
ISCOGroup,http://data.europa.eu/esco/isco/C252,252,Databasedesignere,released,,"http://data.europa.eu/esco/concept-scheme/occupations,
http://data.europa.eu/esco/concept-scheme/isco",
ISCOGroup,http://data.europa.eu/esco/isco/C2521,2521,Databasedesignere og -administratorer,released,,"http://data.europa.eu/esco/concept-scheme/occupations,
http://data.europa.eu/esco/concept-scheme/isco",
ISCOGroup,http://data.europa.eu/esco/isco/C2522,2522,Systemadministratorer,released,,"http://data.europa.eu/esco/concept-scheme/occupations,
http://data.europa.eu/esco/concept-scheme/isco",
ISCOGroup,http://data.europa.eu/esco/isco/C2523,2523,Nettverksansvarlige,released,,"http://data.europa.eu/esco/concept-scheme/occupations,
http://data.europa.eu/esco/concept-scheme/isco",
ISCOGroup,http://data.europa.eu/esco/isco/C2529,2529,Sikkerhetsanalytikere mv.,released,,"http://data.europa.eu/esco/concept-scheme/occupations,
http://data.europa.eu/esco/concept-scheme/isco",
ISCOGroup,http://data.europa.eu/esco/isco/C26,26,Juridiske,released,,"http://data.europa.eu/esco/concept-scheme/occupations,
http://data.europa.eu/esco/concept-scheme/isco",
ISCOGroup,http://data.europa.eu/esco/isco/C261,261,Juridiske yrker,released,,"http://data.europa.eu/esco/concept-scheme/occupations,
http://data.europa.eu/esco/concept-scheme/isco",
ISCOGroup,http://data.europa.eu/esco/isco/C2611,2611,Jurister og advokater,released,,"http://data.europa.eu/esco/concept-scheme/occupations,
http://data.europa.eu/esco/concept-scheme/isco",
ISCOGroup,http://data.europa.eu/esco/isco/C2612,2612,Dommere,released,,"http://data.europa.eu/esco/concept-scheme/occupations,
http://data.europa.eu/esco/concept-scheme/isco",
ISCOGroup,http://data.europa.eu/esco/isco/C2619,2619,Andre juridiske yrker,released,,"http://data.europa.eu/esco/concept-scheme/occupations,
http://data.europa.eu/esco/concept-scheme/isco",
ISCOGroup,http://data.europa.eu/esco/isco/C262,262,Bibliotekarer,released,,"http://data.europa.eu/esco/concept-scheme/occupations,
http://data.europa.eu/esco/concept-scheme/isco",
ISCOGroup,http://data.europa.eu/esco/isco/C2621,2621,Arkivarer og kuratorer,released,,"http://data.europa.eu/esco/concept-scheme/occupations,
http://data.europa.eu/esco/concept-scheme/isco",
ISCOGroup,http://data.europa.eu/esco/isco/C2622,2622,Bibliotekarer og andre informasjonsarbeidere,released,,"http://data.europa.eu/esco/concept-scheme/occupations,
http://data.europa.eu/esco/concept-scheme/isco",
ISCOGroup,http://data.europa.eu/esco/isco/C263,263,Samfunnsvitenskapelige,released,,"http://data.europa.eu/esco/concept-scheme/occupations,
http://data.europa.eu/esco/concept-scheme/isco",
ISCOGroup,http://data.europa.eu/esco/isco/C2631,2631,Rådgivere/forskere,released,,"http://data.europa.eu/esco/concept-scheme/occupations,
http://data.europa.eu/esco/concept-scheme/isco",
ISCOGroup,http://data.europa.eu/esco/isco/C2632,2632,Rådgivere/forskere,released,,"http://data.europa.eu/esco/concept-scheme/occupations,
http://data.europa.eu/esco/concept-scheme/isco",
ISCOGroup,http://data.europa.eu/esco/isco/C2633,2633,Rådgivere/forskere,released,,"http://data.europa.eu/esco/concept-scheme/occupations,
http://data.europa.eu/esco/concept-scheme/isco",
ISCOGroup,http://data.europa.eu/esco/isco/C2634,2634,Psykologer,released,,"http://data.europa.eu/esco/concept-scheme/occupations,
http://data.europa.eu/esco/concept-scheme/isco",
ISCOGroup,http://data.europa.eu/esco/isco/C2635,2635,Rådgivere innen sosiale fagfelt,released,,"http://data.europa.eu/esco/concept-scheme/occupations,
http://data.europa.eu/esco/concept-scheme/isco",
ISCOGroup,http://data.europa.eu/esco/isco/C2636,2636,Geistlige yrker,released,,"http://data.europa.eu/esco/concept-scheme/occupations,
http://data.europa.eu/esco/concept-scheme/isco",
ISCOGroup,http://data.europa.eu/esco/isco/C264,264,Forfattere,released,,"http://data.europa.eu/esco/concept-scheme/occupations,
http://data.europa.eu/esco/concept-scheme/isco",
ISCOGroup,http://data.europa.eu/esco/isco/C2641,2641,Forfattere mv.,released,,"http://data.europa.eu/esco/concept-scheme/occupations,
http://data.europa.eu/esco/concept-scheme/isco",
ISCOGroup,http://data.europa.eu/esco/isco/C2642,2642,Journalister,released,,"http://data.europa.eu/esco/concept-scheme/occupations,
http://data.europa.eu/esco/concept-scheme/isco",
ISCOGroup,http://data.europa.eu/esco/isco/C2643,2643,Oversettere,released,,"http://data.europa.eu/esco/concept-scheme/occupations,
http://data.europa.eu/esco/concept-scheme/isco",
ISCOGroup,http://data.europa.eu/esco/isco/C265,265,Profesjonelle kunstnere,released,,"http://data.europa.eu/esco/concept-scheme/occupations,
http://data.europa.eu/esco/concept-scheme/isco",
ISCOGroup,http://data.europa.eu/esco/isco/C2651,2651,Skulptører,released,,"http://data.europa.eu/esco/concept-scheme/occupations,
http://data.europa.eu/esco/concept-scheme/isco",
ISCOGroup,http://data.europa.eu/esco/isco/C2652,2652,Dirigenter,released,,"http://data.europa.eu/esco/concept-scheme/occupations,
http://data.europa.eu/esco/concept-scheme/isco",
ISCOGroup,http://data.europa.eu/esco/isco/C2653,2653,Koreografer og dansere,released,,"http://data.europa.eu/esco/concept-scheme/occupations,
http://data.europa.eu/esco/concept-scheme/isco",
ISCOGroup,http://data.europa.eu/esco/isco/C2654,2654,Regissører,released,,"http://data.europa.eu/esco/concept-scheme/occupations,
http://data.europa.eu/esco/concept-scheme/isco",
ISCOGroup,http://data.europa.eu/esco/isco/C2655,2655,Skuespillere,released,,"http://data.europa.eu/esco/concept-scheme/occupations,
http://data.europa.eu/esco/concept-scheme/isco",
ISCOGroup,http://data.europa.eu/esco/isco/C2656,2656,Programledere i TV og radio,released,,"http://data.europa.eu/esco/concept-scheme/occupations,
http://data.europa.eu/esco/concept-scheme/isco",
ISCOGroup,http://data.europa.eu/esco/isco/C2659,2659,Andre utøvende kunstneriske yrker,released,,"http://data.europa.eu/esco/concept-scheme/occupations,
http://data.europa.eu/esco/concept-scheme/isco",
ISCOGroup,http://data.europa.eu/esco/isco/C3,3,Høyskoleyrker,released,,"http://data.europa.eu/esco/concept-scheme/occupations,
http://data.europa.eu/esco/concept-scheme/isco",
ISCOGroup,http://data.europa.eu/esco/isco/C31,31,Ingeniører mv.,released,,"http://data.europa.eu/esco/concept-scheme/occupations,
http://data.europa.eu/esco/concept-scheme/isco",
ISCOGroup,http://data.europa.eu/esco/isco/C311,311,Ingeniører,released,,"http://data.europa.eu/esco/concept-scheme/occupations,
http://data.europa.eu/esco/concept-scheme/isco",
ISCOGroup,http://data.europa.eu/esco/isco/C3111,3111,,released,,"http://data.europa.eu/esco/concept-scheme/occupations,
http://data.europa.eu/esco/concept-scheme/isco",
ISCOGroup,http://data.europa.eu/esco/isco/C3112,3112,Bygningsingeniører,released,,"http://data.europa.eu/esco/concept-scheme/occupations,
http://data.europa.eu/esco/concept-scheme/isco",
ISCOGroup,http://data.europa.eu/esco/isco/C3113,3113,Elkraftingeniører,released,,"http://data.europa.eu/esco/concept-scheme/occupations,
http://data.europa.eu/esco/concept-scheme/isco",
ISCOGroup,http://data.europa.eu/esco/isco/C3114,3114,Elektronikkingeniører,released,,"http://data.europa.eu/esco/concept-scheme/occupations,
http://data.europa.eu/esco/concept-scheme/isco",
ISCOGroup,http://data.europa.eu/esco/isco/C3115,3115,Maskiningeniører,released,,"http://data.europa.eu/esco/concept-scheme/occupations,
http://data.europa.eu/esco/concept-scheme/isco",
ISCOGroup,http://data.europa.eu/esco/isco/C3116,3116,Kjemiingeniører,released,,"http://data.europa.eu/esco/concept-scheme/occupations,
http://data.europa.eu/esco/concept-scheme/isco",
ISCOGroup,http://data.europa.eu/esco/isco/C3117,3117,Ingeniører innen petroleum,released,,"http://data.europa.eu/esco/concept-scheme/occupations,
http://data.europa.eu/esco/concept-scheme/isco",
ISCOGroup,http://data.europa.eu/esco/isco/C3118,3118,Tekniske tegnere,released,,"http://data.europa.eu/esco/concept-scheme/occupations,
http://data.europa.eu/esco/concept-scheme/isco",
ISCOGroup,http://data.europa.eu/esco/isco/C3119,3119,Andre ingeniører,released,,"http://data.europa.eu/esco/concept-scheme/occupations,
http://data.europa.eu/esco/concept-scheme/isco",
ISCOGroup,http://data.europa.eu/esco/isco/C312,312,Arbeidsledere innen bergfag,released,,"http://data.europa.eu/esco/concept-scheme/occupations,
http://data.europa.eu/esco/concept-scheme/isco",
ISCOGroup,http://data.europa.eu/esco/isco/C3121,3121,Arbeidsleder,released,,"http://data.europa.eu/esco/concept-scheme/occupations,
http://data.europa.eu/esco/concept-scheme/isco",
ISCOGroup,http://data.europa.eu/esco/isco/C3122,3122,Arbeidsleder,released,,"http://data.europa.eu/esco/concept-scheme/occupations,
http://data.europa.eu/esco/concept-scheme/isco",
ISCOGroup,http://data.europa.eu/esco/isco/C3123,3123,Arbeidsleder,released,,"http://data.europa.eu/esco/concept-scheme/occupations,
http://data.europa.eu/esco/concept-scheme/isco",
ISCOGroup,http://data.europa.eu/esco/isco/C313,313,Prosesskontrollører,released,,"http://data.europa.eu/esco/concept-scheme/occupations,
http://data.europa.eu/esco/concept-scheme/isco",
ISCOGroup,http://data.europa.eu/esco/isco/C3131,3131,Energikontrolloperatører,released,,"http://data.europa.eu/esco/concept-scheme/occupations,
http://data.europa.eu/esco/concept-scheme/isco",
ISCOGroup,http://data.europa.eu/esco/isco/C3132,3132,Kontrolloperatører ved forbrennings- kjøle- og vannrenseanlegg mv.,released,,"http://data.europa.eu/esco/concept-scheme/occupations,
http://data.europa.eu/esco/concept-scheme/isco",
ISCOGroup,http://data.europa.eu/esco/isco/C3133,3133,Kontrolloperatører innen kjemisk prosessindustri,released,,"http://data.europa.eu/esco/concept-scheme/occupations,
http://data.europa.eu/esco/concept-scheme/isco",
ISCOGroup,http://data.europa.eu/esco/isco/C3134,3134,Kontrolloperatører ved olje- og naturgassraffineringsanlegg,released,,"http://data.europa.eu/esco/concept-scheme/occupations,
http://data.europa.eu/esco/concept-scheme/isco",
ISCOGroup,http://data.europa.eu/esco/isco/C3135,3135,Kontrolloperatører innen metallproduksjon,released,,"http://data.europa.eu/esco/concept-scheme/occupations,
http://data.europa.eu/esco/concept-scheme/isco",
ISCOGroup,http://data.europa.eu/esco/isco/C3139,3139,Andre prosesskontrolloperatører,released,,"http://data.europa.eu/esco/concept-scheme/occupations,
http://data.europa.eu/esco/concept-scheme/isco",
ISCOGroup,http://data.europa.eu/esco/isco/C314,314,Bioteknikere mv.,released,,"http://data.europa.eu/esco/concept-scheme/occupations,
http://data.europa.eu/esco/concept-scheme/isco",
ISCOGroup,http://data.europa.eu/esco/isco/C3141,3141,Bioteknikere (ikke-medisinske laboratorier),released,,"http://data.europa.eu/esco/concept-scheme/occupations,
http://data.europa.eu/esco/concept-scheme/isco",
ISCOGroup,http://data.europa.eu/esco/isco/C3142,3142,Agroteknikere,released,,"http://data.europa.eu/esco/concept-scheme/occupations,
http://data.europa.eu/esco/concept-scheme/isco",
ISCOGroup,http://data.europa.eu/esco/isco/C3143,3143,Skogteknikere,released,,"http://data.europa.eu/esco/concept-scheme/occupations,
http://data.europa.eu/esco/concept-scheme/isco",
ISCOGroup,http://data.europa.eu/esco/isco/C315,315,Skipoffiserer,released,,"http://data.europa.eu/esco/concept-scheme/occupations,
http://data.europa.eu/esco/concept-scheme/isco",
ISCOGroup,http://data.europa.eu/esco/isco/C3151,3151,Skipsmaskinister,released,,"http://data.europa.eu/esco/concept-scheme/occupations,
http://data.europa.eu/esco/concept-scheme/isco",
ISCOGroup,http://data.europa.eu/esco/isco/C3152,3152,Dekksoffiserer og loser,released,,"http://data.europa.eu/esco/concept-scheme/occupations,
http://data.europa.eu/esco/concept-scheme/isco",
ISCOGroup,http://data.europa.eu/esco/isco/C3153,3153,Flygere,released,,"http://data.europa.eu/esco/concept-scheme/occupations,
http://data.europa.eu/esco/concept-scheme/isco",
ISCOGroup,http://data.europa.eu/esco/isco/C3154,3154,Flygeledere,released,,"http://data.europa.eu/esco/concept-scheme/occupations,
http://data.europa.eu/esco/concept-scheme/isco",
ISCOGroup,http://data.europa.eu/esco/isco/C3155,3155,Teknikere innen luftfartssikkerhet,released,,"http://data.europa.eu/esco/concept-scheme/occupations,
http://data.europa.eu/esco/concept-scheme/isco",
ISCOGroup,http://data.europa.eu/esco/isco/C32,32,Helserelaterte yrker,released,,"http://data.europa.eu/esco/concept-scheme/occupations,
http://data.europa.eu/esco/concept-scheme/isco",
ISCOGroup,http://data.europa.eu/esco/isco/C321,321,Radiografer,released,,"http://data.europa.eu/esco/concept-scheme/occupations,
http://data.europa.eu/esco/concept-scheme/isco",
ISCOGroup,http://data.europa.eu/esco/isco/C3211,3211,Radiografer mv.,released,,"http://data.europa.eu/esco/concept-scheme/occupations,
http://data.europa.eu/esco/concept-scheme/isco",
ISCOGroup,http://data.europa.eu/esco/isco/C3212,3212,Bioingeniører,released,,"http://data.europa.eu/esco/concept-scheme/occupations,
http://data.europa.eu/esco/concept-scheme/isco",
ISCOGroup,http://data.europa.eu/esco/isco/C3213,3213,Reseptarer,released,,"http://data.europa.eu/esco/concept-scheme/occupations,
http://data.europa.eu/esco/concept-scheme/isco",
ISCOGroup,http://data.europa.eu/esco/isco/C3214,3214,Protese- og tannteknikere,released,,"http://data.europa.eu/esco/concept-scheme/occupations,
http://data.europa.eu/esco/concept-scheme/isco",
ISCOGroup,http://data.europa.eu/esco/isco/C322,322,,released,,"http://data.europa.eu/esco/concept-scheme/occupations,
http://data.europa.eu/esco/concept-scheme/isco",
ISCOGroup,http://data.europa.eu/esco/isco/C3221,3221,,released,,"http://data.europa.eu/esco/concept-scheme/occupations,
http://data.europa.eu/esco/concept-scheme/isco",
ISCOGroup,http://data.europa.eu/esco/isco/C3222,3222,,released,,"http://data.europa.eu/esco/concept-scheme/occupations,
http://data.europa.eu/esco/concept-scheme/isco",
ISCOGroup,http://data.europa.eu/esco/isco/C323,323,Yrker innen alternativ medisin,released,,"http://data.europa.eu/esco/concept-scheme/occupations,
http://data.europa.eu/esco/concept-scheme/isco",
ISCOGroup,http://data.europa.eu/esco/isco/C3230,3230,Yrker innen alternativ medisin,released,,"http://data.europa.eu/esco/concept-scheme/occupations,
http://data.europa.eu/esco/concept-scheme/isco",
ISCOGroup,http://data.europa.eu/esco/isco/C324,324,Dyrepleiere,released,,"http://data.europa.eu/esco/concept-scheme/occupations,
http://data.europa.eu/esco/concept-scheme/isco",
ISCOGroup,http://data.europa.eu/esco/isco/C3240,3240,Dyrepleiere,released,,"http://data.europa.eu/esco/concept-scheme/occupations,
http://data.europa.eu/esco/concept-scheme/isco",
ISCOGroup,http://data.europa.eu/esco/isco/C325,325,Andre helseyrker,released,,"http://data.europa.eu/esco/concept-scheme/occupations,
http://data.europa.eu/esco/concept-scheme/isco",
ISCOGroup,http://data.europa.eu/esco/isco/C3251,3251,Tannpleiere,released,,"http://data.europa.eu/esco/concept-scheme/occupations,
http://data.europa.eu/esco/concept-scheme/isco",
ISCOGroup,http://data.europa.eu/esco/isco/C3252,3252,,released,,"http://data.europa.eu/esco/concept-scheme/occupations,
http://data.europa.eu/esco/concept-scheme/isco",
ISCOGroup,http://data.europa.eu/esco/isco/C3253,3253,,released,,"http://data.europa.eu/esco/concept-scheme/occupations,
http://data.europa.eu/esco/concept-scheme/isco",
ISCOGroup,http://data.europa.eu/esco/isco/C3254,3254,Optikere,released,,"http://data.europa.eu/esco/concept-scheme/occupations,
http://data.europa.eu/esco/concept-scheme/isco",
ISCOGroup,http://data.europa.eu/esco/isco/C3255,3255,,released,,"http://data.europa.eu/esco/concept-scheme/occupations,
http://data.europa.eu/esco/concept-scheme/isco",
ISCOGroup,http://data.europa.eu/esco/isco/C3256,3256,Helsesekretærer,released,,"http://data.europa.eu/esco/concept-scheme/occupations,
http://data.europa.eu/esco/concept-scheme/isco",
ISCOGroup,http://data.europa.eu/esco/isco/C3257,3257,Helse- og miljøkontrollører,released,,"http://data.europa.eu/esco/concept-scheme/occupations,
http://data.europa.eu/esco/concept-scheme/isco",
ISCOGroup,http://data.europa.eu/esco/isco/C3258,3258,Ambulansepersonell,released,,"http://data.europa.eu/esco/concept-scheme/occupations,
http://data.europa.eu/esco/concept-scheme/isco",
ISCOGroup,http://data.europa.eu/esco/isco/C3259,3259,Andre helseyrker,released,,"http://data.europa.eu/esco/concept-scheme/occupations,
http://data.europa.eu/esco/concept-scheme/isco",
ISCOGroup,http://data.europa.eu/esco/isco/C33,33,Medarbeidere innen økonomi,released,,"http://data.europa.eu/esco/concept-scheme/occupations,
http://data.europa.eu/esco/concept-scheme/isco",
ISCOGroup,http://data.europa.eu/esco/isco/C331,331,Yrker innen finanstjenester,released,,"http://data.europa.eu/esco/concept-scheme/occupations,
http://data.europa.eu/esco/concept-scheme/isco",
ISCOGroup,http://data.europa.eu/esco/isco/C3311,3311,Finansmeglere,released,,"http://data.europa.eu/esco/concept-scheme/occupations,
http://data.europa.eu/esco/concept-scheme/isco",
ISCOGroup,http://data.europa.eu/esco/isco/C3312,3312,Kundebehandlere lån og kreditt,released,,"http://data.europa.eu/esco/concept-scheme/occupations,
http://data.europa.eu/esco/concept-scheme/isco",
ISCOGroup,http://data.europa.eu/esco/isco/C3313,3313,Regnskapsførere,released,,"http://data.europa.eu/esco/concept-scheme/occupations,
http://data.europa.eu/esco/concept-scheme/isco",
ISCOGroup,http://data.europa.eu/esco/isco/C3314,3314,,released,,"http://data.europa.eu/esco/concept-scheme/occupations,
http://data.europa.eu/esco/concept-scheme/isco",
ISCOGroup,http://data.europa.eu/esco/isco/C3315,3315,Takstmenn,released,,"http://data.europa.eu/esco/concept-scheme/occupations,
http://data.europa.eu/esco/concept-scheme/isco",
ISCOGroup,http://data.europa.eu/esco/isco/C332,332,Agenter og meglere,released,,"http://data.europa.eu/esco/concept-scheme/occupations,
http://data.europa.eu/esco/concept-scheme/isco",
ISCOGroup,http://data.europa.eu/esco/isco/C3321,3321,Forsikringsagenter,released,,"http://data.europa.eu/esco/concept-scheme/occupations,
http://data.europa.eu/esco/concept-scheme/isco",
ISCOGroup,http://data.europa.eu/esco/isco/C3322,3322,Selgere (engros),released,,"http://data.europa.eu/esco/concept-scheme/occupations,
http://data.europa.eu/esco/concept-scheme/isco",
ISCOGroup,http://data.europa.eu/esco/isco/C3323,3323,Innkjøpere,released,,"http://data.europa.eu/esco/concept-scheme/occupations,
http://data.europa.eu/esco/concept-scheme/isco",
ISCOGroup,http://data.europa.eu/esco/isco/C3324,3324,Handels- og skipsmeglere,released,,"http://data.europa.eu/esco/concept-scheme/occupations,
http://data.europa.eu/esco/concept-scheme/isco",
ISCOGroup,http://data.europa.eu/esco/isco/C333,333,Forretningstjenesteyrker,released,,"http://data.europa.eu/esco/concept-scheme/occupations,
http://data.europa.eu/esco/concept-scheme/isco",
ISCOGroup,http://data.europa.eu/esco/isco/C3331,3331,Speditører og befraktere,released,,"http://data.europa.eu/esco/concept-scheme/occupations,
http://data.europa.eu/esco/concept-scheme/isco",
ISCOGroup,http://data.europa.eu/esco/isco/C3332,3332,Konferanse- og arrangementsplanleggere mv.,released,,"http://data.europa.eu/esco/concept-scheme/occupations,
http://data.europa.eu/esco/concept-scheme/isco",
ISCOGroup,http://data.europa.eu/esco/isco/C3333,3333,Arbeidsformidlere,released,,"http://data.europa.eu/esco/concept-scheme/occupations,
http://data.europa.eu/esco/concept-scheme/isco",
ISCOGroup,http://data.europa.eu/esco/isco/C3334,3334,Eiendomsmeglere og - forvaltere,released,,"http://data.europa.eu/esco/concept-scheme/occupations,
http://data.europa.eu/esco/concept-scheme/isco",
ISCOGroup,http://data.europa.eu/esco/isco/C3339,3339,Andre yrker innen forretningstjenester,released,,"http://data.europa.eu/esco/concept-scheme/occupations,
http://data.europa.eu/esco/concept-scheme/isco",
ISCOGroup,http://data.europa.eu/esco/isco/C334,334,Sekretærer og arbeidsledere for kontorpersonell,released,,"http://data.europa.eu/esco/concept-scheme/occupations,
http://data.europa.eu/esco/concept-scheme/isco",
ISCOGroup,http://data.europa.eu/esco/isco/C3341,3341,Arbeidsledere for kontorpersonell,released,,"http://data.europa.eu/esco/concept-scheme/occupations,
http://data.europa.eu/esco/concept-scheme/isco",
ISCOGroup,http://data.europa.eu/esco/isco/C3342,3342,Advokatsekretær,released,,"http://data.europa.eu/esco/concept-scheme/occupations,
http://data.europa.eu/esco/concept-scheme/isco",
ISCOGroup,http://data.europa.eu/esco/isco/C3343,3343,Sjefssekretærer,released,,"http://data.europa.eu/esco/concept-scheme/occupations,
http://data.europa.eu/esco/concept-scheme/isco",
ISCOGroup,http://data.europa.eu/esco/isco/C3344,3344,,released,,"http://data.europa.eu/esco/concept-scheme/occupations,
http://data.europa.eu/esco/concept-scheme/isco",
ISCOGroup,http://data.europa.eu/esco/isco/C335,335,Yrker innen offentlig forvaltning,released,,"http://data.europa.eu/esco/concept-scheme/occupations,
http://data.europa.eu/esco/concept-scheme/isco",
ISCOGroup,http://data.europa.eu/esco/isco/C3351,3351,Tollere,released,,"http://data.europa.eu/esco/concept-scheme/occupations,
http://data.europa.eu/esco/concept-scheme/isco",
ISCOGroup,http://data.europa.eu/esco/isco/C3352,3352,Skattefunksjonærer,released,,"http://data.europa.eu/esco/concept-scheme/occupations,
http://data.europa.eu/esco/concept-scheme/isco",
ISCOGroup,http://data.europa.eu/esco/isco/C3353,3353,Saksbehandlere innen sosiale ytelser,released,,"http://data.europa.eu/esco/concept-scheme/occupations,
http://data.europa.eu/esco/concept-scheme/isco",
ISCOGroup,http://data.europa.eu/esco/isco/C3354,3354,Saksbehandlere for førerkort,released,,"http://data.europa.eu/esco/concept-scheme/occupations,
http://data.europa.eu/esco/concept-scheme/isco",
ISCOGroup,http://data.europa.eu/esco/isco/C3355,3355,Politibetjenter mv.,released,,"http://data.europa.eu/esco/concept-scheme/occupations,
http://data.europa.eu/esco/concept-scheme/isco",
ISCOGroup,http://data.europa.eu/esco/isco/C3359,3359,Andre yrker innen offentlig forvaltning,released,,"http://data.europa.eu/esco/concept-scheme/occupations,
http://data.europa.eu/esco/concept-scheme/isco",
ISCOGroup,http://data.europa.eu/esco/isco/C34,34,Yrker innen kultur,released,,"http://data.europa.eu/esco/concept-scheme/occupations,
http://data.europa.eu/esco/concept-scheme/isco",
ISCOGroup,http://data.europa.eu/esco/isco/C341,341,Yrker innen sosialarbeid og kultur,released,,"http://data.europa.eu/esco/concept-scheme/occupations,
http://data.europa.eu/esco/concept-scheme/isco",
ISCOGroup,http://data.europa.eu/esco/isco/C3411,3411,Privatetterforskere mv.,released,,"http://data.europa.eu/esco/concept-scheme/occupations,
http://data.europa.eu/esco/concept-scheme/isco",
ISCOGroup,http://data.europa.eu/esco/isco/C3412,3412,Miljøarbeidere innen sosiale fagfelt,released,,"http://data.europa.eu/esco/concept-scheme/occupations,
http://data.europa.eu/esco/concept-scheme/isco",
ISCOGroup,http://data.europa.eu/esco/isco/C3413,3413,Religiøse yrker,released,,"http://data.europa.eu/esco/concept-scheme/occupations,
http://data.europa.eu/esco/concept-scheme/isco",
ISCOGroup,http://data.europa.eu/esco/isco/C342,342,Yrker innen sport og idrett,released,,"http://data.europa.eu/esco/concept-scheme/occupations,
http://data.europa.eu/esco/concept-scheme/isco",
ISCOGroup,http://data.europa.eu/esco/isco/C3421,3421,Idrettsutøvere,released,,"http://data.europa.eu/esco/concept-scheme/occupations,
http://data.europa.eu/esco/concept-scheme/isco",
ISCOGroup,http://data.europa.eu/esco/isco/C3422,3422,Trenere og idrettsdommere,released,,"http://data.europa.eu/esco/concept-scheme/occupations,
http://data.europa.eu/esco/concept-scheme/isco",
ISCOGroup,http://data.europa.eu/esco/isco/C3423,3423,Sports- og aktivitetsinstruktører,released,,"http://data.europa.eu/esco/concept-scheme/occupations,
http://data.europa.eu/esco/concept-scheme/isco",
ISCOGroup,http://data.europa.eu/esco/isco/C343,343,Yrker innen estetiske fag,released,,"http://data.europa.eu/esco/concept-scheme/occupations,
http://data.europa.eu/esco/concept-scheme/isco",
ISCOGroup,http://data.europa.eu/esco/isco/C3431,3431,Fotografer og filmfotografer,released,,"http://data.europa.eu/esco/concept-scheme/occupations,
http://data.europa.eu/esco/concept-scheme/isco",
ISCOGroup,http://data.europa.eu/esco/isco/C3432,3432,Interiørdesignere og dekoratører,released,,"http://data.europa.eu/esco/concept-scheme/occupations,
http://data.europa.eu/esco/concept-scheme/isco",
ISCOGroup,http://data.europa.eu/esco/isco/C3433,3433,Tekniske konservatorer,released,,"http://data.europa.eu/esco/concept-scheme/occupations,
http://data.europa.eu/esco/concept-scheme/isco",
ISCOGroup,http://data.europa.eu/esco/isco/C3434,3434,Sjefskokker,released,,"http://data.europa.eu/esco/concept-scheme/occupations,
http://data.europa.eu/esco/concept-scheme/isco",
ISCOGroup,http://data.europa.eu/esco/isco/C3435,3435,,released,,"http://data.europa.eu/esco/concept-scheme/occupations,
http://data.europa.eu/esco/concept-scheme/isco",
ISCOGroup,http://data.europa.eu/esco/isco/C35,35,IKT-teknikere,released,,"http://data.europa.eu/esco/concept-scheme/occupations,
http://data.europa.eu/esco/concept-scheme/isco",
ISCOGroup,http://data.europa.eu/esco/isco/C351,351,Operatører og brukerstøtte,released,,"http://data.europa.eu/esco/concept-scheme/occupations,
http://data.europa.eu/esco/concept-scheme/isco",
ISCOGroup,http://data.europa.eu/esco/isco/C3511,3511,Driftsteknikere,released,,"http://data.europa.eu/esco/concept-scheme/occupations,
http://data.europa.eu/esco/concept-scheme/isco",
ISCOGroup,http://data.europa.eu/esco/isco/C3512,3512,Brukerstøtte,released,,"http://data.europa.eu/esco/concept-scheme/occupations,
http://data.europa.eu/esco/concept-scheme/isco",
ISCOGroup,http://data.europa.eu/esco/isco/C3513,3513,Nettverks- og systemteknikere,released,,"http://data.europa.eu/esco/concept-scheme/occupations,
http://data.europa.eu/esco/concept-scheme/isco",
ISCOGroup,http://data.europa.eu/esco/isco/C3514,3514,Internett-teknikere,released,,"http://data.europa.eu/esco/concept-scheme/occupations,
http://data.europa.eu/esco/concept-scheme/isco",
ISCOGroup,http://data.europa.eu/esco/isco/C352,352,Teknikere innen kringkasting og telekom,released,,"http://data.europa.eu/esco/concept-scheme/occupations,
http://data.europa.eu/esco/concept-scheme/isco",
ISCOGroup,http://data.europa.eu/esco/isco/C3521,3521,Teknikere innen radio og tv,released,,"http://data.europa.eu/esco/concept-scheme/occupations,
http://data.europa.eu/esco/concept-scheme/isco",
ISCOGroup,http://data.europa.eu/esco/isco/C3522,3522,Teknikere innen telekom,released,,"http://data.europa.eu/esco/concept-scheme/occupations,
http://data.europa.eu/esco/concept-scheme/isco",
ISCOGroup,http://data.europa.eu/esco/isco/C4,4,Kontoryrker,released,,"http://data.europa.eu/esco/concept-scheme/occupations,
http://data.europa.eu/esco/concept-scheme/isco",
ISCOGroup,http://data.europa.eu/esco/isco/C41,41,Kontormedarbeidere,released,,"http://data.europa.eu/esco/concept-scheme/occupations,
http://data.europa.eu/esco/concept-scheme/isco",
ISCOGroup,http://data.europa.eu/esco/isco/C411,411,Kontormedarbeidere,released,,"http://data.europa.eu/esco/concept-scheme/occupations,
http://data.europa.eu/esco/concept-scheme/isco",
ISCOGroup,http://data.europa.eu/esco/isco/C4110,4110,Kontormedarbeidere,released,,"http://data.europa.eu/esco/concept-scheme/occupations,
http://data.europa.eu/esco/concept-scheme/isco",
ISCOGroup,http://data.europa.eu/esco/isco/C412,412,,released,,"http://data.europa.eu/esco/concept-scheme/occupations,
http://data.europa.eu/esco/concept-scheme/isco",
ISCOGroup,http://data.europa.eu/esco/isco/C4120,4120,,released,,"http://data.europa.eu/esco/concept-scheme/occupations,
http://data.europa.eu/esco/concept-scheme/isco",
ISCOGroup,http://data.europa.eu/esco/isco/C413,413,Dataregistrere og stenografer,released,,"http://data.europa.eu/esco/concept-scheme/occupations,
http://data.europa.eu/esco/concept-scheme/isco",
ISCOGroup,http://data.europa.eu/esco/isco/C4131,4131,Stenografer mv.,released,,"http://data.europa.eu/esco/concept-scheme/occupations,
http://data.europa.eu/esco/concept-scheme/isco",
ISCOGroup,http://data.europa.eu/esco/isco/C4132,4132,Dataregistrere,released,,"http://data.europa.eu/esco/concept-scheme/occupations,
http://data.europa.eu/esco/concept-scheme/isco",
ISCOGroup,http://data.europa.eu/esco/isco/C42,42,Kundeserviceyrker,released,,"http://data.europa.eu/esco/concept-scheme/occupations,
http://data.europa.eu/esco/concept-scheme/isco",
ISCOGroup,http://data.europa.eu/esco/isco/C421,421,Kundebehandlere,released,,"http://data.europa.eu/esco/concept-scheme/occupations,
http://data.europa.eu/esco/concept-scheme/isco",
ISCOGroup,http://data.europa.eu/esco/isco/C4211,4211,Kundebehandlere,released,,"http://data.europa.eu/esco/concept-scheme/occupations,
http://data.europa.eu/esco/concept-scheme/isco",
ISCOGroup,http://data.europa.eu/esco/isco/C4212,4212,Bingoverter,released,,"http://data.europa.eu/esco/concept-scheme/occupations,
http://data.europa.eu/esco/concept-scheme/isco",
ISCOGroup,http://data.europa.eu/esco/isco/C4213,4213,Pantelånere mv.,released,,"http://data.europa.eu/esco/concept-scheme/occupations,
http://data.europa.eu/esco/concept-scheme/isco",
ISCOGroup,http://data.europa.eu/esco/isco/C4214,4214,Inkassomedarbeidere mv.,released,,"http://data.europa.eu/esco/concept-scheme/occupations,
http://data.europa.eu/esco/concept-scheme/isco",
ISCOGroup,http://data.europa.eu/esco/isco/C422,422,Reisebyrå-,released,,"http://data.europa.eu/esco/concept-scheme/occupations,
http://data.europa.eu/esco/concept-scheme/isco",
ISCOGroup,http://data.europa.eu/esco/isco/C4221,4221,Reisebyråmedarbeidere mv.,released,,"http://data.europa.eu/esco/concept-scheme/occupations,
http://data.europa.eu/esco/concept-scheme/isco",
ISCOGroup,http://data.europa.eu/esco/isco/C4222,4222,Kundesentermedarbeidere,released,,"http://data.europa.eu/esco/concept-scheme/occupations,
http://data.europa.eu/esco/concept-scheme/isco",
ISCOGroup,http://data.europa.eu/esco/isco/C4223,4223,Sentralbordoperatører,released,,"http://data.europa.eu/esco/concept-scheme/occupations,
http://data.europa.eu/esco/concept-scheme/isco",
ISCOGroup,http://data.europa.eu/esco/isco/C4224,4224,Hotellresepsjonister,released,,"http://data.europa.eu/esco/concept-scheme/occupations,
http://data.europa.eu/esco/concept-scheme/isco",
ISCOGroup,http://data.europa.eu/esco/isco/C4225,4225,Informasjonsskrankemedarbeidere,released,,"http://data.europa.eu/esco/concept-scheme/occupations,
http://data.europa.eu/esco/concept-scheme/isco",
ISCOGroup,http://data.europa.eu/esco/isco/C4226,4226,Resepsjonister (ekskl. hotell),released,,"http://data.europa.eu/esco/concept-scheme/occupations,
http://data.europa.eu/esco/concept-scheme/isco",
ISCOGroup,http://data.europa.eu/esco/isco/C4227,4227,Intervjuere,released,,"http://data.europa.eu/esco/concept-scheme/occupations,
http://data.europa.eu/esco/concept-scheme/isco",
ISCOGroup,http://data.europa.eu/esco/isco/C4229,4229,Andre opplysningsmedarbeidere,released,,"http://data.europa.eu/esco/concept-scheme/occupations,
http://data.europa.eu/esco/concept-scheme/isco",
ISCOGroup,http://data.europa.eu/esco/isco/C43,43,Økonomi- og logistikkmedarbeidere,released,,"http://data.europa.eu/esco/concept-scheme/occupations,
http://data.europa.eu/esco/concept-scheme/isco",
ISCOGroup,http://data.europa.eu/esco/isco/C431,431,Regnskaps- og lønnsmedarbeidere mv.,released,,"http://data.europa.eu/esco/concept-scheme/occupations,
http://data.europa.eu/esco/concept-scheme/isco",
ISCOGroup,http://data.europa.eu/esco/isco/C4311,4311,Regnskapsmedarbeidere,released,,"http://data.europa.eu/esco/concept-scheme/occupations,
http://data.europa.eu/esco/concept-scheme/isco",
ISCOGroup,http://data.europa.eu/esco/isco/C4312,4312,Forsikrings- og finansmedarbeidere,released,,"http://data.europa.eu/esco/concept-scheme/occupations,
http://data.europa.eu/esco/concept-scheme/isco",
ISCOGroup,http://data.europa.eu/esco/isco/C4313,4313,Lønningsmedarbeidere,released,,"http://data.europa.eu/esco/concept-scheme/occupations,
http://data.europa.eu/esco/concept-scheme/isco",
ISCOGroup,http://data.europa.eu/esco/isco/C432,432,Lager- og transportmedarbeidere,released,,"http://data.europa.eu/esco/concept-scheme/occupations,
http://data.europa.eu/esco/concept-scheme/isco",
ISCOGroup,http://data.europa.eu/esco/isco/C4321,4321,Lagermedarbeidere og material-forvaltere,released,,"http://data.europa.eu/esco/concept-scheme/occupations,
http://data.europa.eu/esco/concept-scheme/isco",
ISCOGroup,http://data.europa.eu/esco/isco/C4322,4322,Logistikkmedarbeidere,released,,"http://data.europa.eu/esco/concept-scheme/occupations,
http://data.europa.eu/esco/concept-scheme/isco",
ISCOGroup,http://data.europa.eu/esco/isco/C4323,4323,Transportfunksjonærer,released,,"http://data.europa.eu/esco/concept-scheme/occupations,
http://data.europa.eu/esco/concept-scheme/isco",
ISCOGroup,http://data.europa.eu/esco/isco/C44,44,Postbud,released,,"http://data.europa.eu/esco/concept-scheme/occupations,
http://data.europa.eu/esco/concept-scheme/isco",
ISCOGroup,http://data.europa.eu/esco/isco/C441,441,Postbud,released,,"http://data.europa.eu/esco/concept-scheme/occupations,
http://data.europa.eu/esco/concept-scheme/isco",
ISCOGroup,http://data.europa.eu/esco/isco/C4411,4411,Bibliotekassistenter,released,,"http://data.europa.eu/esco/concept-scheme/occupations,
http://data.europa.eu/esco/concept-scheme/isco",
ISCOGroup,http://data.europa.eu/esco/isco/C4412,4412,Postbud og postsorterere,released,,"http://data.europa.eu/esco/concept-scheme/occupations,
http://data.europa.eu/esco/concept-scheme/isco",
ISCOGroup,http://data.europa.eu/esco/isco/C4413,4413,Kodere mv.,released,,"http://data.europa.eu/esco/concept-scheme/occupations,
http://data.europa.eu/esco/concept-scheme/isco",
ISCOGroup,http://data.europa.eu/esco/isco/C4414,4414,,released,,"http://data.europa.eu/esco/concept-scheme/occupations,
http://data.europa.eu/esco/concept-scheme/isco",
ISCOGroup,http://data.europa.eu/esco/isco/C4415,4415,Arkivassistenter,released,,"http://data.europa.eu/esco/concept-scheme/occupations,
http://data.europa.eu/esco/concept-scheme/isco",
ISCOGroup,http://data.europa.eu/esco/isco/C4416,4416,Personalkontormedarbeidere,released,,"http://data.europa.eu/esco/concept-scheme/occupations,
http://data.europa.eu/esco/concept-scheme/isco",
ISCOGroup,http://data.europa.eu/esco/isco/C4419,4419,,released,,"http://data.europa.eu/esco/concept-scheme/occupations,
http://data.europa.eu/esco/concept-scheme/isco",
ISCOGroup,http://data.europa.eu/esco/isco/C5,5,Salgs- og serviceyrker,released,,"http://data.europa.eu/esco/concept-scheme/occupations,
http://data.europa.eu/esco/concept-scheme/isco",
ISCOGroup,http://data.europa.eu/esco/isco/C51,51,Yrker innen personlig tjenesteyting,released,,"http://data.europa.eu/esco/concept-scheme/occupations,
http://data.europa.eu/esco/concept-scheme/isco",
ISCOGroup,http://data.europa.eu/esco/isco/C511,511,Persontransportpersonell,released,,"http://data.europa.eu/esco/concept-scheme/occupations,
http://data.europa.eu/esco/concept-scheme/isco",
ISCOGroup,http://data.europa.eu/esco/isco/C5111,5111,Flyverter,released,,"http://data.europa.eu/esco/concept-scheme/occupations,
http://data.europa.eu/esco/concept-scheme/isco",
ISCOGroup,http://data.europa.eu/esco/isco/C5112,5112,Konduktører,released,,"http://data.europa.eu/esco/concept-scheme/occupations,
http://data.europa.eu/esco/concept-scheme/isco",
ISCOGroup,http://data.europa.eu/esco/isco/C5113,5113,Reiseledere og guider,released,,"http://data.europa.eu/esco/concept-scheme/occupations,
http://data.europa.eu/esco/concept-scheme/isco",
ISCOGroup,http://data.europa.eu/esco/isco/C512,512,Kokker,released,,"http://data.europa.eu/esco/concept-scheme/occupations,
http://data.europa.eu/esco/concept-scheme/isco",
ISCOGroup,http://data.europa.eu/esco/isco/C5120,5120,Kokker,released,,"http://data.europa.eu/esco/concept-scheme/occupations,
http://data.europa.eu/esco/concept-scheme/isco",
ISCOGroup,http://data.europa.eu/esco/isco/C513,513,Servitører og bartendere,released,,"http://data.europa.eu/esco/concept-scheme/occupations,
http://data.europa.eu/esco/concept-scheme/isco",
ISCOGroup,http://data.europa.eu/esco/isco/C5131,5131,Servitører,released,,"http://data.europa.eu/esco/concept-scheme/occupations,
http://data.europa.eu/esco/concept-scheme/isco",
ISCOGroup,http://data.europa.eu/esco/isco/C5132,5132,Bartendere,released,,"http://data.europa.eu/esco/concept-scheme/occupations,
http://data.europa.eu/esco/concept-scheme/isco",
ISCOGroup,http://data.europa.eu/esco/isco/C514,514,Frisører,released,,"http://data.europa.eu/esco/concept-scheme/occupations,
http://data.europa.eu/esco/concept-scheme/isco",
ISCOGroup,http://data.europa.eu/esco/isco/C5141,5141,Frisører,released,,"http://data.europa.eu/esco/concept-scheme/occupations,
http://data.europa.eu/esco/concept-scheme/isco",
ISCOGroup,http://data.europa.eu/esco/isco/C5142,5142,Kosmetologer mv.,released,,"http://data.europa.eu/esco/concept-scheme/occupations,
http://data.europa.eu/esco/concept-scheme/isco",
ISCOGroup,http://data.europa.eu/esco/isco/C515,515,Renholdsledere og vaktmestre,released,,"http://data.europa.eu/esco/concept-scheme/occupations,
http://data.europa.eu/esco/concept-scheme/isco",
ISCOGroup,http://data.europa.eu/esco/isco/C5151,5151,Renholdsledere i virksomheter,released,,"http://data.europa.eu/esco/concept-scheme/occupations,
http://data.europa.eu/esco/concept-scheme/isco",
ISCOGroup,http://data.europa.eu/esco/isco/C5152,5152,Husholdere,released,,"http://data.europa.eu/esco/concept-scheme/occupations,
http://data.europa.eu/esco/concept-scheme/isco",
ISCOGroup,http://data.europa.eu/esco/isco/C5153,5153,Vaktmestre,released,,"http://data.europa.eu/esco/concept-scheme/occupations,
http://data.europa.eu/esco/concept-scheme/isco",
ISCOGroup,http://data.europa.eu/esco/isco/C516,516,Andre yrker innen personlig tjenesteyting,released,,"http://data.europa.eu/esco/concept-scheme/occupations,
http://data.europa.eu/esco/concept-scheme/isco",
ISCOGroup,http://data.europa.eu/esco/isco/C5161,5161,Astrologer mv.,released,,"http://data.europa.eu/esco/concept-scheme/occupations,
http://data.europa.eu/esco/concept-scheme/isco",
ISCOGroup,http://data.europa.eu/esco/isco/C5162,5162,,released,,"http://data.europa.eu/esco/concept-scheme/occupations,
http://data.europa.eu/esco/concept-scheme/isco",
ISCOGroup,http://data.europa.eu/esco/isco/C5163,5163,Begravelsesbyrå- og krematoriearbeidere,released,,"http://data.europa.eu/esco/concept-scheme/occupations,
http://data.europa.eu/esco/concept-scheme/isco",
ISCOGroup,http://data.europa.eu/esco/isco/C5164,5164,Dyrepassere og - trenere mv.,released,,"http://data.europa.eu/esco/concept-scheme/occupations,
http://data.europa.eu/esco/concept-scheme/isco",
ISCOGroup,http://data.europa.eu/esco/isco/C5165,5165,Kjøreskolelærere,released,,"http://data.europa.eu/esco/concept-scheme/occupations,
http://data.europa.eu/esco/concept-scheme/isco",
ISCOGroup,http://data.europa.eu/esco/isco/C5169,5169,Andre personlige tjenesteytere,released,,"http://data.europa.eu/esco/concept-scheme/occupations,
http://data.europa.eu/esco/concept-scheme/isco",
ISCOGroup,http://data.europa.eu/esco/isco/C52,52,Salgsyrker,released,,"http://data.europa.eu/esco/concept-scheme/occupations,
http://data.europa.eu/esco/concept-scheme/isco",
ISCOGroup,http://data.europa.eu/esco/isco/C521,521,Torg og markedsselgere,released,,"http://data.europa.eu/esco/concept-scheme/occupations,
http://data.europa.eu/esco/concept-scheme/isco",
ISCOGroup,http://data.europa.eu/esco/isco/C5211,5211,Torghandlere,released,,"http://data.europa.eu/esco/concept-scheme/occupations,
http://data.europa.eu/esco/concept-scheme/isco",
ISCOGroup,http://data.europa.eu/esco/isco/C5212,5212,Gateselgere,released,,"http://data.europa.eu/esco/concept-scheme/occupations,
http://data.europa.eu/esco/concept-scheme/isco",
ISCOGroup,http://data.europa.eu/esco/isco/C522,522,Butikkselgere,released,,"http://data.europa.eu/esco/concept-scheme/occupations,
http://data.europa.eu/esco/concept-scheme/isco",
ISCOGroup,http://data.europa.eu/esco/isco/C5221,5221,Innehavere av kiosk/liten butikk,released,,"http://data.europa.eu/esco/concept-scheme/occupations,
http://data.europa.eu/esco/concept-scheme/isco",
ISCOGroup,http://data.europa.eu/esco/isco/C5222,5222,Butikkavdelingssjefer,released,,"http://data.europa.eu/esco/concept-scheme/occupations,
http://data.europa.eu/esco/concept-scheme/isco",
ISCOGroup,http://data.europa.eu/esco/isco/C5223,5223,Butikkmedarbeidere,released,,"http://data.europa.eu/esco/concept-scheme/occupations,
http://data.europa.eu/esco/concept-scheme/isco",
ISCOGroup,http://data.europa.eu/esco/isco/C523,523,Billettselgere,released,,"http://data.europa.eu/esco/concept-scheme/occupations,
http://data.europa.eu/esco/concept-scheme/isco",
ISCOGroup,http://data.europa.eu/esco/isco/C5230,5230,Billettselgere,released,,"http://data.europa.eu/esco/concept-scheme/occupations,
http://data.europa.eu/esco/concept-scheme/isco",
ISCOGroup,http://data.europa.eu/esco/isco/C524,524,Andre salgsyrker,released,,"http://data.europa.eu/esco/concept-scheme/occupations,
http://data.europa.eu/esco/concept-scheme/isco",
ISCOGroup,http://data.europa.eu/esco/isco/C5241,5241,Mannekenger og modeller,released,,"http://data.europa.eu/esco/concept-scheme/occupations,
http://data.europa.eu/esco/concept-scheme/isco",
ISCOGroup,http://data.europa.eu/esco/isco/C5242,5242,Demonstrasjonsselgere,released,,"http://data.europa.eu/esco/concept-scheme/occupations,
http://data.europa.eu/esco/concept-scheme/isco",
ISCOGroup,http://data.europa.eu/esco/isco/C5243,5243,Dørselgere,released,,"http://data.europa.eu/esco/concept-scheme/occupations,
http://data.europa.eu/esco/concept-scheme/isco",
ISCOGroup,http://data.europa.eu/esco/isco/C5244,5244,Telefon- og nettselgere,released,,"http://data.europa.eu/esco/concept-scheme/occupations,
http://data.europa.eu/esco/concept-scheme/isco",
ISCOGroup,http://data.europa.eu/esco/isco/C5245,5245,Servicemedarbeidere (bensinstasjon),released,,"http://data.europa.eu/esco/concept-scheme/occupations,
http://data.europa.eu/esco/concept-scheme/isco",
ISCOGroup,http://data.europa.eu/esco/isco/C5246,5246,Gatekjøkken- og kafémedarbeidere mv.,released,,"http://data.europa.eu/esco/concept-scheme/occupations,
http://data.europa.eu/esco/concept-scheme/isco",
ISCOGroup,http://data.europa.eu/esco/isco/C5249,5249,Andre salgsmedarbeidere,released,,"http://data.europa.eu/esco/concept-scheme/occupations,
http://data.europa.eu/esco/concept-scheme/isco",
ISCOGroup,http://data.europa.eu/esco/isco/C53,53,Pleie- og omsorgsarbeidere,released,,"http://data.europa.eu/esco/concept-scheme/occupations,
http://data.europa.eu/esco/concept-scheme/isco",
ISCOGroup,http://data.europa.eu/esco/isco/C531,531,Barnehage- og skoleassistenter mv.,released,,"http://data.europa.eu/esco/concept-scheme/occupations,
http://data.europa.eu/esco/concept-scheme/isco",
ISCOGroup,http://data.europa.eu/esco/isco/C5311,5311,Barnehage- og skolefritidsassistenter mv.,released,,"http://data.europa.eu/esco/concept-scheme/occupations,
http://data.europa.eu/esco/concept-scheme/isco",
ISCOGroup,http://data.europa.eu/esco/isco/C5312,5312,Skoleassistenter,released,,"http://data.europa.eu/esco/concept-scheme/occupations,
http://data.europa.eu/esco/concept-scheme/isco",
ISCOGroup,http://data.europa.eu/esco/isco/C532,532,Pleiemedarbeidere,released,,"http://data.europa.eu/esco/concept-scheme/occupations,
http://data.europa.eu/esco/concept-scheme/isco",
ISCOGroup,http://data.europa.eu/esco/isco/C5321,5321,Helsefagarbeidere,released,,"http://data.europa.eu/esco/concept-scheme/occupations,
http://data.europa.eu/esco/concept-scheme/isco",
ISCOGroup,http://data.europa.eu/esco/isco/C5322,5322,Hjemmehjelper,released,,"http://data.europa.eu/esco/concept-scheme/occupations,
http://data.europa.eu/esco/concept-scheme/isco",
ISCOGroup,http://data.europa.eu/esco/isco/C5329,5329,Andre pleiemedarbeidere,released,,"http://data.europa.eu/esco/concept-scheme/occupations,
http://data.europa.eu/esco/concept-scheme/isco",
ISCOGroup,http://data.europa.eu/esco/isco/C54,54,Sikkerhetsarbeidere,released,,"http://data.europa.eu/esco/concept-scheme/occupations,
http://data.europa.eu/esco/concept-scheme/isco",
ISCOGroup,http://data.europa.eu/esco/isco/C541,541,Sikkerhetsarbeidere,released,,"http://data.europa.eu/esco/concept-scheme/occupations,
http://data.europa.eu/esco/concept-scheme/isco",
ISCOGroup,http://data.europa.eu/esco/isco/C5411,5411,Brannkonstabler,released,,"http://data.europa.eu/esco/concept-scheme/occupations,
http://data.europa.eu/esco/concept-scheme/isco",
ISCOGroup,http://data.europa.eu/esco/isco/C5412,5412,,released,,"http://data.europa.eu/esco/concept-scheme/occupations,
http://data.europa.eu/esco/concept-scheme/isco",
ISCOGroup,http://data.europa.eu/esco/isco/C5413,5413,Fengselsbetjenter,released,,"http://data.europa.eu/esco/concept-scheme/occupations,
http://data.europa.eu/esco/concept-scheme/isco",
ISCOGroup,http://data.europa.eu/esco/isco/C5414,5414,Vektere,released,,"http://data.europa.eu/esco/concept-scheme/occupations,
http://data.europa.eu/esco/concept-scheme/isco",
ISCOGroup,http://data.europa.eu/esco/isco/C5419,5419,Andre sikkerhetsarbeidere,released,,"http://data.europa.eu/esco/concept-scheme/occupations,
http://data.europa.eu/esco/concept-scheme/isco",
ISCOGroup,http://data.europa.eu/esco/isco/C6,6,Bønder,released,,"http://data.europa.eu/esco/concept-scheme/occupations,
http://data.europa.eu/esco/concept-scheme/isco",
ISCOGroup,http://data.europa.eu/esco/isco/C61,61,Jordbrukere,released,,"http://data.europa.eu/esco/concept-scheme/occupations,
http://data.europa.eu/esco/concept-scheme/isco",
ISCOGroup,http://data.europa.eu/esco/isco/C611,611,Korn-,released,,"http://data.europa.eu/esco/concept-scheme/occupations,
http://data.europa.eu/esco/concept-scheme/isco",
ISCOGroup,http://data.europa.eu/esco/isco/C6111,6111,Korn- og grønnsaksprodusenter,released,,"http://data.europa.eu/esco/concept-scheme/occupations,
http://data.europa.eu/esco/concept-scheme/isco",
ISCOGroup,http://data.europa.eu/esco/isco/C6112,6112,Frukt- og bærprodusenter,released,,"http://data.europa.eu/esco/concept-scheme/occupations,
http://data.europa.eu/esco/concept-scheme/isco",
ISCOGroup,http://data.europa.eu/esco/isco/C6113,6113,Gartnere,released,,"http://data.europa.eu/esco/concept-scheme/occupations,
http://data.europa.eu/esco/concept-scheme/isco",
ISCOGroup,http://data.europa.eu/esco/isco/C6114,6114,Kombinasjonsbrukere,released,,"http://data.europa.eu/esco/concept-scheme/occupations,
http://data.europa.eu/esco/concept-scheme/isco",
ISCOGroup,http://data.europa.eu/esco/isco/C612,612,Husdyr-,released,,"http://data.europa.eu/esco/concept-scheme/occupations,
http://data.europa.eu/esco/concept-scheme/isco",
ISCOGroup,http://data.europa.eu/esco/isco/C6121,6121,Melke- og husdyrprodusenter,released,,"http://data.europa.eu/esco/concept-scheme/occupations,
http://data.europa.eu/esco/concept-scheme/isco",
ISCOGroup,http://data.europa.eu/esco/isco/C6122,6122,Egg- og fjærfeprodusenter,released,,"http://data.europa.eu/esco/concept-scheme/occupations,
http://data.europa.eu/esco/concept-scheme/isco",
ISCOGroup,http://data.europa.eu/esco/isco/C6123,6123,Birøktere mv.,released,,"http://data.europa.eu/esco/concept-scheme/occupations,
http://data.europa.eu/esco/concept-scheme/isco",
ISCOGroup,http://data.europa.eu/esco/isco/C6129,6129,Andre dyreoppdrettere og røktere,released,,"http://data.europa.eu/esco/concept-scheme/occupations,
http://data.europa.eu/esco/concept-scheme/isco",
ISCOGroup,http://data.europa.eu/esco/isco/C613,613,Plante- og husdyrprodusenter (kombinasjonsbruk),released,,"http://data.europa.eu/esco/concept-scheme/occupations,
http://data.europa.eu/esco/concept-scheme/isco",
ISCOGroup,http://data.europa.eu/esco/isco/C6130,6130,Plante- og husdyrprodusenter (kombinasjonsbruk),released,,"http://data.europa.eu/esco/concept-scheme/occupations,
http://data.europa.eu/esco/concept-scheme/isco",
ISCOGroup,http://data.europa.eu/esco/isco/C62,62,Skogbrukere,released,,"http://data.europa.eu/esco/concept-scheme/occupations,
http://data.europa.eu/esco/concept-scheme/isco",
ISCOGroup,http://data.europa.eu/esco/isco/C621,621,Skogbrukere,released,,"http://data.europa.eu/esco/concept-scheme/occupations,
http://data.europa.eu/esco/concept-scheme/isco",
ISCOGroup,http://data.europa.eu/esco/isco/C6210,6210,Skogbrukere,released,,"http://data.europa.eu/esco/concept-scheme/occupations,
http://data.europa.eu/esco/concept-scheme/isco",
ISCOGroup,http://data.europa.eu/esco/isco/C622,622,Havbruksarbeidere og fiskere,released,,"http://data.europa.eu/esco/concept-scheme/occupations,
http://data.europa.eu/esco/concept-scheme/isco",
ISCOGroup,http://data.europa.eu/esco/isco/C6221,6221,Havbruksarbeidere,released,,"http://data.europa.eu/esco/concept-scheme/occupations,
http://data.europa.eu/esco/concept-scheme/isco",
ISCOGroup,http://data.europa.eu/esco/isco/C6222,6222,Fiskere,released,,"http://data.europa.eu/esco/concept-scheme/occupations,
http://data.europa.eu/esco/concept-scheme/isco",
ISCOGroup,http://data.europa.eu/esco/isco/C6223,6223,,released,,"http://data.europa.eu/esco/concept-scheme/occupations,
http://data.europa.eu/esco/concept-scheme/isco",
ISCOGroup,http://data.europa.eu/esco/isco/C6224,6224,Fangstfolk,released,,"http://data.europa.eu/esco/concept-scheme/occupations,
http://data.europa.eu/esco/concept-scheme/isco",
ISCOGroup,http://data.europa.eu/esco/isco/C63,63,,released,,"http://data.europa.eu/esco/concept-scheme/occupations,
http://data.europa.eu/esco/concept-scheme/isco",
ISCOGroup,http://data.europa.eu/esco/isco/C631,631,,released,,"http://data.europa.eu/esco/concept-scheme/occupations,
http://data.europa.eu/esco/concept-scheme/isco",
ISCOGroup,http://data.europa.eu/esco/isco/C6310,6310,,released,,"http://data.europa.eu/esco/concept-scheme/occupations,
http://data.europa.eu/esco/concept-scheme/isco",
ISCOGroup,http://data.europa.eu/esco/isco/C632,632,,released,,"http://data.europa.eu/esco/concept-scheme/occupations,
http://data.europa.eu/esco/concept-scheme/isco",
ISCOGroup,http://data.europa.eu/esco/isco/C6320,6320,,released,,"http://data.europa.eu/esco/concept-scheme/occupations,
http://data.europa.eu/esco/concept-scheme/isco",
ISCOGroup,http://data.europa.eu/esco/isco/C633,633,,released,,"http://data.europa.eu/esco/concept-scheme/occupations,
http://data.europa.eu/esco/concept-scheme/isco",
ISCOGroup,http://data.europa.eu/esco/isco/C6330,6330,,released,,"http://data.europa.eu/esco/concept-scheme/occupations,
http://data.europa.eu/esco/concept-scheme/isco",
ISCOGroup,http://data.europa.eu/esco/isco/C634,634,,released,,"http://data.europa.eu/esco/concept-scheme/occupations,
http://data.europa.eu/esco/concept-scheme/isco",
ISCOGroup,http://data.europa.eu/esco/isco/C6340,6340,,released,,"http://data.europa.eu/esco/concept-scheme/occupations,
http://data.europa.eu/esco/concept-scheme/isco",
ISCOGroup,http://data.europa.eu/esco/isco/C7,7,Håndverkere,released,,"http://data.europa.eu/esco/concept-scheme/occupations,
http://data.europa.eu/esco/concept-scheme/isco",
ISCOGroup,http://data.europa.eu/esco/isco/C71,71,Byggearbeidere,released,,"http://data.europa.eu/esco/concept-scheme/occupations,
http://data.europa.eu/esco/concept-scheme/isco",
ISCOGroup,http://data.europa.eu/esco/isco/C711,711,Bygningsarbeidere,released,,"http://data.europa.eu/esco/concept-scheme/occupations,
http://data.europa.eu/esco/concept-scheme/isco",
ISCOGroup,http://data.europa.eu/esco/isco/C7111,7111,,released,,"http://data.europa.eu/esco/concept-scheme/occupations,
http://data.europa.eu/esco/concept-scheme/isco",
ISCOGroup,http://data.europa.eu/esco/isco/C7112,7112,Murere,released,,"http://data.europa.eu/esco/concept-scheme/occupations,
http://data.europa.eu/esco/concept-scheme/isco",
ISCOGroup,http://data.europa.eu/esco/isco/C7113,7113,Steinhoggere mv.,released,,"http://data.europa.eu/esco/concept-scheme/occupations,
http://data.europa.eu/esco/concept-scheme/isco",
ISCOGroup,http://data.europa.eu/esco/isco/C7114,7114,Betongarbeidere,released,,"http://data.europa.eu/esco/concept-scheme/occupations,
http://data.europa.eu/esco/concept-scheme/isco",
ISCOGroup,http://data.europa.eu/esco/isco/C7115,7115,Tømrere og snekkere,released,,"http://data.europa.eu/esco/concept-scheme/occupations,
http://data.europa.eu/esco/concept-scheme/isco",
ISCOGroup,http://data.europa.eu/esco/isco/C7119,7119,Andre bygningsarbeidere,released,,"http://data.europa.eu/esco/concept-scheme/occupations,
http://data.europa.eu/esco/concept-scheme/isco",
ISCOGroup,http://data.europa.eu/esco/isco/C712,712,Bygningstekniske arbeidere,released,,"http://data.europa.eu/esco/concept-scheme/occupations,
http://data.europa.eu/esco/concept-scheme/isco",
ISCOGroup,http://data.europa.eu/esco/isco/C7121,7121,Taktekkere,released,,"http://data.europa.eu/esco/concept-scheme/occupations,
http://data.europa.eu/esco/concept-scheme/isco",
ISCOGroup,http://data.europa.eu/esco/isco/C7122,7122,Gulv- og flisleggere,released,,"http://data.europa.eu/esco/concept-scheme/occupations,
http://data.europa.eu/esco/concept-scheme/isco",
ISCOGroup,http://data.europa.eu/esco/isco/C7123,7123,Gips- og sparklingsarbeidere,released,,"http://data.europa.eu/esco/concept-scheme/occupations,
http://data.europa.eu/esco/concept-scheme/isco",
ISCOGroup,http://data.europa.eu/esco/isco/C7124,7124,Isolatører mv.,released,,"http://data.europa.eu/esco/concept-scheme/occupations,
http://data.europa.eu/esco/concept-scheme/isco",
ISCOGroup,http://data.europa.eu/esco/isco/C7125,7125,Glassarbeidere,released,,"http://data.europa.eu/esco/concept-scheme/occupations,
http://data.europa.eu/esco/concept-scheme/isco",
ISCOGroup,http://data.europa.eu/esco/isco/C7126,7126,Rørleggere og VVS-montører,released,,"http://data.europa.eu/esco/concept-scheme/occupations,
http://data.europa.eu/esco/concept-scheme/isco",
ISCOGroup,http://data.europa.eu/esco/isco/C7127,7127,Kuldemontører mv.,released,,"http://data.europa.eu/esco/concept-scheme/occupations,
http://data.europa.eu/esco/concept-scheme/isco",
ISCOGroup,http://data.europa.eu/esco/isco/C713,713,Malere,released,,"http://data.europa.eu/esco/concept-scheme/occupations,
http://data.europa.eu/esco/concept-scheme/isco",
ISCOGroup,http://data.europa.eu/esco/isco/C7131,7131,Malere og byggtapetserere,released,,"http://data.europa.eu/esco/concept-scheme/occupations,
http://data.europa.eu/esco/concept-scheme/isco",
ISCOGroup,http://data.europa.eu/esco/isco/C7132,7132,Overflatebehandlere og lakkerere,released,,"http://data.europa.eu/esco/concept-scheme/occupations,
http://data.europa.eu/esco/concept-scheme/isco",
ISCOGroup,http://data.europa.eu/esco/isco/C7133,7133,Feiere,released,,"http://data.europa.eu/esco/concept-scheme/occupations,
http://data.europa.eu/esco/concept-scheme/isco",
ISCOGroup,http://data.europa.eu/esco/isco/C72,72,Metall- og maskinarbeidere,released,,"http://data.europa.eu/esco/concept-scheme/occupations,
http://data.europa.eu/esco/concept-scheme/isco",
ISCOGroup,http://data.europa.eu/esco/isco/C721,721,Støpere,released,,"http://data.europa.eu/esco/concept-scheme/occupations,
http://data.europa.eu/esco/concept-scheme/isco",
ISCOGroup,http://data.europa.eu/esco/isco/C7211,7211,Støpere,released,,"http://data.europa.eu/esco/concept-scheme/occupations,
http://data.europa.eu/esco/concept-scheme/isco",
ISCOGroup,http://data.europa.eu/esco/isco/C7212,7212,Sveisere,released,,"http://data.europa.eu/esco/concept-scheme/occupations,
http://data.europa.eu/esco/concept-scheme/isco",
ISCOGroup,http://data.europa.eu/esco/isco/C7213,7213,Kopper- og blikkenslagere,released,,"http://data.europa.eu/esco/concept-scheme/occupations,
http://data.europa.eu/esco/concept-scheme/isco",
ISCOGroup,http://data.europa.eu/esco/isco/C7214,7214,Platearbeidere,released,,"http://data.europa.eu/esco/concept-scheme/occupations,
http://data.europa.eu/esco/concept-scheme/isco",
ISCOGroup,http://data.europa.eu/esco/isco/C7215,7215,Riggere og spleisere,released,,"http://data.europa.eu/esco/concept-scheme/occupations,
http://data.europa.eu/esco/concept-scheme/isco",
ISCOGroup,http://data.europa.eu/esco/isco/C722,722,Smeder,released,,"http://data.europa.eu/esco/concept-scheme/occupations,
http://data.europa.eu/esco/concept-scheme/isco",
ISCOGroup,http://data.europa.eu/esco/isco/C7221,7221,Smeder,released,,"http://data.europa.eu/esco/concept-scheme/occupations,
http://data.europa.eu/esco/concept-scheme/isco",
ISCOGroup,http://data.europa.eu/esco/isco/C7222,7222,Verktøymaker,released,,"http://data.europa.eu/esco/concept-scheme/occupations,
http://data.europa.eu/esco/concept-scheme/isco",
ISCOGroup,http://data.europa.eu/esco/isco/C7223,7223,Metalldreiere mv.,released,,"http://data.europa.eu/esco/concept-scheme/occupations,
http://data.europa.eu/esco/concept-scheme/isco",
ISCOGroup,http://data.europa.eu/esco/isco/C7224,7224,Metallslipere,released,,"http://data.europa.eu/esco/concept-scheme/occupations,
http://data.europa.eu/esco/concept-scheme/isco",
ISCOGroup,http://data.europa.eu/esco/isco/C723,723,Mekanikere og reparatører,released,,"http://data.europa.eu/esco/concept-scheme/occupations,
http://data.europa.eu/esco/concept-scheme/isco",
ISCOGroup,http://data.europa.eu/esco/isco/C7231,7231,Bilmekanikere,released,,"http://data.europa.eu/esco/concept-scheme/occupations,
http://data.europa.eu/esco/concept-scheme/isco",
ISCOGroup,http://data.europa.eu/esco/isco/C7232,7232,Mekanikere innen flytekniske fag,released,,"http://data.europa.eu/esco/concept-scheme/occupations,
http://data.europa.eu/esco/concept-scheme/isco",
ISCOGroup,http://data.europa.eu/esco/isco/C7233,7233,Anleggsmaskin- og industrimekanikere,released,,"http://data.europa.eu/esco/concept-scheme/occupations,
http://data.europa.eu/esco/concept-scheme/isco",
ISCOGroup,http://data.europa.eu/esco/isco/C7234,7234,Sykkelreparatører mv.,released,,"http://data.europa.eu/esco/concept-scheme/occupations,
http://data.europa.eu/esco/concept-scheme/isco",
ISCOGroup,http://data.europa.eu/esco/isco/C73,73,Presisjonsarbeidere,released,,"http://data.europa.eu/esco/concept-scheme/occupations,
http://data.europa.eu/esco/concept-scheme/isco",
ISCOGroup,http://data.europa.eu/esco/isco/C731,731,Presisjonsarbeidere og kunsthåndverkere,released,,"http://data.europa.eu/esco/concept-scheme/occupations,
http://data.europa.eu/esco/concept-scheme/isco",
ISCOGroup,http://data.europa.eu/esco/isco/C7311,7311,Presisjonsinstrumentmakere og -reparatører,released,,"http://data.europa.eu/esco/concept-scheme/occupations,
http://data.europa.eu/esco/concept-scheme/isco",
ISCOGroup,http://data.europa.eu/esco/isco/C7312,7312,Musikkinstrumentmakere og -stemmere,released,,"http://data.europa.eu/esco/concept-scheme/occupations,
http://data.europa.eu/esco/concept-scheme/isco",
ISCOGroup,http://data.europa.eu/esco/isco/C7313,7313,Gull- og sølvsmeder,released,,"http://data.europa.eu/esco/concept-scheme/occupations,
http://data.europa.eu/esco/concept-scheme/isco",
ISCOGroup,http://data.europa.eu/esco/isco/C7314,7314,Keramikere mv.,released,,"http://data.europa.eu/esco/concept-scheme/occupations,
http://data.europa.eu/esco/concept-scheme/isco",
ISCOGroup,http://data.europa.eu/esco/isco/C7315,7315,Glasshåndverkere,released,,"http://data.europa.eu/esco/concept-scheme/occupations,
http://data.europa.eu/esco/concept-scheme/isco",
ISCOGroup,http://data.europa.eu/esco/isco/C7316,7316,Dekormalere mv.,released,,"http://data.europa.eu/esco/concept-scheme/occupations,
http://data.europa.eu/esco/concept-scheme/isco",
ISCOGroup,http://data.europa.eu/esco/isco/C7317,7317,Kunsthåndverkere i tre mv.,released,,"http://data.europa.eu/esco/concept-scheme/occupations,
http://data.europa.eu/esco/concept-scheme/isco",
ISCOGroup,http://data.europa.eu/esco/isco/C7318,7318,Vevere,released,,"http://data.europa.eu/esco/concept-scheme/occupations,
http://data.europa.eu/esco/concept-scheme/isco",
ISCOGroup,http://data.europa.eu/esco/isco/C7319,7319,Andre kunsthåndverkere,released,,"http://data.europa.eu/esco/concept-scheme/occupations,
http://data.europa.eu/esco/concept-scheme/isco",
ISCOGroup,http://data.europa.eu/esco/isco/C732,732,Grafiske arbeidere,released,,"http://data.europa.eu/esco/concept-scheme/occupations,
http://data.europa.eu/esco/concept-scheme/isco",
ISCOGroup,http://data.europa.eu/esco/isco/C7321,7321,Førtrykkere,released,,"http://data.europa.eu/esco/concept-scheme/occupations,
http://data.europa.eu/esco/concept-scheme/isco",
ISCOGroup,http://data.europa.eu/esco/isco/C7322,7322,Trykkere,released,,"http://data.europa.eu/esco/concept-scheme/occupations,
http://data.europa.eu/esco/concept-scheme/isco",
ISCOGroup,http://data.europa.eu/esco/isco/C7323,7323,Innbindere mv.,released,,"http://data.europa.eu/esco/concept-scheme/occupations,
http://data.europa.eu/esco/concept-scheme/isco",
ISCOGroup,http://data.europa.eu/esco/isco/C74,74,Elektrikere,released,,"http://data.europa.eu/esco/concept-scheme/occupations,
http://data.europa.eu/esco/concept-scheme/isco",
ISCOGroup,http://data.europa.eu/esco/isco/C741,741,Elektrikere mv.,released,,"http://data.europa.eu/esco/concept-scheme/occupations,
http://data.europa.eu/esco/concept-scheme/isco",
ISCOGroup,http://data.europa.eu/esco/isco/C7411,7411,Elektrikere,released,,"http://data.europa.eu/esco/concept-scheme/occupations,
http://data.europa.eu/esco/concept-scheme/isco",
ISCOGroup,http://data.europa.eu/esco/isco/C7412,7412,Automatikere,released,,"http://data.europa.eu/esco/concept-scheme/occupations,
http://data.europa.eu/esco/concept-scheme/isco",
ISCOGroup,http://data.europa.eu/esco/isco/C7413,7413,Energimontører,released,,"http://data.europa.eu/esco/concept-scheme/occupations,
http://data.europa.eu/esco/concept-scheme/isco",
ISCOGroup,http://data.europa.eu/esco/isco/C742,742,Serviceelektronikere og tele- og IKT-installatører mv.,released,,"http://data.europa.eu/esco/concept-scheme/occupations,
http://data.europa.eu/esco/concept-scheme/isco",
ISCOGroup,http://data.europa.eu/esco/isco/C7421,7421,Serviceelektronikere,released,,"http://data.europa.eu/esco/concept-scheme/occupations,
http://data.europa.eu/esco/concept-scheme/isco",
ISCOGroup,http://data.europa.eu/esco/isco/C7422,7422,Tele- og IKT-installatører,released,,"http://data.europa.eu/esco/concept-scheme/occupations,
http://data.europa.eu/esco/concept-scheme/isco",
ISCOGroup,http://data.europa.eu/esco/isco/C75,75,Andre håndverkspregede yrker,released,,"http://data.europa.eu/esco/concept-scheme/occupations,
http://data.europa.eu/esco/concept-scheme/isco",
ISCOGroup,http://data.europa.eu/esco/isco/C751,751,Slaktere,released,,"http://data.europa.eu/esco/concept-scheme/occupations,
http://data.europa.eu/esco/concept-scheme/isco",
ISCOGroup,http://data.europa.eu/esco/isco/C7511,7511,Slaktere,released,,"http://data.europa.eu/esco/concept-scheme/occupations,
http://data.europa.eu/esco/concept-scheme/isco",
ISCOGroup,http://data.europa.eu/esco/isco/C7512,7512,Bakere,released,,"http://data.europa.eu/esco/concept-scheme/occupations,
http://data.europa.eu/esco/concept-scheme/isco",
ISCOGroup,http://data.europa.eu/esco/isco/C7513,7513,Ystere mv. (gårdsproduksjon),released,,"http://data.europa.eu/esco/concept-scheme/occupations,
http://data.europa.eu/esco/concept-scheme/isco",
ISCOGroup,http://data.europa.eu/esco/isco/C7514,7514,Saftere,released,,"http://data.europa.eu/esco/concept-scheme/occupations,
http://data.europa.eu/esco/concept-scheme/isco",
ISCOGroup,http://data.europa.eu/esco/isco/C7515,7515,Prøvesmakere og kvalitetsbedømmere av mat og drikke,released,,"http://data.europa.eu/esco/concept-scheme/occupations,
http://data.europa.eu/esco/concept-scheme/isco",
ISCOGroup,http://data.europa.eu/esco/isco/C7516,7516,,released,,"http://data.europa.eu/esco/concept-scheme/occupations,
http://data.europa.eu/esco/concept-scheme/isco",
ISCOGroup,http://data.europa.eu/esco/isco/C752,752,Møbelsnekkere,released,,"http://data.europa.eu/esco/concept-scheme/occupations,
http://data.europa.eu/esco/concept-scheme/isco",
ISCOGroup,http://data.europa.eu/esco/isco/C7521,7521,,released,,"http://data.europa.eu/esco/concept-scheme/occupations,
http://data.europa.eu/esco/concept-scheme/isco",
ISCOGroup,http://data.europa.eu/esco/isco/C7522,7522,Møbelsnekkere,released,,"http://data.europa.eu/esco/concept-scheme/occupations,
http://data.europa.eu/esco/concept-scheme/isco",
ISCOGroup,http://data.europa.eu/esco/isco/C7523,7523,,released,,"http://data.europa.eu/esco/concept-scheme/occupations,
http://data.europa.eu/esco/concept-scheme/isco",
ISCOGroup,http://data.europa.eu/esco/isco/C753,753,Skreddere,released,,"http://data.europa.eu/esco/concept-scheme/occupations,
http://data.europa.eu/esco/concept-scheme/isco",
ISCOGroup,http://data.europa.eu/esco/isco/C7531,7531,Skreddere,released,,"http://data.europa.eu/esco/concept-scheme/occupations,
http://data.europa.eu/esco/concept-scheme/isco",
ISCOGroup,http://data.europa.eu/esco/isco/C7532,7532,Gradører,released,,"http://data.europa.eu/esco/concept-scheme/occupations,
http://data.europa.eu/esco/concept-scheme/isco",
ISCOGroup,http://data.europa.eu/esco/isco/C7533,7533,,released,,"http://data.europa.eu/esco/concept-scheme/occupations,
http://data.europa.eu/esco/concept-scheme/isco",
ISCOGroup,http://data.europa.eu/esco/isco/C7534,7534,Møbeltapetserere mv.,released,,"http://data.europa.eu/esco/concept-scheme/occupations,
http://data.europa.eu/esco/concept-scheme/isco",
ISCOGroup,http://data.europa.eu/esco/isco/C7535,7535,Skinnberedere og garvere,released,,"http://data.europa.eu/esco/concept-scheme/occupations,
http://data.europa.eu/esco/concept-scheme/isco",
ISCOGroup,http://data.europa.eu/esco/isco/C7536,7536,Skomakere,released,,"http://data.europa.eu/esco/concept-scheme/occupations,
http://data.europa.eu/esco/concept-scheme/isco",
ISCOGroup,http://data.europa.eu/esco/isco/C754,754,Yrkesdykkere,released,,"http://data.europa.eu/esco/concept-scheme/occupations,
http://data.europa.eu/esco/concept-scheme/isco",
ISCOGroup,http://data.europa.eu/esco/isco/C7541,7541,Yrkesdykkere,released,,"http://data.europa.eu/esco/concept-scheme/occupations,
http://data.europa.eu/esco/concept-scheme/isco",
ISCOGroup,http://data.europa.eu/esco/isco/C7542,7542,Skytebaser og sprengningsarbeidere,released,,"http://data.europa.eu/esco/concept-scheme/occupations,
http://data.europa.eu/esco/concept-scheme/isco",
ISCOGroup,http://data.europa.eu/esco/isco/C7543,7543,Produkttestere (ikke matprodukter),released,,"http://data.europa.eu/esco/concept-scheme/occupations,
http://data.europa.eu/esco/concept-scheme/isco",
ISCOGroup,http://data.europa.eu/esco/isco/C7544,7544,Desinfeksjonsarbeidere og skadedyrbekjempere,released,,"http://data.europa.eu/esco/concept-scheme/occupations,
http://data.europa.eu/esco/concept-scheme/isco",
ISCOGroup,http://data.europa.eu/esco/isco/C7549,7549,Andre håndverkere,released,,"http://data.europa.eu/esco/concept-scheme/occupations,
http://data.europa.eu/esco/concept-scheme/isco",
ISCOGroup,http://data.europa.eu/esco/isco/C8,8,Prosess- og maskinoperatører,released,,"http://data.europa.eu/esco/concept-scheme/occupations,
http://data.europa.eu/esco/concept-scheme/isco",
ISCOGroup,http://data.europa.eu/esco/isco/C81,81,Prosess- og maskinoperatører,released,,"http://data.europa.eu/esco/concept-scheme/occupations,
http://data.europa.eu/esco/concept-scheme/isco",
ISCOGroup,http://data.europa.eu/esco/isco/C811,811,Operatører innen borefag mv.,released,,"http://data.europa.eu/esco/concept-scheme/occupations,
http://data.europa.eu/esco/concept-scheme/isco",
ISCOGroup,http://data.europa.eu/esco/isco/C8111,8111,Bergfagarbeidere,released,,"http://data.europa.eu/esco/concept-scheme/occupations,
http://data.europa.eu/esco/concept-scheme/isco",
ISCOGroup,http://data.europa.eu/esco/isco/C8112,8112,Prosessoperatører (oppredning),released,,"http://data.europa.eu/esco/concept-scheme/occupations,
http://data.europa.eu/esco/concept-scheme/isco",
ISCOGroup,http://data.europa.eu/esco/isco/C8113,8113,Operatører innen boring mv.,released,,"http://data.europa.eu/esco/concept-scheme/occupations,
http://data.europa.eu/esco/concept-scheme/isco",
ISCOGroup,http://data.europa.eu/esco/isco/C8114,8114,Operatører innen produksjon av betong mv.,released,,"http://data.europa.eu/esco/concept-scheme/occupations,
http://data.europa.eu/esco/concept-scheme/isco",
ISCOGroup,http://data.europa.eu/esco/isco/C812,812,Operatører metallproduksjon,released,,"http://data.europa.eu/esco/concept-scheme/occupations,
http://data.europa.eu/esco/concept-scheme/isco",
ISCOGroup,http://data.europa.eu/esco/isco/C8121,8121,Operatører innen metallurgiske prosessfag,released,,"http://data.europa.eu/esco/concept-scheme/occupations,
http://data.europa.eu/esco/concept-scheme/isco",
ISCOGroup,http://data.europa.eu/esco/isco/C8122,8122,Operatører innen metallflatebehandling,released,,"http://data.europa.eu/esco/concept-scheme/occupations,
http://data.europa.eu/esco/concept-scheme/isco",
ISCOGroup,http://data.europa.eu/esco/isco/C813,813,Operatører innen produksjon av kjemiske produkter,released,,"http://data.europa.eu/esco/concept-scheme/occupations,
http://data.europa.eu/esco/concept-scheme/isco",
ISCOGroup,http://data.europa.eu/esco/isco/C8131,8131,Operatører innen kjemisk industri,released,,"http://data.europa.eu/esco/concept-scheme/occupations,
http://data.europa.eu/esco/concept-scheme/isco",
ISCOGroup,http://data.europa.eu/esco/isco/C8132,8132,Operatører innen produksjon av fotofilm og -papir mv.,released,,"http://data.europa.eu/esco/concept-scheme/occupations,
http://data.europa.eu/esco/concept-scheme/isco",
ISCOGroup,http://data.europa.eu/esco/isco/C814,814,Operatører innen gummi,released,,"http://data.europa.eu/esco/concept-scheme/occupations,
http://data.europa.eu/esco/concept-scheme/isco",
ISCOGroup,http://data.europa.eu/esco/isco/C8141,8141,Operatører innen produksjon av gummiprodukter,released,,"http://data.europa.eu/esco/concept-scheme/occupations,
http://data.europa.eu/esco/concept-scheme/isco",
ISCOGroup,http://data.europa.eu/esco/isco/C8142,8142,Operatører innen plastprodukter,released,,"http://data.europa.eu/esco/concept-scheme/occupations,
http://data.europa.eu/esco/concept-scheme/isco",
ISCOGroup,http://data.europa.eu/esco/isco/C8143,8143,Operatører innen papirprodukter,released,,"http://data.europa.eu/esco/concept-scheme/occupations,
http://data.europa.eu/esco/concept-scheme/isco",
ISCOGroup,http://data.europa.eu/esco/isco/C815,815,Operatører innen bearbeiding og produksjon av tekstiler,released,,"http://data.europa.eu/esco/concept-scheme/occupations,
http://data.europa.eu/esco/concept-scheme/isco",
ISCOGroup,http://data.europa.eu/esco/isco/C8151,8151,Spinne- og nøstemaskinoperatører,released,,"http://data.europa.eu/esco/concept-scheme/occupations,
http://data.europa.eu/esco/concept-scheme/isco",
ISCOGroup,http://data.europa.eu/esco/isco/C8152,8152,Operatører innen tekstilproduksjon mv.,released,,"http://data.europa.eu/esco/concept-scheme/occupations,
http://data.europa.eu/esco/concept-scheme/isco",
ISCOGroup,http://data.europa.eu/esco/isco/C8153,8153,Industrisyere,released,,"http://data.europa.eu/esco/concept-scheme/occupations,
http://data.europa.eu/esco/concept-scheme/isco",
ISCOGroup,http://data.europa.eu/esco/isco/C8154,8154,Operatører innen tekstilbearbeiding,released,,"http://data.europa.eu/esco/concept-scheme/occupations,
http://data.europa.eu/esco/concept-scheme/isco",
ISCOGroup,http://data.europa.eu/esco/isco/C8155,8155,Operatører innen pels,released,,"http://data.europa.eu/esco/concept-scheme/occupations,
http://data.europa.eu/esco/concept-scheme/isco",
ISCOGroup,http://data.europa.eu/esco/isco/C8156,8156,Operatører innen skinn og lærprodukter,released,,"http://data.europa.eu/esco/concept-scheme/occupations,
http://data.europa.eu/esco/concept-scheme/isco",
ISCOGroup,http://data.europa.eu/esco/isco/C8157,8157,Renseri- og vaskerimaskinoperatører,released,,"http://data.europa.eu/esco/concept-scheme/occupations,
http://data.europa.eu/esco/concept-scheme/isco",
ISCOGroup,http://data.europa.eu/esco/isco/C8159,8159,Andre operatører innen produksjon av tekstiler,released,,"http://data.europa.eu/esco/concept-scheme/occupations,
http://data.europa.eu/esco/concept-scheme/isco",
ISCOGroup,http://data.europa.eu/esco/isco/C816,816,Operatører innen næringsmiddelproduksjon,released,,"http://data.europa.eu/esco/concept-scheme/occupations,
http://data.europa.eu/esco/concept-scheme/isco",
ISCOGroup,http://data.europa.eu/esco/isco/C8160,8160,Operatører innen næringsmiddelproduksjon,released,,"http://data.europa.eu/esco/concept-scheme/occupations,
http://data.europa.eu/esco/concept-scheme/isco",
ISCOGroup,http://data.europa.eu/esco/isco/C817,817,Operatører innen treforedling og trelast,released,,"http://data.europa.eu/esco/concept-scheme/occupations,
http://data.europa.eu/esco/concept-scheme/isco",
ISCOGroup,http://data.europa.eu/esco/isco/C8171,8171,Operatører innen treforedling,released,,"http://data.europa.eu/esco/concept-scheme/occupations,
http://data.europa.eu/esco/concept-scheme/isco",
ISCOGroup,http://data.europa.eu/esco/isco/C8172,8172,Operatører innen trelastproduksjon,released,,"http://data.europa.eu/esco/concept-scheme/occupations,
http://data.europa.eu/esco/concept-scheme/isco",
ISCOGroup,http://data.europa.eu/esco/isco/C818,818,Operatører av andre stasjonære maskiner,released,,"http://data.europa.eu/esco/concept-scheme/occupations,
http://data.europa.eu/esco/concept-scheme/isco",
ISCOGroup,http://data.europa.eu/esco/isco/C8181,8181,Operatører innen glass- og keramisk produksjon,released,,"http://data.europa.eu/esco/concept-scheme/occupations,
http://data.europa.eu/esco/concept-scheme/isco",
ISCOGroup,http://data.europa.eu/esco/isco/C8182,8182,Fyrkjele- og turbinoperatører,released,,"http://data.europa.eu/esco/concept-scheme/occupations,
http://data.europa.eu/esco/concept-scheme/isco",
ISCOGroup,http://data.europa.eu/esco/isco/C8183,8183,Pakke-,released,,"http://data.europa.eu/esco/concept-scheme/occupations,
http://data.europa.eu/esco/concept-scheme/isco",
ISCOGroup,http://data.europa.eu/esco/isco/C8189,8189,Andre stasjonære maskinoperatører,released,,"http://data.europa.eu/esco/concept-scheme/occupations,
http://data.europa.eu/esco/concept-scheme/isco",
ISCOGroup,http://data.europa.eu/esco/isco/C82,82,Montører,released,,"http://data.europa.eu/esco/concept-scheme/occupations,
http://data.europa.eu/esco/concept-scheme/isco",
ISCOGroup,http://data.europa.eu/esco/isco/C821,821,Montører,released,,"http://data.europa.eu/esco/concept-scheme/occupations,
http://data.europa.eu/esco/concept-scheme/isco",
ISCOGroup,http://data.europa.eu/esco/isco/C8211,8211,Montører av mekaniske produkter,released,,"http://data.europa.eu/esco/concept-scheme/occupations,
http://data.europa.eu/esco/concept-scheme/isco",
ISCOGroup,http://data.europa.eu/esco/isco/C8212,8212,Montører av elektriske og elektroniske produkter,released,,"http://data.europa.eu/esco/concept-scheme/occupations,
http://data.europa.eu/esco/concept-scheme/isco",
ISCOGroup,http://data.europa.eu/esco/isco/C8219,8219,Andre montører,released,,"http://data.europa.eu/esco/concept-scheme/occupations,
http://data.europa.eu/esco/concept-scheme/isco",
ISCOGroup,http://data.europa.eu/esco/isco/C83,83,Transportarbeidere og operatører av mobile maskiner mv.,released,,"http://data.europa.eu/esco/concept-scheme/occupations,
http://data.europa.eu/esco/concept-scheme/isco",
ISCOGroup,http://data.europa.eu/esco/isco/C831,831,Lokomotiv og T-baneførere mv.,released,,"http://data.europa.eu/esco/concept-scheme/occupations,
http://data.europa.eu/esco/concept-scheme/isco",
ISCOGroup,http://data.europa.eu/esco/isco/C8311,8311,Lokomotiv og T-baneførere,released,,"http://data.europa.eu/esco/concept-scheme/occupations,
http://data.europa.eu/esco/concept-scheme/isco",
ISCOGroup,http://data.europa.eu/esco/isco/C8312,8312,Skiftekonduktører mv,released,,"http://data.europa.eu/esco/concept-scheme/occupations,
http://data.europa.eu/esco/concept-scheme/isco",
ISCOGroup,http://data.europa.eu/esco/isco/C832,832,Bil-,released,,"http://data.europa.eu/esco/concept-scheme/occupations,
http://data.europa.eu/esco/concept-scheme/isco",
ISCOGroup,http://data.europa.eu/esco/isco/C8321,8321,,released,,"http://data.europa.eu/esco/concept-scheme/occupations,
http://data.europa.eu/esco/concept-scheme/isco",
ISCOGroup,http://data.europa.eu/esco/isco/C8322,8322,Bil-,released,,"http://data.europa.eu/esco/concept-scheme/occupations,
http://data.europa.eu/esco/concept-scheme/isco",
ISCOGroup,http://data.europa.eu/esco/isco/C833,833,Lastebil-,released,,"http://data.europa.eu/esco/concept-scheme/occupations,
http://data.europa.eu/esco/concept-scheme/isco",
ISCOGroup,http://data.europa.eu/esco/isco/C8331,8331,Bussjåfører og trikkeførere,released,,"http://data.europa.eu/esco/concept-scheme/occupations,
http://data.europa.eu/esco/concept-scheme/isco",
ISCOGroup,http://data.europa.eu/esco/isco/C8332,8332,Lastebil- og trailersjåfører,released,,"http://data.europa.eu/esco/concept-scheme/occupations,
http://data.europa.eu/esco/concept-scheme/isco",
ISCOGroup,http://data.europa.eu/esco/isco/C834,834,Operatører av mobile maskiner mv.,released,,"http://data.europa.eu/esco/concept-scheme/occupations,
http://data.europa.eu/esco/concept-scheme/isco",
ISCOGroup,http://data.europa.eu/esco/isco/C8341,8341,Jordbruks- og skogbruksmaskinførere,released,,"http://data.europa.eu/esco/concept-scheme/occupations,
http://data.europa.eu/esco/concept-scheme/isco",
ISCOGroup,http://data.europa.eu/esco/isco/C8342,8342,Anleggsmaskinførere,released,,"http://data.europa.eu/esco/concept-scheme/occupations,
http://data.europa.eu/esco/concept-scheme/isco",
ISCOGroup,http://data.europa.eu/esco/isco/C8343,8343,Kran- og heisførere mv.,released,,"http://data.europa.eu/esco/concept-scheme/occupations,
http://data.europa.eu/esco/concept-scheme/isco",
ISCOGroup,http://data.europa.eu/esco/isco/C8344,8344,Truckførere,released,,"http://data.europa.eu/esco/concept-scheme/occupations,
http://data.europa.eu/esco/concept-scheme/isco",
ISCOGroup,http://data.europa.eu/esco/isco/C835,835,Dekks- og maskinmannskap (skip),released,,"http://data.europa.eu/esco/concept-scheme/occupations,
http://data.europa.eu/esco/concept-scheme/isco",
ISCOGroup,http://data.europa.eu/esco/isco/C8350,8350,Dekks- og maskinmannskap (skip),released,,"http://data.europa.eu/esco/concept-scheme/occupations,
http://data.europa.eu/esco/concept-scheme/isco",
ISCOGroup,http://data.europa.eu/esco/isco/C9,9,Renholdere,released,,"http://data.europa.eu/esco/concept-scheme/occupations,
http://data.europa.eu/esco/concept-scheme/isco",
ISCOGroup,http://data.europa.eu/esco/isco/C91,91,Renholdere mv.,released,,"http://data.europa.eu/esco/concept-scheme/occupations,
http://data.europa.eu/esco/concept-scheme/isco",
ISCOGroup,http://data.europa.eu/esco/isco/C911,911,Renholdere,released,,"http://data.europa.eu/esco/concept-scheme/occupations,
http://data.europa.eu/esco/concept-scheme/isco",
ISCOGroup,http://data.europa.eu/esco/isco/C9111,9111,Renholdere i private hjem,released,,"http://data.europa.eu/esco/concept-scheme/occupations,
http://data.europa.eu/esco/concept-scheme/isco",
ISCOGroup,http://data.europa.eu/esco/isco/C9112,9112,Renholdere i virksomheter,released,,"http://data.europa.eu/esco/concept-scheme/occupations,
http://data.europa.eu/esco/concept-scheme/isco",
ISCOGroup,http://data.europa.eu/esco/isco/C912,912,Bilvaskere,released,,"http://data.europa.eu/esco/concept-scheme/occupations,
http://data.europa.eu/esco/concept-scheme/isco",
ISCOGroup,http://data.europa.eu/esco/isco/C9121,9121,,released,,"http://data.europa.eu/esco/concept-scheme/occupations,
http://data.europa.eu/esco/concept-scheme/isco",
ISCOGroup,http://data.europa.eu/esco/isco/C9122,9122,Bilvaskere,released,,"http://data.europa.eu/esco/concept-scheme/occupations,
http://data.europa.eu/esco/concept-scheme/isco",
ISCOGroup,http://data.europa.eu/esco/isco/C9123,9123,Vinduspussere,released,,"http://data.europa.eu/esco/concept-scheme/occupations,
http://data.europa.eu/esco/concept-scheme/isco",
ISCOGroup,http://data.europa.eu/esco/isco/C9129,9129,Andre rengjørere,released,,"http://data.europa.eu/esco/concept-scheme/occupations,
http://data.europa.eu/esco/concept-scheme/isco",
ISCOGroup,http://data.europa.eu/esco/isco/C92,92,Hjelpearbeidere i jordbruk,released,,"http://data.europa.eu/esco/concept-scheme/occupations,
http://data.europa.eu/esco/concept-scheme/isco",
ISCOGroup,http://data.europa.eu/esco/isco/C921,921,Hjelpearbeidere i jordbruk,released,,"http://data.europa.eu/esco/concept-scheme/occupations,
http://data.europa.eu/esco/concept-scheme/isco",
ISCOGroup,http://data.europa.eu/esco/isco/C9211,9211,Hjelpearbeidere i nyttevekstproduksjon,released,,"http://data.europa.eu/esco/concept-scheme/occupations,
http://data.europa.eu/esco/concept-scheme/isco",
ISCOGroup,http://data.europa.eu/esco/isco/C9212,9212,Hjelpearbeidere i husdyrproduksjon,released,,"http://data.europa.eu/esco/concept-scheme/occupations,
http://data.europa.eu/esco/concept-scheme/isco",
ISCOGroup,http://data.europa.eu/esco/isco/C9213,9213,Hjelpearbeidere i kombinasjonsbruk,released,,"http://data.europa.eu/esco/concept-scheme/occupations,
http://data.europa.eu/esco/concept-scheme/isco",
ISCOGroup,http://data.europa.eu/esco/isco/C9214,9214,Hjelpearbeidere i gartneri mv.,released,,"http://data.europa.eu/esco/concept-scheme/occupations,
http://data.europa.eu/esco/concept-scheme/isco",
ISCOGroup,http://data.europa.eu/esco/isco/C9215,9215,Hjelpearbeidere i skogbruk,released,,"http://data.europa.eu/esco/concept-scheme/occupations,
http://data.europa.eu/esco/concept-scheme/isco",
ISCOGroup,http://data.europa.eu/esco/isco/C9216,9216,Hjelpearbeidere innen havbruk,released,,"http://data.europa.eu/esco/concept-scheme/occupations,
http://data.europa.eu/esco/concept-scheme/isco",
ISCOGroup,http://data.europa.eu/esco/isco/C93,93,Hjelpearbeidere i bergverk,released,,"http://data.europa.eu/esco/concept-scheme/occupations,
http://data.europa.eu/esco/concept-scheme/isco",
ISCOGroup,http://data.europa.eu/esco/isco/C931,931,Hjelpearbeidere i bergverk,released,,"http://data.europa.eu/esco/concept-scheme/occupations,
http://data.europa.eu/esco/concept-scheme/isco",
ISCOGroup,http://data.europa.eu/esco/isco/C9311,9311,Hjelpearbeidere i bergverk,released,,"http://data.europa.eu/esco/concept-scheme/occupations,
http://data.europa.eu/esco/concept-scheme/isco",
ISCOGroup,http://data.europa.eu/esco/isco/C9312,9312,Hjelpearbeidere i anlegg,released,,"http://data.europa.eu/esco/concept-scheme/occupations,
http://data.europa.eu/esco/concept-scheme/isco",
ISCOGroup,http://data.europa.eu/esco/isco/C9313,9313,Hjelpearbeidere i bygg,released,,"http://data.europa.eu/esco/concept-scheme/occupations,
http://data.europa.eu/esco/concept-scheme/isco",
ISCOGroup,http://data.europa.eu/esco/isco/C932,932,Hjelpearbeidere i industri,released,,"http://data.europa.eu/esco/concept-scheme/occupations,
http://data.europa.eu/esco/concept-scheme/isco",
ISCOGroup,http://data.europa.eu/esco/isco/C9321,9321,Håndpakkere mv.,released,,"http://data.europa.eu/esco/concept-scheme/occupations,
http://data.europa.eu/esco/concept-scheme/isco",
ISCOGroup,http://data.europa.eu/esco/isco/C9329,9329,Andre hjelpearbeidere i industri,released,,"http://data.europa.eu/esco/concept-scheme/occupations,
http://data.europa.eu/esco/concept-scheme/isco",
ISCOGroup,http://data.europa.eu/esco/isco/C933,933,Hjelpearbeidere innen transport og lager,released,,"http://data.europa.eu/esco/concept-scheme/occupations,
http://data.europa.eu/esco/concept-scheme/isco",
ISCOGroup,http://data.europa.eu/esco/isco/C9331,9331,Førere av ikke-motorisert kjøretøy,released,,"http://data.europa.eu/esco/concept-scheme/occupations,
http://data.europa.eu/esco/concept-scheme/isco",
ISCOGroup,http://data.europa.eu/esco/isco/C9332,9332,,released,,"http://data.europa.eu/esco/concept-scheme/occupations,
http://data.europa.eu/esco/concept-scheme/isco",
ISCOGroup,http://data.europa.eu/esco/isco/C9333,9333,Laste- og lossearbeidere,released,,"http://data.europa.eu/esco/concept-scheme/occupations,
http://data.europa.eu/esco/concept-scheme/isco",
ISCOGroup,http://data.europa.eu/esco/isco/C9334,9334,Varepåfyllere,released,,"http://data.europa.eu/esco/concept-scheme/occupations,
http://data.europa.eu/esco/concept-scheme/isco",
ISCOGroup,http://data.europa.eu/esco/isco/C94,94,Kjøkkenassistenter,released,,"http://data.europa.eu/esco/concept-scheme/occupations,
http://data.europa.eu/esco/concept-scheme/isco",
ISCOGroup,http://data.europa.eu/esco/isco/C941,941,Kjøkkenassistenter,released,,"http://data.europa.eu/esco/concept-scheme/occupations,
http://data.europa.eu/esco/concept-scheme/isco",
ISCOGroup,http://data.europa.eu/esco/isco/C9411,9411,,released,,"http://data.europa.eu/esco/concept-scheme/occupations,
http://data.europa.eu/esco/concept-scheme/isco",
ISCOGroup,http://data.europa.eu/esco/isco/C9412,9412,Kjøkkenassistenter,released,,"http://data.europa.eu/esco/concept-scheme/occupations,
http://data.europa.eu/esco/concept-scheme/isco",
ISCOGroup,http://data.europa.eu/esco/isco/C95,95,Reklamedistributører mv.,released,,"http://data.europa.eu/esco/concept-scheme/occupations,
http://data.europa.eu/esco/concept-scheme/isco",
ISCOGroup,http://data.europa.eu/esco/isco/C951,951,Reklamedistributører mv.,released,,"http://data.europa.eu/esco/concept-scheme/occupations,
http://data.europa.eu/esco/concept-scheme/isco",
ISCOGroup,http://data.europa.eu/esco/isco/C9510,9510,Reklamedistributører mv.,released,,"http://data.europa.eu/esco/concept-scheme/occupations,
http://data.europa.eu/esco/concept-scheme/isco",
ISCOGroup,http://data.europa.eu/esco/isco/C952,952,,released,,"http://data.europa.eu/esco/concept-scheme/occupations,
http://data.europa.eu/esco/concept-scheme/isco",
ISCOGroup,http://data.europa.eu/esco/isco/C9520,9520,,released,,"http://data.europa.eu/esco/concept-scheme/occupations,
http://data.europa.eu/esco/concept-scheme/isco",
ISCOGroup,http://data.europa.eu/esco/isco/C96,96,Renovasjons- og gjenvinningsarbeidere mv.,released,,"http://data.europa.eu/esco/concept-scheme/occupations,
http://data.europa.eu/esco/concept-scheme/isco",
ISCOGroup,http://data.europa.eu/esco/isco/C961,961,Renovasjons- og gjenvinningsarbeidere,released,,"http://data.europa.eu/esco/concept-scheme/occupations,
http://data.europa.eu/esco/concept-scheme/isco",
ISCOGroup,http://data.europa.eu/esco/isco/C9611,9611,Renovasjonsarbeidere,released,,"http://data.europa.eu/esco/concept-scheme/occupations,
http://data.europa.eu/esco/concept-scheme/isco",
ISCOGroup,http://data.europa.eu/esco/isco/C9612,9612,Gjenvinningsarbeidere,released,,"http://data.europa.eu/esco/concept-scheme/occupations,
http://data.europa.eu/esco/concept-scheme/isco",
ISCOGroup,http://data.europa.eu/esco/isco/C9613,9613,Gatefeiere mv.,released,,"http://data.europa.eu/esco/concept-scheme/occupations,
http://data.europa.eu/esco/concept-scheme/isco",
ISCOGroup,http://data.europa.eu/esco/isco/C962,962,Andre hjelpearbeidere,released,,"http://data.europa.eu/esco/concept-scheme/occupations,
http://data.europa.eu/esco/concept-scheme/isco",
ISCOGroup,http://data.europa.eu/esco/isco/C9621,9621,Bud mv.,released,,"http://data.europa.eu/esco/concept-scheme/occupations,
http://data.europa.eu/esco/concept-scheme/isco",
ISCOGroup,http://data.europa.eu/esco/isco/C9622,9622,Altmuligmann,released,,"http://data.europa.eu/esco/concept-scheme/occupations,
http://data.europa.eu/esco/concept-scheme/isco",
ISCOGroup,http://data.europa.eu/esco/isco/C9623,9623,Måleravlesere mv.,released,,"http://data.europa.eu/esco/concept-scheme/occupations,
http://data.europa.eu/esco/concept-scheme/isco",
ISCOGroup,http://data.europa.eu/esco/isco/C9624,9624,,released,,"http://data.europa.eu/esco/concept-scheme/occupations,
http://data.europa.eu/esco/concept-scheme/isco",
ISCOGroup,http://data.europa.eu/esco/isco/C9629,9629,Andre hjelpearbeidere,released,,"http://data.europa.eu/esco/concept-scheme/occupations,
http://data.europa.eu/esco/concept-scheme/isco",
