conceptType,conceptUri,skillType,reuseLevel,preferredLabel,status,altLabels,description,broaderConceptUri,broaderConceptPT
KnowledgeSkillCompetence,http://data.europa.eu/esco/skill/01f10952-cb59-4347-9aee-d4fbc51c870a,skill/competence,transversal,skrive på ungarsk,released,,Utarbeide skriftlige tekster på ungarsk.,http://data.europa.eu/esco/skill/ddd3596a-43f3-402e-960a-5f79362a8609,Ungarsk
KnowledgeSkillCompetence,http://data.europa.eu/esco/skill/021c8a09-6b8d-4708-a5dd-17677e846640,knowledge,transversal,forstå muntlig luxembourgsk,released,forstå luxemburgsk tale | forstår muntlig luxembourgsk | lytte til luxembourgsk | forstå snakket luxembourgsk | kunne tyde muntlig luxembourgsk | tolke luxembourgsk | høre på luxembougsk | tolke muntlig luxembourgsk | få mening av muntlig luxembourgsk,"Forstå muntlig uttrykt luxembourgsk.
	",http://data.europa.eu/esco/skill/7d16f1e4-1003-4f1f-9595-5cafb25a67df,luxembourgsk
KnowledgeSkillCompetence,http://data.europa.eu/esco/skill/02d68c2b-1722-4440-8e25-376650e123c8,skill/competence,transversal,forstå skriftlig koreansk,released,,Lese og forstå skriftlige tekster på koreansk.,http://data.europa.eu/esco/skill/f9bc2890-d1f2-4a83-bd7b-b150a7679c79,Koreansk
KnowledgeSkillCompetence,http://data.europa.eu/esco/skill/037b5e5f-db3c-40cd-864e-5b9b9a3a080d,skill/competence,transversal,forstå muntlig ungarsk,released,,Forstå muntlig uttrykt ungarsk.,http://data.europa.eu/esco/skill/ddd3596a-43f3-402e-960a-5f79362a8609,Ungarsk
KnowledgeSkillCompetence,http://data.europa.eu/esco/skill/03a53283-d3ee-41c1-ab3e-eb806616440e,skill/competence,transversal,forstå muntlig walisisk,released,,Forstå muntlig uttrykt walisisk.,http://data.europa.eu/esco/skill/8dbd15c6-ecf0-468c-8ae1-f6eb360743dd,Walisisk
KnowledgeSkillCompetence,http://data.europa.eu/esco/skill/047218cf-3974-4148-86f8-31464253aa08,skill/competence,transversal,samhandle muntlig på bosnisk,released,,Kommunisere muntlig på bosnisk.,http://data.europa.eu/esco/skill/a9fdd2c9-4295-4407-ba3c-1547cbce40a2,Bosnisk
KnowledgeSkillCompetence,http://data.europa.eu/esco/skill/049b5d37-aab3-4b6a-a505-bf254a434b5d,skill/competence,transversal,forstå skriftlig latvisk,released,,Lese og forstå skriftlige tekster på latvisk.,http://data.europa.eu/esco/skill/5de39924-769c-4301-82a5-525358dffe50,Latvisk
KnowledgeSkillCompetence,http://data.europa.eu/esco/skill/049de1f6-34ec-46f9-a0b1-8fc6f0199413,skill/competence,transversal,skrive på finsk,released,,Utarbeide skriftlige tekster på finsk.,http://data.europa.eu/esco/skill/0e3493f4-0cad-4fbc-8e02-025f169b8114,finsk
KnowledgeSkillCompetence,http://data.europa.eu/esco/skill/04bd6e5b-9f81-4c3d-a81f-d7ac2c08dfd9,skill/competence,transversal,forstå muntlig panjabi,released,,Forstå muntlig uttrykt punjabi.,http://data.europa.eu/esco/skill/e05b9e06-d298-4646-b762-acbd485a20e9,Panjabi
KnowledgeSkillCompetence,http://data.europa.eu/esco/skill/078a25a4-1ac2-4c83-b0ed-8f8573c4633a,skill/competence,transversal,samhandle muntlig på oksitansk,released,,Kommunisere muntlig på oksitansk.,http://data.europa.eu/esco/skill/57cc6587-7efe-4ba5-982f-ac15ce1617ac,Oksitansk
KnowledgeSkillCompetence,http://data.europa.eu/esco/skill/0799a646-288c-4fcd-a6fd-d97a41c1bf5b,skill/competence,transversal,samhandle muntlig på tsjekkisk,released,,Kommunisere muntlig på tsjekkisk.,http://data.europa.eu/esco/skill/da0795a7-6866-4afc-81ed-5e3aa398f058,Tsjekkisk
KnowledgeSkillCompetence,http://data.europa.eu/esco/skill/07cacd8e-6aaf-4cab-abeb-28319f454606,skill/competence,transversal,forstå skriftlig ukrainsk,released,,Lese og forstå skriftlige tekster på ukrainsk.,http://data.europa.eu/esco/skill/354b948c-7eef-4ebc-bfd6-f60d7d5acb62,Ukrainsk
KnowledgeSkillCompetence,http://data.europa.eu/esco/skill/08759658-fffc-4951-bea0-1fb51d06eb89,skill/competence,transversal,forstå skriftlig spansk,released,,Lese og forstå skriftlige tekster på spansk.,http://data.europa.eu/esco/skill/14ee9f76-3524-43d5-8a1a-5ba8283f8bd7,spansk
KnowledgeSkillCompetence,http://data.europa.eu/esco/skill/08ee9a78-5eb5-426c-b34e-9ef0e0f88cc5,skill/competence,transversal,forstå skriftlig armensk,released,,Lese og forstå skriftlige tekster på armensk.,http://data.europa.eu/esco/skill/fcbcdf4c-d079-4010-ab4b-8356fbfa5096,Armensk
KnowledgeSkillCompetence,http://data.europa.eu/esco/skill/0a1e6554-1c6b-42c6-970b-8d9a307cdb5e,skill/competence,transversal,skrive på javanesisk,released,,Utarbeide skriftlige tekster på javanesisk.,http://data.europa.eu/esco/skill/7a86907d-1fd5-4e8f-b0f1-f366a14f6f6d,Javanesisk
KnowledgeSkillCompetence,http://data.europa.eu/esco/skill/0a35de65-e51d-4862-a425-2f4dd5c4a982,skill/competence,transversal,skrive på bosnisk,released,,Utarbeide skriftlige tekster på bosnisk.,http://data.europa.eu/esco/skill/a9fdd2c9-4295-4407-ba3c-1547cbce40a2,Bosnisk
KnowledgeSkillCompetence,http://data.europa.eu/esco/skill/0b8a3319-54be-4b35-8425-c31d1f42f186,skill/competence,transversal,skrive på sanskrit,released,,Utarbeide skriftlige tekster på sanskrit.,http://data.europa.eu/esco/skill/45289df8-d02d-4f08-9802-2c7deae944ad,sanskrit
KnowledgeSkillCompetence,http://data.europa.eu/esco/skill/0dc4ee3d-3e51-4765-bc1c-996707beeea1,skill/competence,transversal,forstå skriftlig sardinsk,released,,Lese og forstå skriftlige tekster på sardinsk.,http://data.europa.eu/esco/skill/1627c1b9-31e1-4742-bf5c-cfec2ce33cfc,sardisk
KnowledgeSkillCompetence,http://data.europa.eu/esco/skill/0e3493f4-0cad-4fbc-8e02-025f169b8114,knowledge,transversal,finsk,released,,Finsk språk. Finsk er et offisielt språk og arbeidsspråk i EU.,http://data.europa.eu/esco/skill/9adca63b-9c75-4804-8dab-d62872540a10 | http://data.europa.eu/esco/skill/43f425aa-f45d-4bb4-a200-6f82fa211b66,beherske språk | Språk
KnowledgeSkillCompetence,http://data.europa.eu/esco/skill/0e91219a-e74a-46e6-bcf9-9e14da031343,skill/competence,transversal,skrive på ukrainsk,released,,Utarbeide skriftlige tekster på ukrainsk.,http://data.europa.eu/esco/skill/354b948c-7eef-4ebc-bfd6-f60d7d5acb62,Ukrainsk
KnowledgeSkillCompetence,http://data.europa.eu/esco/skill/0ee9e985-0ee5-4a73-8a12-78b53b261bb2,skill/competence,transversal,samhandle muntlig på engelsk,released,,Kommunisere muntlig på engelsk.,http://data.europa.eu/esco/skill/6d3edede-8951-4621-a835-e04323300fa0,Engelsk
KnowledgeSkillCompetence,http://data.europa.eu/esco/skill/0efbd0a0-0272-445d-90a8-ebb2a9b5058b,skill/competence,transversal,forstå muntlig bosnisk,released,,Forstå muntlig uttrykt bosnisk.,http://data.europa.eu/esco/skill/a9fdd2c9-4295-4407-ba3c-1547cbce40a2,Bosnisk
KnowledgeSkillCompetence,http://data.europa.eu/esco/skill/0f58a178-1382-4df2-95e8-2b3f90e80e24,skill/competence,transversal,samhandle muntlig på spansk,released,,Kommunisere muntlig på spansk.,http://data.europa.eu/esco/skill/14ee9f76-3524-43d5-8a1a-5ba8283f8bd7,spansk
KnowledgeSkillCompetence,http://data.europa.eu/esco/skill/0f775d62-d543-40dd-aaaf-56195c2bfd80,skill/competence,transversal,forstå muntlig persisk,released,,Forstå muntlig uttrykt persisk.,http://data.europa.eu/esco/skill/58cabf75-2520-4358-a210-2cbc628f4aa2,Persisk
KnowledgeSkillCompetence,http://data.europa.eu/esco/skill/10323914-77bf-41f2-b081-42b6e972d08d,skill/competence,transversal,forstå skriftlig islandsk,released,,Lese og forstå skriftlige tekster på islandsk.,http://data.europa.eu/esco/skill/a18e3090-6afb-4afb-a055-1f83bbe498e3,Islandsk
KnowledgeSkillCompetence,http://data.europa.eu/esco/skill/10b306ae-6a1b-4e62-b06d-8702cfc6814c,skill/competence,transversal,forstå skriftlig tamilsk,released,,Lese og forstå skriftlige tekster på tamil.,http://data.europa.eu/esco/skill/e9e9b625-f59f-4bda-952d-1f9831e6dfda,Tamilsk
KnowledgeSkillCompetence,http://data.europa.eu/esco/skill/1299a59c-8b90-4838-8bef-0065cdfc8bdf,skill/competence,transversal,skrive på panjabi,released,,Utarbeide skriftlige tekster på panjabi.,http://data.europa.eu/esco/skill/e05b9e06-d298-4646-b762-acbd485a20e9,Panjabi
KnowledgeSkillCompetence,http://data.europa.eu/esco/skill/13fc11d0-d35f-4a2c-9115-b0e2ed372523,skill/competence,transversal,forstå skriftlig baskisk,released,,Lese og forstå skriftlige tekster på baskisk.,http://data.europa.eu/esco/skill/a28fa5f1-be5b-4608-8376-acea8c2f8cb1,Baskisk
KnowledgeSkillCompetence,http://data.europa.eu/esco/skill/1408a267-21e1-479e-bd40-197fa14b3024,skill/competence,transversal,forstå muntlig estisk,released,,Forstå muntlig uttrykt estisk.,http://data.europa.eu/esco/skill/1b7e6f56-bc73-4bcc-81ae-09252175d418,estisk
KnowledgeSkillCompetence,http://data.europa.eu/esco/skill/1495fc80-05c1-4f5b-82ae-9abc612364cc,skill/competence,transversal,forstå muntlig montenegrinsk,released,,Forstå muntlig uttrykt montenegrinsk.,http://data.europa.eu/esco/skill/2358a146-6e8f-43cb-872f-a12ac9c57d60,Montenegrinsk
KnowledgeSkillCompetence,http://data.europa.eu/esco/skill/14ee9f76-3524-43d5-8a1a-5ba8283f8bd7,knowledge,transversal,spansk,released,,Spansk språk. Spansk er et offisielt språk og arbeidsspråk i EU.,http://data.europa.eu/esco/skill/9adca63b-9c75-4804-8dab-d62872540a10 | http://data.europa.eu/esco/skill/43f425aa-f45d-4bb4-a200-6f82fa211b66,beherske språk | Språk
KnowledgeSkillCompetence,http://data.europa.eu/esco/skill/14fc9b06-bf35-4b35-8f07-c53856ef18bc,skill/competence,transversal,skrive på russisk,released,,Utarbeide skriftlige tekster på russisk.,http://data.europa.eu/esco/skill/6891bbce-20bf-4afc-bd5e-75bdf54c0165,Russisk
KnowledgeSkillCompetence,http://data.europa.eu/esco/skill/1500f1a7-d348-4d9e-b0a0-5792645f6c7a,skill/competence,transversal,forstå skriftlig javanesisk,released,,Lese og forstå skriftlige tekster på javanesisk.,http://data.europa.eu/esco/skill/7a86907d-1fd5-4e8f-b0f1-f366a14f6f6d,Javanesisk
KnowledgeSkillCompetence,http://data.europa.eu/esco/skill/15db81bb-7ee6-4a5f-838f-0e8a731b1fb7,skill/competence,transversal,samhandle muntlig på montenegrinsk,released,,Kommunisere muntlig på montenegrinsk.,http://data.europa.eu/esco/skill/2358a146-6e8f-43cb-872f-a12ac9c57d60,Montenegrinsk
KnowledgeSkillCompetence,http://data.europa.eu/esco/skill/15ea7b6b-1b93-4ed8-b58a-5c54777e0832,knowledge,transversal,bihari,released,,Biharsk språk.,http://data.europa.eu/esco/skill/9adca63b-9c75-4804-8dab-d62872540a10 | http://data.europa.eu/esco/skill/43f425aa-f45d-4bb4-a200-6f82fa211b66,beherske språk | Språk
KnowledgeSkillCompetence,http://data.europa.eu/esco/skill/15f261e6-4379-437e-b137-b0c473ae3e74,knowledge,transversal,Makedonsk,released,,Det makedonske språket.,http://data.europa.eu/esco/skill/9adca63b-9c75-4804-8dab-d62872540a10 | http://data.europa.eu/esco/skill/43f425aa-f45d-4bb4-a200-6f82fa211b66,beherske språk | Språk
KnowledgeSkillCompetence,http://data.europa.eu/esco/skill/1627c1b9-31e1-4742-bf5c-cfec2ce33cfc,knowledge,transversal,sardisk,released,,Sardisk språk.,http://data.europa.eu/esco/skill/9adca63b-9c75-4804-8dab-d62872540a10 | http://data.europa.eu/esco/skill/43f425aa-f45d-4bb4-a200-6f82fa211b66,beherske språk | Språk
KnowledgeSkillCompetence,http://data.europa.eu/esco/skill/1658c54a-05f7-4bde-a2f0-be67bfbda596,skill/competence,transversal,samhandle muntlig på islandsk,released,,Kommunisere muntlig på islandsk.,http://data.europa.eu/esco/skill/a18e3090-6afb-4afb-a055-1f83bbe498e3,Islandsk
KnowledgeSkillCompetence,http://data.europa.eu/esco/skill/16af0cae-57a8-478b-9095-13d3a170c9e7,skill/competence,transversal,forstå muntlig japansk,released,,Forstå muntlig uttrykt japansk.,http://data.europa.eu/esco/skill/39c675c4-af13-49db-bbed-cf762102f85e,Japansk
KnowledgeSkillCompetence,http://data.europa.eu/esco/skill/16c86dd8-00fa-4fbd-a0a9-bb59f83ebc85,skill/competence,transversal,skrive på tsjekkisk,released,,Utarbeide skriftlige tekster på tsjekkisk.,http://data.europa.eu/esco/skill/da0795a7-6866-4afc-81ed-5e3aa398f058,Tsjekkisk
KnowledgeSkillCompetence,http://data.europa.eu/esco/skill/1778faed-42eb-4aba-a41a-83989cb6bc6b,skill/competence,transversal,forstå muntlig kroatisk,released,,Forstå muntlig uttrykt kroatisk.,http://data.europa.eu/esco/skill/6bc58e91-1827-4dc7-a9cf-2311edcba0ec,Kroatisk
KnowledgeSkillCompetence,http://data.europa.eu/esco/skill/185647bf-e101-4080-9a40-09173d7eefd0,skill/competence,transversal,samhandle muntlig på walisisk,released,,Kommunisere muntlig på walisisk.,http://data.europa.eu/esco/skill/8dbd15c6-ecf0-468c-8ae1-f6eb360743dd,Walisisk
KnowledgeSkillCompetence,http://data.europa.eu/esco/skill/18e55722-e209-49a4-9f2c-ff0a789b3a68,skill/competence,transversal,samhandle muntlig på tamilsk,released,,Kommunisere muntlig på tamilsk.,http://data.europa.eu/esco/skill/e9e9b625-f59f-4bda-952d-1f9831e6dfda,Tamilsk
KnowledgeSkillCompetence,http://data.europa.eu/esco/skill/1988ce17-ce7a-44b9-9fce-5aaea5f811f5,skill/competence,transversal,skrive på armensk,released,,Utarbeide skriftlige tekster på armensk.,http://data.europa.eu/esco/skill/fcbcdf4c-d079-4010-ab4b-8356fbfa5096,Armensk
KnowledgeSkillCompetence,http://data.europa.eu/esco/skill/19b04a30-2e1d-4893-a86c-bde277765c7f,skill/competence,transversal,skrive på litauisk,released,,Utarbeide skriftlige tekster på litauisk.,http://data.europa.eu/esco/skill/b3950b87-a980-4cd4-a795-be8a9b63661d,Litauisk
KnowledgeSkillCompetence,http://data.europa.eu/esco/skill/1a61a520-f4a5-48fe-9087-3d0e46943d8e,skill/competence,transversal,forstå skriftlig irsk,released,,Lese og forstå skriftlige tekster på irsk.,http://data.europa.eu/esco/skill/8f4c0fe6-10c7-409e-92d6-245f46728209,Irsk
KnowledgeSkillCompetence,http://data.europa.eu/esco/skill/1b7e6f56-bc73-4bcc-81ae-09252175d418,knowledge,transversal,estisk,released,,Estisk språk. Estisk er et offisielt språk og arbeidsspråk i EU.,http://data.europa.eu/esco/skill/9adca63b-9c75-4804-8dab-d62872540a10 | http://data.europa.eu/esco/skill/43f425aa-f45d-4bb4-a200-6f82fa211b66,beherske språk | Språk
KnowledgeSkillCompetence,http://data.europa.eu/esco/skill/1d3c5ca3-e154-4a43-883e-7496e8886cd6,skill/competence,transversal,skrive på rumensk,released,,Utarbeide skriftlige tekster på rumensk.,http://data.europa.eu/esco/skill/4b9f1ae5-0ee6-4738-8999-9b8191fba808,Rumensk
KnowledgeSkillCompetence,http://data.europa.eu/esco/skill/1d5526b3-f17b-46fc-ba7d-f4a32d908a7e,skill/competence,transversal,forstå muntlig tysk,released,,Forstå muntlig uttrykt tysk.,http://data.europa.eu/esco/skill/4812a4ea-dc55-4dc6-b9b0-4a59bba2c647,Tysk
KnowledgeSkillCompetence,http://data.europa.eu/esco/skill/1f90c205-f869-4dcf-a374-c4fdeded9cbc,knowledge,transversal,Malayisk,released,,Malaysisk språk.,http://data.europa.eu/esco/skill/9adca63b-9c75-4804-8dab-d62872540a10 | http://data.europa.eu/esco/skill/43f425aa-f45d-4bb4-a200-6f82fa211b66,beherske språk | Språk
KnowledgeSkillCompetence,http://data.europa.eu/esco/skill/1fe42b38-cd42-4fc7-ae77-14e4c9e96295,knowledge,transversal,Kinesisk,released,,Mestre det kinesiske språket.,http://data.europa.eu/esco/skill/9adca63b-9c75-4804-8dab-d62872540a10 | http://data.europa.eu/esco/skill/43f425aa-f45d-4bb4-a200-6f82fa211b66,beherske språk | Språk
KnowledgeSkillCompetence,http://data.europa.eu/esco/skill/2080075c-0488-4fbf-a786-734dbbef31ce,knowledge,transversal,Marathi,released,,Mestre språket marathi.,http://data.europa.eu/esco/skill/9adca63b-9c75-4804-8dab-d62872540a10 | http://data.europa.eu/esco/skill/43f425aa-f45d-4bb4-a200-6f82fa211b66,beherske språk | Språk
KnowledgeSkillCompetence,http://data.europa.eu/esco/skill/20d51474-58e1-4fb3-aec3-57bdc187c5ce,skill/competence,transversal,skrive på tyrkisk,released,,Utarbeide skriftlige tekster på tyrkisk.,http://data.europa.eu/esco/skill/aa66a033-8522-40e9-a5c0-ff2593e2669c,Tyrkisk
KnowledgeSkillCompetence,http://data.europa.eu/esco/skill/214da014-b85e-4bb5-961d-1198a05e6b67,skill/competence,transversal,forstå skriftlig makedonsk,released,,Lese og forstå skriftlige tekster på makedonsk.,http://data.europa.eu/esco/skill/15f261e6-4379-437e-b137-b0c473ae3e74,Makedonsk
KnowledgeSkillCompetence,http://data.europa.eu/esco/skill/2203ac44-f4a7-4d34-a55f-1af107415988,skill/competence,transversal,forstå skriftlig panjabi,released,,Lese og forstå skriftlige tekster på punjabi.,http://data.europa.eu/esco/skill/e05b9e06-d298-4646-b762-acbd485a20e9,Panjabi
KnowledgeSkillCompetence,http://data.europa.eu/esco/skill/222bf50b-6739-48b1-a655-658306c3529f,skill/competence,transversal,skrive på romani,released,,Utarbeide skriftlige tekster på romani.,http://data.europa.eu/esco/skill/8ef3eccc-a847-430e-b828-cf178803b8c1,Romani
KnowledgeSkillCompetence,http://data.europa.eu/esco/skill/227accd5-5e70-4cc3-8f1c-3f7b52eb6848,skill/competence,transversal,samhandle muntlig på arabisk,released,,Kommunisere muntlig på arabisk.,http://data.europa.eu/esco/skill/33859d93-987c-4caa-a0a9-6159ea7bbc2a,Arabisk
KnowledgeSkillCompetence,http://data.europa.eu/esco/skill/2358a146-6e8f-43cb-872f-a12ac9c57d60,knowledge,transversal,Montenegrinsk,released,,Montenegrinsk språk.,http://data.europa.eu/esco/skill/9adca63b-9c75-4804-8dab-d62872540a10 | http://data.europa.eu/esco/skill/43f425aa-f45d-4bb4-a200-6f82fa211b66,beherske språk | Språk
KnowledgeSkillCompetence,http://data.europa.eu/esco/skill/237420c1-1882-4ce0-aa48-41a8e61977e5,skill/competence,transversal,forstå muntlig vietnamesisk,released,,Forstå muntlig uttrykt vietnamesisk.,http://data.europa.eu/esco/skill/bf60009d-8afb-4306-9b0d-cfe2f66ab08f,Vietnamesisk
KnowledgeSkillCompetence,http://data.europa.eu/esco/skill/246980fe-6222-4852-ade8-b372f7e0fd20,knowledge,transversal,Slovakisk,released,,Slovakisk språk. Slovakisk er et offisielt språk og arbeidsspråk i EU.,http://data.europa.eu/esco/skill/9adca63b-9c75-4804-8dab-d62872540a10 | http://data.europa.eu/esco/skill/43f425aa-f45d-4bb4-a200-6f82fa211b66,beherske språk | Språk
KnowledgeSkillCompetence,http://data.europa.eu/esco/skill/25fcf0ff-1615-44b8-a81a-e6e8ce9deed7,skill/competence,transversal,samhandle muntlig på hindi,released,,Kommunisere muntlig på hindi.,http://data.europa.eu/esco/skill/d93a7370-bf56-43f5-be54-e108f8ec3107,Hindi
KnowledgeSkillCompetence,http://data.europa.eu/esco/skill/2704b00a-5d70-40ad-997d-212b323fb32d,skill/competence,transversal,forstå skriftlig tyrkisk,released,,Lese og forstå skrevne tekster på tyrkisk.,http://data.europa.eu/esco/skill/aa66a033-8522-40e9-a5c0-ff2593e2669c,Tyrkisk
KnowledgeSkillCompetence,http://data.europa.eu/esco/skill/273a28d6-1bd3-4d13-a906-3d75c1cfdfc1,knowledge,transversal,Dansk,released,,Dansk språk. Dansk er offisielt språk og arbeidsspråk i EU.,http://data.europa.eu/esco/skill/9adca63b-9c75-4804-8dab-d62872540a10 | http://data.europa.eu/esco/skill/43f425aa-f45d-4bb4-a200-6f82fa211b66,beherske språk | Språk
KnowledgeSkillCompetence,http://data.europa.eu/esco/skill/2874065e-6ca3-430c-912a-467da3c23704,knowledge,transversal,Kurdisk,released,,Kurdisk språk.,http://data.europa.eu/esco/skill/9adca63b-9c75-4804-8dab-d62872540a10 | http://data.europa.eu/esco/skill/43f425aa-f45d-4bb4-a200-6f82fa211b66,beherske språk | Språk
KnowledgeSkillCompetence,http://data.europa.eu/esco/skill/29c954f2-ed17-4900-bba5-4cfd294f3680,skill/competence,transversal,samhandle muntlig på tyrkisk,released,,Kommunisere muntlig på tyrkisk.,http://data.europa.eu/esco/skill/aa66a033-8522-40e9-a5c0-ff2593e2669c,Tyrkisk
KnowledgeSkillCompetence,http://data.europa.eu/esco/skill/2abb9db5-350c-444c-8292-0e0b2ce00f9a,skill/competence,transversal,samhandle muntlig på tysk,released,,Kommunisere muntlig på tysk.,http://data.europa.eu/esco/skill/4812a4ea-dc55-4dc6-b9b0-4a59bba2c647,Tysk
KnowledgeSkillCompetence,http://data.europa.eu/esco/skill/2ac8e77b-6441-4337-b9a7-ba3d8e270cba,skill/competence,transversal,samhandle muntlig på kasakhisk,released,,Kommunisere muntlig på kasakhisk.,http://data.europa.eu/esco/skill/f37dbb3c-dafc-4835-86d1-de9615626f9b,Kasakhisk
KnowledgeSkillCompetence,http://data.europa.eu/esco/skill/2adb5796-fe66-4971-a57b-b9936a7cab68,skill/competence,transversal,forstå muntlig malayisk,released,,Forstå muntlig uttrykt malayisk.,http://data.europa.eu/esco/skill/1f90c205-f869-4dcf-a374-c4fdeded9cbc,Malayisk
KnowledgeSkillCompetence,http://data.europa.eu/esco/skill/2b7b97d3-9d77-45d4-a254-bb6c3047de78,skill/competence,transversal,samhandle muntlig på persisk,released,,Kommunisere muntlig på persisk.,http://data.europa.eu/esco/skill/58cabf75-2520-4358-a210-2cbc628f4aa2,Persisk
KnowledgeSkillCompetence,http://data.europa.eu/esco/skill/2ba106ed-4b44-45cf-8626-ff9a952b24ce,skill/competence,transversal,forstå muntlig telugu,released,,Forstå muntlig uttrykt telugu.,http://data.europa.eu/esco/skill/64fe09ac-f419-4c04-8997-d1dde2e31bfc,Telugu
KnowledgeSkillCompetence,http://data.europa.eu/esco/skill/2ce713f2-c684-4fa3-8e56-939e4bfbf4a2,skill/competence,transversal,forstå muntlig fransk,released,,Forstå muntlig uttrykt fransk.,http://data.europa.eu/esco/skill/e747e77e-0ea1-4001-8b07-1d11946b5f1b,Fransk
KnowledgeSkillCompetence,http://data.europa.eu/esco/skill/2eac15c1-fe9a-4b53-9f4e-b74747d665e5,skill/competence,transversal,forstå skriftlig malayisk,released,,Lese og forstå skrevne tekster på malayisk.,http://data.europa.eu/esco/skill/1f90c205-f869-4dcf-a374-c4fdeded9cbc,Malayisk
KnowledgeSkillCompetence,http://data.europa.eu/esco/skill/2edc3686-dc8b-498d-a174-a1f91917f86d,skill/competence,transversal,forstå skriftlig maltesisk,released,,Lese og forstå skrevne tekster på maltesisk.,http://data.europa.eu/esco/skill/cb50f9cd-3638-409b-8f93-befaf17d313e,Maltesisk
KnowledgeSkillCompetence,http://data.europa.eu/esco/skill/2f566fb0-89f0-4d15-bd20-e00c93adff35,skill/competence,transversal,forstå skriftlig georgisk,released,,Lese og forstå skrevne tekster på georgisk.,http://data.europa.eu/esco/skill/b2c1f90a-72ce-4499-ab9a-a9a5c9355d5b,Georgisk
KnowledgeSkillCompetence,http://data.europa.eu/esco/skill/2f7f7a05-88ec-4c8a-937f-381dce6b00fd,skill/competence,transversal,skrive på koreansk,released,,Utarbeide skriftlig tekster på koreansk.,http://data.europa.eu/esco/skill/f9bc2890-d1f2-4a83-bd7b-b150a7679c79,Koreansk
KnowledgeSkillCompetence,http://data.europa.eu/esco/skill/3048bf6d-27c7-4dc6-ae4b-e55094cec090,skill/competence,transversal,samhandle muntlig på finsk,released,,Kommunisere muntlig på finsk.,http://data.europa.eu/esco/skill/0e3493f4-0cad-4fbc-8e02-025f169b8114,finsk
KnowledgeSkillCompetence,http://data.europa.eu/esco/skill/33859d93-987c-4caa-a0a9-6159ea7bbc2a,knowledge,transversal,Arabisk,released,,Arabisk språk.,http://data.europa.eu/esco/skill/9adca63b-9c75-4804-8dab-d62872540a10 | http://data.europa.eu/esco/skill/43f425aa-f45d-4bb4-a200-6f82fa211b66,beherske språk | Språk
KnowledgeSkillCompetence,http://data.europa.eu/esco/skill/3388229a-0bcb-4778-9fa8-d69ac2cede71,skill/competence,transversal,forstå skriftlig luxembourgsk,released,forstå luxemburgsk skrift | tolke skriftlig luxembourgsk | gjøre mening av skrevet luxembourgsk | forstå skrevet luxembourgsk | forstå skrevet luxemburgsk | lese luxembourgsk | tolke skrevet luxemburgsk,"Lese og forstå skriftlige tekster på luxembourgsk.
	",http://data.europa.eu/esco/skill/7d16f1e4-1003-4f1f-9595-5cafb25a67df,luxembourgsk
KnowledgeSkillCompetence,http://data.europa.eu/esco/skill/34085657-5d64-4a68-abef-e5b7df3b3d46,skill/competence,transversal,forstå skriftlig katalansk,released,,Lese og forstå skrevne tekster på katalansk.,http://data.europa.eu/esco/skill/8ee2b6f2-7017-4b9a-9de2-4dedf0711394,Katalansk
KnowledgeSkillCompetence,http://data.europa.eu/esco/skill/347d33a8-3698-4549-a7de-722a0216ee40,skill/competence,transversal,forstå muntlig nederlandsk,released,,Forstå muntlig uttrykt nederlandsk.,http://data.europa.eu/esco/skill/cad4f44b-28a8-4448-86e5-7389e5ebf3eb,Nederlandsk
KnowledgeSkillCompetence,http://data.europa.eu/esco/skill/354b948c-7eef-4ebc-bfd6-f60d7d5acb62,knowledge,transversal,Ukrainsk,released,,Ukrainsk språk.,http://data.europa.eu/esco/skill/9adca63b-9c75-4804-8dab-d62872540a10 | http://data.europa.eu/esco/skill/43f425aa-f45d-4bb4-a200-6f82fa211b66,beherske språk | Språk
KnowledgeSkillCompetence,http://data.europa.eu/esco/skill/37624859-cbb6-43cb-a523-aa450877821a,skill/competence,transversal,skrive på latin,released,,Utarbeide skriftlige tekster på latin.,http://data.europa.eu/esco/skill/96e70743-6a84-4fee-b226-fe10cddb266e,Latin
KnowledgeSkillCompetence,http://data.europa.eu/esco/skill/37992d18-8d7e-4122-ad52-fa5d2d52ebde,skill/competence,transversal,forstå skriftlig urdu,released,,Lese og forstå skriftlige tekster på urdu.,http://data.europa.eu/esco/skill/bc546a09-1103-4184-b757-3508ef5f8490,Urdu
KnowledgeSkillCompetence,http://data.europa.eu/esco/skill/3993c87c-7719-4186-811b-8ddfb40e76be,skill/competence,transversal,skrive på engelsk,released,,Utarbeide skriftlige tekster på engelsk.,http://data.europa.eu/esco/skill/6d3edede-8951-4621-a835-e04323300fa0,Engelsk
KnowledgeSkillCompetence,http://data.europa.eu/esco/skill/39a7d447-5a30-41b1-967d-bdcde3288c9e,skill/competence,transversal,skrive på slovakisk,released,,Utarbeide skriftlige tekster på slovakisk.,http://data.europa.eu/esco/skill/246980fe-6222-4852-ade8-b372f7e0fd20,Slovakisk
KnowledgeSkillCompetence,http://data.europa.eu/esco/skill/39c675c4-af13-49db-bbed-cf762102f85e,knowledge,transversal,Japansk,released,,Japansk språk.,http://data.europa.eu/esco/skill/9adca63b-9c75-4804-8dab-d62872540a10 | http://data.europa.eu/esco/skill/43f425aa-f45d-4bb4-a200-6f82fa211b66,beherske språk | Språk
KnowledgeSkillCompetence,http://data.europa.eu/esco/skill/3a0814b1-5851-43f9-b886-1e496fefcf9c,skill/competence,transversal,forstå skriftlig finsk,released,,Lese og forstå skriftlige tekster på finsk.,http://data.europa.eu/esco/skill/0e3493f4-0cad-4fbc-8e02-025f169b8114,finsk
KnowledgeSkillCompetence,http://data.europa.eu/esco/skill/3a660148-e0d6-4b07-b107-10200ebb1b23,skill/competence,transversal,skrive på aserbajdsjansk,released,,Utarbeide skriftlige tekster på aserbajdsjansk.,http://data.europa.eu/esco/skill/5bfce8e7-6f22-4e67-9018-0e4161620f3a,Aserbajdsjansk
KnowledgeSkillCompetence,http://data.europa.eu/esco/skill/3c98d1d7-52cd-44e7-8083-c02a981e3872,skill/competence,transversal,samhandle muntlig på georgisk,released,,Kommunisere muntlig på georgisk.,http://data.europa.eu/esco/skill/b2c1f90a-72ce-4499-ab9a-a9a5c9355d5b,Georgisk
KnowledgeSkillCompetence,http://data.europa.eu/esco/skill/3cb08443-192d-475b-89ce-15901ed1a900,skill/competence,transversal,samhandle muntlig på slovakisk,released,,Kommunisere muntlig på slovakisk.,http://data.europa.eu/esco/skill/246980fe-6222-4852-ade8-b372f7e0fd20,Slovakisk
KnowledgeSkillCompetence,http://data.europa.eu/esco/skill/3cc1fa63-1b28-44df-a93c-d09b12389a2f,skill/competence,transversal,samhandle muntlig på baskisk,released,,Kommunisere muntlig på baskisk.,http://data.europa.eu/esco/skill/a28fa5f1-be5b-4608-8376-acea8c2f8cb1,Baskisk
KnowledgeSkillCompetence,http://data.europa.eu/esco/skill/3cccda28-82cc-4e47-9442-af0cb4d64016,skill/competence,transversal,skrive på serbisk,released,,Utarbeide skriftlige tekster på serbisk.,http://data.europa.eu/esco/skill/c5cb0cc1-c40b-4544-a21c-8472f0b5c14a,Serbisk
KnowledgeSkillCompetence,http://data.europa.eu/esco/skill/40842478-ad09-4be9-a889-97299b013609,skill/competence,transversal,skrive på hebraisk,released,,Utarbeide skriftlige tekster på hebraisk.,http://data.europa.eu/esco/skill/8a45f04a-cd28-4ac1-8e8b-ecfd21be0b18,Hebraisk
KnowledgeSkillCompetence,http://data.europa.eu/esco/skill/41253322-dc32-4d79-941c-3a8c230a1d85,skill/competence,transversal,skrive på berbisk,released,,Utarbeide skriftlige tekster på berbisk.,http://data.europa.eu/esco/skill/6f34bd05-1297-4913-92ff-85a604242b2f,Berbisk
KnowledgeSkillCompetence,http://data.europa.eu/esco/skill/416ca9da-3a58-4522-89a2-5746576feddd,skill/competence,transversal,skrive på vietnamesisk,released,,Utarbeide skriftlige tekster på vietnamesisk.,http://data.europa.eu/esco/skill/bf60009d-8afb-4306-9b0d-cfe2f66ab08f,Vietnamesisk
KnowledgeSkillCompetence,http://data.europa.eu/esco/skill/421910b5-70e1-429e-8b32-0df5518b7ddd,skill/competence,transversal,forstå skriftlig tsjekkisk,released,,Lese og forstå skriftlige tekster på tsjekkisk.,http://data.europa.eu/esco/skill/da0795a7-6866-4afc-81ed-5e3aa398f058,Tsjekkisk
KnowledgeSkillCompetence,http://data.europa.eu/esco/skill/4264f3aa-037e-44f4-bb08-90d2337953ee,skill/competence,transversal,skrive på portugisisk,released,,Utarbeide skriftlige tekster på portugisisk.,http://data.europa.eu/esco/skill/584c13e8-fd06-4ca3-a45b-cca5b2f147a7,Portugisisk
KnowledgeSkillCompetence,http://data.europa.eu/esco/skill/42b7c03a-3ed5-4dc1-adc0-ff1fb8d4d697,skill/competence,transversal,skrive på dansk,released,,Utarbeide skriftlige tekster på dansk.,http://data.europa.eu/esco/skill/273a28d6-1bd3-4d13-a906-3d75c1cfdfc1,Dansk
KnowledgeSkillCompetence,http://data.europa.eu/esco/skill/450e047f-bb60-4eaa-bbcf-5e7af43e7f2a,skill/competence,transversal,skrive på bulgarsk,released,,Utarbeide skriftlige tekster på bulgarsk.,http://data.europa.eu/esco/skill/d5fd4958-4ca6-4d06-845f-713e2c459612,Bulgarsk
KnowledgeSkillCompetence,http://data.europa.eu/esco/skill/45289df8-d02d-4f08-9802-2c7deae944ad,knowledge,cross-sector,sanskrit,released,,Språket sanskrit.,http://data.europa.eu/esco/skill/e434e71a-f068-44ed-8059-d1af9eb592d7,Klassiske språk
KnowledgeSkillCompetence,http://data.europa.eu/esco/skill/45ab3524-935d-4bc0-a7f3-1cf3be7e5987,skill/competence,transversal,skrive på georgisk,released,,Utarbeide skriftlige tekster på georgisk.,http://data.europa.eu/esco/skill/b2c1f90a-72ce-4499-ab9a-a9a5c9355d5b,Georgisk
KnowledgeSkillCompetence,http://data.europa.eu/esco/skill/46d20520-381c-40c9-9de5-f635d0755923,skill/competence,transversal,forstå skriftlig bulgarsk,released,,Lese og forstå skriftlige tekster på bulgarsk.,http://data.europa.eu/esco/skill/d5fd4958-4ca6-4d06-845f-713e2c459612,Bulgarsk
KnowledgeSkillCompetence,http://data.europa.eu/esco/skill/4812a4ea-dc55-4dc6-b9b0-4a59bba2c647,knowledge,transversal,Tysk,released,,Tysk språk.,http://data.europa.eu/esco/skill/9adca63b-9c75-4804-8dab-d62872540a10 | http://data.europa.eu/esco/skill/43f425aa-f45d-4bb4-a200-6f82fa211b66,beherske språk | Språk
KnowledgeSkillCompetence,http://data.europa.eu/esco/skill/486e4f39-e968-41f4-955e-56e9eba96ef5,skill/competence,transversal,forstå skriftlig tysk,released,,Lese og forstå skriftlige tekster på tysk.,http://data.europa.eu/esco/skill/4812a4ea-dc55-4dc6-b9b0-4a59bba2c647,Tysk
KnowledgeSkillCompetence,http://data.europa.eu/esco/skill/49edb5ac-b80c-4c02-8509-d0e05889031e,skill/competence,transversal,forstå muntlig kurdisk,released,,Forstå muntlig uttrykt kurdisk.,http://data.europa.eu/esco/skill/2874065e-6ca3-430c-912a-467da3c23704,Kurdisk
KnowledgeSkillCompetence,http://data.europa.eu/esco/skill/4aaa3e87-2b29-4a83-bdff-cbe51db03fc5,skill/competence,transversal,skrive på montenegrinsk,released,,Utarbeide skriftlige tekster på montenegrinsk.,http://data.europa.eu/esco/skill/2358a146-6e8f-43cb-872f-a12ac9c57d60,Montenegrinsk
KnowledgeSkillCompetence,http://data.europa.eu/esco/skill/4b873879-6d5e-46b6-80e2-1ef313b4e0ac,skill/competence,transversal,skrive på japansk,released,,Utarbeide skriftlige tekster på japansk.,http://data.europa.eu/esco/skill/39c675c4-af13-49db-bbed-cf762102f85e,Japansk
KnowledgeSkillCompetence,http://data.europa.eu/esco/skill/4b9f1ae5-0ee6-4738-8999-9b8191fba808,knowledge,transversal,Rumensk,released,,Rumensk språk. Rumensk er et offisielt språk og arbeidsspråk i EU.,http://data.europa.eu/esco/skill/9adca63b-9c75-4804-8dab-d62872540a10 | http://data.europa.eu/esco/skill/43f425aa-f45d-4bb4-a200-6f82fa211b66,beherske språk | Språk
KnowledgeSkillCompetence,http://data.europa.eu/esco/skill/4c5a2793-c18d-40b9-832d-af8e07f0f171,skill/competence,transversal,skrive på islandsk,released,,Utarbeide skriftlige tekster på islandsk.,http://data.europa.eu/esco/skill/a18e3090-6afb-4afb-a055-1f83bbe498e3,Islandsk
KnowledgeSkillCompetence,http://data.europa.eu/esco/skill/4c6fe11c-f912-4c81-b74c-2e72943abeb6,skill/competence,transversal,forstå skriftlig litauisk,released,,Lese og forstå skriftlige tekster på litauisk.,http://data.europa.eu/esco/skill/b3950b87-a980-4cd4-a795-be8a9b63661d,Litauisk
KnowledgeSkillCompetence,http://data.europa.eu/esco/skill/4c92020a-110b-4daf-b1ec-c4e17c3b9b2c,skill/competence,transversal,forstå muntlig kinesisk,released,,Forstå muntlig uttrykt kinesisk.,http://data.europa.eu/esco/skill/1fe42b38-cd42-4fc7-ae77-14e4c9e96295,Kinesisk
KnowledgeSkillCompetence,http://data.europa.eu/esco/skill/4ddf697a-b1e9-4ae6-931e-920de761f9df,skill/competence,transversal,samhandle muntlig på vallonsk,released,,Kommunisere muntlig på vallonsk.,http://data.europa.eu/esco/skill/d54d7c00-87c4-4f78-af8d-e84577372974,Vallonsk
KnowledgeSkillCompetence,http://data.europa.eu/esco/skill/4dfda994-f9a2-4cbd-b224-0ab036e69d6e,skill/competence,transversal,samhandle muntlig på rumensk,released,,Kommunisere muntlig på rumensk.,http://data.europa.eu/esco/skill/4b9f1ae5-0ee6-4738-8999-9b8191fba808,Rumensk
KnowledgeSkillCompetence,http://data.europa.eu/esco/skill/4ff6df71-6988-4300-8966-9fabb2b59186,skill/competence,transversal,forstå skriftlig fransk,released,,Lese og forstå skriftlige tekster på fransk.,http://data.europa.eu/esco/skill/e747e77e-0ea1-4001-8b07-1d11946b5f1b,Fransk
KnowledgeSkillCompetence,http://data.europa.eu/esco/skill/50d8a1ff-659a-4671-be48-369242b2a3be,skill/competence,transversal,skrive på bihari,released,,Skrive tekster på bihari.,http://data.europa.eu/esco/skill/15ea7b6b-1b93-4ed8-b58a-5c54777e0832,bihari
KnowledgeSkillCompetence,http://data.europa.eu/esco/skill/520b5278-eb9a-4c7d-a80d-a129ffb103da,skill/competence,transversal,samhandle muntlig på ungarsk,released,,Kommunisere muntlig på ungarsk.,http://data.europa.eu/esco/skill/ddd3596a-43f3-402e-960a-5f79362a8609,Ungarsk
KnowledgeSkillCompetence,http://data.europa.eu/esco/skill/52894650-9077-40f0-96d6-6f07d1a6cafa,skill/competence,transversal,skrive på tysk,released,,Skrive tekster på tysk.,http://data.europa.eu/esco/skill/4812a4ea-dc55-4dc6-b9b0-4a59bba2c647,Tysk
KnowledgeSkillCompetence,http://data.europa.eu/esco/skill/529d9a4f-5b96-4952-b9e6-114213366565,skill/competence,transversal,forstå muntlig georgisk,released,,Forstå muntlig georgisk.,http://data.europa.eu/esco/skill/b2c1f90a-72ce-4499-ab9a-a9a5c9355d5b,Georgisk
KnowledgeSkillCompetence,http://data.europa.eu/esco/skill/562c4f04-4f58-4c28-bcc4-49307786067b,skill/competence,transversal,samhandle muntlig på dansk,released,,Kommunisere muntlig på dansk.,http://data.europa.eu/esco/skill/273a28d6-1bd3-4d13-a906-3d75c1cfdfc1,Dansk
KnowledgeSkillCompetence,http://data.europa.eu/esco/skill/57cc6587-7efe-4ba5-982f-ac15ce1617ac,knowledge,transversal,Oksitansk,released,,Oksitansk språk.,http://data.europa.eu/esco/skill/9adca63b-9c75-4804-8dab-d62872540a10 | http://data.europa.eu/esco/skill/43f425aa-f45d-4bb4-a200-6f82fa211b66,beherske språk | Språk
KnowledgeSkillCompetence,http://data.europa.eu/esco/skill/584c13e8-fd06-4ca3-a45b-cca5b2f147a7,knowledge,transversal,Portugisisk,released,,Portugisisk språk. Portugisisk er et offisielt språk og arbeidsspråk i EU.,http://data.europa.eu/esco/skill/9adca63b-9c75-4804-8dab-d62872540a10 | http://data.europa.eu/esco/skill/43f425aa-f45d-4bb4-a200-6f82fa211b66,beherske språk | Språk
KnowledgeSkillCompetence,http://data.europa.eu/esco/skill/585824c4-ef01-49fd-9b14-be00162a2387,skill/competence,transversal,forstå skriftlig persisk,released,,Lese og forstå skriftlige persiske tekster.,http://data.europa.eu/esco/skill/58cabf75-2520-4358-a210-2cbc628f4aa2,Persisk
KnowledgeSkillCompetence,http://data.europa.eu/esco/skill/5885fe45-0fd8-4eea-ac55-f46d46a44e6c,skill/competence,transversal,samhandle muntlig på albansk,released,,Samhandle muntlig på albansk.,http://data.europa.eu/esco/skill/f1a08ec9-32d2-4e52-ba4a-66e049019be8,Albansk
KnowledgeSkillCompetence,http://data.europa.eu/esco/skill/58cabf75-2520-4358-a210-2cbc628f4aa2,knowledge,transversal,Persisk,released,,Persisk språk.,http://data.europa.eu/esco/skill/9adca63b-9c75-4804-8dab-d62872540a10 | http://data.europa.eu/esco/skill/43f425aa-f45d-4bb4-a200-6f82fa211b66,beherske språk | Språk
KnowledgeSkillCompetence,http://data.europa.eu/esco/skill/59ac89d7-12bb-470d-818b-222963d1c357,skill/competence,transversal,samhandle muntlig på gujarati,released,,Kommunisere muntlig på gujarati.,http://data.europa.eu/esco/skill/9b0baaa7-fed3-41b7-b74e-9d459f11acfe,Gujarati
KnowledgeSkillCompetence,http://data.europa.eu/esco/skill/5a6ac2a6-6aa3-4b68-b2ef-b2491fb146c1,skill/competence,transversal,skrive på walisisk,released,,Skrive tekster på walisisk.,http://data.europa.eu/esco/skill/8dbd15c6-ecf0-468c-8ae1-f6eb360743dd,Walisisk
KnowledgeSkillCompetence,http://data.europa.eu/esco/skill/5b9694a6-58b0-4179-a1bd-4bcda0352ca1,skill/competence,transversal,skrive på makedonsk,released,,Skrive tekster på makedonsk.,http://data.europa.eu/esco/skill/15f261e6-4379-437e-b137-b0c473ae3e74,Makedonsk
KnowledgeSkillCompetence,http://data.europa.eu/esco/skill/5bfce8e7-6f22-4e67-9018-0e4161620f3a,knowledge,transversal,Aserbajdsjansk,released,,Aserbajdsjansk språk.,http://data.europa.eu/esco/skill/9adca63b-9c75-4804-8dab-d62872540a10 | http://data.europa.eu/esco/skill/43f425aa-f45d-4bb4-a200-6f82fa211b66,beherske språk | Språk
KnowledgeSkillCompetence,http://data.europa.eu/esco/skill/5de39924-769c-4301-82a5-525358dffe50,knowledge,transversal,Latvisk,released,,Latvisk språk. Latvisk er et offisielt språk og arbeidsspråk i EU.,http://data.europa.eu/esco/skill/9adca63b-9c75-4804-8dab-d62872540a10 | http://data.europa.eu/esco/skill/43f425aa-f45d-4bb4-a200-6f82fa211b66,beherske språk | Språk
KnowledgeSkillCompetence,http://data.europa.eu/esco/skill/5dfc81aa-c395-4e88-a0e0-a2fbb681ecc0,skill/competence,transversal,skrive på fransk,released,,Skrive tekster på fransk.,http://data.europa.eu/esco/skill/e747e77e-0ea1-4001-8b07-1d11946b5f1b,Fransk
KnowledgeSkillCompetence,http://data.europa.eu/esco/skill/5ec5c4f7-1b6d-4642-8470-567e666952a8,skill/competence,transversal,skrive på galisisk,released,,Skrive tekster på galisisk.,http://data.europa.eu/esco/skill/66212ff2-34b9-4812-be58-f53a0b751863,Galisisk
KnowledgeSkillCompetence,http://data.europa.eu/esco/skill/5f1e9642-588c-4882-8c90-20c33cc78bc1,skill/competence,transversal,forstå muntlig italiensk,released,,Forstå muntlig italiensk.,http://data.europa.eu/esco/skill/87219dfe-a21c-4160-8cc8-1eabf9b16b44,Italiensk
KnowledgeSkillCompetence,http://data.europa.eu/esco/skill/5f81f163-7c84-4254-962f-69257cfa9ef5,skill/competence,transversal,forstå skriftlig gujarati,released,,Lese og forstå skriftlige tekster på gujarati.,http://data.europa.eu/esco/skill/9b0baaa7-fed3-41b7-b74e-9d459f11acfe,Gujarati
KnowledgeSkillCompetence,http://data.europa.eu/esco/skill/5fd4e27b-49de-4609-ae44-91e47ee3d168,skill/competence,transversal,skrive på telugu,released,,Skrive tekster på telugu.,http://data.europa.eu/esco/skill/64fe09ac-f419-4c04-8997-d1dde2e31bfc,Telugu
KnowledgeSkillCompetence,http://data.europa.eu/esco/skill/60bb7483-e0a1-4016-a6f3-6b95261ab615,skill/competence,transversal,forstå muntlig aserbajdsjansk,released,,Forstå aserbajdsjansk uttrykt muntlig.,http://data.europa.eu/esco/skill/5bfce8e7-6f22-4e67-9018-0e4161620f3a,Aserbajdsjansk
KnowledgeSkillCompetence,http://data.europa.eu/esco/skill/614dcf69-dc56-4cab-bcb1-5bed1b389516,skill/competence,transversal,forstå muntlig armensk,released,,Forstå muntlig uttrykt armensk.,http://data.europa.eu/esco/skill/fcbcdf4c-d079-4010-ab4b-8356fbfa5096,Armensk
KnowledgeSkillCompetence,http://data.europa.eu/esco/skill/61809be5-6787-46f0-9583-ac3287e17bd6,skill/competence,transversal,samhandle muntlig på marathi,released,,Kommunisere muntlig på marathi.,http://data.europa.eu/esco/skill/2080075c-0488-4fbf-a786-734dbbef31ce,Marathi
KnowledgeSkillCompetence,http://data.europa.eu/esco/skill/61c14f06-9edf-44c3-96af-dcecda598853,skill/competence,transversal,skrive på latvisk,released,,Produsere skriftlige tekster på latvisk.,http://data.europa.eu/esco/skill/5de39924-769c-4301-82a5-525358dffe50,Latvisk
KnowledgeSkillCompetence,http://data.europa.eu/esco/skill/61ea50d7-db19-4160-8da4-1d7bec68bec3,skill/competence,transversal,skrive på slovensk,released,,Produsere skriftlige tekster på slovensk.,http://data.europa.eu/esco/skill/9ace3aae-aeae-4ed6-b625-26bc58345554,Slovensk
KnowledgeSkillCompetence,http://data.europa.eu/esco/skill/633b72c4-1da1-45ae-b989-4d1a5bcab1a7,skill/competence,transversal,forstå muntlig katalansk,released,,Forstå muntlig uttrykt katalansk.,http://data.europa.eu/esco/skill/8ee2b6f2-7017-4b9a-9de2-4dedf0711394,Katalansk
KnowledgeSkillCompetence,http://data.europa.eu/esco/skill/64fe09ac-f419-4c04-8997-d1dde2e31bfc,knowledge,transversal,Telugu,released,,Det teluguiske språk.,http://data.europa.eu/esco/skill/9adca63b-9c75-4804-8dab-d62872540a10 | http://data.europa.eu/esco/skill/43f425aa-f45d-4bb4-a200-6f82fa211b66,beherske språk | Språk
KnowledgeSkillCompetence,http://data.europa.eu/esco/skill/64ff8d5f-58a8-4efb-af5a-e161854b3e9a,skill/competence,transversal,forstå muntlig engelsk,released,,Forstå muntlig uttrykt engelsk.,http://data.europa.eu/esco/skill/6d3edede-8951-4621-a835-e04323300fa0,Engelsk
KnowledgeSkillCompetence,http://data.europa.eu/esco/skill/65a24ec1-e173-4bd6-b160-270346e0f4bf,skill/competence,transversal,skrive på irsk,released,,Produsere skriftlige tekster på irsk.,http://data.europa.eu/esco/skill/8f4c0fe6-10c7-409e-92d6-245f46728209,Irsk
KnowledgeSkillCompetence,http://data.europa.eu/esco/skill/65d796ba-2cac-41b0-abfb-1f2f980a4893,skill/competence,transversal,samhandle verbalt på luxembourgsk,released,kunne luxemburgsk flytende | samhandle muntlig på luxembourgsk | snakker luxemburgsk | kommunisere muntlig på luxemburgsk | kommunisere verbalt på luxembourgsk | kommunisere muntlig på luxembourgsk | snakker luxembourgsk | samhandle verbalt på luxemburgsk | kommuniserer verbalt på luxembourgsk,"Kommunisere muntlig på luxembourgsk.
	",http://data.europa.eu/esco/skill/7d16f1e4-1003-4f1f-9595-5cafb25a67df,luxembourgsk
KnowledgeSkillCompetence,http://data.europa.eu/esco/skill/66120d64-6f0f-4b89-8c4f-cd271f8cb7ca,skill/competence,transversal,forstå muntlig romani,released,,Forstå muntlig uttrykt romani.,http://data.europa.eu/esco/skill/8ef3eccc-a847-430e-b828-cf178803b8c1,Romani
KnowledgeSkillCompetence,http://data.europa.eu/esco/skill/66212ff2-34b9-4812-be58-f53a0b751863,knowledge,transversal,Galisisk,released,,Galisisk språk.,http://data.europa.eu/esco/skill/9adca63b-9c75-4804-8dab-d62872540a10 | http://data.europa.eu/esco/skill/43f425aa-f45d-4bb4-a200-6f82fa211b66,beherske språk | Språk
KnowledgeSkillCompetence,http://data.europa.eu/esco/skill/67e9583d-621a-42bd-8381-4e85c9e0923a,skill/competence,transversal,samhandle muntlig på norsk,released,,Kommunisere muntlig på norsk.,http://data.europa.eu/esco/skill/829f6eb5-0b26-4152-8eb3-82dd32b2b6f2,Norsk
KnowledgeSkillCompetence,http://data.europa.eu/esco/skill/6891bbce-20bf-4afc-bd5e-75bdf54c0165,knowledge,transversal,Russisk,released,,Russisk språk.,http://data.europa.eu/esco/skill/9adca63b-9c75-4804-8dab-d62872540a10 | http://data.europa.eu/esco/skill/43f425aa-f45d-4bb4-a200-6f82fa211b66,beherske språk | Språk
KnowledgeSkillCompetence,http://data.europa.eu/esco/skill/69eb9999-814b-4293-8d6c-633e49f64de4,skill/competence,transversal,skrive på svensk,released,,Produsere skriftlige tekster på svensk.,http://data.europa.eu/esco/skill/7ee51257-8947-4b69-9bdf-322baf0a6398,Svensk
KnowledgeSkillCompetence,http://data.europa.eu/esco/skill/6b7968ae-34fc-44cf-bbe4-28bded032004,skill/competence,transversal,forstå muntlig portugisisk,released,,Forstå muntlig uttrykt portugisisk.,http://data.europa.eu/esco/skill/584c13e8-fd06-4ca3-a45b-cca5b2f147a7,Portugisisk
KnowledgeSkillCompetence,http://data.europa.eu/esco/skill/6b99d4ad-f0aa-44bb-a75e-a65c32fc5d2f,skill/competence,transversal,forstå skriftlig romani,released,,Lese og forstå skriftlige tekster på romani.,http://data.europa.eu/esco/skill/8ef3eccc-a847-430e-b828-cf178803b8c1,Romani
KnowledgeSkillCompetence,http://data.europa.eu/esco/skill/6bc58e91-1827-4dc7-a9cf-2311edcba0ec,knowledge,transversal,Kroatisk,released,,Kroatisk språk. Kroatisk er et offisielt språk og arbeidsspråk i EU.,http://data.europa.eu/esco/skill/9adca63b-9c75-4804-8dab-d62872540a10 | http://data.europa.eu/esco/skill/43f425aa-f45d-4bb4-a200-6f82fa211b66,beherske språk | Språk
KnowledgeSkillCompetence,http://data.europa.eu/esco/skill/6be5f174-9b46-4b76-9aa1-177f3845b615,skill/competence,transversal,samhandle muntlig på latvisk,released,,Kommunisere muntlig på latvisk.,http://data.europa.eu/esco/skill/5de39924-769c-4301-82a5-525358dffe50,Latvisk
KnowledgeSkillCompetence,http://data.europa.eu/esco/skill/6c619869-46b6-4a52-8889-1fc737546b36,skill/competence,transversal,forstå skriftlig gammelgresk,released,,Lese og forstå skriftlige tekster på gammelgresk.,http://data.europa.eu/esco/skill/896b0b7f-e793-4b3f-a7a6-4ab1d237f695,Gammelgresk
KnowledgeSkillCompetence,http://data.europa.eu/esco/skill/6d3edede-8951-4621-a835-e04323300fa0,knowledge,transversal,Engelsk,released,,Engelsk språk. Engelsk er et offisielt språk og arbeidsspråk i EU.,http://data.europa.eu/esco/skill/9adca63b-9c75-4804-8dab-d62872540a10 | http://data.europa.eu/esco/skill/43f425aa-f45d-4bb4-a200-6f82fa211b66,beherske språk | Språk
KnowledgeSkillCompetence,http://data.europa.eu/esco/skill/6d4feb44-401c-480d-a05b-02ca8b38d7cd,skill/competence,transversal,skrive på malayisk,released,,Produsere skriftlige tekster på malayisk.,http://data.europa.eu/esco/skill/1f90c205-f869-4dcf-a374-c4fdeded9cbc,Malayisk
KnowledgeSkillCompetence,http://data.europa.eu/esco/skill/6f34bd05-1297-4913-92ff-85a604242b2f,knowledge,transversal,Berbisk,released,,Språkfamilie bestående av berberspråk.,http://data.europa.eu/esco/skill/9adca63b-9c75-4804-8dab-d62872540a10 | http://data.europa.eu/esco/skill/43f425aa-f45d-4bb4-a200-6f82fa211b66,beherske språk | Språk
KnowledgeSkillCompetence,http://data.europa.eu/esco/skill/6f55e44d-4494-4079-9b8d-01ac6912529e,knowledge,transversal,Hviterussisk,released,,Hviterussisk språk.,http://data.europa.eu/esco/skill/9adca63b-9c75-4804-8dab-d62872540a10 | http://data.europa.eu/esco/skill/43f425aa-f45d-4bb4-a200-6f82fa211b66,beherske språk | Språk
KnowledgeSkillCompetence,http://data.europa.eu/esco/skill/702d3840-308a-4d4a-ab61-f40f87d47fff,skill/competence,transversal,samhandle muntlig på kinesisk,released,,Kommunisere muntlig på kinesisk.,http://data.europa.eu/esco/skill/1fe42b38-cd42-4fc7-ae77-14e4c9e96295,Kinesisk
KnowledgeSkillCompetence,http://data.europa.eu/esco/skill/7077db13-08c2-4482-918c-e6291e04f82b,skill/competence,transversal,forstå skriftlig japansk,released,,Lese og forstå skriftlige tekster på japansk.,http://data.europa.eu/esco/skill/39c675c4-af13-49db-bbed-cf762102f85e,Japansk
KnowledgeSkillCompetence,http://data.europa.eu/esco/skill/741ef95e-f1cf-4cf4-a021-b293e25eb005,skill/competence,transversal,samhandle muntlig på maltesisk,released,,Kommunisere muntlig på maltesisk.,http://data.europa.eu/esco/skill/cb50f9cd-3638-409b-8f93-befaf17d313e,Maltesisk
KnowledgeSkillCompetence,http://data.europa.eu/esco/skill/74e261bb-9a84-438b-9c6c-42e2a46613dc,skill/competence,transversal,samhandle muntlig på bulgarsk,released,,Kommunisere muntlig på bulgarsk.,http://data.europa.eu/esco/skill/d5fd4958-4ca6-4d06-845f-713e2c459612,Bulgarsk
KnowledgeSkillCompetence,http://data.europa.eu/esco/skill/7629db63-5922-42fa-8c80-9575526f7326,skill/competence,transversal,skrive på gresk,released,,Skrive tekster på gresk.,http://data.europa.eu/esco/skill/ea4ebfa1-e17a-4416-ac54-955f33e6ade7,Gresk
KnowledgeSkillCompetence,http://data.europa.eu/esco/skill/76506870-aeac-4bc2-96b2-cbc6702601ea,skill/competence,transversal,skrive på norsk,released,,Skrive tekster på norsk.,http://data.europa.eu/esco/skill/829f6eb5-0b26-4152-8eb3-82dd32b2b6f2,Norsk
KnowledgeSkillCompetence,http://data.europa.eu/esco/skill/767f8edf-372a-490b-9346-54de0ba8c654,skill/competence,transversal,forstå muntlig slovensk,released,,Forstå muntlig slovensk.,http://data.europa.eu/esco/skill/9ace3aae-aeae-4ed6-b625-26bc58345554,Slovensk
KnowledgeSkillCompetence,http://data.europa.eu/esco/skill/768e19df-be76-4e55-9120-8d1b07306293,skill/competence,transversal,forstå skriftlig telugu,released,,Lese og forstå tekster på telugu.,http://data.europa.eu/esco/skill/64fe09ac-f419-4c04-8997-d1dde2e31bfc,Telugu
KnowledgeSkillCompetence,http://data.europa.eu/esco/skill/78001945-0117-4dc7-ae8e-6c6800f1ffd8,skill/competence,transversal,forstå skriftlig berbisk,released,,Lese og forstå skriftlige tekster på berbisk.,http://data.europa.eu/esco/skill/6f34bd05-1297-4913-92ff-85a604242b2f,Berbisk
KnowledgeSkillCompetence,http://data.europa.eu/esco/skill/7866045d-4d36-45e6-aa60-a8107f43e5b1,skill/competence,transversal,samhandle muntlig på irsk,released,,Kommunisere muntlig på irsk.,http://data.europa.eu/esco/skill/8f4c0fe6-10c7-409e-92d6-245f46728209,Irsk
KnowledgeSkillCompetence,http://data.europa.eu/esco/skill/790a0f2a-5250-4b6b-a013-c23160fcea65,skill/competence,transversal,samhandle muntlig på panjabi,released,,Kommunisere muntlig på panjabi.,http://data.europa.eu/esco/skill/e05b9e06-d298-4646-b762-acbd485a20e9,Panjabi
KnowledgeSkillCompetence,http://data.europa.eu/esco/skill/79444b07-be9c-4cf9-ac91-04e52b2ac1a0,skill/competence,transversal,forstå muntlig slovakisk,released,,Forstå muntlig slovakisk.,http://data.europa.eu/esco/skill/246980fe-6222-4852-ade8-b372f7e0fd20,Slovakisk
KnowledgeSkillCompetence,http://data.europa.eu/esco/skill/7a86907d-1fd5-4e8f-b0f1-f366a14f6f6d,knowledge,transversal,Javanesisk,released,,Javanesisk språk.,http://data.europa.eu/esco/skill/9adca63b-9c75-4804-8dab-d62872540a10 | http://data.europa.eu/esco/skill/43f425aa-f45d-4bb4-a200-6f82fa211b66,beherske språk | Språk
KnowledgeSkillCompetence,http://data.europa.eu/esco/skill/7bd84008-afc2-4f72-8b49-a1dc4723d479,skill/competence,transversal,forstå muntlig finsk,released,,Forstå muntlig finsk.,http://data.europa.eu/esco/skill/0e3493f4-0cad-4fbc-8e02-025f169b8114,finsk
KnowledgeSkillCompetence,http://data.europa.eu/esco/skill/7c16e933-2a3f-40e8-855c-f9e5c5a56199,skill/competence,transversal,forstå skriftlig vallonsk,released,,Lese og forstå skriftlige tekster på vallonsk.,http://data.europa.eu/esco/skill/d54d7c00-87c4-4f78-af8d-e84577372974,Vallonsk
KnowledgeSkillCompetence,http://data.europa.eu/esco/skill/7c2e97a5-ac3d-4c01-9a3b-2e395f45d34a,skill/competence,transversal,skrive på kroatisk,released,,Skrive tekster på kroatisk.,http://data.europa.eu/esco/skill/6bc58e91-1827-4dc7-a9cf-2311edcba0ec,Kroatisk
KnowledgeSkillCompetence,http://data.europa.eu/esco/skill/7c946ebd-21de-4b08-af66-dff0356b5ad1,skill/competence,transversal,forstå skriftlig hviterussisk,released,,Lese og forstå skriftlige tekster på hviterussisk.,http://data.europa.eu/esco/skill/6f55e44d-4494-4079-9b8d-01ac6912529e,Hviterussisk
KnowledgeSkillCompetence,http://data.europa.eu/esco/skill/7d16f1e4-1003-4f1f-9595-5cafb25a67df,knowledge,transversal,luxembourgsk,released,luxemburgsk | evne til å forstå muntlig og skriftlig luxembourgsk og å snakke og skrive på luxembourgsk | kompetent på luxembourgsk | kompetent i luxemburgsk | evne til å forstå muntlig og skriftlig luxembourgsk og til å snakke og skrive på luxembourgsk,"Det luxembourgske språket.
	",http://data.europa.eu/esco/skill/9adca63b-9c75-4804-8dab-d62872540a10 | http://data.europa.eu/esco/skill/43f425aa-f45d-4bb4-a200-6f82fa211b66,beherske språk | Språk
KnowledgeSkillCompetence,http://data.europa.eu/esco/skill/7da256db-ea36-43e3-ba4c-286b598628d5,skill/competence,transversal,samhandle muntlig på hviterussisk,released,,Kommunisere muntlig på hviterussisk.,http://data.europa.eu/esco/skill/6f55e44d-4494-4079-9b8d-01ac6912529e,Hviterussisk
KnowledgeSkillCompetence,http://data.europa.eu/esco/skill/7e2c0de4-240d-4c6f-9336-56c0ac349212,skill/competence,transversal,forstå skriftlig polsk,released,,Lese og forstå skriftlige tekster på polsk.,http://data.europa.eu/esco/skill/f3e9b964-0c2d-46c4-a895-8b3583054d69,Polsk
KnowledgeSkillCompetence,http://data.europa.eu/esco/skill/7ed08054-550c-4206-a991-1718dcb68658,skill/competence,transversal,forstå skriftlig bihari,released,,Lese og forstå skriftlige tekster på bihari.,http://data.europa.eu/esco/skill/15ea7b6b-1b93-4ed8-b58a-5c54777e0832,bihari
KnowledgeSkillCompetence,http://data.europa.eu/esco/skill/7ee20fe2-facd-4cc5-837b-927429e0e7ac,skill/competence,transversal,forstå skriftlig engelsk,released,,Lese og forstå skriftlige tekster på engelsk.,http://data.europa.eu/esco/skill/6d3edede-8951-4621-a835-e04323300fa0,Engelsk
KnowledgeSkillCompetence,http://data.europa.eu/esco/skill/7ee51257-8947-4b69-9bdf-322baf0a6398,knowledge,transversal,Svensk,released,,Svensk språk. Svensk er et offisielt språk og arbeidsspråk i EU.,http://data.europa.eu/esco/skill/9adca63b-9c75-4804-8dab-d62872540a10 | http://data.europa.eu/esco/skill/43f425aa-f45d-4bb4-a200-6f82fa211b66,beherske språk | Språk
KnowledgeSkillCompetence,http://data.europa.eu/esco/skill/7f030a50-030e-429e-8f50-02186b27f7ea,skill/competence,transversal,forstå skriftlig montenegrinsk,released,,Lese og forstå skriftlige tekster på montenegrinsk.,http://data.europa.eu/esco/skill/2358a146-6e8f-43cb-872f-a12ac9c57d60,Montenegrinsk
KnowledgeSkillCompetence,http://data.europa.eu/esco/skill/8024130b-1359-485d-b40f-9b31e25d7c17,skill/competence,transversal,forstå muntlig bengali,released,,Forstå muntlig bengali.,http://data.europa.eu/esco/skill/ede98e07-f07d-41bc-99b0-f88bf0dad438,Bengali
KnowledgeSkillCompetence,http://data.europa.eu/esco/skill/81192ed1-cabc-48c5-bbc3-9ff06d3f2958,skill/competence,transversal,forstå muntlig koreansk,released,,Forstå muntlig koreansk.,http://data.europa.eu/esco/skill/f9bc2890-d1f2-4a83-bd7b-b150a7679c79,Koreansk
KnowledgeSkillCompetence,http://data.europa.eu/esco/skill/829f6eb5-0b26-4152-8eb3-82dd32b2b6f2,knowledge,transversal,Norsk,released,,Norsk språk.,http://data.europa.eu/esco/skill/9adca63b-9c75-4804-8dab-d62872540a10 | http://data.europa.eu/esco/skill/43f425aa-f45d-4bb4-a200-6f82fa211b66,beherske språk | Språk
KnowledgeSkillCompetence,http://data.europa.eu/esco/skill/84e1df68-529a-4dbf-9557-5c50de5b27c3,skill/competence,transversal,forstå skriftlig hindi,released,,Lese og forstå skriftlige tekster på hindi.,http://data.europa.eu/esco/skill/d93a7370-bf56-43f5-be54-e108f8ec3107,Hindi
KnowledgeSkillCompetence,http://data.europa.eu/esco/skill/87087740-89b7-4d0c-a3a1-99c573c81b62,skill/competence,transversal,forstå muntlig marathi,released,,Forstå muntlig marathi.,http://data.europa.eu/esco/skill/2080075c-0488-4fbf-a786-734dbbef31ce,Marathi
KnowledgeSkillCompetence,http://data.europa.eu/esco/skill/87219dfe-a21c-4160-8cc8-1eabf9b16b44,knowledge,transversal,Italiensk,released,,Italiensk språk. Italiensk er et offisielt språk i EU.,http://data.europa.eu/esco/skill/9adca63b-9c75-4804-8dab-d62872540a10 | http://data.europa.eu/esco/skill/43f425aa-f45d-4bb4-a200-6f82fa211b66,beherske språk | Språk
KnowledgeSkillCompetence,http://data.europa.eu/esco/skill/877057bc-7be8-4d40-9bab-cda10eb4b999,skill/competence,transversal,skrive på gammelgresk,released,,Skrive tekster på gammelgresk.,http://data.europa.eu/esco/skill/896b0b7f-e793-4b3f-a7a6-4ab1d237f695,Gammelgresk
KnowledgeSkillCompetence,http://data.europa.eu/esco/skill/88778b48-d8dd-4c7e-8154-6f45fab4b0e9,skill/competence,transversal,forstå muntlig maltesisk,released,,Forstå muntlig uttrykt maltesisk.,http://data.europa.eu/esco/skill/cb50f9cd-3638-409b-8f93-befaf17d313e,Maltesisk
KnowledgeSkillCompetence,http://data.europa.eu/esco/skill/894f3286-ae58-4a13-a8ed-9aa7c5c77c18,skill/competence,transversal,samhandle muntlig på romani,released,,Kommunisere muntlig på romani.,http://data.europa.eu/esco/skill/8ef3eccc-a847-430e-b828-cf178803b8c1,Romani
KnowledgeSkillCompetence,http://data.europa.eu/esco/skill/895b3eab-d1e7-443d-8ba3-745f67462207,skill/competence,transversal,samhandle muntlig på russisk,released,,Kommunisere muntlig på russisk.,http://data.europa.eu/esco/skill/6891bbce-20bf-4afc-bd5e-75bdf54c0165,Russisk
KnowledgeSkillCompetence,http://data.europa.eu/esco/skill/896b0b7f-e793-4b3f-a7a6-4ab1d237f695,knowledge,cross-sector,Gammelgresk,released,,Gammelgresk språk.,http://data.europa.eu/esco/skill/e434e71a-f068-44ed-8059-d1af9eb592d7,Klassiske språk
KnowledgeSkillCompetence,http://data.europa.eu/esco/skill/8a45f04a-cd28-4ac1-8e8b-ecfd21be0b18,knowledge,transversal,Hebraisk,released,,Hebraisk språk.,http://data.europa.eu/esco/skill/9adca63b-9c75-4804-8dab-d62872540a10 | http://data.europa.eu/esco/skill/43f425aa-f45d-4bb4-a200-6f82fa211b66,beherske språk | Språk
KnowledgeSkillCompetence,http://data.europa.eu/esco/skill/8d09f7c2-d10c-4818-a91d-d2f1b8ec7973,skill/competence,transversal,skrive på gujarati,released,,Produsere skriftlige tekster på gujarati.,http://data.europa.eu/esco/skill/9b0baaa7-fed3-41b7-b74e-9d459f11acfe,Gujarati
KnowledgeSkillCompetence,http://data.europa.eu/esco/skill/8dbd15c6-ecf0-468c-8ae1-f6eb360743dd,knowledge,transversal,Walisisk,released,,Walisisk språk.,http://data.europa.eu/esco/skill/9adca63b-9c75-4804-8dab-d62872540a10 | http://data.europa.eu/esco/skill/43f425aa-f45d-4bb4-a200-6f82fa211b66,beherske språk | Språk
KnowledgeSkillCompetence,http://data.europa.eu/esco/skill/8e12171c-d2b4-4a79-a3ff-ebe18913cc9f,skill/competence,transversal,forstå skriftlig kazakhisk,released,,Lese og forstå skriftlige tekster på kasakhisk.,http://data.europa.eu/esco/skill/f37dbb3c-dafc-4835-86d1-de9615626f9b,Kasakhisk
KnowledgeSkillCompetence,http://data.europa.eu/esco/skill/8e46288c-025c-4d28-8316-13a21f25f964,skill/competence,transversal,forstå muntlig serbisk,released,,Forstå muntlig uttrykt serbisk.,http://data.europa.eu/esco/skill/c5cb0cc1-c40b-4544-a21c-8472f0b5c14a,Serbisk
KnowledgeSkillCompetence,http://data.europa.eu/esco/skill/8ee2b6f2-7017-4b9a-9de2-4dedf0711394,knowledge,transversal,Katalansk,released,,Katalansk språk.,http://data.europa.eu/esco/skill/9adca63b-9c75-4804-8dab-d62872540a10 | http://data.europa.eu/esco/skill/43f425aa-f45d-4bb4-a200-6f82fa211b66,beherske språk | Språk
KnowledgeSkillCompetence,http://data.europa.eu/esco/skill/8ef3eccc-a847-430e-b828-cf178803b8c1,knowledge,transversal,Romani,released,,Språkfamilie bestående av romanispråk.,http://data.europa.eu/esco/skill/9adca63b-9c75-4804-8dab-d62872540a10 | http://data.europa.eu/esco/skill/43f425aa-f45d-4bb4-a200-6f82fa211b66,beherske språk | Språk
KnowledgeSkillCompetence,http://data.europa.eu/esco/skill/8f1efe4e-5f92-43b0-a329-3c17c1460a37,skill/competence,transversal,forstå skriftlig aserbajdsjansk,released,,Lese og forstå skriftlige tekster på aserbajdsjansk.,http://data.europa.eu/esco/skill/5bfce8e7-6f22-4e67-9018-0e4161620f3a,Aserbajdsjansk
KnowledgeSkillCompetence,http://data.europa.eu/esco/skill/8f4c0fe6-10c7-409e-92d6-245f46728209,knowledge,transversal,Irsk,released,,Det irske språket. Irsk er et av EUs offisielle språk.,http://data.europa.eu/esco/skill/9adca63b-9c75-4804-8dab-d62872540a10 | http://data.europa.eu/esco/skill/43f425aa-f45d-4bb4-a200-6f82fa211b66,beherske språk | Språk
KnowledgeSkillCompetence,http://data.europa.eu/esco/skill/8ff32017-9a19-400c-8de5-8a93198864be,skill/competence,transversal,skrive på maltesisk,released,,Produsere skriftlige tekster på maltesisk.,http://data.europa.eu/esco/skill/cb50f9cd-3638-409b-8f93-befaf17d313e,Maltesisk
KnowledgeSkillCompetence,http://data.europa.eu/esco/skill/91161335-8adf-4567-8fa5-62fb37948664,skill/competence,transversal,skrive på vallonsk,released,,Produsere skriftlige tekster på vallonsk.,http://data.europa.eu/esco/skill/d54d7c00-87c4-4f78-af8d-e84577372974,Vallonsk
KnowledgeSkillCompetence,http://data.europa.eu/esco/skill/9273eec7-e9ce-4860-88fb-9f30faeea34d,skill/competence,transversal,forstå skriftlig serbisk,released,,Lese og forstå skriftlige tekster på serbisk.,http://data.europa.eu/esco/skill/c5cb0cc1-c40b-4544-a21c-8472f0b5c14a,Serbisk
KnowledgeSkillCompetence,http://data.europa.eu/esco/skill/92ca09cb-e827-4c49-b318-8f540de4debb,skill/competence,transversal,forstå muntlig hebraisk,released,,Forstå muntlig uttrykt hebraisk.,http://data.europa.eu/esco/skill/8a45f04a-cd28-4ac1-8e8b-ecfd21be0b18,Hebraisk
KnowledgeSkillCompetence,http://data.europa.eu/esco/skill/93c6c3ac-e344-460b-888f-662f6dcc7685,skill/competence,transversal,forstå skriftlig latin,released,,Lese og forstå skriftlige tekster på latinsk.,http://data.europa.eu/esco/skill/96e70743-6a84-4fee-b226-fe10cddb266e,Latin
KnowledgeSkillCompetence,http://data.europa.eu/esco/skill/943fe908-c465-4e91-944c-20e2242fd03a,skill/competence,transversal,forstå muntlig bulgarsk,released,,Forstå muntlig uttrykt bulgarsk.,http://data.europa.eu/esco/skill/d5fd4958-4ca6-4d06-845f-713e2c459612,Bulgarsk
KnowledgeSkillCompetence,http://data.europa.eu/esco/skill/96ab25a3-c89b-43ea-833b-26b637c3b6ed,skill/competence,transversal,forstå skriftlig nederlandsk,released,,Lese og forstå skriftlige tekster på nederlandsk.,http://data.europa.eu/esco/skill/cad4f44b-28a8-4448-86e5-7389e5ebf3eb,Nederlandsk
KnowledgeSkillCompetence,http://data.europa.eu/esco/skill/96e70743-6a84-4fee-b226-fe10cddb266e,knowledge,cross-sector,Latin,released,,Latinsk språk.,http://data.europa.eu/esco/skill/e434e71a-f068-44ed-8059-d1af9eb592d7,Klassiske språk
KnowledgeSkillCompetence,http://data.europa.eu/esco/skill/97ca0f19-c53f-4c38-b983-398345cba227,skill/competence,transversal,skrive på albansk,released,,Produsere skriftlige tekster på albansk.,http://data.europa.eu/esco/skill/f1a08ec9-32d2-4e52-ba4a-66e049019be8,Albansk
KnowledgeSkillCompetence,http://data.europa.eu/esco/skill/98d31888-bb47-4f54-b339-bd0b9c289048,skill/competence,transversal,samhandle muntlig på slovensk,released,,Kommunisere muntlig på slovensk.,http://data.europa.eu/esco/skill/9ace3aae-aeae-4ed6-b625-26bc58345554,Slovensk
KnowledgeSkillCompetence,http://data.europa.eu/esco/skill/99933cd7-7868-4f83-8bb3-d747433159d3,skill/competence,transversal,forstå muntlig litauisk,released,,Forstå muntlig uttrykt litauisk.,http://data.europa.eu/esco/skill/b3950b87-a980-4cd4-a795-be8a9b63661d,Litauisk
KnowledgeSkillCompetence,http://data.europa.eu/esco/skill/9996836f-788c-4f04-a792-c831b2e94e2f,skill/competence,transversal,forstå skriftlig marathi,released,,Lese og forstå skriftlige tekster på marathi.,http://data.europa.eu/esco/skill/2080075c-0488-4fbf-a786-734dbbef31ce,Marathi
KnowledgeSkillCompetence,http://data.europa.eu/esco/skill/99b3532b-2f47-47f5-b194-708957acf0a8,skill/competence,transversal,forstå muntlig baskisk,released,,Forstå muntlig uttrykt baskisk.,http://data.europa.eu/esco/skill/a28fa5f1-be5b-4608-8376-acea8c2f8cb1,Baskisk
KnowledgeSkillCompetence,http://data.europa.eu/esco/skill/9a42bdc6-8496-4874-b9f5-b48207a85282,skill/competence,transversal,samhandle muntlig på gresk,released,,Kommunisere muntlig på gresk.,http://data.europa.eu/esco/skill/ea4ebfa1-e17a-4416-ac54-955f33e6ade7,Gresk
KnowledgeSkillCompetence,http://data.europa.eu/esco/skill/9ace3aae-aeae-4ed6-b625-26bc58345554,knowledge,transversal,Slovensk,released,,Slovensk språk. Slovensk er et offisielt språk og arbeidsspråk i EU.,http://data.europa.eu/esco/skill/9adca63b-9c75-4804-8dab-d62872540a10 | http://data.europa.eu/esco/skill/43f425aa-f45d-4bb4-a200-6f82fa211b66,beherske språk | Språk
KnowledgeSkillCompetence,http://data.europa.eu/esco/skill/9b0baaa7-fed3-41b7-b74e-9d459f11acfe,knowledge,transversal,Gujarati,released,,Gujaratisk språk.,http://data.europa.eu/esco/skill/9adca63b-9c75-4804-8dab-d62872540a10 | http://data.europa.eu/esco/skill/43f425aa-f45d-4bb4-a200-6f82fa211b66,beherske språk | Språk
KnowledgeSkillCompetence,http://data.europa.eu/esco/skill/9bccf172-587b-489b-84b7-5e1c8cc91520,skill/competence,transversal,forstå skriftlig svensk,released,,Lese og forstå skrevne tekster på svensk.,http://data.europa.eu/esco/skill/7ee51257-8947-4b69-9bdf-322baf0a6398,Svensk
KnowledgeSkillCompetence,http://data.europa.eu/esco/skill/9ce34147-6618-4f1b-bbe3-f46e9aa17211,skill/competence,transversal,samhandle muntlig på limburgisk,released,,Kommunisere muntlig på limburgisk.,http://data.europa.eu/esco/skill/cf5b3ca0-a844-42b9-b9cd-bd15465b9cac,Limburgisk
KnowledgeSkillCompetence,http://data.europa.eu/esco/skill/9ef06b7c-991c-46a5-9dbc-82506031e8f9,skill/competence,transversal,forstå skriftlig portugisisk,released,,Lese og forstå skrevne tekster på portugisisk.,http://data.europa.eu/esco/skill/584c13e8-fd06-4ca3-a45b-cca5b2f147a7,Portugisisk
KnowledgeSkillCompetence,http://data.europa.eu/esco/skill/9f3e3f27-1f27-4b77-9bc8-4ec33e33b8b1,skill/competence,transversal,skrive på bengali,released,,Forfatte tekst skriftlig på bengali.,http://data.europa.eu/esco/skill/ede98e07-f07d-41bc-99b0-f88bf0dad438,Bengali
KnowledgeSkillCompetence,http://data.europa.eu/esco/skill/a0ccc96f-edec-4641-b053-12159ebe5b13,skill/competence,transversal,forstå muntlig spansk,released,,Forstå muntlig uttrykt spansk.,http://data.europa.eu/esco/skill/14ee9f76-3524-43d5-8a1a-5ba8283f8bd7,spansk
KnowledgeSkillCompetence,http://data.europa.eu/esco/skill/a18e3090-6afb-4afb-a055-1f83bbe498e3,knowledge,transversal,Islandsk,released,,Islandsk språk.,http://data.europa.eu/esco/skill/9adca63b-9c75-4804-8dab-d62872540a10 | http://data.europa.eu/esco/skill/43f425aa-f45d-4bb4-a200-6f82fa211b66,beherske språk | Språk
KnowledgeSkillCompetence,http://data.europa.eu/esco/skill/a2358129-ba05-49bb-914f-03420a8be102,skill/competence,transversal,forstå skriftlig hebraisk,released,,Lese og forstå skrevne tekster på hebraisk.,http://data.europa.eu/esco/skill/8a45f04a-cd28-4ac1-8e8b-ecfd21be0b18,Hebraisk
KnowledgeSkillCompetence,http://data.europa.eu/esco/skill/a28c2024-0fa6-43fd-a848-1a7ec7fe28b0,skill/competence,transversal,forstå skriftlig albansk,released,,Lese og forstå skrevne tekster på albansk.,http://data.europa.eu/esco/skill/f1a08ec9-32d2-4e52-ba4a-66e049019be8,Albansk
KnowledgeSkillCompetence,http://data.europa.eu/esco/skill/a28fa5f1-be5b-4608-8376-acea8c2f8cb1,knowledge,transversal,Baskisk,released,,Baskisk språk.,http://data.europa.eu/esco/skill/9adca63b-9c75-4804-8dab-d62872540a10 | http://data.europa.eu/esco/skill/43f425aa-f45d-4bb4-a200-6f82fa211b66,beherske språk | Språk
KnowledgeSkillCompetence,http://data.europa.eu/esco/skill/a3e0c23e-db44-43f5-af4b-7e1b60deb6d8,skill/competence,transversal,forstå muntlig galisisk,released,,Forstå muntlig galisisk.,http://data.europa.eu/esco/skill/66212ff2-34b9-4812-be58-f53a0b751863,Galisisk
KnowledgeSkillCompetence,http://data.europa.eu/esco/skill/a61e9686-7e8f-44ec-967b-d6445f90230b,skill/competence,transversal,forstå skriftlig galisisk,released,,Lese og forstå skrevne tekster på galisisk.,http://data.europa.eu/esco/skill/66212ff2-34b9-4812-be58-f53a0b751863,Galisisk
KnowledgeSkillCompetence,http://data.europa.eu/esco/skill/a6aa3c44-b4d7-4db6-9a84-329e5ca9c64d,skill/competence,transversal,forstå muntlig albansk,released,,Forstå muntlig albansk.,http://data.europa.eu/esco/skill/f1a08ec9-32d2-4e52-ba4a-66e049019be8,Albansk
KnowledgeSkillCompetence,http://data.europa.eu/esco/skill/a7e1201f-bc9c-4dd9-aa82-271273f94595,skill/competence,transversal,forstå skriftlig jiddisk,released,,Lese og forstå skrevne tekster på jiddisk.,http://data.europa.eu/esco/skill/d59ef10f-ad20-4791-957d-b315196ecdc2,Jiddisk
KnowledgeSkillCompetence,http://data.europa.eu/esco/skill/a88e4c9e-5a40-4da7-acf1-02e4a9e46da2,skill/competence,transversal,forstå skriftlig ungarsk,released,,Lese og forstå skrevne tekster på ungarsk.,http://data.europa.eu/esco/skill/ddd3596a-43f3-402e-960a-5f79362a8609,Ungarsk
KnowledgeSkillCompetence,http://data.europa.eu/esco/skill/a9170bca-28d9-4bb5-b950-0d0f712d1cd2,skill/competence,transversal,forstå muntlig dansk,released,,Forstå muntlig dansk.,http://data.europa.eu/esco/skill/273a28d6-1bd3-4d13-a906-3d75c1cfdfc1,Dansk
KnowledgeSkillCompetence,http://data.europa.eu/esco/skill/a9fdd2c9-4295-4407-ba3c-1547cbce40a2,knowledge,transversal,Bosnisk,released,,Bosnisk språk.,http://data.europa.eu/esco/skill/9adca63b-9c75-4804-8dab-d62872540a10 | http://data.europa.eu/esco/skill/43f425aa-f45d-4bb4-a200-6f82fa211b66,beherske språk | Språk
KnowledgeSkillCompetence,http://data.europa.eu/esco/skill/aa66a033-8522-40e9-a5c0-ff2593e2669c,knowledge,transversal,Tyrkisk,released,,Tyrkisk språk.,http://data.europa.eu/esco/skill/9adca63b-9c75-4804-8dab-d62872540a10 | http://data.europa.eu/esco/skill/43f425aa-f45d-4bb4-a200-6f82fa211b66,beherske språk | Språk
KnowledgeSkillCompetence,http://data.europa.eu/esco/skill/aaf57e19-0d41-4361-8de9-bcd858e3f10d,skill/competence,transversal,skrive på katalansk,released,,Skrive tekster på katalansk.,http://data.europa.eu/esco/skill/8ee2b6f2-7017-4b9a-9de2-4dedf0711394,Katalansk
KnowledgeSkillCompetence,http://data.europa.eu/esco/skill/abadaacb-5751-4f52-96b7-c9bbc070f9de,skill/competence,transversal,skrive på estisk,released,,Skrive tekster på estisk.,http://data.europa.eu/esco/skill/1b7e6f56-bc73-4bcc-81ae-09252175d418,estisk
KnowledgeSkillCompetence,http://data.europa.eu/esco/skill/ad3711f4-f4d9-41e0-b26d-030247cecde4,skill/competence,transversal,samhandle muntlig på aserbajdsjansk,released,,Kommunisere muntlig på aserbajdsjansk.,http://data.europa.eu/esco/skill/5bfce8e7-6f22-4e67-9018-0e4161620f3a,Aserbajdsjansk
KnowledgeSkillCompetence,http://data.europa.eu/esco/skill/ae5d27b1-7298-4dce-836c-3bb26c2fafda,skill/competence,transversal,samhandle muntlig på litauisk,released,,Kommunisere muntlig på litauisk.,http://data.europa.eu/esco/skill/b3950b87-a980-4cd4-a795-be8a9b63661d,Litauisk
KnowledgeSkillCompetence,http://data.europa.eu/esco/skill/ae72f370-469d-44fa-9f09-408b1c994d2e,skill/competence,transversal,forstå skriftlig rumensk,released,,Lese og forstå skrevne tekster på rumensk.,http://data.europa.eu/esco/skill/4b9f1ae5-0ee6-4738-8999-9b8191fba808,Rumensk
KnowledgeSkillCompetence,http://data.europa.eu/esco/skill/b0964159-d7b2-4f1e-a0d1-5d100445fcdb,skill/competence,transversal,forstå skriftlig arabisk,released,,Lese og forstå arabiske tekster.,http://data.europa.eu/esco/skill/33859d93-987c-4caa-a0a9-6159ea7bbc2a,Arabisk
KnowledgeSkillCompetence,http://data.europa.eu/esco/skill/b22ab5e7-11e1-435e-bdab-0f8decd6a6f4,skill/competence,transversal,forstå muntlig arabisk,released,,Forstå muntlig arabisk.,http://data.europa.eu/esco/skill/33859d93-987c-4caa-a0a9-6159ea7bbc2a,Arabisk
KnowledgeSkillCompetence,http://data.europa.eu/esco/skill/b2c1f90a-72ce-4499-ab9a-a9a5c9355d5b,knowledge,transversal,Georgisk,released,,Georgisk språk.,http://data.europa.eu/esco/skill/9adca63b-9c75-4804-8dab-d62872540a10 | http://data.europa.eu/esco/skill/43f425aa-f45d-4bb4-a200-6f82fa211b66,beherske språk | Språk
KnowledgeSkillCompetence,http://data.europa.eu/esco/skill/b2cd801d-803d-41bc-bef3-dea4ddd94bbc,skill/competence,transversal,skrive på hindi,released,,Skrive på tekster på hindi.,http://data.europa.eu/esco/skill/d93a7370-bf56-43f5-be54-e108f8ec3107,Hindi
KnowledgeSkillCompetence,http://data.europa.eu/esco/skill/b3950b87-a980-4cd4-a795-be8a9b63661d,knowledge,transversal,Litauisk,released,,Litauisk språk. Litauisk er et offisielt språk og arbeidsspråk i EU.,http://data.europa.eu/esco/skill/9adca63b-9c75-4804-8dab-d62872540a10 | http://data.europa.eu/esco/skill/43f425aa-f45d-4bb4-a200-6f82fa211b66,beherske språk | Språk
KnowledgeSkillCompetence,http://data.europa.eu/esco/skill/b45f87e9-66ce-4212-82eb-3a55765bc512,skill/competence,transversal,samhandle muntlig på italiensk,released,,Kommunisere muntlig på italiensk.,http://data.europa.eu/esco/skill/87219dfe-a21c-4160-8cc8-1eabf9b16b44,Italiensk
KnowledgeSkillCompetence,http://data.europa.eu/esco/skill/b4a5d258-4fe7-4fa5-b58f-d2f8769eb15b,skill/competence,transversal,skrive på sardinsk,released,,Skrive tekster på sardinsk.,http://data.europa.eu/esco/skill/1627c1b9-31e1-4742-bf5c-cfec2ce33cfc,sardisk
KnowledgeSkillCompetence,http://data.europa.eu/esco/skill/b4d8c494-4318-42e4-ba6e-0039390a2d7a,skill/competence,transversal,samhandle muntlig på bihari,released,,Kommunisere muntlig i Bihari.,http://data.europa.eu/esco/skill/15ea7b6b-1b93-4ed8-b58a-5c54777e0832,bihari
KnowledgeSkillCompetence,http://data.europa.eu/esco/skill/b5ff2ded-a91d-468b-afed-f9737f929e86,skill/competence,transversal,skrive kinesisk,released,,Skrive tekster på kinesisk.,http://data.europa.eu/esco/skill/1fe42b38-cd42-4fc7-ae77-14e4c9e96295,Kinesisk
KnowledgeSkillCompetence,http://data.europa.eu/esco/skill/b6422189-45f6-4e87-8a9e-7e4aabddf069,skill/competence,transversal,skrive på urdu,released,,Skrive tekster på Urdu.,http://data.europa.eu/esco/skill/bc546a09-1103-4184-b757-3508ef5f8490,Urdu
KnowledgeSkillCompetence,http://data.europa.eu/esco/skill/b694bab7-6ece-48a8-8a65-2f6d8fd62df2,skill/competence,transversal,forstå skriftlig norsk,released,,Lese og forstå skriftlige tekster på norsk.,http://data.europa.eu/esco/skill/829f6eb5-0b26-4152-8eb3-82dd32b2b6f2,Norsk
KnowledgeSkillCompetence,http://data.europa.eu/esco/skill/b6c39ec1-7da2-46dc-9cec-2f7204066cf3,skill/competence,transversal,forstå muntlig irsk,released,,Forstå muntlig irsk.,http://data.europa.eu/esco/skill/8f4c0fe6-10c7-409e-92d6-245f46728209,Irsk
KnowledgeSkillCompetence,http://data.europa.eu/esco/skill/b7385197-5481-4b91-9628-56dadb648f69,skill/competence,transversal,forstå muntlig gujarati,released,,Forstå muntlig gujarati.,http://data.europa.eu/esco/skill/9b0baaa7-fed3-41b7-b74e-9d459f11acfe,Gujarati
KnowledgeSkillCompetence,http://data.europa.eu/esco/skill/b895feef-e869-48ac-a853-6c31a636721f,skill/competence,transversal,forstå muntlig javanesisk,released,,Forstå muntlig javanesisk.,http://data.europa.eu/esco/skill/7a86907d-1fd5-4e8f-b0f1-f366a14f6f6d,Javanesisk
KnowledgeSkillCompetence,http://data.europa.eu/esco/skill/ba002311-da5a-4795-933b-1c7d1f0f2f25,skill/competence,transversal,forstå muntlig kasakhisk,released,,Forstå muntlig kasakhisk.,http://data.europa.eu/esco/skill/f37dbb3c-dafc-4835-86d1-de9615626f9b,Kasakhisk
KnowledgeSkillCompetence,http://data.europa.eu/esco/skill/ba98bef0-9c49-478f-b9db-14a4189d7c76,skill/competence,transversal,forstå skriftlig sanskrit,released,,Lese og forstå skriftlige tekster på sanskrit.,http://data.europa.eu/esco/skill/45289df8-d02d-4f08-9802-2c7deae944ad,sanskrit
KnowledgeSkillCompetence,http://data.europa.eu/esco/skill/bad8da46-ec16-48da-b717-e9b9616e3c91,skill/competence,transversal,forstå muntlig makedonsk,released,,Forstå muntlig makedonsk.,http://data.europa.eu/esco/skill/15f261e6-4379-437e-b137-b0c473ae3e74,Makedonsk
KnowledgeSkillCompetence,http://data.europa.eu/esco/skill/bb691baa-c7c2-41c3-af69-4dc901d22d2f,skill/competence,transversal,forstå skriftlig italiensk,released,,Lese og forstå skriftlige tekster på italiensk.,http://data.europa.eu/esco/skill/87219dfe-a21c-4160-8cc8-1eabf9b16b44,Italiensk
KnowledgeSkillCompetence,http://data.europa.eu/esco/skill/bbe65f99-72a8-43a2-b227-9ce1457a8a20,skill/competence,transversal,samhandle muntlig på katalansk,released,,Kommunisere muntlig på katalansk.,http://data.europa.eu/esco/skill/8ee2b6f2-7017-4b9a-9de2-4dedf0711394,Katalansk
KnowledgeSkillCompetence,http://data.europa.eu/esco/skill/bc112354-758e-40eb-930e-9ebdbd5a2f34,skill/competence,transversal,forstå muntlig gresk,released,,Forstå muntlig gresk.,http://data.europa.eu/esco/skill/ea4ebfa1-e17a-4416-ac54-955f33e6ade7,Gresk
KnowledgeSkillCompetence,http://data.europa.eu/esco/skill/bc546a09-1103-4184-b757-3508ef5f8490,knowledge,transversal,Urdu,released,,Språket urdu.,http://data.europa.eu/esco/skill/9adca63b-9c75-4804-8dab-d62872540a10 | http://data.europa.eu/esco/skill/43f425aa-f45d-4bb4-a200-6f82fa211b66,beherske språk | Språk
KnowledgeSkillCompetence,http://data.europa.eu/esco/skill/bc65ec0c-cdf0-4af3-b79e-c9bfa5abd758,skill/competence,transversal,forstå muntlig latvisk,released,,Forstå muntlig latvisk.,http://data.europa.eu/esco/skill/5de39924-769c-4301-82a5-525358dffe50,Latvisk
KnowledgeSkillCompetence,http://data.europa.eu/esco/skill/bdf14dfe-437d-4fb6-95f4-72da1a593384,skill/competence,transversal,samhandle muntlig på svensk,released,,Kommunisere muntlig på svensk.,http://data.europa.eu/esco/skill/7ee51257-8947-4b69-9bdf-322baf0a6398,Svensk
KnowledgeSkillCompetence,http://data.europa.eu/esco/skill/be5c6fb4-d257-4c98-b5e2-d3866fd0f2c2,skill/competence,transversal,samhandle muntlig på koreansk,released,,Kommunisere muntlig på koreansk.,http://data.europa.eu/esco/skill/f9bc2890-d1f2-4a83-bd7b-b150a7679c79,Koreansk
KnowledgeSkillCompetence,http://data.europa.eu/esco/skill/befd434f-bb74-4144-8aa6-28b903b792a0,skill/competence,transversal,samhandle muntlig på portugisisk,released,,Kommunisere muntlig på portugisisk.,http://data.europa.eu/esco/skill/584c13e8-fd06-4ca3-a45b-cca5b2f147a7,Portugisisk
KnowledgeSkillCompetence,http://data.europa.eu/esco/skill/bf60009d-8afb-4306-9b0d-cfe2f66ab08f,knowledge,transversal,Vietnamesisk,released,,Vietnamesisk språk.,http://data.europa.eu/esco/skill/9adca63b-9c75-4804-8dab-d62872540a10 | http://data.europa.eu/esco/skill/43f425aa-f45d-4bb4-a200-6f82fa211b66,beherske språk | Språk
KnowledgeSkillCompetence,http://data.europa.eu/esco/skill/bfb5f0b8-0ea0-4e44-a48d-7d876f966758,skill/competence,transversal,samhandle muntlig på fransk,released,,Kommunisere muntlig på fransk.,http://data.europa.eu/esco/skill/e747e77e-0ea1-4001-8b07-1d11946b5f1b,Fransk
KnowledgeSkillCompetence,http://data.europa.eu/esco/skill/c0d6eb4a-636c-43d8-9bec-69f6586c415a,skill/competence,transversal,samhandle muntlig på estisk,released,,Kommunisere muntlig på estisk.,http://data.europa.eu/esco/skill/1b7e6f56-bc73-4bcc-81ae-09252175d418,estisk
KnowledgeSkillCompetence,http://data.europa.eu/esco/skill/c2cc1a0a-356e-4634-bfd8-94c5d84324ba,skill/competence,transversal,samhandle muntlig på berbisk,released,,Kommunisere muntlig på berbisk.,http://data.europa.eu/esco/skill/6f34bd05-1297-4913-92ff-85a604242b2f,Berbisk
KnowledgeSkillCompetence,http://data.europa.eu/esco/skill/c34a8faa-b543-45eb-b088-39baf21c5146,skill/competence,transversal,samhandle muntlig på urdu,released,,Kommunisere muntlig på urdu.,http://data.europa.eu/esco/skill/bc546a09-1103-4184-b757-3508ef5f8490,Urdu
KnowledgeSkillCompetence,http://data.europa.eu/esco/skill/c445a2f0-9f97-432d-a1be-f2b54a53576e,skill/competence,transversal,forstå muntlig berbisk,released,,Forstår muntlig berbisk.,http://data.europa.eu/esco/skill/6f34bd05-1297-4913-92ff-85a604242b2f,Berbisk
KnowledgeSkillCompetence,http://data.europa.eu/esco/skill/c44b765b-76fb-4a16-be7e-9925beee072c,skill/competence,transversal,samhandle muntlig på nederlandsk,released,,Kommunisere muntlig på nederlandsk.,http://data.europa.eu/esco/skill/cad4f44b-28a8-4448-86e5-7389e5ebf3eb,Nederlandsk
KnowledgeSkillCompetence,http://data.europa.eu/esco/skill/c551614f-5542-460e-9a86-bfcdf160e230,skill/competence,transversal,samhandle muntlig på telugu,released,,Kommunisere muntlig på telugu.,http://data.europa.eu/esco/skill/64fe09ac-f419-4c04-8997-d1dde2e31bfc,Telugu
KnowledgeSkillCompetence,http://data.europa.eu/esco/skill/c5cb0cc1-c40b-4544-a21c-8472f0b5c14a,knowledge,transversal,Serbisk,released,,Serbisk språk.,http://data.europa.eu/esco/skill/9adca63b-9c75-4804-8dab-d62872540a10 | http://data.europa.eu/esco/skill/43f425aa-f45d-4bb4-a200-6f82fa211b66,beherske språk | Språk
KnowledgeSkillCompetence,http://data.europa.eu/esco/skill/c5ef5813-ef1d-4a22-8fce-16b1dcf93ea1,skill/competence,transversal,skrive på hviterussisk,released,,Skrive tekster på hviterussisk.,http://data.europa.eu/esco/skill/6f55e44d-4494-4079-9b8d-01ac6912529e,Hviterussisk
KnowledgeSkillCompetence,http://data.europa.eu/esco/skill/c6b70785-fce7-4089-8250-21c97ca0ad8f,skill/competence,transversal,forstå skriftlig estisk,released,,Lese og forstå skrevne tekster på estisk.,http://data.europa.eu/esco/skill/1b7e6f56-bc73-4bcc-81ae-09252175d418,estisk
KnowledgeSkillCompetence,http://data.europa.eu/esco/skill/c73e355b-89c8-4831-968e-f146f2ae970c,skill/competence,transversal,skrive på marathi,released,,Skrive tekster på marathi.,http://data.europa.eu/esco/skill/2080075c-0488-4fbf-a786-734dbbef31ce,Marathi
KnowledgeSkillCompetence,http://data.europa.eu/esco/skill/c8c283af-3d77-4212-93ab-1b3de6a79e96,skill/competence,transversal,forstå muntlig rumensk,released,,Forstå muntlig rumensk.,http://data.europa.eu/esco/skill/4b9f1ae5-0ee6-4738-8999-9b8191fba808,Rumensk
KnowledgeSkillCompetence,http://data.europa.eu/esco/skill/c8d2416e-7db3-4f63-bce3-075f1fea66ea,skill/competence,transversal,forstå muntlig islandsk,released,,Forstå muntlig islandsk.,http://data.europa.eu/esco/skill/a18e3090-6afb-4afb-a055-1f83bbe498e3,Islandsk
KnowledgeSkillCompetence,http://data.europa.eu/esco/skill/c98c8578-6654-4d76-8391-ecfe59abce22,skill/competence,transversal,forstå skriftlig dansk,released,,Lese og forstå skrevne tekster på dansk.,http://data.europa.eu/esco/skill/273a28d6-1bd3-4d13-a906-3d75c1cfdfc1,Dansk
KnowledgeSkillCompetence,http://data.europa.eu/esco/skill/c9ba0570-f751-4023-9851-5a0826e722cc,skill/competence,transversal,samhandle muntlig på javanesisk,released,,Kommunisere muntlig på javanesisk.,http://data.europa.eu/esco/skill/7a86907d-1fd5-4e8f-b0f1-f366a14f6f6d,Javanesisk
KnowledgeSkillCompetence,http://data.europa.eu/esco/skill/ca58a2d3-b901-42b2-b85f-b2b83aeadbea,skill/competence,transversal,forstå skriftlig russisk,released,,Lese og forstå skrevne tekster på russisk.,http://data.europa.eu/esco/skill/6891bbce-20bf-4afc-bd5e-75bdf54c0165,Russisk
KnowledgeSkillCompetence,http://data.europa.eu/esco/skill/ca81a475-f76c-4318-bdd7-4f1f3605e798,skill/competence,transversal,skrive på italiensk,released,,Skrive tekster på italiensk.,http://data.europa.eu/esco/skill/87219dfe-a21c-4160-8cc8-1eabf9b16b44,Italiensk
KnowledgeSkillCompetence,http://data.europa.eu/esco/skill/caac02b1-ab96-477e-a7a7-295c9d9e037f,skill/competence,transversal,samhandle muntlig på jiddisk,released,,Kommunisere muntlig på jiddisk.,http://data.europa.eu/esco/skill/d59ef10f-ad20-4791-957d-b315196ecdc2,Jiddisk
KnowledgeSkillCompetence,http://data.europa.eu/esco/skill/cad4f44b-28a8-4448-86e5-7389e5ebf3eb,knowledge,transversal,Nederlandsk,released,,Nederlandsk språk. Nederlandsk er et offisielt språk og arbeidsspråk i EU.,http://data.europa.eu/esco/skill/9adca63b-9c75-4804-8dab-d62872540a10 | http://data.europa.eu/esco/skill/43f425aa-f45d-4bb4-a200-6f82fa211b66,beherske språk | Språk
KnowledgeSkillCompetence,http://data.europa.eu/esco/skill/cb50f9cd-3638-409b-8f93-befaf17d313e,knowledge,transversal,Maltesisk,released,,Maltesisk språk. Maltesisk er et offisielt språk og arbeidsspråk i EU.,http://data.europa.eu/esco/skill/9adca63b-9c75-4804-8dab-d62872540a10 | http://data.europa.eu/esco/skill/43f425aa-f45d-4bb4-a200-6f82fa211b66,beherske språk | Språk
KnowledgeSkillCompetence,http://data.europa.eu/esco/skill/cba8e108-dd50-43ab-8100-13690408a69c,skill/competence,transversal,forstå skriftlig oksitansk,released,,Lese og forstå skrevne tekster på oksitansk.,http://data.europa.eu/esco/skill/57cc6587-7efe-4ba5-982f-ac15ce1617ac,Oksitansk
KnowledgeSkillCompetence,http://data.europa.eu/esco/skill/cd6484a2-bfa2-4371-8e2f-1ffa2a22dac4,skill/competence,transversal,forstå muntlig svensk,released,,Forstå muntlig svensk.,http://data.europa.eu/esco/skill/7ee51257-8947-4b69-9bdf-322baf0a6398,Svensk
KnowledgeSkillCompetence,http://data.europa.eu/esco/skill/cda53197-9c99-404a-ac8a-d8c8550ca98d,skill/competence,transversal,samhandle muntlig på ukrainsk,released,,Kommunisere muntlig på ukrainsk,http://data.europa.eu/esco/skill/354b948c-7eef-4ebc-bfd6-f60d7d5acb62,Ukrainsk
KnowledgeSkillCompetence,http://data.europa.eu/esco/skill/cec6cd92-d709-42cc-9a6e-6a7dd48b9e08,skill/competence,transversal,skrive på spansk,released,,Skrive tekster på spansk.,http://data.europa.eu/esco/skill/14ee9f76-3524-43d5-8a1a-5ba8283f8bd7,spansk
KnowledgeSkillCompetence,http://data.europa.eu/esco/skill/cf5b3ca0-a844-42b9-b9cd-bd15465b9cac,knowledge,transversal,Limburgisk,released,,Limburgisk språk.,http://data.europa.eu/esco/skill/9adca63b-9c75-4804-8dab-d62872540a10 | http://data.europa.eu/esco/skill/43f425aa-f45d-4bb4-a200-6f82fa211b66,beherske språk | Språk
KnowledgeSkillCompetence,http://data.europa.eu/esco/skill/cf9e867f-08d7-48a8-8d11-c63bd8a65f89,skill/competence,transversal,skrive på arabisk,released,,Skrive tekster på arabisk.,http://data.europa.eu/esco/skill/33859d93-987c-4caa-a0a9-6159ea7bbc2a,Arabisk
KnowledgeSkillCompetence,http://data.europa.eu/esco/skill/d0898934-7335-480f-a986-b9b05b54c718,skill/competence,transversal,forstå muntlig russisk,released,,Forstå muntlig russisk.,http://data.europa.eu/esco/skill/6891bbce-20bf-4afc-bd5e-75bdf54c0165,Russisk
KnowledgeSkillCompetence,http://data.europa.eu/esco/skill/d10fe458-ceb5-4a40-83f4-b8ef318bf566,skill/competence,transversal,skrive på jiddisk,released,,Skrive tekster på jiddisk.,http://data.europa.eu/esco/skill/d59ef10f-ad20-4791-957d-b315196ecdc2,Jiddisk
KnowledgeSkillCompetence,http://data.europa.eu/esco/skill/d16bc537-ede5-440e-a921-7e9c5e995633,skill/competence,transversal,forstå skriftlig kinesisk,released,,Lese og forstå skrevne tekster på kinesisk.,http://data.europa.eu/esco/skill/1fe42b38-cd42-4fc7-ae77-14e4c9e96295,Kinesisk
KnowledgeSkillCompetence,http://data.europa.eu/esco/skill/d21bcba8-ecf5-4ac3-9a6c-25a5afa42ea2,skill/competence,transversal,skrive på baskisk,released,,Skrive tekster på baskisk.,http://data.europa.eu/esco/skill/a28fa5f1-be5b-4608-8376-acea8c2f8cb1,Baskisk
KnowledgeSkillCompetence,http://data.europa.eu/esco/skill/d3b2faa1-e54f-40e0-b641-977a4703aaf8,skill/competence,transversal,skrive luxembourgsk,released,å skrive Luxembourgsk | korrespondere på skriftlig luxembourgsk | skrive luxemburgsk | vise kompetanse i skriftlig luxembourgsk,"Komponere skriftlige tekster på luxembourgsk.
	",http://data.europa.eu/esco/skill/7d16f1e4-1003-4f1f-9595-5cafb25a67df,luxembourgsk
KnowledgeSkillCompetence,http://data.europa.eu/esco/skill/d4956f26-d8e3-4cca-9114-a3098f4fafbf,skill/competence,transversal,forstå skriftlig vietnamesisk,released,,Lese og forstå skrevne tekster på vietnamesisk.,http://data.europa.eu/esco/skill/bf60009d-8afb-4306-9b0d-cfe2f66ab08f,Vietnamesisk
KnowledgeSkillCompetence,http://data.europa.eu/esco/skill/d54d7c00-87c4-4f78-af8d-e84577372974,knowledge,transversal,Vallonsk,released,,Språket vallonsk.,http://data.europa.eu/esco/skill/9adca63b-9c75-4804-8dab-d62872540a10 | http://data.europa.eu/esco/skill/43f425aa-f45d-4bb4-a200-6f82fa211b66,beherske språk | Språk
KnowledgeSkillCompetence,http://data.europa.eu/esco/skill/d59ef10f-ad20-4791-957d-b315196ecdc2,knowledge,transversal,Jiddisk,released,,Jiddisk språk.,http://data.europa.eu/esco/skill/9adca63b-9c75-4804-8dab-d62872540a10 | http://data.europa.eu/esco/skill/43f425aa-f45d-4bb4-a200-6f82fa211b66,beherske språk | Språk
KnowledgeSkillCompetence,http://data.europa.eu/esco/skill/d5fd4958-4ca6-4d06-845f-713e2c459612,knowledge,transversal,Bulgarsk,released,,Bulgarsk språk. Bulgarsk er offisielt språk og arbeidsspråk i EU.,http://data.europa.eu/esco/skill/9adca63b-9c75-4804-8dab-d62872540a10 | http://data.europa.eu/esco/skill/43f425aa-f45d-4bb4-a200-6f82fa211b66,beherske språk | Språk
KnowledgeSkillCompetence,http://data.europa.eu/esco/skill/d687187f-9f8f-4c3f-b0a0-230595b7f3af,skill/competence,transversal,forstå skriftlig kurdisk,released,,Lese og forstå skrevne tekster på kurdisk.,http://data.europa.eu/esco/skill/2874065e-6ca3-430c-912a-467da3c23704,Kurdisk
KnowledgeSkillCompetence,http://data.europa.eu/esco/skill/d6dbc6ea-9bb6-4a8f-9bc2-e9299d74fff9,skill/competence,transversal,samhandle muntlig på vietnamesisk,released,,Kommunisere muntlig  vietnamesisk.,http://data.europa.eu/esco/skill/bf60009d-8afb-4306-9b0d-cfe2f66ab08f,Vietnamesisk
KnowledgeSkillCompetence,http://data.europa.eu/esco/skill/d88d546f-c06d-40f0-9810-3a914abb5444,skill/competence,transversal,forstå skriftlig bosnisk,released,,Lese og forstå skrevne tekster på bosnisk.,http://data.europa.eu/esco/skill/a9fdd2c9-4295-4407-ba3c-1547cbce40a2,Bosnisk
KnowledgeSkillCompetence,http://data.europa.eu/esco/skill/d937b5aa-8337-4d47-8281-6a67c905569a,skill/competence,transversal,forstå muntlig jiddisk,released,,Forstå muntlig jiddisk.,http://data.europa.eu/esco/skill/d59ef10f-ad20-4791-957d-b315196ecdc2,Jiddisk
KnowledgeSkillCompetence,http://data.europa.eu/esco/skill/d93a7370-bf56-43f5-be54-e108f8ec3107,knowledge,transversal,Hindi,released,,Språket hindi.,http://data.europa.eu/esco/skill/9adca63b-9c75-4804-8dab-d62872540a10 | http://data.europa.eu/esco/skill/43f425aa-f45d-4bb4-a200-6f82fa211b66,beherske språk | Språk
KnowledgeSkillCompetence,http://data.europa.eu/esco/skill/d974d81a-a8db-430d-a3fe-b064bd6a374f,skill/competence,transversal,forstå muntlig tyrkisk,released,,Forstå muntlig tyrkisk.,http://data.europa.eu/esco/skill/aa66a033-8522-40e9-a5c0-ff2593e2669c,Tyrkisk
KnowledgeSkillCompetence,http://data.europa.eu/esco/skill/d9916072-47e1-4466-9908-e7d8f654adc9,skill/competence,transversal,forstå muntlig ukrainsk,released,,Forstå muntlig ukrainsk.,http://data.europa.eu/esco/skill/354b948c-7eef-4ebc-bfd6-f60d7d5acb62,Ukrainsk
KnowledgeSkillCompetence,http://data.europa.eu/esco/skill/da0795a7-6866-4afc-81ed-5e3aa398f058,knowledge,transversal,Tsjekkisk,released,,Tsjekkisk språk. Tsjekkisk er et arbeidsspråk i EU.,http://data.europa.eu/esco/skill/9adca63b-9c75-4804-8dab-d62872540a10 | http://data.europa.eu/esco/skill/43f425aa-f45d-4bb4-a200-6f82fa211b66,beherske språk | Språk
KnowledgeSkillCompetence,http://data.europa.eu/esco/skill/da4fed26-1991-45bd-b7e0-4eded5dcee10,skill/competence,transversal,forstå skriftlig slovensk,released,,Lese og forstå skriftlige tekster på slovensk.,http://data.europa.eu/esco/skill/9ace3aae-aeae-4ed6-b625-26bc58345554,Slovensk
KnowledgeSkillCompetence,http://data.europa.eu/esco/skill/db751c12-2062-477b-b2b2-6be80daa1ff8,skill/competence,transversal,samhandle muntlig på kurdisk,released,,Kommunisere muntlig på kurdisk.,http://data.europa.eu/esco/skill/2874065e-6ca3-430c-912a-467da3c23704,Kurdisk
KnowledgeSkillCompetence,http://data.europa.eu/esco/skill/dc052a4f-fb8e-4edb-a575-3a63ddd5b94b,skill/competence,transversal,samhandle muntlig på polsk,released,,Kommunisere muntlig på polsk.,http://data.europa.eu/esco/skill/f3e9b964-0c2d-46c4-a895-8b3583054d69,Polsk
KnowledgeSkillCompetence,http://data.europa.eu/esco/skill/dcdff38c-01b1-4e44-bc2f-f69b889d45bb,skill/competence,transversal,samhandle muntlig på makedonsk,released,,Kommunisere muntlig på makedonsk.,http://data.europa.eu/esco/skill/15f261e6-4379-437e-b137-b0c473ae3e74,Makedonsk
KnowledgeSkillCompetence,http://data.europa.eu/esco/skill/dd5cb6ea-3818-4734-816d-821a67a3684e,skill/competence,transversal,samhandle muntlig på japansk,released,,Kommunisere muntlig på japansk.,http://data.europa.eu/esco/skill/39c675c4-af13-49db-bbed-cf762102f85e,Japansk
KnowledgeSkillCompetence,http://data.europa.eu/esco/skill/ddd3596a-43f3-402e-960a-5f79362a8609,knowledge,transversal,Ungarsk,released,,Ungarsk språk. Ungarsk er et offisielt språk i EU.,http://data.europa.eu/esco/skill/9adca63b-9c75-4804-8dab-d62872540a10 | http://data.europa.eu/esco/skill/43f425aa-f45d-4bb4-a200-6f82fa211b66,beherske språk | Språk
KnowledgeSkillCompetence,http://data.europa.eu/esco/skill/df794a74-0392-4178-918b-e38e68487325,skill/competence,transversal,forstå muntlig tamilsk,released,,Forstå muntlig tamilsk.,http://data.europa.eu/esco/skill/e9e9b625-f59f-4bda-952d-1f9831e6dfda,Tamilsk
KnowledgeSkillCompetence,http://data.europa.eu/esco/skill/e05b9e06-d298-4646-b762-acbd485a20e9,knowledge,transversal,Panjabi,released,,Språket punjabi.,http://data.europa.eu/esco/skill/9adca63b-9c75-4804-8dab-d62872540a10 | http://data.europa.eu/esco/skill/43f425aa-f45d-4bb4-a200-6f82fa211b66,beherske språk | Språk
KnowledgeSkillCompetence,http://data.europa.eu/esco/skill/e0f20875-de6a-4795-9788-6a32be41512f,skill/competence,transversal,forstå skriftlig kroatisk,released,,Lese og forstå skriftlige tekster på kroatisk.,http://data.europa.eu/esco/skill/6bc58e91-1827-4dc7-a9cf-2311edcba0ec,Kroatisk
KnowledgeSkillCompetence,http://data.europa.eu/esco/skill/e18ee06c-7a0f-47d5-8143-345b8a6f4739,skill/competence,transversal,forstå muntlig oksitansk,released,,Forstå muntlig oksitansk.,http://data.europa.eu/esco/skill/57cc6587-7efe-4ba5-982f-ac15ce1617ac,Oksitansk
KnowledgeSkillCompetence,http://data.europa.eu/esco/skill/e1ebf53c-8800-402c-9e61-e19ac072c52d,skill/competence,transversal,forstå muntlig hindi,released,,Forstå muntlig hindi.,http://data.europa.eu/esco/skill/d93a7370-bf56-43f5-be54-e108f8ec3107,Hindi
KnowledgeSkillCompetence,http://data.europa.eu/esco/skill/e29c14e1-60c7-444c-b3d0-43d6bee04340,skill/competence,transversal,skrive på limburgisk,released,,Produsere skriftlige tekster på limburgisk.,http://data.europa.eu/esco/skill/cf5b3ca0-a844-42b9-b9cd-bd15465b9cac,Limburgisk
KnowledgeSkillCompetence,http://data.europa.eu/esco/skill/e3332a83-c688-4838-bd19-e66f6da2201e,skill/competence,transversal,forstå muntlig bihari,released,,Forstå muntlig bihari.,http://data.europa.eu/esco/skill/15ea7b6b-1b93-4ed8-b58a-5c54777e0832,bihari
KnowledgeSkillCompetence,http://data.europa.eu/esco/skill/e35cfb6e-ea8e-4aef-aab9-3cbc7d79647b,skill/competence,transversal,skrive på nederlandsk,released,,Produsere skriftlige tekster på nederlandsk.,http://data.europa.eu/esco/skill/cad4f44b-28a8-4448-86e5-7389e5ebf3eb,Nederlandsk
KnowledgeSkillCompetence,http://data.europa.eu/esco/skill/e396053a-7820-4c4d-9ba9-20d66753f50e,skill/competence,transversal,forstå muntlig sardinsk,released,,Forstå muntlig sardinsk.,http://data.europa.eu/esco/skill/1627c1b9-31e1-4742-bf5c-cfec2ce33cfc,sardisk
KnowledgeSkillCompetence,http://data.europa.eu/esco/skill/e39c8636-6bbc-44c3-88ba-de059ac2396c,skill/competence,transversal,samhandle muntlig på serbisk,released,,Kommunisere muntlig på serbisk.,http://data.europa.eu/esco/skill/c5cb0cc1-c40b-4544-a21c-8472f0b5c14a,Serbisk
KnowledgeSkillCompetence,http://data.europa.eu/esco/skill/e3a22d2c-2b2e-4eda-b756-2a1908be79b7,skill/competence,transversal,forstå muntlig limburgisk,released,,Forstå muntlig limburgisk.,http://data.europa.eu/esco/skill/cf5b3ca0-a844-42b9-b9cd-bd15465b9cac,Limburgisk
KnowledgeSkillCompetence,http://data.europa.eu/esco/skill/e58ea17c-1442-4b34-8ec6-0587a5fb55a6,skill/competence,transversal,forstå skriftlig gresk,released,,Lese og forstå skriftlige tekster på gresk.,http://data.europa.eu/esco/skill/ea4ebfa1-e17a-4416-ac54-955f33e6ade7,Gresk
KnowledgeSkillCompetence,http://data.europa.eu/esco/skill/e5dbcfcf-3139-40e2-87ed-f7154a0a70a4,skill/competence,transversal,forstå skriftlig bengali,released,,Lese og forstå skriftlige tekster på bengali.,http://data.europa.eu/esco/skill/ede98e07-f07d-41bc-99b0-f88bf0dad438,Bengali
KnowledgeSkillCompetence,http://data.europa.eu/esco/skill/e747e77e-0ea1-4001-8b07-1d11946b5f1b,knowledge,transversal,Fransk,released,,Fransk språk. Fransk er et offisielt språk i EU.,http://data.europa.eu/esco/skill/9adca63b-9c75-4804-8dab-d62872540a10 | http://data.europa.eu/esco/skill/43f425aa-f45d-4bb4-a200-6f82fa211b66,beherske språk | Språk
KnowledgeSkillCompetence,http://data.europa.eu/esco/skill/e832f8d8-d627-4b0d-b1a5-b52f3917bb63,skill/competence,transversal,forstå skriftlig slovakisk,released,,Lese og forstå skriftlige tekster på slovakisk.,http://data.europa.eu/esco/skill/246980fe-6222-4852-ade8-b372f7e0fd20,Slovakisk
KnowledgeSkillCompetence,http://data.europa.eu/esco/skill/e9e9b625-f59f-4bda-952d-1f9831e6dfda,knowledge,transversal,Tamilsk,released,,Tamilsk språk.,http://data.europa.eu/esco/skill/9adca63b-9c75-4804-8dab-d62872540a10 | http://data.europa.eu/esco/skill/43f425aa-f45d-4bb4-a200-6f82fa211b66,beherske språk | Språk
KnowledgeSkillCompetence,http://data.europa.eu/esco/skill/ea4d26de-df11-464f-940f-d63f0f5848f1,skill/competence,transversal,samhandle muntlig på sardinsk,released,,Kommunisere muntlig på sardinsk.,http://data.europa.eu/esco/skill/1627c1b9-31e1-4742-bf5c-cfec2ce33cfc,sardisk
KnowledgeSkillCompetence,http://data.europa.eu/esco/skill/ea4ebfa1-e17a-4416-ac54-955f33e6ade7,knowledge,transversal,Gresk,released,,Gresk språk. Gresk er et offisielt språk og arbeidsspråk i EU.,http://data.europa.eu/esco/skill/9adca63b-9c75-4804-8dab-d62872540a10 | http://data.europa.eu/esco/skill/43f425aa-f45d-4bb4-a200-6f82fa211b66,beherske språk | Språk
KnowledgeSkillCompetence,http://data.europa.eu/esco/skill/eb19f00b-62c1-493b-bd75-1e90718ac04a,skill/competence,transversal,samhandle muntlig på bengali,released,,Kommunisere muntlig på bengali.,http://data.europa.eu/esco/skill/ede98e07-f07d-41bc-99b0-f88bf0dad438,Bengali
KnowledgeSkillCompetence,http://data.europa.eu/esco/skill/ec4855b5-84a5-4c59-812e-8e4319d7bf8d,skill/competence,transversal,skrive på persisk,released,,Produsere skriftlige tekster på persisk.,http://data.europa.eu/esco/skill/58cabf75-2520-4358-a210-2cbc628f4aa2,Persisk
KnowledgeSkillCompetence,http://data.europa.eu/esco/skill/ecb6d4ea-5693-453b-8c9a-d6c68589319a,skill/competence,transversal,forstå muntlig tsjekkisk,released,,Forstå muntlig tsjekkisk.,http://data.europa.eu/esco/skill/da0795a7-6866-4afc-81ed-5e3aa398f058,Tsjekkisk
KnowledgeSkillCompetence,http://data.europa.eu/esco/skill/ed1614dd-5a66-4a95-968f-a0d46ecdce92,skill/competence,transversal,skrive på tamilsk,released,,Produsere skriftlige tekster på tamilsk.,http://data.europa.eu/esco/skill/e9e9b625-f59f-4bda-952d-1f9831e6dfda,Tamilsk
KnowledgeSkillCompetence,http://data.europa.eu/esco/skill/edd82d34-0ab5-45cb-9997-360e177ced27,skill/competence,transversal,samhandle muntlig på armensk,released,,Kommunisere muntlig på armensk.,http://data.europa.eu/esco/skill/fcbcdf4c-d079-4010-ab4b-8356fbfa5096,Armensk
KnowledgeSkillCompetence,http://data.europa.eu/esco/skill/ede98e07-f07d-41bc-99b0-f88bf0dad438,knowledge,transversal,Bengali,released,,Språket bengali.,http://data.europa.eu/esco/skill/9adca63b-9c75-4804-8dab-d62872540a10 | http://data.europa.eu/esco/skill/43f425aa-f45d-4bb4-a200-6f82fa211b66,beherske språk | Språk
KnowledgeSkillCompetence,http://data.europa.eu/esco/skill/efa7943e-28b8-4657-bccb-f04e86ba058b,skill/competence,transversal,skrive på kurdisk,released,,Utarbeide skriftlige tekster på kurdisk.,http://data.europa.eu/esco/skill/2874065e-6ca3-430c-912a-467da3c23704,Kurdisk
KnowledgeSkillCompetence,http://data.europa.eu/esco/skill/f018c29a-e837-4c4e-ac7c-aea212e0fc48,skill/competence,transversal,Forstå muntlig urdu,released,,Forstå muntlig urdu.,http://data.europa.eu/esco/skill/bc546a09-1103-4184-b757-3508ef5f8490,Urdu
KnowledgeSkillCompetence,http://data.europa.eu/esco/skill/f16e242e-a0e1-4d3a-b8bc-0fc6eca50354,skill/competence,transversal,skrive på kazakhisk,released,,Utarbeide skriftlige tekster på kasakhisk.,http://data.europa.eu/esco/skill/f37dbb3c-dafc-4835-86d1-de9615626f9b,Kasakhisk
KnowledgeSkillCompetence,http://data.europa.eu/esco/skill/f1a08ec9-32d2-4e52-ba4a-66e049019be8,knowledge,transversal,Albansk,released,,Albansk språk.,http://data.europa.eu/esco/skill/9adca63b-9c75-4804-8dab-d62872540a10 | http://data.europa.eu/esco/skill/43f425aa-f45d-4bb4-a200-6f82fa211b66,beherske språk | Språk
KnowledgeSkillCompetence,http://data.europa.eu/esco/skill/f2d14962-e378-4df4-87ce-f1786df2b015,skill/competence,transversal,forstå muntlig hviterussisk,released,,Forstå muntlig hviterussisk.,http://data.europa.eu/esco/skill/6f55e44d-4494-4079-9b8d-01ac6912529e,Hviterussisk
KnowledgeSkillCompetence,http://data.europa.eu/esco/skill/f37dbb3c-dafc-4835-86d1-de9615626f9b,knowledge,transversal,Kasakhisk,released,,Språket kasakhisk.,http://data.europa.eu/esco/skill/9adca63b-9c75-4804-8dab-d62872540a10 | http://data.europa.eu/esco/skill/43f425aa-f45d-4bb4-a200-6f82fa211b66,beherske språk | Språk
KnowledgeSkillCompetence,http://data.europa.eu/esco/skill/f3e9b964-0c2d-46c4-a895-8b3583054d69,knowledge,transversal,Polsk,released,,Polsk språk. Polsk er et offisielt språk i EU.,http://data.europa.eu/esco/skill/9adca63b-9c75-4804-8dab-d62872540a10 | http://data.europa.eu/esco/skill/43f425aa-f45d-4bb4-a200-6f82fa211b66,beherske språk | Språk
KnowledgeSkillCompetence,http://data.europa.eu/esco/skill/f58e2088-08c5-4680-83a1-18ba01299d4c,skill/competence,transversal,samhandle muntlig på hebraisk,released,,Kommunisere muntlig på hebraisk.,http://data.europa.eu/esco/skill/8a45f04a-cd28-4ac1-8e8b-ecfd21be0b18,Hebraisk
KnowledgeSkillCompetence,http://data.europa.eu/esco/skill/f5e51369-45c6-42b1-8ccc-d1826112e555,skill/competence,transversal,forstå muntlig polsk,released,,Forstå muntlig uttrykt polsk.,http://data.europa.eu/esco/skill/f3e9b964-0c2d-46c4-a895-8b3583054d69,Polsk
KnowledgeSkillCompetence,http://data.europa.eu/esco/skill/f61a0a31-5b6b-4129-b5c2-99e10a5d7794,skill/competence,transversal,forstå skriftlig walisisk,released,,Lese og forstå skriftlige tekster på walisisk.,http://data.europa.eu/esco/skill/8dbd15c6-ecf0-468c-8ae1-f6eb360743dd,Walisisk
KnowledgeSkillCompetence,http://data.europa.eu/esco/skill/f739ca36-437c-4f87-83bb-7a1933768d26,skill/competence,transversal,forstå skriftlig limburgisk,released,,Lese og forstå skriftlige tekster på limburgisk.,http://data.europa.eu/esco/skill/cf5b3ca0-a844-42b9-b9cd-bd15465b9cac,Limburgisk
KnowledgeSkillCompetence,http://data.europa.eu/esco/skill/f7d66f52-6ea4-4ed4-a5b1-318c8eff6f47,skill/competence,transversal,samhandle muntlig på galisisk,released,,Kommunisere muntlig på galisisk.,http://data.europa.eu/esco/skill/66212ff2-34b9-4812-be58-f53a0b751863,Galisisk
KnowledgeSkillCompetence,http://data.europa.eu/esco/skill/f9bc2890-d1f2-4a83-bd7b-b150a7679c79,knowledge,transversal,Koreansk,released,,Koreansk språk.,http://data.europa.eu/esco/skill/9adca63b-9c75-4804-8dab-d62872540a10 | http://data.europa.eu/esco/skill/43f425aa-f45d-4bb4-a200-6f82fa211b66,beherske språk | Språk
KnowledgeSkillCompetence,http://data.europa.eu/esco/skill/fa8ee260-64dc-42db-a5c7-9d3b232767df,skill/competence,transversal,skrive på polsk,released,,Utarbeide skriftlige tekster på polsk.,http://data.europa.eu/esco/skill/f3e9b964-0c2d-46c4-a895-8b3583054d69,Polsk
KnowledgeSkillCompetence,http://data.europa.eu/esco/skill/fb299aca-b999-4829-9a40-f8379ac006f4,skill/competence,transversal,samhandle muntlig på malayisk,released,,Kommunisere muntlig på malayisk.,http://data.europa.eu/esco/skill/1f90c205-f869-4dcf-a374-c4fdeded9cbc,Malayisk
KnowledgeSkillCompetence,http://data.europa.eu/esco/skill/fbe75fa4-4f78-459b-858a-a30b29e7591e,skill/competence,transversal,forstå muntlig vallonsk,released,,Forstå muntlig uttrykt vallonsk.,http://data.europa.eu/esco/skill/d54d7c00-87c4-4f78-af8d-e84577372974,Vallonsk
KnowledgeSkillCompetence,http://data.europa.eu/esco/skill/fcbcdf4c-d079-4010-ab4b-8356fbfa5096,knowledge,transversal,Armensk,released,,Armensk språk.,http://data.europa.eu/esco/skill/9adca63b-9c75-4804-8dab-d62872540a10 | http://data.europa.eu/esco/skill/43f425aa-f45d-4bb4-a200-6f82fa211b66,beherske språk | Språk
KnowledgeSkillCompetence,http://data.europa.eu/esco/skill/fcd4892f-486f-4e86-b78b-146a95c546a1,skill/competence,transversal,samhandle muntlig på kroatisk,released,,Kommunisere muntlig på kroatisk.,http://data.europa.eu/esco/skill/6bc58e91-1827-4dc7-a9cf-2311edcba0ec,Kroatisk
KnowledgeSkillCompetence,http://data.europa.eu/esco/skill/ff52e69a-8873-4827-b140-958dee5a62bb,skill/competence,transversal,forstå muntlig norsk,released,,Forstå muntlig uttrykt norsk.,http://data.europa.eu/esco/skill/829f6eb5-0b26-4152-8eb3-82dd32b2b6f2,Norsk
KnowledgeSkillCompetence,http://data.europa.eu/esco/skill/ff7f57d7-084b-4ec2-8e2d-2637b1ab3931,skill/competence,transversal,skrive på oksitansk,released,,Utarbeide skriftlige tekster på oksitansk.,http://data.europa.eu/esco/skill/57cc6587-7efe-4ba5-982f-ac15ce1617ac,Oksitansk
